v -25.061617179500619 -7.1578442160949578 8.246897129248266
v -24.999684561245729 -5.1912906167976596 9.1440669800991614
v -24.99712497914064 7.2382370336590336 15.558686328500595
v -24.948219999999999 -5.9853910596345417 5.9788992834753394
v -24.94280537253184 -7.9743612916733646 10.393973759673505
v -24.933616908560129 -8.4812652824154995 7.4765064850534007
v -24.94842251276005 7.9195255588792337 15.938782653688296
v -24.882493685812619 -3.427320884671933 7.3597479901456442
v -24.879619999999999 8.6637663172392969 13.604994767593784
v -24.846785870546519 -6.2425785654543162 11.601523309585421
v -24.879619999999999 6.4678202548964938 17.986347256367214
v -24.825489999999999 -7.3351745286233854 5.3159098294050358
v -24.825489999999999 -9.5263396454820928 9.6877233737778479
v -24.81395143487255 9.1039174340345816 13.882059440978093
v -24.811800000000002 6.9335858544115423 18.212305903270551
v -24.711253539749482 8.3779073854698947 16.43759817395345
v -24.63205 -9.7501907782789274 6.840517494624609
v -24.59100958398805 9.6123011203225968 13.944253865345919
v -24.549648138355131 7.3496021839915784 18.574202009977594
v -24.587240000000001 -4.8949958494591153 3.8033423106634379
v -24.587240000000001 -9.2777880470747576 12.547891109969234
v -24.485793901016681 -2.8669683801948951 4.6967448298742998
v -24.511976461141209 9.3159771680509991 11.17379880725743
v -24.52997922027183 -7.3090729127781531 13.453658799801552
v -24.530148938731269 5.1468019596667967 19.953989738936865
v -24.513439999999999 -8.6683796593843727 4.6820875042747332
v -24.513439999999999 -10.832001691059618 8.9989470737360193
v -24.406816864710599 -6.1437540826575159 2.9387872645006041
v -24.466290000000001 -10.611372758693301 11.852581888516442
v -24.45279 10.207973867072294 11.67924559068009
v -24.437159668448128 5.7659138548884616 20.433497813346847
v -24.37211652109713 9.1066357763055894 15.899396321128306
v -24.214518846648289 9.9414237524256066 14.356177834163272
v -24.228844268812061 7.8006184052097174 18.596844997009796
v -24.212033148213219 10.677225592932668 11.925447013543211
v -24.26477920008865 6.2685230722685343 20.55711471334277
v -24.158750000000001 -7.5969814263119737 2.5444333080095038
v -24.143545438102819 -11.928106216742847 10.914093867146491
v -23.993337970858391 -11.273072777856351 6.0772447976768706
v -24.017109999999999 -12.083164948941148 8.3171746800089892
v -23.911044937236881 9.1794362415465471 16.520508224638867
v -24.003711556350709 -3.8511614274770665 1.7206834416477008
v -23.98948 -10.347083470666663 14.681349779892185
v -23.80404533100684 11.196007866159441 11.739364136236897
v -23.83910664053758 6.4148907955932115 21.159715782326359
v -23.92351 -2.4871939403765619 2.3631395178597963
v -23.92351 10.817517287151219 9.3078299446316191
v -23.92351 -8.9906370137334317 15.338811818594257
v -23.87809034138354 3.9873474901744368 22.256132302804499
v -23.861017550977198 9.8553493293954393 15.148721471278165
v -23.885234690923699 8.067529462619504 18.66015864515807
v -23.75809645026737 -5.044131437239634 0.74481970908932915
v -23.871469999999999 -11.675407349958231 13.975544143612058
v -23.789600302686519 11.382478053717318 9.4983490201133876
v -23.897682851466872 4.7448218902177288 22.360697236670525
v -23.678415189096501 -13.073687564152799 10.178856705777877
v -23.52824117476737 11.8491516682537 9.5062600487853768
v -23.72789176815305 5.2035399816862684 22.541096568950472
v -23.571400000000001 -6.5463254170774281 0.44816400529567169
v -23.571400000000001 -12.954051004556785 13.23286073875178
v -23.610846605077729 10.994717488490673 12.819831889328883
v -23.54816271166608 7.0444218680265429 20.701463339623327
v -23.32353755226967 9.6234236562867235 16.048738304993329
v -23.457529999999998 -12.22927928630982 5.5979914341537738
v -23.24557316414317 10.47009416608414 14.346078125166372
v -23.404389999999999 8.2599975015298526 18.722060672784732
v -23.487925911568841 11.782854537059496 10.534627176461941
v -23.287749472508839 5.4660117891820503 23.03127197464454
v -23.221710719445522 -13.476202995364428 7.7879102707356385
v -23.160679999999999 -2.7878122743242666 -0.40091122704404825
v -23.284179372021569 -11.225293387036109 16.445291679751247
v -23.096990000000002 11.852554346274733 7.242723577617574
v -23.160632546150939 -9.3912875996827445 17.5344334001216
v -23.096990000000002 3.2790376027444501 24.348607718383462
v -23.094139999999999 -14.162253860271083 12.465373732912058
v -22.892374628496949 11.413114502091094 12.472825880969074
v -22.943496738334069 7.2731565666847295 20.728604062507813
v -23.04674 -4.1533226791656288 -1.032522292218637
v -23.04674 -12.708191046866233 16.036154601404856
v -22.98940263310277 12.361032663194493 7.4567429618159373
v -22.878530173538699 3.6061752658483996 24.851156881157799
v -23.006799999999998 -14.279816395689455 9.6892239200363175
v -22.585371757841099 8.9318988487342441 17.533568885944216
v -22.919189068881781 12.274531267858995 10.28632177173214
v -22.930113345763392 5.9972635784709531 22.818142184489627
v -22.21031564780839 11.061444956953197 13.284697613009307
v -22.956387423779621 12.562788629990957 8.0321908450287758
v -22.954967389264588 4.3142999823309296 24.457915393545207
v -22.75704 -5.5265228609023049 -1.5865464751559539
v -22.75704 -13.973853560731909 15.267571219203408
v -22.615659999999998 -13.348661448770713 5.0369539786622797
v -21.9079503435471 6.926501088443346 21.534739323918107
v -22.44057858489208 13.122235609377059 7.881453056751222
v -22.523177200812821 4.6012215073591101 24.851454290863877
v -22.581456831082001 -14.113482313601306 6.7558599668947847
v -22.33509062101151 12.52213377790391 10.228532782387711
v -22.39192675899497 6.2354301226500901 22.790542167691047
v -22.408776294459241 -15.328836662303811 11.727723100117114
v -22.296279999999999 -6.8851117682508018 -2.0539831687847503
v -22.233951743706669 -15.270235364251338 14.375462557556155
v -22.18111 -15.325602914774747 8.981348406545095
v -21.731724606321791 13.636315286705562 7.5648598807457308
v -21.917489729053081 4.8526755600260172 25.136990485792897
v -22.073382931339228 -1.8374326564684749 -2.464972604375216
v -22.108830000000001 -12.381463596579227 18.740345845701192
v -22.048030000000001 12.846305454334491 5.2599909571843506
v -22.172635126097131 -10.247317056412792 19.492534128175429
v -21.978220571486229 2.0056724044567278 26.316765134606108
v -21.991355194881351 -3.2053976514890996 -3.0276199111203681
v -22.000070000000001 -13.699782440096248 18.01457815791953
v -22.180347548809522 13.112389991660681 5.8843533416770732
v -21.971381817939591 2.6939875550924768 26.547046787493887
v -21.534856331505232 13.861765863203729 5.3447446112805812
v -21.890193723032439 3.2945330674796387 26.523091323241207
v -21.744590363455998 13.326028964334769 8.5913322428663434
v -21.590931594071169 5.2755535903824731 24.713111760268596
v -21.691626781305171 -4.4301036035719443 -3.580820962749268
v -21.723520000000001 -14.952979994034827 17.221124682533375
v -21.67193 -8.2070074652483918 -2.4272469612415808
v -21.67193 -16.25154686859484 13.623221372340694
v -21.662361622469231 -16.230873356556643 10.717233760424584
v -21.621379999999998 -14.363240382357716 4.528444193189606
v -21.60751672758558 13.913356465693642 6.2522074878711082
v -21.391087763006961 3.6063059072341703 26.893540868427849
v -21.618010874595001 -15.176955953468422 6.3981948840323541
v -21.347185444763941 -6.0296921305649667 -3.8295240531741541
v -21.249230000000001 13.297606017972683 8.8231081422992101
v -20.34459469907787 5.0330919482386465 25.312470020933375
v -21.07548748980755 -16.395805901198983 8.4135219042683911
v -21.103349559771608 14.238116672149769 6.277490710230115
v -20.94612319716488 3.9378125952473448 26.942471984759369
v -20.94211546555842 -9.380446482005782 -2.6908151732949062
v -20.89414 -17.226577186809941 12.774173057706978
v -20.844059999999999 -0.84582179154222414 -4.2755714387952626
v -21.020389118307921 -13.19514414121052 20.363801603755373
v -20.786740000000002 0.48449346017196893 -3.5659724086686708
v -20.771089541151991 13.452150573931682 3.1789843640065154
v -20.84641575102269 -11.083131699125348 21.614552909509715
v -20.7549302272684 1.1110712774421403 28.140259132801447
v -20.741520000000001 -2.220889158542005 -4.8881144491319155
v -20.741520000000001 -14.640629496299635 19.891756592281435
v -20.74071 14.260271826918308 6.7503108654071537
v -20.641865939764099 4.2515706652592371 26.719675548818444
v -20.623536436870271 14.255479108080344 3.4804435053263658
v -20.75787623530692 1.7345729923418913 28.345682959002229
v -20.63563429886662 -17.201003722344744 10.054532150891282
v -20.800873620037279 -7.4629833988191061 -4.0251250646146293
v -20.7613607714298 14.465824810673256 4.2475553481957986
v -20.43222532365122 2.2235018402669917 28.686389234636824
v -20.490839999999999 -15.256530788594027 4.080724555217178
v -20.480799999999999 -3.6183798590826588 -5.393674178938781
v 1.9056016219635969 5.136932963447034 25.098026071974996
v -20.39217 -16.156464139851728 5.8762719486064867
v -19.993111380227869 15.09290187303001 3.9337923563735142
v -20.211293207642221 2.8475341375111358 28.542598409932449
v -19.381211314970159 14.465033296175616 6.493856755605572
v -19.971006043133059 -17.026991863610956 7.3641447036984768
v -20.066120000000002 -5.0155967448040366 -5.7840403141952379
v -20.062042970115979 -10.544227593354083 -2.8527674667401861
v -19.975549999999998 -18.070664109459795 11.925497541734293
v -19.955269999999999 15.088716959170208 4.6514824578487524
v -19.538698254827828 3.0083992329566627 28.853293724166491
v -19.866468818645149 -8.4997286223629374 -4.6177789981828514
v -19.74973806168326 -17.710304792917245 9.0537435640139385
v -19.768340496771408 14.987177349575193 5.2999886669656897
v -19.51231294399026 3.5451191215328213 28.170205132065536
v -19.6360099085387 -6.5795849559981701 -5.8118981806876278
v -19.378550000000001 0.039576154665177332 -6.0421177860366022
v -19.378550000000001 -14.212359603125437 22.393350312672609
v -19.32526 1.3674583666437887 -5.3276643540266591
v -19.32526 14.672169594171569 1.6170260727451637
v -19.453010914727511 -11.939973674997754 23.307885441485737
v -19.32526 0.45942235484761451 29.974305223255872
v -19.28322 -1.3398420071472179 -6.6459800887696936
v -19.28322 -15.521672166958261 21.649613291952576
v -19.295455113161729 15.133489165219686 1.9734249893984241
v -19.430876202599041 1.0150871808121096 29.971193806572963
v -19.2424 -16.014023101629416 3.7010672995347713
v -19.149740000000001 -16.859126580628622 5.3872181091926059
v -17.825596465750671 3.0892443223691233 29.190835605338258
v -19.491646338570462 15.263124550783207 2.665089923002478
v -18.93131525748969 1.2470404981868013 30.462599060061784
v -19.068349999999999 -9.7963624133818659 -4.5833926130157483
v -19.04083 -2.7484090874785845 -7.1294402210523522
v -19.04083 -16.751968678376475 20.810467647089798
v -19.0254002448333 -11.644763575707879 -2.924056026640887
v -18.931059999999999 -18.770099946413982 11.090999187221721
v -18.913716708913281 -17.651056978296765 7.016243069238266
v -18.616454668934288 15.897596895710562 2.4230908147252901
v -19.025126623052309 1.8345909983485309 30.162315827033851
v -18.89872464566858 -7.6383563712668021 -6.128310914455998
v -18.65531 -4.1632442277861621 -7.4846544074960342
v -18.39948959008743 15.979739141567817 2.974075058468161
v -18.459635314343199 2.2256897139531269 30.28965316276069
v -18.57553596949576 -18.447342282161699 8.835166264097353
v -18.330971311057009 15.805366864761849 3.7050612036208355
v -18.179379999999998 2.6078620375180446 29.999203680437912
v -18.23662370366409 -5.6471668451369474 -7.5715780460416937
v -17.78169054799368 -10.865963685567754 -4.8372623949915123
v -18.208681520250469 -8.9696096776891441 -5.9849321732004057
v -17.740773557732421 -16.672801352874451 3.3708858063804481
v -17.830986778602011 -17.540181312596346 5.3090595782694736
v -16.597933644530919 16.169745926102738 3.092613413678384
v -17.777650000000001 -12.714520907801308 -2.8821008376730699
v -17.6447761084417 -19.353970247833519 10.202387197999222
v -17.726410000000001 0.85634266509007551 -7.6717306643142464
v -17.726410000000001 -15.029130594286494 24.022972130916884
v -17.425393439172129 2.6906499804744954 -6.9451772362340627
v -17.677669999999999 15.486691255779659 -0.0081078822478417578
v -17.680345397329141 -13.036089428198272 24.976995824228972
v -17.677669999999999 -0.3551037874966364 31.599448118215509
v -17.51761376600356 -0.47770890918585346 -8.3661084012005773
v -17.639209999999999 -16.334423937782638 23.271215960124358
v -17.716426336234228 15.915535719324987 0.40222136626683991
v -17.629480000000001 0.12926089975031951 31.788297857609447
v -17.52957898687691 -18.253155983198631 6.6671522244345525
v -17.724680913595112 16.1815162698297 0.85271924444956326
v -17.288147723760069 0.55105615978240308 32.037244819188679
v -17.482140000000001 -6.9200465662504822 -7.7894210848701206
v -17.417490000000001 -1.9458733951019496 -8.7306597652940425
v -17.417490000000001 -17.554504370753108 22.411687191331481
v -17.067551847387769 16.634482141936044 0.80372381586786723
v -17.140384299856361 1.0688958746039479 31.946458183002051
v -17.23105937752192 -18.972813172018903 8.2813352394536359
v -17.08541310269354 -3.3871313913274146 -9.0331550587186342
v -17.044322659444859 -18.712128699283664 21.414078671042915
v -17.037510000000001 -10.155611799498464 -6.0966311144671366
v -16.667546936710799 16.836301354901945 1.0589609984707593
v -16.324613720144178 1.2478557698233601 32.266774408150638
v -16.970279999999999 -11.949636393314393 -4.4081987362690658
v -16.72020051320181 -8.1333195827889053 -7.7697795368301747
v -16.629480000000001 16.744096226151783 1.7945834002036367
v -16.571373429823581 1.8756764960992154 31.483525019867731
v -16.573603128759949 -4.8282391878917101 -9.2313609544231774
v -16.586980000000001 -19.661463259852564 20.426687961773752
v -16.620530586567639 -13.49629757605739 -2.7377985980800386
v -16.534050000000001 -19.692102649357594 9.5182829317424691
v -16.474499999999999 -14.392822731956256 4.5136174372318925
v -16.474499999999999 -17.07481272275793 3.169396588844382
v -16.39517 -13.669278730457334 3.0700021471904417
v -16.39517 -16.351268721259007 1.7257812988029322
v -16.335649750983681 -18.153563191925379 5.3725965385287386
v -16.15795 -12.95270506518785 1.6402940748671941
v -16.16335362312557 -15.651017853514281 0.32864047882947389
v -16.171897006372092 -11.25764983020823 -5.6912971881599432
v -15.991689999999998 -6.1832074274707072 -9.2595628382946913
v -15.976828238779518 -20.528899166597871 19.309427983073633
v -15.989822316268729 1.6135789474968973 -9.048647901735059
v -15.903559999999999 -15.769406457701979 25.499970838751274
v -15.859829999999999 2.9202261181863007 -8.4257472119679413
v -15.859829999999999 16.224937345714082 -1.4810567851961203
v -15.733487515159958 -13.721076403159643 26.586747430035938
v -15.859829999999999 -1.0933453966948967 33.072388081197147
v -15.773603045381218 -9.5080113042662457 -7.5181017339778862
v -15.825329999999997 0.2095427885935176 -9.737313271900792
v -15.911923957270179 -17.08542199161948 24.625232869695896
v -15.61383442941875 16.735931496349821 -1.3303642710718702
v -15.73257534547 -0.61367164377632177 33.312709823471522
v -15.783149999999999 -12.843341786111226 -4.1463675657223611
v -15.76511 -12.25000062255841 0.23825788127237502
v -15.76511 -14.931990613360083 -1.1059629671151345
v -15.916682128185737 -19.096624389649612 7.2813681524803258
v -15.589533398974069 17.059460950226818 -0.91432249705963642
v -15.73948363829615 -0.086382508523786261 33.295071439497548
v -15.6264 -1.2184975710948227 -10.181920309183369
v -15.731476690842328 -18.309741480916028 23.687877847900893
v -15.84917579309063 17.139752578315665 -0.15008501454114942
v -15.26750725363263 0.27786723712772876 33.454513153794693
v -15.156363322195361 -19.405454715637177 23.01542752124795
v -15.36554463225791 -7.3673379830052887 -9.1526634373844402
v -15.28862 -21.213667976399154 18.196420152623798
v -15.358394870799721 17.351182178301073 0.22381904696695898
v -15.156813638049821 0.7786631365772313 33.202907743408389
v -15.22045 -11.567934002614265 -1.122601719993666
v -15.22045 -14.249923993415939 -2.4668225683811773
v -15.22045 -17.217711703258001 10.149837077215649
v -15.22045 -19.899701694059672 8.8056162288281374
v -15 -17.360873775176834 3.0260219931553696
v -14.819775000000019 -16.375868737010226 1.0607395349781541
v -14.819775 -18.345876366861546 4.9912995701108924
v -15.27762104752229 17.22640498785076 0.8725782327200946
v -15.00684347734515 1.2342623289543551 32.760816629480402
v -14.59287505544447 -20.473031046506637 21.947002174336806
v -14.796079063947751 -12.246108969654435 -5.4318086900877738
v -14.950134471717471 -10.664821819368381 -7.0419615956620909
v -13.562378624724429 17.471811730115583 0.49473118478970335
v -13.684585 1.086147771862922 33.187414668601136
v -13.795731082135941 -13.252575343228536 -4.5503828094511292
v -14.529210000000001 -17.872575773966943 11.4564221410345
v -14.529210000000001 -20.554565764768615 10.11220129264699
v -14.48921 -8.7642939333196175 -8.8725890945798653
v -14.48921 -21.748763853165645 17.034030641802449
v -14.106145 -15.099328064118135 -1.486214941776737
v -14.166443249651101 -19.568413093037535 7.4396867107359164
v -14.624953170411541 -21.029344244658542 20.543574499630051
v -13.92755 2.2532793744151811 -10.458899362588525
v -13.89140975881018 -16.217929077863435 26.924542678999618
v -13.770956703287389 4.5835770879604327 -9.285871976427746
v -14.0245095944779 16.567504431018346 -2.8374827605917172
v -13.77291066368981 -14.262239189984001 27.925617527094577
v -13.88926 -1.7481960251953552 34.37894632511609
v -13.8813595729588 0.83600229049052477 -11.030331099337218
v -13.85904 -17.724487197836325 26.044670749579005
v -13.7509920339954 17.301479307809327 -2.5890466702245458
v -13.79481919352288 -1.2825537953733441 34.588180795121772
v -14.16349699107481 -11.490609639833401 -6.615618357002095
v -13.944739352141211 17.632536408494911 -1.9309784820439742
v -13.8812510156665 -0.80505646608165193 34.535525980823152
v -13.63914808762769 -21.862512502461751 19.575245935999771
v -13.69805 -18.493924386263039 12.696137148412692
v -13.69805 -21.175914377064714 11.351916300025183
v -13.68483 -0.57328500607730304 -11.469248684868266
v -13.68483 -18.927092759777757 25.150276110905708
v -13.60643 -9.9173411539376772 -8.4630350356023349
v -13.60643 -22.110705739354525 15.865171011426742
v -13.437659987404439 17.960824710957866 -1.776847784463472
v -13.38167132751029 -0.34651919938106246 34.683436267447995
v -13.584312146361929 -19.977635132390333 23.988539176144897
v -13.417215759915109 18.019334822079674 -1.1532399498955979
v -13.299890033093471 0.090535144622097385 34.472063437571883
v -13.25 -12.890890457174049 5.2663900738012206
v -13.23990274452437 -17.386066028978465 3.0991864144921397
v -13.25790743415941 -14.153235785706116 -3.3460733422275784
v -13.430951661282849 -20.474767761235768 9.3167223679239335
v -14.793661848026719 7.2171938440106995 20.954749018184174
v -13.18939157103036 0.46884287928605095 34.163906530203541
v -13.032299999999999 -20.968606016505387 23.034699728662474
v -13.01901057834325 -22.342467467439228 18.254182609659306
v -12.80782431926751 -11.385952176701926 2.263736596255276
v -12.79852 -15.824268383984791 -0.039813716752409078
v -12.79852 -14.427492505736918 8.3322191144938884
v -12.79852 -18.897475823739708 6.0918510338480374
v -12.896631625651681 -12.337981619861814 -6.1691466091617215
v -12.734959999999999 -19.075779341959898 13.85705439586447
v -12.545470660661749 -21.8500879053659 12.695633336856847
v -12.65462 -10.953214928248903 -7.9175494516551375
v -12.736460621824 -22.27788598955577 14.808245839266107
v -12.841862646373711 -21.700097756517589 21.601318306071306
v -12.0336 -21.359807475828312 11.004696161088628
v -12.16622401111079 -22.682216275606763 17.321506307961251
v -11.8817714602254 -22.445359189940291 20.695575274836091
v -11.817410000000001 2.8199894418868738 -11.589599522810605
v -11.560695969225881 -17.047176702512466 28.049378557904586
v -11.745608980491101 5.3739782750606189 -10.236881074460857
v -11.78492 17.444938745502103 -3.9152040809478095
v -11.84510265982372 -14.741194900271264 28.978858334437135
v -11.78492 -2.3133467964829162 35.50653537694884
v -11.75928 1.4268915925740542 -12.166168107403969
v -11.50801106767741 -18.303210489299591 27.299880256749326
v -11.438638997489219 17.939964099769202 -3.7675092597056707
v -11.752789999999999 -1.8236500332040246 35.684746556045937
v -11.756929406206069 18.149458474610682 -3.277361937926127
v -11.70078595575559 -1.3455766525945803 35.720089035106312
v -11.649229999999999 -9.1731059850163685 -5.9007635678728363
v -11.649229999999999 -11.855095975818042 -7.2449844162603476
v -11.649229999999999 -19.612535688193354 14.927990879124852
v -11.649229999999999 -22.294525678995026 13.583770030737341
v -11.611470000000001 -0.016450481105098391 -12.580245158624585
v -11.730778123986081 -19.288912946351342 26.336613060765565
v -11.59516 -13.097050396469951 -5.4811601696237489
v -11.401598337807631 18.460067408942255 -2.9597607327766546
v -11.41537088940732 -0.87756632503492249 35.727628546734024
v -11.44203686851513 -9.9124300617492764 -0.69915857982007346
v -11.47484 -14.392385965264154 -2.8967061088175594
v -11.462609023871639 -15.866520201205473 11.203367765671825
v -11.47484 -20.329361378975655 8.9487496838898331
v -11.43907066839258 -22.874889996300194 19.202282174040313
v -11.37637 -20.559915714332174 25.229991301303698
v -11.52201503768908 -22.789734241226714 15.968809339851671
v -11.41917571083887 18.569035833280907 -2.3008615566045503
v -11.272679651345509 -0.41344093909975238 35.530562410221577
v -12.09350011911679 18.317264373453668 -1.3538330158715333
v -11.48728040612705 0.16916569345413357 34.893345819049721
v -11.0578 -21.498887698985776 24.092717960133832
v -19.437894428353459 10.125820637284837 -0.5847509728530067
v -9.4624901533354162 0.16288358408060122 35.029511756641533
v -10.6905 -23.182959344960114 18.004531847322784
v -10.66095 -22.28558864367924 22.867914801818827
v -10.061249999999999 -12.38686267637754 -6.898127001497361
v -10.061249999999999 -22.334883323641424 12.950167894579645
v -10.43799062299184 -8.6821928254317964 -6.8802337062344243
v -10.451309999999999 -11.368609008578117 -8.2156234138313842
v -9.9545590615299453 -22.970742878123954 15.01447170044116
v -10.1083594775438 -22.889385415792212 21.712714875137465
v -9.6934465996260002 -23.33639236254869 16.70633205814535
v -9.6402762651765457 -23.366310519240621 20.12955468290027
v -9.5260779929665294 3.4819934488126978 -12.450150770981775
v -9.5934679999999997 -17.464079123472597 28.88118244005485
v -9.7487907035351551 5.2290350146097762 -11.377729809810781
v -9.6663855961817688 17.565292104132816 -4.9825041734077651
v -9.7536312788680668 -15.418461782777605 29.749609640510467
v -9.5670929999999998 -2.7833580968577691 36.444302117199285
v -9.5462720000000001 1.8958812851041342 -13.1018965352614
v -9.5462720000000001 -18.757395459209608 28.105529738444275
v -9.5663995195612177 18.236695609606265 -4.6289306793211118
v -9.5410079999999997 -2.2923753623005871 36.619947525871844
v -9.4148402703266836 18.647665925525889 -4.2698332859402122
v -9.5043885803840844 -1.8170003696131629 36.652546171081553
v -9.4262770000000007 0.44664256263672131 -13.504208590389034
v -9.4262770000000007 -19.947020328491782 27.185236016426479
v -9.3691639999999996 -8.6928120240145645 -3.1096177465211134
v -9.3691639999999996 -13.162795342017354 -5.3499858271669645
v -9.3691639999999996 -17.088963755409893 13.64238764892179
v -9.3691639999999996 -21.558947073412682 11.402019568275939
v -9.3882262867408439 18.904037472027863 -3.770529104437971
v -9.2120142040402957 -1.3751481734339621 36.653253996196725
v -9.2354199999999995 -1.0328854463675854 -13.730347538542066
v -9.2354199999999995 -21.013635058024573 26.135252322865618
v -9.3146474558576617 19.021829977254523 -3.1958662570946732
v -9.1844020000000004 -0.82094331400500997 36.394443192981036
v -9.1527399999999997 -8.2550882795547604 -7.7323928722242989
v -9.1305664762852512 -10.931123185068177 -9.0884953092336751
v -9.4331386855097712 -23.515049694623162 18.766801052844414
v -8.0139802131878142 19.167203870415623 -3.0242132546822891
v -9.1571158904091714 -0.40929966555199593 36.019045954102182
v -8.9439739340301418 -2.6682564130761532 -13.762954532231714
v -8.9771195658918188 -21.93430100195868 24.976264216560811
v -8.6546400000000006 -22.710774659496533 23.716246115842669
v -8.6124248774713141 -23.656173857351334 17.559218538692637
v -7.4000429366091804 -11.581155492268506 -8.5056743073508478
v -7.8280167145454307 -23.106834441540485 14.522575336088504
v -8.2367619016115547 -5.5303302034724933 -13.287639511074197
v -7.8414989999999989 -6.7740181415162608 -12.843588174794004
v -7.8297632040568654 -23.744951850720366 20.970373909437249
v -7.7660289999999996 -7.8826629320366779 -8.475456079109172
v -7.7660289999999996 -10.564652922838352 -9.8196769274966833
v -8.0448094791349725 -23.540905310347032 16.190067092023174
v -7.363747 -8.0483230441311964 -12.192100738712892
v -7.3796966816493121 -23.975223466243545 19.55547615987367
v -7.5525023128910371 3.6079124467472816 -13.18701531790208
v -7.392628645704205 -18.003153504346521 29.470649051428307
v -7.3805593571846506 6.0135024235960008 -11.947583511582547
v -7.2571180000000002 18.285287370343877 -5.5918680036307471
v -7.3622180539778519 -16.236545145393809 30.31190021452349
v -7.2571180000000002 -3.1536954213246893 37.183199299631781
v -7.4097597107014153 2.2516011636133455 -13.780083526856419
v -7.241333 -19.126930731903659 28.842826666848929
v -6.9607260420356596 18.758509210829889 -5.353388792819409
v -6.9213421966986326 -2.694146288161845 37.427788879191482
v -7.6693112873969458 18.950223769972077 -4.8007946578520233
v -7.4129205724642224 -2.1073593509907651 37.327325268650981
v -7.2708411980970178 0.81113147241845651 -14.188988878422581
v -7.1503069999999997 -20.31190907778657 27.913262199429592
v -7.3285227606087133 19.229094568464227 -4.4478284541351769
v -7.1053876689912867 -1.6212704881274744 37.302578481384657
v -7.0367133862116491 -0.61337966641583952 -14.426341291802935
v -6.6838096180483744 -1.2082323694908244 37.167162476130073
v -6.8486330000000004 -9.2149446996289157 -11.385746928327052
v -6.8490278201544994 -24.031847859503948 18.178110389349754
v -6.8878752944289978 19.311484907606864 -3.2822936994099621
v -7.241692504414222 -0.69545760737486906 36.604379313038898
v -6.7459579513695767 -2.02400717893169 -14.485784084400759
v -3.9181042499999998 19.474225315908978 -3.5004852269966644
v -6.56247630409369 -7.7377134719302481 -5.0152307713392332
v -6.625 -12.219301066889875 -7.232445993817425
v -6.625 -18.032459374758218 15.524850497562243
v -6.625 -22.502442692761008 13.284482416916392
v -6.5649800000000003 -3.6515242852984753 -14.310778087137386
v -6.3045200000000001 -7.5729365256235512 -9.0934223328564237
v -6.3045200000000001 -10.254926516425225 -10.437643181243935
v -6.3045200000000001 -21.212705147586167 18.120649644108433
v -6.3045200000000001 -23.894695138387842 16.776428795720925
v -6.2553108920758884 -4.9841853049362008 -14.002621926021224
v -6.1666505934050013 -6.6534066635766109 -13.291272554801065
v -4.7096787749488529 -10.986156155021185 -9.6928172302903342
v -5.0472604999999993 -23.681465519985935 15.636869247798492
v -4.9553077186299959 -7.6689588571299199 -12.915607935139484
v -5.19503 -8.9498329831737689 -11.914697934279594
v -4.8907090000000002 3.9305040535737321 -13.805298733811497
v -5.0818500526973338 -18.062671647932589 30.122229345587343
v -4.8772580000000003 18.552393014390798 -6.1247972947363145
v -5.1419664077636069 -16.01873409456492 31.065582175277026
v -4.8772580000000003 -3.4208055461077733 37.716137530703982
v -5.117046584067884 2.4519552101525153 -14.3281036475076
v -5.1271192542001414 -19.413796101073462 29.276189715264412
v -4.7319067109476656 19.022427380134868 -5.8175314305651433
v -4.8639599999999996 -2.9280887666561699 37.888323172288409
v -5.1569235324919998 19.286377542013167 -5.3733516371549612
v -5.2227060625444137 -2.3801417763261234 37.839228380186356
v -4.8054730000000001 1.0747073503649811 -14.757323713757938
v -4.8054730000000001 -20.575085116220038 28.438351139795383
v -3.8586102270079605 -10.005859465246068 -11.00748505756313
v -4.7822880000000003 -21.456752923347082 18.607573866905113
v -4.7822880000000003 -24.138742914148754 17.263353018517602
v -4.9118308496824676 19.547666475828649 -4.9154113815442102
v -4.6299471053283154 -1.9079079158975669 37.853815055115732
v -4.7436991404343933 -0.51866625148742063 -14.949019234304519
v -4.1402279042462382 19.697399400493385 -4.543762648816136
v -4.9743819459934402 -1.3923633430220139 37.543133186350985
v -5.1272105494180709 19.548322328324378 -3.7840081037218347
v -4.5880580000000002 -1.0422890230273363 37.281986581060409
v -4.2944528810155962 -1.9919414352007916 -14.995441401863324
v -4.5139131515462161 -3.3071478198021662 -14.786281767604649
v -4.0684975409615856 -4.7738172819818541 -14.47006477203071
v -4.1674137133991236 -6.3207136964294159 -13.819079422558293
v -3.4762639906449349 -7.5610941201309174 -13.191529144315428
v -3.5596049286846121 -8.8143821838136986 -12.233901624994473
v -3.4293520000000002 -7.1562116646892244 -6.1754434168463597
v -3.4870022188486178 -11.636894751738685 -8.3944633138797613
v -3.4293520000000002 -18.625565458956078 16.708216001237027
v -3.4293520000000002 -23.095548776958868 14.467847920591177
v -3.2140200000000001 -21.632769681971102 18.958762576267318
v -3.2239534426188192 -24.305455592782053 17.581143461252552
v -3 -8.4209071391712591 7.5067581544470716
v -3 -12.890890457174049 5.2663900738012206
v -2.1983054999999978 -10.72052170535477 -10.222811193761476
v -2.1983055 -24.001222054296115 16.274847616860441
v -2.8736280333316011 -8.047255707222309 6.7602836197473071
v -2.8977810000000002 -12.542979786247885 4.572238559757694
v -2.8969050058056989 -8.7697619890326806 8.2027934946914236
v -2.876720686987551 -13.261579796670437 6.0059895967656152
v -2.5696978298658761 -7.7322230226240443 6.1326953212308011
v -2.5980799999999999 -12.218779929923361 3.9253948727811512
v -2.6033872379946521 -9.0872763285895157 8.8362982358572495
v -2.5980799999999999 -13.563000778310872 6.6073848635828245
v -2.4571909999999999 4.0922451867878769 -14.128004709471391
v -2.7898814601843678 -18.242920592987577 30.435127261076012
v -2.5356444858744371 18.303605680822923 -6.6464257806187312
v -2.4504320000000002 -16.88681431396973 31.093268022895085
v -2.4504320000000002 -3.5821030864419519 38.03795844966691
v -2.597575700990447 2.6459910092475138 -14.681389896808227
v -2.253716962924655 -19.545407306645835 29.712167239770817
v -2.4122181292230702 19.043282724730258 -6.2255587157915855
v -2.1298058125832422 -3.0913809110882786 38.223379250147978
v -2.267809708803517 19.518575929793883 -5.7115430792972646
v -2.7892829236349139 -2.544359359294341 38.199227865353279
v -2.4143599999999998 1.2336345812698357 -15.074415390370419
v -2.4143599999999998 -20.734012347124892 28.755442816407861
v -2.8187061602517649 19.688494802503868 -5.235336550854008
v -1.9280766687247657 -2.0374689427681054 38.156644219142869
v -2.3654790000000001 -0.26182692552402509 -15.268763817165816
v -2.52291387001774 19.799817161408402 -4.6909719002789192
v -2.529009329558876 -1.481359244434326 37.818447895123001
v -2.0830876982816271 19.741761228882616 -4.1482205220208463
v -2.8506566177712891 -1.1011727255215589 37.428636366612992
v -2.2992400000000002 -1.7691892537097988 -15.27198451062511
v -1.22539803642013 -0.70637604840661228 36.763572003473811
v -2.4563208667894401 -3.4333149533682534 -15.011486938517795
v -2.0697135043526842 -7.457291125299383 5.5841510863594426
v -2.1213190000000002 -11.940378350013825 3.3699279257862162
v -2.1213190000000002 -9.3714141114078426 9.4032100572603099
v -2.1213190000000002 -13.841397429410632 7.1628419766144598
v -2.2473259013275948 -4.8550807046750597 -14.640114372870006
v -2.0084499999999998 -6.1193377809899294 -14.149806699980783
v -2.059821042959264 -7.4063418524019111 -13.417587042472373
v -1.7998459958736528 -8.6129739429620873 -12.545319307216278
v -1.870759392627193 -9.7591554047160649 -11.436976978344148
v -1.6147800000000001 -21.739066185925427 19.170845404773281
v -1.6147800000000001 -24.421056176727099 17.82662455638577
v -1.599317787143925 9.4023568503719375 16.581363579951848
v -1.618200975181038 -8.445166766762453 7.5551609734170402
v -1.545479 9.6445739616325792 16.098017525614107
v -1.551199061631255 -8.2548239305461166 7.1753888681373192
v -1.5461157684020941 -8.5807971937917014 7.8844123176442951
v -1.5 -7.256776383595068 5.1840839910571654
v -1.5 -11.726759701597858 2.9437159104113135
v -1.5 -9.5850345521182732 9.8294256486218679
v -1.5 -14.055017870121063 7.5890575679760168
v -1.3856390000000001 9.817486690280866 15.753021978138994
v -1.3856390000000001 -8.0624434384380219 6.7915512309824244
v -1.4472634641415221 9.1305266011983477 17.123703479287297
v -1.3856390000000001 -8.7793657049808562 8.2219548327099528
v -1.1313709999999999 9.9659601396846202 15.456787690686646
v -1.1313709999999999 -7.9139699890342676 6.4953169435300753
v -1.1313709999999999 8.9520855974508855 17.479670595278833
v -1.1313709999999999 -8.9278445312680024 8.5181998481222649
v -0.77695285103071288 10.084173331298681 15.22092868204982
v -0.79999920000000002 -7.8000338299249421 6.2679914719097258
v -0.89207510769157961 8.8698119453351918 17.64382301989394
v -0.79999920000000002 -9.0417753134939343 8.7455145917826513
v -0.77645869999999984 -7.1224878246939234 4.9161514029827504
v -0.77645869999999984 -11.592471142696713 2.6757833223368994
v -0.82242012850386326 -9.7107960716458308 10.080345084223186
v -0.77645869999999984 -14.189310013611136 7.8569973080237396
v -0.42517133502023369 10.156469776339627 15.076692911964868
v -0.41410829999999993 -7.7284186719326327 6.1251048791631124
v -0.46238751991221289 8.7754983295856324 17.831997584914316
v -0.42625022758728243 -9.1145129624633245 8.8906407789894359
v 0 4.1463366337269916 -14.235927986701252
v 0.38965795922840363 6.8016709458826012 -12.778557289446869
v 0.14584930949066199 2.7289862354691312 -14.796862911110182
v 0.030905758400025463 18.104115997289973 -6.8988721145204401
v -0.054294448523038386 19.107256250271536 -6.3209441918954212
v 0.011828275368635621 1.3172840990107701 -15.171904959008497
v -0.064682492430642669 19.550872677605842 -5.8416751909673508
v 0 19.769465155528149 -5.3968886325847016
v 0 -0.20975629059365322 -15.372655169442837
v 0.044665658508029726 19.863614040793788 -4.8348346594014409
v 0 -1.7185793387680093 -15.372961433778791
v 0.91100598747046591 19.780885039509755 -4.2381298121151527
v 1.305230042301361 19.447862558748913 -3.4481485124833089
v 0 -3.2151767557034057 -15.181378858051517
v 0 -4.6752708050714826 -14.800996700872791
v 0 -6.0751263572864653 -14.238017350778247
v 0 -7.4254057913105465 -13.476843220080166
v 0 -8.5923276108777493 -12.612672483007003
v 0 -7.0110298073167643 -10.214538848844704
v 0 -9.6738867379664502 -11.577126167501348
v -0.050369676931675267 -10.611981007867788 -10.417574564251918
v 0.11523418902688831 -6.9607130130252708 -6.5655024072324366
v 0 -11.423898706482017 -8.8194331111745896
v 0 -7.0766861877268159 4.8247679580261655
v -0.021013204893077009 -11.547909029714628 2.5868729761461697
v 0 10.175939982264001 15.037835822216843
v -0.029500441535277588 -7.686359333359853 6.0895460552383698
v 0 8.7421093394604341 17.89861531177533
v 0 -9.1378207892584538 8.9371445646187588
v 0 -9.7651278845018386 10.188747939629511
v -0.033042509342351423 -14.233162114662731 7.9444910381180813
v 0 -18.827866215902237 17.111846554886043
v 0 -23.297849533905026 14.871478474240192
v 0 -24.081978362131075 16.435972635541169
v 0 -21.774611865892954 19.241766160096709
v 0 -24.456601856694625 17.897545311709202
v 0 -24.642258127218607 19.402477956263432
v 0 -24.636439617593769 20.805128028687776
v 0 -24.437931429198795 22.39945889800083
v 0 -24.051206168941153 23.857877524040227
v 0 -23.55158809156061 25.084747240384949
v 0 -22.841241430578286 26.389692931175382
v 0.087555744461616403 -1.1525808331243845 37.548912459943971
v 0 -21.816177070405306 27.798806835568783
v -0.14478924580434011 -1.5755853093090035 37.968729838276047
v 0 -20.787158358733976 28.861479760677526
v 0.51064182818859805 -2.0980256642150699 38.233138064926919
v -0.12591403382822403 -19.552380484236608 29.829864937758909
v -0.06056569155026309 -2.6175907409971551 38.350857062881211
v -0.012233177559337283 -16.174699144690774 31.600079838309366
v 0.011933706610189554 -18.115914291460204 30.676999712407955
v -0.34487561723232646 -3.0920332268684221 38.304558969682859
v 0 -3.6360466690877433 38.145586707997779
v 0.38152947927863129 10.153433303201858 15.08274115755907
v 0.41410829999999998 -7.7284186719326327 6.1251048791631124
v 0.34857057131141861 8.7626721276666792 17.857588428270066
v 0.41410829999999998 -9.113391815707093 8.8884038665192566
v 0.77645869999999995 -7.1224878246939234 4.9161514029827504
v 0.77645869999999995 -11.592471142696713 2.6757833223368994
v 0.77645869999999995 -9.7193266956083466 10.097365388669591
v 0.77645869999999995 -14.189310013611136 7.8569973080237396
v 0.79999920000000002 10.079896298793946 15.229462219066296
v 0.79999920000000002 -7.8000338299249421 6.2679914719097258
v 0.8458561718488522 8.8539211558527704 17.675528329619588
v 0.79999920000000002 -9.0417753134939343 8.7455145917826513
v 1.1313709999999999 9.9659601396846202 15.456787690686646
v 1.1313709999999999 -7.9139699890342676 6.4953169435300753
v 1.225278294707282 8.9869696095864473 17.410095859705223
v 1.1313709999999999 -8.9278445312680024 8.5181998481222649
v 1.3856390000000001 9.817486690280866 15.753021978138994
v 1.38734358664732 -8.0642874369891064 6.7952303776516612
v 1.3856390000000001 -8.7793657049808562 8.2219548327099528
v 2.1983055 -10.72052170535477 -10.222811193761476
v 2.1983055 -24.001222054296115 16.274847616860441
v 1.5 -7.256776383595068 5.1840839910571654
v 1.5 -11.726759701597858 2.9437159104113135
v 1.5473323915394701 -9.5635053147397144 9.786470505329639
v 1.5 -14.055017870121063 7.5890575679760168
v 1.532106329329133 9.6349095351495055 16.057059789707559
v 1.545479 -8.2353561670863087 7.1365467784575385
v 1.545479 9.2734754048992176 16.838433518978398
v 1.545479 -8.606454723819672 7.8769627718218267
v 1.5965353745089119 9.4435477323112558 16.431053138132832
v 1.599998 -8.4209071391712591 7.5067581544470716
v 1.3063627430203679 -9.7217763791913399 -11.501384554821861
v 1.6147800000000001 -24.421056176727099 17.82662455638577
v 1.938800823272971 -24.591352303704099 19.485384472792909
v 2.3568459828400208 -24.542710075402439 20.918844236792868
v 2.0084499999999998 -24.393720005495329 22.311248247203359
v 2.3719253594507439 -23.990750663925766 23.719815913526922
v 2.0268568189455691 -7.4379175390593106 5.5454968991072988
v 2.1213190000000002 -11.940378350013825 3.3699279257862162
v 2.1521283429489539 -9.353423508360251 9.3673151986438814
v 2.1213190000000002 -13.841397429410632 7.1628419766144598
v 2.270004143695648 -23.348786889057457 25.295778479477434
v 3.5286742652972638 -0.55906092572709587 36.469935740201322
v 2.2283358692030482 -22.703982426560781 26.447963911961939
v 3.661311513280074 -1.0401291305703897 37.310533605305686
v 2.3639216014315179 19.806947187619311 -4.6664952694798867
v 1.3000578356198911 -1.5596436924768486 37.926203759126565
v 2.723441338707846 -21.719111515287814 27.669605097337641
v 1.840092969973792 19.733601791175769 -5.2919246985459409
v 2.0478718532368592 -2.0366212711206577 38.152251189801476
v 2.4143599999999998 1.2336345812698357 -15.074415390370419
v 2.4143599999999998 -20.734012347124892 28.755442816407861
v 2.657935575947405 19.472675021835016 -5.7291682074790415
v 2.4241709999999999 -2.5686275931005502 38.247647855446992
v 2.3895277906059258 19.032375529927624 -6.2342842080814762
v 2.1243615790120818 -3.1167539728726954 38.216093497241566
v 2.642599689404626 2.6797653745536971 -14.665902393654651
v 2.1889691453003759 -19.560044447768718 29.706975331275935
v 2.425578249836907 18.165094753093861 -6.7343583943719416
v 2.3739839330335659 -16.189206983950594 31.461635911957369
v 2.4504320000000002 -3.5821030864419519 38.03795844966691
v 2.4571909999999999 4.0922451867878769 -14.128004709471391
v 2.4571909999999999 -18.265033115984295 30.479246176074028
v 2.5631109479141281 -7.7283766544394732 6.1250210458434404
v 2.5980799999999999 -12.218779929923361 3.9253948727811512
v 2.5715332420581531 -9.1085189977840209 8.8786816181905301
v 2.5980799999999999 -13.563000778310872 6.6073848635828245
v 2.8977810000000002 -8.0729964682450959 6.812606640403545
v 2.9027682614036898 -12.559954335608005 4.6061061876380531
v 2.8659391407773511 -8.7785248199599337 8.2202770985695892
v 2.8977810000000002 -13.238797695856311 5.9605347398303037
v 3 -8.4209071391712591 7.5067581544470716
v 3 -12.890890457174049 5.2663900738012206
v 3.2140200000000001 -7.1528719912386149 -9.9315352650153095
v 3.094621573022192 -9.8269259403171034 -11.291590107120221
v 3.879126232923142 -24.212815248868033 17.361696218212323
v 3.4293520000000002 -7.1562116646892244 -6.1754434168463597
v 3.4293520000000002 -11.626194982692015 -8.4158114974922107
v 3.4293520000000002 -18.625565458956078 16.708216001237027
v 3.4293520000000002 -23.095548776958868 14.467847920591177
v 3.693862575946941 -24.467384590016714 19.29437204358922
v 4.0669143046663461 -24.408199931942512 20.730844371729567
v 3.980644074634907 -24.261651942945893 22.053517760327153
v 4.218121 -23.86505846585645 23.486475550114008
v 4.7356280104469866 -11.000158428241857 -9.6648798889885938
v 4.9498891738097122 -23.697076374386146 15.668016030932721
v 4.412102 -23.287427480510132 24.866784062030042
v 5.6179544940914852 19.128477515270927 -2.81064907264353
v 4.5938903452853763 -22.544531341848259 26.146546180325135
v 4.5880580000000002 19.628018999435479 -3.959420505828728
v 4.6937169694508167 19.660084017640717 -4.46931098156678
v 4.4263488629379042 -1.4117455847345051 37.616076614813743
v 4.7081790000000003 -21.628983516527082 27.36299582092154
v 4.6992407999270362 19.563501476077768 -4.9859498144453731
v 4.6495164453792466 -1.9866460769143899 37.866992776032355
v 4.7822909999999998 -7.3288887498626369 -9.5803465556531009
v 4.6133208322265453 -9.9919141731656822 -10.962405516931231
v 4.8054699999999997 1.0747073503649811 -14.757323713757938
v 4.7967631542020079 -20.491173032777429 28.507264623276768
v 4.6298319448883651 19.327509437025757 -5.4840613269180807
v 5.0909930719744887 -2.4359051259718432 37.866201750424999
v 4.7984202152447573 18.996246093061 -5.8340247323439378
v 4.8639599999999996 -2.9280887666561699 37.888323172288409
v 4.7095674135776058 2.5947619063421521 -14.370758823510361
v 4.8666499999999999 -19.393458360985772 29.37460270225845
v 4.8772580000000003 18.102563203860434 -6.3595959856243454
v 4.7387733788349893 -16.077475997587491 31.132875230597069
v 4.8907090000000002 3.9305040535737321 -13.805298733811497
v 5.1452039323937253 -17.975118266147891 30.143729484848873
v 5.3756392391393408 -24.236212694830051 18.424886142612191
v 5.4550979307039356 -24.275252215652088 20.227467300879205
v 5.8856539514700206 -24.034431818432179 21.685400382065687
v 6.3295956284792467 -23.682595070444254 22.764762858788735
v 6.3045200000000001 -7.5729365256235512 -9.0934223328564237
v 6.3045200000000001 -10.254926516425225 -10.437643181243935
v 6.3045200000000001 -21.212705147586167 18.120649644108433
v 6.3045200000000001 -23.894695138387842 16.776428795720925
v 6.5649800000000003 -23.045794821540152 24.38467848125017
v 6.625 -7.7493177488870844 -4.992077913171574
v 6.625 -12.219301066889875 -7.232445993817425
v 6.625 -18.032459374758218 15.524850497562243
v 6.625 -22.502442692761008 13.284482416916392
v 7.3146714598997402 -0.2000232277157451 35.753583577130783
v 6.809361 -22.287389725705243 25.665937528871545
v 7.2183961896317266 19.273624354600081 -3.2191845900604523
v 6.4161707297532997 -0.75114430810396804 36.744711512772561
v 6.8486289999999999 -9.2149446996289157 -11.385746928327052
v 6.8366931309964789 -24.028878311809823 18.146299927003398
v 7.2988767199375264 19.344804712386221 -3.7793708678743805
v 7.1465978810156532 -1.0583559066322517 36.965741562289281
v 6.8947887609949774 -21.401039935640579 26.849366278205633
v 7.2604571139221141 -11.422429236099472 -8.7805122848314987
v 7.3943319489574266 -23.173760395706399 14.623895774555729
v 7.0549139725244254 19.315544731675466 -4.3881759833347989
v 7.2289484757769769 -1.5595133727986989 37.241218638060246
v 7.1503110000000003 0.81153131193151162 -14.23223477339215
v 7.1503110000000003 -20.31190907778657 27.913262199429592
v 6.8274215528790272 19.117170779293588 -4.9649811459412376
v 7.2318378938606038 -2.1363915785260241 37.385250380996652
v 7.2373310000000002 18.718836028785624 -5.3016301026178709
v 7.1062355877133134 -2.6898477894942143 37.381602539261976
v 7.242729894601859 2.3200907154510917 -13.816955895914244
v 6.920317853036746 -19.123000484018217 28.939148867280498
v 7.1712246390672458 17.855146868138167 -5.8406557605621394
v 7.3244696334995689 -15.83470889342088 30.536881645216582
v 7.2571180000000002 -3.1536954213246893 37.183199299631781
v 7.2771299999999997 3.6626590880601979 -13.270894348210991
v 7.2771299999999997 -17.835442536520453 29.622126874846995
v 7.3637499999999996 -8.0483230441311964 -12.192100738712892
v 7.2957238258546857 -23.986608666051215 19.407073802938022
v 7.9629896277229424 -10.462363642708508 -9.877211860554322
v 7.7660289999999996 -20.90297874117304 17.502683390361184
v 7.7660289999999996 -23.584968731974715 16.158462541973677
v 7.8414989999999998 -6.7740181415162608 -12.843588174794004
v 7.8414989999999998 -23.739039644968997 21.005029722016587
v 8.2741389999999999 -5.4127238047053545 -13.329630172019087
v 8.2741389999999999 -23.313753169307283 22.386510995186519
v 8.4344436091161228 -9.645500253780078 -10.616028020849104
v 8.6546400000000006 -3.9865444473420948 -13.642345721729885
v 8.6534884869221962 -22.710959273308312 23.71661445739603
v 9.1050999349668551 18.627337448858039 -1.8107742055624723
v 8.966547770619945 -2.5654168001715814 -13.772363222186033
v 8.7052655780009438 19.016425608288458 -2.690560584427276
v 8.9998090000000008 -0.44263658329782929 36.085559786130418
v 9.19355643019294 -8.6176088369946555 -11.258701204108871
v 9.5062791206239634 -11.102125141683512 -8.7779765667702812
v 9.1527399999999997 -20.530553393654959 16.759620183476311
v 9.1527399999999997 -23.21254338445663 15.4153993350888
v 9.1843990000000009 19.049432323790878 -3.2509384702819286
v 8.7117510309181458 -0.88265853093423075 36.532948221398456
v 9.2517231562842923 -1.0363404473341125 -13.723454119189473
v 9.2258579677808417 -21.047883266776449 26.092264181862951
v 9.2106898190184872 18.947401547221872 -3.8012043280193506
v 9.0140112517065791 -1.3292871849586212 36.699350734234109
v 9.3691600000000008 -8.6928120240145645 -3.1096177465211134
v 9.3691600000000008 -13.162795342017354 -5.3499858271669645
v 9.3691600000000008 -17.088963755409893 13.64238764892179
v 9.3691600000000008 -21.558947073412682 11.402019568275939
v 9.4262809999999995 0.44664256263672131 -13.504208590389034
v 9.4262809999999995 -19.947020328491782 27.185236016426479
v 9.2287478943465651 18.735826121545024 -4.2590069778852637
v 9.5833407564170354 -1.8084115158097731 36.618876243622097
v 9.5159000000000002 -12.165388849397214 -7.3400116723818449
v 10.061249999999999 -22.334883323641424 12.950167894579645
v 9.3505364962565771 18.38081924383868 -4.6247242949886207
v 9.4370118099755409 -2.3195801671263716 36.64965633459498
v 9.5462679999999995 1.8958812851041342 -13.1018965352614
v 9.5462679999999995 -18.757395459209608 28.105529738444275
v 9.5670889999999993 17.914945565140794 -4.8529618812316144
v 9.3318320494739329 -15.947620637022812 29.667851421427248
v 9.5670889999999993 -2.7833580968577691 36.444302117199285
v 9.5934720000000002 3.2912956750123397 -12.52994991341885
v 9.5256139655186285 -17.529273198220295 28.869484313964239
v 9.6593090000000004 -7.1592539137194757 -12.074965603296789
v 9.9999298052286782 -9.7922192884636274 -10.026227420758037
v 10.19225 -5.8192117085215767 -12.518605338767294
v 10.334115949170879 -20.137967675932348 15.976332997649088
v 10.451309999999999 -22.781012646234952 14.554409028308374
v 11.10088 -12.852693449913909 -5.9687012501183112
v 10.981751865875991 -4.3648261859697683 -12.649038200607883
v 10.842742509066779 -8.7549162346766423 -10.59912811569631
v 11.07465425797692 0.54925711497529728 34.258619128534079
v 10.829201765923781 -2.9441762369795264 -12.987589594027373
v 11.08614 -0.00049546184620774536 35.203399638355933
v 11.304751561383339 18.600075965619734 -2.3543824792304644
v 11.968379049735949 -0.19385696695233695 35.143280254851376
v 11.150533530384299 -10.47395691638787 -8.9794186576185133
v 11.32054332810841 -1.6273765929852622 -12.842453714524151
v 11.494685382593101 -7.7318428757130366 -11.027042362764927
v 11.47484 -9.9224026472613645 -0.65633802817170839
v 11.47484 -14.392385965264154 -2.8967061088175594
v 11.47484 -15.859378060972869 11.189117764535682
v 11.47484 -20.329361378975655 8.9487496838898331
v 11.49209884629701 18.415504947538693 -2.981041917795034
v 11.54864487650036 -0.80685309270758898 35.656990018023208
v 12.0336 -21.359807475828312 11.004696161088628
v 11.886244735990751 -0.11722598451658905 -12.435100608990066
v 11.611470000000001 -19.48392728474996 26.261272584662031
v 11.649229999999999 -9.1731059850163685 -5.9007635678728363
v 11.649229999999999 -11.855095975818042 -7.2449844162603476
v 11.649229999999999 -19.612535688193354 14.927990879124852
v 11.649229999999999 -22.294525678995026 13.583770030737341
v 11.474955507254609 18.216088030674122 -3.4030555669143574
v 11.33136262467786 -1.382816907504707 35.881717886745228
v 11.976737849515191 17.774889787821863 -3.5419546366581987
v 11.535807360221931 -1.8938509947679485 35.768463432735871
v 11.442290824836361 1.4940691116274367 -12.300200721110404
v 11.42128945361917 -18.354342214501052 27.316242632254085
v 11.63005931429702 4.9412379578845496 -10.524398745766838
v 11.78492 17.444938745502103 -3.9152040809478095
v 11.78492 -15.618058024010699 28.561844950177019
v 11.78492 -2.3133467964829162 35.50653537694884
v 11.817410000000001 2.8199894418868738 -11.589599522810605
v 11.817410000000001 -16.99277289034713 27.940832049446605
v 11.84719007533019 -6.3648234479701129 -11.582082383634877
v 12.015820473013321 -9.285502356507866 -9.7236800646834531
v 12.833414763951261 -13.795623277324198 -4.0412550821144819
v 12.85279597657221 -5.0726241300201806 -11.562378569122533
v 12.65462 -10.953214928248903 -7.9175494516551375
v 12.65462 -22.29361313579378 14.708817726644009
v 12.70020270601052 -9.6926835768676618 -4.8641021424369697
v 12.734959999999999 -12.391856802787657 -6.1740389930333315
v 12.729245853768139 -21.729560408423236 12.429034857765384
v 13.82722314395923 17.356501370921404 0.72479846098581113
v 13.6344905016564 1.2758514325270194 32.808917846646722
v 12.79852 -11.354285065982001 2.2005543638934419
v 12.79852 -15.824268383984791 -0.039813716752409078
v 12.776675656894721 -14.45112253667798 8.3793657619679855
v 12.79852 -18.897475823739708 6.0918510338480374
v 12.99925 -8.1592108413626239 -10.079851129072694
v 13.032299999999999 -3.4899532461476195 -11.838715483600069
v 12.95025624782186 18.040814370680106 -0.76007105529750341
v 12.93333526203206 0.58017323494954132 34.083708301730361
v 13.471122651624979 -20.437964724555524 9.2440052093209353
v 13.25 -12.890890457174049 5.2663900738012206
v 13.25 -17.360873775176834 3.0260219931553696
v 13.567227024049309 17.965279826523165 -1.0245906765893977
v 13.21391938062632 0.15291074527778792 34.464114030741179
v 13.426977001543669 -2.1501396426134369 -11.713492070407348
v 13.42076343283779 17.964265402496391 -1.7951533412175191
v 13.56381 -0.26564922797379031 34.57717984401765
v 13.60643 -9.9173411539376772 -8.4630350356023349
v 13.60643 -22.110705739354525 15.865171011426742
v 13.92649106327068 -0.72697303474669916 -11.312976023955681
v 13.68483 -18.927092759777757 25.150276110905708
v 13.68398543381606 -10.283224158147792 -3.6858553312411573
v 13.67713020461672 -12.96107253600527 -5.0383395274821332
v 14.183394483173659 -20.813086376312128 10.628001723362933
v 13.83157898984433 -6.961476793889398 -10.296703576004617
v 13.587117280446421 17.700539690115892 -2.2413989340660514
v 13.51889010688752 -0.8138601137310949 34.746535057279431
v 14.13971767192761 -21.581316215705414 13.497564530498325
v 13.607329951738331 17.354014771382769 -2.6561337090158279
v 13.96725911789625 -1.2215356756567455 34.483407741671101
v 14.106145 -15.099328064118133 -1.4862149417767387
v 14.106145 -19.622417935900828 7.5382558348590205
v 13.85904 0.86297302373084783 -11.041037546396122
v 13.85904 -17.724487197836325 26.044670749579005
v 13.872259145952921 4.1033932301835323 -9.4680318646458907
v 13.88926 16.87978797421454 -2.787615029115063
v 14.09014759156611 -14.238203881261182 27.691466990158332
v 13.88926 -1.7481960251953552 34.37894632511609
v 14.03290767340048 2.2039524515762285 -10.394480738106388
v 13.88270170421506 -16.461715087932792 26.819368776568894
v 14.451138102380281 -5.5622267782609427 -10.505833753820454
v 14.48921 -8.7642939333196175 -8.8725890945798653
v 14.48921 -21.748763853165645 17.034030641802449
v 14.529210000000001 -10.913069931905321 -2.4291867838125167
v 14.54615976056466 -13.611117716238782 -3.7413691159262523
v 14.819775000000019 -16.375868737010226 1.0607395349781541
v 14.819775 -18.345876366861546 4.9912995701108924
v 14.87457 -21.483765616402753 14.614299819683476
v 14.80060640063426 -21.055334498718516 12.119738676647854
v 14.89413762907308 -4.1790064885291045 -10.583043027322908
v 15.362202305453099 17.198067806630924 0.92548409075292426
v 15.12094855161984 1.3102123177274212 32.621335989911493
v 15 -17.360873775176834 3.0260219931553696
v 15.22045 -11.567934002614265 -1.122601719993666
v 15.22045 -14.249923993415939 -2.4668225683811773
v 15.22045 -17.217711703258001 10.149837077215649
v 15.22045 -19.899701694059672 8.8056162288281374
v 15.225440000000001 17.427020490093412 -0.013901710917211929
v 15.02138927105435 0.86895581770076247 33.157606313649723
v 15.32006562918872 -7.4533452904835462 -9.1448989813450652
v 15.28862 -21.213667976399154 18.196420152623798
v 15.202909152682251 -2.4737539168373708 -10.537987757078859
v 15.325606138783771 17.337134164494035 -0.55942926675341198
v 15.45032744095834 0.40356621388456482 33.300230826940805
v 15.701063788822649 -1.1480978926114882 -10.102503082445079
v 15.6264 -18.281880194760234 23.862947735220814
v 16.012302182221969 16.882072074717009 -0.60580894225005721
v 16.025840019568928 0.067607648317354774 33.049808562558852
v 15.722568293691721 -15.139658875098029 -0.75912991781169303
v 15.76511 -16.535641498724925 8.7889703239762991
v 15.771472203961549 -19.20625089732766 7.4220429133422954
v 15.791661284699179 -20.439929882496781 11.126144168550582
v 15.816599999999999 16.664100366565926 -1.2020206623781533
v 16.013301041661741 -0.5668720062587288 33.086023469913528
v 15.74542663732921 0.15523472236861247 -9.8072155916033168
v 15.95543256919702 -16.995479596358461 24.650256494404722
v 15.83963 -21.081152088077825 15.70201137290416
v 15.859830000000001 2.9202261181863007 -8.4257472119679413
v 15.792507820397439 15.79931619256123 -1.759533900346069
v 15.91967846818682 -13.892926205763171 26.330181808236617
v 15.859830000000001 -1.0933453966948967 33.072388081197147
v 15.861603513766021 1.5478593840164239 -9.2003735993096996
v 16.10483156538443 -15.69356878217819 25.33306539094977
v 15.99169 -6.1832074274707072 -9.2595628382946913
v 15.99169 -20.514111679367925 19.333463232407482
v 16.149986910460189 -20.742074882278651 13.436907082727117
v 16.381073143346491 -16.008429428683428 1.1124128958557087
v 16.15795 -15.832936608021871 7.3869332363848157
v 16.15795 -18.514926598823543 6.0427123879973053
v 16.890711267492019 16.081267771288363 3.2691450646354507
v 17.96308596730146 3.2776834084530639 28.814861863107435
v 16.390741967046011 -15.145461018237366 5.9760336628421786
v 16.3981156226838 -17.771487406871383 4.5594022057625967
v 16.474499999999999 -14.392822731956256 4.5136174372318925
v 16.474499999999999 -17.07481272275793 3.169396588844382
v 16.625989803383529 -13.492609202771044 -2.7384794069955305
v 16.585926010040559 -19.67631031340439 9.5502337425817991
v 16.586980000000001 -4.7970915220642789 -9.2307126566779765
v 16.586980000000001 -19.661463259852564 20.426687961773752
v 16.82291650020899 16.634111983722196 2.0217103245553609
v 16.743922855819111 -20.490874536186734 16.754302382770565
v 17.04832496060817 -20.015678022627174 11.723752246394701
v 16.57616113863093 16.864493700165561 1.1637652165814352
v 16.451084559485551 1.3234706446939017 32.138919606746924
v 17.037510000000001 -20.357445986986797 14.258072661689722
v 17.064830000000001 -3.3769556847303703 -9.0534576327155669
v 17.064830000000001 -18.669560338925624 21.458353477072485
v 17.325394421710939 -14.215339859568852 -1.1934688249168666
v 17.109416019601511 16.630529507844908 0.91965178908491652
v 17.75342979964298 1.2930531158675254 31.397419620288076
v 17.417490000000001 -1.9458733951019496 -8.7306597652940425
v 17.417490000000001 -17.554504370753108 22.411687191331481
v 17.34865870535215 -19.801021646802081 18.122112312533499
v 17.682976122784581 16.202106603346291 0.81147768740598991
v 17.47780407928321 0.66207950034909502 31.870708412356791
v 17.55246 -15.059007568299876 0.27432971621612978
v 17.400660048177478 16.023102360996393 0.084904596993919057
v 17.879436163341129 0.25283238999558089 31.541747969334914
v 17.639209999999999 -0.5270902363228388 -8.2675827569414722
v 17.58035332013301 -16.358326166224959 23.318905696165167
v 17.650592660573579 2.7979699814601098 -6.6589485289033021
v 17.677669999999999 15.486691255779659 -0.0081078822478417578
v 17.677669999999999 -12.986096266135222 25.006420201492528
v 17.677669999999999 -0.3551037874966364 31.599448118215509
v 17.726410000000001 0.85634266509007551 -7.6717306643142464
v 17.726410000000001 -15.029130594286494 24.022972130916884
v 17.79142238276652 -12.702919866572506 -2.882667531376006
v 17.777650000000001 -19.313520160533884 10.284225191540846
v 17.777318289984049 -15.909059643649972 1.9391931856319751
v 18.098274241244749 -16.531991728174532 3.441459982206764
v 18.179505240304731 -19.586076053619109 15.093702352352372
v 18.071300000000001 -19.584612646549751 12.716115262281452
v 18.340690080448049 -18.76539995375683 18.665897590243929
v 18.1690455984278 15.982981436021388 3.3131599432095902
v 18.305329720769851 2.7663904498302236 29.710779789493891
v 18.65428223373296 -13.616329689620096 -0.88177212633650015
v 18.40560042823515 16.006038031483936 2.8300659809588335
v 18.29415181990792 2.2374446385788982 30.357365854646329
v 18.65531 -17.883271795869835 19.889550251852953
v 18.6268252517511 -19.050458882161745 16.615454251538576
v 18.55905100270741 15.925040500378598 2.2865402999156217
v 18.950680681386071 2.0197446303615232 30.115345421932016
v 19.063306750918422 -14.253001235609393 0.45871577258301244
v 18.931059999999999 -11.74295649585043 -2.9295603219891291
v 18.931059999999999 -18.770099946413982 11.090999187221721
v 19.04083 -2.7484090874785845 -7.1294402210523522
v 19.04083 -16.751968678376475 20.810467647089798
v 18.96439443686662 -19.002870121780457 13.663745994392556
v 19.287098318878691 15.391008526326196 2.4363179561069508
v 18.958284101105399 1.3505590943969343 30.428084961030955
v 19.272054163170878 14.641712409641734 6.1413465155893867
v 19.301771554662981 -15.084231193337924 2.0750500069062365
v 19.2424 -16.014023101629416 3.7010672995347713
v 19.406425216938 15.040221999796623 2.0590903585260758
v 19.57847311490427 1.0974002672189243 29.791547486813883
v 19.080808792039239 -1.1851656693578332 -6.8261155018920014
v 19.094786274010801 -15.562800338737215 21.870012089679143
v 19.274204951263719 2.3480516507907518 -4.8793556973080214
v 19.32526 14.672169594171569 1.6170260727451637
v 19.1275318712153 -12.142069432412695 23.642733769303998
v 19.32526 0.45942235484761451 29.974305223255872
v 19.378550000000001 0.039576154665177332 -6.0421177860366022
v 19.378550000000001 -14.212359603125437 22.393350312672609
v 19.50422 -18.068709418806687 17.248824841572755
v 19.586766910442449 15.025204445658455 5.262251094194248
v 19.505894404835399 3.560583300002035 28.145375338672437
v 19.799375308422189 -12.711931470033633 -0.83078581622114989
v 19.6984594950919 -18.310029029758375 14.935876621365475
v 19.99482772163093 15.034296260029397 4.8059862268092655
v 19.79771975786127 3.1843645926499118 28.518259361899105
v 19.975549999999998 -10.655811520331994 -2.8686194005568453
v 19.8917242131519 -18.126797494540025 11.858524683027685
v 20.130774793868959 -16.997228104144202 18.050351063502561
v 20.02831540185964 -13.501098231833531 0.48003094498533017
v 20.358497702260049 5.0160390976441036 25.34649387546893
v 20.264058663472198 14.922035865903066 4.2242967313065467
v 20.115263228164881 2.7418193576231116 28.696688841853739
v 20.370181264413251 -14.071510868658573 1.8286891599484427
v 20.480799999999999 -3.6183798590826588 -5.393674178938781
v 20.545161693535029 -15.809825379468046 19.006440732827755
v 20.490839999999999 -15.256530788594027 4.080724555217178
v 20.606350398323059 14.578023251383764 4.0082912567689082
v 20.454851233169499 2.3497742653917788 28.6053516429224
v 20.516693004054421 -17.329818398213423 15.64446420057866
v 20.758917966599839 -11.597003714355694 -0.92259321384050885
v 20.609688779348041 14.316603938824072 3.5156368427117783
v 20.796359924941289 1.982257417220783 28.287927671361256
v 20.650595423321541 14.233179250332542 6.8399327520433522
v 20.548889379154861 4.3093843764718054 26.642179466138529
v 20.741520000000001 -2.220889158542005 -4.8881144491319155
v 20.741520000000001 -14.640629496299635 19.891756592281435
v 20.776752283339551 1.0023677313824373 -3.310845416934491
v 20.786740000000002 13.789204687699749 3.3787180181031511
v 20.649355366817499 -11.647261366522637 21.641317460798849
v 20.786740000000002 1.3423827805832733 28.212622217864521
v 20.844059999999999 -0.84582179154222414 -4.2755714387952626
v 20.844059999999999 -13.326961656918035 20.626803965431272
v 20.89414 -9.4707455046176197 -2.7002655116208842
v 20.89414 -17.226577186809941 12.774173057706978
v 20.977111449049861 14.307911995791216 6.2406024396666728
v 21.091453197518931 4.0978004022873282 26.661181672217701
v 21.092206430283309 -12.509499433614117 0.65020382089989681
v 20.898929191966399 13.226521475081995 8.9649360515763448
v 21.43267737796528 -15.990737141374884 16.046083007655611
v 21.400877144666691 -13.511454456162172 2.5982124954724632
v 21.123797473505679 14.291601472454744 5.5325472459039151
v 21.559800390197498 3.7920934452101838 26.571979038707099
v 21.621379999999998 -14.363240382357716 4.528444193189606
v 21.731118503205479 -10.566769348364451 -0.51347828678714613
v 21.67193 -8.2070074652483918 -2.4272469612415808
v 21.67193 -16.25154686859484 13.623221372340694
v 21.723520000000001 -4.5473977718202363 -3.5400972564959297
v 21.723520000000001 -14.952979994034827 17.221124682533375
v 21.40615756388609 13.541098180580672 8.2132706754359557
v 21.71664608111908 5.4638724478210436 24.345003935011043
v 21.903432190933849 13.594421111775647 5.9874939748093743
v 21.786615825586441 3.2856627622262629 26.663904858509362
v 21.914265984584841 13.289743257160334 5.3586719281071513
v 22.104746609153061 2.8801091010288795 26.311562358381018
v 21.874392978745838 -3.0789516793432807 -3.1992150399407766
v 22.000070000000001 -13.699782440096248 18.01457815791953
v 22.289827467354581 10.897689451553383 13.611422664884383
v 22.007258287227621 6.9514393311173448 21.484982531855195
v 22.048030000000001 -0.4584057731932894 -1.6846994695874731
v 22.048030000000001 12.846305454334491 5.2599909571843506
v 21.96748246332497 -10.204269636340562 19.963720374998097
v 22.048030000000001 2.2852820139485313 26.331349278783321
v 22.108830000000001 -1.7913198518810307 -2.3891133190651832
v 22.108830000000001 -12.381463596579227 18.740345845701192
v 21.98298736489707 13.388860856860639 8.0714485785974279
v 22.27589090696458 5.12766548609543 24.525776462955065
v 22.238662072324821 -11.526465220232879 1.4157821773353589
v 22.277958483671181 -6.9239027246014819 -2.0649365741959098
v 22.233754487731151 -15.270579780744542 14.3751985391788
v 22.290209678826329 -9.2140912556393815 -0.70866480758168571
v 22.18971335405023 12.553518039169166 10.202477100359364
v 22.4573513530536 6.297425788954599 22.660075863386606
v 22.50676 -12.355407599367927 3.0552134889064178
v 22.549522463908701 13.019211970637375 7.9940772696650964
v 22.379966196016461 4.4961070531464093 25.095193255822018
v 22.615659999999998 -13.348661448770713 5.0369539786622797
v 22.75704 -5.5265228609023049 -1.5865464751559539
v 22.765720792523329 -13.935928280485372 15.290601639906786
v 22.806708882844429 12.725357902805499 7.6568365223345012
v 22.849440000000001 4.2189797349428932 24.705010916627032
v 22.867493386704911 12.347870085705997 10.131697133839111
v 22.842186036586021 5.8224433848644432 23.127328306993444
v 22.969547570959929 -9.961448532836684 1.2582948104146006
v 23.126749916534191 12.189238070938028 7.7373498088335602
v 22.9763861311326 3.6025782927174914 24.650031184817777
v 23.04674 -4.1533226791656288 -1.032522292218637
v 23.04674 -12.708191046866233 16.036154601404856
v 22.93232911559755 11.367989587070539 12.558369483677213
v 22.940877351613281 7.2401574678558811 20.790799920703549
v 23.094139999999999 -7.8842626114585324 -0.060476994558474217
v 23.096990000000002 11.852554346274733 7.242723577617574
v 23.09986856426006 -9.7578965858011344 17.534614533636098
v 23.08736695957203 2.994817290216226 24.223200641517632
v 23.160679999999999 -2.7878122743242666 -0.40091122704404825
v 23.160679999999999 -11.384969829915145 16.752141071690069
v 23.344570000000001 -11.199050402104055 3.5424783397175945
v 23.328393256314339 12.00369637501063 10.191825166821774
v 23.325062941915611 5.6958412116423212 22.756684715887978
v 23.390827697712201 10.366700830644325 14.51876532213506
v 23.39276880945738 8.2248936544224609 18.792099883003491
v 23.457529999999998 -12.22927928630982 5.5979914341537738
v 23.520389925644679 9.240687381369332 16.757862416336529
v 23.642113646837849 10.86194798259856 13.097952784884427
v 23.54283417698198 6.8304812243769764 20.997611988116876
v 23.482521285737789 -6.7386751807575012 0.33337092855715511
v 23.571400000000001 -12.954051004556785 13.23286073875178
v 23.69095312171196 11.610577538920232 10.057929986246549
v 23.749877283064809 5.3909965926241616 22.366602399066355
v 23.676550524858101 -8.8212188425372702 1.9609990604202689
v 23.83043376363279 11.312313881647126 9.5147901934115318
v 23.831389216937009 4.7438841531196383 22.564243723790614
v 23.799417621028539 -5.11168002591773 0.84960744647911213
v 23.871469999999999 -11.675407349958231 13.975544143612058
v 23.890762025993439 9.9441212564937587 14.933564285145755
v 23.982190678267859 8.1737258478157191 18.312398621695031
v 23.92351 -2.4871939403765619 2.3631395178597963
v 23.92351 10.817517287151219 9.3078299446316191
v 24.01786519060223 -8.2069823295615727 15.322997788638233
v 23.92351 4.31407421379435 22.28350224536608
v 23.95305267049082 10.940240176270787 12.219184685508894
v 23.983734758673901 6.5746166356277103 20.745282157914566
v 23.902333617895039 -3.6557623565798125 1.4936972855545179
v 23.98948 -10.347083470666663 14.681349779892185
v 24.127952955758211 9.0143323281702514 16.54985678915709
v 24.017109999999999 -9.9633515227884661 4.0877220583445935
v 24.133320000000001 -11.023259907179396 6.2024517037843472
v 24.08918818219205 -7.4589168959651211 2.2926367644570682
v 24.158750000000001 -11.903394995322239 11.136591436037948
v 24.18873015714767 10.743229223849811 11.682199466554628
v 24.130090871415639 6.0711302349269927 21.009599475587052
v 24.214753218324631 9.949031878048304 14.339019383072657
v 24.282545102965049 7.6011225272806495 18.80264584901477
v 24.499738942072518 8.7688260739149424 16.288801193950373
v 24.510372056646009 10.02211585032358 12.122124956906587
v 24.394526528766551 5.744925798781626 20.58392093623883
v 24.47051228997621 -6.2628961021992344 3.1764994710015628
v 24.46423010624904 -10.620026685113721 11.847786205812374
v 24.45750699058334 -8.6230701026215453 4.4510544167215773
v 24.513439999999999 -10.832001691059618 8.9989470737360193
v 24.478361177777941 -2.3477679665903168 4.9342851833380381
v 24.519629999999999 9.7511648110700513 11.435416844468042
v 24.56435480465559 -6.9717638848383228 13.368352543727715
v 24.519629999999999 5.3804266898755166 20.155915345529657
v 24.587240000000001 -4.8949958494591153 3.8033423106634379
v 24.587240000000001 -9.2777880470747576 12.547891109969234
v 24.59273262091542 9.5588556447995323 14.113633845766257
v 24.622647595779231 7.4619478255142306 18.234639645540923
v 24.63205 -9.7501907782789274 6.840517494624609
v 24.759921559006571 8.3693570096703187 16.259540685836281
v 24.826136309272378 8.9306654934564875 14.275796716320299
v 24.827732111739191 6.9952304898582058 18.000170264961653
v 24.825489999999999 -7.3351745286233854 5.3159098294050358
v 24.825489999999999 -9.5263396454820928 9.6877233737778479
v 24.882375570732801 -3.4227392910262058 7.3594276603304385
v 24.879619999999999 8.6637663172392969 13.604994767593784
v 24.882821971553241 -5.9447936537168218 11.433793218374872
v 24.879619999999999 6.4678202548964938 17.986347256367214
v 24.92805292321189 7.9040264630672832 16.180302880647353
v 24.94768762495206 -8.3598838738960612 7.4823794827708081
v 24.948219999999999 -5.9853910596345417 5.9788992834753394
v 24.948219999999999 -8.1873910446048672 10.372330561170676
v 24.9834043956633 -5.3794414651055922 9.4196317882335485
v 25 7.5657941822151278 15.795669223987172
v 25.068940000000001 -7.0863936195815249 8.1756200449238907
v 12.73535842340857 15.482272499644996 4.464260677529083
v 18.77964161854872 9.8648095610300182 15.672225048218206
v -19.307624592358309 -6.0348864100372666 26.606402034052394
v -4.2229299234393087 16.213746393628398 3.0048236627338323
v 15.510473472361481 6.1560776115229539 23.071888562644578
v 15.469069072438501 12.371790704108985 10.670295238148761
v -17.031254554395819 8.3127080457680318 18.768978631257959
v 7.6942659429065756 8.5005242329762574 18.394247697120726
v 4.5864251652518071 2.091754846604359 31.181027018557501
v 6.2258232943461254 7.4904539032059452 20.409540435437769
v 10.615132989934891 16.873950181281348 1.6875847934672237
v 16.72170943239254 4.7552341101198596 25.866852094083271
v -9.3960832034117612 -9.5252093886708984 32.994248884173217
v 16.10210637766961 -8.1959965647123916 29.117334753918094
v -11.44616270763637 3.567651598016603 28.236317211762984
v 0.90882602749804087 1.889330787556414 31.580939291569791
v -17.208188449550178 9.454223210883212 16.491427103278191
v 7.0065500163241383 13.891975176895798 7.6372225514119432
v -10.3381295313111 -11.681259015554618 -3.1949239974088428
v 4.0265310082863524 -17.206289887276935 13.876476795585715
v -4.9959141520468453 -9.6819542273111328 -6.7155211344157237
v -9.609352349883503 6.7953413453067633 21.796429297489343
v -1.1576767485370429 16.828982012482633 1.7735465076359009
v 13.619815776659021 -6.7040976971978754 -6.8675287962189309
v 3.450107449453633 14.323217669745461 6.7768073519165863
v -4.0725383820010759 -0.62815499764719751 36.607792260977462
v -7.8824556167092741 -12.908544316621972 5.3016130614487826
v -3.6241099571526338 -11.199627659897528 1.8919818435226414
v 2.839258457360113 -9.0746139925053146 35.105968429034277
v -2.436695628086706 16.090123170445885 -7.8168200440748343
v 13.022380861342491 -14.840294393409845 2.3553840439458078
v -7.103986833772435 16.21407278360395 3.0041724493200697
v -13.27465114717682 15.91149873880754 3.6078683082213789
v -17.133542375819658 11.079560683554329 13.248553107827275
v -11.717601308375061 13.582184625843967 8.2553167865687769
v 8.461984380174389 2.1445082479580728 31.075773410431182
v 1.1491511239296699 -17.389986998067833 14.242989346757181
v -1.5124468489535969 -17.080197154234831 13.624896522643644
v 24.46645861598374 -2.5467616236966615 16.25756150202897
v 3.8770555170529222 3.6678678362640627 28.036365731901697
v 19.22430963679686 7.5343653734069376 20.321928251992077
v 6.0121439274160631 -3.288621042434039 -11.87728261892034
v -0.35632990772647616 -12.834190414166276 33.32466542450527
v 13.15881222423832 11.00978546697395 13.387768648710368
v -15.163758702685969 3.7194346129891578 27.933479677723533
v 10.317817746355111 14.299175493794218 6.8247763112848894
v 24.8516479308648 6.6730432446645604 12.353206049117398
v -13.426894873466869 2.5136889841973433 30.339183853307251
v 8.720949037658368 10.210774006954729 14.981956643099826
v -2.7113229308795308 12.395060150575318 10.623868028967276
v -24.884613028311961 2.8833655705798362 16.000726941356941
v -24.837458884410019 6.3104571371858613 12.056059918480212
v 5.0514465827590156 12.91422934677384 9.5880214347061621
v -6.2126640263648074 -9.0808797188541526 -2.3353449218124638
v -23.13969825179019 2.9191743182344045 2.714372357544848
v -2.2198426073772208 5.9248599995269853 23.532494886693648
v -8.0371759410886199 10.755567683775258 13.894984074539064
v 8.5088090480804013 4.976105360619747 25.426169684040943
v -8.9763333922225037 -11.855442859470676 3.2004646000434196
v -2.5539126852842382 7.4562884108326379 20.47770743990429
v -14.29694896926984 14.662967992595711 6.098937367717884
v -1.6446155951509569 -9.5255955159181696 -7.6258089651631593
v 0.50624602848450384 6.6400135225676067 22.095687962622225
v -20.55769096307888 -7.9829663814165217 23.693377642214671
v -0.89643134306040628 18.336825126574006 -1.2328898522735336
v -2.7172987883747819 -13.015769763125112 33.069198516504215
v 14.74629136073631 3.6260477439084742 28.119805197408152
v 5.6187913008207513 4.902510035601173 25.573007106854604
v -10.02562421754066 16.974314853351022 1.4873371583826689
v 12.052383964825969 7.7603183962651068 -8.7894956531186672
v 11.27561110762689 5.9193003964829938 23.544306559693826
v -3.5026533913575788 11.039133714462521 13.329213013223583
v -10.191079790919639 8.633157609569988 18.129617529468341
v -17.456135015809959 5.8309673222420173 -5.2745929624524912
v 17.012918586317301 8.5208705229863924 18.353652770905597
v -0.26659520876507531 13.920910087631837 7.5712746540999198
v -24.70643228959058 0.28470896565443737 7.9145267392604923
v -24.900562278392659 0.28805927125496078 9.7139129261030863
v -6.1832330590799769 2.3464294497579088 30.672900145366569
v 1.0101345229516361 11.102297074516375 13.191054405518122
v -23.92422524629692 1.9402033849857041 4.677338777188548
v -23.9136911677606 5.8032354434081954 6.6595627786225053
v -23.80706398899466 -4.1930653487612064 18.210073531127886
v -23.879452736458649 -1.3093934488498344 19.487085774464671
v -24.530001204636541 1.0039708506987677 17.792670033147871
v -19.536520151425979 -10.590569848717307 1.8807632136116403
v -22.598621670313669 -10.90745727850442 6.2604923035989835
v 12.1252729457035 9.709976955097547 15.981147127397946
v -21.122275070194981 -7.9252902645277468 -0.12935476902739751
v -21.86476539519904 -10.473632699548119 4.4771413573997156
v 3.2093394293987818 10.334885001605471 14.734330335413093
v -21.12024444175799 -14.678354216765191 14.156102436654665
v -19.764892767935059 -11.664710012194496 3.8707617677865533
v -4.8772580000000003 8.8962395748367076 -11.165041701722334
v -17.062361689502549 -17.230187368272233 16.171478044061296
v -16.711335601642919 -17.090355994415127 13.898189814677702
v -2.949433443284061 4.2158796158149485 26.939799573592577
v -18.837866477826019 -9.9650485579599959 0.27122457234146324
v -20.48079884407743 -15.882004658837579 19.074709896694163
v 7.2694333923867234 3.5898324824381262 28.192061902022019
v -15.910464399991778 -18.092189197893546 20.456483728730547
v -17.735158124419101 7.3742939541107839 20.641302813754521
v -13.27564128374296 -4.5353628451164276 -8.7335275218922455
v -15.408556359872311 -18.103990994569862 17.028837308393108
v 6.327751455028463 -16.779099500883227 13.024146360561589
v 6.3867739744663821 9.363596669387853 16.672245216226742
v -10.814016016190511 -5.3663568802839157 -9.1526762105254278
v -5.2165132769018463 -12.218885557101755 3.9256056201710212
v -5.1336865271693872 -13.675540833443776 6.8319248279739329
v -7.2272749873079949 -6.8451096791759616 35.264814692057115
v -7.1689132823724284 -15.430907913355028 10.334233949389644
v -4.9376833058611957 -13.126065116144986 32.633189619248569
v 1.2524378057496459 0.31647720093834197 34.721318161315253
v -10.41959520016591 -2.6464509369499893 -11.175029719895818
v -5.7314547296471634 -21.04999062471633 21.652083218403586
v -8.9517580364782283 -5.1119680459274059 -9.969016738543683
v 23.96522982536813 8.1207334948049663 8.0880384889633561
v -4.3132939208912351 -16.47608765804663 12.419577006830034
v 18.111933259888801 -5.4490622352370393 -5.250872327029537
v -7.2085313617695244 10.020126965223508 -9.9197791616582904
v -3.5795872193547149 10.092822120775434 -10.757568224380538
v -7.0178812640021526 -0.32921596215926241 36.011348974146799
v -3.809344108092322 -21.213744151048861 22.74277271324673
v -0.26476029891960301 -15.838802012193343 11.148064423529156
v 0.35247802831957908 10.465536124847324 -10.868181309084051
v -2.0538665746555629 10.537727174758949 -10.736228699965654
v -2.4504320000000002 13.297652387430395 -9.2736512720808157
v 0.099695405895012967 -9.2166881064965303 35.227122182358492
v 4.192560522807586 -8.5606150873156128 -3.3733771291155268
v -1.2212453270876722e-15 -21.436131089378183 22.539225843785978
v -1.393666685850349 9.3492248739113837 15.54000721915266
v -5.5502650263522222 9.6249324637585261 16.150827931573605
v -1.373101161644749 -7.3021104988362522 7.1543556552995211
v -0.77913042813923972 8.7309328465030482 14.543689639344988
v -0.67027889025840004 -5.4668458885337676 7.3772933326669712
v 8.8787966809365528 -14.362380752109598 8.202308116817056
v -0.22363094736488437 -5.3575037928240947 7.285363464864945
v 0.12266484846304049 -4.7226031536806632 7.5887087109549691
v 0 -0.83431111752625098 -13.911062288193449
v 1.945655692947833 -2.7351514127404761 -12.71366328467801
v 3.7378225291349332 -4.317461167416706 -11.596890022863434
v 1.869688925949756 17.990239795138418 -0.54197143825710903
v -4.6204560622641342 3.3928210834987054 28.585139126395674
v 1.614780366818922 -7.0465749935662556 -10.143618928030879
v 0.01460316111691945 8.8878777944121978 14.394405995624613
v 1.1633964209798751 7.4535001386222532 16.68188985116695
v 0.1924565356607435 -5.6112038566241509 7.1536174027939214
v 23.94360964764406 1.1888238548989327 20.56170403589665
v 0.91189244509391876 8.1517960218205125 17.266942174799215
v 17.902673722719118 -10.101724151328861 26.231982121179499
v -10.63925337413094 11.784503688326055 11.842050534123413
v 0.90210579139968972 -8.3488537011240762 9.0051705131797029
v 3.6647760785936532 -9.9496010266466968 -0.60207181041069724
v 1.664695797298863 15.96345379458109 3.4989869914532141
v 3.9327675781252291 -15.97663423077331 11.423067322855482
v 1.387556342201518 -7.2671731153477026 7.1953208566351465
v -20.814823051625108 12.080535279154939 2.5396854094581958
v 1.2268311891575019 9.2544849593765193 15.182131914055459
v 0.83132668804344756 -6.5973467887112642 6.897671287647503
v 1.1313709999999999 -6.7208535165202115 7.0933102404508306
v -24.99400540269162 -2.4366511676416609 10.712299461535894
v 22.071138860275951 2.6168602413606155 -0.024388422717640523
v -4.9626719801682269 13.472178066533832 8.4748019190499679
v 24.555945045534369 6.0287028632418229 9.7685136694306145
v 2.0477210202239831 -11.775665418613418 33.78346140009522
v 3.797416929064525 -11.742890740205558 33.552899744968869
v 5.2897686013602803 -12.696797852236237 4.8791364284227274
v 14.041752122661791 6.7653197610831208 -7.9395281314842059
v 2.9325990759401712 12.076043437927522 11.260370305543477
v 4.9253040545429361 10.564820979465498 -10.280514635305206
v 7.1235559935884103 13.593347323772555 -8.0786641820776737
v 7.6317034766102703 -11.374222958974235 32.741145542808084
v 4.9008222834535209 -3.7529469707359739 37.53611149110931
v 6.9561126918726766 -8.3226517767550696 34.570187935198277
v 3.8147824780029529 6.5933755744427502 22.199391486769176
v 6.9235499206016451 -9.5481982995302435 -1.4029506970149548
v 7.2602663503533948 6.7861168397145795 -11.592845688414165
v 4.8338582154682657 13.623053116600875 -8.7050371588362871
v -20.56014450499762 11.359002043175705 12.691011591922674
v 11.1956428696062 -19.814024425059912 19.810139938637377
v 7.0493706988722407 16.124863147866325 -6.7782417115358768
v 10.170390995888599 -19.999959087570552 23.249863329950792
v -13.97329583439539 6.9983741404917241 -7.8751435548017561
v 7.8477013523951236 -10.954544237289999 1.4029912977106953
v 7.017024220407162 -15.535247355618058 10.542412047602417
v 15.560200250557211 -6.1305755778192799 -6.2492326949053947
v 13.01442428999392 -19.175117062251566 18.821368597867185
v -13.828861288497791 -11.704258953003787 29.222988393138294
v 17.28784858457421 -4.6058420388159576 -6.5559240871589139
v 8.0911721220109385 15.67247593652378 4.0847667018651048
v 16.085651345268349 15.062145820301172 5.302497601335558
v 23.505244681659299 -7.7661557580898837 17.296417285734577
v 16.338770865947598 -7.3509349942486173 -4.6553778616460235
v 18.529753365957049 -15.301790001603649 10.496535909100009
v 20.308768974023359 -13.101977057966073 7.5544908922049485
v 15.82291481300607 -18.123425617861709 20.342897565613733
v 19.30818244414262 12.263776940509356 10.885804343806907
v 14.76032580884954 9.2458891736899727 16.90709526016315
v -21.360674022246261 -8.6782730357028797 21.902113805588588
v 24.980760485762001 4.5071966517164599 13.757449187554354
v -19.32526 -9.5191110657982225 24.765787403177004
v -19.30921467418009 -2.5024013956176172 28.448282545500149
v 24.991391194148569 -2.351285591159094 10.421580480491579
v 20.7024453503372 -14.385079649646105 12.043228673027972
v 21.11981920534382 -14.678537244713452 14.15581367915091
v -6.2747287132990861 8.0366223236151662 19.319824977902165
v -6.5130889684585922 1.0079082388742413 33.343518217071136
v -13.902192199774429 -4.3014139304126662 33.035419637511644
v -15.83674847743309 6.4235467784415921 -6.6164185267432671
v 22.546529163508922 -10.946907472900488 6.2668213514912372
v 23.990006537644479 5.2287740095710173 6.690079731868825
v 23.988273726640649 1.1312913185899673 4.5435049023906808
v -1.508097975995718 6.8153943139104651 -12.709423320026389
v -17.522907419031199 -10.37929923974173 26.525301578741377
v 21.564493133555128 -13.247305532635471 10.137818171128645
v 14.09973412301173 13.100278453976847 -4.5843536536279288
v -1.653687287826858 0.81263751902754844 33.730853657682168
v -4.8839835000000003 6.4133718142052221 -12.485170217766921
v -22.004002873285199 -9.4186277656034978 2.9087533079550933
v -12.756410573643491 10.271653503340058 14.860489846816787
v -7.3303997950146647 13.145284584772645 -8.2452333407044058
v -19.441889824614979 4.0659568752678439 27.242098317185768
v -7.1888597293539753 14.886514970681194 5.6529163448938213
v -6.3874717292121126 11.933859495602354 11.544055765880046
v 24.575382810621601 -0.27100727002950187 6.6280332324657065
v 20.6470042323737 -1.9175844677120297 26.723514592215327
v -8.4510646798049152 2.9359928218237812 29.496603062397856
v -5.4783922093882289 6.613377282319453 22.159484070968709
v -5.3587728532714349 4.7622736703991695 25.852806760512223
v -3.0350797238982752 2.0554239456201735 31.253514447177043
v -5.0679290074625536 -9.7542825854591477 34.35636937852329
v -1.5980048757113079 6.1701218851073509 14.802888322398488
v 0.026759998503130433 5.6971330522384038 16.368523851383635
v -1.5941356385848611 2.6830713543426929 13.02229467274528
v -1.599998 0.73890636185242908 12.09768217640325
v -1.5927270863825591 -0.34148104652090056 11.617963770447908
v -1.590937804027297 -3.0072210948798879 10.143134481948515
v -1.5965650732666441 -4.4062079369427627 9.5481032283324794
v 9.7006010618175367 11.212121767901778 12.984067177694476
v -0.243053969969724 3.5509106072795484 28.263420973048284
v -2.660093139233584 -8.9906700281079797 35.179759635328992
v 0 13.120178230001835 -9.5020618965674117
v 9.705115294431593 7.3696735078254294 20.650521530087648
v -24.988112895595592 5.1115301147445589 14.24169730893529
v 2.3089067772334162 -4.8913537159922926 37.362408225879619
v -18.676191736433299 6.186637371765797 23.010915716411073
v 19.976503793089439 4.1947917306709446 -2.8614826010130301
v 21.047530474343031 10.870413219441001 13.665844214438497
v 7.3988574746841227 9.7306238634558273 -9.9999646728138636
v -1.0581373242852721 11.436257144788685 12.525403235867097
v 23.234139388293229 0.77096615980997607 22.607139840992946
v -22.05706281711263 1.1691978853758012 25.727243749011542
v -8.3287902949138406 15.975587778614448 -6.3649827336761788
v -23.096281784860789 -2.2216623890967471 21.479083228199833
v 18.71544234891125 6.3973473079331651 22.590507164913568
v 13.74886891886506 4.990446649967744 25.397555937622222
v -5.7267680275438613 -10.35638100969925 0.20953577945381952
v -23.513302250003601 2.5288043991517051 22.640580248407367
v 17.677669999999999 5.2498445572182586 -5.3514580724225453
v -18.915386521820992 4.9544860729121991 25.469304495786695
v -4.5577737567880776 -6.5777188376090772 36.121766782660373
v -7.0183758251056281 -13.832978651595388 31.676359372179391
v 1.009386455847382 -4.8917954915914024 37.434187698732501
v -20.04025270213301 4.6528748552951589 26.071079321502843
v -14.305610078147369 8.6995096976670041 17.9972318159463
v -13.165587332573541 5.3348891146233637 24.710324190159305
v 17.410041343101671 13.436507904008559 8.5459710420239254
v 2.1904227607581381 13.251061032422218 8.914643169758703
v 24.993373618093091 0.91030794712671337 12.169555984759358
v 23.94912472083988 -2.2251244765822884 18.75488452317952
v 3.5541163723658942 0.29845060546775104 34.759028379688047
v -23.929614500007212 1.7785711955589592 20.932552778431269
v 2.5501482179942698 15.683257761579446 -8.0117481767260443
v 0.13186575735069189 16.167179804751655 -7.9043050990248709
v -9.476082826464852 1.2909134254939594 32.7788661520704
v -24.884954707183859 -1.2139594150716313 13.854192320887726
v -24.47721552761147 6.0490166212512007 9.3120153588339374
v -24.519629999999999 -2.8042704001590875 15.883730361192173
v 11.785168827066069 -8.3697297294694391 32.339682145216948
v 18.402015359616129 15.190981894500947 5.0454438129848764
v -23.489913167395581 9.0399898837017254 17.165819550356119
v -23.19325774173339 -0.10905527110697355 1.3025513765903369
v -20.480052370193491 -12.113179483529558 5.6561809784571278
v -9.7633539127909348 17.883206797474323 -0.32608442318489672
v -24.93486908983331 6.8873525400563294 13.946211204133251
v -21.917888749999999 12.203496725593162 11.006075453455697
v -22.316084378815049 9.9987337147782949 15.405019521455005
v -21.08941258563523 4.7997904039849377 25.6621950069528
v -22.048030000000001 4.6616083642998873 0.987805972846866
v -22.10004041631727 7.5197611019892099 2.6037111246392151
v -23.029986350178579 9.0803448888325029 5.6359242397712359
v -2.951633277156716 0.03869463565200526 35.276232064125431
v -22.944521259436961 -6.8537194594905868 19.423180885380155
v -19.29273066255498 -15.962813321489604 15.430158348746739
v -20.2834840338578 -7.5093517760349577 -1.4342769053515667
v -24.481541194837519 -0.60736714036634387 5.8570450636344962
v -19.570805235137492 -15.345255426296962 13.103953131908598
v -11.818284654420021 17.141070161034275 1.1546268997551277
v -1.163691479878505 19.289649913100419 -3.1326815670276424
v 21.583230500546289 12.16703382881512 11.078826240137554
v -18.161379501593949 -9.2104534632829367 -1.3036423255681449
v 4.5041556490107739 17.86597563847268 -0.29170480764198992
v -20.790666410189139 5.2595434601385493 -1.0661401364315815
v -20.786740000000002 9.4360739323442377 1.1065044415578384
v -4.7244743718858979 15.831572219370154 -7.5705520975243772
v -14.922440841126051 15.289989356809901 -2.7531951401558601
v -19.233700338827688 6.8537648392069084 -2.5779030147125219
v -0.77645869999999984 -11.683850441694361 9.1127406191148737
v 2.5378858539084268 -9.6491069170501405 5.1255735866611243
v -2.021407051392992 -9.2535074007915643 4.6308406698712465
v 2.1525442180493881 -11.22845621107081 8.4269373542180777
v -17.793963652719079 -4.3994527595519131 29.343691288986228
v 2.5980799999999999 -11.202361296312866 7.7905439425173082
v -2.8977810000000002 -10.87472349869811 7.1454153075631952
v 0.058601495001704418 -9.0652267196804832 3.8367354171307175
v -2.8787162309828949 -10.247582574102642 5.6712141947959456
v 2.8938773148851729 -10.606075905526675 5.5324783914007192
v 1.606053366092866 -11.482292490189717 8.7874882909064826
v -14.475479376496949 -18.604171035843695 18.594745843267404
v -0.74362459583019191 -9.466677855915556 3.7364017670650798
v -1.519276239872926 -11.478896931119277 8.8636716118826016
v -1.428984858375524 -9.1015003084767798 4.2265997800598711
v -2.042352009717777 -11.174116976495855 8.5674683228233164
v 0.10179719907581303 -11.615383269520398 9.2464045381531808
v -2.5137912684423558 -11.318535436225218 7.855187614000716
v 2.6404993698007049 8.5423621028513708 -11.723981367682118
v -2.5523831292696939 -9.7653696950792384 5.0884358909788237
v -13.237199024899709 -15.164377939593765 4.018148709271121
v -12.79852 -16.758994814252073 7.163663668008839
v 3 -10.655898798172654 6.3865741141241461
v 1.4909911659496959 -9.1977571900288631 4.2070849453413866
v -2.9949804241318829 -10.165359345208417 6.5897839673731315
v 0.77645869999999995 -9.1101229388528751 3.9199431514221557
v -16.009747326300939 -8.7432418171205288 28.926101672762947
v 0.90949328493803372 -11.907198900402127 8.9391571909125318
v -9.3691639999999996 -19.323955414411287 12.522203608598865
v -12.0474196470939 -6.809592826607445 -7.558169416782377
v -3.3356859928021731 -21.136311887936596 15.463616647263336
v 2.06027978147719 -9.5014708797319791 4.539925159470231
v 19.114565842101769 12.81322810189875 0.38451841322768665
v -14.11764857243576 17.664356001094983 -0.014340144899781748
v 10.56968989723925 12.634209032352269 10.146718081466764
v -12.11538069745278 9.2864197274757974 -7.9503258292840648
v 23.555098787280031 10.207221794343351 7.8279620332620254
v -11.85208380428911 -11.174330884190498 30.835943056295495
v -9.6213821937804447 -12.459479353078583 31.364666561634305
v -9.4317644673700212 -6.7130524433852985 34.447719861414825
v 2.8927262819633381 -11.021025449509059 7.0857386128163213
v -3.357701001041776 -9.635057175153829 -7.4283991522460688
v 4.8494036478831219 9.7720153285241462 15.857368139164471
v -3.5677172474891772 -9.861930699515371 -0.77699168324154932
v -18.537015143892191 -0.974208180193333 30.206901803077216
v -8.75542896020273 -1.276719925653881 -12.556355405522154
v -8.9533172524716136 -20.138777077171898 25.811911801216645
v -13.37823581568137 16.751828964255701 1.9312410960161692
v -6.7677131503974737 -20.578307986241285 25.33888053221801
v -8.654638804032718 -3.9865441198707137 -13.64234480104
v 11.824571571979609 18.007651638534913 -0.57437682136617418
v 6.141763494160613 -4.5686379435168991 36.759750481618937
v -18.55241224524157 14.162339302744934 0.40324200254229225
v -15.99741183024738 13.389843621292982 8.6390756381334466
v -8.2772099894122508 -23.280602313108393 22.411419483820062
v -7.8095304811702793 -20.602513861526695 22.490719927545591
v -16.076374851486619 15.429859336818019 4.5688354416066037
v 6.1396477037655961 10.372022183274044 14.660234215239702
v 21.00291672304515 3.4159628341069737 -1.629034786276204
v -2.169710493763735 -21.111500990037946 25.110511700977014
v -1.322557973889692 -1.1610480512428651 37.547291632131994
v 16.528466550334759 3.5706692194976757 28.23029645214006
v -1.059002667267485 9.0576033836451195 14.939399920428396
v 19.569621618450771 10.798153295214515 13.810017245041319
v -1.545527006682982 8.9243087287558609 15.737426465533865
v -17.868906673548381 12.434198712933229 -1.363445889913443
v 22.558443167977291 10.981962694445608 5.5040322783567541
v -18.477276185096741 -13.253001107742913 5.0848992078445079
v -9.6446032601312908 7.6863488025632973 -10.150658386562327
v 14.17410287567732 -7.6840376905616301 -5.7240902743409734
v -0.73104107598315027 -7.0939959289675354 6.589911860398888
v -1.550036030724713 8.4114095872915744 16.367646516699494
v -1.5966832646833169 -7.255929895081179 8.0624849902831119
v 8.9891784844056417 -12.641442854836848 4.7686921147936809
v -22.65235514997822 1.5221441964430311 24.491878587025042
v -21.54223298005294 5.8469751975588977 23.670474965592142
v -6.8905272627117924 15.443974498477163 -7.1785226902754324
v -21.321477938099729 0.54929650223888316 26.792406769104993
v 3.5487611488724009 -4.6686525949665816 37.287056647940901
v -15.747766096210498 2.8581953222644065 29.65182466558749
v 1.812088749295427 -4.8145988446546655 -11.473302171271307
v -0.79999920000000002 8.019437194280771 17.296641788519619
v -22.06609563422526 0.053113756803070233 25.123138219239767
v -13.06235468824848 -19.10835336201853 16.761368361196123
v -0.78261053745828546 -7.9535943759928616 9.2989700923556278
v -22.256942271152749 7.4262997210064148 20.537540886207154
v -6.5954710398653544 -11.149428963219407 1.791825383218141
v -1.1047431849044109 6.7872544427063923 16.417505909168405
v -10.146291461521759 15.544570063700716 4.3399645520455383
v -7.0570252405851397 -20.907609504556429 20.305684785827008
v -0.30541256736383787 -0.17883264699730372 35.710298023389264
v -6.5937381520468454 -9.9785072694100627 -6.1238383825783309
v 0 -9.1889070474806225 -7.6992490708516641
v 19.604466539520981 13.414385496647167 8.5901096783104123
v 21.828865271230001 8.5697889391761368 18.256050726759245
v 13.462098752500321 -8.2705107546555023 -7.4761998804743399
v -4.147123772299393 -14.607070954023381 8.6905141085387534
v 4.864775242610305 -14.178620277643464 7.835669142414643
v 0.91745100732921125 9.0161428090388682 14.797119919871999
v 16.826892655287072 7.416877377009552 20.556340350833665
v 0.76456370717676636 -7.6788242043046084 9.4450467828867009
v 11.982685250951819 14.209116819953566 -5.4705195785252876
v 0 -21.145471636641478 25.370813022683329
v 2.2640834956058029 -1.110810640165236 37.462384356448609
v -0.070231701788505241 12.446789226503677 10.510304158762876
v 0.65724261632205427 8.2515312210839227 18.878179177542279
v 0.52951974845814287 -6.3637149292987658 6.8625674368347944
v 23.444375084387531 11.800916237834846 8.5733688756452118
v 0.8341183817758514 8.2383207574694222 14.335745385252256
v 4.8084973581539314 -5.7366803207752115 36.518818918116992
v -1.1111806393301391 8.0087580297342562 17.024201625135959
v 0.82154693756129871 -5.5651200590049044 7.4066318194489691
v -11.80019601590141 -4.9722647239864832 34.108326992482702
v 7.6629175619461414 18.948075456768208 -2.4507108111556928
v 0.55623745909276101 -5.5128307614246568 7.3014110615635133
v -11.69602179788561 15.033462158684346 -5.2213502938256013
v -19.114323135430229 12.359054605605046 10.695706307133745
v -24.242037360974859 3.7675408777390285 20.563970439203594
v 3.2875202558588912 19.348062243326645 -3.2487646125749361
v 17.24342330731201 -16.346994517496668 11.523540511150701
v 24.480731742538211 2.9185037931763151 19.046009885401919
v 19.554059587126119 -1.3309138995853094 28.691849515096884
v 1.1194362481231219 -1.1374944339240471 37.514851159848163
v 4.9300741630521987 11.062836005629597 13.281922192116753
v 9.6067323063557701 13.118858451090867 -7.3352389189673985
v -2.3452514880901001 -6.0552310539512222 36.752882558129983
v -1.5964939295130911 1.754089557290309 12.576723168811444
v -3.506047207015154 17.325117903073668 0.78561711315197336
v -20.50387565689735 6.6071751807795929 22.171858506517594
v 2.9439215491307289 -1.5484252324713026 37.845915416579025
v 2.678669691427717 12.224282068515452 -9.7957350529917946
v 24.941400379099569 6.7368882344781378 14.017623851847905
v 5.3187589431923126 -11.771469517755277 33.232588797568695
v 24.947646996533159 6.2984231155687036 16.336102989892364
v 7.771871382173388 -0.58192252903083463 36.391991750053286
v 0.40087260376441419 11.650084829037429 12.09877000391754
v 16.359237104163839 10.898422121259895 13.60996084198394
v 1.3416193642616661 3.0315166383346921 14.205772226044708
v 2.2025763459697711 -0.68387437872965151 36.718655091952627
v -10.673435344233789 16.594268475177895 -4.9521461147457586
v 7.7503675859613157 -20.62650161045584 22.318924375631404
v -15.863479788722469 11.462272889932937 -3.9556416065205582
v 10.091520488553151 18.797979681737051 -2.3104923735447809
v 15.358967205725619 16.71888457110488 1.9969717628106345
v 23.51893721552203 2.5753768209578194 22.651249306343111
v 8.9767268787915633 -21.939587851116507 24.972586618071276
v 8.7468698826238409 -20.222480345189719 25.212445416579371
v 8.4023095886378094 0.81738937152819136 33.723641539733421
v 4.66636573135278 10.332170655796702 14.739745999289624
v 21.969624390648882 9.9217543786811824 15.558608724567481
v 17.842950674946 3.9937487575529307 27.386167983415344
v -1.1549177423981889 1.8045264885056369 11.400578804589426
v 9.5636310774078055 7.6016500308564137 -10.23761172714056
v 9.6638481823099607 -13.220060111890897 30.945008043529004
v 11.861459999382379 -10.664531684989717 31.095705582738542
v 9.3620955783633359 -5.3462008418889297 35.189294463397445
v 9.4646453163380535 -8.9213113632421432 33.281797758041108
v 9.9975954093113018 17.786591000094543 -0.13331654442693086
v 14.159593237784611 17.677437743127335 -0.058504710785973302
v 1.553278842620782 -4.4814444901827919 9.084287599534985
v 12.953094821843971 15.704367641506257 -4.0340209820973758
v 15.59295140532357 -4.2318946203938275 -7.83554497658427
v 13.990222031384979 -18.777303388006107 17.965160044895594
v 13.27981530614908 16.53552010397302 2.3628206232164644
v 15.75025145830354 7.5028039452912605 -6.1254305361841581
v 2.2532220054648482 -0.35016522010017948 36.053122608727591
v 15.85982999999999 -5.9339729200641633 30.545714706163132
v 14.04617619069284 15.213071049804205 -3.5263354366761366
v 19.100900601090711 -12.930388389882221 5.2465935999901214
v 17.449765620331959 11.029859985955689 -2.5674262514031039
v 17.58159259574963 -4.6122513073355806 29.475549974939327
v -0.45633747594564605 9.2326472617812296 14.645602789202641
v 1.5925771054866391 4.1987538849807446 13.894816415454029
v 19.087190271622141 6.2546379791458353 -3.072950482994063
v 19.225100179460679 9.9570819100866998 -0.96875973254716286
v 19.36267773583161 -7.6893920138151532 25.663946538018131
v 19.205579641450409 -3.4439445168801117 28.085789212079298
v 21.25325889740942 4.8110425866592443 25.603416940622211
v 20.900189431656369 9.1019164380329247 1.1455676574774696
v 1.5974380015265151 2.3429187708533865 12.879867133133985
v 18.51826600812802 -8.924369423033756 -1.3256118930906808
v -3.7282249453672867 8.7478884831247825 17.900706443258805
v 20.857533935182989 -7.049187236134995 -1.4696148288582478
v -24.70823730581645 4.9617326175514718 18.50330692279142
v -1.3506682499491149 6.471688596625178 15.916804837098136
v -16.67303217972724 15.745847219928665 -0.89982995679043576
v 23.21665315406662 -0.49146819252337642 1.1766897537936547
v 23.096990000000002 3.6678572562401301 2.9705385932800912
v 23.154282444937049 8.6961564740458073 5.7757693750273376
v 12.83709 -2.0307714108391366 34.942740851032468
v 22.048030000000001 8.0056779309652271 2.7333175821503204
v 22.971307784535171 -6.3791111000028708 19.607035487129792
v 24.05507181701304 8.5940290879929844 17.431127705426061
v 21.969829509926399 -1.4808825426747054 24.512670038285368
v 11.820046272065399 18.374633484466258 -1.4586652097063038
v -16.854655437973459 2.5376518088067819 30.291373215768822
v 12.59891993191639 18.245434768759242 -1.6005958315123063
v -2.1126015829955631 8.9069496593350639 17.577761593726262
v 23.878457414509519 -5.2519387550039083 17.432323884114407
v 24.855042214773039 0.0019112397773193845 8.8968621728634822
v 10.278093562135981 -0.58689540221074843 35.929891767502831
v 14.70316272336496 17.324098745169238 -1.5429928051239283
v -7.6755033085036857 19.282915853866854 -3.6426228914864147
v 23.464108833002491 11.244514345034105 8.082580279826491
v 24.897231437759419 3.2114562721530882 15.882276642891121
v 22.94502232772869 12.463308815976115 9.3554361769751679
v -24.841643458129411 3.2137202972430372 10.471463501553149
v -17.850373935929571 -2.4114240626807786 30.311188763278359
v 22.509963539933612 12.747186978624029 9.3816895449219473
v -24.428155562713901 2.6124308197705504 7.2973069305005334
v 3.337138598091284 11.083336001914722 13.241020591078405
v -23.167415837119631 5.2063292869548112 3.9955755770189807
v -22.211090372268561 -2.9384278754276481 23.215867533890318
v -20.832651588479099 -3.7423564959898958 25.472134861494879
v -17.774758993522688 9.6461649846940372 -2.9358813325284991
v -11.573537576667711 0.62451567797176255 34.108463212621331
v -11.68170007575989 18.166005783383724 -0.89867565859162113
v 24.589022419973649 8.2494285052574927 11.179173452394913
v -17.786336533562039 -6.9666043827321147 28.013200689761938
v -14.06902732173792 11.536695032645746 -5.4261869421288118
v -14.87040041452194 12.219236858944859 10.97467073290418
v -22.29581997231611 7.9259583154085389 19.540621852692645
v -1.5512915048205911 1.6466285612585212 12.966452741683105
v -13.71101647203113 -8.3663433414561847 31.044953606291674
v -11.730428984039779 12.426737064204019 -6.5636341940416187
v 21.005452099114979 10.250815313578228 14.902066211619266
v 17.695679899172191 15.605990958734585 4.2174175569557626
v -18.201280657485079 15.365683146157529 4.6968798036663664
v -11.487939124099309 -8.1402814079353689 32.623461465360393
v -20.874423197117519 3.1220739239491722 27.732122216449191
v -20.024672446876941 -0.66523834556909067 28.32362334616106
v -9.6468687339815666 10.067032521047823 -8.90679897767318
v -15.866921953806081 14.965613303281822 -2.1311392512743872
v 22.54113005602002 8.3628558230989043 18.668923765256075
v -7.3808730479321429 -10.330060249570156 33.387393174662108
v -4.8417175981861256 11.910371220743597 -9.5976946994502086
v 8.5564163830670026 18.207545564038 -0.97320526392785389
v 24.89479312897333 5.0840153628491551 16.915681416063972
v 24.44392327159494 6.7271407820490898 19.560194771498622
v 24.983289237570268 5.6944059286936577 15.202516825098439
v -20.67431558894712 -0.13131237636814624 27.614365019879365
v 24.64723417391734 6.2871313121808114 19.244813020478578
v 1.428661598278085 -3.8794916950171991 37.939349005267765
v -18.586719384021979 -0.055347437107347741 30.624668415847058
v 23.805482193946389 7.3679579247921714 19.847956160312645
v 8.4121035000000006 -2.9685267590912292 36.813750708415526
v -18.454203194080851 14.923810450429215 0.66441631111131194
v -23.936258151002701 3.1268598083247365 21.60640720140065
v 8.247063946312652 -2.5055545068191387 37.031915901020142
v 22.62863600273224 9.6004219531616872 16.19973131241985
v -18.802508297001019 13.453516294662585 8.5120358939800163
v 4.9300683459607821 16.689967009398334 2.0546680938475959
v 1.6281606826014381 10.541212490505716 14.310340364593923
v -12.776577197952211 -3.3250903067197846 34.308050310161249
v -2.745592010253505 -0.63690266230537274 36.625245605109313
v -1.24958378138208 -2.6099565671966585 38.298114635504135
v 6.9867497129758069 6.075994912389123 23.231669596967144
v 5.032154580899884 -8.9408679825901451 34.791056306784895
v -17.49688038140199 15.776255251718188 3.8777061694105335
v 19.299278451073128 4.1434772605995907 27.087429612417324
v -19.490975587545499 12.716739365121599 0.8483610195417679
v -24.476426389287361 3.2240407652811864 19.22487774519513
v -20.133951537245501 14.479313988496065 2.831890151670569
v -23.059277665261789 10.946028413826728 13.405191529573123
v 6.9546143821364872 11.870776271946061 11.669919439722506
v 21.143675431490891 5.9932880599115732 23.396686343122802
v -14.98690415187045 -2.4362911593991372 33.080734867367539
v -17.51190346358965 16.448616518317635 1.7574727728089119
v -17.61972821969783 1.8034749799454666 31.12320658664364
v 8.1975650032489948 17.512395340841991 0.41375874793947531
v -12.726299588841149 15.922505430992222 -4.0734778805770979
v 11.746753625220499 11.482852784001537 -7.0476072898523903
v 18.635044719721002 14.069322390850656 7.2833793170252257
v 15.72136523885179 10.420594272204118 -4.6265880532672234
v 13.88926 10.436872592968816 -6.1506382472411012
v 19.093349574338841 8.7218959569564891 17.952566742184118
v 12.0680125473865 -4.0058557687628991 34.43171556060944
v 20.828705543304469 8.2321994384318806 18.929609437801357
v 10.74908210330058 8.7591647010974363 17.878208128511616
v -12.64501449874461 17.628563640553622 -3.1362605596575026
v -15.3529675 16.943881913848973 1.5480569718218629
v 14.256344943298361 7.6556274119481005 20.07998618270954
v 0.93099975081187503 -0.64916669498209023 36.649318206189776
v 20.932526821501501 9.2534892704712064 16.891931543932408
v -20.786740000000002 -1.4422811901724781 26.759104821750604
v -2.2089296101917979 -8.7699348835748339 8.203138453953196
v 5.2918190804720719 18.545770927491077 -1.6480326485087158
v 14.06493165364347 -8.212298155413075 30.857915736650604
v -10.737732954335719 2.3465482303961593 30.672663154188168
v -17.236160172239149 14.594296442270457 6.2359508732338114
v 17.534042157402901 8.0476641361013854 -4.0378978462612913
v -17.466718104570479 3.961715475839239 27.450080800294884
v 5.9122543698704906 0.69659896873443261 33.964642601178326
v 1.211478362034206 -8.5620610098336982 -3.3704922239114232
v 19.338798618517188 15.488207596577393 3.1450782138035009
v -1.5979458318556741 -1.6252610495280781 10.895319043452902
v -7.5003991887106816 18.201314415999079 -0.96077287479206497
v 17.677669999999999 -7.3988047384640439 27.922831487708127
v 3.3626488357268141 -2.8651524852024153 38.098570003013883
v 22.928471585698841 6.2261300320429598 3.9040220886715478
v 22.009690282498301 5.8760402087160362 1.5495597303271751
v 20.655317586270119 6.15771140738602 -0.80457319646088798
v 23.15682674143477 -2.1299558670980723 21.336644543187703
v 20.808523711859571 -4.8198190234797238 24.955132071560694
v 0.4356651044281098 -4.4320343759528296 11.22472595486982
v -8.6252941027228864 17.063825276008224 -5.677295753081431
v 24.88479711321963 3.3358077396298973 10.942804240049714
v -21.95235371332851 13.533985420605537 6.0397838643689408
v 24.554962561657291 2.407382536919624 7.8708146059302582
v 5.2891860381067826 -0.31737272497960445 35.987719342444066
v 24.51553930238137 0.097056075422791543 17.416561835479509
v 24.86043021474585 -4.0606108410993249 12.636706209363302
v 24.855275158018291 -0.97096752287010435 14.28861046340961
v -8.5271538679245698 -10.585552391678535 0.66677861524522086
v 1.5969435142327 0.69196175881034072 12.048201568704775
v 10.315338501527849 -1.0512483471278924 36.172488813443209
v 22.287406967949689 7.3632997502306852 20.663238453867997
v -22.026073410459809 -5.8933601192566565 22.103641761200279
v -23.171025498707198 0.47300693482595013 22.650561698779907
v -7.9650078224352967 18.646468306966732 -5.0154294701101705
v -18.574638261293831 3.5089972992436209 28.353344292852626
v -3.2522471833313058 -1.9167050853429517 37.995883609211873
v 15.706020723152569 2.1363035245922992 31.092143477872629
v -15.87857999999996 2.0604485643382224 31.243489325839604
v -6.7447063766435864 18.9783280693065 -2.5110708361624692
v -12.907663660624401 17.892136667618718 -2.5936530081227129
v 1.414839971950083 -2.8724397721339674 9.4716549255224809
v 21.757115288445348 10.60918402540579 14.187048810058375
v -2.8592970615806519 18.586261473830678 -1.7288194032560238
v 1.545479 3.8078500573727263 14.099046881885002
v -4.1429244072385192 0.8333289817053352 33.691838822937541
v -22.735232910370939 5.5110505118405193 23.597757768907307
v -17.38472926371313 16.371952581772046 2.5332482285674569
v 1.5009916544447579 0.47935049091763693 11.384240604035366
v -5.3201520556754041 18.654514135162731 -1.8649971412800479
v 23.39234464928645 7.5855990552917225 19.895182986652205
v 15.792271533018621 12.744198084774965 -3.3544185116750604
v -10.36945699338218 18.338761668158604 -1.2350076889576425
v 1.1537361106690569 -1.4101368554936013 9.7889032505713924
v -15.58210472805307 -5.7231891834342461 30.888053798082705
v -23.40615404513596 4.2147823807570433 23.627027567443754
v 11.113328838331061 1.5019584411058182 32.357789049927128
v 22.597062520279771 10.228708207148861 14.946174319479869
v -9.6818564831101259 13.810213936607584 -6.9342980138221435
v -20.288844583844831 7.6248719759279391 20.141349441334611
v -6.041857802908277 -4.9450639853601501 36.591492057982748
v 22.932324609236879 7.7311633028595308 19.860399562776205
v -10.024766994579609 18.775732850328449 -2.2313578390190347
v 10.497135184599021 -12.132115226760163 -3.1891008264892804
v -16.62953122805374 16.333958380130515 -0.54332123495497697
v -16.747449881691391 16.586456037133448 -0.0058149020161444298
v -13.00798812683154 -14.592181065398938 2.3574516869220332
v 10.3621262393691 -18.957410604827658 11.258426653560782
v -8.1170953616149841 -2.9165550500944399 -11.654442455740295
v 1.7454318879923389 -21.044475395354922 15.743834463996699
v 12.1149082179045 -17.56025297565013 8.6081468208330278
v 22.628784197855659 10.594522324774607 14.216301841201386
v 4.88841042085543 -9.7309923421983733 -6.7899086200422758
v -12.13346376707616 -17.602883871804472 8.5366713154033107
v 1.785641722776836 -9.5350649240376359 -7.6097872760007057
v 12.99868705186628 -16.148156881355931 5.769107540834912
v -8.1317228553640444 -20.277899833188062 13.106193055859174
v -10.49168405975116 -19.004914456921856 11.045758222739245
v 7.8769689170197719 -20.267912871898904 13.329855027880834
v 7.9970800000000004 -10.456056545452219 -5.1710318701692692
v -12.22156872854138 -13.008230744518118 -0.18644641834679909
v 21.235364746802361 14.116484381918909 4.9764099737837295
v -20.4780349757817 14.747419993589707 4.5742140598314505
v -1.5356970671895021 -7.2369730284455658 7.6105223444265917
v -1.343960235178163 -6.2729879604902852 7.6276756487326516
v -1.545479 -6.4552600040287249 8.0287359300663308
v 23.812651441920771 7.8322950055548679 19.124423176456176
v -6.1877212299939242 19.489213049559606 -4.0960221633700833
v -1.5942912586497839 8.7917677374521759 16.18228404060407
v -1.5438296560956259 10.462712405683973 14.467010677494285
v -1.545479 8.1503024329218814 15.349084476298589
v -24.344464174429319 8.3760172378054012 17.367115362320721
v 1.592641388467654 -2.9389672998740197 10.191817646585346
v -1.599998 7.9950702454902265 15.734491711545058
v -1.8696261380088708 -10.837195024035195 1.1688560990523946
v -18.517078162301559 15.768522471995043 1.5941138494328211
v -14.59151455363528 17.580922691213839 -1.0004707163120816
v -14.732885213913191 17.344135581595978 -1.4823054389126149
v -0.33465469750672067 7.0112833712963294 16.981836860493409
v -0.79379391831989676 6.7243937620226202 16.650437329285275
v 18.90930943477413 15.508145842411958 4.2688752970600516
v -0.44843312745201919 -7.548279491829688 9.6569397904313519
v -0.79999920000000002 -6.7646168628021046 9.8868327454670339
v 0.46300013968967618 -1.7241991189774368 9.1570876473679448
v 10.83458411206048 16.272057434387307 -5.0343664554989296
v 15.73499647461596 -2.3080727283115263 32.542756719171223
v 0.41410829999999998 7.7920612728616545 17.361464008812522
v 0.81451989622577747 7.0412979294482572 16.793932519890191
v 1.598162244852763 6.0234506264479908 14.730713335503456
v 1.582347350599921 6.8558107535721122 15.313454242082127
v -21.360089776005189 13.713014703486904 4.5398960462174021
v 0.33212098179383193 -8.0531356202667332 9.4318812651223389
v 3.4408844721226739 18.747297477641336 -2.0501185044394159
v 1.5963499451257921 -5.5287438602254468 8.9253234538222017
v -1.5510185055801431 7.6519484912325586 15.978655248077992
v -24.678648937128742 5.7572646364760267 19.143525559558306
v 3.5750476301270848 7.7694645652627345 19.852858247491568
v 2.0830054736163581 -10.828278957824461 1.1510667600734639
v 8.2447347553570545 -4.0223138016225359 36.331245771284159
v -3.7064126434674316 -1.5169162752990584 37.742632615707478
v -1.5967132777358151 -6.7440159436775531 8.3193126876187833
v -22.330274637431909 5.1802144170935822 24.407707266022545
v 1.182653463342725 8.206588167094047 17.031267422883495
v 3.892049576218636 -2.5031143026156131 38.050783533074508
v -6.2123527486662899 19.403677031507577 -4.6130610752580434
v 1.143411210462568 -5.3675632177400461 7.7891342679229414
v -24.941205707241579 5.5514560204912424 16.094091662150873
v -24.136931315314101 8.2206625044196091 8.9133315782918334
v -21.97560922462706 -8.4042208815544264 1.3780447794244246
v 1.2122453316377879 8.0774193773349676 14.628137312833712
v 12.76235504225936 -1.5112561923054555 35.144408139152631
v 22.008929754963201 0.4021997356369128 25.422009658534346
v -12.3709157949752 18.24621598785043 -2.357701265338255
v 1.213247274297693 1.5001062936536362 13.625361451343638
v -24.137725499976259 7.1522996934944469 19.690291601312943
v -22.421834923087161 3.7689954243146753 25.527361539146998
v -22.528499090091081 2.4105288499188871 25.25095023724608
v 24.642347175956171 8.9730354654496178 15.331191420648334
v 1.5269009556967841 8.8483017389390319 15.648752271560905
v 1.444107628754574 8.2840274797276532 15.142346863522819
v -24.605332390231329 6.2780111984115514 19.465334606248565
v -22.134362998446839 11.596584495652666 12.2169869848072
v 1.545479 -6.6224210224389495 7.9449543623664649
v 1.5541709711767311 -7.554996820055 7.5513944130422344
v -24.650503653372059 7.8807904755349716 17.445556183246193
v 8.3105866674961764 -1.9567848558004322 37.038704686372967
v -24.827158364648501 4.3857670584096802 17.298461377519832
v -21.60471608343083 6.4615366192809409 22.462436624453122
v -21.34185700582001 8.5075667068858767 18.380196550273286
v -8.1662580978698074 18.770692940700794 -2.0967971419794491
v -0.52372407365326734 8.4558994720360534 18.470128970241671
v -6.149251522802416 17.080983484361198 -6.5334724180388406
v 24.166484859967941 7.1010187105187903 19.697279492755996
v -1.3570626417506779 1.362519454103813 11.473712756793882
v -21.981846795927321 4.052179792289464 25.876797327213914
v -21.29252696521403 1.4568910366381407 27.320624626611625
v 0.029727123213890261 3.7709153727983633 15.402661228919779
v 2.9166363839827389 -9.8159948179875052 7.5158458995374344
v 23.328490044953899 9.8824797772526551 15.521940794274293
v 9.4714285102886269 15.260818509639526 -6.2769474721778558
v -8.4464990582423418 17.996903735278071 -5.2624092517225982
v -19.404259711094191 9.9177789224206379 15.566540556537236
v -13.01626482914463 16.921368895710401 -3.3560756919171588
v 6.1134874291536683 -3.4628535972861427 37.344927860281857
v 3.6571959999999999 -3.2550959265490618 37.963140810977663
v -24.905899999999999 7.249690018313335 17.003987563628861
v -2.4220793557567641 9.8796817012628804 15.642552147895181
v -21.03581941257249 14.346682671937584 5.3171123081158642
v 11.77247587359604 -6.2837776632904703 33.440718775825935
v 3 -9.5384029686719565 6.9466661342856089
v 20.639760459743741 14.642905875046063 4.9295086805612733
v -21.22611954660962 2.7981021210517767 27.539946517560047
v -10.47126067910175 18.435319999176787 -3.8193257446420663
v -0.19584495324726886 8.0410393270784866 19.298391841985556
v -2.5075139522133929 9.3066234314558756 16.785918244033457
v 24.43874615199994 8.1919019693246646 17.458930743510429
v 18.559312019149839 -14.673600583123404 8.5748279166320316
v -19.697658323527261 1.7186814377589119 29.580596578031493
v -10.99397207065236 18.558587744267477 -1.811631190150349
v 23.6419857934292 6.0763187964024832 21.832428655212507
v 24.407182783230169 10.115396347471055 12.969540796680233
v 19.822001097885568 1.772611207836496 29.433750899127581
v 21.388169740664729 0.84492791958247337 26.821220464589636
v 1.1907214035457621 -3.4506750125907937 8.8188486226018981
v 13.76172059423596 2.0160180850697094 31.332137036390751
v -12.76256181870993 -2.8064892396004519 -10.217200327037538
v 21.291625602826262 13.769616097495531 4.4424844019431884
v -3.5441219792650349 17.386350890949352 -6.9564819818585697
v 19.028616093960949 -15.57862153224074 12.735778681764135
v 19.491418915657349 -6.3404088066714097 -3.3789380269964973
v 17.133821481821869 -8.5180592438649771 -2.9225273526310147
v 24.89100805978013 8.407696823156618 15.223046535744288
v 1.080401185933207 2.7213422316324563 14.400552185021384
v 24.675175335601601 4.4497367534906127 18.48744352474575
v -20.024067099867182 1.2979685474676326 29.237092274590815
v 5.9174513882973363 -1.2260727378834977 37.278536229787655
v 22.060232512062239 -6.1012601843254091 21.924707418613266
v 22.657368659798479 -0.36119661439459111 23.496871179295113
v 20.50818067103101 11.490256187972847 12.429133268119378
v -1.7033558265732829 -21.356976248957377 22.870259976684501
v 10.72539600344974 -3.6365160085449406 35.381078757112562
v -23.713320614214489 7.5433172123076373 19.706067143064917
v 23.15628128130275 2.0070454290725084 23.494071395577592
v 19.316229699758889 15.476187061470194 3.8419950517438473
v -2.2005956361885328 -8.5711734223721532 -3.3523111346584855
v -24.998021561170841 1.2759926055091877 12.467144624506776
v -23.06978678073542 -4.1084052199904084 20.557438269675075
v 3.6397417456534131 -1.522242085287373 37.7634911622781
v -15.94963452812188 9.2778855386752337 -5.0154222687670575
v 21.505592655670711 12.960740546928355 4.2989881007586179
v -21.437131746971261 12.722503720727808 4.0458083467125361
v -23.508451243675591 3.4656316922812356 23.148991747629509
v 24.699625000000001 9.2074655641546741 12.520205806030912
v -24.225441628162031 4.6272246294935728 21.087428351116479
v 24.219969959821299 4.5371073930172345 21.065027335043624
v 24.94178824169526 7.7674496103919326 14.564453176915144
v -24.940403914966751 7.849555140370545 14.575527446600903
v 2.2490765101119909 -14.331239866291581 32.438364711495154
v 19.992161745310199 0.63437857546933285 29.051428404266368
v -14.946503056016089 16.408683477695039 -2.1491398970870108
v -2.967946532476768 7.5592659592297924 -12.182346090024026
v -10.598418881902999 17.406175839527467 -4.5683701217399495
v 24.690264462333271 5.5532962984857956 18.9487419532838
v 1.4546496383052721 7.5459852887741317 20.2871895519704
v -19.514439057955151 2.2781054022901368 29.501879557158436
v 4.9405325095845827 7.4900638140421725 -11.881150338822156
v -0.051699850295586047 1.7558270256419943 10.825265324251969
v 6.1301488487849971 -2.831244843712887 37.589279783975172
v 6.9938565474335492 -13.820568248016473 31.689764489066505
v -18.451029999999999 0.53541274835444375 30.977943521855359
v -21.9315563124634 1.6750189346790556 -0.79028599148786505
v -23.973303734432442 6.7635888286426269 20.540336974401349
v 13.63226712392107 -12.177373693922402 29.108937776764702
v -2.4547743937462099 15.176624529785881 5.0740896329825986
v -19.525355304329938 3.8608347464561206 -3.7218920406673721
v 16.064986593680811 -11.303653514085939 27.533169567492937
v 4.8772579999999941 -14.165509704888969 32.107699825149325
v 17.846389529144599 5.5573837882922694 24.266402725540971
v 24.42838283651599 -5.2486792754122602 15.018682000826709
v -24.499697845552959 -5.1514357197345895 14.748325109206652
v 20.564310142145182 -9.0812322122079543 23.110047125918314
v 19.122500755336731 -10.016342808305987 24.758564986311796
v 19.001391449804419 4.5139228217446083 -4.0883251908092362
v -15.671650091941618 -11.071432733030989 28.021514672808713
v -23.80281145579681 -6.4021640825979169 17.070390111293587
v -12.62203935024216 17.81890875674965 -0.20197223690095534
v 1.154510769203086 -6.1782417817209039 9.8625760514210778
v -17.116999907605749 -17.439482226549622 18.479000697878885
v -22.392784154068799 10.540066626157367 14.324951873529592
v 0.80059391614536046 -2.609641342281499 38.318566872419453
v 14.93006770570719 1.6930691068534971 31.976484970849967
v -22.513852953990678 9.4353644725017887 16.529054065870532
v -16.72749752466153 14.566675748485153 -1.4519844132609574
v 3.403346205901673 -2.0637177786571206 38.031119304392561
v 2.1642616152132481 -1.5380974776494507 37.886064204485024
v 0 -4.538926709741018 -11.693995418524633
v 12.587394738567459 -1.0915281651110949 35.238319534286724
v -10.3944885835951 18.782905256550336 -2.8095643366965692
v -19.056342434394629 2.6500546763302086 29.513102059983922
v 17.0298351054563 1.0400579382915001 32.025311998369702
v 1.545479 -2.9451518818171083 10.714423513791484
v 3.9535561259226251 19.62383247537149 -5.0273723845991611
v -0.79999920000000002 1.2626065926696342 13.910099484163922
v -20.088466643857899 0.51510131269865755 28.842712108573998
v 9.4016876642505114 0.18382155329595629 34.987736311832251
v 1.4167008282600959 -4.4544486007972477 8.6837730790651797
v 9.6220948763416132 10.554651367977636 -8.665488862610438
v -23.721811232549321 10.514901469781462 13.827050448982366
v -1.1637557683725941 1.6146666543182309 13.75492641305269
v 5.6745008322535782 -0.83470373285427812 36.911268713874009
v 12.536295000000001 -0.541604325939264 35.127765569229325
v 10.643958567554821 3.9295662592029945 27.51422493057969
v 8.3399848634081657 16.808375220679128 -5.9257723349994542
v -11.815472062061319 1.3822868542560331 32.596557849339433
v -8.7261779110812956 13.216626769047332 8.9846779731353834
v 17.45186758918658 16.480172646785107 1.8586606040923712
v 12.26574256333409 -19.422814345785675 22.700951819330534
v -22.053503745504351 13.486469584055683 7.1664599511661109
v 14.919307828448179 16.300220222699558 -2.2285033835456964
v 23.188156203229919 6.34030763503279 22.073348897203978
v 23.306749341934129 4.1891534530469015 23.833475944204295
v 21.46337090970875 1.6268635304829067 27.087858915151415
v -5.9594355247097992 18.353450825207759 -5.9229059978322276
v 14.79704821893813 -1.6901634116616879 33.649877357907222
v -21.443805431969729 2.2188729208058087 27.316392684807024
v 5.1541904626270574 8.3989110480434217 18.596986365584513
v -7.6483277617998482 -4.7273170981581352 36.203936189941501
v -19.308275109230092 15.5024533221545 3.2266789913945058
v -1.2891382231968169 -1.608447013140704 37.968720291961674
v 1.0975255292159001 0.56518464921561296 10.716041833482331
v -23.53558270942494 5.971825334837809 22.137889763568545
v 24.201891172694118 3.4237234065264404 20.565276442739787
v 3.9151118951557931 -11.320735891961137 2.1336170380577659
v 9.91675022906146 18.816739988100046 -3.4817065972362293
v 9.7547304829494195 18.921369713424482 -3.0599630320635036
v -1.0449594304362551 -6.6078011699849286 7.0758016444450433
v 18.652050476602781 4.7205749039401042 25.93600415653993
v -1.3558145225125109 -5.3500987259414909 8.1075104424095628
v 2.6499451378395071 -10.184276132511137 8.1607494181733138
v -23.25492736116118 6.6119236973050208 21.607642195923589
v -22.47198772079938 11.363722738598558 5.4971311027695569
v 4.5636558705803214 19.270505070446056 -3.0940225092738789
v 15.992105527752461 16.939424232567521 1.4411374824407162
v 0.18565875033126361 19.015125022986332 -2.5854063006651451
v 3.084015164603902 -2.5161568124197129 38.158444276165213
v 22.38323924146292 13.013013726175426 8.6686521817634929
v -19.25376 15.512540831194467 3.8058688936822573
v -1.5868131132339931 7.1652346266711175 15.206552973346746
v -14.76199310846318 16.998360968891856 -1.9129891215874117
v -23.380248342905009 4.8184034726051266 23.408134945582844
v -1.3856390000000001 -4.5284368862251752 8.562805151435203
v -1.134524210230037 -6.6461189056763592 9.657210442752632
v -24.812671289985389 7.7018341766168286 17.042683970267866
v -18.0747057262918 1.43793517259589 31.086200208705836
v -0.74659623572384604 7.6709801550229466 13.997365557043885
v 1.1539699112744639 -7.0928493822084198 9.4049606201684401
v -24.192857860632191 5.1873114088356216 21.309884257647173
v -1.5425422734846019 -5.2539267960198828 9.5651898702925777
v 0.50946152775252873 9.0398528054069995 14.573585638863962
v -22.96131466472681 5.0235574321895289 23.874783353607032
v 5.0904488874515561 -1.4287897528044065 37.544944112713623
v -2.8618302590364042 -9.8131174296553514 7.7745800875019198
v 22.010354021783382 11.613475262488267 12.183286519854295
v 22.140923563133029 11.266278326273452 12.876013990107529
v -0.017093126691207772 -7.5318394070253083 9.7395496466344333
v -0.56683408000170354 -10.792430494700906 1.0795418916723136
v 1.557827987015155 -6.6091962344222166 8.7730754440217122
v 9.3992107866352779 -20.327095339603208 20.47200635761347
v 0.94876236460795016 -0.0088012839176017654 10.300668698052776
v 1.76517792181983 8.5150168459241264 18.355148692500265
v 4.7261921160965814 18.924500285065179 -2.4036736188559313
v -18.83098969011138 14.939852978210229 5.5464963302855246
v -0.020569186650882865 0.43106578586621624 10.15670686214731
v -18.42050627250174 15.483845222680866 1.0062299522500329
v -9.5134456963930951 -4.4297497757790554 35.606579575485327
v -0.39789029724695496 1.7282673585664776 10.86243390323998
v -10.35612201311648 18.668566132342832 -3.4248213329577073
v 0.60752891620915506 -10.848449202466146 1.1913104404968937
v 20.246188281124631 1.4717473267034626 28.979341156893696
v 6.0524915937197186 17.224093501290877 -6.4861092864712049
v -22.406655410237061 8.4189108728692332 18.557082706847957
v 0.042319889373367836 7.0641633595932394 17.051391784916774
v 8.2492338088254371 -2.5771068660476009 -11.84113970865846
v 1.726209992217355 18.917079974607812 -2.3898787545975484
v -1.17867685478355 17.352797070793208 -7.2274438318733907
v -24.421810415652409 6.7662868154119371 19.591685899521941
v -23.066996430198401 6.318823680476461 22.209526561385537
v 0.099056078627007826 10.673722089203455 14.045384139643652
v -0.07197181334306757 -4.7372968276650802 11.13210033545268
v -18.726652401582889 3.0744171082709513 29.114287189064711
v -23.118478954005049 7.8303798208143975 19.619490383850028
v -22.712783334262461 6.8038704726846211 21.657041986039644
v 14.70137645216464 -6.5896354382785525 -8.0199606381371069
v -22.219538218676728 5.6742389481571101 23.771096460999487
v -17.42315095835907 2.2777144204965749 30.674292401302402
v 19.94350059073712 13.940500686540874 7.5404044345654739
v -18.258869495642639 0.96928441048374514 31.121083604063958
v 24.345159345701909 9.459899860732623 15.172760293279117
v -6.1350358542284988 17.470832629675144 0.49668468639206154
v -21.587154429136959 4.4243913365891636 25.898331365256816
v 3.7380573061885771 17.333485992372744 -6.9516292504779464
v -23.98059634539764 5.6860144320754502 21.619451848825584
v 2.764932891396275 -2.1221730385940618 38.118939771355492
v 5.6493054454286016 -1.7995883907706527 37.63769589393231
v 6.1676254170316076 -2.2187938171023998 37.620411543385657
v 24.15298742441114 5.1240970819737868 21.451930316800961
v -12.37514592595732 18.307707908993336 -1.8273079778540087
v -0.40611078558734109 1.4883893993766959 14.203223891818714
v -24.41154491890461 10.133832507692514 12.935432361371852
v 2.7091049852519542 9.7823338880929427 15.836780544859412
v 1.5975225062718801 5.0481232103826033 14.236441105909353
v 0.41410829999999998 3.4880742328577679 11.746842342807803
v 0.38267250968194377 2.4047393851379617 11.199242526058011
v 24.9488310608786 7.028168524156392 16.689825071812308
v 0.41410829999999998 5.9555277594071612 12.983536918175533
v -22.400266028230941 3.0215631290230167 25.733102108456183
v 0.41410829999999998 4.6072719610712793 12.307787359341159
v 0.46167963691449743 0.37475817399788736 10.208479105944171
v 0.41410829999999998 -0.94913701372556214 9.5228997155745176
v 20.582512440893719 -0.29135045375668472 27.670440358202804
v 0.38195196366646023 1.293369115727995 10.642114542819748
v 24.304327845052779 9.0468375719605181 10.098320716138867
v 0.52424259507413118 -2.6477675979638975 8.722565717300645
v 0.41410829999999998 -3.6281179102055141 8.180187033636507
v -23.940573469147889 8.5722449804978105 17.653150035839374
v 19.761772886257969 4.5395997086832187 26.297085940715931
v -21.172290746638819 9.4074450745491269 16.58475886017429
v 0.39065889248631591 -0.32817379223075477 9.8306749454433344
v 21.496404851982 6.4600558827613535 22.465390990567375
v -13.0458360389785 17.999884474493712 -0.66998276961399306
v 22.69338749823681 9.0193259509195638 17.359134295625896
v 1.179608454557707 -7.7499499468374573 9.0382450146052022
v -1.3856390000000001 8.5196857969342918 15.102560558120441
v -20.481578436810651 3.4622947922599292 27.770490333618536
v 1.581267441979787 -2.5977369379954998 38.283903567781351
v 0 1.6379660187799661 14.337998905918752
v 17.0341259420954 2.6668956498637817 30.033505850816521
v -0.47487955525944409 -8.4127712779550272 9.2114014428448225
v -1.1313709999999999 7.6899666882302968 14.316053437862736
v -21.328825865414849 10.524750772642379 14.355510070776015
v 24.711006666076631 7.792411503222195 17.348180052656645
v -1.5158206657870399 7.2294133417701882 14.807437748356818
v 19.627094351719361 5.5976921330945455 24.185979499376035
v -0.79657785365012557 -0.24223323096602373 10.054397084684274
v 6.6217857093345813 18.190501383570012 -0.93919870803237337
v -9.2449648567091707 -14.252655194999523 7.9833836400412572
v 1.409005814760665 7.9806200205441202 16.559003132592906
v 1.2070469490193421 6.8861166577383317 14.023475327590322
v 0.5347279659324321 5.9507386235659974 16.382704752186307
v 0.92756326246913168 6.1198343637645811 16.235067037902212
v 1.1442975121847601 -4.4140273943027042 8.2683410496129319
v -1.3856390000000001 -5.264407444921682 9.9836616961166715
v -1.139079906189941 -5.4544307759600423 10.247846715711454
v 22.593537718911389 11.155995459135376 13.038695333600051
v 2.1824137656458191 19.462526179274036 -3.4773566591427567
v 20.67404340854366 6.7000508624231871 21.986552908218176
v 24.108918185812509 10.411764182971579 13.31536741394423
v 1.4372691223058991 -7.2112471681053041 8.8684706059759879
v -16.720294412589539 5.0112946889256413 25.355959921699693
v 1.36999617971826 -6.198854040160577 7.702784692794399
v 1.550817975654359 -7.5227632191185112 8.374751234119163
v 1.595719212917696 -7.4367798451797489 7.9636516143065084
v 22.52620615752706 1.3936707555475607 24.725646456614115
v 4.0152230145938903 -2.0373577300965482 37.952795130861965
v -8.339117099477475 19.132685844314896 -3.8418905137499113
v 23.107436353138169 10.822629187449703 13.649186085286756
v 0.23474928078319229 -8.5772715591635347 9.1835225309276574
v -19.408998200342811 15.191724728371858 4.9012568011294713
v 14.99769184228521 16.065899088140917 3.2998086675863334
v 23.21288838628017 11.116630891408048 12.949222740696914
v -0.79999920000000002 6.6063362776172676 13.48850426821452
v -1.112720270238388 5.4530886512809218 15.74197155054909
v -1.0756600508997181 4.2363992043482677 15.163972283697275
v -1.1141392311832261 0.75753543053802208 13.387329309400238
v 15.78893083160429 14.464355985516478 -2.4593382541189168
v -1.077000150695995 3.0556622388482997 14.571033419448971
v 4.9328309347538566 -0.91826315760458632 37.077825914975449
v 3.0364278186335691 19.672541565466314 -3.9968080964838162
v -1.107430389000764 -1.4793449828811243 12.271956834593873
v 15.11948469287325 -3.9649967828843038 32.192760875762829
v -1.1329313991147201 -2.3732316301922851 11.801115382749527
v -1.5890711207729791 5.2250191232140768 14.438970780171712
v -1.1666084921947211 -0.27017415658232014 12.806080351173289
v 23.35965887133305 10.124590303948489 15.020353058204677
v -23.650790855499189 6.2371497206407378 21.648644486551049
v -1.1313709999999999 -4.1942300149417218 10.890700619153694
v 23.462389962822339 8.7503424414495914 17.739961544560629
v 1.1097408778851059 -4.8555822325239593 8.0096233406226585
v -17.395627617568749 -16.281483564777481 11.626895104562122
v -14.3455815545195 17.71724199717243 -0.62175316904951927
v 24.665818273294441 9.5392018787288801 12.992074688949289
v -1.5027428491550201 -5.7229172392341425 8.28037598685383
v 18.677994185317729 3.6039992504768943 28.163796360591412
v -0.84847201934735827 -3.8887492944286413 8.2699444621567029
v -7.3620842056525788 -4.8561267969534452 -10.587673699875317
v -22.536046811170099 12.7550168406314 6.5371953569860768
v -1.546519644876748 -5.0292827887945384 8.7522813154066945
v 1.5550543673820809 7.1766757296382151 14.942455302185198
v 1.3983983740193291 7.2757842137882252 14.513571267320762
v 21.38569030255638 7.5202528398903032 20.350085584681771
v 0.41410829999999998 6.7396401849250456 16.833987630250725
v -1.5175027718005241 5.4376802644072466 14.99147345357818
v -1.3930420172362039 5.6250472047069113 15.421494475686462
v 1.556782936091536 -5.8368321032412007 9.1690654054008007
v 1.2839538431022499 17.692590092067785 -7.0442480857662169
v 16.217389540416029 -3.3684509274566099 31.519331871486703
v 24.89081537643354 7.5986944840318733 16.82605613816666
v 1.5360751150343479 -5.2737014063649861 8.5955404924567791
v 1.3563456023217351 -5.1762015007233364 8.1954423772863016
v 23.72772133623689 10.437655639432268 14.001659895817243
v -5.4551308788590669 19.565263159923937 -4.3514931713229252
v -20.508217594539438 14.672565769049013 5.4869391013931459
v -21.201463102628939 13.821973198513621 7.6253703440217269
v -5.8437446318394741 18.870037617682094 -5.6172550570672222
v -1.595352389869654 4.1976109336598517 13.791724015181142
v -1.5495438974640059 4.9696510498795368 13.789469757861504
v -1.53491234440131 4.1807145002836377 14.314463334749824
v -1.3339885691233619 4.2001555234807464 14.802621194883265
v -0.81810832801688149 3.2309429432729315 11.812291573305563
v -0.84141880751106357 2.09635632743956 11.263641985212823
v -1.551629887181752 2.541670721578781 13.412175416495867
v -1.3856390000000001 2.3877156358646485 13.818927082974295
v -1.5379148046017379 0.68454536017008094 12.554065343914978
v -1.3942088622703479 1.2008213053745984 13.20090902009998
v -0.75930989822295891 5.4331442278162658 12.881646104398595
v -0.83001371055542572 4.3902358093944542 12.403551283691595
v -1.35705655419878 3.2126748232682973 14.27406541583473
v -0.79855155818231771 -1.4200252794078168 9.4649988340108031
v -1.5358337353538829 -1.0088248505527209 11.710963507538363
v -1.3312139114156349 -1.1595374826233562 12.120372941331233
v -1.552973411479502 -2.4634412171005304 10.892184598196598
v -1.3798068458588031 -2.5736118066921674 11.340797870268732
v 19.87537264342718 3.8715557927339868 27.535258751352064
v -0.79999920000000002 0.90357583215633974 10.63026485999926
v -1.3856390000000001 0.029775627799714488 12.637120987888729
v -0.81092773235292959 -2.7574952263392483 8.8047062821589304
v -1.54372530670978 -3.8200287181260335 10.280668740497667
v -1.371566242769396 -4.1707972809571778 10.552296928578595
v 16.726300499873151 14.795327005119315 -1.3415214437389089
v 16.74771474338959 -1.8357138575196084 31.777254745405983
v -1.599998 -5.952411779467818 8.7439748994914286
v -1.383899719816184 7.5102194103576254 16.388875694576424
v 11.91229831825064 15.943095237431093 -4.6130140943590074
v -1.5437706168622609 -6.8100394716345489 8.7819446662797702
v -0.41410829999999993 8.2896071216505725 14.153383991162105
v 6.5516572839754819 18.952926832012132 -2.460390277042146
v 0.39928118261663897 7.9980909918357659 14.005091787566739
v 0.91811095994989467 7.1525440161221159 13.863645483324673
v 0.47980159767087199 7.1445639034318456 13.609920346610441
v 1.258823211213445 6.1533074012255424 15.891119787855427
v 0.44904132552286741 -4.5698048366148205 7.7243951292008255
v 0.83392891980642259 -4.668632857502236 7.8665816851565751
v 0.81737470897070863 -4.6793685793829773 10.917051550328255
v -0.40401464873037313 -4.7918180263752417 11.055875142021746
v -23.485038846939531 10.191327584329905 7.5988218474888116
v 1.549344947402137 8.2311688018152296 16.283180880675456
v 1.5894024244969001 -6.5004762117914945 8.3792602418703428
v 1.545479 -5.949031531954307 8.2824590492963104
v -20.13941337796367 3.8499363090249306 27.501630839732357
v 20.425777192643729 14.705636488348922 5.4737367292808834
v 0.80476423555126242 4.6667399263120117 15.612170745142718
v -1.5147151842138571 2.4502387546817803 12.409116707284777
v -1.539741879945689 1.3516763612625602 11.926100643736488
v 0.85322865081916888 2.2829652049251434 14.375819102095608
v 0.80481740988902539 1.5192083969454711 14.034573542192502
v -1.545479 3.5124164095559771 13.024563092387687
v 0.79999920000000002 3.4856956426433028 15.024317903712666
v -1.545479 -0.60879328674907018 10.959001321706321
v -1.5349880395106379 -2.1243826040567888 10.171052113076257
v 0.84439585619492019 -1.1128515350915404 12.681407507844641
v 0.82160789035262094 -2.1286904691812079 12.191825169470224
v -1.5544849812828609 0.24853315159263478 11.465213280584457
v 0.79999920000000002 0.19941096737486363 13.377222877488581
v -1.5476954674175649 -3.2441646646610973 9.6569776345448357
v 15.234110163389881 2.7008385372239552 29.965782987963966
v -1.525119829570651 -4.0079675027397599 9.2003442792776617
v -18.037985258454921 16.134391033147907 1.5752652204965649
v 0.81550269588209512 -3.3990912949232914 11.560336841885048
v 1.070337376774896 -3.1353172196621588 38.263996320654158
v -7.5323383557073793 16.798199351373732 -6.2570187062482745
v -10.476204732298189 18.012712322962884 -4.26598111465524
v -1.3636003128971581 -7.7347199708000938 8.7776614112336127
v 8.24770166258687 18.466538785604122 -5.0406683704302786
v -1.405576975216098 -6.1648200770575272 9.4785289278878064
v -1.516865009228084 6.1981681822038919 14.293395131694826
v -8.4689977065087323 18.970427703531982 -4.2514581556144986
v 0.030219226232186924 -5.9185175659737501 10.546218000000854
v 0.41410829999999998 -5.2861563299274215 10.806624944643319
v 2.129341531462754 10.101508315119828 15.193152755836643
v -0.039650576310757191 4.6821819502831419 15.857929174857251
v 0.43241540058676858 4.4260520559114491 15.665929121193113
v 0.0026215414410664661 2.183527809731062 14.611049926995516
v 0.51341990048556896 2.2547315771899124 14.540127782566673
v 0 1.0574854659877118 14.047060437161225
v 0.3853839742786197 1.3816452161776711 14.152775789446013
v -0.41450773940087166 -0.042530969274807762 9.9774782457088378
v 0.061999564844024413 3.0183033097706433 15.020697296180161
v 0.43023803252327908 3.2446893611917229 15.074835627361034
v 9.6555887383161085 16.644770578647826 -5.4687483702536106
v 0.014224333800443356 -1.3322324566527306 12.847232385105281
v 0.4223647164429371 -1.1150622849243161 12.893363683207349
v 0 -2.6019550257146067 12.212938677105987
v 0.42078237435777799 -2.2611866022320704 12.319656086046431
v 0 -0.24492938633129385 13.394286488063287
v 0.4046206236204386 0.25964663521097731 13.587594050333131
v 0 -3.9557860612068634 11.534394793890831
v 0.39438086588932819 -3.559855084262149 11.674757137803278
v 0.79999920000000002 -6.2653514903558882 10.137065939782406
v 12.4611617100648 2.6650303136382778 30.037227570422552
v 19.693258667509149 2.3209061482496867 29.317475592675525
v -0.71493308891319352 -4.5505294227410262 7.8572416452631764
v -0.30126421548022192 -4.5035218067305625 7.7248142371616346
v -1.0697324109830499 6.8598970078545998 13.847113165868635
v -1.381959774641236 7.354411102672386 14.513158385858448
v -20.222142070261331 13.866770597778075 7.6875107380571617
v -0.39226949550129292 -5.8551129398120159 10.524678447620518
v -0.79581423993318423 -5.4643871161721007 10.540450409968013
v -24.7104124109661 8.1732989668552243 12.062420232065559
v 1.549458280787894 5.7493253246712399 14.179517249143519
v 1.397823239735942 5.976264239677036 13.860695046041455
v -0.41410829999999993 5.7662954155307178 16.346144522641772
v -0.79999920000000002 5.6144239379999945 16.091242450405531
v -0.41410829999999993 4.3956470449822262 15.659171744287399
v -0.76872579145352105 4.2432269155344633 15.418483689672069
v 1.599586559797924 3.2410882060606414 13.34828695989296
v -19.391805139462729 8.7831125361690052 17.830427398105329
v -0.42942826735608891 2.1811940957399552 14.542184005269432
v -0.80851757590756579 2.0394305029004012 14.292134448772417
v -0.3754369974158876 0.80158504768609673 13.863512881848289
v -0.73586022501817738 0.43124642128122526 13.523135107696049
v -0.39326569894352897 3.1856685149413733 15.055796568588312
v -0.76991640216994139 3.0880843696544691 14.838971419263142
v 1.597005158861583 -0.12764325187824005 11.637937007629652
v 1.611721889017202 -1.5506005667079172 11.049784665399338
v -0.40098764464109699 -1.4557141160919898 12.728385485901665
v -0.82870794304599538 -1.269820700101064 12.616199096936048
v -0.42208578826593507 -2.6348624626643238 12.131764831663897
v -0.79999920000000002 -2.6534139959717935 11.947379065362853
v -0.41410829999999993 -0.411935221320128 13.249598131087591
v -0.87319332400826277 -0.314809508468537 13.056671460789698
v -0.45431725900604941 -3.8084360024479276 11.528633632299472
v -0.81357358592393836 -4.0072269604494828 11.257193313110649
v -8.9664191437748499 19.000403725712111 -2.6993078951005618
v -0.45443367200240398 19.766618836946698 -4.1880415806739499
v 20.1424131683155 14.627291243818014 6.0493508306809707
v -1.1102958073995031 -8.0155413627082304 8.9935376211833074
v 1.3939177008683969 -3.6976248359790036 9.0015677150645637
v 1.404642378604062 -5.956277539495626 9.5855749507902051
v 1.140133695778216 -4.7752135321159503 10.586736111161489
v 1.2277495752019649 -8.2545421294437595 8.7151635626659569
v -0.0094902632976887613 7.2119482046599783 13.55367247218382
v -0.43705125923321803 6.9650577873669235 13.500145476031504
v 0 5.9836411701819081 12.936643988839988
v -0.41437299293627966 5.8948625368547285 12.953253969995403
v 1.139278151940547 4.8697174379729917 15.422049540827492
v -1.358656636737879 2.1248664038491305 11.858126756021976
v -1.1415641111420609 2.7255070456024835 11.842711070584707
v 1.1520441609676191 2.1162266093488564 14.023382431084725
v -1.3981071539466761 5.2625883362965533 13.503765428420573
v -1.1477877168326569 5.4413342641588045 13.212963458330339
v -1.3644872718516321 3.7227628941254851 12.667496313080294
v -1.1411052994248501 4.1073984058962418 12.534650051204933
v 1.1313709999999999 3.5444727299551579 14.769359974647644
v -1.3583772624195749 -0.52451437499897358 10.529842488046636
v -1.1039730308713269 -0.5148774381731589 10.180245875548213
v -1.346201925453822 -1.7594118986377358 9.8931602734404436
v -1.0875872184786091 -1.4980973941917872 9.6733886531714592
v 1.111463005103603 -1.7296268716314018 12.143053651759322
v -1.4103729715265849 0.59365574215592054 11.19680817562635
v -1.141783683395887 0.80279204085548528 10.879361031735987
v 1.1511742197039809 0.70276913999386903 13.316221783267627
v -1.3856390000000001 -3.2275482595292435 9.2148141520027878
v -1.124753024941987 -2.9632699692659212 8.970941082015516
v 1.166359148030955 -3.2394674806296093 11.318225757708481
v 1.5545283324336081 6.023655204224335 15.132730106246619
v 1.545479 -4.9227138311452903 9.7232639604815176
v 0.81565580250989245 6.2616379008154404 13.329179214042831
v 1.1313709999999999 6.0833716529282116 13.510823534404595
v -23.28873510270159 10.021134402612914 15.248126433521278
v 1.3577867694185071 3.4583419998940363 12.525200420029977
v 1.5177430265732581 3.2060336770098457 12.796100141027807
v 1.3856390000000001 2.4471606469762501 12.058994050815487
v 1.548569625912422 2.3797713344066889 12.483137127817468
v 1.5933035110237841 1.6075777846586585 12.476184292747252
v 1.3809223649185589 4.7022006102791511 13.182350860038008
v 1.534069853379864 4.7955926527431121 13.636883342308892
v 1.3275929041742081 0.34604480188548536 10.921294432639137
v 1.544909120535273 -0.4500496418337967 11.037025076216352
v 1.3856390000000001 -0.84435851257304839 10.409275486500277
v 22.130714221722162 5.8730998644909276 23.506307243590371
v 1.3512553460616259 1.2557465553002922 11.411732516312247
v 1.5332110111176041 1.2275307821625177 11.846241433664451
v 1.4188392710500051 -2.0736564345836905 9.8828077642956202
v 1.554874146560181 -2.0391339664269896 10.321934620387079
v 1.559815097724657 -3.5399618060753748 9.6116953567190535
v 2.1673815544668309 -6.2006043455426312 36.686858002092336
v -1.5550723582841539 6.8374863497337275 15.53600241653287
v 1.385795324804401 -4.5599920164227612 10.336294506963315
v 1.5319442947698061 -3.7672984195901789 10.338912496230993
v 0.008836602311152908 3.6274398357018613 11.757010639558436
v -0.41410829999999993 3.6190467087546407 11.812486112273504
v -0.038945565978843966 2.7056632213744787 11.299447616088061
v -0.38616052855779076 2.3516290492329865 11.173137139209357
v 1.518113180733865 2.9810382045700488 13.758549177048469
v 1.4200730886934441 2.1066685984294153 13.585074630501889
v 1.554300664886973 1.8926835743851296 13.064209924855428
v -0.013457775633294977 4.6608161245869306 12.275622246575487
v -0.41974863637047327 4.6912367754045317 12.352483882790425
v 1.3607570908106079 4.1011294918561338 14.713966855514434
v 1.532623781314195 4.6803982392581185 14.571086589050761
v -0.018755224046137831 -0.30023546033050985 9.7899095097798643
v 0.088362753430605234 -1.253030263924203 9.3226168197892534
v -0.41410829999999993 -1.0030149438375551 9.4958959470396245
v 1.409828405363299 -0.39726338833543112 12.357763204163005
v 1.53551623370459 -0.52128580615820819 11.956176861907496
v 1.387043748932645 -1.4776360997129361 11.877808443022472
v 1.535214385257786 -1.3795663320971161 11.526819429479866
v 0.041529432314189985 1.0724337717190791 10.481248981789562
v -0.36111216314293287 0.98293912487622193 10.483457204690795
v 1.4115138271233441 0.79262892893883052 12.9495889838404
v 1.536325816459752 0.44413304585516356 12.437861160910282
v 0.032261608392442243 -2.3192712274848839 8.7799521743881925
v -0.44928084166671695 -2.285578537261677 8.8693666743084822
v 0.028785104471237943 -3.6711445522946873 8.1018775356269241
v -0.41410829999999993 -3.721362397588686 8.133452637025206
v 1.410152347928298 -2.9494148473341744 11.077742966993659
v -1.3356238614706331 6.2654300026658865 13.89981359647888
v 0.79999920000000002 3.7530404919429161 12.058424478627673
v 1.137731932822688 3.701492172707316 12.326291319318337
v 0.80243822853747082 2.5799920126962155 11.47258283832228
v 1.094460227266941 2.6276127279133754 11.747105447253693
v 0.82762358183058793 4.8652333544106483 12.63956982562061
v 1.1526553171797469 4.6861410697815078 12.841554088263127
v 0.79999920000000002 -0.67882746247003667 9.8371599243025951
v 1.1272161650346439 -0.6027744372923165 10.156142231309296
v 0.7917430958619941 1.2137064280443139 10.781878187824251
v 1.09904229823897 1.3973531719042036 11.134428921033562
v 0.81377325783877941 -2.0742023124698936 9.1496170287074214
v 1.1802560563034701 -2.2174992736948962 9.4216642698334869
v 0.88658735560812407 -3.3611507585172302 8.5670943405113071
v -0.030296354224946642 7.8772438380045715 17.460680656100156
v -23.04355963127966 10.743121701857454 6.5362156918169045
v -1.546554528106314 -7.6203177202113723 8.3620795350709436
v -23.758169379087601 8.6359918941864304 7.6479453252644589
v 5.1047844877345874 16.121756934010218 -7.329241833774617
v 22.00475489199561 4.1270535712624747 25.818098673657538
v 17.937292620886119 -2.3293432701194368 30.245868836125528
v 13.51655586151163 -4.0893224104088377 33.408899795680298
v -21.925828799444101 10.605111331414378 3.8601968962725008
v -9.6905990393491201 15.860649426736289 -5.8593638589078374
v -15.777325049323061 13.646660241190645 -2.8958609442740713
v 17.60789879935793 13.250911323969584 -1.2464468646913609
v -0.20717868537272138 -5.6558965736702715 37.079800699904197
v 23.90479698799129 2.7837621184217367 21.543709102045401
v -13.913255006975859 14.286784772512471 -4.1210191116321653
v 21.873015375846311 10.855509792562044 3.8915159673860202
v 20.674539268209848 11.750175968697791 2.143770029904589
v -16.08454830374091 -3.124386293602917 31.782523409618989
v -24.531573334094102 7.8071736214083307 10.511517593858507
v 7.004235516395136 -5.7026104712672021 35.924181117112497
v -5.3714262423788011 19.198183498236617 -2.9497264785900565
v 19.043250630127329 3.1262604990791991 28.961995170466057
v -0.33118350374019273 -6.4159299172221207 6.7707160180568753
v 0.089574276833564448 -6.4898715405557139 6.6980758102018001
v 14.59041105332841 -2.681663816418808 33.305192606315053
v -23.230904612974939 11.685330960648049 11.446349592450613
v 6.2778799848429783 19.476142925153813 -4.0399794055221445
v -0.41524334356454701 7.8952336073338705 17.412648403125438
v 17.58579112397419 1.7702948635282647 31.168637523356168
v 18.44937303417899 -0.88728415288832618 30.36133780923177
v 12.245671538730241 1.0004472634056696 33.358404358401501
v -1.5554710122524329 3.4220720488444982 13.820800238754222
v -0.725031567676097 -2.121221659437079 38.229087853993924
v -0.3678060773964526 -6.6737498819710135 10.117977992589424
v -2.3382459012243428 17.538524687953895 -7.0662495270828174
v -24.287718139654721 9.3208925894078849 10.166580096789337
v -3.5066642330528222 19.707958515941851 -4.2096798844748804
v 14.795340021004931 -0.39747716131274813 33.898301216428699
v -0.013286747144880207 -9.9854303926542336 -0.53058504458329736
v -2.1670631483619252 -10.599379581651837 4.1087241806667025
v 10.90731356671091 18.075588956476739 -3.9675605032874515
v -9.1759127556818889 18.606759977352311 -1.769718025932038
v 1.5967645427881529 -4.1813187218597712 9.6591236059771379
v 23.19972386500109 11.663204130124111 11.583832605309462
v 0.41410829999999998 -7.0034165897934972 9.9459293226103185
v 22.603400941770929 12.643890663598569 6.6192667322319148
v -20.16920740911543 14.611559632856553 6.0790608625805511
v 23.985446061076669 9.4705706477608143 15.815413938365516
v 24.22391563409759 10.589316003449914 10.822208430626041
v 16.584232553882298 1.8807118524686532 31.473037250094258
v -0.05691519263754069 -6.8929015433503462 10.053922598376644
v -1.478842746683241 -10.463854339054771 3.5668848031708489
v 3.0646974196618189 19.69061248147656 -5.1041521478610079
v -2.6088010252473128 -15.225551883600595 9.9245075141741488
v 3.2007832026399572 -14.618252042762634 8.7128226214002478
v -22.367044848979269 12.979793494874469 8.8658456765918636
v 23.525814155502371 11.287902317626855 12.157259562584439
v 8.2416358376234076 19.182192575770909 -3.6652734268455465
v -24.704886878430479 8.9115461187555365 15.184532099885834
v 14.69466109344944 17.058080715202571 -1.916929098543843
v -22.67779628821576 11.91117663884995 11.459629061234608
v -22.35681487811728 13.168562046772557 6.8797644612099802
v 15.03294189946447 -0.9327015249230951 33.756455374242776
v 18.75816954703939 0.70403807872156954 30.673516944988002
v 22.589675297424439 11.90317639467273 11.503815885725565
v 8.0874588495622373 19.184843518312455 -3.1650077711769296
v -0.11734677706473151 -8.3600242768350412 9.3096970108845927
v 22.06654326157545 13.479911822437757 7.1520307702029715
v 22.88878182039738 6.784268430726323 21.60950258640948
v -24.895470617613171 8.4098179804433322 14.907331557018932
v 14.62741059396323 0.087799612290487605 33.871978572227832
v 14.4544867164189 17.625304817184194 -1.1188590416802757
v -3.5412994261100041 19.097533913974083 -5.9801093061014505
v 8.0943414225677888 18.884459925176717 -4.6619701302132874
v -0.6708495806354533 -6.2445174421914977 6.987786581914941
v 0.30331262263164621 19.528894493151576 -3.6097388827907775
v 21.238359539751631 2.872792463185371 27.484569913079714
v 21.402112074883739 2.2133382572188647 27.384156569949997
v 2.0365927355470421 19.742466872468835 -4.1493458078483627
v -23.399385872595069 11.85576054487246 8.4542400227198282
v 18.35604292308869 1.6243365468083981 30.789431567912917
v -5.976087391693599 19.449475516830663 -3.5837340465517489
v 1.419653318347881 -7.9777790118674954 8.5318550291625392
v 16.76414222023163 15.631288879426831 -0.86648869730963796
v -24.188965 10.511293594558689 10.496434763844253
v -23.516931743695189 11.184880626374992 8.2179621931500861
v -24.69200764219423 9.2019796321895821 12.459423994878424
v 6.0572945000000002 18.635614521588209 -5.7132136986770909
v 10.731692866577911 18.250255896074837 -1.0584209360133041
v -24.11354758924265 10.841771558393503 10.873583778175558
v 5.9266114691601439 19.043192145733794 -5.3860046967626829
v 23.47980848572837 4.4070563116379819 4.5631053828966097
v 3.7797956237882131 19.227208158639886 -5.7791966305489417
v -24.060818388948331 10.614715912869316 12.868670830031293
v -3.745006548331677 19.41059182589844 -5.5637846097396206
v 12.476832281566271 17.94587944109281 -2.9048871599889132
v 24.195085258533322 10.179383099828419 10.197583462997995
v 18.54340062758207 15.441240202893017 1.1414777044183317
v 16.668479898038161 16.289785359770111 -0.53288510150320434
v 3.801433941230655 19.478204830877619 -5.4074298293888461
v 5.6408567109244174 19.329417220896765 -5.061649375303336
v 22.533133280615171 5.5181424172540092 23.783885474867308
v 2.8658410820941862 -8.9863915167614952 6.2685577098815921
v 4.2031671962498276 -1.2959858578698249 -13.380109420488278
v 5.6884917058839104 19.451306620295636 -3.5613577669020025
v 22.535820151537791 2.5011988867924515 25.280818951074359
v 21.6308290814274 13.880069557493441 6.4135755798341272
v 12.841608125139899 16.956601317601017 -3.4557572807581582
v 23.5124592488921 3.6613625347064884 23.238523757143049
v -1.2681415070119231 19.739963574921784 -4.127082368721279
v 18.496781156081141 -0.080626621253432562 30.723394804133974
v 16.649477106233121 -0.95461076180595061 32.337589272321573
v -22.572510000000001 12.349429900304612 6.2513572674009614
v 22.59150729074576 12.0113313586568 6.1201818276735498
v 10.524127783180869 17.665223550163308 -4.4727833870923845
v 18.161237146942419 0.90910219290889815 31.218430953920794
v 1.2797136180590021 19.018076107137485 -6.3092713305061281
v 3.5694856255314131 18.930957804916904 -6.1000830494435299
v -24.627649305591611 9.6725190555179879 12.791522166273904
v -14.78757282907829 -5.2409785197774887 -7.4404279446888495
v 16.7881308595421 16.615753180044397 0.15578446686720682
v -1.0939205574300921 -5.7774988667442111 7.5339768996830099
v 5.8669193505808854 19.460999379789417 -4.5859931851044049
v 19.193359685418152 2.6718899000732153 29.416524967832895
v -6.4193868432234824 19.149686942302424 -5.0847422580572683
v 22.289182221819789 3.7369502795669236 25.730848768116864
v 23.35582607370759 4.8531193272024709 23.439775340753155
v -23.857347368747941 11.294695419556534 10.766533585565362
v -1.011273180628897 -5.192412225439055 7.7562841737432615
v -1.1096911251232351 -4.4915803705307162 8.1920193820853449
v 8.1246554662688872 19.119608629842659 -4.1528412925516989
v 3.5550014004942332 9.225720268412692 16.947336268286172
v 20.75595874379572 3.1739893578176868 27.802844291573571
v 1.248665357071836 19.441955695319166 -5.8951176293341874
v 23.652360294119401 11.45818532484012 11.229840874546587
v -0.97342566653003781 19.569496306270434 -5.7221498424506869
v -1.1479649922255271 19.833789571068049 -4.7094924883904383
v -3.74956746720824 19.640994909749015 -5.0351893766136442
v -1.4266339804434509 19.750123457385708 -5.2714732642644648
v 21.64788619106886 13.759884572417949 7.1472079065582781
v -23.052509763834831 12.369542368671409 9.4336629598020139
v 22.933530782957039 5.0564391167882237 23.888116519864553
v 22.654476814856981 3.2766055083999919 25.254978332993005
v -1.23253941086257 18.75021537734801 -6.4676203215285639
v 3.6031226355453558 19.725710864400536 -4.517103437826588
v 1.1762045000000001 19.842117117716914 -4.8325034978743595
v 14.41749771021624 0.56065113660784938 33.665466064948141
v -1.232017829200184 19.238206826988861 -6.131658773759959
v 20.994969999999999 13.778938922445496 7.7867095038531824
v 20.40659470433808 3.6508173015849161 27.601758744489715
v 10.2764467367812 18.803894452561007 -2.8875591801510279
v 18.50378238879744 15.762363529863888 1.5604202474199802
v 10.115654321371309 18.486039617274077 -1.5288567137420213
v 10.509443090457941 18.671937411386008 -3.2835095068321873
v 12.27861327543706 18.271005060545221 -2.4071604333971575
v 15.85167750833592 1.6109671104664227 32.022896842760758
v 17.292290152732068 2.2895812194957319 30.679303336538286
v 14.17083012111387 0.93331826014456964 33.355457670415674
v 21.362529302496771 13.799553781000066 7.4940808588644447
v 8.3845331698464669 17.82349606268167 -5.3779294362441341
v 13.322224554585709 13.944566613769068 7.5322920948837719
v 22.399423893856131 13.122339824467392 6.9187467980340234
v 21.709881105345591 4.5266667074107145 25.691840778336026
v 16.9267719893232 -0.2492259755986643 32.330005234763149
v 23.940590991110099 11.183249445560753 10.73860622471032
v -23.406845108094519 11.353099610206874 12.117112635237747
v 5.4350258807715361 19.563928442551408 -4.1459465409916323
v 16.319714471278221 0.69847628440580267 32.632083753919026
v 15.69332624373696 1.0658064512037519 32.700518447956497
v -6.9559934014429281 19.406172265985262 -3.9627061499993044
v 21.879970159969371 13.07262565277766 9.1349082766632712
v 15.54732833668208 -0.22347194911806056 33.430552133319381
v 9.4587143581178221 18.906683147427419 -2.5011868116625973
v 0.57767152441304659 -8.2899516987933541 9.225335328981803
v 2.196005204444694 -15.185071833602693 9.8437417017321227
v 2.046596721190773 19.43677643273416 -5.8457710780853631
v 16.196615170227929 16.998654131371271 0.13143466496424949
v 10.34033530381339 18.497949623253341 -3.8312812287431726
v 22.530200689196519 12.228566739702295 10.817278419659502
v 16.624620707200311 0.20227845999272853 32.58103179486455
v 6.4384857722362074 19.378057232730342 -3.4245515779985176
v 0.82174406779274367 19.725599204500753 -5.4139333122365478
v 23.112129098293678 11.951154145404415 10.926857047019656
v 7.1517297960670536 -5.3965202991190875 -10.290455678114689
v 10.916503831928351 18.568960682100474 -1.8049533880705368
v 22.581086444351079 3.943044842096981 25.219066226662875
v 14.531202288075701 17.655779216153249 -0.49618073759551429
v -4.6297098914358372 -20.842526170698015 25.706008813690666
v 23.110306469437571 12.364228624556143 8.6262683743910014
v 23.454122804264049 11.937241049392178 9.4146731946645517
v 22.73654978196797 12.758901947822414 8.6736265229651561
v 23.179417724698059 12.226610176035669 9.6762155702953887
v -1.132195096031257 2.2444759264301752 14.116596619902291
v 1.408546260236984 5.7562258407196456 15.445371627189186
v 1.152997531782145 -0.50267714092691995 12.709390791341107
v 4.6867894825540173 15.537778415590653 4.3535152511543114
v -1.6641595420426807 8.5191095201828038 18.34488021376028
v -9.4956357941049134 4.862615951326358 25.652603800244385
v 1.5812515793530619 8.1033138010703638 15.629468379755558
v 1.5503260788784869 7.2016949665486898 15.880494344839548
f 1 2 4 
f 5 2 1 
f 1 4 12 
f 13 5 1 
f 12 6 1 
f 1 6 13 
f 8 4 2 
f 2 5 10 
f 1365 8 2 
f 2 10 1365 
f 1962 7 3 
f 3 7 2566 
f 1489 1448 3 
f 3 1448 1923 
f 2013 1489 3 
f 3 1923 1962 
f 2566 2013 3 
f 4 8 20 
f 28 12 4 
f 4 20 28 
f 21 10 5 
f 5 13 29 
f 29 21 5 
f 6 12 26 
f 17 13 6 
f 26 17 6 
f 2109 16 7 
f 7 16 2555 
f 7 1962 2109 
f 7 2555 2566 
f 22 20 8 
f 1500 22 8 
f 1282 1281 8 
f 8 1281 1500 
f 1365 1282 8 
f 2566 14 9 
f 9 14 2583 
f 9 1256 1489 
f 2374 1256 9 
f 9 1489 2013 
f 9 2013 2566 
f 2583 2374 9 
f 10 21 24 
f 10 24 2036 
f 1480 1365 10 
f 2036 1480 10 
f 1912 15 11 
f 11 15 1962 
f 11 1695 1912 
f 1943 1695 11 
f 11 1923 1943 
f 1962 1923 11 
f 28 26 12 
f 13 17 27 
f 13 27 29 
f 2555 18 14 
f 14 18 2615 
f 2566 2555 14 
f 2615 2583 14 
f 1937 19 15 
f 15 19 1941 
f 15 1912 1937 
f 15 1941 2109 
f 2109 1962 15 
f 1888 32 16 
f 16 32 2555 
f 1941 1888 16 
f 2109 1941 16 
f 17 26 1291 
f 40 27 17 
f 17 39 40 
f 1291 39 17 
f 18 33 2165 
f 2555 33 18 
f 18 2165 2615 
f 19 34 1888 
f 1931 34 19 
f 19 1888 1941 
f 2142 1931 19 
f 19 1937 2142 
f 20 22 46 
f 42 28 20 
f 46 42 20 
f 48 24 21 
f 21 29 53 
f 21 43 48 
f 53 43 21 
f 1500 46 22 
f 23 30 2581 
f 2583 30 23 
f 2515 2374 23 
f 23 2374 2583 
f 2532 2515 23 
f 2581 2532 23 
f 24 48 2036 
f 25 31 1912 
f 2010 31 25 
f 1773 1629 25 
f 25 1629 2010 
f 25 1695 1773 
f 1912 1695 25 
f 26 28 37 
f 26 37 1423 
f 1294 1291 26 
f 1423 1294 26 
f 38 29 27 
f 56 38 27 
f 27 40 56 
f 52 37 28 
f 28 42 52 
f 29 38 60 
f 60 53 29 
f 2165 35 30 
f 30 35 2586 
f 2615 2165 30 
f 2586 2581 30 
f 30 2583 2615 
f 31 36 1937 
f 2158 36 31 
f 1937 1912 31 
f 31 2010 2113 
f 31 2113 2158 
f 50 33 32 
f 32 33 2555 
f 32 41 50 
f 1888 41 32 
f 33 50 2064 
f 33 2064 2590 
f 2590 2165 33 
f 1998 51 34 
f 34 51 2181 
f 2181 1888 34 
f 34 1931 1998 
f 2590 44 35 
f 35 44 2624 
f 35 2165 2590 
f 2624 2586 35 
f 36 45 2028 
f 2158 45 36 
f 2028 1931 36 
f 36 1931 2142 
f 2142 1937 36 
f 37 52 59 
f 37 59 1925 
f 1925 1423 37 
f 38 56 60 
f 64 40 39 
f 1291 64 39 
f 69 56 40 
f 40 64 69 
f 63 50 41 
f 1485 63 41 
f 2181 1485 41 
f 41 1888 2181 
f 42 46 70 
f 70 52 42 
f 73 48 43 
f 43 53 71 
f 43 71 73 
f 2590 61 44 
f 44 61 2662 
f 2522 67 44 
f 44 67 2624 
f 2662 2522 44 
f 45 62 2028 
f 2096 62 45 
f 2241 2096 45 
f 45 2158 2241 
f 1486 70 46 
f 46 1285 1486 
f 1500 1285 46 
f 2581 54 47 
f 47 54 2582 
f 2500 1924 47 
f 47 1924 2532 
f 47 2311 2500 
f 2582 2311 47 
f 47 2532 2581 
f 48 73 2041 
f 2041 2036 48 
f 1852 55 49 
f 49 55 2010 
f 1759 1462 49 
f 49 1462 2008 
f 49 1629 1759 
f 2010 1629 49 
f 2008 1852 49 
f 50 63 2435 
f 50 65 2064 
f 2435 65 50 
f 1998 66 51 
f 51 66 2181 
f 89 59 52 
f 52 70 78 
f 52 78 89 
f 53 60 90 
f 79 71 53 
f 90 79 53 
f 54 57 2576 
f 2624 57 54 
f 54 2576 2582 
f 54 2581 2586 
f 54 2586 2624 
f 2106 58 55 
f 55 58 2158 
f 55 1852 2106 
f 2113 2010 55 
f 2158 2113 55 
f 75 60 56 
f 56 69 82 
f 82 75 56 
f 2624 67 57 
f 57 67 2637 
f 57 87 2576 
f 2637 87 57 
f 58 68 2087 
f 2106 68 58 
f 58 2087 2158 
f 59 89 1293 
f 59 1293 1925 
f 60 75 90 
f 1775 76 61 
f 61 76 2662 
f 2064 1775 61 
f 2590 2064 61 
f 62 77 1998 
f 2096 77 62 
f 1998 1931 62 
f 62 1931 2028 
f 63 1485 2048 
f 2048 1491 63 
f 63 1491 2435 
f 95 69 64 
f 64 91 95 
f 1487 91 64 
f 64 1291 1487 
f 65 86 1775 
f 2045 86 65 
f 65 1491 2045 
f 2435 1491 65 
f 65 1775 2064 
f 66 83 1485 
f 2137 83 66 
f 66 1485 2181 
f 66 1733 2137 
f 2147 1733 66 
f 66 1998 2147 
f 2522 84 67 
f 67 84 2637 
f 1843 85 68 
f 68 85 2087 
f 2116 1843 68 
f 68 2106 2116 
f 101 82 69 
f 69 95 101 
f 104 78 70 
f 1486 104 70 
f 105 73 71 
f 71 79 105 
f 2576 80 72 
f 72 80 2609 
f 72 2097 2498 
f 2609 2097 72 
f 2498 2311 72 
f 72 2311 2582 
f 2582 2576 72 
f 73 105 107 
f 73 107 1497 
f 73 1497 2041 
f 74 81 1852 
f 1933 81 74 
f 74 1462 1830 
f 2008 1462 74 
f 1830 1586 74 
f 74 1586 1933 
f 74 1852 2008 
f 75 82 98 
f 100 90 75 
f 75 98 120 
f 120 100 75 
f 1775 86 76 
f 76 86 1938 
f 76 1938 2557 
f 2557 2522 76 
f 76 2522 2662 
f 77 92 1597 
f 2148 92 77 
f 77 1597 1733 
f 77 1733 2147 
f 2147 1998 77 
f 77 2096 2148 
f 117 89 78 
f 78 104 109 
f 78 109 117 
f 79 90 118 
f 110 105 79 
f 118 110 79 
f 80 87 2558 
f 2576 87 80 
f 2558 2252 80 
f 80 2252 2609 
f 81 88 1852 
f 1932 88 81 
f 2172 1932 81 
f 81 1933 2172 
f 121 98 82 
f 82 101 121 
f 2048 1485 83 
f 2137 1945 83 
f 83 1945 2183 
f 2183 2048 83 
f 84 96 2552 
f 2557 96 84 
f 84 2522 2557 
f 84 2552 2637 
f 85 97 2143 
f 2150 97 85 
f 85 1843 2150 
f 2143 2087 85 
f 86 1383 1938 
f 2196 1383 86 
f 86 2045 2196 
f 87 93 2558 
f 2637 93 87 
f 1932 94 88 
f 88 94 2116 
f 2106 1852 88 
f 2116 2106 88 
f 126 99 89 
f 89 99 1499 
f 89 117 126 
f 1499 1293 89 
f 90 100 1296 
f 1296 118 90 
f 125 95 91 
f 91 122 125 
f 1487 122 91 
f 92 97 1944 
f 2148 97 92 
f 1856 1597 92 
f 92 1640 1856 
f 1944 1640 92 
f 93 102 2074 
f 2552 102 93 
f 93 2074 2558 
f 2637 2552 93 
f 94 103 1918 
f 2156 103 94 
f 94 1918 2116 
f 94 1932 1951 
f 94 1951 2156 
f 125 101 95 
f 127 115 96 
f 96 115 2552 
f 1490 127 96 
f 2557 1490 96 
f 97 1587 1944 
f 2150 1587 97 
f 2148 2143 97 
f 121 120 98 
f 126 119 99 
f 99 119 1499 
f 100 120 1296 
f 129 121 101 
f 101 125 129 
f 102 115 2269 
f 2552 115 102 
f 130 123 102 
f 102 123 2074 
f 142 130 102 
f 2269 142 102 
f 1492 116 103 
f 103 116 1918 
f 2156 1492 103 
f 140 109 104 
f 136 134 104 
f 104 134 140 
f 2027 136 104 
f 104 1486 2027 
f 135 107 105 
f 105 110 135 
f 106 111 1907 
f 2609 111 106 
f 106 1907 2007 
f 106 2007 2505 
f 2505 2097 106 
f 106 2097 2609 
f 107 135 138 
f 107 138 1403 
f 107 1403 1829 
f 1829 1497 107 
f 2081 112 108 
f 108 112 2172 
f 108 1456 1589 
f 1933 1456 108 
f 108 1589 1952 
f 2172 1933 108 
f 108 1952 2081 
f 151 117 109 
f 109 140 151 
f 110 118 1303 
f 141 135 110 
f 1303 141 110 
f 1819 113 111 
f 111 113 1907 
f 2558 1819 111 
f 111 2252 2558 
f 2609 2252 111 
f 1968 114 112 
f 112 114 2172 
f 2081 1968 112 
f 1819 123 113 
f 113 123 1964 
f 113 148 1907 
f 1964 148 113 
f 114 124 1951 
f 1968 124 114 
f 1951 1932 114 
f 114 1932 2172 
f 115 127 2269 
f 1492 128 116 
f 116 128 1587 
f 116 1587 2150 
f 2150 1918 116 
f 151 126 117 
f 118 1296 1498 
f 1498 1303 118 
f 119 126 147 
f 147 132 119 
f 119 132 1499 
f 120 121 133 
f 120 133 1501 
f 1501 1296 120 
f 121 129 146 
f 160 133 121 
f 121 146 160 
f 150 125 122 
f 1487 150 122 
f 123 130 1964 
f 123 1819 2558 
f 2558 2074 123 
f 1741 131 124 
f 124 131 2156 
f 1968 1741 124 
f 2156 1951 124 
f 153 129 125 
f 125 150 153 
f 167 147 126 
f 126 151 158 
f 126 158 167 
f 127 1490 1628 
f 127 1628 1762 
f 127 1762 2371 
f 2371 2269 127 
f 1464 1450 128 
f 128 1450 1587 
f 1468 1464 128 
f 1492 1468 128 
f 164 146 129 
f 129 153 157 
f 129 157 164 
f 130 142 2543 
f 2268 1964 130 
f 2543 2268 130 
f 131 143 2156 
f 2315 143 131 
f 131 1741 2190 
f 131 2190 2315 
f 132 147 163 
f 163 159 132 
f 132 159 1505 
f 1505 1499 132 
f 133 160 1501 
f 134 136 168 
f 174 140 134 
f 134 168 174 
f 169 138 135 
f 135 141 169 
f 170 168 136 
f 2031 170 136 
f 2027 1507 136 
f 136 1507 2031 
f 137 144 1774 
f 1907 144 137 
f 137 171 1361 
f 1774 171 137 
f 137 1361 2007 
f 2007 1907 137 
f 138 169 172 
f 138 172 1268 
f 138 1268 1403 
f 139 145 1952 
f 1991 145 139 
f 139 1589 1752 
f 1952 1589 139 
f 1752 1742 139 
f 139 1742 2060 
f 2060 1991 139 
f 184 151 140 
f 140 174 184 
f 175 169 141 
f 185 175 141 
f 1303 185 141 
f 2371 156 142 
f 142 156 2543 
f 142 2269 2371 
f 143 1426 1468 
f 2315 1426 143 
f 143 1468 1492 
f 143 1492 2156 
f 144 148 181 
f 1907 148 144 
f 144 181 1774 
f 145 149 1968 
f 1991 149 145 
f 2081 1952 145 
f 145 1968 2081 
f 164 160 146 
f 167 163 147 
f 148 154 181 
f 1879 154 148 
f 1964 1879 148 
f 149 155 1741 
f 2021 155 149 
f 149 1741 1968 
f 1991 1974 149 
f 149 1974 2021 
f 178 153 150 
f 1579 178 150 
f 150 1487 1579 
f 184 158 151 
f 152 1244 1272 
f 1444 1244 152 
f 1267 1260 152 
f 152 1260 1444 
f 1379 1267 152 
f 152 1272 1379 
f 179 157 153 
f 153 178 179 
f 1879 161 154 
f 154 161 2103 
f 2084 181 154 
f 2103 2084 154 
f 2021 162 155 
f 155 162 2190 
f 2190 1741 155 
f 2128 165 156 
f 156 165 2543 
f 156 1762 1801 
f 2371 1762 156 
f 156 1801 2128 
f 188 164 157 
f 157 179 188 
f 198 167 158 
f 158 184 192 
f 158 192 198 
f 159 163 183 
f 159 183 186 
f 159 186 1505 
f 160 164 187 
f 160 187 2245 
f 2245 1501 160 
f 161 165 2224 
f 2268 165 161 
f 161 1879 2268 
f 2224 2103 161 
f 2146 166 162 
f 162 166 2190 
f 162 2021 2055 
f 162 2055 2146 
f 163 167 191 
f 200 183 163 
f 163 191 200 
f 195 187 164 
f 164 188 195 
f 165 2128 2224 
f 165 2268 2543 
f 1832 1426 166 
f 166 1426 2315 
f 2146 1832 166 
f 2315 2190 166 
f 219 191 167 
f 167 198 219 
f 168 170 206 
f 206 174 168 
f 207 172 169 
f 169 175 207 
f 208 206 170 
f 1278 208 170 
f 2031 1278 170 
f 1774 176 171 
f 171 176 2130 
f 1772 1361 171 
f 1758 1564 171 
f 171 1564 1772 
f 2130 1758 171 
f 172 207 210 
f 172 210 1405 
f 1405 1268 172 
f 173 177 1991 
f 2026 177 173 
f 173 1406 1556 
f 1742 1406 173 
f 173 1556 1755 
f 2060 1742 173 
f 173 1755 2026 
f 173 1991 2060 
f 220 184 174 
f 174 206 212 
f 174 212 220 
f 175 185 221 
f 213 207 175 
f 221 213 175 
f 1774 181 176 
f 176 181 1892 
f 176 1892 2130 
f 177 182 1974 
f 2026 182 177 
f 177 1974 1991 
f 201 179 178 
f 238 201 178 
f 1579 238 178 
f 202 188 179 
f 179 201 202 
f 180 197 1707 
f 2146 197 180 
f 1591 1249 180 
f 180 1249 1803 
f 1707 1591 180 
f 180 1803 1832 
f 180 1832 2146 
f 181 189 1892 
f 2084 189 181 
f 182 190 1974 
f 2110 190 182 
f 182 2026 2153 
f 2153 2110 182 
f 199 186 183 
f 200 199 183 
f 220 192 184 
f 1305 221 185 
f 185 1303 2044 
f 2044 1305 185 
f 186 199 230 
f 230 204 186 
f 186 204 274 
f 186 274 1505 
f 187 195 205 
f 187 205 276 
f 187 276 2245 
f 216 195 188 
f 188 202 216 
f 189 193 1779 
f 2084 193 189 
f 189 1779 2333 
f 2333 1892 189 
f 190 194 2021 
f 2110 194 190 
f 2021 1974 190 
f 219 200 191 
f 225 198 192 
f 192 220 225 
f 193 196 1844 
f 2103 196 193 
f 1844 1779 193 
f 193 2084 2103 
f 194 197 2055 
f 2151 197 194 
f 2110 1780 194 
f 194 1780 2151 
f 2055 2021 194 
f 224 205 195 
f 195 216 224 
f 196 1739 1770 
f 2224 1739 196 
f 196 1770 1844 
f 196 2103 2224 
f 2151 1707 197 
f 2146 2055 197 
f 234 219 198 
f 198 225 234 
f 199 200 227 
f 199 227 245 
f 245 230 199 
f 200 219 231 
f 231 227 200 
f 239 202 201 
f 201 238 239 
f 242 216 202 
f 202 239 242 
f 1792 232 203 
f 203 232 1844 
f 1568 1237 203 
f 203 1237 1792 
f 1770 1568 203 
f 1844 1770 203 
f 204 230 236 
f 204 236 274 
f 205 224 237 
f 205 237 276 
f 206 208 248 
f 248 212 206 
f 249 210 207 
f 207 213 256 
f 256 249 207 
f 250 248 208 
f 1278 250 208 
f 209 214 1861 
f 2130 214 209 
f 1577 1564 209 
f 209 1564 1758 
f 2049 1577 209 
f 1861 1697 209 
f 209 1697 2049 
f 209 1758 2130 
f 210 249 252 
f 210 252 1418 
f 1418 1405 210 
f 258 215 211 
f 211 215 2026 
f 211 253 258 
f 2514 253 211 
f 211 1556 1719 
f 1755 1556 211 
f 211 1719 2514 
f 2026 1755 211 
f 265 220 212 
f 212 248 255 
f 212 255 265 
f 213 221 266 
f 266 256 213 
f 214 217 1862 
f 1892 217 214 
f 1862 1861 214 
f 2130 1892 214 
f 258 218 215 
f 215 218 2026 
f 262 224 216 
f 216 242 262 
f 217 222 1862 
f 2333 222 217 
f 217 1892 2333 
f 268 223 218 
f 218 223 2110 
f 218 258 264 
f 218 264 268 
f 2153 2026 218 
f 218 2110 2153 
f 246 231 219 
f 219 234 246 
f 2616 225 220 
f 220 265 2616 
f 221 226 266 
f 1305 226 221 
f 222 228 267 
f 1779 228 222 
f 222 267 1862 
f 2333 1779 222 
f 268 229 223 
f 223 229 1780 
f 223 1780 2110 
f 262 237 224 
f 2616 234 225 
f 226 235 283 
f 1305 235 226 
f 269 266 226 
f 283 269 226 
f 227 231 254 
f 285 245 227 
f 227 254 285 
f 228 232 281 
f 1844 232 228 
f 272 267 228 
f 281 272 228 
f 228 1779 1844 
f 282 233 229 
f 229 233 1780 
f 229 268 273 
f 229 273 282 
f 259 236 230 
f 230 245 259 
f 231 246 270 
f 270 254 231 
f 1792 281 232 
f 233 282 1835 
f 1835 1707 233 
f 233 1707 2151 
f 2151 1780 233 
f 2616 246 234 
f 235 247 295 
f 1523 247 235 
f 295 283 235 
f 235 1305 1523 
f 236 259 275 
f 275 274 236 
f 237 262 277 
f 277 276 237 
f 240 239 238 
f 1579 240 238 
f 239 240 241 
f 239 241 278 
f 278 242 239 
f 243 241 240 
f 1290 243 240 
f 1297 1290 240 
f 1579 1297 240 
f 241 243 244 
f 241 244 279 
f 279 278 241 
f 280 262 242 
f 242 278 280 
f 260 244 243 
f 1290 260 243 
f 244 260 261 
f 244 261 279 
f 284 259 245 
f 306 284 245 
f 245 285 306 
f 2616 270 246 
f 247 271 309 
f 1523 271 247 
f 309 295 247 
f 248 250 296 
f 302 255 248 
f 248 296 302 
f 297 252 249 
f 249 256 303 
f 303 297 249 
f 298 296 250 
f 1387 298 250 
f 250 1278 1413 
f 1413 1387 250 
f 1861 257 251 
f 251 257 2016 
f 251 1510 1744 
f 2016 1510 251 
f 251 1697 1861 
f 2049 1697 251 
f 251 1744 2049 
f 252 297 300 
f 252 300 1392 
f 252 1392 2040 
f 2040 1418 252 
f 301 258 253 
f 1778 301 253 
f 2514 1778 253 
f 254 270 291 
f 314 285 254 
f 254 291 314 
f 312 265 255 
f 255 302 312 
f 256 266 313 
f 313 303 256 
f 1861 263 257 
f 257 263 2105 
f 2105 2016 257 
f 308 264 258 
f 258 301 305 
f 258 305 308 
f 288 275 259 
f 259 284 288 
f 274 261 260 
f 1302 274 260 
f 260 1290 1302 
f 261 274 275 
f 261 275 293 
f 293 279 261 
f 294 277 262 
f 262 280 294 
f 1862 267 263 
f 263 267 1893 
f 263 1861 1862 
f 263 1893 1894 
f 263 1894 2105 
f 308 268 264 
f 265 312 1982 
f 1982 1307 265 
f 265 1307 2616 
f 266 269 313 
f 267 272 2246 
f 2246 1893 267 
f 320 273 268 
f 268 308 317 
f 268 317 320 
f 269 283 318 
f 318 313 269 
f 2616 291 270 
f 271 292 309 
f 1595 292 271 
f 271 1523 1595 
f 272 281 1545 
f 272 1545 2246 
f 326 282 273 
f 273 320 326 
f 274 1302 1505 
f 275 288 323 
f 323 293 275 
f 276 277 290 
f 290 289 276 
f 276 289 1300 
f 276 1300 2245 
f 324 290 277 
f 277 294 324 
f 278 279 322 
f 322 280 278 
f 279 293 330 
f 330 322 279 
f 332 294 280 
f 280 322 332 
f 281 286 1545 
f 1792 286 281 
f 326 287 282 
f 282 287 1835 
f 283 295 338 
f 327 318 283 
f 338 327 283 
f 333 288 284 
f 284 306 333 
f 336 306 285 
f 285 314 336 
f 1559 1502 286 
f 286 1502 2042 
f 2042 1545 286 
f 1792 1559 286 
f 287 326 373 
f 287 373 1727 
f 287 1252 1835 
f 2070 1252 287 
f 287 1727 2070 
f 360 323 288 
f 288 333 360 
f 289 290 310 
f 289 310 1300 
f 311 310 290 
f 324 311 290 
f 354 314 291 
f 2616 354 291 
f 328 309 292 
f 292 315 340 
f 1595 315 292 
f 340 328 292 
f 293 323 364 
f 364 330 293 
f 366 324 294 
f 294 332 366 
f 295 309 338 
f 296 298 344 
f 348 302 296 
f 344 342 296 
f 296 342 348 
f 346 300 297 
f 297 303 349 
f 297 343 346 
f 349 343 297 
f 1387 344 298 
f 299 304 1959 
f 2105 304 299 
f 299 1510 2016 
f 2511 1510 299 
f 1959 1782 299 
f 299 1782 2511 
f 299 2016 2105 
f 300 346 1392 
f 347 305 301 
f 1765 347 301 
f 301 1412 1765 
f 1778 1412 301 
f 358 312 302 
f 302 348 358 
f 303 313 359 
f 359 349 303 
f 304 307 1837 
f 2105 307 304 
f 1837 1791 304 
f 304 1791 1959 
f 353 308 305 
f 305 347 351 
f 305 351 353 
f 355 333 306 
f 306 336 355 
f 307 316 1837 
f 1893 316 307 
f 1894 1893 307 
f 2105 1894 307 
f 362 317 308 
f 308 353 362 
f 309 328 367 
f 341 338 309 
f 367 341 309 
f 310 311 335 
f 335 334 310 
f 310 334 1308 
f 310 1299 1300 
f 1308 1299 310 
f 311 324 339 
f 339 335 311 
f 312 358 1318 
f 312 1318 1982 
f 313 318 368 
f 368 359 313 
f 354 336 314 
f 356 337 315 
f 315 337 369 
f 369 340 315 
f 1595 356 315 
f 316 319 2163 
f 2246 319 316 
f 1929 1837 316 
f 316 1893 2246 
f 2163 1929 316 
f 371 320 317 
f 317 362 371 
f 318 327 368 
f 319 372 2163 
f 2186 372 319 
f 319 1545 2186 
f 2246 1545 319 
f 373 326 320 
f 320 371 373 
f 321 329 1263 
f 1863 329 321 
f 321 331 1532 
f 2202 331 321 
f 1263 1231 321 
f 321 1231 2202 
f 321 1532 1863 
f 322 330 1863 
f 1532 332 322 
f 1863 1532 322 
f 323 360 364 
f 366 339 324 
f 325 1211 1306 
f 1469 1211 325 
f 325 1226 1277 
f 1470 1226 325 
f 325 1277 1469 
f 325 1306 1450 
f 325 1450 2215 
f 2215 1470 325 
f 327 338 378 
f 374 368 327 
f 378 374 327 
f 328 340 367 
f 1863 330 329 
f 329 330 1877 
f 329 363 1825 
f 1877 363 329 
f 1825 1263 329 
f 330 364 1877 
f 331 365 1870 
f 2202 365 331 
f 1533 1532 331 
f 1870 1533 331 
f 1870 366 332 
f 332 1532 1533 
f 332 1533 1870 
f 333 355 360 
f 334 335 357 
f 357 356 334 
f 334 356 1595 
f 1595 1308 334 
f 335 339 380 
f 380 357 335 
f 336 354 355 
f 337 356 357 
f 337 357 369 
f 338 341 378 
f 339 366 404 
f 404 380 339 
f 377 367 340 
f 340 369 377 
f 341 367 386 
f 384 378 341 
f 386 384 341 
f 342 344 389 
f 387 348 342 
f 389 387 342 
f 391 346 343 
f 343 349 388 
f 343 388 391 
f 1580 389 344 
f 344 1387 1547 
f 344 1547 1580 
f 1791 350 345 
f 345 350 2018 
f 1651 1627 345 
f 345 1627 1782 
f 2018 1651 345 
f 345 1782 1959 
f 1959 1791 345 
f 346 391 1550 
f 1549 1392 346 
f 1550 1549 346 
f 392 351 347 
f 2131 392 347 
f 1765 1624 347 
f 347 1624 2131 
f 399 358 348 
f 348 387 393 
f 348 393 399 
f 349 359 400 
f 394 388 349 
f 400 394 349 
f 1791 352 350 
f 350 352 1969 
f 350 1969 2337 
f 2337 2018 350 
f 398 353 351 
f 351 392 396 
f 351 396 398 
f 1837 361 352 
f 352 361 1969 
f 352 1791 1837 
f 398 362 353 
f 382 355 354 
f 354 381 382 
f 1541 381 354 
f 2616 1541 354 
f 379 360 355 
f 382 379 355 
f 383 369 357 
f 357 380 383 
f 358 399 1557 
f 1557 1318 358 
f 359 368 400 
f 402 364 360 
f 360 379 402 
f 1929 370 361 
f 361 370 2054 
f 361 1837 1929 
f 2133 1969 361 
f 361 2054 2133 
f 410 371 362 
f 362 398 406 
f 362 406 410 
f 363 364 1223 
f 1877 364 363 
f 1223 401 363 
f 363 401 1825 
f 364 402 1223 
f 365 366 1870 
f 1874 366 365 
f 1315 403 365 
f 365 403 1874 
f 2202 1315 365 
f 1874 404 366 
f 367 377 413 
f 413 386 367 
f 368 374 408 
f 408 400 368 
f 385 377 369 
f 369 383 385 
f 370 372 1975 
f 2163 372 370 
f 1975 1859 370 
f 370 1859 2054 
f 370 1929 2163 
f 415 373 371 
f 371 410 415 
f 372 1728 1975 
f 2042 1728 372 
f 2186 2042 372 
f 415 376 373 
f 373 376 1727 
f 374 378 418 
f 417 408 374 
f 418 417 374 
f 1511 1508 375 
f 375 1508 1772 
f 1726 1511 375 
f 375 1577 1726 
f 1772 1577 375 
f 376 415 1326 
f 376 1326 1411 
f 376 1411 1479 
f 376 1479 1727 
f 377 385 419 
f 419 413 377 
f 378 384 418 
f 379 382 412 
f 455 402 379 
f 379 412 420 
f 379 420 455 
f 421 383 380 
f 380 404 457 
f 457 421 380 
f 411 382 381 
f 1311 411 381 
f 1541 1311 381 
f 382 411 412 
f 427 385 383 
f 383 421 427 
f 384 386 1566 
f 1566 418 384 
f 427 419 385 
f 386 413 429 
f 429 424 386 
f 386 424 1566 
f 387 389 432 
f 430 393 387 
f 432 430 387 
f 434 391 388 
f 388 394 431 
f 388 431 434 
f 1580 432 389 
f 390 395 1957 
f 2337 395 390 
f 390 1651 2018 
f 2506 1651 390 
f 1957 1817 390 
f 390 1817 2506 
f 390 2018 2337 
f 391 434 1466 
f 391 1466 1550 
f 435 396 392 
f 2131 435 392 
f 442 399 393 
f 393 430 436 
f 393 436 442 
f 394 400 443 
f 437 431 394 
f 443 437 394 
f 395 397 1831 
f 1969 397 395 
f 395 1831 1957 
f 2337 1969 395 
f 441 398 396 
f 396 435 439 
f 396 439 441 
f 1969 405 397 
f 397 405 2342 
f 397 440 1831 
f 2342 440 397 
f 441 406 398 
f 442 407 399 
f 399 407 1557 
f 400 408 1558 
f 1558 443 400 
f 1223 402 401 
f 401 402 1603 
f 401 454 1258 
f 1603 454 401 
f 401 1258 1825 
f 402 455 1603 
f 1322 456 403 
f 403 456 1873 
f 403 1315 1322 
f 1873 1540 403 
f 403 1540 1874 
f 1873 457 404 
f 404 1540 1873 
f 1874 1540 404 
f 2133 409 405 
f 405 409 2221 
f 405 1969 2133 
f 405 2221 2342 
f 445 410 406 
f 406 441 445 
f 452 416 407 
f 407 416 1557 
f 407 442 446 
f 407 446 452 
f 408 417 1558 
f 409 414 1714 
f 2399 414 409 
f 409 1714 2221 
f 2054 1859 409 
f 409 1859 2399 
f 2133 2054 409 
f 451 415 410 
f 410 445 447 
f 410 447 451 
f 426 412 411 
f 411 425 426 
f 1311 425 411 
f 426 420 412 
f 413 419 449 
f 449 429 413 
f 414 450 1714 
f 1836 450 414 
f 1946 1836 414 
f 2399 1946 414 
f 415 451 1326 
f 416 452 458 
f 416 458 1561 
f 1865 1557 416 
f 416 1561 1865 
f 417 418 1567 
f 1567 1558 417 
f 418 1566 1567 
f 419 427 449 
f 420 426 460 
f 465 455 420 
f 420 460 465 
f 462 427 421 
f 421 457 466 
f 466 462 421 
f 463 423 422 
f 422 423 2251 
f 1561 463 422 
f 2251 1561 422 
f 423 428 459 
f 464 428 423 
f 423 459 2251 
f 423 463 464 
f 424 429 1601 
f 1567 1566 424 
f 1601 1567 424 
f 459 426 425 
f 1320 459 425 
f 425 1311 1320 
f 426 459 460 
f 462 449 427 
f 428 448 459 
f 468 448 428 
f 428 464 467 
f 428 467 468 
f 429 449 461 
f 429 461 1601 
f 430 432 469 
f 474 436 430 
f 430 469 474 
f 470 434 431 
f 431 437 475 
f 475 470 431 
f 1422 469 432 
f 1324 1298 432 
f 432 1298 1422 
f 1580 1324 432 
f 1831 438 433 
f 433 438 2079 
f 433 1817 1957 
f 2336 1817 433 
f 1957 1831 433 
f 2079 1948 433 
f 433 1948 2336 
f 434 470 472 
f 434 472 1466 
f 473 439 435 
f 1857 473 435 
f 2083 1857 435 
f 2131 2083 435 
f 474 442 436 
f 437 443 475 
f 1831 440 438 
f 438 440 2621 
f 2270 2079 438 
f 2621 2270 438 
f 479 441 439 
f 439 473 477 
f 439 477 479 
f 2342 444 440 
f 440 444 2621 
f 479 445 441 
f 487 446 442 
f 442 474 480 
f 442 480 487 
f 481 475 443 
f 2684 481 443 
f 443 1558 1560 
f 443 1560 2684 
f 2221 1714 444 
f 444 1714 2666 
f 444 1921 2621 
f 2666 1921 444 
f 2342 2221 444 
f 486 447 445 
f 445 479 486 
f 487 452 446 
f 491 451 447 
f 447 486 489 
f 447 489 491 
f 460 459 448 
f 468 460 448 
f 462 461 449 
f 2666 1714 450 
f 450 1836 2578 
f 450 2578 2666 
f 451 491 1326 
f 493 458 452 
f 452 487 492 
f 452 492 493 
f 453 490 2517 
f 2533 490 453 
f 1503 534 453 
f 453 534 2533 
f 1840 1503 453 
f 1846 1840 453 
f 2517 1846 453 
f 1225 498 454 
f 454 498 2001 
f 1603 1225 454 
f 2001 1258 454 
f 455 465 499 
f 455 499 1225 
f 455 1225 1603 
f 1542 457 456 
f 456 457 1873 
f 1322 500 456 
f 456 500 1542 
f 501 466 457 
f 1542 501 457 
f 493 463 458 
f 458 463 1561 
f 459 1320 2251 
f 482 465 460 
f 460 468 482 
f 461 462 483 
f 461 483 1319 
f 461 1319 1601 
f 462 466 484 
f 484 483 462 
f 495 464 463 
f 463 493 494 
f 463 494 495 
f 495 467 464 
f 465 482 506 
f 506 499 465 
f 503 484 466 
f 466 501 507 
f 507 503 466 
f 497 468 467 
f 467 495 496 
f 467 496 497 
f 497 482 468 
f 516 474 469 
f 2017 516 469 
f 469 1422 2017 
f 517 472 470 
f 470 475 517 
f 2079 476 471 
f 471 476 2569 
f 471 518 1984 
f 2569 518 471 
f 471 1509 1948 
f 1984 1509 471 
f 471 1948 2079 
f 472 517 519 
f 472 519 1316 
f 472 1316 1466 
f 520 477 473 
f 1637 520 473 
f 473 1465 1637 
f 1857 1465 473 
f 521 480 474 
f 474 516 521 
f 475 481 522 
f 522 517 475 
f 2270 478 476 
f 476 478 2591 
f 476 2079 2270 
f 2591 2569 476 
f 526 479 477 
f 477 520 524 
f 477 524 526 
f 1921 485 478 
f 478 485 2591 
f 2621 1921 478 
f 478 2270 2621 
f 526 486 479 
f 531 487 480 
f 480 521 527 
f 480 527 531 
f 528 522 481 
f 1571 528 481 
f 2684 1571 481 
f 482 497 547 
f 547 506 482 
f 483 484 502 
f 483 502 1327 
f 1327 1319 483 
f 503 502 484 
f 2267 488 485 
f 485 488 2634 
f 485 1921 2267 
f 2634 2591 485 
f 1916 489 486 
f 486 526 1833 
f 486 1833 1916 
f 531 492 487 
f 2267 490 488 
f 488 490 2533 
f 2533 532 488 
f 488 532 2634 
f 1916 491 489 
f 490 2267 2578 
f 2578 2517 490 
f 491 535 1230 
f 1916 535 491 
f 491 1230 1326 
f 536 493 492 
f 492 531 536 
f 538 494 493 
f 493 536 538 
f 543 495 494 
f 494 538 543 
f 545 496 495 
f 495 543 544 
f 495 544 545 
f 545 497 496 
f 497 545 546 
f 497 546 547 
f 1266 600 498 
f 498 600 2001 
f 498 1225 1553 
f 1553 1266 498 
f 499 506 601 
f 499 601 1266 
f 1553 1225 499 
f 499 1266 1553 
f 1242 610 500 
f 500 610 1542 
f 1322 1242 500 
f 611 507 501 
f 1542 611 501 
f 502 503 548 
f 502 548 1327 
f 503 507 549 
f 549 548 503 
f 504 508 553 
f 1536 508 504 
f 1797 510 504 
f 504 510 2118 
f 553 551 504 
f 504 551 554 
f 504 554 1797 
f 2118 1536 504 
f 1312 509 505 
f 505 509 1536 
f 505 511 1313 
f 1518 511 505 
f 1313 1312 505 
f 1536 1518 505 
f 506 547 599 
f 506 599 601 
f 612 549 507 
f 507 611 612 
f 508 512 560 
f 1531 512 508 
f 560 553 508 
f 508 1520 1531 
f 1536 1520 508 
f 1312 513 509 
f 509 513 1531 
f 1531 1520 509 
f 509 1520 1536 
f 1797 514 510 
f 510 514 2118 
f 511 515 1313 
f 1518 515 511 
f 512 539 560 
f 1514 539 512 
f 1531 1514 512 
f 1232 540 513 
f 513 540 2536 
f 1312 1232 513 
f 2536 1531 513 
f 562 541 514 
f 514 541 1529 
f 1797 562 514 
f 514 1529 2118 
f 1529 542 515 
f 515 542 1608 
f 1608 1313 515 
f 515 1518 1529 
f 579 521 516 
f 580 579 516 
f 1417 580 516 
f 2017 1417 516 
f 629 519 517 
f 517 522 629 
f 2569 523 518 
f 518 523 2640 
f 2531 1984 518 
f 518 2141 2531 
f 2640 2141 518 
f 629 628 519 
f 519 628 1270 
f 519 1270 1316 
f 631 524 520 
f 2509 631 520 
f 520 1637 2509 
f 581 527 521 
f 521 579 581 
f 522 528 626 
f 522 626 629 
f 2569 525 523 
f 523 525 2644 
f 2644 2640 523 
f 1767 526 524 
f 631 630 524 
f 524 630 1767 
f 2591 529 525 
f 525 529 2635 
f 525 2569 2591 
f 2635 2632 525 
f 525 2632 2644 
f 1767 530 526 
f 526 530 1833 
f 587 531 527 
f 527 581 584 
f 527 584 587 
f 528 624 626 
f 1614 624 528 
f 528 1571 1614 
f 2634 532 529 
f 529 532 2635 
f 529 2591 2634 
f 530 533 1833 
f 2085 533 530 
f 530 1767 2529 
f 2529 2085 530 
f 587 536 531 
f 2533 534 532 
f 532 534 2633 
f 532 2633 2635 
f 1572 535 533 
f 533 535 1916 
f 2085 1572 533 
f 1916 1833 533 
f 534 1503 2606 
f 534 2606 2633 
f 1572 537 535 
f 535 537 1766 
f 1766 1230 535 
f 592 538 536 
f 536 587 589 
f 536 589 592 
f 1572 621 537 
f 537 621 1794 
f 1602 1496 537 
f 537 1496 1766 
f 1794 1602 537 
f 593 543 538 
f 538 592 593 
f 539 555 568 
f 1514 555 539 
f 564 560 539 
f 568 564 539 
f 1232 556 540 
f 540 556 2548 
f 2548 2536 540 
f 566 557 541 
f 541 557 1525 
f 541 562 566 
f 541 1525 1527 
f 541 1527 1529 
f 1525 558 542 
f 542 558 2550 
f 1527 1525 542 
f 1529 1527 542 
f 2550 1608 542 
f 593 544 543 
f 595 545 544 
f 544 593 594 
f 544 594 595 
f 596 546 545 
f 545 595 596 
f 596 547 546 
f 547 596 598 
f 547 598 599 
f 548 549 613 
f 548 613 1334 
f 1996 1327 548 
f 548 1334 1996 
f 549 612 614 
f 614 613 549 
f 1576 552 550 
f 550 552 1963 
f 550 561 1885 
f 1971 561 550 
f 1885 1576 550 
f 550 1963 1971 
f 551 553 1880 
f 2499 554 551 
f 1880 1584 551 
f 551 1584 2499 
f 1335 559 552 
f 552 559 1963 
f 1576 1335 552 
f 553 560 1337 
f 553 1337 1880 
f 554 562 1797 
f 2338 562 554 
f 2499 2338 554 
f 571 568 555 
f 1526 571 555 
f 555 1514 1526 
f 1891 572 556 
f 556 572 2548 
f 556 1232 1891 
f 557 566 570 
f 557 570 573 
f 557 573 1512 
f 557 1512 1525 
f 1512 574 558 
f 558 574 2550 
f 1525 1512 558 
f 1335 563 559 
f 559 563 1886 
f 559 1886 1963 
f 560 564 1337 
f 561 565 1622 
f 2693 565 561 
f 561 1583 1885 
f 2298 1583 561 
f 561 1622 2298 
f 1971 1709 561 
f 561 1709 2693 
f 2338 566 562 
f 1574 567 563 
f 563 567 1886 
f 563 1335 1574 
f 564 568 1582 
f 2092 1337 564 
f 564 1582 2092 
f 565 569 1593 
f 2693 569 565 
f 565 1593 1622 
f 2402 570 566 
f 566 2338 2402 
f 1683 575 567 
f 567 575 1886 
f 1574 1338 567 
f 567 1338 1683 
f 568 571 576 
f 568 576 1582 
f 569 577 1593 
f 2693 577 569 
f 578 573 570 
f 2194 578 570 
f 570 1596 2194 
f 2402 1596 570 
f 602 576 571 
f 1519 602 571 
f 1524 1519 571 
f 1526 1524 571 
f 572 603 1524 
f 2122 603 572 
f 572 1524 2548 
f 572 1891 2122 
f 573 578 608 
f 573 608 1512 
f 574 609 1328 
f 1512 609 574 
f 574 1328 2550 
f 1349 604 575 
f 575 604 2144 
f 1683 1349 575 
f 2144 1886 575 
f 576 602 605 
f 576 605 2519 
f 2519 1582 576 
f 1947 606 577 
f 577 606 2497 
f 2524 1593 577 
f 2693 1947 577 
f 577 2497 2524 
f 578 607 608 
f 2563 607 578 
f 578 2194 2563 
f 579 580 693 
f 688 581 579 
f 693 688 579 
f 1530 693 580 
f 1330 1329 580 
f 580 1329 1530 
f 1417 1330 580 
f 682 584 581 
f 688 682 581 
f 582 583 2613 
f 2640 583 582 
f 582 1478 2141 
f 2261 1478 582 
f 582 2141 2640 
f 2613 2261 582 
f 583 585 2630 
f 2644 585 583 
f 2630 2613 583 
f 583 2640 2644 
f 1343 587 584 
f 584 682 1343 
f 2632 586 585 
f 585 586 2678 
f 2678 2630 585 
f 2644 2632 585 
f 2633 588 586 
f 586 588 2678 
f 586 2632 2635 
f 2635 2633 586 
f 1343 589 587 
f 2400 590 588 
f 588 590 2642 
f 2633 2400 588 
f 588 2642 2678 
f 1343 592 589 
f 2572 591 590 
f 590 591 2575 
f 590 2400 2572 
f 590 2575 2642 
f 591 2100 2140 
f 2572 2100 591 
f 591 2140 2211 
f 591 2211 2575 
f 1343 593 592 
f 2052 594 593 
f 593 1343 2052 
f 597 595 594 
f 2052 597 594 
f 597 596 595 
f 596 597 598 
f 663 598 597 
f 1348 663 597 
f 2052 1348 597 
f 663 599 598 
f 651 601 599 
f 663 651 599 
f 600 708 1805 
f 1871 708 600 
f 600 1266 1604 
f 600 1604 1871 
f 600 1805 2001 
f 601 651 709 
f 601 709 1871 
f 1604 1266 601 
f 1871 1604 601 
f 633 605 602 
f 636 633 602 
f 1519 636 602 
f 603 637 1519 
f 2134 637 603 
f 603 1519 1524 
f 603 2122 2134 
f 1349 632 604 
f 604 632 2144 
f 605 633 2520 
f 2520 2519 605 
f 1617 634 606 
f 606 634 1903 
f 1970 1617 606 
f 606 1903 2497 
f 606 1947 1970 
f 635 608 607 
f 2223 635 607 
f 2563 2223 607 
f 608 635 638 
f 608 638 1528 
f 1528 1512 608 
f 609 639 1328 
f 1528 639 609 
f 609 1512 1528 
f 610 611 1542 
f 1866 611 610 
f 1241 710 610 
f 610 710 1866 
f 1242 1241 610 
f 652 612 611 
f 711 652 611 
f 1866 711 611 
f 664 614 612 
f 612 652 664 
f 613 614 615 
f 613 615 616 
f 613 616 617 
f 613 617 1334 
f 664 615 614 
f 666 616 615 
f 615 664 665 
f 615 665 666 
f 667 617 616 
f 616 666 667 
f 667 618 617 
f 617 618 1334 
f 673 619 618 
f 618 619 1614 
f 618 667 668 
f 618 668 673 
f 1614 1334 618 
f 673 620 619 
f 619 620 1614 
f 675 622 620 
f 620 622 1614 
f 620 673 675 
f 621 623 678 
f 1572 623 621 
f 621 678 1634 
f 621 1634 1794 
f 683 624 622 
f 622 624 1614 
f 622 675 679 
f 622 679 683 
f 623 625 678 
f 2529 625 623 
f 623 1572 2085 
f 623 2085 2529 
f 683 626 624 
f 625 627 2046 
f 2529 627 625 
f 681 678 625 
f 2191 681 625 
f 625 2046 2191 
f 689 629 626 
f 626 683 689 
f 1767 630 627 
f 627 630 2335 
f 2529 1767 627 
f 2335 2046 627 
f 628 629 691 
f 628 691 2014 
f 628 1247 1270 
f 2014 1247 628 
f 629 689 694 
f 694 691 629 
f 630 631 2335 
f 631 1467 1754 
f 2509 1467 631 
f 631 1754 2335 
f 2115 640 632 
f 632 640 2144 
f 632 1349 2115 
f 633 636 641 
f 633 641 1618 
f 633 1618 2520 
f 634 642 1353 
f 2126 642 634 
f 634 1353 1903 
f 634 1617 2126 
f 643 638 635 
f 1356 643 635 
f 2670 1356 635 
f 635 2223 2670 
f 653 641 636 
f 1535 653 636 
f 636 1519 1537 
f 1537 1535 636 
f 637 654 1535 
f 1914 654 637 
f 1537 1519 637 
f 637 1535 1537 
f 2134 1914 637 
f 638 643 655 
f 638 655 1522 
f 638 1522 1539 
f 1539 1528 638 
f 1539 656 639 
f 639 656 2671 
f 2671 1328 639 
f 639 1528 1539 
f 1362 644 640 
f 640 644 1764 
f 1610 1362 640 
f 2115 1610 640 
f 640 1764 2144 
f 669 645 641 
f 641 645 1364 
f 641 653 669 
f 1364 1363 641 
f 641 1363 1618 
f 642 646 1353 
f 2126 646 642 
f 643 647 655 
f 2406 647 643 
f 643 1356 2406 
f 1362 648 644 
f 644 648 2345 
f 2345 1764 644 
f 669 649 645 
f 645 649 1360 
f 645 1360 1364 
f 2126 659 646 
f 646 659 2312 
f 1919 1353 646 
f 2203 1919 646 
f 2312 2203 646 
f 647 650 671 
f 2406 650 647 
f 671 655 647 
f 1362 657 648 
f 648 657 2166 
f 648 2166 2345 
f 699 658 649 
f 649 658 1360 
f 649 669 695 
f 649 695 699 
f 650 660 701 
f 2579 660 650 
f 697 671 650 
f 701 697 650 
f 650 2406 2579 
f 651 663 706 
f 651 706 716 
f 716 709 651 
f 707 664 652 
f 717 707 652 
f 652 711 717 
f 1543 669 653 
f 653 1535 1543 
f 654 670 1543 
f 2089 670 654 
f 1543 1535 654 
f 654 1914 2089 
f 655 671 1522 
f 1522 672 656 
f 656 672 2551 
f 1539 1522 656 
f 656 2551 2671 
f 1935 661 657 
f 657 661 2166 
f 657 1362 1935 
f 703 662 658 
f 658 662 1940 
f 658 699 703 
f 1940 1360 658 
f 2628 661 659 
f 659 661 2695 
f 659 2126 2628 
f 2695 2312 659 
f 660 662 703 
f 2218 662 660 
f 703 701 660 
f 660 2217 2218 
f 2579 2217 660 
f 661 1935 2695 
f 2628 2166 661 
f 2218 1940 662 
f 1348 706 663 
f 712 665 664 
f 664 707 712 
f 712 666 665 
f 714 667 666 
f 666 712 713 
f 666 713 714 
f 714 668 667 
f 715 673 668 
f 668 714 715 
f 1513 695 669 
f 1543 1513 669 
f 670 696 1513 
f 2089 696 670 
f 670 1513 1543 
f 671 697 1515 
f 671 1515 1522 
f 1515 698 672 
f 672 698 1609 
f 1522 1515 672 
f 672 1609 2551 
f 720 675 673 
f 673 715 718 
f 673 718 720 
f 1615 676 674 
f 674 676 2233 
f 674 1475 1677 
f 1821 1475 674 
f 1650 1615 674 
f 1677 1650 674 
f 2233 1821 674 
f 724 679 675 
f 675 720 724 
f 2004 723 676 
f 676 723 2233 
f 676 1615 1641 
f 676 1641 2004 
f 2549 680 677 
f 677 680 2642 
f 2575 2234 677 
f 677 2234 2641 
f 2641 2549 677 
f 2642 2575 677 
f 678 681 2051 
f 678 1615 1634 
f 2051 1615 678 
f 730 683 679 
f 679 724 730 
f 2549 684 680 
f 680 684 2672 
f 2672 2630 680 
f 680 2630 2678 
f 2678 2642 680 
f 681 685 2159 
f 2191 685 681 
f 681 1641 2051 
f 2159 1641 681 
f 682 688 729 
f 682 729 2600 
f 1344 1343 682 
f 2600 1344 682 
f 730 689 683 
f 2614 686 684 
f 684 686 2672 
f 684 2549 2596 
f 2596 2589 684 
f 684 2589 2614 
f 685 687 1810 
f 2191 687 685 
f 685 1810 2101 
f 685 2101 2159 
f 686 690 2613 
f 2614 690 686 
f 686 2613 2630 
f 686 2630 2672 
f 1754 692 687 
f 687 692 1810 
f 2335 1754 687 
f 687 2191 2335 
f 688 693 735 
f 735 729 688 
f 736 694 689 
f 689 730 736 
f 2157 1477 690 
f 690 1477 2261 
f 2614 2157 690 
f 690 2261 2613 
f 691 694 738 
f 691 738 2033 
f 2033 2014 691 
f 692 1449 1590 
f 1754 1449 692 
f 692 1590 1961 
f 1961 1810 692 
f 739 735 693 
f 2022 739 693 
f 693 1530 2022 
f 694 736 740 
f 740 738 694 
f 2599 699 695 
f 695 1513 2599 
f 1371 700 696 
f 696 700 1521 
f 2089 1371 696 
f 1521 1513 696 
f 697 701 2095 
f 2095 1515 697 
f 1552 702 698 
f 698 702 1609 
f 698 1515 1517 
f 698 1517 1552 
f 2599 703 699 
f 1371 704 700 
f 700 704 1521 
f 701 703 1954 
f 701 1954 2095 
f 702 704 1371 
f 1534 704 702 
f 702 1371 1609 
f 1552 1534 702 
f 1966 1954 703 
f 2599 1966 703 
f 1534 1521 704 
f 728 706 705 
f 705 706 1348 
f 705 727 728 
f 1345 727 705 
f 1348 1345 705 
f 728 716 706 
f 741 712 707 
f 707 717 748 
f 748 741 707 
f 708 709 1869 
f 1871 709 708 
f 708 750 1333 
f 1869 750 708 
f 708 1333 1805 
f 709 716 751 
f 709 751 1869 
f 753 711 710 
f 710 711 1866 
f 710 752 753 
f 1224 752 710 
f 1241 1224 710 
f 753 717 711 
f 742 713 712 
f 712 741 742 
f 742 714 713 
f 744 715 714 
f 714 742 743 
f 714 743 744 
f 749 718 715 
f 715 744 749 
f 716 728 746 
f 716 746 763 
f 763 751 716 
f 764 748 717 
f 717 753 764 
f 755 720 718 
f 718 749 755 
f 2127 1798 719 
f 719 1798 2302 
f 719 2098 2127 
f 2601 2098 719 
f 719 2302 2677 
f 2677 2601 719 
f 762 724 720 
f 720 755 762 
f 721 722 2641 
f 2663 722 721 
f 721 1630 2098 
f 2234 1630 721 
f 721 2098 2601 
f 2641 2234 721 
f 721 2601 2663 
f 2619 725 722 
f 722 725 2641 
f 2663 2619 722 
f 723 726 2117 
f 2220 726 723 
f 723 2004 2220 
f 723 2117 2233 
f 762 730 724 
f 725 731 2596 
f 2597 731 725 
f 2596 2058 725 
f 725 2058 2641 
f 2619 2597 725 
f 1920 732 726 
f 726 732 2160 
f 2220 1920 726 
f 2160 2117 726 
f 746 728 727 
f 727 745 746 
f 2680 745 727 
f 1345 1246 727 
f 727 1246 2680 
f 729 735 773 
f 773 767 729 
f 729 767 2600 
f 774 736 730 
f 730 762 768 
f 730 768 774 
f 2587 733 731 
f 731 733 2589 
f 2597 2587 731 
f 731 2589 2596 
f 1920 734 732 
f 732 734 2024 
f 732 2024 2161 
f 2161 2160 732 
f 2584 737 733 
f 733 737 2614 
f 2587 2584 733 
f 2614 2589 733 
f 734 1377 1960 
f 1961 1377 734 
f 1920 1810 734 
f 734 1810 1961 
f 734 1960 2024 
f 735 739 773 
f 774 740 736 
f 737 2136 2501 
f 2584 2136 737 
f 2501 2157 737 
f 737 2157 2614 
f 738 740 776 
f 738 776 2025 
f 738 2025 2033 
f 778 773 739 
f 1381 778 739 
f 2022 1381 739 
f 740 774 779 
f 779 776 740 
f 759 742 741 
f 741 748 759 
f 781 743 742 
f 742 759 781 
f 786 744 743 
f 743 781 786 
f 791 749 744 
f 744 786 788 
f 744 788 791 
f 758 746 745 
f 780 758 745 
f 785 780 745 
f 2680 785 745 
f 746 758 782 
f 782 763 746 
f 759 748 747 
f 747 748 783 
f 781 759 747 
f 786 781 747 
f 747 783 1652 
f 1652 786 747 
f 748 764 784 
f 784 783 748 
f 791 755 749 
f 1869 751 750 
f 750 751 1876 
f 750 806 1380 
f 1876 806 750 
f 1380 1333 750 
f 751 763 814 
f 814 807 751 
f 751 807 1876 
f 1875 753 752 
f 1309 808 752 
f 752 808 1875 
f 752 1224 1309 
f 815 764 753 
f 753 809 815 
f 1875 809 753 
f 754 757 1646 
f 1821 757 754 
f 1646 795 754 
f 754 795 2061 
f 754 1659 1804 
f 2061 1659 754 
f 754 1804 1821 
f 803 762 755 
f 755 791 1657 
f 1657 803 755 
f 2562 760 756 
f 756 760 2677 
f 2302 1625 756 
f 756 1625 2562 
f 2677 2302 756 
f 757 761 1646 
f 1992 761 757 
f 757 1821 2066 
f 2066 1992 757 
f 758 780 796 
f 789 782 758 
f 796 789 758 
f 760 765 2523 
f 2627 765 760 
f 760 2523 2677 
f 2562 2554 760 
f 760 2554 2627 
f 761 766 801 
f 1992 766 761 
f 761 801 1646 
f 803 768 762 
f 763 782 797 
f 763 797 814 
f 799 784 764 
f 815 799 764 
f 2570 769 765 
f 765 769 2619 
f 2619 2523 765 
f 2627 2570 765 
f 766 770 1942 
f 2161 770 766 
f 805 801 766 
f 1942 805 766 
f 766 1992 2160 
f 766 2160 2161 
f 767 773 818 
f 818 810 767 
f 767 810 2139 
f 2139 1246 767 
f 767 1246 2600 
f 819 774 768 
f 768 803 811 
f 768 811 819 
f 2570 771 769 
f 769 771 2587 
f 769 2587 2597 
f 769 2597 2619 
f 770 772 1760 
f 2024 772 770 
f 770 1760 1942 
f 2161 2024 770 
f 771 775 2584 
f 2656 775 771 
f 2570 2339 771 
f 771 2339 2656 
f 771 2584 2587 
f 772 777 1760 
f 1960 777 772 
f 2024 1960 772 
f 773 778 818 
f 819 779 774 
f 2069 1385 775 
f 775 1385 2136 
f 2656 2069 775 
f 775 2136 2584 
f 776 779 821 
f 776 821 1665 
f 776 1665 2025 
f 1960 1563 777 
f 777 1563 2516 
f 777 1757 1760 
f 1915 1757 777 
f 2516 1915 777 
f 823 818 778 
f 1381 823 778 
f 779 819 824 
f 824 821 779 
f 780 785 825 
f 825 796 780 
f 782 789 826 
f 826 797 782 
f 783 784 798 
f 783 798 1384 
f 783 1384 2124 
f 2124 1652 783 
f 799 798 784 
f 785 787 825 
f 2680 787 785 
f 1652 788 786 
f 787 790 827 
f 2139 790 787 
f 827 825 787 
f 2680 2139 787 
f 1652 791 788 
f 789 796 826 
f 790 793 834 
f 2139 793 790 
f 831 827 790 
f 834 831 790 
f 791 1652 1657 
f 792 794 1625 
f 2669 794 792 
f 792 1625 1748 
f 2649 1654 792 
f 792 1654 2669 
f 792 1748 2649 
f 793 802 839 
f 2139 802 793 
f 839 834 793 
f 794 800 2562 
f 2669 800 794 
f 2562 1625 794 
f 1646 801 795 
f 795 801 1712 
f 1712 835 795 
f 795 835 2061 
f 796 825 840 
f 832 826 796 
f 840 832 796 
f 851 814 797 
f 797 826 838 
f 797 838 851 
f 798 799 828 
f 798 828 1384 
f 799 815 829 
f 829 828 799 
f 2090 804 800 
f 800 804 2554 
f 2091 2090 800 
f 2669 2091 800 
f 800 2554 2562 
f 801 805 1827 
f 1827 1712 801 
f 802 810 839 
f 2139 810 802 
f 1658 811 803 
f 803 1657 1658 
f 804 812 2627 
f 2674 812 804 
f 804 2090 2674 
f 2627 2554 804 
f 805 813 1827 
f 1942 813 805 
f 806 807 1860 
f 1876 807 806 
f 806 841 1380 
f 1860 841 806 
f 807 814 830 
f 807 830 842 
f 807 842 1860 
f 1864 809 808 
f 808 809 1875 
f 1389 843 808 
f 808 843 1864 
f 808 1309 1389 
f 847 815 809 
f 809 844 847 
f 1864 844 809 
f 810 818 858 
f 848 839 810 
f 858 848 810 
f 859 819 811 
f 811 849 859 
f 1658 849 811 
f 812 816 2570 
f 2674 816 812 
f 812 2570 2627 
f 813 817 857 
f 1942 817 813 
f 857 855 813 
f 813 855 1827 
f 851 830 814 
f 853 829 815 
f 815 847 874 
f 874 853 815 
f 2611 820 816 
f 816 820 2656 
f 816 2339 2570 
f 2656 2339 816 
f 816 2537 2611 
f 2674 2537 816 
f 817 822 857 
f 1760 822 817 
f 1942 1760 817 
f 818 823 858 
f 859 824 819 
f 820 1901 2355 
f 2611 1901 820 
f 2355 2069 820 
f 820 2069 2656 
f 821 824 865 
f 865 862 821 
f 821 862 1665 
f 863 857 822 
f 1997 863 822 
f 1915 1667 822 
f 822 1667 1997 
f 1760 1757 822 
f 822 1757 1915 
f 864 858 823 
f 823 860 864 
f 1664 860 823 
f 823 1381 1664 
f 824 859 865 
f 825 827 840 
f 826 832 867 
f 867 838 826 
f 827 831 866 
f 866 840 827 
f 828 829 852 
f 828 852 1391 
f 1391 1384 828 
f 853 852 829 
f 868 842 830 
f 830 851 873 
f 873 868 830 
f 831 834 882 
f 869 866 831 
f 882 869 831 
f 832 840 867 
f 833 835 884 
f 2061 835 833 
f 833 884 2527 
f 1853 1659 833 
f 833 1659 2061 
f 2527 1853 833 
f 834 839 882 
f 835 837 884 
f 1712 837 835 
f 836 845 2650 
f 2651 845 836 
f 2647 1654 836 
f 836 1654 2681 
f 836 1706 1708 
f 2681 1706 836 
f 836 1708 2651 
f 2650 2647 836 
f 1712 846 837 
f 837 846 2067 
f 889 884 837 
f 892 889 837 
f 2067 892 837 
f 870 851 838 
f 838 867 870 
f 839 848 895 
f 890 882 839 
f 895 890 839 
f 840 866 900 
f 881 867 840 
f 900 881 840 
f 841 842 877 
f 1860 842 841 
f 841 877 1388 
f 1388 1380 841 
f 842 868 906 
f 878 877 842 
f 906 878 842 
f 843 844 1864 
f 1867 844 843 
f 1340 879 843 
f 843 879 1867 
f 1389 1340 843 
f 885 847 844 
f 844 880 907 
f 1867 880 844 
f 907 885 844 
f 2592 854 845 
f 845 854 2650 
f 2651 2592 845 
f 1827 855 846 
f 846 855 2053 
f 846 1712 1827 
f 846 2053 2067 
f 899 874 847 
f 847 885 899 
f 848 858 908 
f 908 895 848 
f 909 859 849 
f 849 896 909 
f 1386 896 849 
f 1658 1386 849 
f 850 851 870 
f 872 851 850 
f 850 870 893 
f 1581 872 850 
f 850 893 1607 
f 850 1228 1581 
f 1607 1228 850 
f 851 872 873 
f 852 853 871 
f 852 871 894 
f 852 894 918 
f 852 918 1674 
f 1674 1391 852 
f 874 871 853 
f 854 856 2537 
f 2592 856 854 
f 854 2537 2674 
f 2674 2650 854 
f 855 857 1927 
f 855 1927 2053 
f 856 861 2537 
f 2604 861 856 
f 2592 904 856 
f 856 904 2604 
f 857 863 1927 
f 858 864 914 
f 914 908 858 
f 915 865 859 
f 859 909 915 
f 914 864 860 
f 860 910 914 
f 1372 910 860 
f 860 1274 1372 
f 1664 1274 860 
f 861 1672 2299 
f 2604 1672 861 
f 2299 1901 861 
f 861 1901 2611 
f 2611 2537 861 
f 862 865 915 
f 915 912 862 
f 862 912 2029 
f 1666 1665 862 
f 2029 1666 862 
f 1788 1701 863 
f 863 1701 1927 
f 1997 1788 863 
f 866 869 900 
f 893 870 867 
f 867 881 917 
f 917 893 867 
f 868 873 898 
f 868 898 920 
f 930 906 868 
f 868 920 930 
f 869 882 925 
f 916 900 869 
f 925 916 869 
f 871 874 903 
f 923 894 871 
f 871 903 923 
f 897 873 872 
f 1397 897 872 
f 1581 1397 872 
f 873 897 898 
f 874 899 924 
f 924 903 874 
f 875 883 1562 
f 1670 883 875 
f 1655 926 875 
f 875 926 1670 
f 1562 1215 875 
f 875 1215 1675 
f 1675 1655 875 
f 2527 884 876 
f 876 884 2654 
f 876 927 2047 
f 2654 927 876 
f 1981 1853 876 
f 876 1853 2527 
f 2047 1981 876 
f 877 878 1235 
f 1235 886 877 
f 877 886 1585 
f 1585 1388 877 
f 921 887 878 
f 878 887 1235 
f 878 906 921 
f 879 880 1867 
f 1872 880 879 
f 1585 886 879 
f 879 886 1872 
f 879 1340 1585 
f 880 887 922 
f 1872 887 880 
f 922 907 880 
f 881 900 917 
f 882 890 925 
f 1670 888 883 
f 883 888 1708 
f 1706 1562 883 
f 1708 1706 883 
f 884 889 2654 
f 932 899 885 
f 885 907 932 
f 1235 887 886 
f 886 887 1872 
f 887 921 928 
f 928 922 887 
f 888 891 1708 
f 2568 891 888 
f 888 1670 2683 
f 2683 2568 888 
f 889 892 2643 
f 889 2643 2654 
f 890 895 937 
f 937 925 890 
f 1713 901 891 
f 891 901 2592 
f 2651 1708 891 
f 2568 1713 891 
f 891 2592 2651 
f 2067 902 892 
f 892 902 2534 
f 892 2534 2567 
f 892 2567 2643 
f 893 917 1607 
f 952 918 894 
f 894 923 952 
f 895 908 950 
f 940 937 895 
f 950 940 895 
f 951 909 896 
f 896 941 951 
f 2073 941 896 
f 896 1386 2073 
f 919 898 897 
f 1987 919 897 
f 897 1397 1987 
f 898 919 920 
f 947 924 899 
f 899 932 947 
f 900 916 959 
f 935 917 900 
f 959 935 900 
f 1713 904 901 
f 901 904 2592 
f 1927 905 902 
f 902 905 2559 
f 2053 1927 902 
f 2067 2053 902 
f 2559 2534 902 
f 961 923 903 
f 903 924 961 
f 2556 911 904 
f 904 911 2604 
f 904 1713 2556 
f 1927 913 905 
f 905 913 2559 
f 944 921 906 
f 906 930 944 
f 907 922 946 
f 946 932 907 
f 908 914 957 
f 957 950 908 
f 958 915 909 
f 909 951 958 
f 953 914 910 
f 1372 953 910 
f 1679 1672 911 
f 911 1672 2604 
f 2075 1679 911 
f 2556 2075 911 
f 912 915 955 
f 912 955 2032 
f 2032 2029 912 
f 913 1701 1788 
f 1927 1701 913 
f 913 1788 2504 
f 2521 2080 913 
f 913 2080 2559 
f 913 2504 2521 
f 914 953 957 
f 958 955 915 
f 916 925 959 
f 917 935 2149 
f 2149 1607 917 
f 976 936 918 
f 918 936 1674 
f 918 952 976 
f 929 920 919 
f 1987 929 919 
f 920 929 930 
f 962 928 921 
f 921 944 962 
f 922 928 968 
f 964 946 922 
f 968 964 922 
f 961 952 923 
f 924 947 961 
f 925 937 981 
f 973 959 925 
f 981 973 925 
f 978 933 926 
f 926 933 1670 
f 2099 978 926 
f 926 1655 2099 
f 2654 934 927 
f 927 934 2665 
f 2652 2047 927 
f 2665 2652 927 
f 928 962 970 
f 970 968 928 
f 971 930 929 
f 1002 971 929 
f 1019 1002 929 
f 1692 1019 929 
f 1987 1692 929 
f 971 944 930 
f 931 932 946 
f 972 932 931 
f 946 945 931 
f 931 945 1398 
f 1003 972 931 
f 1020 1003 931 
f 1631 1020 931 
f 931 1398 1631 
f 972 947 932 
f 2673 938 933 
f 933 938 2683 
f 933 978 2673 
f 2683 1670 933 
f 2643 939 934 
f 934 939 2665 
f 2654 2643 934 
f 935 959 2149 
f 976 960 936 
f 936 960 1674 
f 937 940 986 
f 986 981 937 
f 938 942 1713 
f 2673 942 938 
f 938 1713 2568 
f 938 2568 2683 
f 939 943 2664 
f 2668 943 939 
f 2567 2534 939 
f 939 2534 2668 
f 2643 2567 939 
f 939 2664 2665 
f 940 950 994 
f 994 986 940 
f 995 951 941 
f 941 987 995 
f 1400 987 941 
f 941 1391 1400 
f 2073 1391 941 
f 942 948 1713 
f 2595 948 942 
f 2617 2595 942 
f 2673 2617 942 
f 2668 949 943 
f 943 949 2676 
f 2676 2664 943 
f 991 962 944 
f 944 971 983 
f 944 983 991 
f 945 946 964 
f 964 963 945 
f 945 963 1973 
f 1973 1398 945 
f 977 961 947 
f 947 972 1003 
f 1003 977 947 
f 948 954 2075 
f 2580 954 948 
f 2556 1713 948 
f 948 2075 2556 
f 2595 2580 948 
f 2559 956 949 
f 949 956 2608 
f 2668 2559 949 
f 949 2608 2660 
f 949 2660 2676 
f 950 957 994 
f 1001 958 951 
f 951 995 1001 
f 952 961 980 
f 980 976 952 
f 996 957 953 
f 1463 996 953 
f 953 1372 1676 
f 1676 1463 953 
f 954 1679 2075 
f 2231 1679 954 
f 2295 2231 954 
f 2580 2295 954 
f 955 958 998 
f 955 998 2032 
f 956 1902 2296 
f 2521 1902 956 
f 956 2080 2521 
f 2559 2080 956 
f 956 2296 2608 
f 1000 994 957 
f 957 996 1000 
f 1001 998 958 
f 959 973 2149 
f 988 974 960 
f 960 974 1674 
f 960 976 988 
f 961 977 1007 
f 1007 980 961 
f 1004 970 962 
f 962 991 1004 
f 963 964 967 
f 963 967 1973 
f 968 967 964 
f 1009 975 965 
f 965 975 1655 
f 1738 1009 965 
f 965 1395 1738 
f 2225 1395 965 
f 965 1655 2225 
f 2193 1010 966 
f 966 1010 2518 
f 1662 1573 966 
f 966 1573 2193 
f 2249 1662 966 
f 2518 2249 966 
f 967 968 969 
f 967 969 1680 
f 1680 1399 967 
f 967 1399 1973 
f 970 969 968 
f 969 970 1005 
f 969 1005 1028 
f 969 1028 1056 
f 969 1056 1680 
f 970 1004 1005 
f 1002 983 971 
f 973 981 1673 
f 973 1673 2149 
f 1008 982 974 
f 974 982 1400 
f 974 988 1008 
f 974 1400 1674 
f 2072 978 975 
f 975 978 2099 
f 975 1009 1012 
f 975 1012 2072 
f 2099 1655 975 
f 976 980 1006 
f 1015 988 976 
f 976 1006 1015 
f 977 1003 1020 
f 1020 1007 977 
f 2072 984 978 
f 978 984 2673 
f 979 2056 2525 
f 2664 2056 979 
f 979 2525 2546 
f 979 2546 2652 
f 979 2652 2665 
f 2665 2664 979 
f 1023 1006 980 
f 980 1007 1023 
f 981 986 1673 
f 1014 987 982 
f 982 987 1400 
f 982 1008 1014 
f 1011 991 983 
f 983 1002 1011 
f 1016 989 984 
f 984 989 2617 
f 2072 1016 984 
f 984 2617 2673 
f 2056 990 985 
f 985 990 2612 
f 2525 2056 985 
f 2577 2525 985 
f 2612 2577 985 
f 986 994 1031 
f 1031 1021 986 
f 986 1021 1673 
f 1032 995 987 
f 987 1014 1022 
f 987 1022 1032 
f 1015 1008 988 
f 2594 992 989 
f 989 992 2617 
f 989 1016 2648 
f 2648 2594 989 
f 990 993 2612 
f 2660 993 990 
f 990 2056 2676 
f 2676 2660 990 
f 1027 1004 991 
f 991 1011 1018 
f 991 1018 1027 
f 992 997 2580 
f 2594 997 992 
f 992 2580 2595 
f 992 2595 2617 
f 993 999 2607 
f 2660 999 993 
f 2607 2560 993 
f 993 2560 2612 
f 994 1000 1031 
f 1032 1001 995 
f 1033 1000 996 
f 1463 1033 996 
f 997 1034 1544 
f 2594 1034 997 
f 997 1544 2508 
f 2508 2295 997 
f 997 2295 2580 
f 998 1001 1035 
f 998 1035 1354 
f 998 1354 2032 
f 999 2296 2503 
f 2608 2296 999 
f 999 2503 2526 
f 999 2526 2607 
f 2660 2608 999 
f 1037 1031 1000 
f 1000 1033 1037 
f 1001 1032 1038 
f 1038 1035 1001 
f 1042 1011 1002 
f 1002 1019 1042 
f 1027 1005 1004 
f 1005 1027 1028 
f 1043 1015 1006 
f 1006 1023 1043 
f 1007 1020 1023 
f 1048 1014 1008 
f 1008 1015 1039 
f 1008 1039 1048 
f 2000 1012 1009 
f 1009 1738 1897 
f 1009 1897 2000 
f 1010 1013 2620 
f 2653 1013 1010 
f 1010 2193 2653 
f 2620 2518 1010 
f 1042 1018 1011 
f 1806 1016 1012 
f 1012 1016 2072 
f 2000 1806 1012 
f 2577 1017 1013 
f 1013 1017 2620 
f 1013 2525 2577 
f 2653 2525 1013 
f 1055 1022 1014 
f 1014 1048 1055 
f 1043 1039 1015 
f 1806 1024 1016 
f 1016 1024 2648 
f 1017 1025 1978 
f 2577 1025 1017 
f 1017 1978 2366 
f 1017 2366 2620 
f 1053 1027 1018 
f 1018 1042 1049 
f 1018 1049 1053 
f 1046 1042 1019 
f 1692 1046 1019 
f 1047 1023 1020 
f 1631 1047 1020 
f 1021 1031 1065 
f 1065 1054 1021 
f 1021 1054 1323 
f 1021 1323 1393 
f 1021 1393 1673 
f 1066 1032 1022 
f 1022 1055 1066 
f 1074 1043 1023 
f 1023 1047 1074 
f 1061 1029 1024 
f 1024 1029 2594 
f 1024 1051 1057 
f 1806 1051 1024 
f 1024 1057 1061 
f 1024 2594 2648 
f 1025 1030 1978 
f 2560 1030 1025 
f 2612 2560 1025 
f 1025 2577 2612 
f 1026 1040 1484 
f 2401 1040 1026 
f 2152 1063 1026 
f 1026 1063 2401 
f 1484 1395 1026 
f 1026 1395 1784 
f 1026 1784 2152 
f 1056 1028 1027 
f 1027 1053 1056 
f 1061 1034 1029 
f 1029 1034 2594 
f 1030 1036 2015 
f 2560 1036 1030 
f 2135 1978 1030 
f 1030 2015 2135 
f 1031 1037 1071 
f 1071 1065 1031 
f 1066 1038 1032 
f 1067 1037 1033 
f 1451 1067 1033 
f 2039 1451 1033 
f 1033 1463 2039 
f 1034 1061 1068 
f 1034 1068 2513 
f 2513 1544 1034 
f 1035 1038 1069 
f 1035 1069 2037 
f 2038 1354 1035 
f 1035 2037 2038 
f 1036 1633 2015 
f 2526 1633 1036 
f 2607 2526 1036 
f 1036 2560 2607 
f 1037 1067 1071 
f 1038 1066 1072 
f 1072 1069 1038 
f 1039 1043 1059 
f 1059 1048 1039 
f 1040 1044 1897 
f 2316 1044 1040 
f 1897 1484 1040 
f 2401 2316 1040 
f 2518 1045 1041 
f 1041 1045 2646 
f 1041 1771 2249 
f 2289 1771 1041 
f 1041 2249 2518 
f 2646 2289 1041 
f 1042 1046 1060 
f 1077 1049 1042 
f 1042 1060 1077 
f 1074 1059 1043 
f 1967 1051 1044 
f 1044 1051 2000 
f 2000 1897 1044 
f 2316 1967 1044 
f 2620 1052 1045 
f 1045 1052 2629 
f 1045 2518 2620 
f 1045 2629 2646 
f 1073 1060 1046 
f 1692 1073 1046 
f 1631 1074 1047 
f 1088 1055 1048 
f 1048 1059 1079 
f 1048 1079 1088 
f 1077 1053 1049 
f 1050 1064 1689 
f 2182 1064 1050 
f 1689 1090 1050 
f 1050 1090 1777 
f 1050 1777 2199 
f 1050 2093 2182 
f 2199 2093 1050 
f 1878 1057 1051 
f 1051 1806 2000 
f 1967 1878 1051 
f 2366 1058 1052 
f 1052 1058 2629 
f 2620 2366 1052 
f 1080 1056 1053 
f 1053 1077 1080 
f 1054 1065 1095 
f 1095 1087 1054 
f 1054 1087 1986 
f 1986 1323 1054 
f 1096 1066 1055 
f 1055 1088 1096 
f 1056 1080 1083 
f 1056 1083 1680 
f 1983 1061 1057 
f 1057 1878 1983 
f 2135 1062 1058 
f 1058 1062 2573 
f 1058 1978 2135 
f 2366 1978 1058 
f 1058 2573 2629 
f 1059 1074 1086 
f 1086 1079 1059 
f 1060 1073 1084 
f 1084 1077 1060 
f 1983 1068 1061 
f 2135 1070 1062 
f 1062 1070 2574 
f 2574 2573 1062 
f 1063 1075 2401 
f 2636 1075 1063 
f 1063 2152 2645 
f 2655 2636 1063 
f 1063 2645 2655 
f 1064 1076 1689 
f 2646 1076 1064 
f 2182 1771 1064 
f 1064 1771 2289 
f 1064 2289 2646 
f 1065 1071 1103 
f 1103 1095 1065 
f 1096 1072 1066 
f 1103 1071 1067 
f 1067 1099 1103 
f 1366 1099 1067 
f 1570 1366 1067 
f 1067 1451 1570 
f 1068 1983 2006 
f 1068 2006 2512 
f 1068 2512 2513 
f 1069 1072 1101 
f 1069 1101 2037 
f 1070 1979 2078 
f 2176 1979 1070 
f 2135 2015 1070 
f 1070 2015 2176 
f 1070 2078 2574 
f 1072 1096 1104 
f 1104 1101 1072 
f 1110 1084 1073 
f 1073 1085 1110 
f 1692 1085 1073 
f 1985 1086 1074 
f 1074 1631 1985 
f 1075 1081 2316 
f 2603 1081 1075 
f 1075 2316 2401 
f 2636 2603 1075 
f 2629 1082 1076 
f 1076 1082 2659 
f 2659 1689 1076 
f 2646 2629 1076 
f 1107 1080 1077 
f 1077 1084 1107 
f 1078 1089 2645 
f 2667 1089 1078 
f 1504 1111 1078 
f 1078 1111 2667 
f 1078 1401 1504 
f 1605 1401 1078 
f 2645 1605 1078 
f 1079 1086 1109 
f 1118 1088 1079 
f 1079 1109 1118 
f 1113 1083 1080 
f 1080 1107 1113 
f 1081 1091 1878 
f 2603 1091 1081 
f 1081 1878 1967 
f 1081 1967 2316 
f 2573 1092 1082 
f 1082 1092 2622 
f 2622 2502 1082 
f 1082 2502 2659 
f 2629 2573 1082 
f 1083 1113 1116 
f 1083 1116 1680 
f 1123 1107 1084 
f 1084 1110 1123 
f 1085 1108 1110 
f 1694 1108 1085 
f 1085 1692 1694 
f 1409 1109 1086 
f 1985 1409 1086 
f 1087 1095 1126 
f 1126 1117 1087 
f 1087 1117 1694 
f 1087 1694 1986 
f 1127 1096 1088 
f 1088 1118 1127 
f 1089 1105 2655 
f 2667 1105 1089 
f 2655 2645 1089 
f 1689 1106 1090 
f 1090 1106 2598 
f 2446 1777 1090 
f 2598 2446 1090 
f 1091 1093 1878 
f 2542 1093 1091 
f 2658 2542 1091 
f 2603 2564 1091 
f 1091 2564 2658 
f 2573 1094 1092 
f 1092 1094 2622 
f 1093 1100 2006 
f 2542 1100 1093 
f 1983 1878 1093 
f 2006 1983 1093 
f 2574 1102 1094 
f 1094 1102 2602 
f 1094 2573 2574 
f 1094 2602 2639 
f 2639 2622 1094 
f 1095 1103 1126 
f 1127 1104 1096 
f 1097 1452 1839 
f 2120 1452 1097 
f 1097 1839 1868 
f 1097 1868 2222 
f 2210 2120 1097 
f 2222 2210 1097 
f 2185 1112 1098 
f 1098 1112 2565 
f 1098 1129 1828 
f 2565 1129 1098 
f 1098 1828 2256 
f 2212 2185 1098 
f 2256 2212 1098 
f 1134 1103 1099 
f 1698 1134 1099 
f 1099 1366 1698 
f 1100 1578 2512 
f 2610 1578 1100 
f 2512 2006 1100 
f 1100 2542 2610 
f 1101 1104 1132 
f 1101 1132 1703 
f 1101 1703 1993 
f 1101 1993 2037 
f 1979 1928 1102 
f 1102 1928 2219 
f 2078 1979 1102 
f 2574 2078 1102 
f 1102 2219 2602 
f 1134 1126 1103 
f 1104 1127 1135 
f 1135 1132 1104 
f 2102 1114 1105 
f 1105 1114 2564 
f 2667 2102 1105 
f 1105 2564 2636 
f 1105 2636 2655 
f 1106 1115 2638 
f 2659 1115 1106 
f 1106 1689 2659 
f 2638 2598 1106 
f 1136 1113 1107 
f 1107 1123 1136 
f 1130 1110 1108 
f 1108 1117 1145 
f 1694 1117 1108 
f 1145 1130 1108 
f 1409 1118 1109 
f 1130 1123 1110 
f 1111 1121 1720 
f 2675 1121 1111 
f 1111 1504 2675 
f 1111 1720 2667 
f 1112 1122 2076 
f 2446 1122 1112 
f 2185 1777 1112 
f 1112 1777 2446 
f 1112 2076 2565 
f 1141 1116 1113 
f 1113 1136 1141 
f 1114 1119 2658 
f 2685 1119 1114 
f 1114 2102 2687 
f 2658 2564 1114 
f 2687 2685 1114 
f 1115 1120 2638 
f 2682 1120 1115 
f 1115 2502 2622 
f 2659 2502 1115 
f 1115 2622 2682 
f 1116 1141 1414 
f 1116 1414 1680 
f 1117 1126 1152 
f 1152 1145 1117 
f 1153 1127 1118 
f 1118 1146 1153 
f 1409 1146 1118 
f 1119 1124 2542 
f 2685 1124 1119 
f 1119 2542 2658 
f 1120 1125 2077 
f 2639 1125 1120 
f 1120 2077 2623 
f 1120 2623 2638 
f 2682 2639 1120 
f 2679 1137 1121 
f 1121 1137 2688 
f 1121 1717 1720 
f 2688 1717 1121 
f 1121 2675 2679 
f 1122 1138 2076 
f 2638 1138 1122 
f 1122 2446 2598 
f 1122 2598 2638 
f 1123 1130 1149 
f 1165 1136 1123 
f 1123 1149 1165 
f 1715 1131 1124 
f 1124 1131 2542 
f 1124 1619 1715 
f 2685 1619 1124 
f 1125 1133 2605 
f 2639 1133 1125 
f 2605 2077 1125 
f 1126 1134 1152 
f 1153 1135 1127 
f 1128 2119 2120 
f 2561 2119 1128 
f 1128 2120 2210 
f 1128 2210 2226 
f 1128 2226 2553 
f 2553 2540 1128 
f 1128 2540 2561 
f 1129 1144 1847 
f 2565 1144 1129 
f 1858 1828 1129 
f 1129 1847 1858 
f 1130 1145 1149 
f 1131 1548 1700 
f 1715 1548 1131 
f 1700 1578 1131 
f 1131 1578 2610 
f 2610 2542 1131 
f 1132 1135 1163 
f 1163 1158 1132 
f 1132 1158 1396 
f 1132 1396 1703 
f 1999 1656 1133 
f 1133 1656 2605 
f 2219 1999 1133 
f 2602 2219 1133 
f 2639 2602 1133 
f 1162 1152 1134 
f 1698 1162 1134 
f 1135 1153 1163 
f 1165 1141 1136 
f 2631 1147 1137 
f 1137 1147 2686 
f 2679 2631 1137 
f 1137 2686 2688 
f 1138 1148 1976 
f 2623 1148 1138 
f 1138 1976 2076 
f 2638 2623 1138 
f 2240 1154 1139 
f 1139 1154 2266 
f 1868 1854 1139 
f 1139 1854 2240 
f 2222 1868 1139 
f 2266 2222 1139 
f 1883 1155 1140 
f 1140 1155 2243 
f 1140 1745 1858 
f 2243 1745 1140 
f 1858 1847 1140 
f 1140 1847 1883 
f 1141 1165 1166 
f 1141 1166 1414 
f 1704 1164 1142 
f 1142 1164 2544 
f 2243 1704 1142 
f 1955 1761 1142 
f 1142 1761 2187 
f 2544 1955 1142 
f 1142 2187 2243 
f 2213 1160 1143 
f 1143 1160 2553 
f 2266 2213 1143 
f 2226 2222 1143 
f 1143 2222 2266 
f 2553 2226 1143 
f 1144 1161 1756 
f 1976 1161 1144 
f 1144 1756 1847 
f 2076 1976 1144 
f 2565 2076 1144 
f 1167 1149 1145 
f 1145 1152 1167 
f 1177 1153 1146 
f 1146 1168 1177 
f 1419 1168 1146 
f 1409 1408 1146 
f 1146 1408 1419 
f 2661 1150 1147 
f 1147 1150 2686 
f 1147 2631 2661 
f 1148 1151 2162 
f 2623 1151 1148 
f 1148 1170 1976 
f 2162 1170 1148 
f 1178 1165 1149 
f 1149 1167 1178 
f 1150 1157 1715 
f 2593 1157 1150 
f 1715 1619 1150 
f 1150 1619 2686 
f 1150 2545 2593 
f 2661 2545 1150 
f 1151 1159 2162 
f 2605 1159 1151 
f 1151 2077 2605 
f 2623 2077 1151 
f 1152 1162 1176 
f 1176 1167 1152 
f 1185 1163 1153 
f 1153 1177 1185 
f 2154 1171 1154 
f 1154 1171 2266 
f 2240 1955 1154 
f 1154 1955 2544 
f 2544 2154 1154 
f 1883 1172 1155 
f 1155 1172 1972 
f 1972 1704 1155 
f 1155 1704 2243 
f 1184 1162 1156 
f 1156 1162 1698 
f 1156 1180 1184 
f 1416 1180 1156 
f 1698 1416 1156 
f 1157 1321 1548 
f 2178 1321 1157 
f 1157 1548 1715 
f 2593 2178 1157 
f 1158 1163 1185 
f 1185 1182 1158 
f 1158 1182 2035 
f 1710 1396 1158 
f 2035 1710 1158 
f 1159 1656 2510 
f 2605 1656 1159 
f 2088 2011 1159 
f 1159 2011 2162 
f 2510 2088 1159 
f 1977 1169 1160 
f 1160 1169 2631 
f 2213 1977 1160 
f 2631 2553 1160 
f 1161 1170 1750 
f 1976 1170 1161 
f 1161 1750 1949 
f 1949 1756 1161 
f 1184 1176 1162 
f 1704 1173 1164 
f 1164 1173 2544 
f 1178 1166 1165 
f 1166 1178 1188 
f 1166 1188 1414 
f 1167 1176 1178 
f 1179 1177 1168 
f 1419 1179 1168 
f 1977 1174 1169 
f 1169 1174 2545 
f 1169 2545 2661 
f 2661 2631 1169 
f 1170 1175 1750 
f 2162 1175 1170 
f 2154 1186 1171 
f 1171 1186 2213 
f 1171 2213 2266 
f 1750 1187 1172 
f 1172 1187 1972 
f 1949 1750 1172 
f 1883 1756 1172 
f 1172 1756 1949 
f 1173 1189 1934 
f 1972 1189 1173 
f 1173 1704 1972 
f 1173 1934 2154 
f 1173 2154 2544 
f 2009 1181 1174 
f 1174 1181 2545 
f 1174 1977 2247 
f 2247 2009 1174 
f 1175 1183 1753 
f 2011 1183 1175 
f 1753 1750 1175 
f 2162 2011 1175 
f 1192 1178 1176 
f 1176 1184 1200 
f 1200 1192 1176 
f 1177 1179 1193 
f 1201 1185 1177 
f 1177 1193 1201 
f 1199 1188 1178 
f 1178 1192 1199 
f 1179 1188 1193 
f 1414 1188 1179 
f 1179 1399 1414 
f 1419 1399 1179 
f 1194 1184 1180 
f 1429 1194 1180 
f 1180 1416 1429 
f 2009 1729 1181 
f 1181 1729 2178 
f 1181 2178 2593 
f 2593 2545 1181 
f 1182 1185 1196 
f 1182 1196 1823 
f 1182 1823 2035 
f 1183 1632 1990 
f 2088 1632 1183 
f 2019 1753 1183 
f 1183 1990 2019 
f 1183 2011 2088 
f 1184 1194 1200 
f 1201 1196 1185 
f 1934 1190 1186 
f 1186 1190 2247 
f 2154 1934 1186 
f 1186 1977 2213 
f 2247 1977 1186 
f 1750 1191 1187 
f 1187 1191 2197 
f 2197 1972 1187 
f 1199 1193 1188 
f 1189 1198 1988 
f 2263 1198 1189 
f 1988 1934 1189 
f 1189 1972 2197 
f 1189 2197 2263 
f 2012 1195 1190 
f 1190 1195 2247 
f 1190 1934 1988 
f 1190 1988 2012 
f 1753 1197 1191 
f 1191 1197 2170 
f 1191 1750 1753 
f 1191 2170 2263 
f 2263 2197 1191 
f 1204 1199 1192 
f 1192 1200 1204 
f 1193 1199 1204 
f 1204 1201 1193 
f 1202 1200 1194 
f 1407 1202 1194 
f 1711 1407 1194 
f 1194 1429 1711 
f 1643 1251 1195 
f 1195 1251 1729 
f 2012 1643 1195 
f 1195 1729 2009 
f 1195 2009 2247 
f 1196 1201 1202 
f 1196 1202 1407 
f 1196 1407 1823 
f 1749 1645 1197 
f 1197 1645 2170 
f 1990 1749 1197 
f 1197 1753 2019 
f 2019 1990 1197 
f 1198 1203 1988 
f 2170 1203 1198 
f 2263 2170 1198 
f 1200 1202 1204 
f 1204 1202 1201 
f 1751 1643 1203 
f 1203 1643 2012 
f 1203 1645 1751 
f 2170 1645 1203 
f 2012 1988 1203 
f 1205 1215 1394 
f 1675 1215 1205 
f 1394 1250 1205 
f 1205 1250 2657 
f 1205 1395 2225 
f 2657 1395 1205 
f 2225 1675 1205 
f 1402 1279 1206 
f 1206 1279 1787 
f 1648 1402 1206 
f 1206 1575 1648 
f 1737 1575 1206 
f 1795 1737 1206 
f 1206 1787 1795 
f 1207 1268 1405 
f 1725 1268 1207 
f 1207 1405 1730 
f 1516 1406 1207 
f 1207 1406 1725 
f 1730 1516 1207 
f 1208 1227 1639 
f 2030 1227 1208 
f 1208 1236 1427 
f 2155 1236 1208 
f 1208 1427 2030 
f 1208 1639 2155 
f 1460 1216 1209 
f 1209 1216 2034 
f 1209 1275 1460 
f 1793 1275 1209 
f 1209 1459 1611 
f 2034 1459 1209 
f 1209 1611 1793 
f 1546 1248 1210 
f 1210 1248 1648 
f 1210 1401 1471 
f 1648 1401 1210 
f 1210 1471 2657 
f 2657 1546 1210 
f 1469 1221 1211 
f 1211 1221 2382 
f 1856 1306 1211 
f 2382 1856 1211 
f 1212 1214 1447 
f 2082 1214 1212 
f 1212 1253 1310 
f 1790 1253 1212 
f 1212 1310 2082 
f 1212 1447 1790 
f 1244 1220 1213 
f 1213 1220 1475 
f 1213 1240 1304 
f 1804 1240 1213 
f 1304 1244 1213 
f 1213 1475 1804 
f 1214 1379 1768 
f 1913 1379 1214 
f 1768 1447 1214 
f 2082 1913 1214 
f 1781 1394 1215 
f 1215 1562 1669 
f 1215 1669 1781 
f 1460 1271 1216 
f 1216 1271 1573 
f 1216 1573 1662 
f 1216 1662 2093 
f 2093 2034 1216 
f 1217 1314 1551 
f 1746 1314 1217 
f 1740 1550 1217 
f 1217 1550 1746 
f 1217 1551 1740 
f 1218 1678 1799 
f 1809 1678 1218 
f 1218 1799 2032 
f 2032 1809 1218 
f 1219 1249 1252 
f 1470 1249 1219 
f 1219 1252 1800 
f 1800 1431 1219 
f 1219 1431 2694 
f 2694 1470 1219 
f 1220 1244 1444 
f 1421 1317 1220 
f 1220 1317 1475 
f 1434 1421 1220 
f 1444 1434 1220 
f 1424 1238 1221 
f 1221 1238 1958 
f 1469 1424 1221 
f 1221 1958 2382 
f 1222 1229 1257 
f 2692 1229 1222 
f 1222 1250 1394 
f 1546 1250 1222 
f 1222 1257 1776 
f 1222 1394 2692 
f 1776 1546 1222 
f 1224 1241 1359 
f 1359 1309 1224 
f 1410 1277 1226 
f 1432 1410 1226 
f 2694 1432 1226 
f 1226 1470 2694 
f 1346 1269 1227 
f 1227 1269 1639 
f 1358 1346 1227 
f 2030 1358 1227 
f 1228 1390 1581 
f 1673 1390 1228 
f 1228 1607 2149 
f 2149 1673 1228 
f 1472 1257 1229 
f 1358 1280 1229 
f 1229 1280 1472 
f 2692 1358 1229 
f 1842 1326 1230 
f 1766 1496 1230 
f 1230 1496 1842 
f 1231 1263 1312 
f 1231 1312 1313 
f 1231 1313 2202 
f 1232 1312 1598 
f 1232 1461 1555 
f 1598 1461 1232 
f 1232 1555 1891 
f 1233 1332 1369 
f 2452 1332 1233 
f 1233 1369 1370 
f 1233 1370 1769 
f 1769 1621 1233 
f 1233 1621 2452 
f 1478 1331 1234 
f 1234 1331 1509 
f 2141 1478 1234 
f 1234 1509 1984 
f 1234 1984 2531 
f 2531 2141 1234 
f 1236 1273 1600 
f 2155 1273 1236 
f 1600 1427 1236 
f 1568 1265 1237 
f 1237 1265 1600 
f 1237 1273 1502 
f 1600 1273 1237 
f 1237 1502 1559 
f 1237 1559 1792 
f 1628 1383 1238 
f 1238 1383 1958 
f 1238 1424 1732 
f 1732 1628 1238 
f 1239 1265 1565 
f 1600 1265 1239 
f 1732 1355 1239 
f 1239 1355 2071 
f 1239 1427 1600 
f 2071 1427 1239 
f 1239 1565 1732 
f 2068 1304 1240 
f 1804 1659 1240 
f 1240 1659 1853 
f 1240 1853 2365 
f 2365 2068 1240 
f 1241 1242 1328 
f 1241 1328 1359 
f 1242 1322 1328 
f 1243 1474 1710 
f 1822 1474 1243 
f 1243 1710 2035 
f 1824 1822 1243 
f 2035 1824 1243 
f 1304 1272 1244 
f 1245 1279 1611 
f 1787 1279 1245 
f 1611 1459 1245 
f 1245 1459 2212 
f 1789 1787 1245 
f 2256 1789 1245 
f 1245 2212 2256 
f 1246 1345 2600 
f 1246 2139 2680 
f 1445 1270 1247 
f 1369 1332 1247 
f 1247 1332 1445 
f 2014 1369 1247 
f 1248 1253 1292 
f 1443 1253 1248 
f 1248 1292 1402 
f 1248 1402 1648 
f 1546 1443 1248 
f 1591 1252 1249 
f 1249 1470 2215 
f 2215 1803 1249 
f 1250 1546 2657 
f 1251 1368 1729 
f 1818 1368 1251 
f 1643 1404 1251 
f 1251 1404 1818 
f 1252 1591 1835 
f 2070 1800 1252 
f 1790 1292 1253 
f 1569 1310 1253 
f 1253 1443 1776 
f 1776 1569 1253 
f 1428 1276 1254 
f 1254 1276 1454 
f 1254 1280 1367 
f 1616 1280 1254 
f 1254 1367 1428 
f 1254 1454 1616 
f 1480 1289 1255 
f 1255 1289 1773 
f 1923 1448 1255 
f 1255 1448 2002 
f 2002 1480 1255 
f 1255 1773 1943 
f 1943 1923 1255 
f 1256 1448 1489 
f 1718 1448 1256 
f 1256 1481 1718 
f 2515 1481 1256 
f 1256 2374 2515 
f 1472 1373 1257 
f 1257 1373 1776 
f 1555 1461 1258 
f 1258 1461 1825 
f 2001 1555 1258 
f 1486 1285 1259 
f 1259 1285 1723 
f 1493 1486 1259 
f 1723 1493 1259 
f 1267 1264 1260 
f 1260 1264 1432 
f 1433 1301 1260 
f 1260 1301 1444 
f 1260 1432 1433 
f 1336 1276 1261 
f 1261 1276 1428 
f 1261 1277 1336 
f 1424 1277 1261 
f 1261 1355 1424 
f 1428 1355 1261 
f 1262 1272 1304 
f 1768 1272 1262 
f 1262 1275 1768 
f 2068 1275 1262 
f 1262 1304 2068 
f 1598 1312 1263 
f 1825 1598 1263 
f 1264 1267 1970 
f 1264 1410 1432 
f 1693 1410 1264 
f 2693 1693 1264 
f 1264 1970 2693 
f 1801 1565 1265 
f 1265 1568 1801 
f 1267 1379 2020 
f 2020 1970 1267 
f 1829 1403 1268 
f 1268 1725 1829 
f 1269 1346 2100 
f 1269 1503 1840 
f 2100 1503 1269 
f 1840 1639 1269 
f 1435 1316 1270 
f 1445 1435 1270 
f 1271 1460 2068 
f 2193 1573 1271 
f 1271 2068 2365 
f 2331 2193 1271 
f 2365 2331 1271 
f 1768 1379 1272 
f 1273 1488 1728 
f 1808 1488 1273 
f 1728 1502 1273 
f 2155 1808 1273 
f 1786 1372 1274 
f 1274 1664 2063 
f 1274 1783 1786 
f 2063 1783 1274 
f 1275 1447 1768 
f 1793 1447 1275 
f 2068 1460 1275 
f 1276 1336 1963 
f 1886 1454 1276 
f 1963 1886 1276 
f 1410 1336 1277 
f 1277 1424 1469 
f 2005 1413 1278 
f 1278 1511 1726 
f 2031 1511 1278 
f 1278 1726 2005 
f 1279 1402 1793 
f 1793 1611 1279 
f 1280 1358 2030 
f 2030 1367 1280 
f 1616 1472 1280 
f 1281 1282 1718 
f 1721 1500 1281 
f 1281 1718 1721 
f 1282 1365 2002 
f 2002 1718 1282 
f 1283 1347 1431 
f 1434 1347 1283 
f 1283 1411 1434 
f 1479 1411 1283 
f 1283 1431 1479 
f 1284 1373 1647 
f 1722 1373 1284 
f 1647 1454 1284 
f 1284 1454 2144 
f 1764 1722 1284 
f 2144 1764 1284 
f 1721 1286 1285 
f 1285 1286 1723 
f 1285 1500 1721 
f 1721 1481 1286 
f 1286 1481 1924 
f 1286 1495 1723 
f 2500 1495 1286 
f 1286 1924 2500 
f 1287 1288 1482 
f 2003 1288 1287 
f 1287 1482 2036 
f 1287 1497 2003 
f 2041 1497 1287 
f 1287 2036 2041 
f 1476 1289 1288 
f 1288 1289 1482 
f 1288 1458 1830 
f 2003 1458 1288 
f 1830 1476 1288 
f 1289 1476 1773 
f 1289 1480 1482 
f 1290 1293 1302 
f 1925 1293 1290 
f 1297 1294 1290 
f 1290 1294 1423 
f 1290 1423 1925 
f 1291 1294 1487 
f 1790 1402 1292 
f 1499 1302 1293 
f 1294 1297 1487 
f 1295 1554 1660 
f 2166 1554 1295 
f 1660 1635 1295 
f 1295 1635 1722 
f 1295 1722 1764 
f 1295 1764 2345 
f 2345 2166 1295 
f 1501 1498 1296 
f 1579 1487 1297 
f 1298 1324 1747 
f 1747 1325 1298 
f 1298 1325 2017 
f 2017 1422 1298 
f 1498 1300 1299 
f 1299 1303 1498 
f 2044 1303 1299 
f 1299 1308 2044 
f 1300 1498 1501 
f 1300 1501 2245 
f 1433 1347 1301 
f 1301 1347 1444 
f 1302 1499 1505 
f 1305 1308 1523 
f 2044 1308 1305 
f 1856 1450 1306 
f 1307 1311 1541 
f 1982 1311 1307 
f 1307 1541 2616 
f 1595 1523 1308 
f 1309 1359 1389 
f 1569 1554 1310 
f 1310 1554 2628 
f 2628 2082 1310 
f 1311 1318 1320 
f 1982 1318 1311 
f 1608 1315 1313 
f 1313 1315 2202 
f 1314 1435 1465 
f 1746 1435 1314 
f 1314 1465 1857 
f 2131 1551 1314 
f 1314 1857 2083 
f 1314 2083 2131 
f 1608 1322 1315 
f 1316 1435 1746 
f 1746 1466 1316 
f 1317 1421 1602 
f 1677 1475 1317 
f 1317 1602 1794 
f 1794 1677 1317 
f 1865 1320 1318 
f 1318 1557 1865 
f 1319 1327 1560 
f 1319 1560 1567 
f 1319 1567 1601 
f 1320 1865 2251 
f 1321 1368 1415 
f 2178 1368 1321 
f 1321 1415 1700 
f 1700 1548 1321 
f 2550 1328 1322 
f 1322 1608 2550 
f 1323 1390 1393 
f 1397 1390 1323 
f 1986 1397 1323 
f 1743 1425 1324 
f 1324 1425 1747 
f 1324 1580 1743 
f 1331 1330 1325 
f 1325 1330 2017 
f 1747 1331 1325 
f 1842 1411 1326 
f 2684 1560 1327 
f 1996 1571 1327 
f 1327 1571 2684 
f 2671 1359 1328 
f 1329 1330 1446 
f 1329 1446 1642 
f 1642 1530 1329 
f 1330 1331 1446 
f 1330 1417 2017 
f 1478 1446 1331 
f 1747 1509 1331 
f 1637 1445 1332 
f 2509 1637 1332 
f 1332 2452 2509 
f 1380 1357 1333 
f 1333 1357 1805 
f 1334 1614 1996 
f 2189 1574 1335 
f 1335 1576 2189 
f 1336 1410 1693 
f 1336 1693 1971 
f 1971 1963 1336 
f 1881 1880 1337 
f 2092 1881 1337 
f 1338 1574 2195 
f 2301 1683 1338 
f 2195 2111 1338 
f 1338 2111 2301 
f 1339 1341 2368 
f 2519 1341 1339 
f 1339 2092 2571 
f 2618 2092 1339 
f 2368 2367 1339 
f 1339 2367 2625 
f 2571 2519 1339 
f 2625 2618 1339 
f 1340 1371 1585 
f 1609 1371 1340 
f 1340 1389 1609 
f 1351 1342 1341 
f 1341 1342 2368 
f 2520 1351 1341 
f 1341 2519 2520 
f 1342 1351 2307 
f 1342 2307 2480 
f 2480 2368 1342 
f 1343 1344 2052 
f 1344 1345 1592 
f 2600 1345 1344 
f 1344 1592 2052 
f 1345 1348 1592 
f 1346 1358 1763 
f 1763 1506 1346 
f 1346 1506 1909 
f 1346 1909 2140 
f 2140 2100 1346 
f 1433 1431 1347 
f 1347 1434 1444 
f 2052 1592 1348 
f 1349 1683 2301 
f 2303 2115 1349 
f 1349 2301 2407 
f 2407 2303 1349 
f 1904 1353 1350 
f 1350 1353 1919 
f 2206 1904 1350 
f 1350 1919 2203 
f 1350 2203 2696 
f 2306 2206 1350 
f 2696 2306 1350 
f 1351 1618 1626 
f 2520 1618 1351 
f 1351 1626 2307 
f 1656 1455 1352 
f 1352 1455 1814 
f 1814 1474 1352 
f 1352 1474 1822 
f 1822 1632 1352 
f 1352 1632 2088 
f 2510 1656 1352 
f 1352 2088 2510 
f 1904 1903 1353 
f 1354 1687 1809 
f 2038 1687 1354 
f 1354 1809 2032 
f 1732 1424 1355 
f 1355 1428 2071 
f 1356 1612 2188 
f 2670 1612 1356 
f 1356 2188 2406 
f 1357 1380 1388 
f 1357 1388 2089 
f 2535 1805 1357 
f 2089 1914 1357 
f 1357 1914 2535 
f 2692 1763 1358 
f 1609 1389 1359 
f 2551 1609 1359 
f 2671 2551 1359 
f 2216 1364 1360 
f 1940 1939 1360 
f 1360 1939 2216 
f 1772 1508 1361 
f 1361 1508 2505 
f 2505 2007 1361 
f 1362 1610 1926 
f 1362 1926 1936 
f 1936 1935 1362 
f 1363 1364 1623 
f 1623 1618 1363 
f 1922 1623 1364 
f 2216 1922 1364 
f 1365 1480 2002 
f 1366 1570 1813 
f 1699 1698 1366 
f 1812 1699 1366 
f 1813 1812 1366 
f 2030 1427 1367 
f 1367 1427 2071 
f 2071 1428 1367 
f 1820 1415 1368 
f 2178 1729 1368 
f 1368 1818 1820 
f 2014 1370 1369 
f 1370 1644 1769 
f 2033 1644 1370 
f 1370 2014 2033 
f 1371 1388 1585 
f 2089 1388 1371 
f 1786 1676 1372 
f 1373 1472 1616 
f 1373 1616 1647 
f 1722 1635 1373 
f 1373 1635 1776 
f 1382 1375 1374 
f 1374 1375 1453 
f 1642 1382 1374 
f 1374 1453 2022 
f 1374 1530 1642 
f 2022 1530 1374 
f 1375 1382 2501 
f 1375 1385 1956 
f 2501 1385 1375 
f 2063 1453 1375 
f 1956 1636 1375 
f 1375 1636 2063 
f 1376 1378 1644 
f 1668 1378 1376 
f 1376 1644 2025 
f 1376 1665 1668 
f 2025 1665 1376 
f 1621 1563 1377 
f 1377 1563 1960 
f 1377 1590 1621 
f 1961 1590 1377 
f 1378 1621 1769 
f 2516 1621 1378 
f 1769 1644 1378 
f 1668 1667 1378 
f 1378 1667 2516 
f 1379 1913 2020 
f 1381 1453 1664 
f 2022 1453 1381 
f 1642 1477 1382 
f 1382 1477 2501 
f 1628 1490 1383 
f 1383 1490 1938 
f 2196 1958 1383 
f 2073 1386 1384 
f 1384 1386 2124 
f 1384 1391 2073 
f 2069 1956 1385 
f 2501 2136 1385 
f 1658 1652 1386 
f 1386 1652 2124 
f 1387 1413 2005 
f 1731 1547 1387 
f 2005 1731 1387 
f 1673 1393 1390 
f 1390 1397 1581 
f 1674 1400 1391 
f 1735 1538 1392 
f 1392 1538 2040 
f 1392 1549 1735 
f 1781 1763 1394 
f 1394 1763 2692 
f 1395 1471 1784 
f 2657 1471 1395 
f 1395 1484 1738 
f 1710 1703 1396 
f 1397 1986 1987 
f 1419 1408 1398 
f 1398 1408 1985 
f 1973 1419 1398 
f 1985 1631 1398 
f 1680 1414 1399 
f 1399 1419 1973 
f 1605 1471 1401 
f 1995 1504 1401 
f 1648 1575 1401 
f 1401 1575 1995 
f 1402 1790 1793 
f 1716 1473 1404 
f 1404 1473 1818 
f 1404 1643 1751 
f 1751 1716 1404 
f 1405 1418 1730 
f 1406 1516 1719 
f 1719 1556 1406 
f 1796 1725 1406 
f 1406 1742 1796 
f 1711 1473 1407 
f 1407 1473 1824 
f 1824 1823 1407 
f 1408 1409 1985 
f 1842 1434 1411 
f 1740 1624 1412 
f 1412 1624 1765 
f 1412 1735 1740 
f 1851 1735 1412 
f 1412 1778 2514 
f 2514 1851 1412 
f 1820 1416 1415 
f 1415 1416 2588 
f 2588 1700 1415 
f 1820 1429 1416 
f 1416 1698 1699 
f 1416 1699 2588 
f 1418 1538 1730 
f 2040 1538 1418 
f 1420 1613 1672 
f 1783 1613 1420 
f 1420 1672 1679 
f 1420 1679 1848 
f 1786 1783 1420 
f 1420 1785 1786 
f 1848 1785 1420 
f 1421 1434 1842 
f 1421 1496 1602 
f 1842 1496 1421 
f 1425 1457 1588 
f 1855 1457 1425 
f 1588 1509 1425 
f 1425 1509 1747 
f 1425 1743 1855 
f 1426 1464 1468 
f 2215 1464 1426 
f 1832 1803 1426 
f 1426 1803 2215 
f 1820 1711 1429 
f 1430 1633 1688 
f 2176 1633 1430 
f 1430 1688 1815 
f 1815 1705 1430 
f 1430 1705 1928 
f 1430 1928 2176 
f 1431 1433 2694 
f 1800 1479 1431 
f 2694 1433 1432 
f 1435 1445 1465 
f 2198 2104 1436 
f 1436 2104 2453 
f 2341 2198 1436 
f 2258 2238 1436 
f 1436 2238 2272 
f 2453 2258 1436 
f 1436 2272 2341 
f 1437 1895 2138 
f 2377 1895 1437 
f 1437 2138 2257 
f 2257 2205 1437 
f 1437 2205 2347 
f 2347 2346 1437 
f 1437 2346 2377 
f 1734 1638 1438 
f 1438 1638 2318 
f 2277 1734 1438 
f 2322 2271 1438 
f 1438 2271 2528 
f 2528 2277 1438 
f 1438 2318 2322 
f 2279 1440 1439 
f 1439 1440 2328 
f 1439 1638 2279 
f 2319 1638 1439 
f 2328 2319 1439 
f 2285 1807 1440 
f 1440 1807 2324 
f 1440 2279 2285 
f 1440 2324 2328 
f 2293 1442 1441 
f 1441 1442 2330 
f 1441 1807 2287 
f 2325 1807 1441 
f 1441 2287 2293 
f 2330 2325 1441 
f 2293 2114 1442 
f 1442 2114 2297 
f 2297 2253 1442 
f 1442 2253 2332 
f 2332 2330 1442 
f 1443 1546 1776 
f 1637 1465 1445 
f 1478 1477 1446 
f 1446 1477 1642 
f 1793 1790 1447 
f 1448 1718 2002 
f 1754 1467 1449 
f 1449 1467 2452 
f 2452 1590 1449 
f 1450 1464 2215 
f 1640 1587 1450 
f 1856 1640 1450 
f 1813 1570 1451 
f 1451 1685 1813 
f 2039 1685 1451 
f 1452 1575 1737 
f 1995 1575 1452 
f 1452 1737 1839 
f 2119 1995 1452 
f 2120 2119 1452 
f 2063 1664 1453 
f 1647 1616 1454 
f 1454 1886 2144 
f 1455 1656 1999 
f 1994 1814 1455 
f 2219 1994 1455 
f 1455 1999 2219 
f 1456 1586 1594 
f 1933 1586 1456 
f 1594 1589 1456 
f 2336 1588 1457 
f 1457 1817 2336 
f 2506 1817 1457 
f 1457 1855 2506 
f 1458 1724 1830 
f 2003 1724 1458 
f 2199 1777 1459 
f 1459 1777 2212 
f 1459 2034 2199 
f 1461 1598 1825 
f 1759 1476 1462 
f 1462 1476 1830 
f 1463 1676 1802 
f 1802 1685 1463 
f 1463 1685 2039 
f 1746 1550 1466 
f 2509 2452 1467 
f 1471 1605 1784 
f 1473 1711 1818 
f 1473 1716 1824 
f 1474 1703 1710 
f 1814 1703 1474 
f 1821 1804 1475 
f 1759 1629 1476 
f 1476 1629 1773 
f 1477 1478 2261 
f 1477 2157 2501 
f 2070 1727 1479 
f 1479 1800 2070 
f 2036 1482 1480 
f 1721 1718 1481 
f 2515 1924 1481 
f 1668 1666 1483 
f 1483 1666 1799 
f 1965 1668 1483 
f 1483 1799 1965 
f 1897 1738 1484 
f 1486 1493 2027 
f 1849 1728 1488 
f 1488 1808 2538 
f 2538 1849 1488 
f 2557 1938 1490 
f 2196 2045 1491 
f 1491 2048 2183 
f 1491 2183 2196 
f 1493 1494 1507 
f 1723 1494 1493 
f 1493 1507 2027 
f 1723 1495 1494 
f 1494 1495 2505 
f 1508 1507 1494 
f 2505 1508 1494 
f 2498 2097 1495 
f 1495 2097 2505 
f 1495 2311 2498 
f 2500 2311 1495 
f 1497 1829 2003 
f 1502 1728 2042 
f 1503 2100 2572 
f 2572 2400 1503 
f 1503 2400 2606 
f 1504 1995 2119 
f 1504 2119 2561 
f 1504 2561 2675 
f 1506 1763 2201 
f 1506 1798 1909 
f 2201 1798 1506 
f 1507 1508 1511 
f 1507 1511 2031 
f 1509 1588 1948 
f 2507 1744 1510 
f 2511 2507 1510 
f 1513 1521 2599 
f 2548 1526 1514 
f 1514 1531 2536 
f 1514 2536 2548 
f 2095 1517 1515 
f 2514 1719 1516 
f 1516 1730 1851 
f 1516 1851 2514 
f 2095 1552 1517 
f 2118 1529 1518 
f 1518 1536 2118 
f 1521 1534 2599 
f 1524 1526 2548 
f 1534 1552 1954 
f 1534 1954 1966 
f 1534 1966 2599 
f 1851 1730 1538 
f 1538 1735 1851 
f 1544 1686 2508 
f 2513 1686 1544 
f 1545 2042 2186 
f 1743 1580 1547 
f 1547 1731 1736 
f 1547 1736 1743 
f 1549 1550 1740 
f 1740 1735 1549 
f 1551 1624 1740 
f 2131 1624 1551 
f 2095 1954 1552 
f 1554 1569 1660 
f 1554 2166 2628 
f 2535 1891 1555 
f 1555 2001 2535 
f 1567 1560 1558 
f 2251 1865 1561 
f 2585 1669 1562 
f 1562 1706 2585 
f 1563 1621 2516 
f 1564 1577 1772 
f 1565 1628 1732 
f 1762 1628 1565 
f 1801 1762 1565 
f 1770 1739 1568 
f 1568 1739 1801 
f 1569 1635 1660 
f 1776 1635 1569 
f 1996 1614 1571 
f 1574 2189 2195 
f 1576 1885 1890 
f 1890 1887 1576 
f 1576 1887 2189 
f 1577 1653 1726 
f 2507 1653 1577 
f 1577 2049 2507 
f 1578 1700 2512 
f 2571 2092 1582 
f 1582 2519 2571 
f 1890 1885 1583 
f 1911 1890 1583 
f 2298 1911 1583 
f 1584 1880 1882 
f 1584 1882 1917 
f 1584 1917 2300 
f 1584 2300 2499 
f 1830 1594 1586 
f 1587 1640 1944 
f 2336 1948 1588 
f 1589 1594 1796 
f 1796 1752 1589 
f 2452 1621 1590 
f 1591 1707 1835 
f 1593 1599 1622 
f 1896 1599 1593 
f 1593 1895 1896 
f 2524 1895 1593 
f 1594 1724 1725 
f 1830 1724 1594 
f 1594 1725 1796 
f 1899 1898 1596 
f 1596 1898 2194 
f 2108 1899 1596 
f 2402 2108 1596 
f 1856 1733 1597 
f 2298 1622 1599 
f 2228 1696 1599 
f 1599 1696 2298 
f 1599 1896 2378 
f 2378 2228 1599 
f 2152 1784 1605 
f 2645 2152 1605 
f 1789 1745 1606 
f 1606 1745 2187 
f 1795 1789 1606 
f 2187 1795 1606 
f 1610 1620 1926 
f 2115 1620 1610 
f 1612 1908 2541 
f 2670 1908 1612 
f 1612 2112 2188 
f 2364 2112 1612 
f 2541 2364 1612 
f 1783 1636 1613 
f 1613 1636 1956 
f 2299 1672 1613 
f 1956 1901 1613 
f 1613 1901 2299 
f 1794 1634 1615 
f 2051 1641 1615 
f 1615 1650 1794 
f 1617 1970 2020 
f 1617 2020 2126 
f 1618 1623 1626 
f 1619 2685 2686 
f 2304 1926 1620 
f 1620 2115 2303 
f 1620 2303 2304 
f 2307 1626 1623 
f 1623 1922 2308 
f 2308 2307 1623 
f 2201 1748 1625 
f 2302 2201 1625 
f 1627 1651 2506 
f 1855 1736 1627 
f 1627 1736 2511 
f 2511 1782 1627 
f 2506 1855 1627 
f 1630 1909 2098 
f 2140 1909 1630 
f 2211 2140 1630 
f 2234 2211 1630 
f 1822 1716 1632 
f 1632 1716 1990 
f 2503 1688 1633 
f 2176 2015 1633 
f 2526 2503 1633 
f 1636 1783 2063 
f 1638 1734 2279 
f 2319 2318 1638 
f 1639 1840 1846 
f 1639 1846 2155 
f 2050 2004 1641 
f 2159 2050 1641 
f 2033 2025 1644 
f 1645 1749 1751 
f 2414 1989 1649 
f 1649 1989 2419 
f 2461 2414 1649 
f 1649 2419 2465 
f 1649 2460 2461 
f 2465 2460 1649 
f 1650 1677 1794 
f 1658 1657 1652 
f 2005 1726 1653 
f 1653 1731 2005 
f 2507 1731 1653 
f 2647 2091 1654 
f 1654 2091 2669 
f 1654 2649 2681 
f 1655 1675 2225 
f 1661 1737 1795 
f 1854 1737 1661 
f 1795 1761 1661 
f 1661 1761 1854 
f 1662 1771 2093 
f 2249 1771 1662 
f 2412 1950 1663 
f 1663 1950 2426 
f 1663 2276 2413 
f 2426 2276 1663 
f 2413 2412 1663 
f 1665 1666 1668 
f 2029 1799 1666 
f 1667 1668 1965 
f 1965 1788 1667 
f 1667 1788 1997 
f 1667 1915 2516 
f 1669 1748 1781 
f 2649 1748 1669 
f 1669 2585 2649 
f 2264 1910 1671 
f 1671 1910 2539 
f 1671 2062 2264 
f 2403 2062 1671 
f 2451 2403 1671 
f 2539 2451 1671 
f 1786 1785 1676 
f 1676 1785 1802 
f 1809 1682 1678 
f 1678 1682 2262 
f 2236 1799 1678 
f 2262 2236 1678 
f 2231 1848 1679 
f 1681 1686 1802 
f 2508 1686 1681 
f 1802 1785 1681 
f 1681 1785 1848 
f 1681 1848 2508 
f 1809 1688 1682 
f 1682 1688 2503 
f 2503 2262 1682 
f 2381 1841 1684 
f 1684 1841 2466 
f 1684 2167 2442 
f 2466 2167 1684 
f 2442 2381 1684 
f 1802 1686 1685 
f 1685 1686 1813 
f 1686 1690 1813 
f 2513 1690 1686 
f 1687 1688 1809 
f 1815 1688 1687 
f 2037 1815 1687 
f 2038 2037 1687 
f 1690 1702 1812 
f 2512 1702 1690 
f 1690 1812 1813 
f 2513 2512 1690 
f 1691 2381 2439 
f 2462 2381 1691 
f 1691 2439 2440 
f 1691 2440 2462 
f 1986 1694 1692 
f 1987 1986 1692 
f 1693 1709 1971 
f 2693 1709 1693 
f 1943 1773 1695 
f 1696 2228 2259 
f 1696 2259 2453 
f 2453 2298 1696 
f 1812 1811 1699 
f 1699 1811 2588 
f 1811 1702 1700 
f 1700 1702 2512 
f 2588 1811 1700 
f 1702 1811 1812 
f 1703 1814 1993 
f 1993 1814 1705 
f 1705 1814 1994 
f 1705 1815 1993 
f 1994 1928 1705 
f 2681 2585 1706 
f 1820 1818 1711 
f 1751 1749 1716 
f 1716 1749 1990 
f 1716 1822 1824 
f 2687 1720 1717 
f 2686 2685 1717 
f 1717 2685 2687 
f 2688 2686 1717 
f 1720 2102 2667 
f 2687 2102 1720 
f 1829 1725 1724 
f 2003 1829 1724 
f 1728 1849 1975 
f 2511 1736 1731 
f 1731 2507 2511 
f 1733 1856 1945 
f 1733 1945 2137 
f 1734 2277 2280 
f 2280 2279 1734 
f 1855 1743 1736 
f 1854 1839 1737 
f 2128 1801 1739 
f 2224 2128 1739 
f 1742 1752 1796 
f 2507 2049 1744 
f 1745 1789 1858 
f 2243 2187 1745 
f 2201 1781 1748 
f 1883 1847 1756 
f 1761 1795 2187 
f 1955 1854 1761 
f 1763 1781 2201 
f 2182 2093 1771 
f 1777 2185 2212 
f 1787 1789 1795 
f 1788 1965 2504 
f 2256 1858 1789 
f 2127 1909 1798 
f 1798 2201 2302 
f 2504 1965 1799 
f 1799 2029 2032 
f 1799 2236 2504 
f 2535 2001 1805 
f 1807 2285 2287 
f 2325 2324 1807 
f 1846 1836 1808 
f 1808 1836 1946 
f 2155 1846 1808 
f 1808 1946 2538 
f 1810 1920 2101 
f 2037 1993 1815 
f 1816 2309 2344 
f 2363 2309 1816 
f 1816 2344 2362 
f 1816 2362 2363 
f 2233 2066 1821 
f 1823 1824 2035 
f 2448 2389 1826 
f 1826 2389 2477 
f 1826 2440 2448 
f 2477 2440 1826 
f 1828 1858 2256 
f 1834 1981 2047 
f 2331 1981 1834 
f 1834 2047 2652 
f 1834 2193 2331 
f 2653 2193 1834 
f 2652 2546 1834 
f 1834 2546 2653 
f 1836 1846 2517 
f 1836 2517 2578 
f 1838 2403 2451 
f 2495 2403 1838 
f 2451 2449 1838 
f 1838 2449 2495 
f 1839 1854 1868 
f 1841 2381 2460 
f 1841 2460 2465 
f 1841 2465 2466 
f 2116 1918 1843 
f 1843 1918 2150 
f 2444 2389 1845 
f 1845 2389 2448 
f 1845 2443 2444 
f 2447 2443 1845 
f 2448 2447 1845 
f 1848 2231 2508 
f 1849 1859 1975 
f 2538 1859 1849 
f 2449 2445 1850 
f 1850 2445 2491 
f 2495 2449 1850 
f 2491 2490 1850 
f 1850 2490 2494 
f 1850 2494 2495 
f 1853 1981 2365 
f 1854 1955 2240 
f 2382 1945 1856 
f 2538 2399 1859 
f 1879 1964 2268 
f 1880 1881 1882 
f 2248 1882 1881 
f 1881 2092 2618 
f 1881 2094 2248 
f 2618 2094 1881 
f 2297 1917 1882 
f 1882 2248 2297 
f 2267 1921 1884 
f 1884 1921 2666 
f 2578 2267 1884 
f 2666 2578 1884 
f 1887 1890 2104 
f 1887 2104 2198 
f 2370 2189 1887 
f 1887 2198 2370 
f 1889 2057 2390 
f 2455 2057 1889 
f 1889 2390 2450 
f 1889 2450 2451 
f 1889 2451 2539 
f 2539 2455 1889 
f 1890 1911 2453 
f 2453 2104 1890 
f 2535 2122 1891 
f 2377 1896 1895 
f 2497 2138 1895 
f 2524 2497 1895 
f 1896 2377 2378 
f 1898 1899 2530 
f 2547 2121 1898 
f 1898 2121 2563 
f 2563 2194 1898 
f 1898 2530 2547 
f 1899 2108 2373 
f 2373 2372 1899 
f 1899 2372 2530 
f 1900 2175 2468 
f 2494 2175 1900 
f 2478 2179 1900 
f 1900 2179 2494 
f 1900 2468 2478 
f 1901 1956 2355 
f 1902 2236 2262 
f 2521 2236 1902 
f 1902 2262 2296 
f 1903 1904 2257 
f 2257 2138 1903 
f 1903 2138 2497 
f 2206 2205 1904 
f 1904 2205 2257 
f 1905 1906 2254 
f 2431 1906 1905 
f 2375 2167 1905 
f 1905 2167 2431 
f 1905 2254 2375 
f 2695 2254 1906 
f 1906 2431 2696 
f 2696 2695 1906 
f 1908 2121 2541 
f 2563 2121 1908 
f 1908 2223 2563 
f 2670 2223 1908 
f 2127 2098 1909 
f 1910 2123 2260 
f 2313 2123 1910 
f 1910 2260 2432 
f 1910 2264 2314 
f 2314 2313 1910 
f 1910 2432 2539 
f 1911 2298 2453 
f 2126 2020 1913 
f 1913 2082 2628 
f 2628 2126 1913 
f 1914 2134 2535 
f 1917 2297 2300 
f 1920 2050 2101 
f 2220 2050 1920 
f 1922 2216 2265 
f 2265 2244 1922 
f 1922 2244 2308 
f 1924 2515 2532 
f 2255 1936 1926 
f 1926 2204 2255 
f 2304 2204 1926 
f 1928 1979 2176 
f 1928 1994 2219 
f 1930 2321 2414 
f 2427 2321 1930 
f 1930 2414 2461 
f 2476 2427 1930 
f 1930 2461 2476 
f 1935 1936 2695 
f 2255 2254 1936 
f 1936 2254 2695 
f 1939 1940 2218 
f 2314 2216 1939 
f 1939 2218 2313 
f 1939 2313 2314 
f 2382 2183 1945 
f 1946 2399 2538 
f 2693 1970 1947 
f 2412 2319 1950 
f 1950 2319 2425 
f 1950 2425 2426 
f 1953 2346 2347 
f 2379 2346 1953 
f 1953 2347 2354 
f 2354 2353 1953 
f 1953 2353 2387 
f 2387 2379 1953 
f 1956 2069 2355 
f 2196 2183 1958 
f 1958 2183 2382 
f 1980 2207 2403 
f 2496 2207 1980 
f 1980 2403 2495 
f 1980 2495 2496 
f 1981 2331 2365 
f 1989 2320 2323 
f 2414 2320 1989 
f 1989 2323 2419 
f 1992 2066 2233 
f 1992 2117 2160 
f 2233 2117 1992 
f 2004 2050 2220 
f 2459 2132 2023 
f 2023 2132 2475 
f 2177 2169 2023 
f 2023 2169 2458 
f 2474 2177 2023 
f 2023 2458 2459 
f 2475 2474 2023 
f 2034 2093 2199 
f 2043 2112 2364 
f 2404 2112 2043 
f 2043 2364 2405 
f 2405 2404 2043 
f 2335 2191 2046 
f 2159 2101 2050 
f 2056 2664 2676 
f 2482 2390 2057 
f 2057 2455 2482 
f 2596 2549 2058 
f 2058 2549 2641 
f 2230 2065 2059 
f 2059 2065 2384 
f 2384 2164 2059 
f 2059 2164 2385 
f 2386 2230 2059 
f 2059 2385 2386 
f 2062 2207 2265 
f 2403 2207 2062 
f 2265 2264 2062 
f 2065 2230 2280 
f 2280 2278 2065 
f 2065 2278 2689 
f 2689 2384 2065 
f 2086 2125 2443 
f 2492 2125 2086 
f 2086 2443 2493 
f 2493 2492 2086 
f 2143 2096 2087 
f 2087 2096 2241 
f 2241 2158 2087 
f 2090 2091 2647 
f 2090 2647 2650 
f 2090 2650 2674 
f 2094 2107 2253 
f 2626 2107 2094 
f 2253 2248 2094 
f 2094 2618 2625 
f 2094 2625 2626 
f 2096 2143 2148 
f 2332 2253 2107 
f 2428 2332 2107 
f 2626 2428 2107 
f 2340 2209 2108 
f 2108 2209 2373 
f 2108 2338 2340 
f 2402 2338 2108 
f 2111 2195 2369 
f 2369 2227 2111 
f 2111 2227 2408 
f 2408 2301 2111 
f 2214 2188 2112 
f 2404 2214 2112 
f 2294 2208 2114 
f 2114 2208 2340 
f 2114 2293 2294 
f 2300 2297 2114 
f 2340 2300 2114 
f 2547 2541 2121 
f 2535 2134 2122 
f 2217 2214 2123 
f 2123 2214 2404 
f 2313 2217 2123 
f 2404 2260 2123 
f 2125 2174 2490 
f 2492 2174 2125 
f 2491 2443 2125 
f 2125 2490 2491 
f 2467 2174 2129 
f 2129 2174 2474 
f 2129 2352 2467 
f 2475 2352 2129 
f 2129 2474 2475 
f 2132 2276 2290 
f 2459 2276 2132 
f 2132 2290 2475 
f 2343 2310 2145 
f 2145 2310 2397 
f 2344 2343 2145 
f 2362 2344 2145 
f 2397 2362 2145 
f 2164 2192 2350 
f 2383 2192 2164 
f 2164 2350 2385 
f 2384 2383 2164 
f 2167 2375 2442 
f 2466 2431 2167 
f 2458 2169 2168 
f 2168 2169 2486 
f 2168 2173 2456 
f 2484 2173 2168 
f 2168 2456 2458 
f 2486 2484 2168 
f 2169 2177 2492 
f 2492 2486 2169 
f 2409 2173 2171 
f 2171 2173 2488 
f 2171 2305 2407 
f 2433 2305 2171 
f 2171 2407 2409 
f 2488 2433 2171 
f 2173 2409 2463 
f 2463 2456 2173 
f 2173 2484 2488 
f 2174 2177 2474 
f 2492 2177 2174 
f 2467 2184 2174 
f 2174 2184 2490 
f 2175 2184 2467 
f 2490 2184 2175 
f 2175 2467 2468 
f 2494 2490 2175 
f 2478 2180 2179 
f 2179 2180 2496 
f 2496 2494 2179 
f 2180 2307 2308 
f 2480 2307 2180 
f 2180 2308 2496 
f 2180 2478 2480 
f 2188 2214 2406 
f 2370 2195 2189 
f 2192 2348 2351 
f 2383 2348 2192 
f 2351 2350 2192 
f 2370 2369 2195 
f 2198 2341 2370 
f 2421 2284 2200 
f 2200 2284 2469 
f 2352 2290 2200 
f 2200 2290 2421 
f 2469 2352 2200 
f 2203 2312 2696 
f 2376 2255 2204 
f 2204 2304 2434 
f 2434 2376 2204 
f 2205 2206 2317 
f 2205 2317 2347 
f 2206 2306 2411 
f 2411 2317 2206 
f 2207 2244 2265 
f 2308 2244 2207 
f 2496 2308 2207 
f 2294 2209 2208 
f 2208 2209 2340 
f 2294 2242 2209 
f 2209 2242 2373 
f 2210 2222 2226 
f 2211 2234 2575 
f 2214 2217 2579 
f 2579 2406 2214 
f 2314 2265 2216 
f 2313 2218 2217 
f 2227 2281 2410 
f 2416 2281 2227 
f 2227 2369 2416 
f 2410 2408 2227 
f 2228 2229 2259 
f 2380 2229 2228 
f 2228 2378 2380 
f 2229 2232 2274 
f 2388 2232 2229 
f 2274 2259 2229 
f 2229 2380 2388 
f 2230 2239 2291 
f 2396 2239 2230 
f 2291 2280 2230 
f 2230 2386 2396 
f 2231 2295 2508 
f 2283 2274 2232 
f 2232 2278 2283 
f 2689 2278 2232 
f 2388 2384 2232 
f 2232 2384 2689 
f 2235 2237 2286 
f 2394 2237 2235 
f 2286 2239 2235 
f 2235 2239 2392 
f 2235 2392 2394 
f 2521 2504 2236 
f 2237 2242 2288 
f 2398 2242 2237 
f 2288 2286 2237 
f 2237 2394 2398 
f 2238 2258 2273 
f 2238 2271 2272 
f 2273 2271 2238 
f 2239 2286 2291 
f 2396 2392 2239 
f 2294 2288 2242 
f 2398 2373 2242 
f 2248 2253 2297 
f 2250 2292 2429 
f 2481 2292 2250 
f 2250 2367 2481 
f 2626 2367 2250 
f 2250 2429 2626 
f 2254 2255 2376 
f 2376 2375 2254 
f 2258 2259 2274 
f 2453 2259 2258 
f 2274 2273 2258 
f 2260 2404 2432 
f 2503 2296 2262 
f 2264 2265 2314 
f 2322 2272 2271 
f 2271 2273 2528 
f 2272 2322 2417 
f 2415 2341 2272 
f 2417 2415 2272 
f 2273 2274 2283 
f 2273 2283 2528 
f 2413 2276 2275 
f 2275 2276 2459 
f 2275 2282 2418 
f 2457 2282 2275 
f 2418 2413 2275 
f 2459 2457 2275 
f 2426 2290 2276 
f 2277 2278 2280 
f 2283 2278 2277 
f 2528 2283 2277 
f 2279 2280 2291 
f 2291 2285 2279 
f 2416 2282 2281 
f 2281 2282 2464 
f 2464 2410 2281 
f 2282 2416 2418 
f 2282 2457 2464 
f 2423 2292 2284 
f 2284 2292 2479 
f 2284 2421 2423 
f 2479 2469 2284 
f 2285 2286 2288 
f 2291 2286 2285 
f 2288 2287 2285 
f 2287 2288 2293 
f 2294 2293 2288 
f 2290 2352 2475 
f 2426 2421 2290 
f 2292 2423 2429 
f 2481 2479 2292 
f 2340 2338 2300 
f 2300 2338 2499 
f 2408 2407 2301 
f 2305 2304 2303 
f 2407 2305 2303 
f 2304 2305 2433 
f 2304 2433 2434 
f 2690 2411 2306 
f 2696 2690 2306 
f 2363 2334 2309 
f 2309 2334 2430 
f 2364 2344 2309 
f 2405 2364 2309 
f 2430 2405 2309 
f 2310 2343 2372 
f 2310 2372 2373 
f 2310 2373 2398 
f 2398 2397 2310 
f 2312 2695 2696 
f 2317 2323 2347 
f 2419 2323 2317 
f 2317 2411 2419 
f 2318 2319 2412 
f 2417 2322 2318 
f 2318 2412 2417 
f 2319 2328 2425 
f 2320 2321 2349 
f 2414 2321 2320 
f 2349 2323 2320 
f 2321 2329 2351 
f 2427 2329 2321 
f 2351 2349 2321 
f 2354 2347 2323 
f 2323 2349 2354 
f 2324 2325 2422 
f 2425 2328 2324 
f 2422 2420 2324 
f 2324 2420 2425 
f 2325 2330 2428 
f 2428 2422 2325 
f 2326 2327 2357 
f 2424 2327 2326 
f 2357 2329 2326 
f 2326 2329 2691 
f 2691 2424 2326 
f 2327 2334 2359 
f 2430 2334 2327 
f 2359 2357 2327 
f 2327 2424 2430 
f 2361 2351 2329 
f 2329 2357 2361 
f 2329 2427 2691 
f 2330 2332 2428 
f 2363 2359 2334 
f 2483 2370 2341 
f 2341 2415 2483 
f 2343 2344 2541 
f 2530 2372 2343 
f 2547 2530 2343 
f 2343 2541 2547 
f 2344 2364 2541 
f 2379 2377 2346 
f 2348 2349 2351 
f 2353 2349 2348 
f 2387 2353 2348 
f 2348 2383 2387 
f 2349 2353 2354 
f 2350 2351 2361 
f 2361 2360 2350 
f 2350 2360 2385 
f 2469 2467 2352 
f 2356 2357 2359 
f 2360 2357 2356 
f 2359 2358 2356 
f 2356 2358 2391 
f 2395 2360 2356 
f 2356 2391 2395 
f 2357 2360 2361 
f 2358 2359 2363 
f 2363 2362 2358 
f 2358 2362 2393 
f 2393 2391 2358 
f 2395 2385 2360 
f 2397 2393 2362 
f 2367 2368 2481 
f 2626 2625 2367 
f 2368 2480 2481 
f 2369 2370 2483 
f 2483 2416 2369 
f 2375 2376 2442 
f 2376 2434 2441 
f 2376 2441 2442 
f 2379 2378 2377 
f 2378 2379 2380 
f 2387 2380 2379 
f 2380 2387 2388 
f 2381 2437 2439 
f 2442 2437 2381 
f 2462 2460 2381 
f 2383 2384 2388 
f 2388 2387 2383 
f 2395 2386 2385 
f 2386 2395 2396 
f 2444 2390 2389 
f 2389 2390 2473 
f 2473 2471 2389 
f 2389 2471 2477 
f 2390 2444 2450 
f 2482 2473 2390 
f 2393 2392 2391 
f 2391 2392 2395 
f 2392 2393 2394 
f 2396 2395 2392 
f 2397 2394 2393 
f 2394 2397 2398 
f 2633 2606 2400 
f 2404 2405 2454 
f 2454 2432 2404 
f 2405 2430 2454 
f 2407 2408 2409 
f 2410 2409 2408 
f 2409 2410 2463 
f 2464 2463 2410 
f 2465 2419 2411 
f 2690 2465 2411 
f 2412 2413 2417 
f 2418 2417 2413 
f 2418 2416 2415 
f 2415 2416 2483 
f 2415 2417 2418 
f 2423 2421 2420 
f 2420 2421 2426 
f 2420 2422 2423 
f 2426 2425 2420 
f 2429 2423 2422 
f 2422 2428 2429 
f 2482 2430 2424 
f 2424 2470 2472 
f 2691 2470 2424 
f 2424 2472 2482 
f 2427 2476 2691 
f 2626 2429 2428 
f 2482 2454 2430 
f 2431 2466 2690 
f 2431 2690 2696 
f 2432 2454 2455 
f 2432 2455 2539 
f 2489 2434 2433 
f 2433 2488 2489 
f 2489 2441 2434 
f 2438 2437 2436 
f 2436 2437 2441 
f 2487 2438 2436 
f 2436 2441 2489 
f 2436 2485 2487 
f 2489 2485 2436 
f 2437 2438 2439 
f 2442 2441 2437 
f 2448 2439 2438 
f 2438 2447 2448 
f 2487 2447 2438 
f 2448 2440 2439 
f 2477 2462 2440 
f 2445 2444 2443 
f 2491 2445 2443 
f 2443 2447 2493 
f 2444 2445 2450 
f 2445 2449 2450 
f 2447 2487 2493 
f 2451 2450 2449 
f 2482 2455 2454 
f 2456 2457 2458 
f 2464 2457 2456 
f 2456 2463 2464 
f 2459 2458 2457 
f 2462 2461 2460 
f 2461 2462 2476 
f 2477 2476 2462 
f 2690 2466 2465 
f 2469 2468 2467 
f 2468 2469 2479 
f 2479 2478 2468 
f 2470 2471 2472 
f 2477 2471 2470 
f 2470 2476 2477 
f 2691 2476 2470 
f 2473 2472 2471 
f 2472 2473 2482 
f 2478 2479 2480 
f 2481 2480 2479 
f 2487 2485 2484 
f 2484 2485 2488 
f 2484 2486 2487 
f 2489 2488 2485 
f 2493 2487 2486 
f 2486 2492 2493 
f 2496 2495 2494 
f 2663 2601 2523 
f 2523 2601 2677 
f 2523 2619 2663 
f 2653 2546 2525 
f 2534 2559 2668 
f 2540 2553 2631 
f 2679 2561 2540 
f 2540 2631 2679 
f 2679 2675 2561 
f 2564 2603 2636 
f 2681 2649 2585 
f 2622 2639 2682 
