v -541.80552577105868 -167.73196813894796 32.361451974209892
v -540.34824070023649 -171.92319417819772 35.206298404402204
v -541.79914217023008 -165.44222397158123 31.297016164080965
v -552.07029347168827 -168.07313007814312 36.728922546769638
v -552.1011596937276 -166.05661340121293 35.319180827632124
v -550.41539863575156 -172.0312785818742 39.791199504450589
v -551.82655227890575 -163.74759688119556 34.413189246180451
v -541.76655277572661 -163.05288143159467 30.8658559624646
v -551.26207744725605 -161.27888814997368 34.063359659507157
v -541.42359201323779 -166.1032152406157 34.851694526707206
v -539.93840693505661 -170.01594100513245 37.479151583362565
v -541.71723304342947 -160.53480917980104 31.086349314992994
v -541.43104572519076 -164.42914329358226 34.068801073678202
v -529.50699688392797 -169.43231490954173 34.111347020321162
v -550.69313387553996 -166.22062771310527 38.645037798631407
v -550.71995446024107 -164.7253345765007 37.60351346881275
v -530.99760764169457 -165.07444164528704 31.535547882835942
v -549.04006016802532 -169.9441900150799 41.441677681026363
v -550.51955501995667 -163.01332227462331 36.936630278597974
v -541.40386853726852 -162.63650097161573 33.748535822983442
v -531.16106797775137 -162.6711188957689 30.848596570618234
v -550.46402290361084 -158.86531082634502 34.284114235804545
v -560.55669779241259 -164.01268214590064 42.11853023492985
v -550.10352568048165 -161.18412966460428 36.682980288064059
v -560.24965613465395 -161.95170411826567 40.745238590956248
v -541.40421305396853 -158.01932512271483 31.876741921073823
v -541.3006213181842 -160.75206050811292 33.895894867651954
v -560.37646497310175 -165.7796862344878 43.821424855979565
v -531.32757224113914 -160.13327623914117 30.857586367323862
v -559.47265446091501 -159.71520756281518 39.780938546715532
v -530.25593442821798 -168.00544775210508 36.610281977416832
v -558.43399951199376 -169.52011284190689 46.986798586438695
v -531.66904486063424 -163.91738547240777 34.220778774304186
v -549.56686221708514 -159.39186046761662 36.885339691953519
v -549.40735599218226 -156.43208698219249 35.083312637234357
v -531.79165580760662 -162.17156330175206 33.712474713721534
v -541.14194173152396 -158.91171403841989 34.506913032508038
v -558.26988158947086 -157.43184376595818 39.281805406687319
v -531.88145185311976 -157.75018579103042 31.39388132965059
v -558.34987235132064 -162.67388042041321 43.613745320305391
v -558.12369980295182 -161.14445939464045 42.601004645608739
v -531.95515002098045 -160.35919952108313 33.694300466164194
v -558.21368451779063 -163.98544187655409 44.871747703497562
v -541.1250794828353 -155.73130022961223 33.274299255764035
v -548.73246879274893 -157.59998370443492 37.449762647158877
v -557.54830323234717 -159.48609866997634 41.892387070219428
v -556.32252285335528 -167.53481160159896 47.743031604057279
v -540.93702926622507 -157.22238035702364 35.546044947746822
v -556.81076908478417 -155.00793243453273 39.500987480955729
v -532.21425120214246 -158.60274880405831 34.114806567085751
v -556.65715103399498 -157.79523443302713 41.528948996439993
v -547.29115117030926 -154.42991399335654 36.075243338219636
v -532.47165774738903 -155.38905412199972 32.656408248917913
v -547.51924156754546 -155.87621488486849 38.556831145873048
v -519.7107603724013 -165.33610049455362 36.739960325320439
v -555.50200105654812 -156.17000951590788 41.532007129416868
v -539.88927021955624 -153.79361137712388 35.018849207903123
v -532.51183603322693 -156.73901583461148 35.084688476673939
v -539.7514086726502 -155.81129704888249 36.784246495756548
v -555.38761602646275 -152.73061475473466 40.457644061856257
v -521.14460896337539 -160.77135208954564 34.528576650665087
v -554.40499781426195 -154.31499711230992 42.361585091647783
v -521.56106504521847 -158.37402612585328 34.16256346434416
v -547.44882628743551 -154.47246673147228 40.2945151917191
v -532.55692134430342 -153.42700915527968 34.379007356383269
v -546.38897098544714 -152.60736598999677 38.069005856544436
v -521.31945099234827 -164.48508382340333 39.118901713093926
v -533.15912842526996 -155.24850823568667 36.414397312199377
v -565.90087721882708 -157.67232309465189 48.746531262747908
v -565.03804081315741 -155.93097415064557 47.040362212942853
v -522.76718473033225 -160.26219029973035 36.999917659641142
v -539.9687105748701 -154.53731438883352 38.847100641966293
v -566.05551447136997 -159.4211615881602 50.520089481810466
v -563.84929371722262 -153.87814691573172 45.938473065497774
v -552.89383983124583 -151.5888096603172 40.730722123168874
v -522.31136639642659 -156.0023605353295 34.36265654724383
v -540.45055249380459 -152.26933724200182 37.459892853617546
v -523.02880527359514 -158.34643323050773 36.808661182094077
v -552.67973247989778 -153.48521704983594 42.615268286371531
v -565.60676104464744 -160.93450677678084 52.407702483840879
v -562.06902754597866 -152.0513431606368 45.066931987363901
v -545.97822848107398 -153.89510736393038 41.281878477935891
v -534.29141747209962 -154.27674425172663 37.889157377578528
v -563.20594184593494 -157.04809575687577 49.727863487877968
v -562.6488748060093 -155.650261924484 48.579339262393013
v -534.36232480767023 -151.9728622038615 36.532655671059231
v -523.64116684173518 -156.73288398846984 36.875238087860225
v -563.31332617892031 -164.50029531875359 55.433428165193007
v -563.3211207003493 -158.34708983005157 51.037518800458805
v -545.68132387660376 -151.39485591779348 40.258719680096576
v -561.79562731878536 -154.09535008463902 47.920495475372093
v -540.42055557160313 -153.90003332145758 40.907684883747436
v -523.30661226850259 -153.77796052883772 35.153522979940973
v -559.47624112959932 -150.65972718294151 44.204770879507052
v -562.9155209100561 -159.54732615026725 52.615903917613778
v -551.17664000912669 -152.58168462916626 43.63252501499133
v -560.19965586836963 -152.79857130905953 46.962655065170679
v -550.8578184474178 -150.35578990795085 42.106102459692124
v -524.41711871504867 -155.09968483967768 37.435652968687457
v -545.08383511152078 -153.40893808174252 42.996332322702997
v -560.8544120071864 -162.83432421563342 55.241507914363524
v -540.09416361676278 -151.29849719259443 40.006986434431525
v -535.02709440409762 -153.53952865308864 39.703729590710147
v -558.94455162128872 -150.97069607417328 47.391546780467849
v -557.11594061033202 -149.52000723218637 44.076300287592275
v -539.91828715385282 -153.69350079046117 42.485108368621965
v -524.44167720951748 -151.94161695602989 36.398745833414822
v -533.8048554974846 -150.64329685288013 39.38296047195584
v -549.89042538791648 -151.89750679059932 45.088140826886288
v -525.46625530542724 -153.87019066677237 38.220228156843994
v -544.47015643965665 -150.72651013030784 42.584758148350843
v -556.98518867503299 -150.68172784678549 46.715928206656599
v -544.28976246003526 -153.36377227183416 44.771901336976534
v -534.93556693811388 -153.10237156253032 41.890465181755722
v -548.89337025422856 -149.62116915618216 43.816514023902407
v -539.68829788538949 -153.87627369938815 44.408385425990339
v -554.98292320735811 -148.0731289377411 45.11645961786575
v -539.75219903300183 -150.92194535462241 42.665089098789444
v -526.42417723392407 -152.56540943888203 39.640876832958391
v -548.4182426035228 -151.91174236107116 46.326276690669729
v -555.12434420621707 -149.95841116781034 47.068886959251543
v -526.05613736287376 -150.35540182540154 38.091777793814394
v -543.64210918403035 -153.76216131980033 46.505484738539735
v -534.94462012230485 -153.17682553688854 43.763496323753692
v -534.79964801183928 -150.34757222081356 41.540892908174307
v -539.4965577874342 -154.50270426903845 46.18442606997661
v -543.39432866612754 -150.6572298145617 44.99783838545406
v -539.24742832352354 -158.56502593829669 49.674449909210324
v -543.17856375115275 -154.58103227329707 48.096190221463743
v -539.35418620108362 -155.53636702042297 47.709906976481108
v -553.29124085196906 -149.54822812469328 47.737594741025859
v -528.48350787243555 -152.13381476854835 40.750025243128661
v -547.32319550279794 -152.18431837774031 47.846104088637716
v -552.49572832785407 -147.50789801609025 46.021264816894146
v -547.11524835547834 -149.42928674714449 45.762455425491034
v -539.26953147361144 -156.91728303700191 48.89621634135932
v -542.89915811403864 -157.26800840477611 50.493219973979663
v -542.98214799216896 -155.77329667967413 49.509643783661659
v -511.98760634318575 -160.39245993722221 42.928178145202523
v -535.16701219412028 -153.63754926294797 45.442611454801749
v -535.2532678533297 -159.13827121582176 49.90202039770984
v -539.44430965170352 -151.16318408737743 45.278943950131854
v -526.80520197109956 -149.02337883173004 40.710407895126409
v -546.50665217561232 -152.84865760698116 49.365276295093643
v -535.37030320773954 -154.55948684615871 47.083351281730828
v -513.59922602050813 -155.74417535382457 41.036260359694268
v -535.34476337700403 -157.35283275100036 49.399354461592367
v -551.59244341403337 -149.47501547696797 48.683219023576058
v -535.31044358819463 -150.44399380559918 44.196844104719851
v -514.34213299024304 -160.25707594932339 44.774625103929125
v -529.35866906042327 -151.73968641282875 42.367868845797886
v -535.46850974424092 -155.83564824626245 48.416659312698059
v -564.80780793565248 -147.43092101080336 51.211793164171318
v -542.51678280869578 -151.19238550495587 47.356590330842273
v -566.4760373685607 -148.40612511544157 53.095779904902585
v -562.66056232614608 -146.54366267140452 49.64797528099858
v -550.18788087823987 -147.40006655568877 47.30477534057853
v -545.96481937753254 -153.87907274987438 50.74667815077008
v -545.62773363308611 -149.79269601298634 47.830179846813195
v -567.58085394421073 -149.83039299542151 55.008969586418587
v -560.23323768410216 -145.1580548422632 49.143523733935723
v -515.92596312176158 -155.96034120853324 42.917643138481182
v -545.87986484345504 -155.17778455228293 52.053350560568859
v -539.18821458883644 -152.00935740628847 47.695235616170258
v -514.32112235919362 -153.33724636275497 41.005766266133399
v -529.66928790726195 -151.54711353933766 44.583487625813639
v -550.12668584276503 -149.74309106285187 49.850664756815767
v -528.86692315890014 -148.73798364969321 42.703144231922693
v -568.06710873950362 -151.29467975315612 57.047327580341999
v -557.57587438277324 -144.62815162653837 48.679838213326434
v -531.6054266183703 -159.16504279809007 51.211053710141044
v -562.61508917138849 -147.76289795908193 52.995443096587685
v -541.88916974626056 -152.30161066199662 49.522332949755736
v -563.95366263936398 -148.93846125648574 54.16211317158286
v -561.14869889252009 -147.16165865603816 51.937496993380108
v -516.49059815831959 -154.23091800096066 42.810112547002518
v -535.71927599724279 -151.13646876304929 46.714488378408319
v -538.89931537890914 -157.30220520373692 52.370204207678725
v -546.00509418230536 -186.84723001935106 76.82614187789143
v -533.7382273527387 -205.30889086994864 86.802220412581846
v -543.56594515444499 -186.12756409428985 75.664740294452386
v -536.10484305599482 -205.92467331170971 88.066702380765733
v -538.99881557090407 -153.41173025570376 49.771873701365109
v -564.77599577853562 -149.99424182539522 55.574370313476429
v -559.01452413564948 -146.22664971784127 51.386992594520237
v -536.11195902033023 -120.31565398839011 24.336491701719588
v -531.24285484904738 -129.94118366676506 29.804901575239064
v -540.51922955419718 -113.19802101173718 20.315551734635527
v -545.91814048280548 -103.1267975096834 14.523453672465017
v -536.1473813363134 -158.37028002258808 52.605549499446084
v -538.66952181427905 -120.8318586226967 25.549659423570922
v -533.48778101759831 -130.48954105603258 31.023201865121202
v -548.26988153490697 -103.75360190303101 15.810819465372219
v -544.3513887375218 -110.80810571228398 19.820797298538118
v -539.73136537097162 -199.82174145839778 84.930418617387517
v -538.51180871483507 -196.45327355271638 81.984309222028799
v -542.65124004170445 -193.64639087350236 81.196690738611593
v -538.97757679829181 -155.12782098802737 51.284333329339589
v -530.56166514796371 -152.05179657180301 46.293640441394665
v -541.67069275309416 -155.63011152663131 52.715337702802614
v -544.51851164540574 -150.69105603394422 49.898335306030177
v -548.19480522472804 -147.75715502964363 48.892291945866099
v -548.33343318562697 -187.18680682825183 78.492306317702656
v -541.47634677213819 -153.90573736888291 51.322512775721506
v -548.9791082480034 -150.33681018508145 51.172206606226553
v -531.8276185345851 -157.32365991480569 51.01187849880111
v -567.90983201593235 -152.69579568706871 59.065876589353266
v -554.87613705391323 -144.44218658574073 48.711788018579625
v -515.58344757499628 -151.25247665862165 41.177599456996134
v -565.13988876252779 -151.08165573596835 57.080493831070996
v -531.27033506599741 -204.38069282610235 86.010448466588414
v -557.36755113788547 -146.1583181434863 50.916246161355325
v -538.45132947233367 -206.19379116802983 89.949261168282078
v -533.29906854757076 -119.94512334106855 23.885915473439823
v -528.65250462655843 -129.01148954285512 28.92082832679921
v -517.43859059226679 -152.57044555719236 43.067833564299058
v -541.30191225518888 -105.72265724190066 15.745335782292671
v -543.45074366706376 -102.20768657333213 13.719586261432269
v -541.10631794450694 -185.1927063856098 75.029048281078659
v -534.73360632017136 -197.91557450344263 82.511236656765035
v -537.19284320315285 -193.05227408629227 79.856540808139513
v -536.00146795701733 -152.3854994963533 48.946172764846281
v -531.26699365769048 -152.95020756060626 47.868691879930942
v -543.13451921569617 -196.8634758401592 84.49921986479066
v -550.46212195749183 -103.95432089666599 17.464864582509655
v -544.57624818279101 -114.87376618853713 23.858323657814417
v -538.41363991120193 -125.75161977688947 29.907208417428251
v -535.64629859208901 -130.71981955631605 32.716330222316685
v -531.96573192518838 -155.69945934013853 50.260484589210954
v -536.19968498440915 -156.21930257192477 52.037411444634493
v -530.45651825775724 -148.95321580429967 44.778486287044601
v -531.7442696548045 -154.19013773300583 49.21706209536481
v -565.01596262382236 -151.98186407422727 58.565539747825412
v -536.14020806786868 -154.11873268363311 50.760394578920085
v -555.37814444461094 -146.02724605981626 50.942713440376828
v -548.27672200528309 -151.14518148085864 52.344120794779627
v -543.85326354611107 -152.07193139564112 51.8457115407789
v -533.29735879117345 -159.06365265801585 53.630420650339481
v -543.67961742796774 -181.4576803073027 74.002345407084889
v -546.35926292746331 -182.03093266089439 75.160710834302961
v -550.19903372401177 -187.17170826838799 80.331835605272374
v -567.11228051359058 -154.00894072669604 61.028948115484596
v -552.29176057159168 -144.61218944721156 49.238472143999985
v -529.91101697700901 -210.8298035171544 91.654944543341131
v -531.97890667789284 -211.36787354498495 92.759758438571453
v -539.16626395343428 -158.83332938914279 70.484408831232898
v -518.75944409038959 -151.26576355440679 43.485303715695139
v -534.13079468580997 -207.86424322806866 91.005537285320287
v -543.80992536885913 -153.47922993822232 53.475345713429491
v -528.80902005244718 -203.18071023052539 85.725915157851233
v -533.44570423276377 -204.40666842110181 88.167377674111947
v -545.65976032573292 -102.27480940216473 15.748424625942754
v -543.8710952202174 -105.0527571249377 17.305912116844574
v -537.44746699966618 -117.12058856384866 24.198885956585798
v -546.63387322833387 -148.55900635035189 50.691006429853516
v -535.79714581383996 -204.98101344314063 89.492777510402505
v -530.80072471133587 -118.92515827066642 23.720721990574461
v -526.18705818683566 -127.82833227200004 28.603457111837024
v -547.81768693042386 -152.43864571312378 53.903411007555484
v -547.75867504129474 -102.79764728905221 16.869661341166882
v -544.51852871617791 -108.21897068474996 19.872376977563164
v -539.54638006240407 -117.64342943862992 25.320124372568138
v -517.27357138999105 -149.42544325440676 41.819455285679055
v -540.98763012715165 -101.01459716812897 13.421913867352067
v -535.61638858546291 -110.72446292497787 18.948928934082993
v -540.1294835469489 -206.12636542561083 91.774235800897799
v -541.20833085286461 -181.26671239216716 73.64119327876854
v -564.43560420715266 -153.10024752371464 60.024104472283177
v -553.47646965198385 -146.15826730658691 51.332345727905739
v -534.55860648481303 -191.87607175929654 79.665820829727096
v -548.50373317203491 -181.93748172873734 76.580332637812703
v -544.4680013883841 -198.24248693196333 87.493579161762057
v -546.61699406133653 -114.37181430700085 25.702978859446795
v -552.33229107323984 -103.84070438536435 19.481930689138451
v -527.612225333786 -209.94983222970467 90.945780449481234
v -531.67385423188364 -149.63170559485135 47.098435370190018
v -542.84416860281624 -121.12196820118473 29.534447379906062
v -533.84339449831577 -211.57128178726487 94.178389380417755
v -531.28933825210959 -203.59564188229743 87.475550932381353
v -543.62435086492428 -101.5237899450068 15.089772949313783
v -539.64250687191816 -108.84958408421981 19.266393378286651
v -535.2602671505 -116.31356732772416 23.491118772659163
v -537.57974045274 -205.17927073214921 90.934387607093583
v -533.46213140122882 -156.69341350991473 53.427861089195552
v -541.46535926328431 -117.8593443408416 26.805695217219736
v -549.67765051293861 -103.0135332098391 18.355288032418002
v -564.532194165394 -157.46031498832323 63.948341594581777
v -519.93975329187117 -150.18060446964651 44.448237673177715
v -549.9744270415755 -145.12928693140123 50.229748658435696
v -528.40631857327799 -158.90090278387811 53.752590258129203
v -562.03775312648509 -156.39194264306352 62.700839272034074
v -551.76853222471652 -146.40157166366927 52.149695961392659
v -545.59721885708393 -149.7524143007779 52.497656630357696
v -532.63898176834675 -150.84734972387292 49.23755777257243
v -542.43628266947974 -125.16304472653073 33.227701895756347
v -533.60122576160245 -154.58120126800543 52.489146749309931
v -538.95586677400286 -180.41018660145596 73.554634498479558
v -519.1416961458699 -147.96917666992778 42.923723649461834
v -551.80274636950924 -186.7988180336059 82.545443123342267
v -525.62115720952102 -208.98536057379445 90.704063598989691
v -536.5403422770579 -182.81669025306351 74.709018288411443
v -550.50979506382373 -181.82252089512247 78.521807403464592
v -530.84485939367971 -159.51343946741969 55.418708282751432
v -533.29445707749551 -152.52986778325243 51.070488125526609
v -535.49553192530038 -211.54410526236595 95.999294537872046
v -529.13871854239574 -202.54716029863945 87.226936048095013
v -541.29269642648558 -100.41189878993706 14.777211857950334
v -537.70418667872127 -106.68425577421661 18.386472029507829
v -533.08040186080086 -115.25768019254132 23.227674464162014
v -538.99425576979024 -205.13552413715308 92.488024227572595
v -521.62163491258411 -149.52763834765418 45.319175443345308
v -526.46185837240046 -201.7613683143498 85.961098144956367
v -528.31002057598766 -118.27508367360389 24.261563257927634
v -523.8335049392806 -126.4138902610769 28.80111253345504
v -529.18983332997288 -157.03713129575883 53.379105490521695
v -551.33276929156148 -102.91301607361683 20.140343234021302
v -548.13327468806483 -108.93536482124004 23.839446091651347
v -543.12047596549473 -117.75879523530074 28.59080456466431
v -538.64048483715294 -99.592486575557444 13.639285928896321
v -550.36681905079774 -147.16154488153143 53.090465907738931
v -541.43101313736577 -205.75496260362303 93.777430284480658
v -545.09970174814782 -151.245476611344 54.289139375087935
v -532.07362364997391 -190.96344708206823 80.246633604472152
v -548.06053189343891 -145.96377303811116 51.628106530839759
v -547.09708612856889 -195.44168613388013 88.158856143060817
v -553.82256755497804 -103.37450089336129 21.749227679249465
v -545.61027340249939 -118.22028154899209 30.199689860271569
v -542.29964657278231 -175.4846494449443 71.782767617862731
v -529.50405534777974 -209.57467932581847 93.554090260523537
v -531.156301908876 -210.00457501930282 94.436870854559587
v -544.79068802303925 -184.49142741420923 79.784639011878994
v -539.85592144464488 -175.28750859586654 71.247090069935638
v -523.51172356625932 -149.32899085168455 46.452760907234769
v -534.09868333457575 -200.88971869957629 88.819355150887688
v -534.96724880646366 -202.67087184315952 90.3765431984923
v -543.0334345841635 -184.06472905311483 79.020181025288679
v -529.23182730525173 -155.41487613181505 53.112280836059291
v -520.9828584728715 -146.97524441377902 44.516211174841715
v -545.02861692159229 -120.59634775660064 32.099110938881722
v -531.3753327664873 -157.39598873223747 55.409457444306
v -530.40445383510621 -127.68583843655718 32.952314340733999
v -533.24100941041274 -123.07826279731668 30.431934747003488
v -544.53741693073687 -175.74338431887026 72.869621312091354
v -537.03820667041873 -115.72011472252973 26.181775225591672
v -536.38043032938276 -120.33024320831808 29.459955572534611
v -532.05650026841158 -128.08938342511553 33.848859762751516
v -538.69438819367269 -116.13267608973669 27.066482098527359
v -539.22153652355792 -190.71511845505435 83.180934703971843
v -549.33959336439341 -147.9754279336249 54.356856846483332
v -546.35052207113836 -184.72908411726138 80.883012231583507
v -540.84052123015056 -191.91909311898976 84.462866850595304
v -527.7810884615493 -208.9266675591013 93.001307005837901
v -532.52635955030405 -210.17982474138978 95.50271713158844
v -532.26956881906369 -200.75880542497009 88.565942746943179
v -523.90179590124444 -207.94566471140593 90.876334880625251
v -536.89056068914533 -202.51240602918992 91.43412774551831
v -525.81234618021381 -204.38683614952774 88.969857574922543
v -524.82931327590484 -149.39612249479376 47.776836389707
v -541.37632673974144 -183.32192477314132 78.521108724363046
v -544.02444735169081 -124.55856691775475 35.701685462068724
v -529.02316206156536 -153.71712329377996 52.412296653023596
v -531.06497380681617 -122.6808679730449 29.893768512323376
v -528.67990877447892 -127.05720583981224 32.380764848402109
v -555.81945086346627 -140.62441399497607 51.326898461173634
v -526.89297495067467 -201.19293633572926 87.508055382653183
v -539.21545566783061 -99.153298198831948 14.969622638157233
v -533.3164859550958 -109.26662094422369 20.891086996831795
v -531.00316027573399 -113.99908109538308 23.420086094747937
v -535.31235443553851 -115.08331198319921 25.623295881138098
v -536.92632848237076 -211.07602252361855 98.311616938753616
v -537.52132788914764 -190.09786361490322 82.773966132940359
v -538.48277330272151 -207.95835114284171 96.09005524133795
v -536.87856379573736 -174.76672067586213 71.281363352800241
v -551.97759718860493 -181.15219796639516 80.611584282518635
v -540.15588996873112 -116.29710054180842 28.197940084439765
v -538.30844278571169 -119.68079806126642 30.140258295802283
v -533.56386579270657 -128.2501962698021 35.031208377701532
v -546.62963828650572 -147.18049262172113 53.273177987761102
v -553.25387109402266 -141.22379930291348 51.117510008654314
v -542.46133811143022 -191.5603646701195 85.111189977935481
v -558.38923122811514 -140.27901437086405 52.102190616555632
v -540.1414926011538 -204.80386033477069 94.222097823632552
v -543.32172402459219 -127.77732272115797 38.123647928328126
v -526.00873332363062 -149.79280921898277 49.371274316035269
v -528.43464003928773 -152.18520302733472 51.468784270758412
v -550.74509708557537 -106.01570747213137 24.328821073738197
v -544.43938436097631 -117.34621548845021 30.597374172368987
v -552.71243481733143 -102.4539931210895 22.287536369411676
v -527.55954328531357 -150.99270088650491 50.428777293752447
v -523.30611569773725 -146.44321837855225 46.564377672066655
v -552.97235203124148 -186.0897307840651 84.927809800770831
v -548.75102114773813 -148.93827388738498 55.787882836807768
v -547.6704962348133 -184.83604539171282 82.33635075029747
v -531.54868904227965 -154.9297152496089 54.97896131434063
v -525.99909916176819 -208.05420781751459 92.802101444005615
v -546.49862283529308 -175.93755373365795 74.371325306089332
v -550.84297116213406 -142.04289287204929 51.48731872225828
v -543.16179872669409 -179.77221365901019 77.344259778734724
v -544.9619456462799 -180.32287259693624 78.220077957609618
v -530.35252661491393 -200.33598215272343 88.580372300223786
v -533.96610801011707 -210.14537776101452 97.025329134744226
v -561.17668525118006 -141.29179669985447 52.78480496707941
v -528.76214729518495 -159.99851926063391 58.029807229776836
v -539.82876228651867 -199.52984622647307 91.300853794791962
v -529.24267786153212 -121.87697868114969 29.720432259841083
v -526.74688907020584 -126.1171217536393 32.153764005709249
v -533.69451308108557 -114.29966143252921 25.42777392387616
v -524.22333089207984 -200.08581315304485 86.77824430954027
v -529.80919850514204 -110.20237737684747 21.281530123772058
v -521.69467345622525 -124.8299965930922 29.50516506625555
v -539.47947583843302 -183.00050085454615 78.745128266249935
v -534.96627595006623 -191.42008732270691 83.834358255133409
v -536.26474499253879 -97.819420092569246 14.531223471306198
v -541.37347612211488 -178.96493292499986 76.768333489544716
v -541.44829526168758 -116.22772016114902 29.575803956428445
v -539.98585514530737 -118.729097257695 30.908930616417258
v -537.9493188885458 -122.25967915580915 32.87677901423703
v -544.14115995528289 -191.08748901643952 86.260444290030108
v -546.58141655718657 -180.12921569763157 79.307402323733911
v -530.13785732184783 -189.60263887159479 80.955657164607558
v -542.60929479200399 -204.9792117752373 96.400344931884433
v -545.9179925312792 -148.21409936279326 55.129106245593889
v -525.54663758063464 -146.70132398958123 48.428517615738841
v -531.3319561737851 -152.68677567507018 53.896283471932243
v -546.90296070679892 -197.10473055140301 91.943445554100308
v -548.72853710381673 -143.0341420267313 52.415388193934717
v -554.8678512473623 -102.57610010775757 24.167682392756305
v -546.65555461564759 -117.42188524522911 32.618147124915815
v -526.29682981808276 -158.67542669514762 56.929531761894623
v -563.20502199323346 -141.14331704418888 54.801636975237649
v -555.8184184323477 -141.75360886438122 53.869816598004903
v -532.30778992012313 -180.84315293063437 75.514759055947039
v -538.05997991635445 -133.84581647070047 41.955789580088442
v -553.93078350482233 -142.20015046826944 53.718837899472
v -557.71212016172444 -141.49372881959431 54.437201032202026
v -538.27726909939747 -168.96193821464243 68.721230148687141
v -548.87580612247859 -184.34190452946061 83.816733813778356
v -544.92235909026169 -127.62637048077438 40.494965480517294
v -527.57867435276034 -147.59389502823996 49.378431652985057
v -530.52508557951103 -150.60621135931959 52.615564171804145
v -529.87777813893854 -157.9735680263795 57.777812698881604
v -546.1320955370411 -119.92717066518448 34.950816184020894
v -524.72254737642572 -207.28227051925916 92.929987477306582
v -539.37834848114062 -179.2319572441501 77.162510226349681
v -521.9054615096926 -206.51160189536577 91.494183799839305
v -540.22814450042029 -168.03760007200037 68.935218096712177
v -529.24869820551964 -148.87502246498934 51.079646948562399
v -523.60344259217368 -203.56709184155 89.855874382345803
v -529.81168166507587 -196.98076316266622 87.560366514277774
v -552.15891510233382 -142.8073624452 53.993022187977772
v -535.01961307273518 -209.83650728764442 98.661949785897932
v -559.09285904535091 -140.56352995458158 55.767947961464174
v -525.22636494710719 -199.9293157634462 88.08305451593661
v -547.93425957929776 -180.03028232761247 80.676923173264882
v -535.32348000140121 -100.99041224530285 17.62350038027585
v -537.33161329221264 -97.746993511651482 15.609472042788511
v -529.10350513792275 -112.56522113827251 24.092367795781975
v -527.12327578116208 -121.81454733036196 30.392378834512883
v -525.19030473238331 -125.15112921545121 32.338093578346431
v -539.51226292353692 -201.66700825279872 94.208737702676402
v -537.69643522873855 -210.51703522197369 100.12162222942021
v -531.9532305380344 -113.25705055269729 25.567232128597773
v -548.40755669839757 -175.75182606340226 76.371658992290023
v -533.95482581103636 -189.66027845467408 83.447978063242431
v -527.08977773669392 -157.3393414781375 56.755315126538726
v -541.23111380285764 -204.09386644576577 96.634106092570221
v -537.93136110376167 -181.9033256348244 78.910121060575108
v -544.93770884408309 -123.87307146418202 37.924862726017011
v -542.54595506438602 -115.9376115397439 31.153617789015264
v -540.97184132190785 -118.56629659632955 32.528547113773769
v -543.64005271130964 -130.45593138772512 42.327677947736156
v -553.16761331003386 -180.60357094499989 83.091900903694892
v -544.86982182670113 -191.51067424757957 88.156454887812572
v -538.95184805150825 -122.2916941295306 34.885864350123029
v -548.08444982678986 -111.71372700583322 30.226053478350657
v -553.57674480391256 -101.79382225527897 24.287277477581384
v -545.36446427508656 -116.63960558560962 32.73774606033794
v -547.10601981031095 -144.18548531761795 53.737683445437817
v -564.60538472645419 -140.91396955664911 57.072675021499848
v -550.461333792343 -143.52719002388753 54.793879359025091
v -561.0836433163679 -141.58258799246062 56.666942448521652
v -536.52673226386071 -180.8045978461781 78.230637871127243
v -542.09314106210468 -167.07089716547407 69.770910101351689
v -530.28436377714638 -155.78845921485953 57.826798569312437
v -540.86592143125279 -172.25134489594103 74.111707544680613
v -527.62550995993411 -160.55918139950245 60.633519180519954
v -553.66421625414421 -185.07095897924364 87.389970973194366
v -527.58247461069845 -155.20831632269537 56.567602259705339
v -539.83188447544399 -174.88556871629865 74.956858475102109
v -549.61869422490111 -183.86443201808663 85.319462830025827
v -549.36173774763938 -144.3554379737011 55.729329619092951
v -532.41019390550923 -170.07803333610281 69.514594624085959
v -548.95546309545875 -179.74948580104797 82.114015923431324
v -562.36546518335274 -141.92612819602198 58.199739284528512
v -542.4387664987064 -172.16123494820459 74.892004565258944
v -522.93670298633663 -205.99723044639853 93.486713105990304
v -545.86809153090121 -130.23128285564044 45.014603330311004
v -527.45877284381879 -198.40762339900095 89.178692101901134
v -527.16534199868215 -110.28429059382921 23.355307458108676
v -519.86406878764478 -123.14588769200174 30.684789897853726
v -550.81557841626181 -138.70166220667082 52.321925905867019
v -522.51089455926717 -198.51964678562723 87.927161807751617
v -545.94365287813991 -145.08520030162123 55.533507679134338
v -535.72466937530953 -209.32475292307015 100.31906028356499
v -526.96959950381574 -118.48462720080039 29.565113733902507
v -523.82108232265546 -124.13717611075957 32.78879091056961
v -530.50093623081625 -172.65506990754329 71.310874983397113
v -537.34316670307862 -173.85571740847297 74.641954038134926
v -534.69475359525643 -96.316885750700379 15.559342309766699
v -565.89752727352163 -141.58258587683284 59.512534284996036
v -545.89456572081485 -125.94671011770845 41.348325949988094
v -530.46675523424176 -112.14737961442239 26.072118448585691
v -548.68354330024647 -139.94990082013021 52.781428155108109
v -526.43613778285635 -191.68254656539179 84.088455356784067
v -528.28714279105122 -187.68215372292184 82.157881021647171
v -532.50264387692948 -189.0103972150456 84.091295194156274
v -543.19438909454971 -203.90163488289491 98.977985411526987
v -553.07508636867328 -137.48451640537633 52.504324843572753
v -528.93763211956048 -158.82171720587883 60.7722302550577
v -527.52363712669978 -153.43993703550771 56.158173729635379
v -543.20044816462064 -115.40534161451548 32.723328903134131
v -545.6643560814972 -190.9994498919163 89.753523027692168
v -510.32217643836316 -156.25678728232589 52.716051310746749
v -539.7203252517719 -121.71121985312557 36.748457912682255
v -544.07937804121639 -172.67663485657934 76.299460771712205
v -534.1895359210705 -180.16373927793961 78.586245144631107
v -530.47379263560538 -179.12227283447035 76.877037637880392
v -548.49898076179829 -145.20632911463173 57.090546576185517
v -553.46117961183052 -104.93319945179779 28.827481175676432
v -547.21014944320405 -116.32618482146376 35.082030314442733
v -555.42245639292355 -101.48040833447969 26.631575385534092
v -541.81844219754612 -117.88088998890196 34.475735971504861
v -543.50856686383668 -165.78292365488343 70.902334296212288
v -530.26305260100185 -153.31005276652462 57.355247044601299
v -520.10094250954819 -204.89759138929031 92.637841560028846
v -563.27290605286419 -142.44633913902715 59.897243169894722
v -549.11115878980195 -173.28861549884283 77.946355729428561
v -507.46794234365217 -155.62416277349499 51.981890105210354
v -523.47038045431702 -198.28039295149492 89.340243565376781
v -531.3199399685418 -104.74538838735845 21.271859879024824
v -535.72347944867408 -96.254407281217652 16.668834629535809
v -527.51118405657735 -111.10019017776881 25.119298086126612
v -546.8042377578297 -141.15569401062487 53.856565621600325
v -538.17529673105912 -209.52848632472433 102.42758177995952
v -546.68248649305667 -118.62758837307869 37.464399245968394
v -541.70824641770935 -203.17706722638303 98.806204501108624
v -555.32939143731767 -136.36958589835072 53.316913349066972
v -550.47469723370716 -107.31915034410802 30.164922760978165
v -545.85527281800387 -115.66989754867549 34.918305720695351
v -554.0123251912828 -100.93328280130453 26.222379953404712
v -526.95386390320687 -151.72521920420542 55.846466329771026
v -549.69468981866976 -179.13745444541115 83.758555076890957
v -512.039620624294 -151.9331169274991 51.224540420208832
v -553.77216568967958 -179.68760292103627 85.554052907980974
v -566.51801670480904 -142.46285940807184 61.802508939573897
v -525.24644889907518 -158.78922905471194 60.76702304882587
v -545.45246985248048 -122.81443845246308 40.174552935886481
v -529.82351696666149 -156.5420990004572 60.519690343169664
v -550.13924290105251 -183.25100794994501 87.161603170098417
v -547.01952695670013 -128.14948104702648 45.257233241347421
v -527.12632355710025 -161.45359564331247 63.523389193019547
v -563.68982159065365 -143.01556682522713 61.496055820704967
v -537.84428736293307 -167.71107544297678 71.70513640985763
v -545.14019451128661 -171.82429727888817 77.614231276764571
v -537.36345686240293 -132.05942283565517 45.336849576875636
v -521.74599466968687 -204.90821300618586 94.285585743526781
v -529.55212757544405 -150.71597003723767 56.485810680027399
v -509.36294639426842 -151.02445569383633 50.219642631166167
v -526.47190152302153 -196.35110526681507 89.62474235916109
v -539.13519328465986 -166.90222946810718 71.815143915509921
v -526.24130238285795 -116.32146255818213 29.869127692982914
v -522.4723034157945 -122.87761876619351 33.690817659820652
v -536.1058890966998 -208.59219447954132 102.05459551724897
v -545.03616089733885 -142.68834726280326 55.671555884505473
v -541.43419494781699 -128.37497679005907 43.842415189990717
v -528.94812385738646 -159.80170783773318 63.493875426598144
v -529.19785444643139 -110.96965735325529 26.907999793271195
v -539.96063860008599 -201.59477102120124 97.912963518144366
v -526.32366340692602 -157.30983436080996 60.668819702530904
v -527.57127041524336 -163.32098024585886 65.593107192075351
v -526.00564214565884 -150.13260773877715 55.254973688771521
v -548.07966915181851 -136.91423084730633 52.518992162701181
v -531.0579637083373 -187.72156302333676 85.006849174739273
v -512.93173414365026 -150.22273655422021 51.299386812630608
v -551.37289793374782 -138.83622262317473 55.196993980117597
v -545.37576376683876 -191.75295379265043 92.790302539588438
v -543.62576127575676 -114.66777060645384 34.432424743972518
v -557.44648557615778 -135.42154564014712 54.710937591258656
v -546.15308168624085 -138.30409516223818 53.224795403922556
v -540.04565704562606 -120.95452644218341 38.15976840471987
v -549.76348953101387 -139.91969607034679 55.549342479450601
v -533.2223122899976 -179.02304442683359 79.730775929344276
v -553.7924959101905 -183.87960235041626 89.883674001945437
v -540.63038949736597 -166.15879164961888 72.501581084410887
v -542.07204149576012 -117.33200724162585 36.367475510029905
v -553.03350294780137 -137.93695319188785 55.327768989538889
v -544.69352136214229 -164.57915734983121 72.565250391385689
v -550.04362781126315 -135.34786928599902 52.455020693779694
v -546.81792079911918 -124.75777109346183 43.877934746080669
v -563.77838095650247 -143.88708534402863 63.388137882271693
v -531.65900730910823 -172.02075306198833 73.950246077551327
v -529.25818418543861 -161.80416346435425 65.745700477071622
v -542.38327092447355 -127.26436837928837 43.874584694971183
v -524.68446556828292 -148.79359678862653 54.593872083921646
v -514.1071103815176 -148.94103170980318 51.315991412965815
v -566.58931076251861 -143.6837917959873 64.142662808079038
v -528.25692574324421 -148.55543919566142 55.685911864993045
v -510.49243326277372 -148.83882024210959 50.174683157739999
v -548.4268680193976 -140.646542919609 56.327932237514155
v -527.0446258736871 -155.50130049457792 60.773026137411378
v -525.81694316034066 -108.07747922732221 24.845820995918793
v -518.42163891377061 -121.43515254852856 32.288434762597149
v -521.07974497356952 -196.83889815974442 89.572151640101964
v -530.12178122460114 -154.08677922001002 60.570311658121824
v -530.02592549804694 -157.83266394486807 63.337072400232032
v -533.26865573900466 -94.606640458321209 17.177998319250428
v -549.45798221185134 -171.43419315951243 79.838318185891268
v -554.69230596717409 -137.11171995069645 55.921693822679593
v -545.02235764016484 -135.90846029431529 51.929756650131253
v -545.59711716042534 -170.43285085557665 78.812896721322616
v -532.5601285866984 -168.64844942462378 72.40671524293532
v -550.12107149691565 -178.45904123098555 85.533565664623026
v -524.97166886122238 -189.91278811201377 85.724138832970453
v -526.87225260177274 -186.31283591063152 83.856872264593406
v -542.99668783975517 -139.37011741294813 53.977796526664875
v -518.85044742760454 -203.42902634317556 94.075157286042099
v -520.48957316117071 -200.45044275008999 92.457905862719628
v -543.22590286921275 -202.60149047741024 101.40441491542822
v -523.06704458244883 -147.78591381377689 53.901675698309184
v -515.6543295125349 -147.88925962486613 51.604450247991437
v -547.15614338572777 -134.12308787469277 51.516311223611083
v -530.7568627880994 -159.89976373717548 65.530988111311629
v -522.38511938435477 -197.00588318095478 90.58765816871994
v -529.17408434599724 -177.61246698366153 78.372998831462539
v -534.46137646368356 -94.74084424953665 18.101338294009317
v -530.97282423550223 -101.52930116008473 21.674066869429289
v -526.15529196690716 -109.40714594408595 26.775478276533235
v -547.42395277579806 -194.68134546177905 97.481271718072819
v -541.65347498724225 -165.38359547268814 73.373674981586475
v -538.19296214918404 -208.43914655543691 104.45180364384605
v -555.46211592084592 -100.13529059340581 29.033219241060095
v -550.49921783917978 -109.25422670267304 33.857626190709091
v -547.24982259477918 -114.98106975508972 37.48368057170309
v -550.25501574610553 -182.22413399444753 88.898801598956865
v -540.97965906431284 -136.75621795743007 51.778223945276082
v -551.92987595313434 -133.69728393497581 53.036138275250828
v -563.3470641067787 -144.72397046039944 64.978559097984828
v -521.41356383117784 -147.20303486928393 53.411249575337628
v -517.43013716135272 -147.22139596378096 52.035580784489404
v -541.73575934980397 -202.04103800184402 100.92636191931526
v -547.81792497032632 -126.4486985299057 46.422531923445263
v -519.57857673319779 -147.00832878008413 52.637544246367931
v -546.97955984301791 -142.12385807840155 57.875931965968256
v -520.66654058744041 -203.66136180204776 95.487889800035589
v -526.4569758820511 -146.74291001645508 54.791999526707166
v -512.14717921735087 -146.97939064615008 50.353816121002509
v -547.73670151022986 -110.97033400206729 35.268565816232652
v -554.10268602964959 -99.633696198924667 28.593313659010718
v -545.89039435640689 -114.47947237271472 37.043773288895451
v -524.95860253970022 -196.20491233428061 91.232893601236668
v -543.60388645361263 -126.84370147835594 45.597828513741973
v -546.71369645205868 -117.08679236274598 39.599470050898859
v -525.33243009565376 -114.93658522918474 30.903294220168618
v -521.53546641174569 -121.76646392127253 34.732462467335516
v -559.63632366511729 -135.44996836279805 56.277285802038975
v -527.18525799737461 -153.77772130198528 60.537015524724026
v -536.12785870515904 -207.68450438443128 103.7486429929736
v -556.25290714821199 -136.40848370064521 56.9442116793495
v -528.0944422121421 -109.69584787976558 28.226617861390011
v -540.67830580695897 -199.42199605679039 99.24851033338787
v -565.93350522633432 -144.54767287078442 66.40990680919289
v -530.00916002005783 -186.57378449186621 86.235663932976081
v -553.83877089469388 -178.58468056193084 87.955984746877775
v -548.79198273813165 -132.22585744561903 51.714756049701862
v -545.59172829222689 -190.43420790973346 94.388415229104822
v -543.69659470742693 -113.75807787015631 36.099411455959441
v -525.29752191616888 -159.42917584001555 64.628674420827608
v -532.21250979039769 -177.80326130158417 80.978500690578443
v -540.05656540855023 -120.00789608317606 39.971625084705238
v -562.48430877376165 -145.57485861343619 66.33977435431909
v -545.51563265324364 -121.37144739135223 42.761679416719204
v -524.25851587650936 -145.38339673512752 53.856081451725011
v -514.46900677077144 -145.46356755640991 50.804725337896542
v -530.72177704235048 -155.63348889575838 63.564663644313086
v -542.15745815201512 -116.25197225330407 37.995082070740224
v -531.85724087317396 -157.69778899649776 65.739792262753724
v -526.66187453965074 -158.1928740311192 64.548727458040403
v -529.72088919401347 -151.42624941331954 60.410705850795104
v -545.49265548909227 -163.41633748753495 74.573446437856532
v -546.62395378727854 -171.28408715475507 80.86794275382745
v -542.40293232879128 -164.68242698550509 74.425127652529753
v -521.86720290189578 -144.59394014874158 52.87075227269866
v -516.62811256586076 -144.64379521721659 51.331691775398781
v -519.41980045808793 -144.31152313144153 52.221994334601362
v -548.36304189759744 -136.18796577485992 55.382682452432235
v -550.20434120463881 -177.7986753642966 87.528448851339405
v -557.62458567169642 -135.86805879458262 58.335999050933424
v -559.86962042871653 -148.86805327151285 68.80311462063041
v -553.62786773759035 -132.05916247356294 54.227226494411688
v -526.90281830901142 -151.90662583182808 60.486805079185928
v -546.8245304628033 -137.14704539892602 55.910034823072962
v -564.81107767189633 -145.79107096743442 68.22112345609132
v -526.52849129589663 -162.01754151314915 68.05246869648272
v -546.9017613220791 -123.03107215461642 45.483230931447515
v -549.68197255079633 -134.96870762800185 55.339496197964849
v -527.53728519291019 -156.48553077395306 64.299411305866755
v -544.40800428112323 -125.6950411148776 46.865515913703618
v -553.50844868829711 -182.29839167144189 92.109425551363941
v -549.94940639046013 -181.3533713651922 90.5732835912562
v -550.42156514693806 -171.85207066432494 83.178359253433769
v -560.64382011112036 -134.34439789567332 58.588763621327836
v -517.99486673998695 -202.01098761244859 95.819710606032231
v -550.13990710808071 -130.17236348218279 52.480509473567857
v -519.98291712317268 -202.52832913176093 96.88181113779315
v -544.09377885431093 -138.19605518783843 56.570247019061419
v -520.08846716409619 -198.130267931661 93.811302350866896
v -527.79031844152314 -159.89617411505361 67.567787538447334
v -525.88134312988473 -104.80820549246101 25.673020865760918
v -517.53049279597292 -119.94025920186075 34.048627205099301
v -520.11127085870532 -195.23373444461947 91.546858573626849
v -524.25927281690565 -194.75592642587208 92.661041473034516
v -521.5295387088828 -195.58781712540406 92.332191055720273
v -520.84332646944392 -120.60542452926819 36.099536456263351
v -524.85344335270258 -113.54729239139262 32.043005704234872
v -532.2958471781368 -92.947386373780319 19.147582423288178
v -535.78968965211402 -206.64136386244769 105.32706783691916
v -551.06857153037674 -133.75149208253433 55.762590050665551
v -529.46790006558501 -100.88201650761957 24.057420506006657
v -533.60043484594291 -93.272377054309345 19.844468294193092
v -525.38814110667022 -108.11815696296671 28.294930050025634
v -537.65395450538551 -206.95334543323514 106.64195890528424
v -527.52263801207232 -108.61664356328129 29.41377902470807
v -524.26009574328054 -187.38495379369027 87.669185047348662
v -561.96161580186151 -149.20728768555645 70.919727048277991
v -541.75445598274962 -195.91903981117599 99.355486330484979
v -525.89309007432189 -184.68993858454004 85.853406504164866
v -548.31842242594519 -124.72725368667049 48.264730412532906
v -529.30739869818194 -185.57886631771368 87.676708870736107
v -541.23588595413241 -200.60852915534304 103.05805850517208
v -542.77281024057504 -201.15834049075335 103.55333702026181
v -528.89544238786448 -158.49586773702501 67.407319919547902
v -545.09820920914592 -134.02048014836771 54.36690138809729
v -528.28058954673145 -176.17659866150902 80.221328042910443
v -543.023867421369 -163.68611474516979 75.938985430668922
v -530.85846640072384 -152.89518146575332 63.944241236375568
v -528.70226759562945 -148.98787359963427 60.367642009489288
v -528.05361705211249 -154.83464704998261 64.532767733324334
v -531.64008097144938 -176.85186064234622 82.160914816001863
v -545.44184011164486 -188.91640179826973 95.731233958838573
v -543.3947877680464 -112.65281025778353 37.747838084572386
v -547.44300870732434 -192.20465654476604 99.13528296192969
v -558.55947560761967 -135.34118173822114 59.991354248129049
v -532.49587548950979 -155.32722915312198 66.360074678032703
v -553.70862479448613 -98.364983596879043 30.439234259990727
v -550.63212613254393 -103.99952887574264 33.551891711337788
v -545.46823974700885 -113.12032330245663 39.02128401459445
v -526.15748382309891 -150.10976254454104 60.451294228658462
v -546.28873078034997 -132.92400502990941 54.105181026115176
v -539.70979326895622 -118.93121943061294 41.526124474451876
v -554.98511248890713 -98.599522435946994 31.26769662565761
v -550.50120144108223 -106.81572567225962 35.80137612260566
v -546.77283030725721 -113.44530875417149 39.71816690917246
v -541.98012521462431 -114.87150366846475 39.375621719183016
v -546.72229881072542 -170.43929242945939 82.417467159921671
v -540.96578353383268 -134.97292356353415 54.184162568412781
v -546.22248451777273 -115.9157260284627 41.791142191464239
v -553.37610288746339 -177.34499742438447 90.495558520765059
v -549.92739779157637 -177.07416899573172 89.049822333138437
v -544.62496746719989 -124.23504121322281 47.848929017919666
v -547.42228604029128 -131.60697020713479 54.239134227972656
v -555.03844582314059 -130.52902888362132 55.957320649692875
v -545.87101814987898 -162.35788451319397 76.824268632825365
v -552.30573257682363 -132.49637499706353 56.641911790835529
v -529.7126346731327 -156.88071191856184 67.559191055583057
v -545.02043905817038 -119.81339762882389 45.074254060141641
v -549.41917915457066 -180.1433792750058 91.921336083826191
v -561.82639953905016 -134.05638603292809 61.418727006655949
v -524.99260274421772 -148.49169053162493 60.432389185269606
v -528.05709382300358 -152.83392254379061 64.604622758277841
v -559.49800956957506 -135.39017541574609 61.886810543006021
v -519.64472164316157 -201.48519542884267 98.46023254438569
v -551.12121219864662 -128.08305998198878 53.767781408346622
v -525.51709397373565 -190.96592013891242 92.54862280176593
v -524.15517228380759 -112.9581393173417 33.9674148430136
v -520.4965795215079 -119.52879266515798 37.653998755533323
v -535.13577126615519 -205.55755109942265 106.66041019031485
v -543.26353089444069 -162.80791218593416 77.785393722397558
v -546.60004737119334 -121.20204856657102 47.826153439279892
v -527.23430534370834 -107.68833384229671 30.764428204286205
v -527.11483870922541 -146.79609005737044 60.346586741845627
v -549.93076695926732 -170.36200781981103 85.261862663805431
v -528.93691430009278 -184.7843124496593 89.14458961909925
v -548.48238245146831 -130.01459535450698 54.805598956007927
v -517.57307265828786 -200.71002072276661 97.788278610867764
v -552.61583992928308 -180.53655662386123 94.201449225090983
v -519.33891849532563 -197.49384181124452 96.051451333546098
v -545.7124079298801 -167.85443276802715 83.131729870722239
v -531.32024671632587 -175.82857679075505 83.720356916503164
v -544.4347747869092 -188.34041062773713 97.507799229551779
v -542.76824361015815 -111.54222325337163 39.090039685677013
v -521.11832592437906 -194.31948681811744 94.25137476615123
v -539.01767809472403 -117.77018986984906 42.893213817986009
v -530.19446779761518 -155.14462916995447 68.014556876006225
v -530.36953897383819 -150.37275682376665 64.563599721400635
v -541.08515426004124 -114.0497612513463 40.956730899055358
v -536.73402070006773 -205.51957206392532 108.35025889511218
v -533.2010233152256 -91.986434804217865 21.715454408271825
v -527.13690519513284 -103.12873905654993 27.824637496349887
v -524.96598980292026 -106.75900191692098 30.272437374208188
v -553.12814937338351 -131.2230861710629 57.798308003796421
v -538.72232229832923 -202.45965896017509 106.35838389934293
v -532.63597128641788 -152.92665924384471 67.35589628048217
v -540.53816153997479 -199.46077384882688 104.47809446519224
v -524.89093626407919 -104.20681640650383 28.313646733946648
v -516.99545017787 -118.42179736182383 36.196298700978517
v -519.61613615809551 -193.72183521819704 93.829591255305544
v -548.66914298005349 -123.22810816984693 50.805149680239815
v -531.81884291978588 -91.411619710268454 21.382060658264891
v -523.63862489360383 -147.30747743066976 60.261214814543003
v -549.29225432296846 -176.09129132082967 90.469537772880358
v -552.92758930529374 -96.990259048894941 32.095323382072323
v -544.60731257933298 -111.65185728798232 40.764419566133618
v -545.16615591080381 -123.33324469913181 50.129783465428943
v -525.3334731520182 -183.33239857345302 88.188500024721606
v -541.86073746559293 -199.64758408895742 105.46116849965807
v -527.76257328926579 -174.56232407102792 82.575686640000598
v -559.89085451293045 -135.48045580581601 63.839541436213814
v -547.38287486599233 -189.3431323885695 100.09436793539717
v -554.01230143842076 -96.940237129060932 33.237335300726116
v -551.38885501892378 -101.40713169813013 35.94658415959131
v -545.80000480670606 -111.78602226653247 41.687800032885647
v -527.78554655234677 -151.10931289363052 65.286152877319026
v -556.68550972318394 -129.95907061975191 58.106481907794034
v -548.29694592237638 -178.80979124825942 93.274781765576336
v -562.13550846325256 -133.92404945968516 64.156373386099006
v -545.81532312952811 -161.45952511688907 79.202609334600055
v -545.1006730825676 -114.06874750212819 43.88679119827907
v -549.20586108135501 -128.47373598501454 55.747756211013602
v -519.6988242806018 -200.51576060242135 100.30049543001293
v -525.46557309933826 -145.17988655870366 61.038904893953372
v -552.48078705575904 -176.15103204836061 92.530051834419424
v -524.17479135281428 -192.47382696065787 95.526838831551373
v -543.27603518108128 -162.29269845212335 79.284663162783431
v -524.0686234448832 -112.19629712850531 35.736350875730196
v -520.51031139072825 -118.58351982552625 39.32798279055973
v -534.1069042016901 -204.33492350388869 107.86940779172113
v -527.21204368339795 -106.78022371292577 32.338159297728836
v -521.78773479670531 -146.35677408616613 59.433848164329994
v -538.02715151192228 -197.57475346069384 103.98201777785565
v -530.312898288881 -153.38845950533255 68.746958919406239
v -529.0072440154097 -183.70978082094521 90.613713462923542
v -545.16540768555728 -167.11698510669879 84.654308421589391
v -544.00019827696417 -118.06525843250705 46.952476952046084
v -531.36042734699947 -174.93333242952895 85.39574338556416
v -553.02986333043896 -129.47683256689015 59.00990809846806
v -543.51036078706147 -187.41752466780636 98.577727796495168
v -541.69187848432784 -110.21063737193168 40.383343320716634
v -551.67902681843248 -126.07995894507715 55.500030432956606
v -538.01037339267282 -116.57552154127413 44.013102120944481
v -509.48719444183331 -153.28712057699801 62.318659301883194
v -539.90924941330582 -113.29792293206506 42.274824848407754
v -559.86859896490762 -135.78396339203627 65.787507019242028
v -517.59911856429062 -199.56939698695015 99.91537536577826
v -550.79913093045207 -172.58062268533928 89.402334416495776
v -548.28852662946349 -175.28984340727902 91.826651305978714
v -521.13378599830264 -193.14627042079954 96.427808472658029
v -529.30483860483002 -148.01158899339305 65.348149094289511
v -519.75465866022284 -145.56618745530713 60.481598257800641
v -546.62972199888952 -120.40823106638378 50.150857860094987
v -535.45778524968227 -204.07632385017828 109.71482485555678
v -538.09613293232485 -199.86641456459486 107.17919381606438
v -545.29510199286062 -122.46668348265746 52.033758261951483
v -533.2753911350959 -90.600233541513632 24.223004760141301
v -529.46416098453562 -97.497740654339168 27.892254038767284
v -525.00108119119341 -105.56854091618877 32.397947135159711
v -527.03328155570989 -149.42927191432187 65.83932492813318
v -551.26944623576787 -179.01550878214664 95.967873847611003
v -539.20640926807778 -197.84885573995766 106.08372126343916
v -532.19960087534969 -150.67139204357497 68.475392455140678
v -511.5524354248721 -149.05982077490506 60.807536721228317
v -522.72765263752899 -143.61067580791374 61.027952999740933
v -547.33060549120762 -177.79759578670297 94.012701676820257
v -551.72821862969215 -95.497235206791544 33.552704514994929
v -544.77614071031996 -107.26030578223968 40.685110829290295
v -543.34519472068939 -110.13825811833587 42.196970124334683
v -562.30443562536652 -134.54844144314933 66.580977732272274
v -520.08713408881204 -199.79937587086343 101.92969555621507
v -516.95361903193941 -116.8771673196437 38.869262728815926
v -519.6449942547714 -192.53076434106765 96.052479964093294
v -549.61914511255384 -126.99426475481866 57.019017568324109
v -517.76647289936079 -145.42326078554666 60.530061095220894
v -524.99232990219491 -190.86123614445759 96.844886168558389
v -542.94189799140713 -161.80661571537581 81.008552713500848
v -548.57812344344359 -121.68305465652421 53.43667154991023
v -531.85851483174304 -90.066506884814771 23.783712191093954
v -532.8358686803482 -203.17243568672012 108.72221316374817
v -524.38411441571338 -111.57368369536722 37.654135080005105
v -520.87639169357431 -117.82678281368942 41.013190220016838
v -523.24138117811788 -185.88467822097346 93.058023494719521
v -512.7348097135316 -147.55910292094703 60.639946152430717
v -525.44016086053693 -181.89563625022373 90.540748198676653
v -538.34686709595439 -193.47279528792728 103.32145774583174
v -527.60450639655073 -105.83969052340277 34.371893986780165
v -540.33112256988579 -197.80365547056334 107.30689848493228
v -506.71849259588959 -152.14437307098933 62.315132991764862
v -527.82010192376117 -173.28032998189315 84.974891023061389
v -559.47601603367627 -136.29351175870269 67.538770668705013
v -529.37245585009737 -182.89481581115686 92.685965625614031
v -544.77459426350288 -167.56612764898691 86.753276520773696
v -557.25441173654826 -128.8709189315114 60.539658809163292
v -515.84635719049379 -145.73137851675313 60.590674588037579
v -529.86623852711614 -151.51954641220621 69.551934212050753
v -514.25554851137065 -146.41764964530287 60.76198454429899
v -531.75884508375339 -174.20527366330094 87.11390511776159
v -545.27608227290114 -188.48419344453282 102.38930242022201
v -540.58222625869416 -109.18071182504153 41.11433982062168
v -542.2908512455391 -186.31070521880295 99.428428220642729
v -547.32333261178326 -104.44515366163709 40.231048544024958
v -544.37389456641949 -110.07577205853309 43.306448365066274
v -552.68868968993752 -95.35289811732514 34.739667066750123
v -536.88582277849457 -115.5350358975173 44.737135843955834
v -545.33407727243559 -160.76608659230041 81.587210895994588
v -553.94649941978878 -129.0825903847448 61.027417960692297
v -538.44226555470891 -111.94269849029251 43.169349684125251
v -543.77411581693843 -112.64079903626514 45.430593313724017
v -551.07195903360503 -174.88277115817672 94.359603014028565
v -520.00823276574545 -142.85488301965623 60.417169711467942
v -547.0856736234806 -174.33527984309376 92.787408160631685
v -508.9333622281116 -147.59701160487762 60.832144201404866
v -525.4927864501816 -147.87791091477021 65.006961823323593
v -558.69245074087189 -136.96906439487844 69.070291730988529
v -518.07624457391898 -198.65259605673074 102.08747036085471
v -542.65428680401271 -116.5209771867309 48.558670812404799
v -520.27530875309674 -194.65934956793819 99.763783053894997
v -520.77173568875526 -199.31955610115872 103.59102736591031
v -544.92294398172169 -121.42798518012431 53.769287081312257
v -521.57407836660502 -192.30021309853078 98.432244586080685
v -551.90684971574751 -124.34122158133846 57.728138814002101
v -561.77309329843752 -135.27540412342196 69.056075017019779
v -526.72054258038736 -188.50723924137469 97.720307697609769
v -534.08098475410645 -202.81709939648309 110.63856245337256
v -531.34852653286771 -202.07168676528929 109.24207371379013
v -547.90623218933592 -168.12306457151232 89.033045780164059
v -525.58882978572899 -110.2084609391683 38.871393321931812
v -521.60128366810306 -117.24499119713016 42.73975266319156
v -536.21908579976639 -193.23521302134179 104.44029048889325
v -537.67971808097184 -196.52413377245793 107.1163002998188
v -533.70418306017746 -89.753053717570737 26.12804546487412
v -528.28910593644378 -99.565689361585143 31.775494582039425
v -525.49188890769869 -104.59883437320153 34.57850764589621
v -528.68597594953474 -146.54156378269229 67.65840585138416
v -528.2357447070732 -105.357530061636 35.832401457039921
v -517.37142390363385 -142.66948161663711 60.786900293728188
v -542.38183430810557 -161.55324006127043 82.558542079857972
v -529.83036295198383 -182.76614404294193 94.384539275013353
v -543.48445262265966 -166.79640704113112 87.836033056776188
v -532.49810106396944 -173.67622891174369 88.799655927035843
v -538.93647306900687 -107.92320685377126 41.724152327762326
v -540.86951011106601 -185.22954253599289 99.959706455847936
v -510.49619684856913 -145.56482746257092 60.728858992609823
v -535.370260597374 -114.32642124823261 45.269985084522617
v -549.57242632400801 -125.60380739000323 58.325811172696419
v -549.94934099277077 -93.799889304544848 34.805864553515008
v -546.65168693032012 -99.661720001819333 38.172305703669039
v -541.73706087715084 -108.64567188790204 43.256332711081988
v -549.64225292287506 -177.26166459566474 97.200722049817244
v -537.40094455601138 -110.31836914240479 43.243973279056426
v -557.57817055495968 -137.77486113380246 70.266296315756051
v -544.78753511072784 -118.27800724023948 50.237398975037294
v -514.76553255848603 -143.0871950639856 60.562187966415976
v -512.23379041848978 -144.21224635693821 60.652639378699845
v -531.27283428360715 -148.49526466508362 70.038629138849274
v -529.06340495862469 -150.04300432245623 70.17181245897379
v -554.702157315254 -129.09647084397972 63.274270348323391
v -520.19369332540589 -191.3724204743188 98.741947893998542
v -525.64539058862226 -101.34395115314049 33.656244136198474
v -517.48874818130048 -115.77092452549519 41.332749708425794
v -554.82737589943611 -141.14191493635906 72.46764469861175
v -532.41309271961632 -88.970774057951246 26.247644400296238
v -521.806483490456 -199.0242525173783 105.18357672589545
v -525.98621085840796 -180.84636762266689 93.026678746930514
v -538.5153990196967 -196.14299770897958 108.52512731653653
v -525.64893003212296 -191.73220741098515 100.88351077692336
v -529.70986974581774 -201.08079037633951 109.40622040020082
v -528.39065553031344 -172.2377613848023 87.435251184478503
v -534.60882241038416 -191.57842974253941 104.28599095681534
v -548.52194764302169 -120.6925523345141 56.268306433125069
v -527.57581791169537 -108.06362363666962 39.247049414823465
v -522.61569578661079 -116.9151221660199 44.305063528314157
v -556.8002480239719 -127.4265516723946 63.063082825402901
v -544.48918739675946 -160.38380549320539 83.908266246025462
v -543.86481528773322 -186.04667854029984 103.15525440838501
v -529.37517656465718 -104.95659664114103 37.644071229429365
v -560.73681415398482 -136.15973572819951 71.069374951511335
v -545.81742743113182 -101.91691100940807 40.992299526640785
v -542.55682169038266 -108.38926235710619 44.50344989347834
v -550.76913029292609 -93.543482882228332 36.05299326381153
v -524.35620759842118 -146.70471050175257 66.677972934034088
v -531.13143031949699 -182.07395222592677 95.980517667180393
v -537.45847661453297 -107.02769800148222 41.861042633998771
v -544.03398550816416 -175.3005424145976 95.195870980880258
v -533.83950767978615 -113.45271304187337 45.44594738162381
v -539.11732067977289 -183.9886387680765 100.12350533068145
v -543.12543580528848 -168.00224247399819 89.546120637076754
v -519.15304679083863 -197.92939274791297 104.45198429921135
v -535.76123683919241 -109.37017273192447 43.388412203250141
v -541.4524242423912 -161.3697564038701 84.125574336848629
v -521.0596802382305 -194.42026257986569 102.4974656811801
v -541.5370382037255 -111.33879976891689 47.148715693299224
v -542.20164943580619 -119.26722579049289 51.731173270626961
v -522.51678744152514 -191.57188706237577 100.72909327828651
v -532.1675184784641 -201.40804671354297 111.29434698100468
v -533.98683449950909 -198.22790728163392 109.54538844631099
v -523.17006376895381 -198.96242593265916 106.63092730462813
v -535.78678481327267 -195.08184858088575 107.80054803748101
v -527.87207939227699 -200.14236340609028 109.13602770130814
v -527.41779114497047 -190.75292635229215 101.89563199712339
v -534.6292766083227 -89.04648219361593 28.268371734684123
v -531.67421485617149 -94.667881879296345 31.785767458407598
v -526.49723936811586 -103.86715842317287 36.840936624867467
v -534.28123539150408 -188.64245390479965 102.90040212917179
v -526.27693362351852 -112.90278700835204 43.653984308398321
v -523.92760443788495 -116.82126441952951 45.744903435464082
v -530.93583574670527 -104.90588226415221 39.249841264568403
v -529.01167584290283 -107.71520460977958 40.553398006219382
v -540.75490327155694 -114.77220473795961 49.728657162048798
v -532.51961161136364 -181.65253809353828 97.168813733150841
v -548.0654986171528 -92.393584617364368 35.445713958146293
v -541.21523104271523 -104.3789945804109 42.340180736618009
v -539.85320611749808 -107.23936228510141 43.896174438410242
v -532.12797012235933 -112.60754008474368 45.304169314273537
v -535.40328827660528 -106.03271776930089 41.611764778773782
v -524.61630279607107 -199.16507234317524 107.77205204949901
v -537.82792997008607 -182.07202986381563 99.327615728089953
v -526.26855803273043 -199.59501537922685 108.65479212765081
v -559.20079874011526 -137.26567807346794 72.737717077511093
v -525.80620275991248 -144.42214563283548 66.854473576670514
v -534.08346831501171 -108.65158093732586 43.230145043196913
v -529.67494411654934 -190.04625793652002 102.83534974462151
v -530.36150549303056 -191.91325884974347 104.43821413756085
v -548.6297767059167 -123.97004484253945 59.241553852235882
v -546.41048730801128 -167.32896531835348 91.357246613054187
v -528.49661824075292 -111.4472984798719 43.776750423639022
v -530.8899636621361 -107.86901786946609 41.918987145617109
v -532.19533027663931 -105.0475817505114 40.224907483998557
v -530.14868119015318 -111.85084091431592 44.673299271064039
v -554.4697780056598 -128.83503433355961 65.237235043684663
v -533.85150932065721 -105.46014759955909 41.109616908071629
v -532.05714079266988 -109.27506743679996 43.331317636421183
v -534.55180569846345 -173.06954496201672 91.905434426977209
v -534.23680922891754 -181.45705813813768 98.179735894275851
v -535.04364928109271 -183.82452223350691 100.10245511555519
v -552.04051716970605 -123.39760732015198 59.998927986668093
v -528.52578260443056 -148.99078531000686 72.115836552064991
v -540.37691076246529 -161.43345953120269 85.361182291678062
v -522.67984887008254 -145.77820219307827 67.960518150666374
v -556.17358811154838 -140.76547570419692 75.11673799702271
v -521.23042281600272 -190.61986647060911 101.17870284541847
v -544.6381197097935 -117.55179319815542 54.171699647742273
v -527.57889828934083 -98.901331064227534 34.887244799190029
v -518.5158885306538 -114.96034368649782 43.754970361652191
v -520.50488461527459 -197.57750274104083 106.41220600739251
v -522.39084682213411 -194.10299507634795 104.49606597500809
v -533.52178145980065 -88.16321606517846 28.780771426763081
v -536.2052001150023 -173.2166507831347 93.237366100584808
v -536.38015875675251 -194.56193394184078 109.27296214772747
v -530.16863321701226 -200.19932781784428 111.49465742485782
v -523.81181325317493 -191.20232649363348 102.72225465563901
v -527.02294365465275 -180.09380764316953 95.46343029683392
v -532.69695283412773 -195.8333464149037 109.08369953017963
v -529.44925142452837 -171.48019135549541 89.849259956517315
v -543.11780308543962 -160.14082157829893 86.185696586814018
v -533.58836787609221 -193.72010889619793 107.99384058924419
v -542.21295820854573 -119.18364033534685 54.648199441035345
v -548.6404880403378 -91.954425655843181 36.775999946973478
v -544.88152313629416 -98.29514945416301 40.467639336113834
v -540.42819140862298 -106.80021079331473 45.226464679132981
v -542.23129617663199 -184.0309443947402 103.52249110488047
v -530.039184867882 -146.86995884331412 71.701012767144903
v -537.69937877740483 -173.44945768323143 94.255949738770653
v -535.94820151989916 -88.633899892651058 30.274944767796278
v -534.48768352959007 -91.101885765363591 31.4839313357554
v -527.73590571459636 -103.47968353617568 38.725408649576622
v -545.14090785848157 -174.96793217954269 97.903174206870489
v -539.22195649789967 -173.00289828944611 94.555865201381408
v -556.51838621252784 -127.05928211466792 65.894965327468739
v -545.79931328386965 -91.043464273563202 35.615290914306193
v -537.77596287960705 -105.98076617583696 44.088587769754398
v -539.69810911589741 -108.86312796551492 47.029877537587105
v -546.03558885647601 -171.71612847415111 95.980139782700064
v -522.0713276328197 -197.58139122761608 108.10942967982628
v -520.85650344960561 -145.36093537114101 68.651170750561349
v -523.75777407281214 -194.25982785896906 106.21231173975605
v -528.01799823258455 -199.15078351837047 111.24606942649876
v -538.68660882931954 -113.25355676138476 50.400018891446528
v -553.90309771370858 -128.86703456413298 67.098239318725533
v -530.30141180118039 -195.75298204568244 109.35254531403626
v -525.43943064780694 -191.13694688407128 104.49226983720661
v -531.55267887704326 -192.72766037389317 107.75850936030253
v -523.34080376441739 -143.1745391122129 67.857650004435953
v -535.49319710068244 -162.28090152503924 86.414254415556186
v -548.85532101116348 -123.73691369651876 61.99923879492777
v -537.41889661446362 -88.544546977932427 31.861161247668019
v -529.39099599591327 -103.37912758728817 40.510504343173181
v -527.50318544492427 -148.2388702081376 73.337373760590495
v -523.99570129511346 -197.85426986619709 109.5572750515129
v -543.80839339521071 -90.079095397129521 35.374679579476904
v -538.62221484792235 -98.87426449702545 40.350765535684076
v -535.59609758990803 -104.92487904065413 43.825143461257284
v -525.86679034757174 -198.33044662381792 110.54912150568312
v -522.71255340394691 -190.19692830067783 103.45982451567716
v -525.21535511652007 -195.54836387447756 108.28830264780251
v -528.25457248833914 -194.51790135318649 108.50708496331993
v -527.72818502587666 -100.7454237927291 38.340040223361385
v -519.99016114545702 -114.48094784147312 46.02990371176233
v -541.29326612732871 -118.87547924289021 56.288309711071676
v -527.49678212730771 -191.47971447228986 106.09380137678448
v -529.39629968594238 -191.91663041341548 107.06667579164795
v -534.94869377507951 -87.706213508629986 30.933363289224104
v -534.09173192410958 -193.17808931641423 109.50226192824195
v -528.50507754824503 -179.67086349745057 97.744548565576125
v -512.24448279484409 -151.79469636684021 71.643222741363516
v -530.94969334701977 -171.04072465147962 92.111417549910442
v -546.05931902975124 -90.463034715082529 36.987258042901374
v -543.71387103222537 -94.871849990421197 39.485427299177474
v -538.08103248458906 -105.37806182185741 45.443882358836191
v -539.6753732198124 -182.94701494340421 103.96211052297596
v -519.03193758976022 -145.46228312281804 69.444948260851319
v -539.52225488882516 -88.749224948930191 33.545659475340784
v -531.30995825711045 -103.5950100864017 41.996124207500223
v -536.63011076326779 -94.485867326562214 36.908027308032359
v -541.62121131213962 -89.272105070156258 34.666862525495702
v -540.1012587200313 -91.872329013835582 36.118820741134314
v -533.40890187280183 -104.11785033479509 43.117372025435031
v -542.28283656299436 -115.88389265248205 55.136625264328814
v -550.62762915709811 -121.6841818881627 62.253793407625459
v -514.39136526999846 -148.044234291002 70.359312727591828
v -553.0350893375562 -129.19064949410568 68.749032804866005
v -517.25315238329881 -145.87451629810249 69.777887657125433
v -540.41325696381364 -119.05809759081097 58.018534718032569
v -515.68256285971688 -146.77546602539107 70.148553932255751
v -536.23937076483037 -111.81565986222432 50.654143369515928
v -555.86426498531114 -127.23515048787495 68.364077404660648
v -524.57526879597049 -190.12210460139758 105.48554690420417
v -541.82341228958376 -159.89573105544625 88.402817631764734
v -531.57171716568484 -191.94264995359012 109.22357474756424
v -529.0587028749851 -164.19498659497063 87.916112255075475
v -527.31969029745949 -104.70211389109363 42.721710394757864
v -521.84713600202883 -114.35357459364775 48.058319553480146
v -528.48888640626956 -145.6850753475112 73.672960005577522
v -541.88382468787654 -165.39633308053263 92.829963933602215
v -531.55075778309254 -97.065231194744314 38.310080608680479
v -537.02633963212656 -87.615928730404519 33.111061248295016
v -530.20506747808508 -179.89177781104917 99.930841384564118
v -532.82635072142421 -170.93859041817291 94.122792358142021
v -521.02296412177725 -142.65166362174014 69.25681732398867
v -543.83021227074357 -89.339193254970354 36.69574863411296
v -539.21079722318029 -97.689944126789243 41.449133185748387
v -535.61791894467683 -104.18497241665429 45.146209964756011
v -537.27904563024947 -181.29689263140739 103.42103691378608
v -540.01337290886397 -171.8850029773925 97.288913060122582
v -531.20090565818089 -123.84399909876593 58.436198985046019
v -526.02350340478586 -147.62363598773837 74.52997838769295
v -538.40831640454712 -118.86523067342694 57.960931914768707
v -547.98221971413045 -123.25552615872917 63.725958374051594
v -534.94120444305281 -106.13462008895078 46.721240309113483
v -526.64990938972096 -190.38745650055625 107.09945732085627
v -529.10382487287075 -191.01446557215576 108.43181301806577
v -535.64428136601339 -118.19240168624135 56.104460204385731
v -552.04123334528674 -129.80913539102909 70.002072610864133
v -527.74538876843962 -109.02871531821515 46.956784194145179
v -538.98713700044436 -87.836496176027396 34.629106209830937
v -534.09718548389901 -97.229560787204946 40.08133320490046
v -530.93836750271407 -182.32098025081163 102.61999535419076
v -529.17366280540693 -105.49815933531674 44.722917227291106
v -541.22210846454391 -88.431350954810199 35.851921865137101
v -538.1746935179541 -94.183412041353307 39.172463160026368
v -533.0767133531275 -102.81829766107361 43.976749659041133
v -535.13367800198353 -179.5140825852111 102.06462247663606
v -537.04245174840776 -171.67830381694057 96.821748310132463
v -531.55560055515366 -106.06930852268295 45.979199735343798
v -533.77393918837822 -110.63250302514872 50.33677728071946
v -541.05884874237745 -115.48779611983458 56.857522474357886
v -550.61142188814392 -130.62152142814116 71.054243636779603
v -509.87044305933915 -150.28398069159709 72.66966512141282
v -547.82599236942997 -134.12340006510638 72.98506434229337
v -518.37622845610122 -142.69077724976017 69.984381531597009
v -531.10924278717278 -109.61107028764376 49.30708597866326
v -524.43292321247213 -147.51476735524926 75.819510664575006
v -554.5656243430218 -127.53999493150747 70.632666788256344
v -512.22860133078223 -146.24998737895396 71.40963900051733
v -546.87004250257883 -123.13881109989657 65.318086088938841
v -549.65747185848443 -121.22205855309304 64.621215863255102
v -516.12485031102005 -143.33969016310607 70.698359070813567
v -538.48632963129012 -114.58036503190426 57.026702886311547
v -526.65433508392084 -145.01921735848728 75.304033846650995
v -531.94867842611382 -113.88380314070659 54.624363054860147
v -513.96272445024488 -144.54755811054315 71.13345701137294
v -522.89699233435658 -147.85494868466643 76.792111081090198
v -529.94168749125731 -163.80889511568535 91.087638317558358
v -536.18212628991398 -114.35256489586078 57.196790326126347
v -534.02215564282835 -160.29825279058326 90.140442134098208
v -553.05322353863312 -128.34021001264495 72.439964664485956
v -521.56716690747635 -148.57448045348957 77.496711763992707
v -517.65227930156163 -153.72004671096187 80.146501854381043
v -520.09296883282991 -149.70284647922585 77.995062920195721
v -545.58345634961086 -123.39358816744303 66.683050544169248
v -529.94137669010388 -122.0067058714406 61.068339879070514
v -551.28287231753029 -129.46446867693518 73.739481355171819
v -524.52291446041306 -144.86917255088559 76.912214817983866
v -548.201466728588 -133.12477508519939 75.783869873090723
v -544.19725524959506 -124.00498420964294 67.741622315451977
v -547.93119022847179 -120.88341539942408 66.732559949453005
v -540.07863133822286 -128.61473495427137 70.124982739044455
v -542.79197133575587 -124.93754669316991 68.43213119389749
v -522.47420975994521 -145.35094131730344 78.23688599548754
v -546.18807492791063 -121.2285485051772 68.570519311317454
v -515.95350584000573 -152.07311663527793 81.989182137035542
v -520.58963166104502 -146.23782350040761 79.124569717998767
v -518.63304702290748 -147.80280416893783 79.820542864041244
v -544.31165924368827 -122.05295225339714 69.994307193924158
v -539.40624153106114 -127.18209035190809 72.667986032319519
v -542.41002767313626 -123.30878439737667 70.922363517954281
v -536.85853693106935 -158.26336719146087 68.605948012135428
v -542.20453488123576 -134.82231398049947 47.504358419917523
v -521.95960918993808 -189.4626120301306 91.518766369033798
v -548.066519004317 -101.96839932574895 37.325824304910299
v -548.61568965333743 -167.85421600432804 81.559521061012504
v -519.95423705017492 -111.31480727592259 38.776339731778485
v -549.92210736945071 -111.35299009389148 32.426954945065731
v -526.46095644068646 -163.73356194883866 36.523129659706498
v -535.43134117870818 -166.35683871064927 35.363265489014097
v -554.33365541639978 -166.25570999097027 43.098797142468037
v -541.23889785224242 -194.6232413440307 100.59215536373856
v -536.83993723080073 -103.64882822315484 17.492083892193264
v -558.90816530340317 -143.09497531515763 69.361380834003114
v -563.08313224488995 -156.54132878067801 58.646338790656266
v -547.5250972424227 -165.6389883261341 84.72403787678212
v -519.04473614515632 -160.34806552095057 40.451362466355832
v -532.31113552557406 -195.94992353677137 86.343984137572477
v -531.79691067052204 -158.95537404612477 84.279412691194636
v -547.4133320988152 -165.01369831218352 82.258562934227726
v -540.80565946165223 -192.69287596229756 101.23172375699451
v -524.60336094758816 -109.37098238869012 45.222141842269224
v -536.32591190167432 -196.58088864457943 86.465257367927521
v -522.07070746109548 -157.77765241488856 83.156162609310456
v -546.79266211805009 -168.97951414088229 75.28705263868062
v -539.6740221824524 -203.39685645813756 88.135867754875875
v -512.07490826532671 -150.11893206083872 66.11962463059011
v -547.33105762392199 -167.22563884731443 77.333073724037575
v -530.28626310289735 -164.07387336235118 69.870605487645932
v -534.80979551283156 -170.66147097737837 34.625773650148155
v -522.2670583383607 -118.72008535557691 28.214354799076638
v -527.23386609890372 -120.0136247690052 51.514050433961842
v -537.94077991063796 -106.5225428365475 16.557127006072491
v -554.18828651103581 -170.84973245938014 43.176851060231968
v -531.24649415076988 -99.858521829830835 38.400538838686913
v -516.04183949014816 -162.98760064507056 39.679702495088264
v -507.0977917133863 -153.90550671227075 57.085442916545816
v -545.2649144177376 -171.97598124583212 37.445506617916415
v -548.20935299347343 -194.75245854656114 94.101191557116351
v -543.74597282858622 -130.11432396153089 74.205422347997981
v -518.55870307943576 -160.57836062933106 36.893051667459424
v -543.16033229686752 -101.86118113923003 42.415087879829429
v -541.53537757332981 -179.71576030011497 97.70005353472817
v -563.22535994467682 -140.4201784294674 68.909740070232729
v -539.56126940749436 -113.00870647922065 21.843170512767777
v -537.41418656084682 -117.31304390317126 22.557094475567141
v -538.29257671611867 -117.55658047476925 22.881577769974065
v -546.4083859582496 -169.66317013054149 74.3214760024469
v -552.77206394764733 -106.35815199118959 26.538754271852312
v -550.82131356702303 -100.67331091689576 34.297964326331446
v -549.44795673852047 -109.05483454881461 22.449894337459988
v -563.31235364301267 -153.4828026658391 67.296821868917903
v -560.81925236141501 -167.06618120993889 51.115923083737485
v -526.3522921252785 -160.64320500777913 32.516821326653208
v -521.82275097054787 -191.83686116755933 90.056898479484047
v -547.31550970316061 -168.38958804995295 76.272580418087031
v -544.55660294052814 -115.1637493912973 27.114940867596665
v -527.06106367589337 -202.55810712923849 90.449640434854118
v -550.9023760089309 -178.21763726421597 79.609503802253798
v -537.3096144490961 -205.54930497278374 96.165055688562973
v -535.52277830779963 -125.05861414449704 67.908615455355957
v -561.99968446417336 -152.79961516430998 66.810283160156047
v -538.15591695603746 -204.90326186309207 97.907794940081146
v -539.21812635088475 -121.56497418970564 62.268295699141632
v -524.48180384729471 -195.696665431669 86.070207488689874
v -542.61796846430116 -195.9517401667602 97.227948102723985
v -541.73229195036959 -93.013803592889502 38.781245053941284
v -513.86531339617352 -149.11593365238588 45.765707788999336
v -563.88789407019283 -161.30499611466155 59.310813009703075
v -509.57217919616687 -157.86173525992646 47.708985620365738
v -535.58250496611015 -126.17449620198933 64.179838723403947
v -562.58973157210937 -141.27163308553028 69.873713179305696
v -529.12745544241045 -108.86188803506138 23.548652334454324
v -529.00406586137149 -106.75449465885703 21.435402474518384
v -548.22565763097236 -98.053597418968479 38.64650837274629
v -526.22315415635683 -161.99945086354029 32.725671769736522
v -523.15413111221437 -195.38817863044699 87.39927704745449
v -511.99364559647728 -152.05147894767612 45.48049154102975
v -535.89878172635076 -187.85427511852308 77.35802415546452
v -539.1211255287775 -133.48099544856308 49.653683180603522
v -524.23117540247983 -200.13571543802982 91.809286037810082
v -508.61998173964287 -151.02204708472871 68.5617509705326
v -534.1877449742683 -156.02156432969286 71.275491610492352
v -512.4487151959421 -150.2891838810026 46.249234641470274
v -563.89207065024254 -139.99794790418719 67.708330947771756
v -526.70473442328387 -106.06182597372472 26.848393522786054
v -544.15272406748863 -198.1300269306376 102.39792468209149
v -527.64545839610685 -101.52087676134474 23.885585691699625
v -523.41925282061084 -108.98339354823804 28.271965332740592
v -524.3816299325822 -167.28918555945882 35.486631063888154
v -546.04098497206814 -164.37152653574489 86.988968633416235
v -540.51395024667465 -120.71582560410143 61.478939908589517
v -527.13707783207735 -101.70342445911396 30.322706189729864
v -521.61314049628663 -112.1906204525966 30.04753320511773
v -530.97507355058349 -160.32286323228229 85.010616716799206
v -546.15963143147405 -108.91441312618858 21.544486193157709
v -566.98399297916535 -154.48350142390399 52.896929421544954
v -567.31475480458789 -147.39686636730966 60.639632585339058
v -526.88263679020747 -158.12098773228485 32.578754639082817
v -564.41645737387 -139.82481470493218 66.395934674884657
v -526.5986774151753 -188.09582377979294 93.080032064038306
v -523.40717179737931 -106.46037664984348 30.3013302578929
v -516.63960461836405 -145.04924069565229 74.075770667318949
v -527.05944155320753 -98.744681714746662 28.716888807086569
v -544.38869495993004 -93.65192132238144 37.096121070332082
v -543.46503240956213 -159.29423805741135 78.241296854092013
v -522.92799355832585 -106.13825173463658 36.288812945438892
v -535.67779830689437 -198.30127841571237 105.95223724860136
v -533.3685297661051 -198.1925454360919 107.17283273989707
v -539.07356641889567 -117.01304586580211 49.792709573221124
v -521.68983994009091 -196.91816795414817 98.12224035071965
v -530.88335665177237 -92.808555943701066 31.255564856960678
v -521.96706226968672 -196.35680195937917 99.995804830383719
v -541.5971096919958 -157.44108712476796 79.626700635093286
v -513.86789240948281 -143.6783711742867 63.298077160648425
v -512.95733446185875 -144.5516193526071 66.297190273517259
v -567.21642462701254 -147.9795227277358 61.740812501399695
v -567.13229467973349 -155.07116171881492 54.014035011042594
v -523.22893403921807 -194.06565334767453 98.622873400478923
v -526.41740082939441 -159.28983227512359 32.509374834013222
v -522.78398679326585 -195.90573737793594 102.00672293480255
v -529.53436587919748 -185.17619302126877 97.788317012071872
v -539.89999582615019 -156.25219951753522 80.30321778692263
v -533.17605809434963 -162.22010772567336 69.297687095031563
v -534.0196753049629 -165.61998427589609 88.8318265294252
v -524.23306270805665 -194.86374590061342 103.08058289229254
v -542.18541509660236 -120.97120039219195 61.901401844410401
v -539.38397230621695 -127.36091982451879 32.662895329220873
v -534.95461105650872 -119.42285985022231 28.285938236748954
v -525.10299541240886 -152.35809019912315 79.979964840789592
v -525.71297191105737 -194.71961504002547 104.46530303453899
v -521.44450894717829 -189.15318963721222 94.657023821748496
v -524.96755677332123 -103.50798335049825 37.402428148395003
v -535.62960507570199 -171.17141106502808 92.705181516447027
v -533.79921063600125 -124.69560929952107 26.748783810159523
v -538.04371440564069 -159.89980566433283 89.128287493334497
v -535.5868363845052 -162.99323562793501 67.204338927176721
v -544.96860018909092 -118.58573862625221 62.658452975643627
v -531.43470671218279 -123.98196172323232 26.05793848530061
v -559.06760195670495 -144.98638169487668 73.018232522650393
v -552.49391406234179 -137.23877478797968 75.42466454929685
v -547.41990746961574 -163.05978053798947 32.835528673657656
v -528.4241605412393 -123.75403511586575 26.326394335011969
v -546.20661983444245 -169.52582363911338 93.687220999955159
v -537.54652198566259 -169.26349734745773 91.22429205251413
v -525.8759492263124 -122.51003755087552 26.641308648772984
v -533.81118745549179 -150.50598163677282 76.316466225991292
v -535.17430483305725 -169.60793349362243 95.31315578305049
v -530.18521611902725 -97.261407112035528 25.021786919549754
v -537.54338586661049 -158.89956612392669 73.072023283987619
v -541.88191838077466 -162.64266764952262 90.625721061277005
v -535.78207189183274 -159.97383397457648 30.994931149301856
v -539.35108784025294 -174.26788668499333 98.843769623428813
v -550.13460034840273 -104.05581969544281 37.197549941100277
v -516.30315216493989 -146.17001096370981 75.47616118949783
v -542.97532535568519 -120.59153763561842 60.643606885342273
v -521.7859571661121 -188.55125069291694 97.391898039741932
v -531.44313111291126 -148.81390765737072 76.296450798001075
v -560.56263923989172 -166.31758102006097 46.452562015660604
v -534.97935345864028 -94.138748428814424 37.867765513181467
v -536.08011589981754 -104.1322039230773 16.249946306231216
v -535.94358705295315 -94.294809181852713 38.487717898919726
v -532.81730290222799 -163.80362477901517 69.636461974152454
v -527.3856094478856 -113.85243664262308 51.42493720915126
v -535.82443979328843 -175.63053384333455 94.796219138102572
v -534.66525883635677 -174.46104364581532 97.88983997052614
v -536.78421167668398 -125.95243852178778 35.907858379085162
v -536.77747374810326 -173.83098395594422 98.278540278541371
v -562.857445121311 -160.70746517579204 44.736428020679931
v -534.82539829492021 -156.84238283582133 86.762479471524045
v -545.26508618441392 -162.3776660144751 85.448617439720806
v -551.47839856078122 -175.59201093683504 82.725854809143129
v -538.85314358056348 -170.19814747310627 95.945877480199727
v -531.21588881736091 -185.25089000328236 78.252596466005599
v -516.17459375944816 -150.96030000704431 75.085089573498095
v -562.4454823419012 -159.1760086695372 55.818416616615075
v -533.64464245962688 -188.46478230095815 107.31652678401684
v -525.34119762294301 -185.69166945570984 101.18305204159172
v -536.23067143644369 -200.78178588059922 84.34456952694606
v -536.98479644563326 -187.13284431772624 106.28681956493622
v -524.25904194327222 -185.35082692449811 98.577138032293433
v -523.37822100681819 -185.73008091151505 96.041848185485307
v -531.57478118249696 -198.44095796499531 83.133883827400425
v -528.7237108499902 -198.17672557660856 83.921777533702453
v -528.52893383892672 -100.17173414531752 26.886866435142593
v -522.41363157497324 -158.046157237822 84.992313765956609
v -547.025425849062 -164.6337490065516 32.936568300479522
v -544.66739624740683 -169.32281925699226 72.2266428608295
v -536.0677145156734 -156.16900404806964 79.423054618031088
v -514.78893778003498 -144.19529590100561 55.773371610532458
v -546.49802788710133 -169.86913270025121 35.977179159629145
v -544.71627445869535 -167.41770378499672 37.246510895035527
v -515.27916926362991 -152.8751428351421 76.4149973509532
v -535.58878964587973 -164.08569359241426 31.100722104029863
v -547.15294190484178 -171.39823549866423 87.069375019873902
v -559.70813849306023 -163.34777776534892 49.820825345429867
v -547.46056671162501 -166.25916468508058 78.434171666098436
v -564.55305223494167 -139.22938760113155 65.263690961060249
v -545.51913583152827 -132.29036616409675 47.039425774731328
v -532.85877850440068 -175.88149593578109 76.14826040380386
v -565.47293852642088 -158.87219650742699 57.916219929460404
v -539.48471302214944 -135.28422010912413 46.77719185788078
v -513.46819840446722 -155.79900460260436 47.317544476295026
v -514.09283178245607 -147.4824772174498 47.77971688229389
v -552.59383550108168 -125.20162483785117 68.824615577951789
v -536.43533194660392 -124.68563268197084 27.630349746316476
v -522.64312545661915 -188.18075648115811 99.995933362575727
v -542.53365186229303 -109.06198330839095 17.89230165142579
v -540.61245030472344 -115.22902381551195 23.852853410481444
v -540.94278799542087 -117.01865573959191 23.368715501753726
v -548.37826390493615 -173.65289732217852 86.534144708142946
v -529.20292261258828 -94.919952195941249 26.415055328830015
v -513.38916311516834 -144.3877982399863 57.454933125013554
v -537.08477368121828 -113.25991263324931 21.765690063923692
v -536.88429794107321 -114.38996314957291 20.670205298065355
v -534.818208627285 -111.88557979799234 21.350016001379224
v -538.33885034929165 -161.72855175390654 85.757367236707125
v -516.43262197731917 -147.63919111302232 45.50178399850919
v -534.2670934374579 -196.38865393474481 86.239223386123243
v -535.19438592227141 -164.766738209886 67.323454425185162
v -539.81244077379347 -197.01107139908348 88.376311558543819
v -541.54935947468391 -119.80654400963574 26.431648599567829
v -538.45261937691737 -158.47722151184948 75.216194392039142
v -559.53807252384706 -131.86821359455564 68.168961948431445
v -546.95856704223388 -110.66937470404827 21.530351266252673
v -544.54553951270157 -121.03418043961746 60.079586916880785
v -562.73957655879326 -159.19596268061045 44.094521332717271
v -567.42145068721561 -147.68870687664889 58.783813157514395
v -546.67517481164396 -190.68724254189453 80.903507322413134
v -518.45272221514904 -151.97213928289585 39.11934817103495
v -566.34035143428559 -154.93889235612662 50.541476558636354
v -551.61695052773223 -123.71728716398107 67.285641450719908
v -546.34143840745185 -161.74480682030355 32.44892776763708
v -554.83338426018281 -161.88216673172974 36.528754053206725
v -531.35959075399887 -117.84498185037249 58.028986380329329
v -543.42123727463081 -114.10348776225781 24.58648251457015
v -531.85438929594216 -205.52607856216218 91.397340886078993
v -537.91640697284299 -157.41161796474108 78.389317018691912
v -526.24683911595969 -156.50704385399473 33.236298475681131
v -539.984775389687 -159.42411644052342 77.402853163446949
v -535.9882428762071 -124.12517601282195 32.850793758851538
v -515.29233081564701 -146.41016545388032 65.428193406457723
v -519.53298630994504 -144.29227175079555 74.467947762588395
v -547.20469514948888 -126.62205981365476 52.297149153007432
v -562.52023471458642 -150.76396055676202 64.175655636527424
v -538.61007007039666 -188.91954850515046 102.08878788408776
v -537.20026198382777 -188.07501149914722 102.2378577552189
v -547.14180384904284 -124.97850256834892 53.145792588125062
v -541.81861531681398 -120.60775518189014 44.98448265087341
v -514.35778404769428 -148.67669995089321 76.414440017095799
v -540.06692380655682 -164.20657098063282 92.217999952377653
v -545.71241883429707 -169.69511136266919 88.144455862124445
v -564.31849255087081 -138.28830706198767 64.224836184665818
v -545.83812870671034 -128.65614361954874 50.352360917333513
v -563.34673351791139 -137.65798843906779 67.107344939168939
v -537.13650015183885 -195.97252302156033 104.55028966600099
v -533.49674127120818 -108.89109270327131 18.932205260064208
v -530.78702941209303 -113.78957626382943 21.720502556990475
v -533.36108508294194 -115.12231417823823 21.430535517157686
v -537.43350517440467 -171.44828630860951 92.832823742741581
v -547.18727816534238 -112.43029790735692 27.934985641310384
v -544.63209083358117 -117.38923708372819 26.957267536105753
v -515.63467672145623 -160.15707142586351 39.507904345653465
v -538.41402333867632 -123.43131941693856 34.773640602602335
v -526.77310978082039 -150.63841258486372 78.281043596335195
v -537.817093135601 -203.25505013149049 93.401439970590303
v -526.89866052013895 -195.65724299258468 84.207031993672672
v -523.98500354283658 -120.7530070029043 27.165811275032894
v -527.22326204474075 -114.62332274259802 23.902473456398539
v -531.09924985540124 -108.7376995735863 21.985251329086495
v -532.27176262571243 -106.33211635465763 18.904466261572537
v -518.17232914009219 -144.68267334281703 74.591423939386672
v -535.82886950132718 -185.25474868115973 80.6215983705101
v -549.94422841367361 -110.38557126309159 25.740044085756168
v -549.29440164099469 -112.64255007605215 30.193905164382109
v -545.02849917131357 -188.04434532231227 83.529814186018484
v -534.4675517979889 -120.70261783498729 62.933411031990758
v -537.59917677083615 -186.55360636355539 81.159249063557525
v -516.5497547868963 -145.80294740742778 65.184281122581453
v -541.08122175781978 -117.91514820687965 39.207372955813867
v -551.94684229922541 -175.32595085092049 84.433909805099546
v -538.98513435450172 -124.36615940275598 36.488535561292458
v -539.92543508137555 -125.90531850460701 39.312009336944129
v -545.41234122159563 -188.36627156065947 84.602620647978057
v -541.37541479414199 -125.80382550471441 41.234473802558313
v -546.16119482441263 -188.4796019552152 85.532904585722179
v -540.41859455346616 -200.78019219387065 95.638783519903001
v -512.17679641202255 -158.18684603116418 48.901820375509473
v -541.45034118499666 -198.88785333017921 96.454931726186743
v -514.31037875292577 -147.0228420881665 65.095890364177919
v -543.38532070023405 -130.96591547206398 71.345708270467597
v -546.39498315640947 -188.52232993917389 86.644636309014857
v -509.84805454032676 -154.82300211786782 57.354969351867254
v -517.94414076091414 -162.43976523083521 41.854884367387193
v -546.87183451445833 -188.57156867755327 87.58740660155155
v -525.40378338762753 -201.65189885116189 91.085738784449802
v -533.16030088993637 -206.11708822007074 92.27898260775423
v -551.31052045872593 -176.02233243320188 81.455834807969552
v -537.14185092254172 -159.00938373306727 31.286897457566337
v -524.24019902158307 -116.61622357462771 51.904733284503372
v -533.03918390296769 -100.61094033708122 19.448460352186977
v -524.23656438429725 -187.80338538269453 102.39482949035622
v -562.26862165168143 -157.60043134261196 43.457443097177048
v -547.47091811804989 -187.46478880962314 87.796295899350071
v -566.20686010216139 -152.892193293925 50.708943997874727
v -541.09444821405577 -163.01656825889307 70.082234301256079
v -555.36736595408547 -160.49704785639443 36.922149103111373
v -537.52931945305147 -200.77304440182695 104.34831578147734
v -547.48000438365204 -187.92205153108472 89.260997853584101
v -530.05159989979063 -168.76965824276201 72.039457319969415
v -529.31616385484938 -168.87056481834583 68.97687434961955
v -528.77846835460025 -168.00810043372545 69.912127415604274
v -528.20886581580487 -106.42031909428671 24.521907141735227
v -547.47460330041031 -187.48358319346204 90.165624685351816
v -511.00402969451721 -152.01315526433598 56.844500078292896
v -510.86583861833867 -152.54090847191912 66.980941021623394
v -551.03610955608519 -105.34080161259934 31.435211471911234
v -527.94172455510022 -155.75544348006935 33.206932608185305
v -528.31780409830947 -103.55654606954998 22.272431589266496
v -530.21243516426557 -100.69187100518593 20.303096469341916
v -546.56689326375249 -127.04271447272991 51.337024654061224
v -522.34061314869928 -155.62890424189524 81.616805640873807
v -543.12121848415325 -161.86205766801285 89.013514777649078
v -537.41813053118722 -205.39338297766159 102.37040113710607
v -541.65157887384066 -123.53349285711894 41.53353802523543
v -542.385257745324 -125.32232137801952 42.823852317600405
v -547.47097377014802 -187.51608811139863 91.36875408804994
v -513.51887002760498 -147.82416484959191 65.54643630346331
v -514.08639192192686 -153.19339592380757 47.258460788335881
v -547.40433856886955 -127.31325281889204 69.397932976115783
v -554.7471859389259 -133.78093302358309 70.180038866157787
v -535.74623198385768 -158.94205235985712 67.577858629804552
v -533.83580454794321 -160.73107009027805 69.411418908754669
v -512.21542203205081 -149.68770457297975 55.997189521854978
v -547.17586562459053 -187.09649891406735 92.422277939635535
v -544.03041187700921 -136.11017620117823 55.086942137569451
v -537.37701703725452 -160.07266131051168 71.99298336696036
v -523.29052183752196 -198.73000266249232 92.947131305961562
v -542.79659672254581 -126.99105311713505 36.278267435519538
v -545.41614325078285 -129.11868816327922 49.729855150320816
v -531.25376759806647 -97.275442243726602 22.43304242072837
v -529.34643425904915 -99.628970034308153 21.800026737310063
v -530.19449529597841 -205.35105330762318 91.102416221394634
v -547.93069057938158 -185.70324698090107 92.103402875992472
v -542.23176533122671 -123.4122005731837 42.590648558944785
v -519.60855067795376 -115.66814990769336 32.122330679296688
v -541.69975577867092 -109.89183423364445 20.171599498050178
v -522.85093162587043 -113.57262317948963 27.826378246941772
v -546.55200719150446 -128.11634112916755 51.123175527761468
v -547.37242242241211 -185.43373191971301 93.155013530033017
v -540.418146705769 -119.18897252586964 43.93884823442967
v -542.87565861906444 -122.71455455326297 44.790925875006003
v -527.83933347324466 -197.1559492492442 107.35268513523764
v -542.18756523986656 -160.22471639580505 73.095265826859617
v -535.55248302569873 -122.97114972390253 60.885789776978982
v -546.80736834016352 -185.34986922859036 94.51784183417908
v -521.75150779985097 -199.3485106766712 95.125699060321182
v -517.24216705141419 -148.8735403851139 74.17718782389376
v -520.31307549618771 -151.60921757754122 38.468561848740705
v -536.12166098073317 -200.553658593183 105.86778722456447
v -545.86905858550813 -118.64358670990748 42.276410804091775
v -546.82304249878257 -125.42956320488041 52.402842330808951
v -515.1410460298838 -151.4765101507725 47.101982004602235
v -548.74982883625137 -126.59029654040336 68.388415980364314
v -513.50443124652952 -148.12522990575377 56.20130542960208
v -522.62228135224518 -196.03039536990889 95.606249863130131
v -544.57725864652991 -168.88945255921337 88.996066187016922
v -542.05422973752763 -121.40332356252557 44.602970927667172
v -516.25518139272754 -148.16236535771074 77.779867898201417
v -540.42630229741417 -198.22923025978849 100.74320910652803
v -515.51485415679269 -143.1954431989526 65.883076684056121
v -521.36852862460148 -151.55690781273162 82.599993562038449
v -521.47142482736808 -144.30158647651493 75.068165300943704
v -526.42641241888714 -150.59662445946387 78.522316640161151
v -515.39716670361065 -150.13934310043376 79.178982974798316
v -541.9031529873414 -158.54570952203036 75.17275434249072
v -531.08258589025934 -182.13891056529104 83.665337073847311
v -547.33187831831617 -183.64668203581232 93.879854574715424
v -547.88033039139566 -105.86286318370853 37.360247039836409
v -538.43077197322179 -126.24801362780491 38.064310690637136
v -548.26859235740631 -107.32343134778705 39.147619986918968
v -546.84081342048 -183.45113124010743 94.761362545700379
v -535.91135345952068 -199.71828118876834 108.8588585124853
v -538.91655383909904 -205.0553941572833 105.27612523235936
v -521.28676350694764 -110.57468069876566 31.975519801987495
v -539.77058738086623 -155.92965402473467 77.537744880838559
v -553.89225155921122 -125.14791621736705 66.628714513798869
v -534.27076990128694 -154.57419888274609 73.48823061921351
v -546.77099332057571 -171.74435785856105 89.282794183939757
v -546.22564119232254 -182.64876494671941 95.287378827607654
v -543.3670850680802 -120.99838293809356 49.240450575719095
v -541.86526152552176 -119.39061800700122 49.084053094179012
v -518.36076516973924 -147.94458363570948 74.047006232086886
v -527.18839303805578 -99.912943543509869 26.051822694641274
v -532.43502930303305 -154.15659199385999 70.640330217957128
v -540.93284188305415 -119.20922515576973 37.736884583643814
v -545.02856009232755 -182.70702595224881 96.536409060348731
v -548.7327546909961 -174.62731832701999 85.383817224072914
v -529.50235877518116 -104.10637009020596 23.190042125104874
v -533.30494802810927 -184.24111292120176 81.199526370281234
v -521.31567614618973 -143.47448264443986 72.353396662273312
v -521.31588397135067 -109.07922559340508 34.510799921159446
v -524.86137118145518 -102.71170900335724 31.110046311546995
v -546.11466455265122 -119.2291198770491 41.180574733809024
v -527.9034678187993 -192.71728486892624 104.09886406399656
v -552.88291442756849 -99.228390737519064 34.329618048501501
v -528.01914418743934 -187.93493443038835 105.78079923285478
v -532.36231185073018 -195.65085862381272 106.49765017888848
v -529.78282000124318 -156.97986319430413 82.995347656796795
v -530.05602611826259 -94.78660145735023 23.059161320872441
v -528.38504886553869 -96.246183460611633 30.372352490606247
v -551.31171781950957 -184.34682866278712 95.151178131364929
v -558.05826937309791 -167.46371429805143 43.242555872549758
v -539.78038360306903 -91.337163384133419 37.555276540224085
v -552.42584907568892 -103.15683092775845 33.92079376447932
v -543.5783691400793 -105.00166121511573 41.27650633141873
v -537.86678073229041 -91.907935474732341 35.375320547069016
v -539.28177157171604 -134.6566285707959 48.391431599468703
v -548.73232113683525 -175.59677479710183 83.916102368583879
v -541.19481233805493 -191.4997470439142 105.90752848202762
v -537.51263698283708 -115.90266074633075 48.140770353686925
v -539.80386717701799 -165.46437371515876 92.745974502514628
v -566.93864705395947 -145.06656110743828 59.883658469238121
v -539.499573516174 -193.96251423576496 107.4581474330534
v -538.70310724346507 -110.79021095770217 18.604896748398858
v -527.57751579987189 -188.85453949524452 99.86124484563409
v -543.4655934822157 -159.10358685853416 80.606955765543887
v -542.78656320882305 -171.27022684155455 96.361369197693392
v -549.95256592006763 -126.16473029700114 67.03355944690243
v -524.32087036975554 -113.70403807137846 42.327411976253522
v -541.62797100303192 -174.15172035202184 94.875868091130812
v -519.66548457734905 -155.56884744173388 81.517818687286834
v -530.21086608901498 -92.96337006463213 28.138649134446688
v -523.64824143328883 -107.93663256163919 42.32545335355924
v -558.58846743027073 -165.1845679086162 51.492269759210402
v -519.13475150164504 -112.97819645652443 36.690031324987729
v -531.66686024837384 -183.65461621171019 83.114102159042119
v -540.21606640757966 -159.67285846083993 81.306258376226253
v -547.12938762704175 -123.72091458779646 54.928055910208272
v -539.15437469491792 -189.76798401709348 106.59736240987864
v -529.96621426601837 -99.17687872011615 35.968152573745755
v -560.88992347101714 -152.40872549311024 65.931440709925312
v -552.39250019464612 -187.29881348885931 89.045175632391832
v -535.38376353515775 -152.47116644878943 78.966814151487256
v -535.09051166965151 -169.00931168440917 37.044119225052839
v -525.78769271028307 -166.24526578775419 37.864591845255354
v -544.48923355154102 -169.98006551010616 39.460414632194443
v -516.74352964794195 -152.5617437213555 39.755047837816385
v -551.32668413443298 -137.63265750073271 72.726354520452574
v -536.34868727560399 -115.3269089752937 49.374614997920879
v -515.16631163102545 -147.27981947928905 55.16452008630035
v -519.74008122377325 -147.19680952126444 73.78577585833763
v -552.97665494476303 -168.6417808044155 44.847926090613015
v -531.98366423238497 -119.1857541926687 54.310051266453627
v -557.34849816407632 -145.00498410393598 70.635379659621151
v -561.4460825668358 -159.61313342934847 58.971173593198799
v -544.79749479602253 -97.677324095268972 38.566415570432831
v -552.89588294033808 -135.60453395449724 71.601038694005183
v -529.28275670388985 -194.27447344165148 105.77454979391527
v -536.72662308767326 -158.59789305021519 83.571724568916423
v -531.28176915383483 -151.47615927296178 73.455284104673453
v -550.09231626406029 -108.02394364773068 27.652111958100257
v -544.62458614989555 -165.60474737196324 32.3930483819844
v -528.41628835551626 -204.30041591464749 90.704269170822698
v -547.35373687007848 -112.97104798638384 33.050656488279664
v -537.78256281298559 -154.46478606520822 79.542970448037025
v -532.66911187203186 -91.827045955912183 33.279063942693526
v -533.77907441181014 -177.85680749484783 95.106481585788345
v -532.47080879676025 -115.19766066010841 50.631112042151408
v -536.11784256723809 -156.69964291312678 80.455735662348715
v -530.54232682553709 -95.382661963128527 34.974242202794116
v -516.65019708200714 -142.87324475035754 65.387468104291784
v -543.2369124942029 -161.16592190880871 87.559496320460823
v -553.64890419677795 -100.93073149123457 32.666553466633616
v -539.64349615959179 -117.50670193754955 52.478216112121061
v -539.20736298845486 -117.46833514305391 53.877750247784846
v -537.8182193240259 -117.21200874087751 54.540860886267588
v -541.19871284766532 -99.658540985559199 40.498977303434408
v -532.89300315575758 -107.68689104056119 47.630031125551589
v -547.20307942770319 -131.79871867257449 49.163647499139444
v -554.28512891922014 -134.71507264926598 74.065566977721332
v -527.08567760697679 -195.08692004575516 105.63538138678307
v -530.59383415434547 -195.74469411731187 106.75044225656646
v -541.06404202317117 -163.07565526690152 86.407416878027647
v -542.30904439449114 -196.3917936070516 91.110237969498286
v -536.06913525588868 -155.83598713267 69.149556631589377
v -538.23691457336747 -157.13494713418669 86.461548786163917
v -531.15489010481269 -154.18442947065682 84.859762131985534
v -563.86109455492829 -162.92356417367083 50.759520077115624
v -534.41018716416147 -94.096417948000678 35.093297442156867
v -540.98343399352302 -95.339568929780256 38.358646297229313
v -536.41367856446368 -117.2028606868997 54.782276103210954
v -540.15052226583873 -129.00127942054021 35.869230059453983
v -533.6801256169382 -164.43370575984454 91.71440554982334
v -541.19447646304764 -173.07709799017641 93.922523557682695
v -548.13783205155664 -173.71779880537559 89.065249202958199
v -545.10228259397388 -173.72735279209661 93.035048764257638
v -543.18408214975318 -170.68833805704674 91.48587093457563
v -546.09561416893257 -172.75202050081984 91.977086279742906
v -529.17758455130422 -101.06171499055486 40.397865611372197
v -544.11742988653771 -169.57365896148485 90.339904269247796
v -542.32390210568065 -172.00815993709239 92.748818504597395
v -524.29104681206002 -148.50634695370857 80.657879812697161
v -536.47210487970324 -97.9791912453382 39.508408015449369
v -531.03180469941185 -99.872104481640861 40.61247567286064
v -517.42922521514356 -147.01638699306935 77.64469829396802
v -530.10562511697401 -103.48221589609464 43.403664021298525
v -523.46251036662159 -143.96427875538865 73.39940168523006
v -542.1832596072386 -120.15761694455142 66.798624602338805
v -534.16002645249353 -112.43720446475143 54.013593543779756
v -538.97025093543073 -167.6941355233584 32.513330107900899
v -536.19552088527325 -112.71094750743943 53.917554316163752
v -528.84156873157292 -110.6980853952212 49.413419514890201
v -526.6332620411373 -118.87887255560773 55.751147015526712
v -533.23031176470408 -167.45350681316 93.74331489338654
v -527.27942026896949 -161.2168768007412 35.356196186681323
v -519.50313149711451 -157.22400396144837 39.822407216401047
v -536.64111708721975 -97.001177434882891 40.77875255051061
v -560.7674026090699 -161.1662658533028 47.954633251978109
v -560.58837975731672 -141.27196150415733 67.705033042653852
v -563.89133415696574 -148.91210899205703 62.501331785133992
v -536.89393313043229 -164.07194036368313 34.1035981132584
v -528.25428734536456 -147.90828182462229 78.704592138090504
v -520.95442854737644 -146.62431134103664 73.030507140334194
v -545.64863022324698 -165.31048075702245 36.022885795854357
v -555.11739935006585 -164.20826415710337 41.556033302221394
v -538.83299694122218 -119.60499343334047 64.886566663574385
v -535.3088255572867 -117.1097943317302 60.051763754245883
v -564.0059439052643 -155.80457347652734 55.512676528128864
v -545.50235259262286 -128.90813875111436 70.377973958702157
v -537.83990841305001 -157.40039355740493 76.74400414439495
v -530.35615449167915 -150.88191824043832 81.066051379827258
v -544.00327984625198 -119.41865331235354 65.456156040953672
v -540.00093211769536 -118.19204231594961 63.493472667033828
v -543.91597879489711 -172.33083335640572 92.429398903434262
v -549.97459765447036 -190.40168182611032 94.476113151811617
v -544.55717867977205 -189.94797938436835 78.856846913988477
v -527.7687293319641 -155.0043523424834 81.711282622398954
v -566.95442003666165 -145.26803469590607 61.643191479922102
v -540.82895870925677 -189.26546613691573 100.90776585793989
v -555.41550273698931 -168.45137800802632 41.249479308201344
v -538.11902642790938 -162.90297980316259 91.539458210776104
v -537.0733228092306 -199.61210348815194 88.923496562061587
v -538.58632476716605 -196.24349965421206 86.913789090811704
v -547.06854564412401 -124.36491884957913 54.036487944891711
v -538.53245733571032 -113.6202656980293 53.898158185299437
v -531.84985424550689 -193.59013194559066 85.629591918168074
v -536.20032437221118 -186.12337534288844 101.490224406176
v -517.48534963345901 -158.15420336474185 41.684502802418521
v -538.74596551055708 -175.57542418386217 95.91828095895815
v -539.65840835387462 -123.37241637355572 36.792794676852075
v -539.9384163388396 -124.95835853880889 38.630710130746863
v -540.33697682920206 -124.29896471681465 38.514252830710539
v -540.86622364053312 -124.24046702637735 39.804225298645463
v -541.24803317741669 -123.61801349722633 40.205102035095507
v -532.66985842074985 -123.49863863976901 64.412225200511187
v -516.06271105684277 -143.57245814498194 57.082423047254089
v -532.09566043656991 -95.982069718684002 34.702148514322445
v -543.04834896839657 -159.1656499936737 83.267374496527481
v -540.931945525841 -158.47201515825714 85.049450333739657
v -541.51533308942919 -125.15981727095887 41.390056502738652
v -546.16293949158921 -183.10038731691225 100.90216283814254
v -529.2237290061264 -193.90169916260845 87.203903462967745
v -534.38552942908518 -90.236344687217453 33.337035211501231
v -531.50588485409196 -101.86506050734079 18.848326410607264
v -548.10061231246664 -184.03814210268692 99.419388564512388
v -530.42708131019629 -194.55585767477544 82.048774094633146
v -539.88406342261396 -163.79447673814167 87.034152561628787
v -520.49752012209387 -155.87516375729896 84.938787022412981
v -549.32433227086312 -185.81639445541157 97.945767503156446
v -550.05373211764913 -188.08536895512052 96.132997763074144
v -537.16020162470966 -108.5968608420409 48.049012864176092
v -543.05686691899177 -171.41604569087465 71.187282118632126
v -552.38779184217242 -186.16808404615998 91.679230709738334
v -563.74048387587914 -136.943052651892 63.37685125596871
v -540.03059260731891 -118.51388749608171 44.405016727734207
v -542.13646266382193 -162.77013914746286 84.839296641962747
v -508.27704086092848 -151.64034261299301 54.902765613508464
v -510.59138178920762 -156.08273309007973 46.27479947808969
v -562.1341188904014 -164.93095284046467 49.258715047547135
v -525.48550135555945 -164.79496378678908 33.937878344985705
v -535.89429196799324 -168.25164959062289 33.012674857859459
v -541.62305538119062 -133.18547820816778 50.342517160799986
v -523.01599814076292 -148.93704849367668 81.260864549722299
v -536.69313004335447 -161.10679131935933 70.995254173182616
v -542.06257178999681 -117.56014403917277 62.09966975162974
v -533.09611054611059 -158.28762913601688 69.245107103448603
v -544.21265424660783 -166.41956373822828 92.126894153516702
v -542.7342375619296 -130.50299679587451 47.746110629801308
v -551.12078413514791 -189.52666799847492 90.700380291589283
v -560.69475786140606 -142.89179703976347 71.710289571809597
v -544.03169008242651 -129.40685494291316 48.026857080635367
v -545.84453941588447 -128.24348021973225 73.343230241102816
v -565.09134508652403 -151.60671918455279 65.401459844306245
v -529.06538724614234 -98.429084011986262 22.732154986842446
v -550.46992385226599 -190.54481633917919 87.7559550092938
v -542.29332726246469 -122.92089812502006 43.469318189407034
v -539.78131874829091 -197.34891985298518 102.00678087554101
v -538.37164128883046 -201.86909203692298 102.80422065978371
v -536.03912549873826 -185.33346009183515 76.067279629675312
v -548.97198474006768 -191.93067953132299 85.851239169716337
v -522.64471333103893 -146.43785136319514 72.235340707568184
v -547.61846206826294 -130.01439512027804 47.860730056221975
v -540.54272907208815 -120.15399677755371 35.743597594323248
v -545.62764604091785 -170.68721087127398 89.827133718093449
v -546.3477473946823 -132.04168346288117 47.859342653081882
v -564.40128880674808 -148.01227033305872 60.990592188014169
v -560.77790709862779 -159.86098808864449 46.670804404091676
v -520.06588250002744 -155.48190099471523 39.842675317431315
v -545.75495230359468 -163.53225775834972 35.392505195469141
v -554.4218271315965 -162.93489698557056 40.102259057210709
v -556.00973988460112 -133.13930632357551 68.790956469342504
v -538.15308173492372 -116.2319660485953 60.315492257268779
v -527.54873240944016 -159.41261160610702 35.200493823008799
v -561.41154007022749 -140.50874110955107 66.258664883344935
v -546.88361247214812 -193.97681993655965 85.233383257454193
v -536.68009844146627 -162.10830325900994 33.724396565361261
v -564.27360751148956 -154.43805241049878 54.147342238249514
v -530.83418904547398 -165.94109840022853 67.630147550578769
v -534.61271453137749 -206.37402926938034 93.430378429437638
v -527.37993787595838 -205.76626043621698 88.965499823542373
v -529.52199235679029 -206.80723139077071 89.219310695591844
v -521.96411964620881 -201.54364935039374 90.803182422591675
v -537.4033749542275 -91.21599420415825 36.651292190318657
v -540.15300649844096 -161.43447284657265 89.982506784430768
v -535.16966637714825 -90.773100710090802 34.834493535561435
v -509.66143074989816 -148.75321963173474 67.350474728777556
v -545.52062852739755 -192.41316650339763 101.96683995612293
v -514.41263489641165 -151.61991934155282 79.628500767225574
v -546.28369774920623 -118.75564108406302 60.283607506627391
v -534.5104945007887 -155.48506722761775 72.371485323299041
v -541.37767890771238 -159.18387310685168 86.72613398275216
v -561.47292332221127 -161.03473440252179 50.46920622634827
v -543.18368756485154 -180.96428698616765 97.108468882698219
v -537.76700600554364 -155.19509247780272 81.749475130014844
v -543.97644752892131 -194.94695123442213 103.50523727568878
v -541.88831127354842 -194.50214981069706 105.71593714059776
v -529.30109447997802 -185.47124844619782 104.39424052990027
v -545.73755387544747 -180.91770054009586 95.545958944506552
v -544.06358166514303 -201.04250394644021 91.297637687365651
v -545.78701291546122 -199.10954064550356 96.579734459294642
v -545.08032874613832 -198.94016995647362 99.793605758450951
v -542.31017497321034 -202.08970917235973 89.536320874680143
v -540.62151230717927 -121.45688891535862 67.904465090764418
v -520.50067724299402 -117.66176008126993 30.191923032539471
v -532.07146424752523 -193.20001068239196 105.35979870300233
v -548.26647322278154 -129.06587572092997 48.831395866717372
v -536.01551702064046 -91.66733427585612 33.941476159070483
v -533.88278288675792 -193.71206852950095 105.36763239664731
v -540.71456689347872 -122.8037562951003 64.591896004697261
v -537.43120385844895 -119.87868793797351 59.18637795176371
v -544.85920280808875 -121.0118945450516 58.150577259173588
v -543.60273642289201 -132.37204409234951 50.94157331110496
v -535.65583711895476 -195.40004325296692 105.28032466564399
v -534.17100760137021 -195.4719478716394 105.91908409727762
v -554.21997494873472 -102.35467221710087 30.330361094301914
v -518.17430579600523 -142.66371898807472 66.186360871542789
v -537.23585454151055 -168.17277612070336 94.448734887928282
v -566.73919060886612 -145.70648943612716 57.260751935707283
v -531.44000983313811 -93.981256395969382 28.890541550721274
v -561.18917946285205 -156.34478155269727 42.527726972454268
v -565.35779373083381 -152.23547812602965 49.303582093241566
v -553.82306818546613 -159.27716046062719 36.140726084222926
v -527.28677298711364 -154.26828774587631 34.204415528833231
v -546.20204958565 -159.96111674310103 32.66855019958885
v -564.79892911180741 -139.12976166684675 62.097703708516583
v -544.16498080504914 -191.45703794171823 97.039539674752888
v -547.90259620723214 -180.18102595628849 99.05144244397988
v -525.25018013781323 -191.10238872827 98.934928233248641
v -535.77844787679385 -157.6515575134971 31.696321562781684
v -539.66828214408793 -158.95084423935225 79.232476113773203
v -529.61840959222343 -150.70393988771571 76.333775321585009
v -523.79643565223114 -193.65785726362679 100.10427301994665
v -529.24348977495083 -116.36047938185958 49.368713732784251
v -541.54031157024178 -160.62619547940591 80.461620835486386
v -532.993905440503 -186.46532250258153 82.503326594863736
v -522.59717208603877 -107.63962200222066 39.646805358547724
v -548.97540953047758 -128.17557707431226 49.469857731513677
v -541.60751054003367 -157.94749449414203 82.626482747029584
v -540.25668481123898 -114.50333813974305 53.217851324122897
v -539.55017055166752 -156.10509214599765 81.52723499466893
v -553.71819097191189 -182.37928095013996 86.472011940587691
v -542.44118535007374 -122.48571635194949 64.85808257567416
v -534.4528292081194 -160.89829088019547 30.827824772363968
v -534.18726264804718 -114.23567037862819 48.473433560587054
v -536.07925442024271 -115.77557771583746 51.585161264332058
v -531.14409315619594 -198.1015508496132 107.81285091418341
v -527.28139310578206 -149.78896311428375 77.064245211420797
v -566.59390457555173 -157.24616165348755 52.26706224642659
v -544.9239415443692 -200.81347273263498 94.364188921455536
v -543.72164237167385 -189.66679373638675 84.358119528413454
v -516.92090594479339 -146.31570151628614 47.644534465595775
v -542.37588727649199 -194.56816948073919 88.379141802646544
v -545.90746791196284 -180.64876686713919 100.37920412372191
v -522.63811214842178 -144.13338357077814 74.556202500925252
v -559.50706266508246 -130.95685172189837 66.343497940147245
v -535.96062012117739 -156.89906799632922 81.445397366544498
v -542.69043793154549 -188.08386387683089 82.272219783950774
v -533.7677266424181 -165.38305083949831 67.233465312879346
v -544.35812307969718 -162.14161040685755 86.857122699000158
v -545.9179219229685 -194.92301444350102 100.65607465222837
v -530.02472995225446 -113.05593721918318 46.599471457076646
v -520.46534371791745 -150.16479859453014 39.846801298144896
v -541.11618503766817 -187.4489006022736 81.364809980018634
v -531.92246555296765 -113.54910648439632 47.834179389906012
v -542.66769871890722 -192.08279588700447 99.165684332910814
v -531.91790550392705 -176.22120276212848 74.612517359461833
v -538.57445442761355 -158.28917545862953 80.587290522107111
v -538.08292954778597 -116.41561046328431 50.269076367666656
v -539.97253320627635 -101.85487309711728 43.445440468683898
v -544.9620312374326 -167.05356773781827 79.417636915471974
v -539.3040212693212 -187.70673439066616 81.465035942731191
v -533.55983137399903 -168.89336444682471 91.154413294123529
v -515.86862703998065 -154.9531549580289 39.382545432506021
v -531.10784459016088 -148.03188978109111 74.882158977399627
v -539.53703080980586 -194.87339971216417 102.49011154305293
v -539.22449196091213 -166.89531329764259 89.269271664927714
v -538.16193681612253 -128.08507708751529 39.902453457106056
v -540.92478629263428 -158.22808422464948 84.790908260263976
v -534.87595688796125 -154.62124092910949 84.703313875620481
v -536.01830270916525 -206.41659209655822 95.000282948906374
v -539.24648862759091 -166.74607034024234 93.587309913931975
v -538.26997452321473 -178.14795007827823 97.280696716534891
v -537.80591757411219 -175.82192982459898 95.71563285967099
v -533.31299312216993 -93.930272689776984 36.557925822827848
v -542.53173934716199 -197.62093088623857 104.92803002422971
v -536.3796985246837 -157.82113049715011 82.407135496184068
v -534.53957075497499 -97.232064185656313 38.180215877968976
v -529.90170283496047 -117.50650771721627 27.876139410663924
v -534.57258978932464 -123.98859383157517 31.683842812027876
v -538.80566564050628 -160.79659335660733 30.957451876936254
v -534.5223126485248 -115.63469035682103 51.854971845713763
v -539.69602961270448 -160.40403277417414 84.130651812857735
v -533.03595282788922 -178.80281257438921 100.77557907097714
v -531.40476953172106 -152.23332970104912 77.331966860036943
v -545.72902440698863 -158.07066231168227 33.182063590105834
v -517.6562750329789 -143.56012571814671 56.133959405064346
v -526.17913963095225 -147.98342089989782 79.599145945673342
v -519.15642529566958 -142.66473513031539 64.188183965017913
v -528.99660405287318 -153.49725927318008 34.599294976119054
v -527.36422224773526 -149.0103646295922 80.803823239926032
v -536.44390480842867 -156.72062959054531 32.207003413549693
v -555.33873147822396 -157.25083152532068 37.690158500281541
v -541.79130411389485 -124.43645640973894 41.458608813462874
v -525.49427731587889 -151.59405819086518 83.323639620442776
v -522.80741278927258 -150.12556942754776 39.162841625941539
v -545.4112032216434 -167.36490681071254 81.191229817946947
v -544.44561684882228 -164.08714845990025 31.956409435141133
v -541.40083604084134 -111.02336388976896 19.004239100672699
v -523.08932801926744 -154.49276671979382 84.701883018616428
v -537.01051021618525 -163.16883368211765 70.833870353098121
v -548.27229791970797 -170.48131446924017 92.688197535826447
v -544.07975144217812 -163.55206922964786 89.856073520814505
v -533.11586176611263 -153.2014270274326 76.003998797991017
v -536.16453180159817 -155.87239169012989 77.546157923610423
v -533.70169285521206 -154.25371484428084 78.564127066271183
v -536.66449192655341 -172.31043437412976 93.480565627608797
v -532.95309103639897 -153.19277454891784 83.737614407887776
v -525.04380236156169 -113.98810020849768 25.523125233402823
v -548.78467632209401 -192.53993290601497 95.769471146079923
v -538.74381848946621 -163.51083959295056 68.470305175458321
v -539.01369582538598 -162.96567897057454 30.861575526054828
v -561.81781454277882 -164.16821769173441 45.527131001912338
v -541.70675303607186 -104.2949238511998 16.674570472649471
v -538.68880277164192 -176.65077039259413 100.39862618673504
v -540.23378635266738 -160.37218121050782 83.512847835442997
v -561.82092025797147 -139.6412363359546 60.967690311871969
v -526.32350738273703 -160.22342670670693 62.126151963934767
v -517.34221304434482 -150.06223486984521 80.989736294753726
v -538.74672958513611 -166.2842893225951 35.118397418244086
v -516.16723986964439 -153.55571006813611 39.631701059469535
v -541.99567221704672 -125.89516946315497 42.551625578154727
v -527.84286905645081 -103.84247109261412 25.723126181822089
v -542.70698684469687 -159.30594485892743 84.349587253144733
v -537.54111435901359 -154.3790331875509 73.236308194372967
v -549.49720974088405 -100.61844296298356 38.008080461163132
v -544.41947656779826 -181.00171687959335 96.64935622152106
v -516.3429464370646 -150.2171880082465 47.294776865384897
v -564.44652387866756 -147.09726842641442 59.370693505861482
v -545.75369710887514 -161.91031531811001 35.215758055523779
v -553.44698217028792 -161.59299333932867 39.008252400461359
v -556.66813060081984 -132.50424139165233 67.234869336259237
v -560.38628730448067 -158.3973606595622 45.590171954000823
v -520.47496374486389 -153.63025258980792 40.643177148871821
v -536.27791703260868 -160.23538028796648 33.843763637826783
v -563.99096881223522 -153.52116879113549 52.651116900677167
v -561.83088871972643 -139.83729533602471 64.574447531310199
v -527.25487852950857 -157.42576064391835 35.747210899558368
v -532.00212471027635 -152.66437177530614 71.93674328942285
v -536.02186436712566 -161.36429647980555 67.356987198624452
v -533.33422636820012 -153.40656891406857 74.227377577357302
v -543.03616551353309 -153.07407733069451 36.697520010466192
v -531.42064683005867 -176.7927165299574 73.426173803515866
v -534.07705601081045 -163.18332103538523 33.934060021469534
v -540.29688922890261 -156.25995988937811 79.185612643597381
v -529.91655645581341 -187.13804296257766 100.37029638592024
v -525.35140425090219 -104.95308294089084 40.678289926172837
v -539.22233038681463 -156.32172123234142 82.254454109045255
v -537.66157278865398 -154.48593615657626 80.622274711533535
v -536.67516488726676 -153.40933545022088 78.528244344604687
v -537.10755332076678 -153.4223717572161 77.510900125926057
v -547.46101562004071 -175.64191701367849 80.595088138708022
v -536.33096250962876 -154.11853345557137 81.367395514845214
v -521.03032949092824 -149.19256446825625 40.834859774091996
v -541.87251478269229 -126.5242019794689 42.536642886907828
v -532.26790651659633 -188.54399137796622 79.049124017680711
v -542.70316140211594 -179.0733315614801 100.89902208511916
v -537.9085650434796 -116.50090622302125 51.917166012802809
v -528.90417344155412 -156.65457334247597 35.764694353305487
v -533.07633541288146 -155.7623265692277 81.782266846154727
v -533.95501605084678 -155.26637486499416 80.466598100910829
v -534.86068961220099 -156.69628224048236 81.770560428477921
v -523.28185650633009 -147.19305478743618 79.67214208728484
v -533.69553899043456 -154.76850672517264 79.406386736497609
v -561.87594384839224 -162.53742024135909 43.828285988012468
v -535.15095599263748 -152.50153337523986 79.693204241345683
v -539.22136706140077 -165.02971791685223 31.255350609516402
v -537.14378192144704 -155.14855135489617 82.974690291410937
v -538.63188396905889 -156.83677284501715 84.199711261384891
v -526.06224797759933 -158.1909808906284 62.359025006144194
v -513.83455630910726 -151.14977160649761 43.617835861985753
v -528.97148620001781 -154.8854332950983 85.917654659560853
v -528.71037008337271 -158.57165846932054 88.102982985406982
v -530.98429355872599 -152.8999608035497 79.073038719607112
v -531.78342197667985 -153.19991402865278 78.533158564357564
v -530.53720578179946 -150.92571162084806 74.861469015559521
v -533.78618715869368 -150.99180422866297 77.602074849707236
v -531.24116998330692 -149.00339532890735 77.609070108638747
v -540.41624213878288 -127.07158623031246 41.207334982332831
v -542.0783966876287 -159.1676708480733 85.345048833179192
v -529.95583250341758 -153.33830023426128 80.252522199232118
v -530.88272328774451 -151.7553971633298 82.742297441834737
v -531.02745691623477 -153.66108868559968 79.880186941821151
v -565.42278171468433 -140.50043086167841 63.423082223028644
v -533.51720954455197 -150.93568202005855 78.662306062667128
v -529.99073216037641 -166.69950679098085 67.55385090808069
v -540.32089732353711 -157.31790614195745 83.254641011433506
v -544.5082194508841 -162.82631322890785 31.806805768673833
v -543.15512767951873 -195.78581025493327 95.012258947278312
v -526.26240891312204 -191.42097460401072 90.591357113710146
v -528.95277512330415 -191.04246226222563 87.176694609522144
v -533.03792157465239 -119.05090328997011 60.355913633473648
v -548.98704630648513 -109.20299469081277 26.167034094256501
v -564.65733929191288 -160.98895536857066 48.876463314827845
v -527.70256419130794 -188.35041504526225 89.372409088396282
v -532.46218938321886 -186.12453567386427 77.851614430889171
v -535.46120990533177 -155.26047598247874 75.443274535076938
v -563.10555889888758 -135.99978313294363 62.262918255248117
v -545.49150640412142 -198.46954391009493 89.924734390471201
v -533.18946003426197 -149.76877077192492 73.55221201155392
v -553.80363816482372 -181.44395996898703 89.408318363215272
v -551.97146019259333 -101.19095283588454 32.378557274619908
v -542.14956597844127 -169.25240642786017 90.798556778152886
v -515.46589810673072 -148.2005463737423 45.380892510754208
v -536.67988182199792 -154.89887157640899 70.638175388837453
v -548.14423541368205 -175.23505595601895 82.242472252058704
v -537.83056815216651 -127.39461557813034 67.15241073122418
v -532.4783803387561 -188.10398448996654 102.37726644317499
v -531.46341747550593 -187.16324235303188 101.33960411140455
v -533.24322050338014 -114.52808314805546 49.754652907854449
v -521.1634849466609 -145.2648987674097 77.415689863419757
v -524.92150365468331 -160.36493900347921 86.158153298010816
v -524.04651488127274 -158.84466263484279 87.242506075655697
v -540.75606453700402 -131.05225854605206 40.455387877655568
v -522.13851233042465 -146.46918865717285 79.214801564674019
v -548.0803510514761 -111.69070716742317 24.136238874587065
v -537.24607360232926 -153.58759484807698 74.99794765655777
v -538.83127333637822 -154.97867371393113 75.960684454615716
v -536.93493612501311 -153.36042616526561 76.251290189279146
v -527.17094607409615 -150.44206065121546 81.990334832852824
v -540.66892970460356 -160.4346727519185 82.775000516573044
v -527.68476740436233 -146.54529976481098 63.799927049381147
v -526.70737864744308 -192.96402834808208 89.51022873765919
v -533.99372683842159 -187.40892136159528 82.30471294468542
v -533.71416691541413 -156.87943629884646 70.178257619805876
v -543.69754550873631 -176.20586009700622 76.539551074905077
v -551.61879715997509 -173.80024863915051 87.426870268687097
v -522.60706973212598 -117.21347019427952 34.427763852928166
v -534.57902369519718 -151.66900594899124 71.56570569339091
v -534.44156846866213 -152.6125089562353 80.568408697344324
v -525.54218911277076 -160.8953893270633 85.468003594311938
v -532.08284429015509 -150.54886788388325 79.275619485671598
v -531.18564516484582 -150.29579896871553 80.112679572596221
v -537.90653867653839 -205.32141377761278 100.23166786207145
v -526.33334436996461 -158.29685967067513 83.508029146837117
v -550.92557512199733 -109.70148547458695 28.264679985349638
v -540.57884054585054 -157.02629332006984 82.076858870849236
v -534.59777703520842 -153.06184077411427 81.708543791270372
v -532.80007151144855 -151.61070858322032 80.888174613658322
v -533.52847408202933 -153.20887345195138 82.315961057883612
v -535.46913460418182 -151.91003944317512 74.254447822690537
v -526.90030407561892 -145.58327518840917 64.807321614924575
v -537.05535128372628 -179.69717857083188 97.86515433011914
v -543.97728291356236 -161.52623973039198 31.714769047499534
v -538.847158511266 -115.38765721603363 21.495508218204911
v -521.85602835315342 -152.77295518079811 40.72755199002502
v -528.63913345315427 -148.9571292157157 79.67737055204384
v -541.37198848836942 -121.89312952247661 41.733294486481356
v -549.86781596654475 -191.8122713933592 92.151633779523678
v -526.00798576134491 -148.79697147669572 76.588191826011624
v -534.59581639497435 -164.48725972933272 34.369524235374961
v -530.52972291991841 -156.36926802331035 52.062079667430147
v -539.78191474744983 -157.65439400163712 84.624580797562345
v -564.39959358035946 -159.10733045475683 46.742953059672274
v -540.72340579350418 -120.62492388624338 41.12145916668549
v -543.38803044585165 -188.64475120506296 82.906078809270667
v -539.03428410704066 -156.68831778977287 83.882799275837442
v -540.40655082077751 -157.2149978561693 82.587725591411811
v -540.41240729134665 -170.7258500786148 91.901035187923668
v -538.86278938902092 -155.37117046549295 79.880911577849716
v -520.28896970293863 -154.21219211489426 80.634967878654663
v -528.37401212035411 -165.55452360331114 70.140985219472455
v -550.45757011865044 -123.32432930973204 68.048455275428552
v -544.94366388335095 -121.11461873384022 56.040793658237568
v -539.46974924549647 -117.3874917554927 47.779193443131682
v -564.87485729425066 -144.86450347506562 53.695779658963104
v -541.87954216826654 -188.24792672154607 81.909287663393826
v -517.94938400713534 -155.90516578033504 41.318926498525336
v -524.25067780190818 -193.78482308321807 101.45757633940647
v -515.56974121629355 -152.36217678360219 79.541881432563684
v -518.87262406719572 -151.71144659509383 79.070782387288361
v -515.28849504012317 -153.71215696238411 45.034286667669107
v -539.01344484634706 -183.48206669279074 74.668806959206009
v -542.87011336129137 -111.16144846801245 21.540139504477878
v -529.80894432099842 -106.51862161077828 22.769979768839931
v -544.49521778299595 -167.61023148573943 77.507572892326849
v -533.48407105900412 -102.94491951228468 17.405902059051265
v -512.85096141481392 -151.1606036548728 77.235949003523018
v -540.28799047225152 -186.94319188911066 80.811007096028263
v -520.63614140201935 -156.40401009306564 84.120344322222579
v -543.30798122219267 -124.45890493468409 44.68436310589793
v -527.02751093061818 -182.53126095046704 99.407059380201332
v -536.8410004135693 -154.57915469244588 33.826653306073624
v -534.20886633411919 -185.36556323942781 81.209502314464942
v -523.16772776723633 -152.31397159472664 40.750682508249639
v -533.19535726054335 -183.37192440663773 104.24294269023659
v -539.79806588196982 -128.23002693878723 41.87243432354839
v -539.08493580155073 -124.24851296677011 69.560757135925854
v -538.58979712747509 -186.934318434842 80.96007054177872
v -520.88302183208032 -144.87654092320886 76.458273968784297
v -540.57706728932692 -121.52034902414063 39.353675430767296
v -523.88217076998126 -148.93424090092859 77.518111671660691
v -535.38907702566007 -178.11881853081786 73.378596504012833
v -524.33086297702471 -110.32563457009681 26.487314944676683
v -563.24856073429385 -136.37282852565477 65.756254211736774
v -550.82061670177018 -106.68312200055325 21.224596706311573
v -534.01411879627597 -162.37237886176808 30.844187228686636
v -525.01532816705981 -148.8418797772963 77.027345496486845
v -524.5151838992889 -145.88106552686466 77.999401686648483
v -541.70755473871463 -122.794952829379 41.559608552192884
v -530.67801265040475 -187.32963868431409 79.566950829530342
v -528.44113708781515 -147.62404068519541 77.846887957809642
v -524.87615659604205 -147.82554455257457 43.247143406405982
v -538.32449374170062 -176.57068696680091 75.962623003126609
v -539.97532617120328 -157.38357654961746 84.099407349739565
v -511.9883878260448 -154.40116918013931 44.363989965402823
v -520.7837066659099 -111.03824578038606 41.729432356595169
v -547.61394096988863 -184.40362056032777 93.504597573131065
v -532.69754064623828 -175.83893984613928 98.159463918346717
v -518.24306975169088 -145.43887827861673 65.263276198301369
v -537.0439842510408 -158.55695268152891 34.408409092665778
v -557.16858182476972 -132.34515169543792 65.609582308668593
v -516.44588166958556 -146.59308368718422 56.076332676736754
v -545.08586642248417 -160.42251371750234 35.198751295190434
v -563.32406394106306 -151.46542671419576 51.826484661834492
v -550.94265871391963 -126.06128036143106 65.412098846388517
v -553.69667219990572 -159.55199367737711 39.308849120907368
v -561.83029931107342 -139.33332690691159 62.599547827387752
v -518.20619743948885 -149.21033069761515 47.429649041052329
v -559.61528184180872 -156.86043794811562 44.775587214399266
v -563.7378747580392 -145.05275603677137 58.226301816654789
v -558.86500683773988 -131.43105743377836 59.601379543389307
v -542.17112734226851 -121.93749667181336 43.694674119245178
v -523.25189510197981 -114.11642301323403 40.560182105850529
v -516.87665528959349 -151.37449126475812 45.314355497090446
v -536.11768585030552 -155.02093528355115 83.240482788920843
v -519.63390472834374 -150.00524677106486 81.347615981200477
v -546.59652609485386 -176.32491352396096 79.173510674405279
v -523.49856211017925 -145.11005693409453 77.574550406735739
v -534.90147925027736 -157.18010980972144 82.676995707535582
v -544.68198825583158 -129.35541284206118 49.061203064348142
v -538.55176692506939 -160.01567629070894 84.466453430297221
v -529.07237475333875 -152.36628510521697 83.482663200356711
v -558.98000879952667 -163.59339280554892 47.192809048444119
v -542.86797864509094 -96.651610998280375 38.786661352889681
v -541.28532179970591 -196.78811593937905 89.734710043052388
v -532.30981002618591 -198.36231804373415 87.409797843173536
v -544.14290033247346 -156.67675491394039 33.488945858607842
v -521.02965786335574 -142.8114360060807 65.478137758055652
v -536.73521272035168 -155.59835097542162 32.927005618349327
v -563.98216137935333 -138.159141322918 60.191867613689013
v -565.69197232359375 -145.1056830465289 54.911707787022735
v -518.43607251362721 -145.70135775146585 48.299578725972317
v -522.40810801429154 -148.62619355757312 41.442865167019121
v -560.06402648417281 -155.07383764203726 41.936443630900165
v -553.08044583174012 -156.63120575237176 36.753632475905206
v -553.89807596384207 -124.68023648540331 64.35869998955053
v -559.59492624433699 -130.79490148092881 63.650986302158934
v -519.16661272500744 -143.33006139071989 57.47486082939912
v -566.95424826022293 -148.6596530970632 62.696637708848996
v -549.15752742847621 -125.54112553420119 71.353413251504037
v -563.47176139478108 -161.33405352799005 46.372227840720441
v -548.91826015626418 -165.59695316513938 33.975695865617482
v -567.12415340616189 -155.51507924501016 55.345041862417048
v -557.03890395394615 -132.59504980779633 71.843354883641638
v -539.72635999553245 -124.79739127564427 65.940917512856458
v -527.37267322579783 -151.81202970817063 62.680106762206925
v -522.16067130150418 -116.5345100224238 35.931795200883187
v -532.31959234725628 -184.99689381841199 82.757691708622019
v -522.43229006713909 -115.1440788142323 37.419181100125996
v -539.67999369508198 -184.31924379589043 79.468667681542541
v -541.82118817584967 -113.33406933651558 22.837896521647529
v -514.24747490651771 -151.94505229470059 77.230374615294238
v -527.3659121927044 -186.55118781291938 94.282543687314927
v -528.08175063650435 -149.33609340239718 80.302050138016583
v -542.31686018727328 -112.25836283047181 20.221349535598073
v -517.64673039908814 -156.88604107739025 41.42901157354143
v -527.30876744001978 -151.28204340316324 78.954868029928875
v -559.49054356343038 -162.57585386492846 46.413190477737857
v -562.12694896189805 -159.64707052068795 49.573450852599422
v -523.62429404585339 -145.78251984747993 78.243301207564855
v -528.03555450791566 -151.35781162987968 78.563323196877832
v -546.42536864121143 -104.23062819581693 38.981514614647409
v -522.94345092485241 -193.34068453749526 87.767059978855286
v -546.46596931416252 -182.42914990744646 80.095207277658716
v -539.46190707279345 -186.5725460956472 80.789356453358693
v -549.56158581351701 -103.02537882833911 35.573048003243429
v -523.43394825369978 -118.35152457522864 32.817878343751943
v -544.35584300245603 -193.60563889995879 93.786099446404961
v -528.2144027597468 -149.64659416746704 81.250112493016402
v -553.06998267063773 -183.34665086453245 84.009855352232904
v -508.29249307760978 -153.59631364463439 59.702051109214544
v -519.30193039877747 -145.41914964573616 63.79159142571514
v -560.91899018209836 -137.85362709126701 61.784075341677806
v -559.78212671514575 -154.96582796925767 45.602275417925803
v -554.02253184994663 -157.98079903307976 39.965312862526616
v -556.53309116671971 -131.35760919260889 64.158067474645989
v -519.62607470311946 -148.84873450182246 47.563982951796888
v -546.01193098245915 -158.79162345302254 36.053342901122626
v -517.76984071357424 -146.38755055006681 55.914376126640832
v -535.67070039990767 -130.38954762072942 40.781528278985206
v -518.51773448174424 -149.12955929218745 75.749736612612082
v -543.7695695796474 -168.69456314976071 75.973877969381022
v -541.66849604237007 -190.32104093181812 78.299365461097096
v -531.4686422921792 -186.20585064753337 105.72418357827974
v -526.83058912784907 -185.87317103077277 103.08445786877812
v -525.25290716320046 -147.3253010042493 79.258580958126942
v -531.59735893531592 -157.59061537166016 88.050014693566865
v -542.95849398384632 -125.09289285900664 44.106179718390734
v -542.17515443845764 -176.45363156468881 75.921659685871134
v -538.88845651809208 -189.93796593322722 77.9145379948705
v -516.2723647252111 -152.05697104063148 45.059551845662469
v -559.56388972497416 -161.26743425452887 45.142274862198548
v -518.27824032917351 -154.85640949783794 41.326393932216916
v -562.45709794185245 -142.794144551871 65.57071742721908
v -533.03056885264527 -203.16651039329895 90.073770856465998
v -510.25199829138819 -152.59407784966959 59.679382467881503
v -547.74820116267756 -114.45242385554732 28.310303102367165
v -537.8778472887285 -189.24443277578158 82.279951867343783
v -525.44449238805385 -150.76787001895443 43.233761167460145
v -562.79202385726683 -141.47508822644261 63.117670355981097
v -522.63003313085346 -154.44116878718853 38.883446271395698
v -521.1646914139651 -151.6037755125854 42.272975264856441
v -540.03985883034284 -158.48451818149479 87.409408090907533
v -531.10796289059067 -197.91603256283963 87.450174057468658
v -541.18334414620256 -122.17770508557436 40.528568545440855
v -545.33205132092394 -128.81791337853628 42.516369024420825
v -520.52500999890469 -148.35299827404901 80.479798116689153
v -540.22767539475399 -202.31742049562956 104.09014970196527
v -525.7867279429006 -149.16468401006114 81.066387593352971
v -524.32667469544879 -146.66718110860063 78.918015970580456
v -536.0621715994771 -176.40209274696542 76.234705617512375
v -545.49522045301785 -172.61185797358928 73.205555513029367
v -550.2596960588354 -191.05810532995045 89.908039745368214
v -522.50446549188325 -146.21115275923847 63.254448313604883
v -526.7529706867615 -148.55293671555609 80.482956084371253
v -525.53046756481399 -147.63808088748397 79.841221773261651
v -523.0722676462359 -145.8860231996606 78.622343024972466
v -543.3075781845514 -123.82789338446474 45.232711549392135
v -509.70009852877797 -154.12100731599423 59.642014058190135
v -542.03524773078129 -98.229826368990473 41.374989334165093
v -557.22327633891848 -153.57035279504061 44.461776954942295
v -532.8066561400733 -191.71333490782973 84.614054465809119
v -539.52974208481282 -103.6500953243289 14.922082704123483
v -530.20142174379203 -150.47409380335779 38.57179927565366
v -540.70465290225332 -115.19490012891055 21.89708462831257
v -541.16933254372907 -172.42380501268508 70.550545447883238
v -538.20555589362039 -193.63896254739507 84.891595462975118
v -517.48597600735661 -150.68961221150857 45.47404459542539
v -562.80463483811445 -141.86219034002667 63.981292706790946
v -547.3357201209094 -119.39652829993054 57.971177616779634
v -551.53120757638192 -153.98368065161173 37.913783361293881
v -544.45839642347289 -131.678825201743 44.98168530729761
v -527.2132277178556 -152.67328143366791 58.322489404410781
v -550.22967847537211 -180.01140467937205 88.21362522514822
v -532.69082855739293 -98.156935344044854 19.915640034237015
v -520.43955729857453 -145.76064274153526 47.942457841503959
v -521.92133064463837 -143.11328538552792 63.855909569476331
v -520.15090443029874 -152.40926589493444 41.811607347037636
v -531.78787363458002 -151.9426297822657 81.640868811280924
v -538.31968836307988 -115.27686216429413 23.135477811929256
v -548.51331357962999 -113.97988790590892 33.431467335380475
v -556.70466105357752 -132.35795000732537 61.151936259794304
v -537.8474734010714 -164.97193395897381 92.305473621901285
v -522.50894336661315 -114.88579316267901 39.110570515620779
v -529.09405921016071 -155.55563410469784 36.44820544462474
v -524.35101961901307 -119.59472007163154 31.783753211097569
v -514.27977816663122 -143.75637323282908 66.209707869192755
v -533.37639951415736 -118.86198797697941 27.788314363568766
v -554.72371098849578 -126.11622235987912 60.389045235052762
v -529.98296559489961 -97.691355218934035 33.468259339453866
v -535.45937038812917 -151.96417669699446 76.913683175958653
v -548.21943111180997 -131.12538042131746 49.812046590909432
v -536.54717781467878 -155.87714481025338 85.602435505337937
v -522.95580320233728 -147.14088592853355 74.647936390458355
v -551.75648303797925 -126.58635848300908 61.482334730395088
v -511.31908105499599 -145.94030058996785 66.074303377701739
v -566.4489131736766 -149.07260838979261 63.976552089406866
v -546.85208118970752 -167.00281470275155 33.876141685090076
v -547.79726578060934 -125.75871046516615 71.866894274547931
v -536.4132167873455 -165.29123625419382 31.422159576859496
v -517.5801455328633 -157.0591007398389 37.599411912019164
v -520.22819309943725 -152.83211341542511 37.517325163148854
v -563.25916411245578 -162.55674914898097 47.23283714784526
v -566.59969078462041 -157.30155022336766 55.52841769920925
v -509.71289774544272 -148.21791592349365 55.50341367957251
v -555.7939264237425 -166.29150182320888 39.09375458019862
v -555.9406670359034 -132.71947490596449 72.65091827339792
v -548.86903986585071 -130.44767853947059 50.674639155004073
v -533.54435153926534 -104.77701166375105 19.556107260088972
v -529.04416154840328 -197.4938229763751 110.33295053437195
v -519.10256419574182 -153.30151281593157 41.623296337135599
v -541.76892154831751 -169.36404627630648 90.723577912500147
v -535.96939543038889 -176.0833475942041 99.769137574828378
v -539.0217296913595 -171.96276748658869 92.992068728868858
v -549.8652871533385 -172.03093352825471 91.662088711801545
v -545.28174611286522 -176.54781040922094 77.755808863576974
v -562.30006519850747 -138.20790454192471 56.651237246458486
v -541.30191419591461 -181.48510614723335 77.814176686233566
v -542.36011349686817 -189.64005026358984 83.459151546799063
v -550.18385925748782 -98.248313789914846 35.143288787963016
v -542.68457837735775 -168.91104956934385 74.641327862488382
v -536.25462987906576 -100.30468435040024 42.78960414416585
v -540.61313537621277 -199.66318895743615 93.111498718579966
v -528.52419445356202 -97.432848233669603 24.724779597057022
v -527.9257102195819 -152.13635232660224 35.990955913833417
v -544.64670258736396 -182.51404747185197 78.959191573882165
v -528.97951018683466 -154.10294953158115 66.111670784822408
v -543.08444159317492 -182.12802176614167 78.251748059495327
v -518.85865122906546 -154.76186294830921 83.248374878488448
v -542.78577836630575 -113.83505160661883 21.611314538132177
v -512.00805155910734 -156.66501593632361 43.655565265979973
v -552.27237284306023 -104.02977398951842 28.391130251097387
v -541.95238534364773 -161.82432000197451 71.461345948345283
v -539.15990255462009 -103.22027637728969 42.534748426108699
v -537.17365181472576 -102.19319383557385 42.262106320065556
v -537.41435808392862 -100.93745827172177 43.297671575252195
v -521.55943155235229 -147.33827808297394 75.013644478226482
v -527.35687905599821 -153.87518540242178 58.222534009979
v -535.78822020382313 -153.29863273857623 34.993733130443076
v -531.7489507251579 -117.77621184660404 27.409422620566929
v -537.83042714388159 -203.15627656683938 86.697333770915009
v -545.80524973843058 -189.94857511054352 87.900485491412866
v -527.65126674499606 -153.36206315917619 62.643038064892224
v -534.61497262131604 -154.51173409951062 76.792435882442859
v -546.74351864038033 -186.33842837017335 100.8435529177147
v -540.81737143337443 -119.95723790604769 43.127647863078622
v -518.62244022139691 -145.77093592486005 76.859654009617842
v -531.43460591501798 -97.476017931629144 19.191663381109677
v -564.32013318004101 -151.17811707803827 48.249557037901027
v -540.92903779824508 -122.4435906118772 40.031497556314726
v -536.65901816543067 -166.08935754836389 89.030337949942123
v -561.15736739113481 -148.42642181647486 47.106892019781654
v -541.75117328387694 -164.71785100260044 87.453651464377373
v -552.02701269197723 -127.52281071737053 59.935379138584175
v -548.42750159672062 -187.55737467643939 98.913265202913578
v -552.3515433700984 -105.90101569932895 23.036472052270689
v -528.79248024443962 -159.47379119079613 55.864007831326909
v -536.82815227419076 -157.02636238890469 35.266434736709371
v -523.23507966500858 -151.39038508400174 41.975059499729056
v -562.99268529185667 -145.10325154016513 56.207442954886048
v -551.66254950841176 -126.28597401503916 63.61823691930617
v -562.20146216878868 -151.10519410813279 50.29232603377308
v -527.72360939461907 -193.74445678757229 88.364574358417187
v -532.87558454169778 -190.99626489726887 104.16767351447271
v -533.227164533115 -96.540381360741009 36.653313371112766
v -533.17137846894718 -93.553829476068984 32.961913055563997
v -523.36769168173896 -151.81403549856083 83.101031423699581
v -535.86212263008849 -179.33438497862102 97.402605158526569
v -531.64762098214294 -93.550270167497814 25.655835531742433
v -544.57374480424494 -192.63001759168034 89.963237611988319
v -544.30301163018964 -126.19622116554575 37.865294251746818
v -534.21919032192216 -159.09957689162565 51.847485093251898
v -543.15381506069014 -173.66908906626995 93.671636681006575
v -519.85528157348392 -148.37204103530718 75.902220427126736
v -548.50233118347319 -168.50570380288502 80.073923154328355
v -545.59615889429699 -185.74392325780519 101.7693655523488
v -518.29126446099076 -152.05941878937131 82.381603125810329
v -527.28606580156736 -154.91091558276412 58.885177702397911
v -531.35086709207701 -151.93867472822805 76.20055366247405
v -531.51608395814947 -154.55031340174452 81.017394522693493
v -536.79223638464373 -161.69347083299942 30.831795191988952
v -550.37684963546621 -124.38427171834235 69.601593049786928
v -546.37152476050323 -108.46259760826878 38.949039888529846
v -512.52210046775031 -145.45555699236667 55.197404748173184
v -558.39417557043191 -131.47844182684395 69.597990905772463
v -519.14728492085806 -153.6546908004139 37.63763231222719
v -537.27791785611237 -157.90648209433806 81.876729994130983
v -545.10555471438454 -171.16876115854598 91.166764398854198
v -556.03810420677985 -162.84965049973064 37.579213918568414
v -524.30857767541715 -150.24710296865609 82.289821557121357
v -532.51282783478462 -184.7017064032909 99.930478216027893
v -544.53326729565629 -201.27248054354067 98.044845176678706
v -545.61269133288215 -189.90166087850969 86.953789880425262
v -533.00197069308433 -201.14813366477253 84.260842561676739
v -521.80281490090397 -147.58743599704215 80.192717133860526
v -535.7238241830197 -208.3943906090322 92.581841991462952
v -540.1443905234654 -204.63781732088518 102.71803766990114
v -539.24077597347809 -207.67976371605221 98.503282293625716
v -531.67836060488639 -207.61823596912811 89.911161108726517
v -540.10602824291254 -206.08857210777984 100.38706289593242
v -519.48755232600786 -196.13778964199935 98.052117672502476
v -540.28723654992962 -95.456953613091883 40.163100260315616
v -519.84093580600222 -145.30241344270726 76.778980097767814
v -546.5356423829727 -106.88867397619255 17.595353980839533
v -539.80298146029668 -191.14426741845443 101.921572268532
v -552.9778339766234 -104.57405384079595 31.627502947543782
v -547.46163024915381 -109.202162999194 37.05924016351409
v -537.24489384754531 -208.33981469975947 94.24365938272237
v -544.62432205078778 -189.25448706086422 84.539002065678105
v -524.27186457029904 -203.77261208657833 92.218533474566598
v -532.81463897188883 -100.50617239060827 40.101533049844946
v -541.55420668833824 -96.47062764081636 40.551237718861593
v -520.92415117493317 -147.83446776098876 75.710505268148921
v -523.0871930191546 -105.90227621803594 32.74439693650001
v -541.17369615159407 -170.50257038172214 92.050992919229031
v -533.15073736417298 -195.03564887315906 81.348612609126604
v -544.82246777246996 -186.50022474960215 81.845751626421219
v -517.40607853453548 -153.41748979179357 82.618778507762002
v -527.56761423986279 -155.10401929537721 62.697691632584565
v -529.22342803131642 -154.33868485345764 37.531303673940101
v -523.85732544758127 -147.06691467872108 74.153937109783968
v -527.28632170504466 -153.22129536936697 84.618216612040726
v -540.48700174905366 -122.67342856695791 38.479431522026417
v -552.17500317461304 -175.18382547902166 86.186275471245793
v -531.59708174171783 -175.26731084322066 96.946531668068104
v -543.94793797587454 -201.80277500441969 99.676968288765408
v -533.4756432344999 -157.76318313662034 50.342478838517096
v -549.56923603157134 -124.73068295270777 70.475772629254564
v -536.16358713122918 -162.94006647133239 30.868817446838904
v -518.38054482960081 -154.71198796921021 37.594857859403533
v -557.46569665171808 -131.53316177711898 70.786373860329917
v -556.17540791419083 -164.00415875973928 38.032209709294172
v -511.27836999828031 -146.30500222356594 55.546391937944378
v -552.61957207482408 -156.72909504065896 39.827499309097504
v -519.153820215275 -146.25606269231375 56.472145960024541
v -519.9952257706434 -148.1105481211693 49.379332343232079
v -557.26668507070667 -132.4458720349441 62.610506403600944
v -531.38831667756017 -178.32543019772081 92.110492980108731
v -521.08639919514974 -145.63555463314279 64.396301058825216
v -558.11768964691476 -154.91932228207477 44.204031500074237
v -544.83474902948706 -157.41118203072926 36.497903797452835
v -523.179808128074 -202.79175253641498 92.92702219608978
v -524.43229806088345 -151.13115572982593 42.334699923402084
v -560.96150905059369 -138.84923978913142 59.818205277826692
v -563.53063085093027 -149.81940257190138 48.18866208832489
v -539.93185661336338 -188.76682478150366 81.946435706563975
v -548.72415706948993 -107.09480120916091 19.251986832963148
v -524.64920195106981 -144.03376503155312 72.16254081877247
v -521.85484752092668 -201.62583636892901 94.30827691175412
v -530.65638540439011 -178.22311132952115 89.693532073103938
v -529.66902031068184 -175.7572353263435 95.252367912544457
v -544.16226279521254 -168.85551164826376 94.576967281911962
v -530.20191797342511 -179.20383910114464 88.070746725608785
v -534.68385911587529 -108.42959851773233 48.521373149558912
v -530.22470337866844 -182.0375579764744 85.547294281170039
v -525.66699102617997 -111.71624922485304 48.184151073454643
v -530.09866373914565 -180.35247337273006 86.596308094731043
v -541.02399959427532 -168.62656540595418 95.042469563560758
v -540.19782632474698 -171.75273433558411 93.303429060305234
v -528.25451159747161 -176.02124432999537 92.967336923015836
v -527.08194862889422 -161.38445706060475 89.212863045376707
v -529.29847360520455 -183.66882594603757 79.702038313234809
v -528.88312586262259 -155.85767948427224 66.045979394453738
v -527.43317662623747 -176.07619268118137 90.33408184341377
v -530.36195985453185 -157.91031003849952 52.339484787439069
v -528.13428160580986 -180.96841914370364 80.813954630841209
v -526.82576250975251 -176.99632336594354 87.773075453228032
v -532.47197352358933 -154.02034174448423 79.616651395340327
v -527.15629130802267 -179.70697825756363 82.957631300307014
v -526.58561679582976 -178.87904724299889 85.345000972602563
v -528.17485058698173 -157.26301539473809 54.994785619733179
v -526.4998095385979 -157.60191922721978 58.862306190643558
v -526.92470731969865 -156.95524518137773 62.532943276754082
v -543.54887873348798 -183.22003942941382 97.61912134800798
v -535.07878496560329 -100.98474216559561 41.312107662026435
v -528.29642640500083 -185.60582039756898 96.052098662188882
v -547.28020784785588 -164.94743966588584 80.183101406838801
v -536.30907334052131 -164.65578726298031 70.611058251637246
v -535.41647785895543 -117.05166903263571 22.185720156495535
v -534.93733162160038 -177.97202220364932 96.006555996913903
v -532.84161800898028 -177.57174859397173 93.942976047078815
v -545.12266645277737 -193.75184465840493 82.888581566049737
v -537.45344211798522 -187.99992883397607 81.863695943036845
v -528.45403481896892 -193.15312602499711 82.752702464557643
v -559.84152127038885 -144.01266689522723 53.576985175410094
v -528.34847628909711 -156.07743811682016 55.001364896947763
v -525.94607364846252 -156.03125831420613 86.138563794145142
v -534.86382062922155 -99.669887503484276 42.200310220446944
v -546.34493881429648 -112.04955710626864 25.477193479623942
v -536.41772612419868 -193.23225316265072 84.476545249279638
v -534.99577076840376 -114.32626667760974 47.36819822765608
v -523.56243728825586 -143.5599982598761 65.059439863110555
v -553.76309787727325 -124.67008413039215 62.094046884707595
v -562.9646214942012 -137.52024895586712 58.605051398531678
v -562.40111978586856 -149.01016419764724 47.601966713154773
v -521.10935216247674 -143.66250281557856 57.341159747878251
v -553.00586284581425 -155.08032835154833 37.663221374478169
v -529.74145215966178 -151.45877822481953 36.829822370738384
v -525.96045548649045 -144.42804341610892 70.935371417704957
v -541.04350711991378 -119.25758512231428 45.916819637482291
v -546.35149882115786 -189.66595787620798 88.813271894859881
v -528.14073882307434 -157.2594889399148 65.633633691690903
v -517.30103660876989 -153.2006164984297 82.863889629573777
v -533.44955814118009 -125.06489745473188 61.409383207328958
v -543.6512520749302 -123.32308825861632 46.199108625300383
v -528.86423417102219 -115.7269209088102 27.90534085655888
v -541.52366035369619 -190.03579186229217 83.252708053598269
v -547.32526259850329 -128.59260294702361 52.606585484262169
v -538.23436668830936 -188.3910019366599 81.785937601747165
v -544.94437508770909 -190.05441863900268 86.264745517555468
v -535.26643663353616 -152.15953954331445 77.895488216954789
v -543.45498211088557 -189.9736819759442 98.5041956853523
v -527.33765392768225 -187.51829279693447 90.855339523883202
v -526.30311446282144 -150.49440618184079 44.432879284116595
v -528.63246957138904 -166.69609435403726 67.651027045903362
v -539.42903604254673 -103.1017078963238 16.431416651131052
v -551.80138435216361 -185.38798816657857 93.885075792687502
v -538.88103507408789 -189.10516187328042 82.271723236130043
v -535.32828514352127 -171.16521958868429 73.447020843247685
v -549.7330219898131 -105.92419044742843 21.989894662836328
v -536.57843353658473 -153.52677942259487 79.825078310245956
v -561.59742460111863 -138.99061363733131 55.10115413428133
v -545.19786569416431 -192.08430485160989 91.22633554049375
v -538.08089043497057 -185.82229634393241 75.94366767481489
v -530.42698145100678 -199.59117061297638 108.60953565719214
v -540.90676324866195 -125.12467532165797 40.006826311282566
v -554.92434424700014 -127.24063930513763 58.839371252946265
v -533.3225414293338 -151.64332713001838 79.913832131571809
v -549.42942938150748 -107.95298679302196 33.495737462834342
v -521.91811731014764 -144.82630443895167 76.6506989856546
v -535.25019120891682 -184.73171366545478 105.2803108541716
v -536.38939710855914 -153.66219422569529 80.434222035524471
v -546.39477110119219 -184.66142478094028 94.982802841899783
v -520.4547170321556 -153.50964693575784 83.645085913502825
v -548.96762703025422 -168.72766297792549 86.85562260019779
v -535.71381540251662 -186.73624050191867 81.372036267137617
v -524.53891277986691 -146.79196104274891 71.428644950041502
v -545.24756414899196 -183.76159217712282 96.309257319941651
v -547.9680043118592 -186.00122533378186 91.129916863580377
v -535.91351961700764 -154.14642793118622 82.383380037381329
v -543.51875013447511 -154.97307183991177 38.779795956314487
v -544.21249822583184 -105.39621719519671 42.799760373037017
v -556.15362067868091 -132.72813693833473 59.642858136623211
v -544.31053548448074 -105.52597750382199 15.862653673237645
v -523.69671288189284 -146.26579714537567 78.878620306597156
v -538.80066250274558 -171.07025445512176 73.224183079156361
v -546.91784028767131 -122.79758451528052 56.707899831609666
v -528.08341611852984 -189.78149465555498 88.288197256734549
v -546.74480142911398 -188.87208988337875 89.154290175233967
v -551.33914751765144 -155.62515405176813 40.08125243143887
v -544.46214266623178 -186.32070562790381 97.438355092024779
v -537.37478490968215 -155.9288540642842 83.720097025152825
v -536.68836782267158 -155.82014691757661 36.323562552640922
v -520.50104060617275 -146.36719407156266 56.85006762601126
v -560.90002649951339 -150.00641390879201 49.635305550478954
v -529.89087597377591 -153.55086523715283 38.514642002816778
v -561.57266567976546 -144.51814198769659 54.666962473811793
v -549.48609489611567 -184.29502879704938 88.191443899694164
v -548.06310753010621 -186.53247061513127 88.92081257590921
v -548.1860930711656 -186.3730095858794 90.241201102905151
v -530.84082283885289 -149.58690246890546 78.842998333589037
v -548.85507146054954 -193.57314507729083 89.863011382727706
v -544.84829511377768 -187.00728792543291 96.949730316561826
v -537.19929149401355 -152.85069507563205 35.802396014707682
v -548.20970593921845 -191.01062447266554 82.897445350767782
v -539.25925764714839 -157.38904490351831 71.794349534698
v -540.55436550610534 -184.3605274914888 79.293551188756126
v -546.62866426994333 -186.44697395163644 94.214366578225665
v -547.98506161844716 -186.99748766760243 88.3572839554636
v -563.94133403486796 -144.76343017266504 52.478659490345898
v -548.9792256606969 -106.94627486322213 35.282731624237826
v -546.03746571288832 -184.26237751699222 95.731359653982565
v -549.61934022178605 -183.20358016364116 89.783325424553141
v -548.00453023884586 -105.93797625136634 19.98289516770172
v -548.19775147175153 -110.80350650581177 38.270596281547789
v -546.01961584100707 -190.50643563595801 91.969402741931134
v -521.82945022818558 -152.43760022498549 79.719989143511
v -549.13064875353894 -184.91856055428141 86.364322574586765
v -518.93083282998839 -114.46546021146168 34.702265186670097
v -541.68255605451202 -175.55848857756254 99.09968832483986
v -541.27296854265626 -184.44901351517993 79.297973508489889
v -542.16835573729202 -187.15939156603284 81.157581475936311
v -543.81392502750589 -192.01582267543819 103.84109912403704
v -546.98718012501467 -188.72931709999125 90.304496995668259
v -524.94292444545169 -122.10916520710079 31.634413795509058
v -533.6328483826685 -174.58727824323481 71.786483304551567
v -534.2570976354408 -121.30687684541905 58.203042798295819
v -529.19921710505696 -95.912792608606793 33.118589916624174
v -538.76089940288205 -185.82726308222064 80.32266807030031
v -545.02710379891698 -187.79214686332705 96.77036847538227
v -527.12741960761605 -148.65760613553499 79.949480285781277
v -529.14176487631255 -149.97923909770282 80.57529668909838
v -525.50384011080268 -149.81615173623885 77.944942793246298
v -535.00562040206432 -172.55993120011757 70.407121412232812
v -524.24088823358591 -144.03420412215215 63.67620627134054
v -529.29097023362556 -116.3813378481571 55.18775503519344
v -548.84532800280851 -112.16483042167135 35.711415735380427
v -544.27658748493491 -156.03358508176356 37.571229924243106
v -544.42820105903888 -187.56827835062052 82.715827746325914
v -548.52856459282191 -96.828296388493115 36.330109779989286
v -540.54636227620313 -186.86649944406594 105.10940664530371
v -540.29919292760519 -161.10996475776668 74.722488491678121
v -537.44443383894054 -155.06516896545548 37.35602893523712
v -560.09502973407518 -138.61777667873852 58.551187830371049
v -521.71292328918173 -148.13310910250271 49.767675970556752
v -527.41670927602445 -145.19129982083072 70.557863590999332
v -530.39458142507897 -96.49000074292114 21.074062275294423
v -529.79562217418743 -96.93860668543789 30.53370026756285
v -524.81720981312253 -145.25275942752535 57.3632594781769
v -552.56295941809572 -102.10405372906632 30.405342478573552
v -526.74784247711955 -148.17229082174396 68.761922017592724
v -550.1338078622872 -122.97093373942991 55.350119742380521
v -518.29974747627352 -154.03625334809621 83.512171582709414
v -539.73402100496105 -162.03512672763776 73.205316852242603
v -533.39329016864156 -115.36191881446123 57.044210867875876
v -533.24604956719304 -98.65910196139626 17.059816164879308
v -550.90746962141225 -183.12580023786003 96.169642341368473
v -545.1540820786829 -131.2797172401684 51.13289551903415
v -558.77678956088744 -153.09817419900975 42.098031014904478
v -540.78592369048533 -160.6369529044249 76.318565604510709
v -540.02092240067088 -193.25259511826053 80.123825883015655
v -552.04166865300022 -104.56635143582831 25.949227894636564
v -549.4619477523986 -127.91444913849229 50.866092454444818
v -525.67801245807914 -147.29456503889355 69.67291448126899
v -539.32234385789604 -132.50113778718338 47.459725715068316
v -537.90749044246286 -165.51541784996766 68.069778511944406
v -528.34824552823659 -114.22960049574601 27.974403605480035
v -549.66830164872124 -126.24969979342143 51.014581630573176
v -548.78014063671401 -191.6031975588198 96.603965590739335
v -524.01163227486916 -193.68779374172215 94.045280769516808
v -545.30335847426284 -102.31811469085048 39.582468754847454
v -534.05754508138682 -116.6950311731749 53.36778612326858
v -559.87525247984559 -138.65129616947092 53.935940667301331
v -549.55936131231726 -181.82140951183834 97.845668705168947
v -538.54977075668955 -199.66800149105774 89.993501004910058
v -546.13860187873627 -105.50830898690108 18.371019159365041
v -527.70315468546426 -165.16308924637002 69.015988804698637
v -508.03136090595382 -150.54764595264871 58.803662040054178
v -559.71680004819086 -131.58681883174947 61.189943678146236
v -539.17330251529847 -163.24519339602378 72.184464577384517
v -550.01404286670959 -124.51739004146378 52.871953354032556
v -542.75178184439744 -164.48893218085371 86.115856196460911
v -546.43149670658761 -95.03545435631662 37.006064764289583
v -550.0137936200673 -123.74457350971201 54.268582518539432
v -535.40187634044798 -180.68082726277126 74.60459426734819
v -543.44702071010852 -164.24335360872888 84.480332870357344
v -551.54273522716153 -108.50148494010702 30.378912117560489
v -523.44762665788335 -144.51120096699637 57.114207046723998
v -535.49498744448931 -188.39678411149436 82.218436405109685
v -547.14886601439707 -94.678800279011696 38.318409028443739
v -545.44833992910003 -178.88715848988235 74.015166073197136
v -534.81223139403755 -172.64062117318377 74.098801053268488
v -533.20382433730572 -91.733496825835928 29.92308497732558
v -544.18747508068282 -193.90048746121846 91.82018968447683
v -543.93541074686971 -122.08164800248755 64.106067351847031
v -536.78075070374666 -176.39192133092629 95.829277448648554
v -534.74725410874362 -155.59501321765279 67.980922146308785
v -548.71810731588073 -184.97157191105075 89.967514368024581
v -544.20811532657228 -155.08060711148437 34.674771296991814
v -540.52651485714171 -178.13320972466249 72.383036638444196
v -523.74124142858898 -147.95708788379463 42.612787817997649
v -559.35411449403216 -138.72532339352165 57.501470749727588
v -537.02637410075715 -154.43713607560682 38.25242321840301
v -523.03836791401375 -148.28216159130599 50.497686691964468
v -539.90525622839823 -118.07232008301055 46.137984788709133
v -538.30564599154798 -95.876924195440637 38.458326913726239
v -547.08872454915365 -122.55190117918505 59.312747044049502
v -530.54894608622578 -112.03327742682912 51.826210163991185
v -529.28064362699445 -97.825518448497419 36.548964026974303
v -527.54586152594243 -112.97068435574707 28.642648324305938
v -532.86151634928797 -162.13743169662612 66.367889620908045
v -531.62224346669666 -90.986959181895827 28.878265849749909
v -544.05365283848221 -164.4618004110373 82.831430567545112
v -549.84741527674976 -125.6724060335718 52.166842718986338
v -542.06039396777476 -115.69886113154807 53.198392174478656
v -542.62810313312934 -132.80968101161909 44.889740183088712
v -562.949426211792 -143.5716422909756 52.438231238090566
v -525.93113669096692 -108.86940692625939 35.941974421695669
v -544.04215001057401 -185.09922546935996 97.645391071754858
v -549.45867588111071 -178.78717347926238 77.446733197877265
v -546.38713500564188 -119.34083652010926 52.893739852653596
v -527.94614455428621 -145.68355226927383 69.121112691226216
v -529.79843991055509 -148.64874676186363 78.278863567824658
v -539.13744785833399 -159.40272526626669 82.727125222290397
v -543.66585841157553 -100.93299382986687 40.131089342584836
v -523.98748753680945 -147.0792988484489 62.981775255308662
v -528.70675390840506 -199.65351774711635 88.857807451653585
v -547.82250264187428 -174.49217327776901 96.608958718336666
v -547.3807403226308 -172.39634509413352 75.367655106001294
v -546.95739870569355 -170.67772442191298 85.138427850252839
v -535.32023934385336 -190.67894210621105 108.17851738192738
v -541.53457799803607 -169.16001329891176 73.696792824834944
v -534.89667507046386 -106.39657719455819 19.2614387298865
v -535.33079513258053 -165.75735011099599 70.670799192005063
v -530.46294201797082 -161.97359147131209 68.667609531548393
v -545.82649123875558 -107.45794411764966 41.811444874483072
v -539.0609839804082 -171.98082263590007 69.923055073403518
v -548.43083726595557 -183.38570198955208 92.475673978234141
v -540.58026202165127 -125.79515966351693 40.280459007908902
v -545.69444832330464 -177.76505027076897 99.050998012710338
v -543.4943938332417 -202.85971286610231 93.964133220099257
v -524.91921600384023 -147.18065297344782 79.520354617706801
v -538.95922144960593 -160.72816226880286 69.279953498719181
v -543.6644013646312 -193.97562401229192 89.847869294185102
v -541.96609587643786 -199.90794831447346 86.599401900004153
v -544.04604632092605 -154.10324768481757 35.623422355727023
v -530.85765588607137 -190.97308430842114 85.595235596448731
v -544.67686959632442 -112.47036978645704 21.63140893159779
v -553.64624021773921 -127.07062054012556 57.105299471624839
v -542.69651149067522 -116.16199896805755 51.950178404895595
v -525.70186065180417 -109.36950310421693 34.162165263329811
v -525.78192856726162 -110.16559702757699 32.29970805413727
v -541.47367917677116 -157.51552967454916 76.946369253240519
v -539.93027250596595 -131.18530860403899 46.250260668145906
v -541.11436715565253 -194.47957681298652 86.900245879657746
v -543.1496907695564 -117.05927268714808 59.675892317925999
v -544.12728354451031 -125.77613230855445 72.132796879528513
v -545.44517520524346 -185.82582861610254 96.178009823851383
v -532.84232747781073 -181.91297695596589 81.137660208069761
v -540.94196649565913 -196.63685328056044 82.92951135417556
v -526.86426905630458 -107.8454875300832 37.376403314228426
v -527.42299590303344 -149.08802109184143 67.858214975167499
v -509.34337239130565 -154.65345625079863 48.934538274315642
v -549.91294698409172 -121.4883669348672 59.447706041181554
v -548.70863592509295 -185.53340835317402 89.240038792561947
v -544.99581217919922 -121.90143669518584 63.029230695738477
v -546.65562453684083 -122.27859353571615 60.81971562165878
v -537.33713444532771 -118.30332045465842 62.522306078231686
v -539.23092309084325 -155.33280927836208 78.798182249243965
v -544.28813488679225 -201.93781714193366 96.639181410244589
v -542.87311252955158 -178.6178837782775 72.919077156172477
v -542.37035196626437 -189.74995282180942 99.693641117665678
v -548.6075301810348 -120.28371336454467 60.336166143679122
v -534.44853792644517 -200.50400213494413 107.16143600938497
v -532.63463461983315 -111.02413737619759 51.660339761221493
v -546.77161900389922 -181.12883191961942 94.849384597535163
v -537.9543473199318 -123.87328131474493 63.643007012754438
v -545.08497254686688 -185.08927568829699 96.73742239501496
v -532.83560703221735 -99.735273390023679 41.568682920432551
v -532.21878775163361 -180.38748203022735 81.511840124261312
v -551.45273949439036 -97.3524212510967 36.019739135699126
v -548.51723447010136 -172.96412596412142 94.877428858916645
v -544.04526250565459 -91.773754419335916 37.890785171329597
v -532.1448857260948 -90.587758042120555 30.087492781313841
v -531.13742426219267 -160.38943394986688 68.383608009545881
v -523.75434311149854 -147.72202241180685 57.692562975746938
v -545.8923591979119 -187.41743054300395 95.269746697685491
v -511.64268418014115 -151.81948798376831 53.722640868048479
v -543.71943595326411 -176.72834924514754 99.315468971500167
v -546.23957538497962 -189.93046859611042 90.183684187634157
v -543.76654172281621 -120.77812879066822 51.588139740897724
v -551.74314920486211 -188.34751294073408 86.728308420549013
v -548.74567879268727 -190.35023234667239 97.536771282827033
v -540.2123949612635 -169.81651625031114 73.123537123676186
v -526.78660188248614 -102.26169485290046 33.136188599857036
v -545.25714652802958 -179.3809413864353 95.560585279759195
v -542.5342327569507 -189.32605784052276 104.61604954239722
v -547.63614065985291 -119.7951873599113 62.575756837186809
v -540.32896666117585 -116.03943411555164 59.438719589032829
v -537.662652659993 -191.83382810156138 107.86204584860961
v -552.25897246552461 -123.62870987468899 65.83614885517197
v -536.58738652938916 -188.75628577412297 82.323825890220704
v -548.63473794230333 -183.89432633590715 91.470529596717952
v -548.57043376138063 -185.72479012603088 88.253556596400855
v -510.63146781607043 -153.8707357499336 55.14288681659005
v -527.87639858593218 -101.14731822791489 34.875505450072581
v -509.53792206985554 -149.62118580866496 52.861528155369314
v -538.10604817232343 -177.7511986769465 72.484766717215052
v -541.33025707851721 -182.5733256241636 98.583597191882745
v -548.30472592743274 -185.96475450246504 86.386666783517043
v -547.77486041741884 -178.95521573140195 98.789963086769546
v -507.57263438873423 -151.64022844665107 65.121090363190461
v -532.1378769152949 -163.84533403278067 66.639772877705298
v -550.62172194780328 -189.03045194442768 84.068788267928724
v -536.9931331464486 -179.64193925533351 77.812037497369147
v -540.55968153677941 -118.04100023129715 52.121157774316821
v -545.72121075648658 -130.49414193300484 51.299476423143545
v -541.39024617845826 -121.2419516893107 42.271293248665771
v -547.06688198317215 -186.58698825126979 84.392304495566165
v -546.34542931218277 -119.67064730538991 64.59449655731737
v -529.69529478135337 -151.42211782414407 77.505846373735622
v -525.45690315303625 -205.18393871905855 91.92612289054118
v -542.33953612594939 -183.29099406965295 98.533190487536771
v -545.66691570278817 -179.62872854768628 95.519531280392385
v -531.72896894275084 -158.74939507679971 68.464708073813398
v -533.93955262014981 -159.53104273815171 66.548389730689081
v -552.04263327666376 -184.14022992715599 81.927467374452505
v -536.33046465199641 -156.58025434771525 74.12753325957199
v -546.5780740736933 -189.47438875979896 91.021094066509534
v -510.69184473787192 -151.65222766771623 47.743107645535893
v -529.62659757220865 -197.91293176436727 107.90104951731945
v -548.72460985917769 -184.61054858015316 90.880702240700558
v -542.58190922439962 -92.329902729824113 36.653603939886267
v -547.84959097870444 -186.45888456442765 85.571691410061021
v -543.84580201727022 -120.36284457989466 54.39425674958742
v -548.37169115657025 -186.25602871065226 87.560191702939704
v -539.77167528006908 -185.42806911514748 80.073408436263435
v -546.28593272930971 -186.53062587326582 83.142824508551513
v -546.69492937377481 -186.93781397150318 84.075702311483553
v -544.09133328621613 -186.68108873613767 81.439891185012641
v -542.78468154074699 -177.50815135735627 96.447962257804193
v -528.85103906112897 -146.92817856246447 76.362260446072241
v -542.43176252354215 -197.03323854164196 93.379748865703675
v -546.6180877203185 -188.9630780393563 91.826467905116829
v -546.09893780221182 -122.12228066002564 62.114663434505601
v -512.00033065362231 -155.48348723305037 50.023737253741373
v -534.07956814367913 -182.66022218917479 79.879878103881794
v -539.03013573962437 -184.82555795112916 79.757196881099091
v -544.57562418522457 -117.51526041999179 57.756506216867919
v -530.96911005727429 -198.09788719394567 110.39554032947089
v -548.51067085553404 -182.31956130499256 92.513596811238543
v -509.92742395034935 -157.05941404350568 50.273225761906978
v -532.47571396170099 -91.97702537233144 27.288094282167926
v -545.44748582947409 -92.853536448480867 38.171114102681514
v -528.98277097781693 -162.08424294244614 68.777519464569323
v -544.40519335338638 -192.73997499350054 95.339109131098454
v -520.11704531362045 -143.57189006044175 72.789028676822923
v -537.04208254356456 -204.0434923291262 104.18907930926929
v -540.25911413936046 -181.83395970531754 98.911215382431195
v -541.65956745976075 -185.50748462642747 80.023920902994391
v -538.72566909468594 -199.09090255561662 103.10162725255316
v -539.67555319736766 -187.48018226764304 76.49272029911468
v -528.43786758160866 -150.35474697772526 67.875884805630392
v -508.55263597502966 -156.77707916034487 49.780962399582513
v -510.10266550410824 -148.52836808280162 52.839048418656269
v -529.01256900673627 -151.27566027694485 78.089997977055035
v -507.27121159541224 -154.71071709693675 54.694368975054942
v -539.45283532108397 -201.64323592198321 100.46817072683862
v -533.60582175789432 -182.19835646533429 80.110324604188236
v -540.56927152405922 -189.55697738444962 82.737157987152955
v -542.58067980170267 -188.06621944987728 76.908978231276919
v -546.53121360520026 -130.32484699634136 52.07941716290172
v -542.79042938018233 -119.90891095950501 58.219491686181961
v -537.48011464739136 -184.79113131423537 80.335272126329244
v -547.60028668435405 -181.16268857221942 93.889817553442896
v -531.40273408439202 -202.99529175919776 89.814454753828912
v -546.80072981640114 -130.34526475836455 47.001305608520646
v -546.73335314722044 -187.31871510250778 93.858768239304766
v -540.75136518862587 -185.45484815199114 79.866211038636692
v -508.41544436896032 -153.3243092336657 51.100766368188204
v -543.27265598262215 -184.62708276505504 98.282424039463919
v -548.08684334131942 -181.86057150352593 93.395528460654035
v -542.89928291805302 -186.04965870714415 80.628955694259275
v -537.11743207288725 -191.03500693885167 103.34784275838737
v -551.08739938479323 -188.38976163600043 93.232025652033229
v -523.51806420548473 -150.41586299145993 78.691454412702143
v -538.72530276866746 -120.20475942780044 60.107753941131577
v -536.10630084088791 -203.1128148565985 105.76562415052281
v -531.24776937450724 -114.12679893964582 48.615291749613981
v -536.10438717887109 -183.08645402737125 79.481672191969849
v -539.4587973185013 -119.90549658007561 59.96087750950889
v -542.45716930631761 -186.07085641051961 80.405875288478782
v -545.44416091923449 -126.87106317255353 48.926299881596464
v -532.77703791753788 -155.07090290937904 80.73580156531186
v -545.58807834304037 -126.18735297583149 49.402077426018636
v -526.41130501629959 -146.54058780049363 77.962202283816268
v -550.13617046106128 -181.15569456043352 86.363241130893798
v -523.61954104812844 -200.96800968729499 89.489948995542406
v -543.22827062380372 -121.73320026994516 47.276767854491098
v -545.77487025013556 -125.29904473869765 49.831704478551515
v -544.56505652765793 -128.03973567043676 47.796161108674454
v -546.99871842213986 -129.53622534444631 52.500817650681455
v -549.55616047678268 -181.68698840972803 84.337228940713374
v -529.20124933034037 -152.2641642149643 79.086094246413779
v -545.0502170089776 -127.52361684917153 48.543130059489712
v -548.65242676703235 -182.15935490840766 82.607322257201872
v -511.19958192131389 -157.17388937683148 50.973209559511787
v -511.1392621522038 -154.08223789842947 52.046328998101622
v -547.79260381329391 -182.40775197028194 81.4037161319294
v -545.70985565194849 -186.78259711414262 95.903180781175351
v -528.0931378088834 -149.42415741482668 75.718936693590351
v -551.25143412505008 -187.07477879348335 93.818572211832375
v -536.38251714538194 -202.33861672239726 108.79578643933229
v -539.22605569195707 -200.37840413188303 101.92493710855192
v -525.34566044018891 -202.38427653821802 88.630995291684471
v -546.2174440616044 -188.58370138170201 93.963007328057529
v -546.57198591899237 -188.79595056989834 92.889910277136451
v -510.06982872571712 -155.56913878523224 54.993739864450149
v -529.34275076852236 -150.54978829098479 81.890464145399264
v -532.45504367294916 -200.27654774028463 108.2040855819574
v -545.69772326945963 -186.43827408484634 82.263377424636019
v -541.06050544989398 -120.09238056410587 60.173792635186665
v -527.35347256263049 -203.32405458711611 88.085321561799049
v -524.39967645105207 -201.79241327274298 88.988585992359532
v -529.94558993627572 -149.39044892122334 79.629131472299932
v -533.02720582108964 -199.87549565991378 110.45697782562206
v -527.07539760485008 -156.22862579259274 58.822622342231249
v -526.30333643014376 -202.89551240721727 88.266122150083334
f 1 2 1413 
f 1733 2 1 
f 1685 3 1 
f 1 3 1733 
f 1 1413 2341 
f 2341 1685 1 
f 2 11 1260 
f 1667 11 2 
f 2 1252 1667 
f 1804 1252 2 
f 2 1260 1413 
f 2 1733 1804 
f 1970 8 3 
f 3 8 2039 
f 3 1685 1970 
f 2039 1733 3 
f 4 5 2341 
f 2349 5 4 
f 1413 6 4 
f 4 6 1763 
f 2341 1413 4 
f 4 1763 2349 
f 5 7 2225 
f 2432 7 5 
f 5 2225 2341 
f 5 2349 2475 
f 2475 2432 5 
f 6 18 1256 
f 1669 18 6 
f 6 1256 1763 
f 1413 1260 6 
f 6 1260 1669 
f 7 9 1364 
f 1456 9 7 
f 7 1364 1409 
f 7 1409 2225 
f 2432 1456 7 
f 8 12 1984 
f 2116 12 8 
f 8 1970 2060 
f 8 1984 2039 
f 8 2060 2116 
f 1885 22 9 
f 9 22 1887 
f 1455 1364 9 
f 1887 1455 9 
f 9 1456 1529 
f 9 1529 1885 
f 1414 11 10 
f 10 11 1992 
f 10 13 1747 
f 1992 13 10 
f 1747 1414 10 
f 1667 1232 11 
f 11 1232 1992 
f 1669 1260 11 
f 11 1414 1669 
f 12 26 1521 
f 1887 26 12 
f 12 1521 1953 
f 2116 1887 12 
f 12 1953 1984 
f 1744 20 13 
f 13 20 1832 
f 1992 1744 13 
f 1832 1747 13 
f 14 17 1803 
f 1804 17 14 
f 14 31 1252 
f 1668 31 14 
f 14 1252 1804 
f 14 1312 1668 
f 1803 1312 14 
f 1747 16 15 
f 15 16 1748 
f 1233 18 15 
f 15 18 1414 
f 1748 1233 15 
f 15 1414 1747 
f 1747 19 16 
f 16 19 1833 
f 1833 1748 16 
f 17 21 1298 
f 1416 21 17 
f 17 1298 1803 
f 2343 1416 17 
f 17 1804 2343 
f 18 1233 1675 
f 1675 1256 18 
f 1669 1414 18 
f 1832 24 19 
f 19 24 2003 
f 19 1747 1832 
f 2003 1833 19 
f 1839 27 20 
f 20 27 2002 
f 20 1744 1839 
f 2002 1832 20 
f 21 29 1276 
f 2169 29 21 
f 21 1276 1298 
f 21 1416 2169 
f 22 35 1958 
f 2218 35 22 
f 22 1885 1965 
f 1958 1887 22 
f 22 1965 2218 
f 2037 25 23 
f 23 25 2475 
f 23 28 1985 
f 2349 28 23 
f 23 1985 2037 
f 2475 2349 23 
f 2002 34 24 
f 24 34 2189 
f 24 1832 2002 
f 2189 2003 24 
f 1449 30 25 
f 25 30 2432 
f 25 1391 1449 
f 2037 1391 25 
f 25 2432 2475 
f 26 44 1964 
f 2210 44 26 
f 1892 1521 26 
f 26 1887 1958 
f 1964 1892 26 
f 26 1958 2210 
f 2007 37 27 
f 27 37 2186 
f 27 1839 2007 
f 2186 2002 27 
f 28 32 1381 
f 1635 32 28 
f 28 1381 1985 
f 2349 1635 28 
f 29 39 1321 
f 1374 39 29 
f 1342 1276 29 
f 29 1321 1342 
f 1906 1374 29 
f 2169 1906 29 
f 30 38 1529 
f 1883 38 30 
f 30 1449 1525 
f 1529 1456 30 
f 30 1456 2432 
f 30 1525 1883 
f 1231 33 31 
f 31 33 1232 
f 1668 1231 31 
f 31 1232 1667 
f 1667 1252 31 
f 32 47 1275 
f 1675 47 32 
f 32 1256 1675 
f 1763 1256 32 
f 32 1275 1802 
f 1802 1381 32 
f 32 1635 1763 
f 1738 36 33 
f 33 36 2016 
f 33 1231 1738 
f 2123 1232 33 
f 33 2016 2123 
f 2261 45 34 
f 34 45 2477 
f 34 2002 2186 
f 34 2186 2261 
f 2258 2189 34 
f 2477 2258 34 
f 2314 52 35 
f 35 52 2702 
f 2210 1958 35 
f 2702 2210 35 
f 35 2218 2540 
f 2540 2314 35 
f 1738 42 36 
f 36 42 1839 
f 36 1839 2016 
f 2183 48 37 
f 37 48 2484 
f 37 2007 2183 
f 2261 2186 37 
f 2484 2261 37 
f 38 49 1965 
f 2217 49 38 
f 1885 1529 38 
f 38 1883 2217 
f 1965 1885 38 
f 39 53 1540 
f 1892 53 39 
f 1461 1321 39 
f 39 1374 1521 
f 1540 1461 39 
f 39 1521 1892 
f 1748 41 40 
f 40 41 2275 
f 40 43 1748 
f 2241 43 40 
f 2275 2241 40 
f 1833 46 41 
f 41 46 2005 
f 41 1748 1833 
f 41 2005 2275 
f 1836 50 42 
f 42 50 2007 
f 42 1738 1836 
f 2007 1839 42 
f 43 47 1233 
f 2206 47 43 
f 43 1233 1748 
f 2241 2206 43 
f 44 57 2155 
f 2702 57 44 
f 2212 1964 44 
f 44 2155 2212 
f 44 2210 2702 
f 2484 54 45 
f 45 54 2593 
f 45 2261 2484 
f 2593 2477 45 
f 2189 51 46 
f 46 51 2192 
f 46 1833 2003 
f 46 2003 2189 
f 2192 2005 46 
f 1675 1233 47 
f 1657 1275 47 
f 47 1418 1657 
f 2206 1418 47 
f 2401 59 48 
f 48 59 2641 
f 48 2183 2401 
f 2641 2484 48 
f 49 60 2540 
f 2662 60 49 
f 2218 1965 49 
f 49 2217 2662 
f 2540 2218 49 
f 2031 58 50 
f 50 58 2183 
f 50 1836 2010 
f 2183 2007 50 
f 50 2010 2031 
f 2258 56 51 
f 51 56 2483 
f 51 2189 2258 
f 2257 2192 51 
f 2483 2257 51 
f 75 66 52 
f 52 66 2749 
f 2314 75 52 
f 2749 2702 52 
f 53 65 1962 
f 2155 65 53 
f 1886 1540 53 
f 1962 1886 53 
f 53 1892 1964 
f 53 1964 2212 
f 2212 2155 53 
f 54 64 79 
f 2584 64 54 
f 54 79 2593 
f 54 2484 2641 
f 2641 2584 54 
f 55 61 1263 
f 1803 61 55 
f 55 67 1312 
f 1516 67 55 
f 1263 1258 55 
f 55 1258 1516 
f 55 1312 1803 
f 56 62 2304 
f 2477 62 56 
f 56 2258 2477 
f 56 2304 2483 
f 2014 77 57 
f 57 77 2607 
f 2749 2014 57 
f 2382 2155 57 
f 2607 2382 57 
f 57 2702 2749 
f 2328 68 58 
f 58 68 2401 
f 58 2031 2328 
f 2401 2183 58 
f 59 72 2584 
f 2646 72 59 
f 59 2401 2596 
f 59 2584 2641 
f 59 2596 2646 
f 105 75 60 
f 60 75 2314 
f 60 94 105 
f 2662 94 60 
f 60 2314 2540 
f 61 63 1263 
f 1276 63 61 
f 1298 1276 61 
f 1803 1298 61 
f 62 79 112 
f 2593 79 62 
f 62 112 2304 
f 62 2477 2593 
f 1321 76 63 
f 63 76 2473 
f 2344 1263 63 
f 63 1276 1342 
f 1342 1321 63 
f 2473 2344 63 
f 96 79 64 
f 64 82 96 
f 2584 82 64 
f 2382 86 65 
f 65 86 2541 
f 2368 1962 65 
f 65 2155 2382 
f 2541 2368 65 
f 66 75 98 
f 90 77 66 
f 66 77 2014 
f 98 90 66 
f 66 2014 2749 
f 67 71 1231 
f 1239 71 67 
f 67 1231 1668 
f 1516 1239 67 
f 1668 1312 67 
f 68 83 2596 
f 2599 83 68 
f 68 2328 2463 
f 2596 2401 68 
f 68 2463 2599 
f 1453 70 69 
f 69 70 2126 
f 69 73 1911 
f 2066 73 69 
f 69 1319 1453 
f 1911 1319 69 
f 2126 2066 69 
f 70 74 1525 
f 1884 74 70 
f 1525 1449 70 
f 70 1449 2126 
f 70 1453 1527 
f 70 1527 1884 
f 71 78 1738 
f 1739 78 71 
f 1738 1231 71 
f 71 1239 1739 
f 92 82 72 
f 72 82 2584 
f 103 92 72 
f 2706 103 72 
f 72 2646 2706 
f 73 80 1911 
f 2066 80 73 
f 74 81 2217 
f 2392 81 74 
f 1883 1525 74 
f 2217 1883 74 
f 74 1884 2392 
f 117 98 75 
f 75 105 117 
f 1461 93 76 
f 76 93 2429 
f 76 1321 1461 
f 76 2429 2473 
f 108 86 77 
f 77 86 2607 
f 77 90 102 
f 77 102 108 
f 1739 87 78 
f 78 87 1836 
f 1836 1738 78 
f 79 96 121 
f 121 112 79 
f 80 88 1423 
f 1711 88 80 
f 80 1423 2347 
f 2066 1711 80 
f 2347 1911 80 
f 2395 94 81 
f 81 94 2662 
f 2662 2217 81 
f 81 2392 2488 
f 2538 2395 81 
f 81 2488 2538 
f 82 92 100 
f 109 96 82 
f 82 100 109 
f 132 103 83 
f 83 103 2706 
f 2599 132 83 
f 2646 2596 83 
f 2706 2646 83 
f 1830 85 84 
f 84 85 2008 
f 1840 89 84 
f 84 89 2242 
f 2242 1830 84 
f 2008 1840 84 
f 85 91 2187 
f 2192 91 85 
f 85 1830 2005 
f 85 2005 2192 
f 2187 2008 85 
f 86 108 2307 
f 86 2307 2541 
f 86 2382 2607 
f 87 99 2010 
f 2284 99 87 
f 87 1739 1831 
f 87 1831 2284 
f 2010 1836 87 
f 88 101 1291 
f 1657 101 88 
f 88 1275 1657 
f 1802 1275 88 
f 88 1291 1423 
f 88 1711 1802 
f 1751 95 89 
f 89 95 2242 
f 1840 1751 89 
f 90 98 115 
f 111 102 90 
f 115 111 90 
f 2257 97 91 
f 91 97 2405 
f 2405 2187 91 
f 91 2192 2257 
f 106 100 92 
f 92 103 114 
f 114 106 92 
f 93 107 1581 
f 1886 107 93 
f 93 1461 1540 
f 93 1540 1886 
f 93 1581 2345 
f 93 2345 2429 
f 161 105 94 
f 2395 161 94 
f 1398 101 95 
f 95 101 1855 
f 1751 1398 95 
f 95 1855 2242 
f 96 109 131 
f 131 121 96 
f 2304 104 97 
f 97 104 2598 
f 97 2257 2483 
f 2483 2304 97 
f 2598 2405 97 
f 134 115 98 
f 98 117 134 
f 2284 110 99 
f 99 110 2328 
f 2031 2010 99 
f 2328 2031 99 
f 100 106 113 
f 120 109 100 
f 100 113 120 
f 1678 1291 101 
f 101 1398 1678 
f 1657 1418 101 
f 101 1418 1855 
f 125 108 102 
f 102 111 118 
f 102 118 125 
f 151 114 103 
f 103 132 151 
f 104 112 185 
f 2304 112 104 
f 185 175 104 
f 104 175 2598 
f 170 117 105 
f 105 161 170 
f 116 113 106 
f 106 114 124 
f 124 116 106 
f 107 122 1968 
f 2368 122 107 
f 1925 1581 107 
f 107 1886 1962 
f 1968 1925 107 
f 107 1962 2368 
f 108 125 168 
f 168 143 108 
f 108 143 2307 
f 109 120 148 
f 148 131 109 
f 2157 119 110 
f 110 119 2463 
f 110 2118 2157 
f 2284 2118 110 
f 2463 2328 110 
f 111 115 135 
f 127 118 111 
f 135 127 111 
f 112 121 212 
f 212 185 112 
f 113 116 123 
f 133 120 113 
f 113 123 133 
f 166 124 114 
f 114 151 166 
f 115 134 157 
f 157 135 115 
f 126 123 116 
f 116 124 140 
f 140 126 116 
f 208 134 117 
f 117 170 208 
f 149 125 118 
f 118 127 142 
f 118 142 149 
f 2282 132 119 
f 119 132 2599 
f 119 2157 2402 
f 2486 2282 119 
f 119 2402 2486 
f 2599 2463 119 
f 120 133 167 
f 167 148 120 
f 121 131 235 
f 235 212 121 
f 2307 143 122 
f 122 143 2704 
f 2216 1968 122 
f 2704 2216 122 
f 2541 2307 122 
f 122 2368 2541 
f 123 126 129 
f 123 129 144 
f 144 133 123 
f 199 140 124 
f 124 166 199 
f 125 149 231 
f 231 168 125 
f 130 129 126 
f 145 130 126 
f 126 140 145 
f 127 135 159 
f 154 142 127 
f 159 154 127 
f 137 136 128 
f 128 136 147 
f 178 137 128 
f 147 141 128 
f 128 141 190 
f 190 178 128 
f 129 130 138 
f 129 138 158 
f 158 144 129 
f 130 136 138 
f 152 136 130 
f 130 145 152 
f 131 148 269 
f 269 235 131 
f 2557 151 132 
f 132 2282 2557 
f 133 144 205 
f 205 167 133 
f 243 157 134 
f 134 208 243 
f 135 157 202 
f 202 159 135 
f 136 137 138 
f 152 147 136 
f 163 138 137 
f 200 163 137 
f 137 178 200 
f 163 158 138 
f 1485 146 139 
f 139 146 2374 
f 139 150 1258 
f 1510 150 139 
f 139 1258 1485 
f 139 1292 1510 
f 1801 1292 139 
f 2374 1801 139 
f 223 145 140 
f 140 199 223 
f 141 147 2470 
f 141 171 2415 
f 2470 171 141 
f 2415 190 141 
f 177 149 142 
f 142 154 164 
f 142 164 177 
f 143 168 2175 
f 143 2175 2704 
f 144 158 236 
f 236 205 144 
f 232 152 145 
f 145 223 232 
f 1936 165 146 
f 146 165 2178 
f 146 1485 2344 
f 2344 1936 146 
f 146 2178 2374 
f 147 152 229 
f 147 229 2470 
f 148 167 292 
f 292 269 148 
f 149 177 276 
f 276 231 149 
f 1425 162 150 
f 150 162 1771 
f 150 1239 1516 
f 1771 1239 150 
f 1516 1258 150 
f 1510 1425 150 
f 2557 166 151 
f 232 229 152 
f 153 155 2138 
f 2392 155 153 
f 153 156 2488 
f 2613 156 153 
f 153 2138 2613 
f 2488 2392 153 
f 154 159 201 
f 173 164 154 
f 201 173 154 
f 1527 160 155 
f 155 160 1881 
f 1884 1527 155 
f 155 1881 2214 
f 2392 1884 155 
f 2214 2138 155 
f 402 161 156 
f 156 161 2395 
f 2720 402 156 
f 156 2395 2538 
f 2538 2488 156 
f 156 2613 2720 
f 289 202 157 
f 157 243 289 
f 158 163 259 
f 259 236 158 
f 255 201 159 
f 159 202 255 
f 1319 169 160 
f 160 169 1450 
f 1453 1319 160 
f 160 1450 1881 
f 1527 1453 160 
f 381 170 161 
f 402 381 161 
f 162 176 2140 
f 2144 176 162 
f 162 1425 2144 
f 2239 1771 162 
f 162 2140 2239 
f 163 200 249 
f 163 249 259 
f 164 173 183 
f 222 177 164 
f 164 183 222 
f 1993 209 165 
f 165 209 2043 
f 2043 1300 165 
f 165 1300 2178 
f 165 1936 1993 
f 384 199 166 
f 166 358 384 
f 2557 358 166 
f 167 205 320 
f 320 292 167 
f 168 231 423 
f 423 390 168 
f 168 390 2175 
f 169 207 1320 
f 2226 207 169 
f 169 1319 1340 
f 169 1320 1450 
f 169 1340 2226 
f 364 208 170 
f 381 364 170 
f 2470 206 171 
f 171 206 2508 
f 303 238 171 
f 171 238 2415 
f 171 290 303 
f 2508 290 171 
f 172 174 2187 
f 2403 174 172 
f 2405 175 172 
f 172 175 2600 
f 172 2187 2405 
f 2600 2403 172 
f 204 183 173 
f 173 201 237 
f 237 204 173 
f 174 184 2187 
f 2193 184 174 
f 2403 2193 174 
f 175 185 2528 
f 175 2405 2598 
f 175 2528 2600 
f 2144 216 176 
f 176 216 2276 
f 2276 2140 176 
f 177 222 294 
f 294 276 177 
f 178 190 230 
f 178 198 200 
f 230 198 178 
f 240 181 179 
f 179 181 2874 
f 179 203 271 
f 1759 203 179 
f 271 240 179 
f 2874 1759 179 
f 256 182 180 
f 180 182 1401 
f 180 211 251 
f 2437 211 180 
f 180 251 256 
f 180 1401 2437 
f 239 219 181 
f 181 219 2874 
f 240 239 181 
f 283 213 182 
f 182 213 1248 
f 182 256 283 
f 182 1248 2384 
f 2384 1401 182 
f 204 198 183 
f 183 198 234 
f 234 222 183 
f 184 210 1840 
f 2001 210 184 
f 184 1840 2008 
f 2193 2001 184 
f 184 2008 2187 
f 185 212 435 
f 185 435 2528 
f 186 191 1269 
f 1428 191 186 
f 186 214 1361 
f 2522 214 186 
f 1269 1268 186 
f 186 1268 2522 
f 1361 1357 186 
f 186 1357 1428 
f 346 192 187 
f 187 192 1428 
f 187 215 341 
f 1361 215 187 
f 187 341 346 
f 187 1357 1361 
f 1428 1357 187 
f 1647 1437 188 
f 188 1437 2117 
f 1971 1647 188 
f 2238 1971 188 
f 188 2117 2308 
f 2373 2238 188 
f 188 2308 2373 
f 189 193 252 
f 2447 193 189 
f 252 218 189 
f 189 218 2587 
f 2587 2447 189 
f 284 230 190 
f 190 238 284 
f 2415 238 190 
f 1428 227 191 
f 191 227 1444 
f 1432 1269 191 
f 1444 1432 191 
f 228 227 192 
f 192 227 1428 
f 377 228 192 
f 192 346 377 
f 193 225 260 
f 2447 225 193 
f 260 252 193 
f 194 1430 1971 
f 2447 1430 194 
f 194 1447 2447 
f 2751 1447 194 
f 194 1971 2238 
f 194 2238 2373 
f 194 2373 2751 
f 195 196 1401 
f 2763 196 195 
f 2748 224 195 
f 195 224 2763 
f 2384 1248 195 
f 195 1248 2748 
f 195 1401 2384 
f 196 197 2664 
f 2763 197 196 
f 221 220 196 
f 196 220 1401 
f 2664 221 196 
f 197 224 2525 
f 2763 224 197 
f 197 1451 1759 
f 2525 1451 197 
f 197 1759 2266 
f 197 2266 2664 
f 204 200 198 
f 198 230 234 
f 389 223 199 
f 199 384 389 
f 200 204 249 
f 293 237 201 
f 201 255 293 
f 324 255 202 
f 202 289 324 
f 203 241 302 
f 1451 241 203 
f 302 271 203 
f 1759 1451 203 
f 204 237 249 
f 205 236 349 
f 349 320 205 
f 206 229 2124 
f 2470 229 206 
f 206 2124 2508 
f 207 242 2222 
f 2347 242 207 
f 1339 1320 207 
f 2222 1339 207 
f 207 2226 2347 
f 379 243 208 
f 208 364 379 
f 209 263 1290 
f 1452 263 209 
f 209 1290 2043 
f 1670 1452 209 
f 1993 1670 209 
f 1829 233 210 
f 210 233 1840 
f 2001 1829 210 
f 211 250 279 
f 2437 250 211 
f 279 251 211 
f 212 235 431 
f 212 431 435 
f 283 266 213 
f 213 266 1865 
f 1865 1248 213 
f 214 257 1361 
f 1481 257 214 
f 2522 1481 214 
f 215 258 363 
f 1361 258 215 
f 363 341 215 
f 2197 247 216 
f 216 247 2321 
f 216 2144 2274 
f 2274 2197 216 
f 2354 2276 216 
f 216 2321 2354 
f 217 218 264 
f 2587 218 217 
f 217 264 2306 
f 217 1255 1647 
f 2306 1255 217 
f 1647 1430 217 
f 217 1430 2587 
f 218 252 280 
f 307 264 218 
f 218 280 307 
f 219 239 267 
f 219 267 2145 
f 219 2145 2567 
f 219 2567 2865 
f 219 2865 2874 
f 220 221 2459 
f 2437 1401 220 
f 220 1405 2437 
f 2459 1405 220 
f 2273 270 221 
f 221 270 2459 
f 2664 2273 221 
f 222 234 304 
f 304 294 222 
f 385 232 223 
f 389 385 223 
f 224 272 1838 
f 2748 272 224 
f 224 1838 2525 
f 286 260 225 
f 225 274 316 
f 2490 274 225 
f 316 286 225 
f 225 2447 2490 
f 226 273 1447 
f 1484 273 226 
f 226 1432 1444 
f 2373 1432 226 
f 226 1444 1484 
f 226 1447 2751 
f 2751 2373 226 
f 227 228 1350 
f 295 277 227 
f 227 277 1444 
f 1350 295 227 
f 228 377 433 
f 228 433 1715 
f 1715 1350 228 
f 229 232 361 
f 229 361 2124 
f 296 234 230 
f 230 284 296 
f 231 276 439 
f 439 423 231 
f 385 361 232 
f 233 268 1751 
f 1829 268 233 
f 233 1751 1840 
f 234 296 304 
f 235 269 434 
f 434 431 235 
f 236 259 392 
f 392 349 236 
f 322 249 237 
f 237 293 322 
f 340 284 238 
f 238 303 340 
f 239 240 2694 
f 2774 267 239 
f 239 2694 2774 
f 240 271 2694 
f 2817 299 241 
f 241 299 2830 
f 2830 302 241 
f 241 1451 2608 
f 241 2608 2817 
f 1423 287 242 
f 242 287 1816 
f 2347 1423 242 
f 242 1816 2340 
f 2340 2222 242 
f 397 289 243 
f 243 379 397 
f 330 245 244 
f 244 245 2442 
f 244 275 329 
f 1844 275 244 
f 244 329 330 
f 2442 1844 244 
f 278 248 245 
f 245 248 2442 
f 353 278 245 
f 245 330 353 
f 1708 1224 246 
f 246 1224 2746 
f 246 1528 2376 
f 2746 1528 246 
f 2376 1576 246 
f 246 1576 2609 
f 2077 1708 246 
f 2609 2077 246 
f 247 288 2285 
f 2311 288 247 
f 247 2197 2311 
f 247 2285 2321 
f 256 251 248 
f 248 251 2442 
f 283 256 248 
f 248 278 2439 
f 2439 283 248 
f 322 259 249 
f 306 279 250 
f 312 306 250 
f 1406 312 250 
f 250 1405 1406 
f 2437 1405 250 
f 251 279 1844 
f 251 1844 2442 
f 260 253 252 
f 252 253 280 
f 253 260 2679 
f 253 261 1569 
f 2679 261 253 
f 1986 280 253 
f 1569 281 253 
f 253 281 1986 
f 254 262 344 
f 1431 262 254 
f 369 282 254 
f 254 282 2323 
f 254 344 369 
f 2323 1431 254 
f 378 293 255 
f 255 324 378 
f 257 313 1365 
f 1480 313 257 
f 1365 1361 257 
f 1481 1480 257 
f 258 314 406 
f 1365 314 258 
f 406 363 258 
f 258 1361 1365 
f 259 322 392 
f 260 286 2679 
f 261 1318 2146 
f 2679 1318 261 
f 2146 1569 261 
f 262 285 347 
f 1431 285 262 
f 347 344 262 
f 263 298 1440 
f 1925 298 263 
f 2076 1290 263 
f 263 1440 2076 
f 263 1452 1581 
f 263 1581 1925 
f 264 307 366 
f 366 319 264 
f 264 319 2306 
f 265 1255 1479 
f 1647 1255 265 
f 1481 1437 265 
f 265 1437 1647 
f 265 1479 1480 
f 265 1480 1481 
f 266 283 310 
f 266 310 382 
f 382 321 266 
f 266 321 1865 
f 267 297 2145 
f 2703 297 267 
f 2774 2703 267 
f 268 291 1237 
f 1467 291 268 
f 268 1237 1751 
f 1743 1467 268 
f 1829 1743 268 
f 269 292 450 
f 450 434 269 
f 2028 323 270 
f 270 323 2459 
f 270 1301 2028 
f 2273 1301 270 
f 271 302 2723 
f 463 396 271 
f 271 396 2694 
f 2723 463 271 
f 272 325 1838 
f 2071 325 272 
f 1865 1862 272 
f 272 1862 2071 
f 2748 1865 272 
f 1484 327 273 
f 273 327 2280 
f 2088 1447 273 
f 273 1496 2088 
f 2280 1496 273 
f 326 316 274 
f 2399 326 274 
f 274 2168 2399 
f 2490 2168 274 
f 275 300 395 
f 1843 300 275 
f 352 329 275 
f 395 352 275 
f 1844 1843 275 
f 276 294 447 
f 447 439 276 
f 277 295 339 
f 339 327 277 
f 277 327 1484 
f 1484 1444 277 
f 401 305 278 
f 278 305 2439 
f 278 353 401 
f 279 306 1843 
f 279 1843 1844 
f 1986 307 280 
f 1438 308 281 
f 281 308 1986 
f 281 1267 1436 
f 1569 1267 281 
f 281 1436 1438 
f 407 309 282 
f 282 309 1438 
f 282 369 407 
f 1438 1436 282 
f 282 1436 2323 
f 2439 310 283 
f 394 296 284 
f 284 340 394 
f 285 318 375 
f 1458 318 285 
f 375 347 285 
f 285 1431 1458 
f 286 316 2563 
f 286 2563 2617 
f 286 2617 2679 
f 287 291 1274 
f 1678 291 287 
f 287 1274 1816 
f 1423 1291 287 
f 287 1291 1678 
f 2260 311 288 
f 288 311 2402 
f 288 2191 2260 
f 2311 2191 288 
f 2402 2285 288 
f 426 324 289 
f 289 397 426 
f 2400 303 290 
f 2508 315 290 
f 290 315 2514 
f 465 429 290 
f 290 429 2400 
f 2514 465 290 
f 1678 1237 291 
f 1284 1274 291 
f 1664 1284 291 
f 291 1467 1664 
f 292 320 480 
f 480 450 292 
f 422 322 293 
f 293 378 422 
f 294 304 440 
f 294 440 447 
f 360 339 295 
f 1561 360 295 
f 295 1350 1715 
f 1715 1561 295 
f 424 304 296 
f 296 394 424 
f 297 301 2145 
f 2688 301 297 
f 297 2165 2688 
f 2811 2165 297 
f 297 2703 2811 
f 298 338 2215 
f 2216 338 298 
f 1914 1440 298 
f 2215 1914 298 
f 298 1925 2026 
f 298 2026 2216 
f 2817 391 299 
f 299 391 2830 
f 300 355 395 
f 1843 355 300 
f 301 432 1822 
f 2688 432 301 
f 301 1822 2567 
f 2567 2145 301 
f 302 374 1281 
f 2830 374 302 
f 302 1281 2723 
f 441 340 303 
f 303 403 441 
f 2400 403 303 
f 304 424 440 
f 305 370 372 
f 451 370 305 
f 305 372 2451 
f 305 401 451 
f 2451 2439 305 
f 306 312 365 
f 306 365 2926 
f 2926 1843 306 
f 2559 366 307 
f 307 1986 2559 
f 1438 367 308 
f 308 367 2736 
f 308 1235 2559 
f 2736 1235 308 
f 2559 1986 308 
f 462 368 309 
f 309 368 1438 
f 309 407 462 
f 310 372 382 
f 2451 372 310 
f 310 2439 2451 
f 311 333 2282 
f 2479 333 311 
f 311 2260 2479 
f 311 2282 2486 
f 2486 2402 311 
f 408 365 312 
f 1489 408 312 
f 312 1406 1489 
f 1368 1365 313 
f 1490 1368 313 
f 313 1480 1491 
f 1491 1490 313 
f 459 406 314 
f 314 410 459 
f 1490 410 314 
f 314 1365 1368 
f 314 1368 1490 
f 2124 337 315 
f 315 337 2529 
f 2508 2124 315 
f 2529 2514 315 
f 316 326 388 
f 388 386 316 
f 316 386 2563 
f 317 386 2065 
f 2563 386 317 
f 2532 1318 317 
f 317 1318 2563 
f 2065 1483 317 
f 317 1483 2532 
f 415 375 318 
f 318 387 415 
f 1279 387 318 
f 1458 1279 318 
f 319 366 413 
f 319 413 1383 
f 319 1383 2306 
f 320 349 491 
f 491 480 320 
f 321 382 421 
f 321 421 2744 
f 321 1862 1865 
f 2744 1862 321 
f 422 392 322 
f 2028 420 323 
f 323 420 2527 
f 323 1789 2459 
f 2527 1789 323 
f 478 378 324 
f 324 426 478 
f 2071 425 325 
f 325 425 2605 
f 325 1823 1838 
f 2605 1823 325 
f 427 388 326 
f 2399 427 326 
f 327 339 428 
f 327 428 2280 
f 2309 332 328 
f 328 332 2703 
f 328 343 1795 
f 2774 343 328 
f 328 1795 2309 
f 328 2703 2774 
f 1519 330 329 
f 329 352 1565 
f 329 1459 1519 
f 1565 1459 329 
f 1519 353 330 
f 331 336 2369 
f 2886 336 331 
f 2247 350 331 
f 331 350 2924 
f 2369 2247 331 
f 331 2460 2843 
f 2924 2460 331 
f 331 2843 2886 
f 2740 373 332 
f 332 373 2811 
f 332 2309 2740 
f 2811 2703 332 
f 333 358 2557 
f 2648 358 333 
f 2557 2282 333 
f 333 2479 2648 
f 1765 335 334 
f 334 335 2278 
f 334 354 1441 
f 2879 354 334 
f 1441 1245 334 
f 334 1245 1765 
f 334 2278 2879 
f 335 356 1519 
f 1765 356 335 
f 1519 1459 335 
f 335 1459 2278 
f 336 359 2371 
f 2624 359 336 
f 2371 2369 336 
f 2863 2624 336 
f 2895 2863 336 
f 336 2886 2895 
f 337 361 520 
f 2124 361 337 
f 337 520 2529 
f 338 390 2319 
f 2704 390 338 
f 2319 2215 338 
f 338 2216 2704 
f 339 360 442 
f 442 428 339 
f 484 394 340 
f 340 441 484 
f 341 342 346 
f 362 342 341 
f 363 362 341 
f 1351 345 342 
f 342 345 1952 
f 1952 346 342 
f 342 362 2331 
f 2331 1351 342 
f 343 396 2295 
f 2694 396 343 
f 2295 1795 343 
f 2774 2694 343 
f 347 345 344 
f 344 345 1351 
f 2331 369 344 
f 344 1351 2331 
f 345 347 376 
f 345 376 1463 
f 345 1463 1952 
f 1463 377 346 
f 1952 1463 346 
f 347 375 376 
f 348 351 2310 
f 2873 351 348 
f 2533 371 348 
f 348 371 2561 
f 348 2310 2533 
f 2561 2489 348 
f 348 2489 2873 
f 349 392 528 
f 528 491 349 
f 350 393 2841 
f 2912 393 350 
f 350 2247 2912 
f 350 2841 2924 
f 2550 380 351 
f 351 380 2758 
f 351 1766 2310 
f 2758 1766 351 
f 2873 2550 351 
f 352 395 1686 
f 1686 1565 352 
f 1842 401 353 
f 353 1519 1842 
f 354 400 2209 
f 2879 400 354 
f 2209 1441 354 
f 355 357 448 
f 1843 357 355 
f 443 395 355 
f 445 443 355 
f 448 445 355 
f 356 404 1488 
f 2678 404 356 
f 356 1488 1842 
f 1842 1519 356 
f 356 1765 2678 
f 2918 448 357 
f 357 1843 2926 
f 2931 2918 357 
f 357 2926 2931 
f 2707 384 358 
f 358 2648 2707 
f 359 411 2361 
f 2610 411 359 
f 359 2361 2371 
f 2624 2610 359 
f 468 442 360 
f 2414 468 360 
f 360 1561 2414 
f 361 385 551 
f 551 520 361 
f 362 363 405 
f 362 405 2383 
f 2383 2331 362 
f 406 405 363 
f 518 379 364 
f 364 381 547 
f 547 518 364 
f 365 408 453 
f 365 453 2918 
f 365 2918 2931 
f 2931 2926 365 
f 456 413 366 
f 366 455 456 
f 1235 455 366 
f 2559 1235 366 
f 1438 368 367 
f 367 368 1492 
f 367 1492 2352 
f 367 2352 2736 
f 462 457 368 
f 368 457 1492 
f 2383 407 369 
f 369 2331 2383 
f 2441 372 370 
f 370 451 504 
f 504 461 370 
f 370 461 2441 
f 2533 412 371 
f 371 412 2805 
f 371 2281 2561 
f 2805 2281 371 
f 466 382 372 
f 2441 466 372 
f 2629 2165 373 
f 373 2165 2811 
f 2637 2629 373 
f 2740 2637 373 
f 374 472 1281 
f 2830 472 374 
f 416 376 375 
f 375 415 416 
f 376 416 417 
f 376 417 1463 
f 2263 433 377 
f 1463 1389 377 
f 377 1389 1940 
f 377 1940 2263 
f 503 422 378 
f 378 478 503 
f 501 397 379 
f 518 501 379 
f 1913 418 380 
f 380 418 1915 
f 2128 1913 380 
f 380 1915 2758 
f 2362 2128 380 
f 2550 2362 380 
f 381 402 2676 
f 588 547 381 
f 2676 588 381 
f 466 421 382 
f 471 438 383 
f 383 438 2414 
f 2086 471 383 
f 383 1561 1715 
f 2414 1561 383 
f 383 1715 2086 
f 604 389 384 
f 629 604 384 
f 2707 629 384 
f 385 389 581 
f 581 551 385 
f 386 388 476 
f 386 476 2665 
f 386 1684 2065 
f 2665 1684 386 
f 469 415 387 
f 477 469 387 
f 1483 477 387 
f 387 1279 1483 
f 388 427 476 
f 604 581 389 
f 390 423 692 
f 390 692 694 
f 390 694 2319 
f 2704 2175 390 
f 391 487 2253 
f 2795 487 391 
f 391 2253 2830 
f 2817 2795 391 
f 392 422 528 
f 393 437 2822 
f 2909 437 393 
f 393 2822 2842 
f 2842 2841 393 
f 2912 2909 393 
f 534 424 394 
f 394 484 534 
f 395 443 2825 
f 2825 1686 395 
f 396 463 2732 
f 2732 2295 396 
f 513 426 397 
f 397 501 513 
f 2098 399 398 
f 398 399 2371 
f 398 414 2272 
f 2361 414 398 
f 2272 2098 398 
f 2371 2361 398 
f 399 419 2247 
f 2359 419 399 
f 399 2098 2359 
f 399 2247 2369 
f 399 2369 2371 
f 400 449 2287 
f 2730 449 400 
f 1686 1280 400 
f 400 1280 2730 
f 2879 1686 400 
f 2287 2209 400 
f 1282 451 401 
f 1943 1282 401 
f 401 1842 1943 
f 402 430 2565 
f 2720 430 402 
f 402 2565 2676 
f 403 429 486 
f 2400 429 403 
f 519 441 403 
f 403 486 519 
f 404 460 1488 
f 2366 460 404 
f 404 1443 2208 
f 2678 1443 404 
f 2208 1707 404 
f 404 1707 2366 
f 405 406 458 
f 405 458 1951 
f 405 1951 2383 
f 459 458 406 
f 2383 462 407 
f 502 453 408 
f 1287 502 408 
f 1489 1287 408 
f 1296 499 409 
f 409 499 1491 
f 1493 1296 409 
f 1480 1479 409 
f 409 1479 1493 
f 1491 1480 409 
f 506 459 410 
f 410 500 506 
f 1490 500 410 
f 467 444 411 
f 411 444 2361 
f 2851 467 411 
f 2610 2233 411 
f 411 2233 2851 
f 2305 464 412 
f 412 464 2692 
f 1441 1240 412 
f 412 1240 1769 
f 2533 1441 412 
f 412 1769 2305 
f 412 2692 2805 
f 413 456 541 
f 541 509 413 
f 413 509 2659 
f 2149 1383 413 
f 2659 2149 413 
f 414 444 489 
f 2361 444 414 
f 414 489 2272 
f 470 416 415 
f 415 469 470 
f 470 417 416 
f 417 470 474 
f 417 474 1486 
f 1486 1463 417 
f 418 473 1915 
f 2553 473 418 
f 2452 1506 418 
f 418 1506 2553 
f 418 1913 2452 
f 2200 454 419 
f 419 454 2912 
f 2359 2200 419 
f 2912 2247 419 
f 515 514 420 
f 420 514 2527 
f 2173 515 420 
f 420 2028 2173 
f 421 466 546 
f 546 517 421 
f 421 517 2773 
f 421 1912 2744 
f 2773 1912 421 
f 422 503 528 
f 423 439 682 
f 423 682 692 
f 567 440 424 
f 424 534 567 
f 1863 1261 425 
f 425 1261 2605 
f 425 1862 1912 
f 2071 1862 425 
f 1912 1863 425 
f 543 478 426 
f 426 513 543 
f 531 476 427 
f 1271 531 427 
f 2399 1271 427 
f 428 442 530 
f 428 530 2324 
f 428 1497 2280 
f 2324 1497 428 
f 429 465 2515 
f 556 486 429 
f 2515 556 429 
f 2138 479 430 
f 430 479 2360 
f 2613 2138 430 
f 430 2360 2565 
f 2720 2613 430 
f 431 434 596 
f 618 435 431 
f 431 596 618 
f 432 526 527 
f 1422 526 432 
f 432 527 1396 
f 432 1396 2068 
f 1929 1422 432 
f 2068 1822 432 
f 2015 1929 432 
f 2165 2015 432 
f 2688 2165 432 
f 433 565 1424 
f 2263 565 433 
f 1424 1225 433 
f 433 1225 2719 
f 2086 1715 433 
f 2719 2086 433 
f 434 450 585 
f 434 585 596 
f 668 452 435 
f 435 452 2528 
f 435 618 668 
f 436 446 2669 
f 2740 446 436 
f 1921 492 436 
f 436 492 2637 
f 436 1442 1921 
f 2669 1442 436 
f 436 2637 2740 
f 437 490 2621 
f 2906 490 437 
f 437 2621 2813 
f 437 2813 2837 
f 2837 2822 437 
f 2909 2906 437 
f 438 471 2289 
f 2289 511 438 
f 438 511 2414 
f 439 447 655 
f 439 655 682 
f 607 447 440 
f 440 567 607 
f 558 484 441 
f 441 519 558 
f 442 468 545 
f 545 530 442 
f 443 445 496 
f 443 496 2825 
f 444 467 482 
f 444 482 2818 
f 2176 489 444 
f 2294 2176 444 
f 2818 2294 444 
f 445 448 535 
f 566 496 445 
f 445 535 566 
f 1795 483 446 
f 446 483 1983 
f 2309 1795 446 
f 446 1983 2669 
f 2740 2309 446 
f 447 607 655 
f 1845 535 448 
f 2901 1845 448 
f 2927 2901 448 
f 448 2918 2927 
f 449 498 1785 
f 2730 498 449 
f 1769 1240 449 
f 449 1240 2287 
f 1785 1769 449 
f 450 480 591 
f 591 585 450 
f 1282 504 451 
f 452 481 2528 
f 2705 481 452 
f 452 668 697 
f 452 697 2705 
f 453 502 539 
f 453 539 2901 
f 453 2901 2927 
f 2927 2918 453 
f 2024 493 454 
f 454 493 2909 
f 2200 2024 454 
f 454 2909 2912 
f 541 456 455 
f 1523 541 455 
f 455 1235 2352 
f 2352 1523 455 
f 457 462 512 
f 457 512 542 
f 457 542 1295 
f 457 1295 1492 
f 458 459 2628 
f 458 505 1951 
f 2628 505 458 
f 459 506 2628 
f 1285 1282 460 
f 460 1282 1488 
f 1509 1285 460 
f 2366 1509 460 
f 461 504 573 
f 573 544 461 
f 461 544 2443 
f 2443 2441 461 
f 1951 512 462 
f 2383 1951 462 
f 2723 537 463 
f 463 537 2732 
f 464 516 2096 
f 2305 516 464 
f 464 2096 2692 
f 2514 488 465 
f 465 488 2930 
f 2930 2515 465 
f 2443 546 466 
f 466 2441 2443 
f 2893 482 467 
f 467 2851 2877 
f 467 2877 2893 
f 468 511 557 
f 2414 511 468 
f 557 545 468 
f 532 470 469 
f 469 477 521 
f 469 521 532 
f 1826 474 470 
f 470 532 1826 
f 471 497 2289 
f 2315 497 471 
f 471 2086 2719 
f 2719 2315 471 
f 472 554 1394 
f 2253 554 472 
f 1520 1281 472 
f 472 1394 1520 
f 2830 2253 472 
f 2385 522 473 
f 473 522 2413 
f 2747 1915 473 
f 2436 2385 473 
f 473 2413 2747 
f 2553 2436 473 
f 474 524 1773 
f 1826 524 474 
f 1773 1486 474 
f 475 477 1483 
f 1687 477 475 
f 1684 548 475 
f 475 548 1687 
f 475 1483 1684 
f 476 531 550 
f 476 550 2665 
f 549 521 477 
f 1687 549 477 
f 574 503 478 
f 478 543 574 
f 479 510 2213 
f 2214 510 479 
f 479 2138 2214 
f 479 2213 2537 
f 2537 2360 479 
f 480 491 609 
f 609 591 480 
f 481 494 2403 
f 2647 494 481 
f 481 2403 2600 
f 2600 2528 481 
f 2705 2647 481 
f 482 526 2818 
f 2850 526 482 
f 2893 2850 482 
f 1410 533 483 
f 483 533 1528 
f 1795 1410 483 
f 483 1528 1983 
f 614 534 484 
f 484 558 614 
f 2272 489 485 
f 485 489 2589 
f 485 495 2272 
f 2735 495 485 
f 485 2589 2797 
f 2797 2735 485 
f 576 519 486 
f 486 556 1990 
f 486 561 576 
f 1990 561 486 
f 1665 593 487 
f 487 593 1904 
f 2795 1665 487 
f 487 1904 2253 
f 488 520 2381 
f 2529 520 488 
f 488 2381 2421 
f 488 2421 2930 
f 488 2514 2529 
f 2176 508 489 
f 489 508 2589 
f 490 559 2621 
f 2900 559 490 
f 2906 2900 490 
f 491 528 653 
f 653 609 491 
f 1533 507 492 
f 492 507 2629 
f 2058 1533 492 
f 1921 1841 492 
f 492 1841 2058 
f 492 2629 2637 
f 2078 552 493 
f 493 552 2906 
f 493 2024 2078 
f 493 2906 2909 
f 494 536 2193 
f 2487 536 494 
f 494 2193 2403 
f 2647 2487 494 
f 495 525 2098 
f 2364 525 495 
f 495 2098 2272 
f 2735 2364 495 
f 496 566 2485 
f 2485 2453 496 
f 496 2453 2825 
f 497 560 2289 
f 2880 560 497 
f 497 1421 1828 
f 2315 1421 497 
f 497 1828 2880 
f 1303 569 498 
f 498 569 1785 
f 498 1280 1518 
f 2730 1280 498 
f 1518 1303 498 
f 1296 611 499 
f 499 611 1981 
f 1981 1491 499 
f 572 506 500 
f 612 572 500 
f 1253 612 500 
f 1490 1253 500 
f 582 513 501 
f 501 518 598 
f 598 582 501 
f 613 539 502 
f 1299 613 502 
f 502 1287 1299 
f 653 528 503 
f 503 574 653 
f 2106 573 504 
f 504 1282 1285 
f 504 1285 2106 
f 2329 571 505 
f 505 571 2549 
f 2549 1951 505 
f 2628 2329 505 
f 506 572 2628 
f 1532 601 507 
f 507 601 1929 
f 1534 1532 507 
f 507 1533 1534 
f 507 1929 2015 
f 507 2015 2629 
f 508 2176 2294 
f 508 2294 2695 
f 508 2562 2589 
f 2695 2562 508 
f 509 541 635 
f 635 616 509 
f 509 616 2659 
f 1645 555 510 
f 510 555 1888 
f 1881 1645 510 
f 2214 1881 510 
f 510 1888 2213 
f 599 557 511 
f 511 560 599 
f 2289 560 511 
f 577 542 512 
f 2670 577 512 
f 512 1951 2549 
f 512 2549 2670 
f 589 543 513 
f 513 582 589 
f 514 515 623 
f 514 623 1299 
f 1299 1287 514 
f 514 1287 1489 
f 514 1489 2527 
f 624 623 515 
f 2505 624 515 
f 515 2173 2505 
f 516 583 1898 
f 2750 583 516 
f 516 1898 2096 
f 516 2305 2750 
f 517 546 628 
f 517 628 2469 
f 2469 2435 517 
f 517 2435 2773 
f 518 547 646 
f 646 598 518 
f 615 558 519 
f 519 576 615 
f 520 551 2316 
f 520 2316 2381 
f 587 532 521 
f 521 549 587 
f 522 2385 2544 
f 2566 2413 522 
f 522 2544 2793 
f 2619 2566 522 
f 2793 2619 522 
f 2855 538 523 
f 523 538 2870 
f 523 2808 2911 
f 2921 2808 523 
f 523 2849 2910 
f 2911 2849 523 
f 2910 2855 523 
f 523 2870 2921 
f 1826 590 524 
f 524 590 2466 
f 2466 1773 524 
f 2265 564 525 
f 525 564 2359 
f 2359 2098 525 
f 2364 2265 525 
f 592 527 526 
f 2762 592 526 
f 526 1422 2294 
f 526 2294 2818 
f 2872 2762 526 
f 526 2850 2872 
f 527 592 634 
f 527 634 2505 
f 2505 1396 527 
f 641 531 529 
f 529 531 1271 
f 1878 641 529 
f 529 1271 2690 
f 2449 1878 529 
f 2690 2449 529 
f 530 545 643 
f 530 643 2640 
f 2640 2324 530 
f 641 550 531 
f 532 587 595 
f 532 595 1826 
f 1410 597 533 
f 533 597 1528 
f 688 567 534 
f 534 614 688 
f 654 566 535 
f 627 626 535 
f 535 626 654 
f 1845 627 535 
f 2190 562 536 
f 536 562 2193 
f 536 1989 2190 
f 2487 1989 536 
f 537 617 1250 
f 1281 617 537 
f 1278 1247 537 
f 537 1247 2732 
f 537 1250 1278 
f 2723 1281 537 
f 2867 2766 538 
f 538 2766 2883 
f 538 2855 2867 
f 2883 2870 538 
f 539 613 633 
f 633 627 539 
f 539 627 1845 
f 539 1845 2901 
f 540 636 1523 
f 1621 636 540 
f 540 1492 2147 
f 2352 1492 540 
f 540 1523 2352 
f 2147 1621 540 
f 2318 635 541 
f 541 1523 2318 
f 542 577 637 
f 542 637 1535 
f 1535 1295 542 
f 625 574 543 
f 543 589 625 
f 544 573 667 
f 667 640 544 
f 544 640 2443 
f 545 557 1626 
f 662 643 545 
f 1626 662 545 
f 650 628 546 
f 2443 650 546 
f 547 588 699 
f 699 646 547 
f 2375 1539 548 
f 548 1539 2572 
f 548 1684 2665 
f 2572 1687 548 
f 2665 2375 548 
f 659 587 549 
f 549 657 659 
f 1687 657 549 
f 550 641 658 
f 550 658 2375 
f 550 2375 2665 
f 551 581 757 
f 551 757 2316 
f 1641 622 552 
f 552 622 2900 
f 2078 1641 552 
f 552 2900 2906 
f 553 584 1551 
f 2791 584 553 
f 553 1551 2849 
f 2911 2791 553 
f 553 2849 2911 
f 1904 673 554 
f 554 673 2467 
f 1503 1394 554 
f 2467 1503 554 
f 2253 1904 554 
f 1761 606 555 
f 555 606 2056 
f 555 1645 1761 
f 2056 1888 555 
f 556 579 2042 
f 2515 579 556 
f 556 677 1990 
f 2042 677 556 
f 557 599 681 
f 557 681 1626 
f 684 614 558 
f 558 615 684 
f 559 644 2601 
f 2900 644 559 
f 559 2601 2621 
f 651 599 560 
f 1825 651 560 
f 2880 1825 560 
f 602 576 561 
f 561 580 602 
f 703 580 561 
f 561 677 703 
f 1990 677 561 
f 562 600 2001 
f 2283 600 562 
f 562 2001 2193 
f 562 2190 2283 
f 2521 570 563 
f 563 570 2589 
f 2562 621 563 
f 563 621 2737 
f 2737 2521 563 
f 2589 2562 563 
f 564 620 2024 
f 2148 620 564 
f 564 2024 2200 
f 2265 2148 564 
f 564 2200 2359 
f 2159 575 565 
f 565 575 2757 
f 565 1302 1640 
f 2668 1302 565 
f 1640 1424 565 
f 565 1940 2159 
f 2263 1940 565 
f 2757 2668 565 
f 566 654 2492 
f 2492 2485 566 
f 746 607 567 
f 567 688 746 
f 568 608 2810 
f 2833 608 568 
f 2810 1800 568 
f 568 1800 2883 
f 568 2766 2833 
f 2883 2766 568 
f 1303 660 569 
f 569 660 2095 
f 2406 1785 569 
f 569 2095 2406 
f 1973 594 570 
f 570 594 2735 
f 2521 1973 570 
f 2797 2589 570 
f 570 2735 2797 
f 2250 663 571 
f 571 663 2713 
f 2329 2250 571 
f 2670 2549 571 
f 2713 2670 571 
f 572 612 664 
f 572 664 2329 
f 572 2329 2628 
f 1546 667 573 
f 2106 1546 573 
f 574 625 715 
f 715 653 574 
f 575 603 1814 
f 2027 603 575 
f 1814 1811 575 
f 575 1811 2757 
f 2051 2027 575 
f 2159 2051 575 
f 576 602 632 
f 632 615 576 
f 669 637 577 
f 2713 669 577 
f 577 2670 2713 
f 1511 670 578 
f 578 670 2871 
f 578 1285 1509 
f 2106 1285 578 
f 578 1509 1511 
f 2871 2106 578 
f 579 610 2516 
f 2930 610 579 
f 2516 2042 579 
f 579 2515 2930 
f 1841 602 580 
f 580 703 2680 
f 2058 1841 580 
f 2558 2058 580 
f 2680 2558 580 
f 581 604 778 
f 778 757 581 
f 619 589 582 
f 582 598 631 
f 631 619 582 
f 583 672 1659 
f 2063 672 583 
f 583 1659 2231 
f 2231 1898 583 
f 2750 2063 583 
f 1556 605 584 
f 584 605 1585 
f 1585 1551 584 
f 2791 1556 584 
f 585 591 695 
f 705 596 585 
f 585 695 705 
f 2619 675 586 
f 586 675 2859 
f 586 2251 2697 
f 2859 2251 586 
f 586 2566 2619 
f 2697 2566 586 
f 676 595 587 
f 587 659 676 
f 588 665 771 
f 2676 665 588 
f 771 699 588 
f 589 619 645 
f 645 625 589 
f 1618 679 590 
f 590 679 2163 
f 1826 1618 590 
f 590 2163 2466 
f 591 609 701 
f 701 695 591 
f 678 634 592 
f 2783 678 592 
f 592 2762 2783 
f 1796 708 593 
f 593 708 2073 
f 593 1665 1796 
f 2073 1904 593 
f 2683 639 594 
f 594 639 2735 
f 594 1973 2683 
f 595 676 685 
f 595 685 1502 
f 595 1502 1618 
f 595 1618 1826 
f 727 618 596 
f 596 705 727 
f 1247 689 597 
f 597 689 1576 
f 1270 1247 597 
f 1410 1270 597 
f 2376 1528 597 
f 597 1576 2376 
f 674 631 598 
f 598 646 674 
f 599 651 704 
f 704 681 599 
f 600 647 1743 
f 2277 647 600 
f 600 1743 1829 
f 600 1829 2001 
f 2312 2277 600 
f 600 2283 2312 
f 1532 621 601 
f 601 621 2562 
f 601 1422 1929 
f 2695 1422 601 
f 601 2562 2695 
f 2714 632 602 
f 602 1841 2816 
f 2816 2714 602 
f 1548 661 603 
f 603 661 1814 
f 1994 1548 603 
f 2027 1994 603 
f 604 629 2789 
f 2789 778 604 
f 1673 630 605 
f 605 630 2000 
f 605 1556 1587 
f 2000 1585 605 
f 605 1587 1673 
f 606 671 1322 
f 2222 671 606 
f 606 1322 1420 
f 1761 1339 606 
f 606 1339 2222 
f 606 1420 2056 
f 790 655 607 
f 607 746 790 
f 1290 656 608 
f 608 656 2868 
f 1306 1290 608 
f 608 1300 1306 
f 2833 1300 608 
f 2868 2810 608 
f 609 653 715 
f 715 701 609 
f 2421 666 610 
f 610 666 2462 
f 2930 2421 610 
f 610 2462 2516 
f 611 718 1311 
f 1541 718 611 
f 611 1296 1541 
f 611 1311 2166 
f 2166 1981 611 
f 719 664 612 
f 1568 719 612 
f 612 1253 1867 
f 1867 1568 612 
f 720 633 613 
f 2246 720 613 
f 613 1299 2246 
f 614 684 745 
f 745 688 614 
f 615 632 686 
f 686 684 615 
f 616 635 729 
f 729 725 616 
f 616 725 2391 
f 616 2391 2659 
f 1394 710 617 
f 617 710 2418 
f 1419 1250 617 
f 617 1281 1520 
f 1520 1394 617 
f 2418 1419 617 
f 773 668 618 
f 618 727 773 
f 619 631 1421 
f 1225 645 619 
f 1421 1225 619 
f 1933 690 620 
f 620 690 2024 
f 2148 1933 620 
f 621 1251 1385 
f 2134 1251 621 
f 621 1385 2737 
f 621 1532 2134 
f 1620 696 622 
f 622 696 2900 
f 1641 1620 622 
f 623 624 733 
f 623 733 1277 
f 623 1277 2246 
f 2246 1299 623 
f 736 733 624 
f 2509 736 624 
f 624 2505 2509 
f 625 645 765 
f 765 715 625 
f 626 627 712 
f 714 654 626 
f 626 712 714 
f 627 633 716 
f 716 712 627 
f 628 650 740 
f 628 740 1864 
f 628 1864 2469 
f 629 648 2597 
f 2707 648 629 
f 2597 848 629 
f 629 848 2789 
f 1673 649 630 
f 630 649 2191 
f 2191 2000 630 
f 631 674 1702 
f 1828 1421 631 
f 631 1702 1828 
f 2829 686 632 
f 632 2714 2829 
f 722 716 633 
f 633 720 722 
f 634 678 743 
f 634 743 2509 
f 2509 2505 634 
f 1563 729 635 
f 2318 1563 635 
f 636 728 1563 
f 1621 728 636 
f 2318 1523 636 
f 636 1563 2318 
f 637 669 730 
f 637 730 1308 
f 637 1308 1535 
f 1923 751 638 
f 638 751 2672 
f 638 1261 1863 
f 1982 1261 638 
f 638 1863 1864 
f 638 1864 1923 
f 2672 1982 638 
f 639 691 2364 
f 2657 691 639 
f 639 2364 2735 
f 2683 2657 639 
f 640 667 726 
f 640 726 731 
f 640 731 1606 
f 640 1606 2440 
f 640 2440 2443 
f 760 658 641 
f 1878 760 641 
f 642 761 2449 
f 2618 761 642 
f 642 1230 2640 
f 2690 1230 642 
f 642 2449 2690 
f 2640 2618 642 
f 643 662 762 
f 643 762 2618 
f 643 2618 2640 
f 2317 709 644 
f 644 709 2616 
f 2900 2317 644 
f 2616 2601 644 
f 1302 765 645 
f 645 1225 1424 
f 1640 1302 645 
f 645 1424 1640 
f 713 674 646 
f 646 699 713 
f 647 680 1743 
f 2277 680 647 
f 648 652 2478 
f 2648 652 648 
f 648 2478 2597 
f 2707 2648 648 
f 2262 652 649 
f 649 652 2479 
f 649 1673 2185 
f 649 2185 2262 
f 2260 2191 649 
f 2479 2260 649 
f 650 739 740 
f 2291 739 650 
f 2440 2291 650 
f 2443 2440 650 
f 737 704 651 
f 1900 737 651 
f 651 1825 1869 
f 651 1869 1900 
f 652 2262 2478 
f 2648 2479 652 
f 654 714 2492 
f 2652 682 655 
f 655 790 840 
f 655 840 2652 
f 1426 683 656 
f 656 683 2427 
f 656 1290 1426 
f 656 2427 2476 
f 656 2476 2868 
f 756 659 657 
f 2450 756 657 
f 657 1687 2572 
f 2572 2450 657 
f 760 754 658 
f 658 754 2653 
f 2653 2375 658 
f 756 676 659 
f 1560 721 660 
f 660 721 2062 
f 660 1303 1560 
f 660 2062 2095 
f 2153 707 661 
f 661 707 2904 
f 661 1548 2271 
f 2904 1814 661 
f 2271 2153 661 
f 766 762 662 
f 1583 766 662 
f 1626 1583 662 
f 724 669 663 
f 663 669 2713 
f 2250 724 663 
f 664 719 723 
f 664 723 2250 
f 664 2250 2329 
f 665 711 833 
f 2360 711 665 
f 833 771 665 
f 2565 2360 665 
f 2676 2565 665 
f 2316 700 666 
f 666 700 2386 
f 2381 2316 666 
f 2421 2381 666 
f 666 2386 2462 
f 2861 726 667 
f 667 1546 2861 
f 810 697 668 
f 668 773 810 
f 669 724 732 
f 732 730 669 
f 1288 735 670 
f 670 735 1592 
f 1511 1288 670 
f 670 1592 2917 
f 2917 2871 670 
f 671 702 1266 
f 2340 702 671 
f 671 1266 1307 
f 671 1307 1322 
f 671 2222 2340 
f 672 738 2498 
f 2591 738 672 
f 672 1599 1659 
f 2498 1599 672 
f 672 2063 2591 
f 2073 767 673 
f 673 767 2467 
f 673 1904 2073 
f 674 713 2351 
f 2335 1702 674 
f 2351 2335 674 
f 675 749 1889 
f 2919 749 675 
f 675 1889 2859 
f 675 2619 2920 
f 2920 2919 675 
f 750 685 676 
f 756 750 676 
f 677 687 717 
f 2042 687 677 
f 717 703 677 
f 748 743 678 
f 1599 748 678 
f 2783 1599 678 
f 1502 759 679 
f 679 759 2127 
f 1618 1502 679 
f 679 2127 2288 
f 2288 2163 679 
f 1236 698 680 
f 680 698 1467 
f 1742 1236 680 
f 680 1467 1743 
f 2277 1742 680 
f 681 704 775 
f 681 775 1583 
f 681 1583 1626 
f 2691 692 682 
f 682 2652 2691 
f 683 693 1412 
f 1914 693 683 
f 683 1412 1435 
f 683 1426 1440 
f 683 1435 2427 
f 683 1440 1914 
f 684 686 753 
f 753 745 684 
f 685 750 763 
f 685 763 1502 
f 1554 753 686 
f 2829 1554 686 
f 2516 706 687 
f 687 706 2545 
f 741 717 687 
f 2545 741 687 
f 687 2042 2516 
f 688 745 804 
f 804 746 688 
f 1250 772 689 
f 689 772 1576 
f 689 1247 1278 
f 1278 1250 689 
f 1933 764 690 
f 690 764 2078 
f 2078 2024 690 
f 691 744 2148 
f 2645 744 691 
f 691 2148 2265 
f 691 2265 2364 
f 2657 2645 691 
f 2539 694 692 
f 2691 2539 692 
f 693 694 1959 
f 2215 694 693 
f 1779 1412 693 
f 1959 1779 693 
f 693 1914 2215 
f 2221 1959 694 
f 694 2215 2319 
f 2539 2221 694 
f 695 701 742 
f 758 705 695 
f 695 742 758 
f 1433 768 696 
f 696 768 2317 
f 1620 1433 696 
f 696 2317 2900 
f 2586 752 697 
f 697 752 2647 
f 697 810 2586 
f 697 2647 2705 
f 698 734 1284 
f 1362 734 698 
f 698 1236 1677 
f 698 1284 1664 
f 1677 1362 698 
f 1664 1467 698 
f 782 713 699 
f 699 771 782 
f 700 757 2229 
f 2316 757 700 
f 700 2229 2386 
f 701 715 1558 
f 1558 742 701 
f 702 734 1813 
f 1816 734 702 
f 1294 1266 702 
f 1813 1294 702 
f 2340 1816 702 
f 703 717 2858 
f 703 1251 2134 
f 2858 1251 703 
f 703 2134 2680 
f 704 737 788 
f 788 775 704 
f 770 727 705 
f 705 758 770 
f 2462 747 706 
f 706 747 2506 
f 2516 2462 706 
f 706 2506 2545 
f 2548 769 707 
f 707 769 2896 
f 707 2153 2301 
f 707 2301 2548 
f 707 2896 2908 
f 2908 2904 707 
f 795 767 708 
f 708 767 2073 
f 1634 795 708 
f 2560 1634 708 
f 708 1796 2560 
f 709 768 776 
f 2317 768 709 
f 709 776 2854 
f 2806 2616 709 
f 709 2741 2806 
f 2854 2741 709 
f 710 791 1228 
f 2467 791 710 
f 710 1228 2418 
f 710 1394 1503 
f 710 1503 2467 
f 2537 777 711 
f 711 777 2682 
f 2194 833 711 
f 2682 2194 711 
f 711 2360 2537 
f 781 714 712 
f 712 716 794 
f 794 781 712 
f 713 782 2666 
f 1900 1869 713 
f 713 1869 2351 
f 2666 1900 713 
f 714 781 1579 
f 714 1579 2492 
f 715 765 1558 
f 716 722 801 
f 796 794 716 
f 801 796 716 
f 717 741 2788 
f 2788 2738 717 
f 717 2738 2858 
f 718 814 1311 
f 1616 814 718 
f 1541 1310 718 
f 718 1310 1616 
f 815 723 719 
f 1568 815 719 
f 816 722 720 
f 1277 816 720 
f 2246 1277 720 
f 721 783 2062 
f 2673 783 721 
f 721 1560 1579 
f 721 1579 1588 
f 721 1588 2673 
f 816 801 722 
f 815 785 723 
f 723 785 2100 
f 723 2100 2250 
f 2755 732 724 
f 2100 784 724 
f 724 784 2755 
f 2250 2100 724 
f 725 729 807 
f 725 807 818 
f 725 818 1632 
f 725 1632 2650 
f 2650 2391 725 
f 786 731 726 
f 2861 786 726 
f 727 770 793 
f 793 773 727 
f 728 808 1407 
f 1995 808 728 
f 1407 1371 728 
f 728 1371 1563 
f 728 1621 1995 
f 1563 807 729 
f 730 732 809 
f 730 809 1308 
f 731 786 806 
f 731 806 1606 
f 732 789 809 
f 2755 789 732 
f 733 736 824 
f 733 824 1226 
f 733 1226 1277 
f 734 1274 1284 
f 1816 1274 734 
f 734 1362 1813 
f 735 1234 1820 
f 1928 1234 735 
f 735 1288 1889 
f 1820 1592 735 
f 735 1889 1928 
f 2512 824 736 
f 736 2509 2512 
f 817 788 737 
f 2671 817 737 
f 737 1900 2666 
f 737 2666 2671 
f 738 792 2498 
f 2556 792 738 
f 738 2067 2556 
f 2591 2067 738 
f 825 740 739 
f 739 813 825 
f 2291 813 739 
f 740 825 1948 
f 740 1309 1864 
f 1948 1309 740 
f 2545 774 741 
f 741 774 2828 
f 2828 2788 741 
f 1875 758 742 
f 1558 765 742 
f 742 765 1805 
f 742 1805 1875 
f 743 748 826 
f 743 826 2512 
f 2512 2509 743 
f 744 787 1933 
f 2663 787 744 
f 744 1933 2148 
f 744 2645 2663 
f 745 753 812 
f 812 804 745 
f 867 790 746 
f 746 804 867 
f 747 779 2370 
f 2386 779 747 
f 747 2370 2506 
f 2462 2386 747 
f 748 798 826 
f 2498 798 748 
f 748 1599 2498 
f 749 799 1889 
f 2633 799 749 
f 2790 2633 749 
f 2881 2790 749 
f 2919 2881 749 
f 750 756 822 
f 800 763 750 
f 822 800 750 
f 1850 828 751 
f 751 828 2796 
f 1923 1850 751 
f 2796 2672 751 
f 2325 780 752 
f 752 780 2487 
f 2586 2325 752 
f 752 2487 2647 
f 2700 812 753 
f 753 1554 2700 
f 754 760 821 
f 754 821 2074 
f 754 2074 2653 
f 2074 1272 755 
f 755 1272 2249 
f 2572 1539 755 
f 755 1539 2653 
f 2249 1601 755 
f 755 1601 2614 
f 2653 2074 755 
f 2614 2572 755 
f 2450 822 756 
f 757 778 876 
f 876 832 757 
f 757 832 2229 
f 2875 770 758 
f 758 1875 2661 
f 758 2661 2820 
f 758 2820 2875 
f 759 763 805 
f 1502 763 759 
f 805 802 759 
f 759 802 2389 
f 2389 2127 759 
f 829 821 760 
f 1628 829 760 
f 1696 1628 760 
f 1878 1696 760 
f 1603 1376 761 
f 761 1376 1637 
f 2618 1603 761 
f 761 1637 2449 
f 762 766 831 
f 762 831 2618 
f 763 800 805 
f 1969 797 764 
f 764 797 2733 
f 764 1433 1620 
f 2733 1433 764 
f 764 1620 1641 
f 764 1641 2078 
f 764 1933 1969 
f 765 1302 1805 
f 766 775 837 
f 1583 775 766 
f 837 831 766 
f 767 795 841 
f 767 841 864 
f 767 864 2099 
f 767 2099 2467 
f 820 776 768 
f 1433 820 768 
f 2902 823 769 
f 769 823 2903 
f 769 2548 2902 
f 2898 2896 769 
f 2903 2898 769 
f 2905 793 770 
f 770 2875 2905 
f 858 782 771 
f 771 833 2752 
f 2752 858 771 
f 772 836 1328 
f 1419 836 772 
f 772 1250 1419 
f 772 1328 1598 
f 1598 1576 772 
f 773 793 838 
f 838 810 773 
f 2506 803 774 
f 774 803 2828 
f 2545 2506 774 
f 775 788 853 
f 853 837 775 
f 776 820 834 
f 776 834 2878 
f 2885 2854 776 
f 776 2878 2885 
f 2070 835 777 
f 777 835 2220 
f 2213 2070 777 
f 2537 2213 777 
f 777 2220 2682 
f 778 819 2729 
f 2789 819 778 
f 930 876 778 
f 2729 930 778 
f 779 832 850 
f 2229 832 779 
f 779 850 2370 
f 2386 2229 779 
f 780 827 2256 
f 2480 827 780 
f 780 2256 2487 
f 780 2325 2480 
f 781 794 839 
f 781 839 1333 
f 781 1333 1588 
f 1588 1579 781 
f 782 858 2684 
f 2671 2666 782 
f 2717 2671 782 
f 782 2684 2717 
f 783 842 1323 
f 2673 842 783 
f 783 1323 2556 
f 2556 2062 783 
f 2232 844 784 
f 784 844 2754 
f 784 2100 2230 
f 784 2230 2232 
f 784 2754 2755 
f 785 815 888 
f 888 845 785 
f 785 845 2232 
f 2230 2100 785 
f 2232 2230 785 
f 846 806 786 
f 2891 846 786 
f 786 2861 2891 
f 1462 843 787 
f 787 843 1933 
f 2663 1462 787 
f 788 817 869 
f 869 853 788 
f 875 809 789 
f 789 847 875 
f 2754 847 789 
f 2755 2754 789 
f 2094 840 790 
f 790 867 2094 
f 2099 864 791 
f 791 864 2578 
f 1242 1228 791 
f 791 1238 1242 
f 2578 1238 791 
f 2467 2099 791 
f 792 851 2500 
f 2556 851 792 
f 2500 2498 792 
f 1466 838 793 
f 2551 1466 793 
f 2905 2551 793 
f 794 796 863 
f 863 839 794 
f 877 841 795 
f 2660 877 795 
f 795 1634 2660 
f 796 801 866 
f 2444 863 796 
f 796 866 2444 
f 1969 843 797 
f 797 843 2716 
f 2716 852 797 
f 797 852 2733 
f 906 826 798 
f 798 854 906 
f 2500 854 798 
f 798 2498 2500 
f 799 856 2555 
f 2594 856 799 
f 2555 1889 799 
f 2606 2594 799 
f 2633 2606 799 
f 857 805 800 
f 800 822 885 
f 885 857 800 
f 801 816 889 
f 889 866 801 
f 802 805 859 
f 802 859 2708 
f 1798 1573 802 
f 802 1573 2389 
f 2708 1798 802 
f 803 850 2097 
f 2370 850 803 
f 2097 1809 803 
f 803 1809 2828 
f 2506 2370 803 
f 804 812 879 
f 879 867 804 
f 805 857 861 
f 861 859 805 
f 806 811 1606 
f 2916 811 806 
f 806 846 870 
f 806 870 2916 
f 895 818 807 
f 807 873 895 
f 2412 873 807 
f 1563 1371 807 
f 807 1371 2412 
f 808 809 875 
f 1308 809 808 
f 808 875 1315 
f 1995 1308 808 
f 808 1315 1407 
f 810 838 890 
f 890 855 810 
f 810 855 2586 
f 871 813 811 
f 811 813 2291 
f 2916 871 811 
f 2291 1606 811 
f 2077 879 812 
f 812 1708 2077 
f 2700 1708 812 
f 878 825 813 
f 813 871 878 
f 1324 1311 814 
f 1625 1324 814 
f 1616 1326 814 
f 814 1326 1625 
f 2622 888 815 
f 815 1568 2622 
f 1226 889 816 
f 1277 1226 816 
f 894 869 817 
f 2684 894 817 
f 817 2671 2717 
f 2717 2684 817 
f 818 895 1632 
f 819 848 2729 
f 2789 848 819 
f 865 834 820 
f 1718 865 820 
f 820 1433 1718 
f 821 829 920 
f 920 883 821 
f 821 883 2363 
f 821 1272 2074 
f 2363 1272 821 
f 822 884 885 
f 2426 884 822 
f 2450 2426 822 
f 823 872 1470 
f 1613 872 823 
f 823 1470 1584 
f 823 1584 2903 
f 2902 1613 823 
f 901 899 824 
f 824 899 1226 
f 2513 901 824 
f 824 2512 2513 
f 825 878 904 
f 825 904 1948 
f 826 906 2513 
f 2513 2512 826 
f 827 862 2009 
f 2184 862 827 
f 827 2009 2190 
f 2259 2184 827 
f 827 2190 2256 
f 2480 2259 827 
f 1850 915 828 
f 828 915 2388 
f 828 2388 2398 
f 828 2398 2796 
f 2784 920 829 
f 829 1628 2784 
f 1637 1376 830 
f 830 1376 1998 
f 830 1628 1637 
f 2784 1628 830 
f 830 1998 2784 
f 831 837 919 
f 831 919 2739 
f 831 1603 2618 
f 2739 1603 831 
f 912 850 832 
f 832 876 2866 
f 2866 912 832 
f 2194 910 833 
f 833 910 2570 
f 833 2570 2752 
f 834 865 882 
f 834 882 1861 
f 834 1861 2779 
f 834 2779 2878 
f 835 886 1918 
f 2167 886 835 
f 2070 1797 835 
f 835 1797 2167 
f 835 1918 2220 
f 1242 922 836 
f 836 922 1328 
f 2520 1242 836 
f 836 1419 2520 
f 837 853 925 
f 925 919 837 
f 1470 890 838 
f 838 1466 1584 
f 1584 1470 838 
f 839 863 887 
f 839 887 1333 
f 2638 881 840 
f 840 881 2652 
f 2114 1037 840 
f 840 1037 2638 
f 840 2094 2114 
f 926 864 841 
f 841 877 926 
f 842 892 1323 
f 1341 892 842 
f 842 1333 1341 
f 1588 1333 842 
f 2673 1588 842 
f 1897 893 843 
f 843 893 2716 
f 843 1462 1893 
f 843 1893 1897 
f 1969 1933 843 
f 2232 897 844 
f 844 897 2754 
f 845 888 977 
f 977 898 845 
f 845 898 2232 
f 896 870 846 
f 2777 896 846 
f 846 1582 2777 
f 2891 1582 846 
f 950 875 847 
f 847 903 950 
f 2754 903 847 
f 848 868 2297 
f 2597 868 848 
f 848 2297 2729 
f 849 902 1478 
f 1938 902 849 
f 1478 1330 849 
f 849 1330 1582 
f 1582 1530 849 
f 849 1530 2864 
f 849 1820 1938 
f 2864 1820 849 
f 850 912 1617 
f 850 1617 2097 
f 1323 908 851 
f 851 908 2493 
f 2556 1323 851 
f 851 2493 2496 
f 851 2496 2500 
f 852 909 1417 
f 2689 909 852 
f 852 1417 2733 
f 2716 2689 852 
f 853 869 969 
f 933 925 853 
f 969 933 853 
f 985 906 854 
f 854 914 985 
f 2496 914 854 
f 2500 2496 854 
f 855 890 962 
f 2397 923 855 
f 855 923 2586 
f 855 962 2397 
f 2722 917 856 
f 856 917 2775 
f 2775 2555 856 
f 856 2594 2722 
f 916 861 857 
f 857 885 965 
f 965 916 857 
f 858 938 2655 
f 2752 938 858 
f 858 2655 2687 
f 2687 2684 858 
f 859 861 921 
f 859 921 2137 
f 859 2137 2708 
f 1249 880 860 
f 860 880 2279 
f 2254 905 860 
f 860 905 2815 
f 1538 1249 860 
f 2815 1538 860 
f 2302 2254 860 
f 860 2279 2302 
f 861 916 924 
f 924 921 861 
f 862 907 1837 
f 2004 907 862 
f 862 1837 2009 
f 2184 2004 862 
f 932 887 863 
f 934 932 863 
f 2444 934 863 
f 864 926 2358 
f 2358 943 864 
f 864 943 2578 
f 928 882 865 
f 1611 928 865 
f 1718 1611 865 
f 866 889 937 
f 937 934 866 
f 866 934 2444 
f 867 879 972 
f 972 951 867 
f 867 951 2094 
f 868 891 2255 
f 2478 891 868 
f 868 2255 2482 
f 2482 2297 868 
f 2597 2478 868 
f 869 894 2724 
f 2724 969 869 
f 870 896 941 
f 870 941 2916 
f 947 878 871 
f 1605 947 871 
f 2916 1605 871 
f 872 936 1661 
f 2794 936 872 
f 1767 1470 872 
f 872 1613 2794 
f 872 1661 1767 
f 979 895 873 
f 873 948 979 
f 2856 948 873 
f 873 2412 2856 
f 1315 949 874 
f 874 949 2651 
f 1407 1315 874 
f 874 1371 1407 
f 2412 1371 874 
f 874 1882 2412 
f 2651 1882 874 
f 875 950 2798 
f 2798 1315 875 
f 876 930 2765 
f 876 2765 2866 
f 966 926 877 
f 1890 966 877 
f 2677 1890 877 
f 877 2660 2677 
f 947 904 878 
f 2101 972 879 
f 879 2077 2101 
f 1550 900 880 
f 880 900 1556 
f 880 1249 1550 
f 1556 1537 880 
f 880 1537 2279 
f 2320 927 881 
f 881 927 2539 
f 2535 2320 881 
f 2638 2535 881 
f 881 2539 2691 
f 2691 2652 881 
f 882 928 1001 
f 882 1001 2799 
f 2827 1861 882 
f 882 2799 2827 
f 883 920 997 
f 997 963 883 
f 883 963 2363 
f 965 885 884 
f 1638 965 884 
f 884 1601 2245 
f 2426 1601 884 
f 2674 1638 884 
f 884 2245 2674 
f 886 939 1446 
f 2167 939 886 
f 886 1446 1918 
f 887 932 935 
f 887 935 1335 
f 1335 1333 887 
f 1658 977 888 
f 2622 1658 888 
f 975 937 889 
f 1354 975 889 
f 889 1226 1354 
f 1661 962 890 
f 890 1470 1767 
f 1767 1661 890 
f 891 911 1501 
f 2185 911 891 
f 891 1501 2182 
f 891 2182 2255 
f 2262 2185 891 
f 2478 2262 891 
f 1891 940 892 
f 892 940 2236 
f 2236 1323 892 
f 892 1341 1895 
f 1895 1891 892 
f 1897 954 893 
f 893 954 2716 
f 2655 987 894 
f 894 987 2724 
f 2687 2655 894 
f 894 2684 2687 
f 895 979 1655 
f 895 1434 1632 
f 1655 1434 895 
f 942 941 896 
f 2923 942 896 
f 896 2777 2923 
f 2196 944 897 
f 897 944 2721 
f 2327 2196 897 
f 897 2232 2327 
f 897 2721 2754 
f 1061 945 898 
f 898 945 2196 
f 898 977 1061 
f 898 2196 2327 
f 2327 2232 898 
f 899 901 981 
f 899 981 1404 
f 1354 1226 899 
f 1404 1354 899 
f 1512 913 900 
f 900 913 1587 
f 1550 1512 900 
f 1587 1556 900 
f 2510 981 901 
f 2513 2510 901 
f 902 946 1876 
f 2887 946 902 
f 1938 1243 902 
f 902 1243 2448 
f 2448 1468 902 
f 902 1468 2887 
f 1876 1478 902 
f 1020 950 903 
f 903 952 1020 
f 2764 952 903 
f 2754 2721 903 
f 903 2721 2764 
f 904 947 982 
f 904 982 1646 
f 904 1646 1859 
f 904 1859 1948 
f 2681 929 905 
f 905 929 2815 
f 2254 1259 905 
f 905 1259 2681 
f 906 985 2510 
f 906 2510 2513 
f 907 931 1742 
f 1834 931 907 
f 907 1742 1837 
f 2004 1834 907 
f 2236 955 908 
f 908 955 2481 
f 908 1323 2236 
f 908 2481 2493 
f 909 956 1589 
f 2685 956 909 
f 1474 1417 909 
f 1589 1474 909 
f 2689 2685 909 
f 910 990 2332 
f 2682 990 910 
f 910 2194 2682 
f 910 2332 2570 
f 911 913 1501 
f 1673 913 911 
f 2185 1673 911 
f 912 973 2011 
f 2866 973 912 
f 2011 1617 912 
f 913 1464 1501 
f 1512 1464 913 
f 1673 1587 913 
f 914 957 1071 
f 2493 957 914 
f 1071 985 914 
f 2496 2493 914 
f 915 992 2419 
f 2800 992 915 
f 915 1850 2626 
f 2419 2388 915 
f 915 2626 2800 
f 958 924 916 
f 1030 958 916 
f 916 965 1030 
f 917 959 1762 
f 2884 959 917 
f 917 1762 2775 
f 917 2722 2884 
f 918 995 1998 
f 2585 995 918 
f 918 1376 1603 
f 1998 1376 918 
f 918 1603 2739 
f 2739 2585 918 
f 919 925 996 
f 919 996 2585 
f 919 2585 2739 
f 2784 997 920 
f 921 924 961 
f 921 961 1643 
f 921 1643 2137 
f 1393 991 922 
f 922 991 1781 
f 1242 1238 922 
f 922 1238 1393 
f 1649 1328 922 
f 1781 1649 922 
f 923 974 2325 
f 2338 974 923 
f 923 2325 2586 
f 2397 2338 923 
f 924 958 967 
f 967 961 924 
f 925 933 1026 
f 1009 996 925 
f 1026 1009 925 
f 926 966 2731 
f 926 1974 2358 
f 2785 1974 926 
f 926 2731 2785 
f 1961 953 927 
f 927 953 2221 
f 2211 1961 927 
f 2320 2211 927 
f 927 2221 2539 
f 1719 1001 928 
f 928 1611 1721 
f 1721 1719 928 
f 929 960 2339 
f 2348 960 929 
f 2339 1849 929 
f 929 1849 2815 
f 2681 2348 929 
f 930 998 2654 
f 2729 998 930 
f 930 2654 2765 
f 1553 968 931 
f 931 968 1742 
f 1834 1553 931 
f 932 934 1008 
f 1005 935 932 
f 1008 1005 932 
f 933 969 2753 
f 2753 1026 933 
f 934 937 1011 
f 1011 1008 934 
f 1005 980 935 
f 935 980 1343 
f 1343 1335 935 
f 2794 1010 936 
f 936 1010 2838 
f 2590 1661 936 
f 936 2136 2590 
f 2838 2136 936 
f 937 975 1011 
f 1053 987 938 
f 938 987 2655 
f 2332 1053 938 
f 2570 2332 938 
f 2752 2570 938 
f 1266 994 939 
f 939 994 2428 
f 1307 1266 939 
f 1477 1307 939 
f 2428 1446 939 
f 2167 1477 939 
f 1648 1344 940 
f 940 1344 2519 
f 1891 1648 940 
f 2519 2236 940 
f 941 942 1012 
f 941 1012 2929 
f 941 1605 2916 
f 2929 1605 941 
f 942 984 1067 
f 2923 984 942 
f 1067 1012 942 
f 943 1042 1313 
f 1974 1042 943 
f 1313 1238 943 
f 943 1238 2578 
f 2358 1974 943 
f 1652 988 944 
f 944 988 2764 
f 2196 1652 944 
f 2764 2721 944 
f 1115 989 945 
f 945 989 1652 
f 945 1061 1115 
f 945 1652 2196 
f 946 986 1871 
f 2887 986 946 
f 946 1871 1877 
f 1877 1876 946 
f 1015 982 947 
f 947 1013 1015 
f 1605 1013 947 
f 1018 979 948 
f 2696 1018 948 
f 2856 2696 948 
f 949 1315 2798 
f 949 2333 2651 
f 2809 2333 949 
f 949 2798 2809 
f 950 1020 2809 
f 2809 2798 950 
f 951 972 1079 
f 951 1037 2114 
f 2725 1037 951 
f 951 1079 2725 
f 2114 2094 951 
f 952 988 993 
f 2764 988 952 
f 952 993 1083 
f 1083 1020 952 
f 1694 970 953 
f 953 970 1779 
f 1879 1694 953 
f 953 1779 1959 
f 1961 1879 953 
f 953 1959 2221 
f 954 1007 1799 
f 2093 1007 954 
f 1897 1660 954 
f 954 1660 2093 
f 954 1799 2689 
f 954 2689 2716 
f 955 999 2481 
f 2519 999 955 
f 955 2236 2519 
f 956 1004 1589 
f 2396 1004 956 
f 2685 2396 956 
f 957 1050 1123 
f 2481 1050 957 
f 1123 1071 957 
f 2493 2481 957 
f 1000 967 958 
f 1030 1000 958 
f 959 1003 1469 
f 2812 1003 959 
f 1469 1468 959 
f 959 1468 1762 
f 959 2517 2826 
f 2884 2517 959 
f 2826 2812 959 
f 960 971 1338 
f 2427 971 960 
f 960 1338 2339 
f 960 2348 2476 
f 2476 2427 960 
f 961 967 1006 
f 1006 1002 961 
f 961 1002 2534 
f 1672 1643 961 
f 2534 1672 961 
f 962 1041 2338 
f 2590 1041 962 
f 962 1661 2590 
f 962 2338 2397 
f 963 997 1075 
f 1075 1028 963 
f 963 1028 2686 
f 2643 2363 963 
f 2686 2643 963 
f 964 1227 2363 
f 2674 1227 964 
f 2686 1679 964 
f 964 1679 2728 
f 964 2363 2643 
f 964 2643 2686 
f 2728 2674 964 
f 965 1029 1030 
f 1638 1029 965 
f 966 1084 2731 
f 2743 1084 966 
f 966 1890 2814 
f 2814 2743 966 
f 967 1000 1006 
f 968 978 1236 
f 1680 978 968 
f 968 1236 1742 
f 968 1553 1680 
f 2724 1059 969 
f 969 1059 2753 
f 1337 971 970 
f 970 971 1435 
f 1593 1337 970 
f 1435 1412 970 
f 970 1412 1779 
f 1694 1593 970 
f 971 1337 1338 
f 2427 1435 971 
f 2072 1079 972 
f 2101 2072 972 
f 973 1054 1683 
f 2654 1054 973 
f 973 1683 2011 
f 2765 2654 973 
f 2866 2765 973 
f 974 1047 2259 
f 2404 1047 974 
f 974 2259 2480 
f 2480 2325 974 
f 974 2338 2404 
f 1058 1011 975 
f 1379 1058 975 
f 975 1354 1379 
f 976 1060 1355 
f 1633 1060 976 
f 1625 1326 976 
f 976 1326 1633 
f 1355 1329 976 
f 976 1329 1625 
f 1229 1061 977 
f 1658 1229 977 
f 1363 1057 978 
f 978 1057 1677 
f 1677 1236 978 
f 1671 1363 978 
f 1680 1671 978 
f 979 1018 1064 
f 979 1064 2715 
f 2715 1655 979 
f 980 1005 1062 
f 1062 1014 980 
f 980 1014 1348 
f 1348 1343 980 
f 981 1069 1404 
f 2503 1069 981 
f 2507 2503 981 
f 2510 2507 981 
f 982 1015 1066 
f 982 1066 1646 
f 1348 1017 983 
f 983 1017 1648 
f 2141 1348 983 
f 983 1648 1891 
f 983 1891 1895 
f 983 1895 2141 
f 984 1016 1094 
f 2568 1016 984 
f 1094 1067 984 
f 2923 2568 984 
f 985 1071 2507 
f 985 2507 2510 
f 1469 1021 986 
f 986 1021 2407 
f 2887 1469 986 
f 986 1868 1871 
f 2407 1868 986 
f 987 1053 2767 
f 2313 1059 987 
f 987 1059 2724 
f 2767 2313 987 
f 1025 993 988 
f 988 1022 1025 
f 1652 1022 988 
f 1023 1022 989 
f 989 1022 1652 
f 1115 1023 989 
f 990 1086 2219 
f 2220 1086 990 
f 990 2219 2536 
f 2682 2220 990 
f 2536 2332 990 
f 1922 1072 991 
f 991 1072 1996 
f 991 1393 1922 
f 1996 1781 991 
f 992 1078 1784 
f 2644 1078 992 
f 992 1784 2419 
f 2800 2644 992 
f 1025 1024 993 
f 993 1024 1104 
f 1104 1083 993 
f 1294 1036 994 
f 994 1036 2227 
f 994 1266 1294 
f 994 2227 2474 
f 2474 2428 994 
f 1264 1076 995 
f 995 1076 1297 
f 2585 1264 995 
f 995 1297 1998 
f 996 1009 1089 
f 1089 1077 996 
f 996 1077 2585 
f 2693 1075 997 
f 997 1297 2693 
f 2784 1297 997 
f 2297 1056 998 
f 998 1056 2667 
f 2729 2297 998 
f 2667 2654 998 
f 1344 1027 999 
f 999 1027 1690 
f 2519 1344 999 
f 999 1690 2524 
f 2524 2481 999 
f 1032 1006 1000 
f 1000 1030 1088 
f 1088 1032 1000 
f 2416 1653 1001 
f 1001 1653 2844 
f 1001 1719 2416 
f 2844 2799 1001 
f 1002 1006 1038 
f 1038 1031 1002 
f 1002 1031 1907 
f 1002 1907 2534 
f 1003 1034 1770 
f 2862 1034 1003 
f 1770 1469 1003 
f 1003 2812 2862 
f 1723 1589 1004 
f 2075 1723 1004 
f 1004 1939 2355 
f 2396 1939 1004 
f 2355 2075 1004 
f 1005 1008 1062 
f 1006 1032 1038 
f 1007 1055 1799 
f 1955 1055 1007 
f 1988 1955 1007 
f 2093 1988 1007 
f 1008 1011 1068 
f 1063 1062 1008 
f 1068 1063 1008 
f 1009 1026 1095 
f 1095 1089 1009 
f 2819 1074 1010 
f 1010 1074 2838 
f 2137 1332 1010 
f 1010 1332 2819 
f 1010 1614 2137 
f 2794 1614 1010 
f 1011 1058 1068 
f 1012 1067 2929 
f 1070 1015 1013 
f 2853 1070 1013 
f 1013 1605 2929 
f 2929 2853 1013 
f 1091 1033 1014 
f 1014 1033 1353 
f 1014 1062 1091 
f 1353 1348 1014 
f 1073 1066 1015 
f 1015 1070 1073 
f 1016 1035 1110 
f 1575 1035 1016 
f 1110 1094 1016 
f 2834 1575 1016 
f 1016 2568 2834 
f 1627 1039 1017 
f 1017 1039 2018 
f 1017 1348 1353 
f 1017 1353 1627 
f 2018 1648 1017 
f 1081 1064 1018 
f 1082 1081 1018 
f 2696 1082 1018 
f 2409 1082 1019 
f 1019 1082 2696 
f 2333 1780 1019 
f 1019 1780 2409 
f 1019 1882 2651 
f 2696 1882 1019 
f 2651 2333 1019 
f 1020 1083 2809 
f 1770 1052 1021 
f 1021 1052 2080 
f 1021 1469 1770 
f 1021 2080 2407 
f 1022 1023 1924 
f 1043 1025 1022 
f 1924 1043 1022 
f 1023 1115 1149 
f 1023 1149 1522 
f 1522 1254 1023 
f 1023 1254 1896 
f 1023 1896 1924 
f 1024 1025 1044 
f 1024 1044 1045 
f 1024 1045 1130 
f 1130 1104 1024 
f 1025 1043 1044 
f 1902 1095 1026 
f 2718 1902 1026 
f 2753 2718 1026 
f 2434 1051 1027 
f 1027 1051 2523 
f 1027 1344 2018 
f 2523 1690 1027 
f 1027 2018 2434 
f 1028 1075 1124 
f 1124 1087 1028 
f 1028 1087 1327 
f 1028 1327 2686 
f 1088 1030 1029 
f 2377 1088 1029 
f 1029 1638 2728 
f 1029 1700 2377 
f 2728 1700 1029 
f 1031 1038 1049 
f 1049 1046 1031 
f 1031 1046 1927 
f 1927 1907 1031 
f 1048 1038 1032 
f 1109 1048 1032 
f 1032 1088 1109 
f 1106 1035 1033 
f 1033 1035 1575 
f 1033 1091 1106 
f 1704 1353 1033 
f 1033 1575 1704 
f 1034 1052 1770 
f 2115 1052 1034 
f 1034 1945 2115 
f 2862 1945 1034 
f 1035 1106 1110 
f 1036 1057 1703 
f 1813 1057 1036 
f 1036 1294 1813 
f 1036 1703 2350 
f 2350 2227 1036 
f 1037 1100 2535 
f 2542 1100 1037 
f 1037 2535 2638 
f 2649 2542 1037 
f 2725 2649 1037 
f 1038 1048 1049 
f 1627 1040 1039 
f 1039 1040 2080 
f 2081 2018 1039 
f 1039 2080 2081 
f 1040 1627 1681 
f 1040 1681 1868 
f 1040 1868 2407 
f 2407 2080 1040 
f 1041 1102 2338 
f 2710 1102 1041 
f 1041 2590 2710 
f 1975 1313 1042 
f 1974 1366 1042 
f 1042 1366 2495 
f 1042 1810 1975 
f 2495 1810 1042 
f 1046 1044 1043 
f 1924 1046 1043 
f 1048 1045 1044 
f 1044 1046 1049 
f 1049 1048 1044 
f 1045 1048 1134 
f 1134 1130 1045 
f 1046 1924 1927 
f 1047 1096 2004 
f 2188 1096 1047 
f 1047 2004 2184 
f 1047 2184 2259 
f 2404 2188 1047 
f 1048 1109 1134 
f 1050 1065 1155 
f 1690 1065 1050 
f 1155 1123 1050 
f 2524 1690 1050 
f 1050 2481 2524 
f 1051 1052 2411 
f 2434 1052 1051 
f 1051 2411 2523 
f 2081 2080 1052 
f 2434 2081 1052 
f 1052 2115 2411 
f 2536 1136 1053 
f 1053 1136 2767 
f 1053 2332 2536 
f 1054 1105 2048 
f 2667 1105 1054 
f 2048 1683 1054 
f 1054 2654 2667 
f 1055 1439 1790 
f 2204 1439 1055 
f 1790 1706 1055 
f 1055 1706 1799 
f 1055 1955 2204 
f 1056 1092 1824 
f 2482 1092 1056 
f 1056 1824 2580 
f 1056 2297 2482 
f 1056 2580 2667 
f 1057 1362 1677 
f 1813 1362 1057 
f 1057 1363 1703 
f 1111 1068 1058 
f 1429 1111 1058 
f 1058 1379 1429 
f 1059 1135 2718 
f 2852 1135 1059 
f 1059 2313 2852 
f 1059 2718 2753 
f 1060 1114 1355 
f 2712 1114 1060 
f 1060 1633 2631 
f 2631 1693 1060 
f 1060 1693 2712 
f 2179 1115 1061 
f 1061 1229 2179 
f 1062 1063 1093 
f 1093 1091 1062 
f 1063 1068 1098 
f 1098 1093 1063 
f 1064 1081 1119 
f 1064 1119 2787 
f 2787 2715 1064 
f 1065 1080 1180 
f 1387 1080 1065 
f 1180 1155 1065 
f 1690 1387 1065 
f 1066 1073 1120 
f 1066 1120 2734 
f 2803 1646 1066 
f 1066 2734 2803 
f 1067 1094 2853 
f 1067 2853 2929 
f 1111 1098 1068 
f 1069 1121 2154 
f 2494 1121 1069 
f 1069 1403 1404 
f 2154 1403 1069 
f 2503 2494 1069 
f 1099 1073 1070 
f 1070 1097 1099 
f 2853 1097 1070 
f 1071 1123 2503 
f 1071 2503 2507 
f 1695 1145 1072 
f 1072 1145 1854 
f 1922 1695 1072 
f 1072 1854 2052 
f 2052 1996 1072 
f 1073 1099 1146 
f 1146 1120 1073 
f 1697 1116 1074 
f 1074 1116 1874 
f 2819 1697 1074 
f 1074 1874 2136 
f 1074 2136 2838 
f 2857 1124 1075 
f 1075 2693 2857 
f 2303 1125 1076 
f 1076 1125 2693 
f 1076 1264 2303 
f 2693 1297 1076 
f 1077 1089 1126 
f 1077 1126 1932 
f 1932 1264 1077 
f 1077 1264 2585 
f 1078 1127 2029 
f 2644 1127 1078 
f 1916 1784 1078 
f 2029 1916 1078 
f 1937 1150 1079 
f 1079 1150 2649 
f 2072 1937 1079 
f 1079 2649 2725 
f 1772 1085 1080 
f 1080 1085 2357 
f 1979 1180 1080 
f 1080 1387 2699 
f 1080 1482 1979 
f 2357 1482 1080 
f 1946 1772 1080 
f 2699 1946 1080 
f 1081 1082 1103 
f 1081 1103 1119 
f 1870 1103 1082 
f 1082 1712 1870 
f 2409 1712 1082 
f 1083 1104 1257 
f 1083 1257 1663 
f 1083 1663 2809 
f 1650 1090 1084 
f 1084 1090 2731 
f 1084 1161 1650 
f 2623 1161 1084 
f 2792 2623 1084 
f 1084 2743 2792 
f 1085 1653 1717 
f 1772 1653 1085 
f 1085 1717 2502 
f 2502 2357 1085 
f 1086 1143 1609 
f 1918 1143 1086 
f 1086 1609 2219 
f 2220 1918 1086 
f 1124 1107 1087 
f 1087 1107 1327 
f 2378 1109 1088 
f 1088 2377 2378 
f 1089 1095 1794 
f 1794 1126 1089 
f 1090 1366 1974 
f 2495 1366 1090 
f 1090 1650 2495 
f 1090 1974 2785 
f 2785 2731 1090 
f 1091 1093 1112 
f 1112 1106 1091 
f 1092 1128 1746 
f 2182 1128 1092 
f 1092 1746 1824 
f 2255 2182 1092 
f 2482 2255 1092 
f 1093 1098 1117 
f 1117 1112 1093 
f 1094 1110 2353 
f 1094 2353 2853 
f 1768 1142 1095 
f 1095 1142 1794 
f 1902 1768 1095 
f 1651 1138 1096 
f 1096 1138 1834 
f 2188 1651 1096 
f 1096 1834 2004 
f 1113 1099 1097 
f 2353 1113 1097 
f 2853 2353 1097 
f 1098 1111 1144 
f 1144 1117 1098 
f 1099 1113 1118 
f 1099 1118 1168 
f 1168 1146 1099 
f 1100 1156 2211 
f 2491 1156 1100 
f 1100 2211 2320 
f 1100 2320 2535 
f 2542 2491 1100 
f 1317 1147 1101 
f 1101 1147 1347 
f 1101 1241 1317 
f 1682 1241 1101 
f 1101 1347 2394 
f 1790 1439 1101 
f 1101 1439 2204 
f 2204 1682 1101 
f 2394 1790 1101 
f 1102 1165 2188 
f 2770 1165 1102 
f 1102 2188 2404 
f 2404 2338 1102 
f 1102 2710 2770 
f 1153 1119 1103 
f 1103 1129 1153 
f 1870 1129 1103 
f 1104 1130 2454 
f 2454 1257 1104 
f 2580 1163 1105 
f 1105 1163 2914 
f 2914 2048 1105 
f 2667 2580 1105 
f 1112 1110 1106 
f 1107 1124 1157 
f 1107 1132 1133 
f 1176 1132 1107 
f 1107 1133 2836 
f 1107 1157 1176 
f 2836 1327 1107 
f 1108 1700 1713 
f 2378 1700 1108 
f 1108 1713 2709 
f 1108 1726 2518 
f 2709 1726 1108 
f 2518 2378 1108 
f 2378 1134 1109 
f 1110 1112 1113 
f 1110 1113 2353 
f 1524 1144 1111 
f 1111 1429 1524 
f 1117 1113 1112 
f 1113 1117 1118 
f 1722 1148 1114 
f 1114 1148 2019 
f 1114 1152 1722 
f 2712 1152 1114 
f 2019 1355 1114 
f 1244 1149 1115 
f 1656 1244 1115 
f 2179 1656 1115 
f 1698 1140 1116 
f 1116 1140 2876 
f 1116 1697 1698 
f 2876 1874 1116 
f 1168 1118 1117 
f 1117 1144 1167 
f 1117 1167 1168 
f 1119 1153 1786 
f 1786 1689 1119 
f 1119 1689 2787 
f 1120 1146 2734 
f 1121 1154 2154 
f 2468 1154 1121 
f 2494 2468 1121 
f 1122 1137 1249 
f 1580 1137 1122 
f 1304 1185 1122 
f 1122 1185 2150 
f 1122 1249 1538 
f 1538 1304 1122 
f 1415 1397 1122 
f 1122 1397 1580 
f 2235 1415 1122 
f 1122 2150 2235 
f 1123 1155 2494 
f 1123 2494 2503 
f 2786 1157 1124 
f 2857 2786 1124 
f 2445 1289 1125 
f 1125 1289 2786 
f 1125 2303 2455 
f 2455 2445 1125 
f 2857 2693 1125 
f 1125 2786 2857 
f 1166 1159 1126 
f 1126 1159 1932 
f 1794 1166 1126 
f 1127 1160 1987 
f 2574 1160 1127 
f 1127 1402 2574 
f 2644 1402 1127 
f 1127 1987 2029 
f 1501 1139 1128 
f 1128 1139 1674 
f 2182 1501 1128 
f 1128 1674 1746 
f 1133 1132 1129 
f 1129 1132 1176 
f 1639 1133 1129 
f 1172 1153 1129 
f 1176 1172 1129 
f 1870 1639 1129 
f 1130 1134 2518 
f 2518 2454 1130 
f 1131 1133 1639 
f 2709 1133 1131 
f 1131 1639 1870 
f 1870 1712 1131 
f 1131 1712 1950 
f 1950 1726 1131 
f 1131 1726 2709 
f 2709 1713 1133 
f 1133 1713 2836 
f 1134 2378 2518 
f 1135 1183 1902 
f 2852 1183 1135 
f 1135 1902 2718 
f 2219 1193 1136 
f 1136 1193 2801 
f 2536 2219 1136 
f 2776 2767 1136 
f 2801 2776 1136 
f 1137 1141 1512 
f 1580 1141 1137 
f 1550 1249 1137 
f 1137 1512 1550 
f 1138 1170 1553 
f 1586 1170 1138 
f 1138 1553 1834 
f 1651 1586 1138 
f 1501 1141 1139 
f 1139 1141 1615 
f 1139 1615 1674 
f 1699 1164 1140 
f 1140 1164 2894 
f 1140 1378 2876 
f 2925 1378 1140 
f 1140 1698 1699 
f 1140 2894 2925 
f 1501 1464 1141 
f 1141 1464 1512 
f 1141 1580 1615 
f 1734 1182 1142 
f 1142 1182 1794 
f 1768 1734 1142 
f 1143 1190 1427 
f 2428 1190 1143 
f 1143 1427 1454 
f 1918 1446 1143 
f 1143 1446 2428 
f 1143 1454 1609 
f 1629 1167 1144 
f 1144 1524 2268 
f 2268 1629 1144 
f 1847 1358 1145 
f 1145 1358 2286 
f 1545 1373 1145 
f 1145 1373 1847 
f 1695 1545 1145 
f 2286 1854 1145 
f 1146 1168 1399 
f 1146 1399 2734 
f 1147 1200 1935 
f 2504 1200 1147 
f 1147 1317 2103 
f 1935 1347 1147 
f 2103 2084 1147 
f 1147 2084 2504 
f 1175 1171 1148 
f 1148 1171 1244 
f 1729 1175 1148 
f 1148 1244 1656 
f 1148 1656 2019 
f 1148 1722 1729 
f 1149 1244 2499 
f 1149 1386 1522 
f 2499 1386 1149 
f 1150 1196 2491 
f 2845 1196 1150 
f 1150 1937 2845 
f 1150 2491 2542 
f 1150 2542 2649 
f 1473 1373 1151 
f 1151 1373 1975 
f 1644 1473 1151 
f 1944 1644 1151 
f 1975 1810 1151 
f 1151 1810 2495 
f 2501 1944 1151 
f 1151 2495 2501 
f 1382 1173 1152 
f 1152 1173 1727 
f 1947 1382 1152 
f 1152 1693 1947 
f 2712 1693 1152 
f 1727 1722 1152 
f 1153 1172 1848 
f 1848 1786 1153 
f 1956 1174 1154 
f 1154 1174 2268 
f 2181 1956 1154 
f 2268 2154 1154 
f 2468 2181 1154 
f 1155 1180 1388 
f 1155 1388 2181 
f 1155 2181 2468 
f 1155 2468 2494 
f 1623 1187 1156 
f 1156 1187 1879 
f 1730 1623 1156 
f 2491 1730 1156 
f 1156 1879 1961 
f 1156 1961 2211 
f 1636 1176 1157 
f 1157 1289 1636 
f 2786 1289 1157 
f 1740 1177 1158 
f 1158 1177 2445 
f 2365 1740 1158 
f 2303 1932 1158 
f 1158 1932 2379 
f 2455 2303 1158 
f 2379 2365 1158 
f 1158 2445 2455 
f 1159 1166 1178 
f 1159 1178 2365 
f 2379 1932 1159 
f 1159 2365 2379 
f 1160 1179 1987 
f 2158 1179 1160 
f 2574 2158 1160 
f 1375 1180 1161 
f 1161 1180 1395 
f 2623 1375 1161 
f 1161 1395 2501 
f 2501 1650 1161 
f 1736 1208 1162 
f 1162 1208 2547 
f 1676 1254 1162 
f 1162 1254 1736 
f 2547 1577 1162 
f 1162 1577 2630 
f 2630 1676 1162 
f 1163 1189 2122 
f 2464 1189 1163 
f 2122 1910 1163 
f 1163 1910 2914 
f 2580 2464 1163 
f 1714 1169 1164 
f 1164 1169 1873 
f 1164 1699 1714 
f 1164 1873 2890 
f 1164 2890 2894 
f 1165 1192 1651 
f 2769 1192 1165 
f 1165 1651 2188 
f 2848 2769 1165 
f 1165 2770 2848 
f 1181 1178 1166 
f 1701 1181 1166 
f 2497 1701 1166 
f 1166 1794 2497 
f 1629 1168 1167 
f 2267 1399 1168 
f 1168 1629 2267 
f 1169 1676 2630 
f 2675 1676 1169 
f 1169 1714 2675 
f 2630 1873 1169 
f 1552 1184 1170 
f 1170 1184 1553 
f 1586 1552 1170 
f 1171 1175 1188 
f 1171 1188 1735 
f 2499 1244 1171 
f 1171 1735 2499 
f 1172 1176 1846 
f 1172 1846 1848 
f 1173 1382 1384 
f 1173 1384 1740 
f 2782 1727 1173 
f 1173 1740 2531 
f 1173 2531 2782 
f 1956 1179 1174 
f 1174 1179 2158 
f 2267 1860 1174 
f 1174 1860 2268 
f 1174 2158 2267 
f 1175 1178 1181 
f 1729 1178 1175 
f 1175 1181 1188 
f 1176 1636 1846 
f 1636 1289 1177 
f 1177 1289 2445 
f 1740 1384 1177 
f 1177 1384 1846 
f 1846 1636 1177 
f 1178 1729 2782 
f 2531 2365 1178 
f 2782 2531 1178 
f 1956 1388 1179 
f 1179 1388 2356 
f 2356 1987 1179 
f 1180 1370 1880 
f 1979 1370 1180 
f 1180 1375 1390 
f 1390 1388 1180 
f 1880 1395 1180 
f 1701 1188 1181 
f 1182 1188 1701 
f 2778 1188 1182 
f 1182 1701 2497 
f 1734 1732 1182 
f 1182 1732 2778 
f 2497 1794 1182 
f 1183 1195 1768 
f 2802 1195 1183 
f 1183 1768 1902 
f 1183 2759 2802 
f 2852 2759 1183 
f 1184 1186 1680 
f 1752 1186 1184 
f 1184 1552 1752 
f 1680 1553 1184 
f 1185 1191 1472 
f 1849 1191 1185 
f 1185 1304 1849 
f 1185 1472 2150 
f 1262 1211 1186 
f 1186 1211 1671 
f 1513 1262 1186 
f 1752 1513 1186 
f 1186 1671 1680 
f 1465 1194 1187 
f 1187 1194 1593 
f 2860 1465 1187 
f 1187 1593 1694 
f 1187 1623 2860 
f 1187 1694 1879 
f 2711 1735 1188 
f 2778 2711 1188 
f 1189 1199 2164 
f 2337 1199 1189 
f 2170 2122 1189 
f 1189 2164 2170 
f 2464 2337 1189 
f 2227 1203 1190 
f 1190 1203 2425 
f 2425 1427 1190 
f 2474 2227 1190 
f 1190 2428 2474 
f 1338 1198 1191 
f 1191 1198 1377 
f 2339 1338 1191 
f 1191 1377 1472 
f 1191 1849 2339 
f 1192 1207 1586 
f 2698 1207 1192 
f 1192 1586 1651 
f 2769 2698 1192 
f 1454 1213 1193 
f 1193 1213 2823 
f 2804 1454 1193 
f 1193 2219 2804 
f 2823 2801 1193 
f 1325 1198 1194 
f 1194 1198 1338 
f 1494 1325 1194 
f 1194 1338 2330 
f 1194 1465 1494 
f 2330 1593 1194 
f 1195 1201 1734 
f 1835 1201 1195 
f 1195 1734 1768 
f 2802 1835 1195 
f 1196 1210 1730 
f 2899 1210 1196 
f 1196 1730 2491 
f 1196 2845 2899 
f 1732 1201 1197 
f 1197 1201 2658 
f 2639 1386 1197 
f 1197 1386 2711 
f 1197 1457 2639 
f 2658 1457 1197 
f 2711 1732 1197 
f 1198 1325 1377 
f 1199 1204 2164 
f 2456 1204 1199 
f 1199 2337 2380 
f 1199 2380 2456 
f 1200 1202 1716 
f 2045 1202 1200 
f 1200 1716 1737 
f 1200 1737 1935 
f 2504 2045 1200 
f 1201 1732 1734 
f 1835 1750 1201 
f 1201 1750 2658 
f 1392 1358 1202 
f 1202 1358 1764 
f 2270 1392 1202 
f 1764 1716 1202 
f 1202 2045 2270 
f 1203 1209 2223 
f 2350 1209 1203 
f 1203 2223 2471 
f 1203 2227 2350 
f 2471 2425 1203 
f 2417 1206 1204 
f 1204 1206 2889 
f 2889 2164 1204 
f 2456 2417 1204 
f 2142 1218 1205 
f 1205 1218 2461 
f 1205 1397 1415 
f 2143 1397 1205 
f 1205 1415 2142 
f 1205 1654 2133 
f 2372 1654 1205 
f 1205 2133 2143 
f 2461 2372 1205 
f 1206 1397 2143 
f 2264 1397 1206 
f 1206 2143 2620 
f 2417 2264 1206 
f 1206 2620 2889 
f 1207 1212 1552 
f 1905 1212 1207 
f 1207 1552 1586 
f 2698 1905 1207 
f 1736 1457 1208 
f 1208 1457 2064 
f 1208 1499 1778 
f 2064 1499 1208 
f 1208 1778 2547 
f 1703 1211 1209 
f 1209 1211 1815 
f 2350 1703 1209 
f 1209 1815 2342 
f 2342 2223 1209 
f 1210 1595 1917 
f 2573 1595 1210 
f 1917 1730 1210 
f 1210 2171 2201 
f 2899 2171 1210 
f 1210 2201 2573 
f 1211 1262 1815 
f 1211 1363 1671 
f 1703 1363 1211 
f 1212 1215 1552 
f 1905 1215 1212 
f 1213 1217 1755 
f 2425 1217 1213 
f 1213 1454 2135 
f 1213 1755 2823 
f 1213 2135 2425 
f 1752 1215 1214 
f 1214 1215 2079 
f 1283 1222 1214 
f 1214 1222 1513 
f 2079 1283 1214 
f 1214 1513 1752 
f 1752 1552 1215 
f 1905 1872 1215 
f 1215 1872 2228 
f 2228 2079 1215 
f 1216 1219 2083 
f 2087 1219 1216 
f 1216 2083 2573 
f 2300 2087 1216 
f 1216 2201 2243 
f 2573 2201 1216 
f 1216 2243 2300 
f 1217 1221 1731 
f 2223 1221 1217 
f 1217 1731 1755 
f 2471 2223 1217 
f 1217 2425 2471 
f 1851 1597 1218 
f 1218 1597 1991 
f 2142 1851 1218 
f 1218 1991 2420 
f 1218 2420 2546 
f 2546 2461 1218 
f 2290 1220 1219 
f 1219 1220 2390 
f 2446 2083 1219 
f 1219 2087 2438 
f 2438 2290 1219 
f 1219 2390 2446 
f 1597 1591 1220 
f 1220 1591 1728 
f 1991 1597 1220 
f 1220 1728 2390 
f 2199 1991 1220 
f 2290 2199 1220 
f 1221 1223 1731 
f 2760 1223 1221 
f 1221 2223 2342 
f 1221 2342 2760 
f 2160 1223 1222 
f 1222 1223 2760 
f 1222 1262 1513 
f 1815 1262 1222 
f 1222 1283 2160 
f 2760 1815 1222 
f 1866 1731 1223 
f 2160 1866 1223 
f 2700 1554 1224 
f 1224 1554 2746 
f 1224 1708 2700 
f 1225 1421 2719 
f 2249 1272 1227 
f 1227 1272 2363 
f 2245 1601 1227 
f 1227 1601 2249 
f 2674 2245 1227 
f 1228 1242 2520 
f 2520 2418 1228 
f 1624 1329 1229 
f 1229 1329 1899 
f 1658 1624 1229 
f 1229 1899 2179 
f 1230 1497 2324 
f 2690 1497 1230 
f 1230 2324 2640 
f 1232 1744 1992 
f 2123 1744 1232 
f 1928 1243 1234 
f 1234 1243 1938 
f 1938 1820 1234 
f 2736 2352 1235 
f 1678 1398 1237 
f 1237 1398 1751 
f 1238 1313 1393 
f 1771 1739 1239 
f 1240 1441 2209 
f 1240 2209 2287 
f 2107 1317 1241 
f 2032 1631 1241 
f 1241 1631 2107 
f 1241 1682 2202 
f 2202 2032 1241 
f 1243 1762 2448 
f 2775 1762 1243 
f 1243 1928 2775 
f 1245 1441 2533 
f 1766 1765 1245 
f 2310 1766 1245 
f 2533 2310 1245 
f 1246 1408 2103 
f 2152 1408 1246 
f 1246 1544 1654 
f 2107 1544 1246 
f 1246 1654 2152 
f 1246 2103 2107 
f 1247 1270 2732 
f 1248 1865 2748 
f 2738 1385 1251 
f 2858 2738 1251 
f 1253 1490 1981 
f 1253 1570 1867 
f 1981 1570 1253 
f 1254 1522 1736 
f 1254 1676 1896 
f 1255 1383 1479 
f 2306 1383 1255 
f 1780 1663 1257 
f 2408 1780 1257 
f 1257 1950 2408 
f 2454 1950 1257 
f 1258 1263 1485 
f 2254 1515 1259 
f 1259 1515 2870 
f 1259 1800 2681 
f 2870 1800 1259 
f 1982 1758 1261 
f 1261 1758 2121 
f 1261 2121 2605 
f 2344 1485 1263 
f 1264 1932 2303 
f 1265 1772 1945 
f 2844 1772 1265 
f 2812 1856 1265 
f 1265 1856 2844 
f 1265 1945 2862 
f 2862 2812 1265 
f 2234 1431 1267 
f 1267 1431 2323 
f 2323 1436 1267 
f 1267 1569 2146 
f 1267 2146 2234 
f 1268 1269 2117 
f 2117 1437 1268 
f 1268 1437 2522 
f 1269 1432 2117 
f 1270 1410 2295 
f 1270 2295 2732 
f 1271 1496 2108 
f 2399 1496 1271 
f 1271 2108 2690 
f 1273 1447 2088 
f 2490 1447 1273 
f 2088 1496 1273 
f 1273 1496 2399 
f 2399 2168 1273 
f 1273 2168 2490 
f 1279 1458 2532 
f 2532 1483 1279 
f 2825 1518 1280 
f 1280 1686 2825 
f 1943 1488 1282 
f 1283 1293 1778 
f 2079 1293 1283 
f 1283 1499 1749 
f 1778 1499 1283 
f 1283 1749 1866 
f 1283 1866 2160 
f 1872 1314 1286 
f 1286 1314 2890 
f 1873 1577 1286 
f 1286 1577 2780 
f 2780 1872 1286 
f 2890 1873 1286 
f 1288 1511 2061 
f 2859 1889 1288 
f 1288 2061 2859 
f 1290 1306 2043 
f 2076 1426 1290 
f 2855 1510 1292 
f 1292 1801 2766 
f 1292 2766 2867 
f 2867 2855 1292 
f 1293 1577 2547 
f 2780 1577 1293 
f 2547 1778 1293 
f 1293 2079 2780 
f 2147 1492 1295 
f 1295 1535 2147 
f 1296 1493 1787 
f 1787 1541 1296 
f 2784 1998 1297 
f 2043 1306 1300 
f 2833 2178 1300 
f 1301 1822 2068 
f 2567 1822 1301 
f 2068 2028 1301 
f 1301 2273 2865 
f 2865 2567 1301 
f 2668 1805 1302 
f 1303 1518 2485 
f 2492 1560 1303 
f 1303 2485 2492 
f 1304 1538 2815 
f 2815 1849 1304 
f 1853 1372 1305 
f 1305 1372 2097 
f 1305 1617 1853 
f 2097 1617 1305 
f 1477 1322 1307 
f 1995 1535 1308 
f 1309 1858 1923 
f 1948 1858 1309 
f 1923 1864 1309 
f 1310 1541 1564 
f 1310 1564 1817 
f 1817 1616 1310 
f 1311 1316 1570 
f 1607 1316 1311 
f 1311 1324 1607 
f 1311 1570 2166 
f 1922 1393 1313 
f 1975 1922 1313 
f 1905 1349 1314 
f 1314 1349 2925 
f 1314 1872 1905 
f 2894 2890 1314 
f 2925 2894 1314 
f 1316 1568 1570 
f 1607 1568 1316 
f 2107 2103 1317 
f 1318 1458 2146 
f 2532 1458 1318 
f 2617 2563 1318 
f 2679 2617 1318 
f 1911 1340 1319 
f 1320 1339 1761 
f 1645 1450 1320 
f 1761 1645 1320 
f 1477 1420 1322 
f 1624 1607 1324 
f 2457 1624 1324 
f 1324 1625 2457 
f 2390 1377 1325 
f 1325 1494 2390 
f 1326 1434 1633 
f 2367 1434 1326 
f 1326 1616 2367 
f 2207 1679 1327 
f 1327 1679 2686 
f 1327 1713 2207 
f 2836 1713 1327 
f 1649 1336 1328 
f 1328 1336 2756 
f 2756 1598 1328 
f 1329 1355 1899 
f 1329 1624 2457 
f 2457 1625 1329 
f 1876 1331 1330 
f 1330 1331 2777 
f 1330 1478 1876 
f 2777 1582 1330 
f 1877 1630 1331 
f 1331 1630 1909 
f 1331 1876 1877 
f 1331 1909 2923 
f 2923 2777 1331 
f 1332 1643 1931 
f 2137 1643 1332 
f 1931 1697 1332 
f 1332 1697 2819 
f 1333 1335 1341 
f 1334 1633 1655 
f 2631 1633 1334 
f 1334 1655 2715 
f 1334 1689 1693 
f 2787 1689 1334 
f 1334 1693 2631 
f 1334 2715 2787 
f 1895 1341 1335 
f 1335 1343 1895 
f 1336 1345 2017 
f 2109 1345 1336 
f 2017 1608 1336 
f 1336 1608 2756 
f 1336 1649 1901 
f 1336 1901 2109 
f 2330 1338 1337 
f 1337 1593 2330 
f 1340 1911 2226 
f 1343 1348 2141 
f 2141 1895 1343 
f 1344 1648 2018 
f 2109 1903 1345 
f 1345 1903 2132 
f 2772 2017 1345 
f 1345 2132 2772 
f 2521 1385 1346 
f 1346 1385 2738 
f 1346 1555 2521 
f 2788 1555 1346 
f 1346 2738 2788 
f 1347 1935 2394 
f 2769 1378 1349 
f 1349 1378 2925 
f 1349 1905 2698 
f 1349 2698 2769 
f 1352 1544 1760 
f 2620 1544 1352 
f 2240 1596 1352 
f 1352 1596 2889 
f 1352 1760 2240 
f 2889 2620 1352 
f 1704 1627 1353 
f 1404 1379 1354 
f 2019 1899 1355 
f 1482 1367 1356 
f 1356 1367 1935 
f 1935 1370 1356 
f 1356 1370 1979 
f 1979 1482 1356 
f 1358 1392 1709 
f 1358 1709 2286 
f 1847 1764 1358 
f 1359 1442 2669 
f 2714 1442 1359 
f 1359 1983 2012 
f 2669 1983 1359 
f 1359 2012 2829 
f 2829 2714 1359 
f 1360 1755 1808 
f 2823 1755 1360 
f 1360 1808 2759 
f 2759 1852 1360 
f 1360 1852 2801 
f 1360 2801 2823 
f 1970 1409 1364 
f 1364 1455 2060 
f 2060 1970 1364 
f 1367 1482 2131 
f 2394 1935 1367 
f 2355 1939 1367 
f 1367 1939 2394 
f 1367 2131 2355 
f 1369 1380 1937 
f 2049 1380 1369 
f 1369 1937 2072 
f 2334 2049 1369 
f 1369 2072 2113 
f 1369 2113 2334 
f 1370 1737 1880 
f 1935 1737 1370 
f 1372 1445 2645 
f 2831 1445 1372 
f 1372 1559 2097 
f 2657 1559 1372 
f 1372 1853 2831 
f 1372 2645 2657 
f 1373 1473 1764 
f 1373 1545 1975 
f 1373 1764 1847 
f 1953 1521 1374 
f 1374 1906 2424 
f 2424 1953 1374 
f 2356 1390 1375 
f 1375 1987 2356 
f 2623 1987 1375 
f 1591 1472 1377 
f 1728 1591 1377 
f 2390 1728 1377 
f 2769 1448 1378 
f 1378 1448 2876 
f 1404 1403 1379 
f 1379 1403 1429 
f 2845 1937 1380 
f 1380 2049 2050 
f 1380 2050 2845 
f 1381 1802 1985 
f 1846 1384 1382 
f 1848 1846 1382 
f 1947 1848 1382 
f 1493 1479 1383 
f 2149 1493 1383 
f 1385 2521 2737 
f 1736 1522 1386 
f 2499 1735 1386 
f 1386 1735 2711 
f 2639 1736 1386 
f 1387 1690 2523 
f 1387 2523 2699 
f 1388 1390 2356 
f 1388 1956 2181 
f 1389 1463 1486 
f 1389 1486 1504 
f 1389 1504 1602 
f 1389 1602 1940 
f 2126 1449 1391 
f 1391 2037 2224 
f 2224 2126 1391 
f 2336 1709 1392 
f 1392 1710 1942 
f 2270 1710 1392 
f 1392 1942 2336 
f 1395 1880 2501 
f 2173 2068 1396 
f 2505 2173 1396 
f 2264 1580 1397 
f 2574 1402 1399 
f 1399 1402 2734 
f 1399 2267 2574 
f 1429 1403 1400 
f 1400 1403 2154 
f 1524 1429 1400 
f 2268 1524 1400 
f 1400 2154 2268 
f 2644 1662 1402 
f 1402 1662 2734 
f 1789 1406 1405 
f 2459 1789 1405 
f 1789 1489 1406 
f 1408 1791 2085 
f 2152 1791 1408 
f 2085 2084 1408 
f 1408 2084 2103 
f 1970 1685 1409 
f 1409 1685 2225 
f 1410 1795 2295 
f 1930 1460 1411 
f 1411 1460 1977 
f 1411 1692 1930 
f 2036 1692 1411 
f 1411 1977 1978 
f 1411 1978 2036 
f 2235 2142 1415 
f 2039 1984 1416 
f 1416 1984 2472 
f 2343 2039 1416 
f 2472 2169 1416 
f 1718 1433 1417 
f 1417 1433 2733 
f 1417 1474 1611 
f 1417 1611 1718 
f 1418 1741 1855 
f 2206 1741 1418 
f 1419 2418 2520 
f 1420 1475 2056 
f 2167 1475 1420 
f 1420 1477 2167 
f 1421 2315 2719 
f 2695 2294 1422 
f 1425 1510 2849 
f 1425 1551 2144 
f 2849 1551 1425 
f 2076 1440 1426 
f 2135 1454 1427 
f 2425 2135 1427 
f 1430 1647 1971 
f 1430 2447 2587 
f 2234 1458 1431 
f 2308 2117 1432 
f 2373 2308 1432 
f 2367 1632 1434 
f 1655 1633 1434 
f 1437 1481 2522 
f 2816 1921 1442 
f 1442 2714 2816 
f 1443 1765 1766 
f 2678 1765 1443 
f 1443 1766 2758 
f 1443 1915 2208 
f 2758 1915 1443 
f 1753 1462 1445 
f 1445 1462 2663 
f 2069 1753 1445 
f 2831 2069 1445 
f 2663 2645 1445 
f 2490 2447 1447 
f 2770 1874 1448 
f 1448 1874 2876 
f 1448 2769 2848 
f 2848 2770 1448 
f 1450 1645 1881 
f 1451 2525 2608 
f 2345 1581 1452 
f 1452 1670 2429 
f 2429 2345 1452 
f 2804 1609 1454 
f 1455 1887 2116 
f 2116 2060 1455 
f 1457 1736 2639 
f 1457 1750 2064 
f 2658 1750 1457 
f 2234 2146 1458 
f 1459 1565 2879 
f 2879 2278 1459 
f 1893 1753 1460 
f 1460 1753 1977 
f 1930 1893 1460 
f 1462 1753 1893 
f 2446 1494 1465 
f 1465 1595 2162 
f 2860 1595 1465 
f 1465 2162 2446 
f 2551 1543 1466 
f 1466 1543 2903 
f 2903 1584 1466 
f 1468 1469 2887 
f 2448 1762 1468 
f 2389 1573 1471 
f 1471 1573 2543 
f 1471 1590 2389 
f 2902 1590 1471 
f 1471 2543 2902 
f 1472 1591 1597 
f 1472 1597 2150 
f 1473 1644 2326 
f 2326 1764 1473 
f 1474 1589 1827 
f 1827 1611 1474 
f 1475 1797 1888 
f 2167 1797 1475 
f 1475 1888 2056 
f 2875 1562 1476 
f 1476 1562 2908 
f 2896 1571 1476 
f 1476 1571 2905 
f 2905 2875 1476 
f 2908 2896 1476 
f 2357 2131 1482 
f 2065 1684 1483 
f 1773 1504 1486 
f 1487 1596 2240 
f 2636 1596 1487 
f 1487 1910 2636 
f 2869 1910 1487 
f 1487 2240 2244 
f 1487 2244 2869 
f 1943 1842 1488 
f 1489 1789 2527 
f 1490 1491 1981 
f 2149 1787 1493 
f 2446 2390 1494 
f 2579 2156 1495 
f 1495 2156 2893 
f 2877 2579 1495 
f 2893 2877 1495 
f 1496 1497 2108 
f 2280 1497 1496 
f 2690 2108 1497 
f 1498 1506 2452 
f 2841 1506 1498 
f 2452 1913 1498 
f 1498 1913 2642 
f 1498 2642 2924 
f 2924 2841 1498 
f 2771 1749 1499 
f 2064 1750 1499 
f 1499 1750 2771 
f 1500 2161 2552 
f 2632 2161 1500 
f 2552 2526 1500 
f 1500 2526 2579 
f 1500 2579 2877 
f 2877 2632 1500 
f 1504 1505 1602 
f 1774 1505 1504 
f 1504 1773 1774 
f 1940 1602 1505 
f 1505 1774 2742 
f 2051 1940 1505 
f 2742 2051 1505 
f 1506 1508 2553 
f 2842 1508 1506 
f 1506 2841 2842 
f 1507 1776 1783 
f 2569 1776 1507 
f 1507 1783 1994 
f 1507 1994 2027 
f 1507 2027 2051 
f 1507 2051 2742 
f 2742 2569 1507 
f 1508 1514 2436 
f 2822 1514 1508 
f 1508 2436 2553 
f 2842 2822 1508 
f 2846 1511 1509 
f 1509 2366 2846 
f 2910 2849 1510 
f 1510 2855 2910 
f 2846 2061 1511 
f 1514 1517 2385 
f 2837 1517 1514 
f 1514 2385 2436 
f 1514 2822 2837 
f 2279 1537 1515 
f 1515 1537 2808 
f 1515 2254 2302 
f 2302 2279 1515 
f 1515 2808 2921 
f 2921 2870 1515 
f 1517 1526 2592 
f 2837 1526 1517 
f 2544 2385 1517 
f 2592 2544 1517 
f 1518 2453 2485 
f 2825 2453 1518 
f 1526 1531 2592 
f 2612 1531 1526 
f 2839 2612 1526 
f 2837 2813 1526 
f 1526 2813 2839 
f 2746 1983 1528 
f 1530 1582 2891 
f 2861 1821 1530 
f 1530 1821 2864 
f 2891 2861 1530 
f 2602 1536 1531 
f 1531 1536 2627 
f 2627 2592 1531 
f 2612 2602 1531 
f 1532 1534 2134 
f 2558 1534 1533 
f 1533 2058 2558 
f 2680 2134 1534 
f 1534 2558 2680 
f 1995 1621 1535 
f 1535 1621 2147 
f 2603 1549 1536 
f 1536 1549 2847 
f 1536 2602 2603 
f 2847 2627 1536 
f 1537 1556 2791 
f 1537 2791 2808 
f 1539 2375 2653 
f 1541 1542 1564 
f 1787 1542 1541 
f 2391 1564 1542 
f 1542 1787 2391 
f 2551 1571 1543 
f 1543 1571 2898 
f 1543 2898 2903 
f 2133 1654 1544 
f 2107 1760 1544 
f 2620 2133 1544 
f 1545 1695 1922 
f 1545 1922 1975 
f 1546 1821 2861 
f 2871 1821 1546 
f 1546 2106 2871 
f 1567 1548 1547 
f 1547 1548 1966 
f 2172 1567 1547 
f 1966 1777 1547 
f 1547 1777 2393 
f 2288 2172 1547 
f 2393 2288 1547 
f 1548 1567 2271 
f 1548 1783 1966 
f 1994 1783 1548 
f 2582 1557 1549 
f 1549 1557 2920 
f 2603 2582 1549 
f 2920 2847 1549 
f 1551 1585 2144 
f 2012 1983 1554 
f 1554 1983 2746 
f 2829 2012 1554 
f 1809 1807 1555 
f 1555 1807 1973 
f 2828 1809 1555 
f 1555 1973 2521 
f 1555 2788 2828 
f 2582 1566 1557 
f 1557 1566 2881 
f 1557 2881 2919 
f 1557 2919 2920 
f 1559 1807 2097 
f 2683 1807 1559 
f 1559 2657 2683 
f 2492 1579 1560 
f 2820 2203 1562 
f 1562 2203 2904 
f 2875 2820 1562 
f 1562 2904 2908 
f 2650 1817 1564 
f 1564 2391 2650 
f 1565 1686 2879 
f 2806 1572 1566 
f 1566 1572 2881 
f 1566 2582 2835 
f 2835 2806 1566 
f 2120 1819 1567 
f 1567 1819 2153 
f 2172 2120 1567 
f 1567 2153 2271 
f 1867 1570 1568 
f 1568 1607 2622 
f 1570 1981 2166 
f 1571 2551 2905 
f 1571 2896 2898 
f 2180 1578 1572 
f 1572 1578 2611 
f 2741 2180 1572 
f 1572 2611 2881 
f 2806 2741 1572 
f 1573 1798 2543 
f 2195 1590 1574 
f 1574 1590 2548 
f 1574 1819 2195 
f 2301 1819 1574 
f 2548 2301 1574 
f 1575 1681 1704 
f 1705 1681 1575 
f 2834 1705 1575 
f 1576 1598 2609 
f 1577 1873 2630 
f 2180 1600 1578 
f 1578 1600 2576 
f 1578 2576 2761 
f 2790 2611 1578 
f 1578 2761 2913 
f 2913 2790 1578 
f 2264 1615 1580 
f 1585 2000 2197 
f 2274 2144 1585 
f 1585 2197 2274 
f 1589 1723 1827 
f 1590 2195 2821 
f 2821 2389 1590 
f 2902 2548 1590 
f 1592 1820 2917 
f 2199 1806 1594 
f 1594 1806 2410 
f 2410 1972 1594 
f 1594 1972 2577 
f 2420 2199 1594 
f 2577 2420 1594 
f 1595 1623 1917 
f 2860 1623 1595 
f 2573 2162 1595 
f 1596 2636 2889 
f 1597 1851 2150 
f 2090 1997 1598 
f 1598 1997 2609 
f 2756 2090 1598 
f 2783 1659 1599 
f 1600 1604 2576 
f 2885 1604 1600 
f 1600 2180 2741 
f 1600 2741 2854 
f 1600 2854 2885 
f 1601 2426 2450 
f 1601 2450 2614 
f 1604 1612 2615 
f 2878 1612 1604 
f 2615 2576 1604 
f 2885 2878 1604 
f 1606 2291 2440 
f 1607 1624 2622 
f 1608 2017 2772 
f 1608 2023 2091 
f 2772 2023 1608 
f 2091 2090 1608 
f 1608 2090 2756 
f 2804 2219 1609 
f 1610 1853 2011 
f 2831 1853 1610 
f 1610 2011 2013 
f 1610 2013 2069 
f 1610 2069 2831 
f 1827 1721 1611 
f 1612 1619 2581 
f 2779 1619 1612 
f 1612 2581 2615 
f 2878 2779 1612 
f 2543 1614 1613 
f 1613 1614 2794 
f 2902 2543 1613 
f 2708 2137 1614 
f 1614 2543 2708 
f 2417 1674 1615 
f 1615 2264 2417 
f 1616 1817 2367 
f 2011 1853 1617 
f 1619 1861 2517 
f 2779 1861 1619 
f 1619 2517 2884 
f 2722 2581 1619 
f 2884 2722 1619 
f 2156 1898 1622 
f 1622 1898 2231 
f 2850 2156 1622 
f 1622 2231 2762 
f 1622 2762 2872 
f 2872 2850 1622 
f 1623 1730 1917 
f 1624 1658 2622 
f 1704 1681 1627 
f 1696 1637 1628 
f 1629 1860 2267 
f 2268 1860 1629 
f 1868 1705 1630 
f 1630 1705 1909 
f 1871 1868 1630 
f 1877 1871 1630 
f 1631 1760 2107 
f 2423 1760 1631 
f 1631 2032 2423 
f 2367 1817 1632 
f 1632 1817 2650 
f 1793 1792 1634 
f 1634 1792 2660 
f 2560 1793 1634 
f 2349 1763 1635 
f 1637 1696 1878 
f 1637 1878 2449 
f 1638 2674 2728 
f 1642 1646 1662 
f 1859 1646 1642 
f 1642 1662 2800 
f 2626 1859 1642 
f 2800 2626 1642 
f 1643 1672 1931 
f 1644 1944 2326 
f 2803 1662 1646 
f 1649 1781 1901 
f 2501 2495 1650 
f 2416 1717 1653 
f 1653 1772 2844 
f 2372 2152 1654 
f 1656 1899 2019 
f 2179 1899 1656 
f 2762 2231 1659 
f 2783 2762 1659 
f 1897 1893 1660 
f 1660 1893 1930 
f 1660 1930 2727 
f 2727 2093 1660 
f 1662 2644 2800 
f 2803 2734 1662 
f 1663 1780 2333 
f 1663 2333 2809 
f 1812 1796 1665 
f 1818 1812 1665 
f 2795 1818 1665 
f 2554 2022 1666 
f 1666 2022 2564 
f 1666 2038 2057 
f 2564 2038 1666 
f 2057 2049 1666 
f 1666 2049 2554 
f 1670 1993 2429 
f 1672 1907 1908 
f 2534 1907 1672 
f 1672 1908 2030 
f 2030 1931 1672 
f 2380 1746 1674 
f 2456 2380 1674 
f 1674 2417 2456 
f 1676 1691 1896 
f 2675 1691 1676 
f 2207 1700 1679 
f 1679 1700 2728 
f 1681 1705 1868 
f 1682 1949 2034 
f 2430 1949 1682 
f 1682 2034 2202 
f 1682 2204 2727 
f 2727 2430 1682 
f 1683 1976 2013 
f 2048 1976 1683 
f 2013 2011 1683 
f 2341 2225 1685 
f 2132 2021 1688 
f 1688 2021 2564 
f 2564 2022 1688 
f 1688 2022 2772 
f 2772 2132 1688 
f 1947 1693 1689 
f 1689 1786 1947 
f 2892 1896 1691 
f 2082 1927 1691 
f 1691 1927 2892 
f 1691 1954 2082 
f 2675 1954 1691 
f 2033 1919 1692 
f 1692 1919 2430 
f 2430 1930 1692 
f 2036 2033 1692 
f 2030 1698 1697 
f 1697 1931 2030 
f 2030 1699 1698 
f 1908 1714 1699 
f 2030 1908 1699 
f 2207 1713 1700 
f 2378 2377 1700 
f 2335 1825 1702 
f 1702 1825 2880 
f 2880 1828 1702 
f 2834 1909 1705 
f 1706 1790 2396 
f 2685 1799 1706 
f 1706 2396 2685 
f 2208 1915 1707 
f 1707 1915 2747 
f 2846 2366 1707 
f 2747 2697 1707 
f 1707 2697 2846 
f 1709 2041 2125 
f 2336 2041 1709 
f 1709 2125 2286 
f 1980 1942 1710 
f 2054 1980 1710 
f 2270 2044 1710 
f 1710 2044 2465 
f 2205 2054 1710 
f 2465 2205 1710 
f 2346 1802 1711 
f 1711 2066 2346 
f 1712 1780 2408 
f 2409 1780 1712 
f 2408 1950 1712 
f 1714 1908 1954 
f 1714 1954 2675 
f 2326 1737 1716 
f 1716 1764 2326 
f 2416 1724 1717 
f 1717 1724 2502 
f 1719 1721 2431 
f 1719 1757 2416 
f 2431 1757 1719 
f 1720 1723 2075 
f 2431 1723 1720 
f 1720 1724 1757 
f 2458 1724 1720 
f 1720 1757 2431 
f 1720 2075 2458 
f 1721 1827 2431 
f 1722 1727 1729 
f 2431 1827 1723 
f 2416 1757 1724 
f 1724 2458 2502 
f 2433 1806 1725 
f 1725 1806 2438 
f 2438 2035 1725 
f 1725 2035 2745 
f 2299 2292 1725 
f 1725 2292 2433 
f 2745 2299 1725 
f 1726 1950 2454 
f 1726 2454 2518 
f 2782 1729 1727 
f 1731 1749 1756 
f 1866 1749 1731 
f 1756 1755 1731 
f 1732 2711 2778 
f 2343 1804 1733 
f 1733 2039 2343 
f 2326 1880 1737 
f 1739 1771 2239 
f 2140 1831 1739 
f 2239 2140 1739 
f 1740 2365 2531 
f 2241 1830 1741 
f 1741 1830 2242 
f 2242 1855 1741 
f 1741 2206 2241 
f 2277 1837 1742 
f 2016 1839 1744 
f 2123 2016 1744 
f 2634 1960 1745 
f 1745 1960 2899 
f 1745 2119 2634 
f 2928 2119 1745 
f 1745 2174 2726 
f 2899 2174 1745 
f 1745 2726 2928 
f 2337 1824 1746 
f 2380 2337 1746 
f 2771 1756 1749 
f 1750 1835 2771 
f 2069 1977 1753 
f 2322 2054 1754 
f 1754 2054 2922 
f 1754 2105 2322 
f 2928 2105 1754 
f 2922 2635 1754 
f 1754 2635 2928 
f 1755 1756 1808 
f 1835 1808 1756 
f 2771 1835 1756 
f 2672 1793 1758 
f 1758 1793 2888 
f 1758 1812 2121 
f 2888 1812 1758 
f 1758 1982 2672 
f 2874 2266 1759 
f 1760 2053 2240 
f 2423 2053 1760 
f 1769 1785 2750 
f 2750 2305 1769 
f 1946 1945 1772 
f 1775 1774 1773 
f 2466 1775 1773 
f 1774 1775 2742 
f 2466 1776 1775 
f 1775 1776 2569 
f 1775 2569 2742 
f 1776 1777 1783 
f 2466 1777 1776 
f 1966 1783 1777 
f 2466 2393 1777 
f 1996 1901 1781 
f 2052 1854 1782 
f 1782 1854 2286 
f 1782 1941 2052 
f 2125 1941 1782 
f 2286 2125 1782 
f 1890 1788 1784 
f 1784 1788 2388 
f 1916 1890 1784 
f 1784 2388 2419 
f 2406 2063 1785 
f 1785 2063 2750 
f 1786 1848 1947 
f 1787 2149 2659 
f 2659 2391 1787 
f 1788 1792 2388 
f 2677 1792 1788 
f 1788 1890 2677 
f 2394 1939 1790 
f 1790 1939 2396 
f 1791 1972 2085 
f 2577 1972 1791 
f 1791 2152 2372 
f 1791 2372 2656 
f 2656 2577 1791 
f 1792 1793 2398 
f 2398 2388 1792 
f 2677 2660 1792 
f 2796 2398 1793 
f 1793 2560 2915 
f 1793 2672 2796 
f 2915 2888 1793 
f 1796 1812 2888 
f 2915 2560 1796 
f 1796 2888 2915 
f 2213 1888 1797 
f 1797 2070 2213 
f 2708 2543 1798 
f 1799 2685 2689 
f 1800 2348 2681 
f 2810 2348 1800 
f 1800 2870 2883 
f 2374 2178 1801 
f 1801 2178 2833 
f 2833 2766 1801 
f 2346 1985 1802 
f 1805 1811 1875 
f 2668 1811 1805 
f 1806 2199 2290 
f 1806 2290 2438 
f 2433 2410 1806 
f 1807 1809 2097 
f 2683 1973 1807 
f 1808 1835 2802 
f 2802 2759 1808 
f 1811 1814 1875 
f 1811 2668 2757 
f 1812 1818 2296 
f 2296 2121 1812 
f 2661 1875 1814 
f 1814 2203 2661 
f 2904 2203 1814 
f 2760 2342 1815 
f 1818 1823 2605 
f 2817 1823 1818 
f 2605 2296 1818 
f 1818 2795 2817 
f 1819 2120 2821 
f 2301 2153 1819 
f 2821 2195 1819 
f 1820 2864 2917 
f 2917 2864 1821 
f 1821 2871 2917 
f 2608 1838 1823 
f 2817 2608 1823 
f 1824 2337 2464 
f 1824 2464 2580 
f 2335 1869 1825 
f 2275 2005 1830 
f 1830 2241 2275 
f 2276 2006 1831 
f 1831 2006 2284 
f 1831 2140 2276 
f 2277 2009 1837 
f 2608 2525 1838 
f 1841 1921 2816 
f 1923 1858 1850 
f 1850 1858 2626 
f 1851 2142 2235 
f 2235 2150 1851 
f 1852 2313 2776 
f 2852 2313 1852 
f 1852 2759 2852 
f 1852 2776 2801 
f 1856 1999 2799 
f 2826 1999 1856 
f 1856 2799 2844 
f 1856 2812 2826 
f 1857 1903 2020 
f 2021 1903 1857 
f 1857 2020 2040 
f 2025 2021 1857 
f 2040 2025 1857 
f 1948 1859 1858 
f 1858 1859 2626 
f 1861 1999 2517 
f 2827 1999 1861 
f 2744 1912 1862 
f 2435 1864 1863 
f 1863 1912 2773 
f 2773 2435 1863 
f 1864 2435 2469 
f 1869 2335 2351 
f 2780 2228 1872 
f 2710 2136 1874 
f 2770 2710 1874 
f 2326 1944 1880 
f 1880 1944 2501 
f 2856 2412 1882 
f 1882 2696 2856 
f 2555 1928 1889 
f 1890 1916 2814 
f 1894 1910 2824 
f 2914 1910 1894 
f 1894 1957 2422 
f 2824 1957 1894 
f 2422 2048 1894 
f 1894 2048 2914 
f 2892 1924 1896 
f 2156 2096 1898 
f 1996 1941 1901 
f 1901 1941 2059 
f 1901 2059 2130 
f 2130 2109 1901 
f 2109 2020 1903 
f 1903 2021 2132 
f 1906 2169 2424 
f 1954 1908 1907 
f 1907 1927 2082 
f 2082 1954 1907 
f 2834 2568 1909 
f 1909 2568 2923 
f 1910 2122 2636 
f 2869 2824 1910 
f 2347 2226 1911 
f 1913 2128 2642 
f 1916 2029 2743 
f 1916 2743 2814 
f 2034 1949 1919 
f 1919 1949 2430 
f 1919 2033 2034 
f 1920 2128 2362 
f 2843 2128 1920 
f 2550 2139 1920 
f 1920 2139 2625 
f 1920 2362 2550 
f 1920 2625 2886 
f 2886 2843 1920 
f 2892 1927 1924 
f 1925 1968 2026 
f 2625 2139 1926 
f 1926 2139 2873 
f 2489 2151 1926 
f 1926 2151 2863 
f 2873 2489 1926 
f 2895 2625 1926 
f 1926 2863 2895 
f 1928 2555 2775 
f 1930 2430 2727 
f 2248 2151 1934 
f 1934 2151 2489 
f 1934 2161 2248 
f 2552 2161 1934 
f 1934 2489 2561 
f 2561 2552 1934 
f 2473 1993 1936 
f 1936 2344 2473 
f 1940 2051 2159 
f 1941 1996 2052 
f 2177 2059 1941 
f 1941 2125 2177 
f 1942 1980 2112 
f 1942 2112 2198 
f 1942 2198 2595 
f 2595 2336 1942 
f 1945 1946 2699 
f 2699 2115 1945 
f 2424 1984 1953 
f 1955 1988 2727 
f 2727 2204 1955 
f 1978 1976 1957 
f 1957 1976 2422 
f 2047 1978 1957 
f 2824 2047 1957 
f 2745 2269 1960 
f 1960 2269 2899 
f 1960 2298 2299 
f 2634 2298 1960 
f 1960 2299 2745 
f 2252 2092 1963 
f 1963 2092 2292 
f 1963 2237 2252 
f 2634 2237 1963 
f 1963 2292 2298 
f 1963 2298 2634 
f 1967 1972 2410 
f 2465 1972 1967 
f 1967 2092 2205 
f 2433 2092 1967 
f 1967 2205 2465 
f 1967 2410 2433 
f 2216 2026 1968 
f 2530 2085 1972 
f 1972 2465 2530 
f 1976 1978 2387 
f 2069 2013 1976 
f 1976 2048 2422 
f 2387 2069 1976 
f 2387 1978 1977 
f 1977 2069 2387 
f 2047 2036 1978 
f 1980 2054 2322 
f 2322 2112 1980 
f 1984 2424 2472 
f 2224 2037 1985 
f 2346 2224 1985 
f 2623 2029 1987 
f 1988 2093 2727 
f 2256 2190 1989 
f 2487 2256 1989 
f 1991 2199 2420 
f 2473 2429 1993 
f 2101 2077 1997 
f 1997 2077 2609 
f 2090 2089 1997 
f 1997 2089 2113 
f 2113 2101 1997 
f 2826 2517 1999 
f 2827 2799 1999 
f 2000 2191 2311 
f 2311 2197 2000 
f 2006 2118 2284 
f 2321 2118 2006 
f 2006 2276 2354 
f 2354 2321 2006 
f 2283 2190 2009 
f 2009 2277 2312 
f 2312 2283 2009 
f 2015 2165 2629 
f 2018 2081 2434 
f 2129 2040 2020 
f 2020 2059 2129 
f 2130 2059 2020 
f 2020 2109 2130 
f 2021 2025 2575 
f 2575 2564 2021 
f 2334 2023 2022 
f 2022 2023 2772 
f 2554 2334 2022 
f 2334 2091 2023 
f 2102 2038 2025 
f 2025 2038 2575 
f 2025 2040 2583 
f 2110 2102 2025 
f 2583 2110 2025 
f 2028 2068 2173 
f 2029 2623 2792 
f 2792 2743 2029 
f 2202 2034 2032 
f 2032 2034 2897 
f 2897 2423 2032 
f 2897 2034 2033 
f 2033 2036 2511 
f 2033 2511 2897 
f 2438 2087 2035 
f 2035 2087 2588 
f 2035 2588 2745 
f 2036 2047 2511 
f 2571 2057 2038 
f 2038 2102 2571 
f 2038 2564 2575 
f 2040 2129 2595 
f 2040 2198 2583 
f 2595 2198 2040 
f 2129 2125 2041 
f 2595 2129 2041 
f 2041 2336 2595 
f 2270 2045 2044 
f 2044 2045 2530 
f 2530 2465 2044 
f 2504 2085 2045 
f 2045 2085 2530 
f 2511 2047 2046 
f 2046 2047 2824 
f 2046 2055 2511 
f 2907 2055 2046 
f 2046 2824 2869 
f 2046 2869 2907 
f 2057 2050 2049 
f 2049 2334 2554 
f 2050 2057 2104 
f 2050 2104 2604 
f 2050 2604 2726 
f 2050 2726 2845 
f 2423 2055 2053 
f 2053 2055 2907 
f 2907 2240 2053 
f 2054 2205 2922 
f 2055 2423 2897 
f 2897 2511 2055 
f 2571 2104 2057 
f 2177 2129 2059 
f 2697 2251 2061 
f 2061 2251 2859 
f 2846 2697 2061 
f 2556 2067 2062 
f 2062 2067 2591 
f 2591 2095 2062 
f 2406 2095 2063 
f 2063 2095 2591 
f 2066 2126 2224 
f 2066 2224 2346 
f 2072 2101 2113 
f 2075 2355 2458 
f 2079 2228 2780 
f 2446 2162 2083 
f 2083 2162 2573 
f 2084 2085 2504 
f 2087 2300 2588 
f 2089 2090 2091 
f 2089 2091 2113 
f 2334 2113 2091 
f 2922 2205 2092 
f 2092 2252 2922 
f 2433 2292 2092 
f 2096 2156 2579 
f 2096 2579 2692 
f 2102 2110 2111 
f 2102 2111 2571 
f 2111 2105 2104 
f 2104 2105 2604 
f 2571 2111 2104 
f 2105 2111 2322 
f 2928 2604 2105 
f 2112 2111 2110 
f 2583 2112 2110 
f 2111 2112 2322 
f 2583 2198 2112 
f 2699 2411 2115 
f 2285 2157 2118 
f 2321 2285 2118 
f 2119 2237 2634 
f 2635 2237 2119 
f 2928 2635 2119 
f 2288 2127 2120 
f 2120 2127 2821 
f 2120 2172 2288 
f 2121 2296 2605 
f 2122 2170 2636 
f 2125 2129 2177 
f 2127 2389 2821 
f 2843 2642 2128 
f 2458 2355 2131 
f 2131 2357 2502 
f 2502 2458 2131 
f 2620 2143 2133 
f 2710 2590 2136 
f 2139 2550 2873 
f 2151 2248 2840 
f 2151 2840 2882 
f 2882 2863 2151 
f 2156 2850 2893 
f 2157 2285 2402 
f 2574 2267 2158 
f 2632 2248 2161 
f 2163 2288 2393 
f 2163 2393 2466 
f 2636 2170 2164 
f 2889 2636 2164 
f 2472 2424 2169 
f 2243 2201 2171 
f 2293 2243 2171 
f 2899 2293 2171 
f 2845 2726 2174 
f 2899 2845 2174 
f 2820 2661 2203 
f 2233 2610 2840 
f 2233 2840 2851 
f 2635 2252 2237 
f 2907 2244 2240 
f 2243 2293 2588 
f 2588 2300 2243 
f 2907 2869 2244 
f 2248 2632 2840 
f 2252 2635 2922 
f 2266 2273 2664 
f 2874 2273 2266 
f 2745 2293 2269 
f 2269 2293 2899 
f 2874 2865 2273 
f 2281 2526 2552 
f 2805 2526 2281 
f 2281 2552 2561 
f 2299 2298 2292 
f 2745 2588 2293 
f 2313 2767 2776 
f 2868 2476 2348 
f 2348 2810 2868 
f 2372 2461 2656 
f 2699 2523 2411 
f 2413 2566 2697 
f 2413 2697 2747 
f 2656 2546 2420 
f 2420 2577 2656 
f 2450 2572 2614 
f 2460 2642 2843 
f 2924 2642 2460 
f 2461 2546 2656 
f 2805 2579 2526 
f 2544 2592 2793 
f 2576 2615 2761 
f 2805 2692 2579 
f 2781 2615 2581 
f 2581 2722 2781 
f 2582 2603 2701 
f 2582 2701 2835 
f 2592 2627 2793 
f 2594 2606 2761 
f 2781 2722 2594 
f 2594 2761 2781 
f 2601 2616 2701 
f 2807 2621 2601 
f 2601 2701 2768 
f 2601 2768 2807 
f 2768 2603 2602 
f 2602 2612 2807 
f 2807 2768 2602 
f 2768 2701 2603 
f 2928 2726 2604 
f 2606 2633 2913 
f 2913 2761 2606 
f 2610 2624 2882 
f 2882 2840 2610 
f 2611 2790 2881 
f 2839 2807 2612 
f 2781 2761 2615 
f 2835 2701 2616 
f 2616 2806 2835 
f 2619 2793 2832 
f 2619 2832 2847 
f 2619 2847 2920 
f 2621 2807 2839 
f 2839 2813 2621 
f 2624 2863 2882 
f 2895 2886 2625 
f 2832 2793 2627 
f 2847 2832 2627 
f 2851 2840 2632 
f 2877 2851 2632 
f 2633 2790 2913 
f 2911 2808 2791 
