v -25.061617179500619 0.0066858327315278548 18.545289213974911
v -24.999684561245729 -0.072408096473736805 16.385198718058628
v -24.99712497914064 0.092896798147088955 2.3990207808890931
v -24.948219999999999 -2.5462419999999999 18.513349999999999
v -24.94280537253184 2.292024935512051 18.313204365413821
v -24.933616908560129 -0.089050770000000001 20.073614953580641
v -24.94842251276005 0.12743423158900269 1.6196399774886261
v -24.882493685812619 -2.4579716169072769 15.607721925002281
v -24.879619999999999 -2.2924389999999999 2
v -24.846785870546519 2.595604055778657 16.22392529260873
v -24.879619999999999 2.6084209999999999 2
v -24.825489999999999 -2.5341499999999999 20.017119999999998
v -24.825489999999999 2.3560400000000001 20.017119999999998
v -24.81395143487255 -2.241964208938604 1.482361
v -24.811800000000002 2.6017299999999999 1.482361
v -24.711253539749482 0.36798483984985397 0.98634207991488421
v -24.63205 -0.089050770000000001 21.492999999999999
v -24.59100958398805 -2.4141559177553602 1
v -24.549648138355131 2.738857970802417 0.94828769215680508
v -24.587240000000001 -4.9797599999999997 18.513349999999999
v -24.587240000000001 4.8016509999999997 18.513349999999999
v -24.485793901016681 -5.089766730335664 16.299990111345782
v -24.511976461141209 -4.7581585515017366 2.5062804408767989
v -24.52997922027183 4.7292749833547729 16.347474634202779
v -24.530148938731269 4.9594002590923489 2.2993372660762841
v -24.513439999999999 -2.5034109999999998 21.492999999999999
v -24.513439999999999 2.3253089999999998 21.492999999999999
v -24.406816864710599 -5.1931337095483174 20.017119999999998
v -24.466290000000001 4.7775910000000001 20.017119999999998
v -24.45279 -4.7059709999999999 1.482361
v -24.437159668448128 5.110671172103844 1.5309983804886831
v -24.37211652109713 -0.43968978617720411 0.57601538023955112
v -24.214518846648289 -2.1933684318918929 0.52119320270620439
v -24.228844268812061 2.5570122564890321 0.53493497007857183
v -24.212033148213219 -4.6961270670677706 0.9525351608535968
v -24.26477920008865 4.9959783387335053 1.026277945660157
v -24.158750000000001 -4.8945319999999999 21.492999999999999
v -24.143545438102819 4.5285793620927013 21.614787039776662
v -23.993337970858391 -0.089050770000000057 23.196453784093599
v -24.017109999999999 2.2764199999999999 22.917020000000001
v -23.911044937236881 0.082962215567426237 0.2326281505787193
v -24.003711556350709 -7.3093647444157774 18.513349999999999
v -23.98948 7.1880790000000001 18.513349999999999
v -23.80404533100684 -5.0949371876812393 0.57212436718811033
v -23.83910664053758 5.4691181688122796 0.62541604928630656
v -23.92351 -7.3461689999999997 17.0061
v -23.92351 -7.0991289999999996 2
v -23.92351 7.1680599999999997 17.0061
v -23.87809034138354 7.537028987205419 2.3043563499621591
v -23.861017550977198 -1.446269386569967 0.2430255562942818
v -23.885234690923699 2.4940186440155032 0.26794820000000003
v -23.75809645026737 -7.6472452792437844 20.017119999999998
v -23.871469999999999 7.1522779999999999 20.017119999999998
v -23.789600302686519 -7.181949595813415 1.4095603885319909
v -23.897682851466872 7.2911053956585876 1.580323975522963
v -23.678415189096501 4.3845845697781201 22.968373315851171
v -23.52824117476737 -7.3839812965923972 0.98881101092169188
v -23.72789176815305 7.2468423228044481 1.08939935105491
v -23.571400000000001 -7.2393609999999997 21.492999999999999
v -23.571400000000001 7.061248 21.492999999999999
v -23.610846605077729 -4.0388097138749606 0.26794820000000003
v -23.54816271166608 4.7773657498580864 0.26794820000000003
v -23.32353755226967 -0.53773756502125991 0.047092536996908213
v -23.457529999999998 -0.089050770000000001 24.26604
v -23.24557316414317 -2.4392808020269401 0.053089029883239922
v -23.404389999999999 2.4631189999999998 0.068145750000000005
v -23.487925911568841 -6.4349185201798829 0.58729624740919417
v -23.287749472508839 7.5674508081574006 0.63511576429754857
v -23.221710719445522 2.4274429788134979 24.399540783522632
v -23.160679999999999 -9.6825220000000005 18.513349999999999
v -23.284179372021569 9.1585398662073825 18.508090909463601
v -23.096990000000002 -9.4091000000000005 2
v -23.160632546150939 9.310459325265402 16.38048018542209
v -23.096990000000002 9.7250700000000005 2
v -23.094139999999999 6.9164810000000001 22.917020000000001
v -22.892374628496949 -4.5365045904595638 0.049386902765115183
v -22.943496738334069 4.6991394820025336 0.051299100702691697
v -23.04674 -9.6353310000000008 20.017119999999998
v -23.04674 9.4572199999999995 20.017119999999998
v -22.98940263310277 -9.445603102766329 1.449525641761011
v -22.878530173538699 10.02776551913648 1.482361
v -23.006799999999998 4.4872889999999996 24.26604
v -22.585371757841099 1.0995500415239809 0
v -22.919189068881781 -6.8772100942982108 0.25899799110610922
v -22.930113345763392 7.1388735765432507 0.25567627292100581
v -22.21031564780839 -3.6531201259715509 0
v -22.956387423779621 -9.0215561407161768 1.011313466658412
v -22.954967389264588 9.3589169388367299 1.025501001418117
v -22.75704 -9.5153320000000008 21.492999999999999
v -22.75704 9.3372189999999993 21.492999999999999
v -22.615659999999998 -0.089050770000000001 25.518149999999999
v -21.9079503435471 5.5751488898007029 0
v -22.44057858489208 -9.4069886516009085 0.5787113595066653
v -22.523177200812821 9.5821774347719941 0.59265971851867427
v -22.581456831082001 1.7903414991185631 25.431700879477219
v -22.33509062101151 -7.0398174100034616 0.063535894654840136
v -22.39192675899497 7.0074831089186667 0.055123016375749123
v -22.408776294459241 6.7797387699993861 24.290462919307451
v -22.296279999999999 -9.3244710000000008 22.917020000000001
v -22.233951743706669 9.1205513155052031 23.051691361103281
v -22.18111 4.3230399999999998 25.518149999999999
v -21.731724606321791 -9.9203674346676216 0.26098289236472999
v -21.917489729053081 9.7247759137069387 0.23991939898801201
v -22.073382931339228 -11.95362601686894 18.58856523773628
v -22.108830000000001 11.72836 18.513349999999999
v -22.048030000000001 -11.62693 2
v -22.172635126097131 11.444559057329471 16.26839438971831
v -21.978220571486229 12.05515751259356 2.256504828215959
v -21.991355194881351 -11.843681809825931 20.06362879254571
v -22.000070000000001 11.67023 20.017119999999998
v -22.180347548809522 -11.187977572221619 1.482361
v -21.971381817939591 11.952612683381799 1.537970247104256
v -21.534856331505232 -12.00616153344806 1.054205906181384
v -21.890193723032439 11.66210797887944 1.0118183741835971
v -21.744590363455998 -8.863673453153508 0.078442646173072145
v -21.590931594071169 9.1563492590735578 0.051796724085263257
v -21.691626781305171 -11.78948327963781 21.40638662324934
v -21.723520000000001 11.522410000000001 21.492999999999999
v -21.67193 -9.0658609999999999 24.26604
v -21.67193 8.8877500000000005 24.26604
v -21.662361622469231 6.2805435151854017 25.549654326910769
v -21.621379999999998 -0.089050770000000001 26.653030000000001
v -21.60751672758558 -11.2180091372507 0.60147390706536097
v -21.391087763006961 11.853591452588971 0.56710582833658874
v -21.618010874595001 1.9471045878264419 26.542703052386869
v -21.347185444763941 -11.295089597096309 22.947850722584011
v -21.249230000000001 -8.6437310000000007 0
v -20.34459469907787 9.8008142091773056 0
v -21.07548748980755 4.2949347235799973 26.729335973447721
v -21.103349559771608 -11.34092250089833 0.29981062115355978
v -20.94612319716488 11.748796306866531 0.24881521305563919
v -20.94211546555842 -8.7757030386612946 25.433188527791259
v -20.89414 8.5655889999999992 25.518149999999999
v -20.844059999999999 -14.01661 18.513349999999999
v -21.020389118307921 13.54431281521045 18.513349999999999
v -20.786740000000002 -13.97831 17.0061
v -20.771089541151991 -13.75880616478387 2.3908206338152662
v -20.84641575102269 13.71614325731397 16.064789262845359
v -20.7549302272684 14.08620222505049 2.2392157012590772
v -20.741520000000001 -13.948090000000001 20.017119999999998
v -20.741520000000001 13.76999 20.017119999999998
v -20.74071 -10.92815 0.068145750000000005
v -20.641865939764099 11.40903032345331 0.068145750000000005
v -20.623536436870271 -13.849253019467771 1.5375717169448579
v -20.75787623530692 13.990475772240179 1.589762251744598
v -20.63563429886662 6.1227803084153001 26.713886743781131
v -20.800873620037279 -10.827736247187991 24.316851986885681
v -20.7613607714298 -13.25770795093206 1.005800783214059
v -20.43222532365122 14.07598992900561 1
v -20.490839999999999 -0.089050770000000001 27.652239999999999
v -20.480799999999999 -13.77388 21.492999999999999
v 1.9056016219635969 9.5625736150922389 0.0032531545256065282
v -20.39217 1.9193990000000001 27.652239999999999
v -19.993111380227869 -13.81918770570436 0.58578490000000005
v -20.211293207642221 13.66782900345595 0.50654608307622939
v -19.381211314970159 -11.24916733050331 0
v -19.971006043133059 3.6396127840399028 27.763812354898398
v -20.066120000000002 -13.49681 22.917020000000001
v -20.062042970115979 -8.3990282377191754 26.546171508262429
v -19.975549999999998 8.1850889999999996 26.653030000000001
v -19.955269999999999 -13.175700000000001 0.26794820000000003
v -19.538698254827828 13.873510172752271 0.2235188514949043
v -19.866468818645149 -10.893028705149799 25.509251348864769
v -19.74973806168326 5.4562830231673152 27.617627162744071
v -19.768340496771408 -12.550440392673631 0.068145750000000005
v -19.51231294399026 13.022341229147649 0.049767037419013921
v -19.6360099085387 -12.820932986326079 24.327702617695049
v -19.378550000000001 -15.992620000000001 18.513349999999999
v -19.378550000000001 15.81451 18.513349999999999
v -19.32526 -15.94889 17.0061
v -19.32526 -15.70185 2
v -19.453010914727511 15.613905173847231 16.07206549959654
v -19.32526 16.01782 2
v -19.28322 -15.914389999999999 20.017119999999998
v -19.28322 15.736280000000001 20.017119999999998
v -19.295455113161729 -15.58993568599182 1.4278888912599981
v -19.430876202599041 15.76605965594071 1.504631643231952
v -19.2424 -0.089050770000000001 28.499549999999999
v -19.149740000000001 1.797031 28.499549999999999
v -17.825596465750671 14.139046936785959 0
v -19.491646338570462 -15.02967573900804 1.002078481131929
v -18.93131525748969 16.101442151346269 1.0770804224722881
v -19.068349999999999 -10.2813 26.653030000000001
v -19.04083 -15.71546 21.492999999999999
v -19.04083 15.53735 21.492999999999999
v -19.0254002448333 -7.9696388351297553 27.561989527482432
v -18.931059999999999 7.7524490000000004 27.652239999999999
v -18.913716708913281 3.6082169962086299 28.477610028706849
v -18.616454668934288 -15.53031245232771 0.54329573716584423
v -19.025126623052309 15.569724065618139 0.68636122971664792
v -18.89872464566858 -12.629397377942119 25.416016928269759
v -18.65531 -15.39907 22.917020000000001
v -18.39948959008743 -15.07454014986334 0.2229793409047364
v -18.459635314343199 15.508322203145291 0.2796637823402966
v -18.57553596949576 5.5911226993315966 28.374474940254519
v -18.330971311057009 -14.34290935833749 0.051331969194824183
v -18.179379999999998 15.07742 0.068145750000000005
v -18.23662370366409 -14.811872869635611 24.282590058003269
v -17.78169054799368 -10.02899862823064 27.723002319952901
v -18.208681520250469 -11.904717778635799 26.5419087115481
v -17.740773557732421 -0.089050770000000001 29.236441174282259
v -17.830986778602011 2.0323201906574608 29.143431433690591
v -16.597933644530919 -15.05370428283234 0
v -17.777650000000001 -7.452801 28.499549999999999
v -17.6447761084417 7.2196497237071124 28.572381688791179
v -17.726410000000001 -17.815460000000002 18.513349999999999
v -17.726410000000001 17.637360000000001 18.513349999999999
v -17.425393439172129 -17.987828371265259 16.5479359581973
v -17.677669999999999 -17.519680000000001 2
v -17.680345397329141 17.59722483643344 16.304105000963311
v -17.677669999999999 17.835660000000001 2
v -17.51761376600356 -17.838478067066259 20.017119999999998
v -17.639209999999999 17.550160000000002 20.017119999999998
v -17.716426336234228 -17.345000910387881 1.432756770201367
v -17.629480000000001 17.787459999999999 1.482361
v -17.52957898687691 3.5659156240547638 29.172302927435119
v -17.724680913595112 -17.06143617741807 0.99311483213166762
v -17.288147723760069 17.82102242563661 0.99373087950961159
v -17.482140000000001 -14.43628 25.518149999999999
v -17.417490000000001 -17.506540000000001 21.492999999999999
v -17.417490000000001 17.328430000000001 21.492999999999999
v -17.067551847387769 -17.308199983399579 0.61011841260207644
v -17.140384299856361 17.507829162190859 0.57146299855163207
v -17.23105937752192 5.3314492528905646 29.092401232542709
v -17.08541310269354 -17.131180100932632 22.917020000000001
v -17.044322659444859 16.955272230286319 22.974914344576121
v -17.037510000000001 -11.47316 27.652239999999999
v -16.667546936710799 -17.17044865828376 0.31532766218056951
v -16.324613720144178 17.714003591377761 0.26794820000000003
v -16.970279999999999 -9.1598520000000008 28.499549999999999
v -16.72020051320181 -13.875084893712019 26.594011169365299
v -16.629480000000001 -16.471489999999999 0.068145750000000005
v -16.571373429823581 16.732471348382401 0.057631951108987993
v -16.573603128759949 -16.662653128759949 24.294176394443689
v -16.586980000000001 16.497920000000001 24.26604
v -16.620530586567639 -6.9735017805028239 29.133797706791711
v -16.534050000000001 6.7595710000000002 29.1812
v -16.474499999999999 -0.089050770000000001 26.686119999999999
v -16.474499999999999 -0.089050770000000001 29.686119999999999
v -16.39517 -1.7038390000000001 26.686119999999999
v -16.39517 -1.7038390000000001 29.686119999999999
v -16.335649750983681 2.3639622578836308 29.663323551782561
v -16.15795 -3.3030710000000001 26.686119999999999
v -16.16335362312557 -3.266642170144388 29.686119999999999
v -16.171897006372092 -10.61699865670526 28.45583888451516
v -15.99169 -16.080739999999999 25.518149999999999
v -15.97682823877952 15.887768450163319 25.542139525330189
v -15.989822316268731 -19.38571701563054 18.453343575652742
v -15.903560000000001 19.289490000000001 18.513349999999999
v -15.859830000000001 -19.41432 17.0061
v -15.859830000000001 -19.167280000000002 2
v -15.733487515159959 19.34326199212283 16.19519384810495
v -15.859830000000001 19.483250000000002 2
v -15.77360304538122 -13.03412268695457 27.71021079862188
v -15.825329999999999 -19.37227 20.017119999999998
v -15.911923957270179 19.097149013304339 20.081810501528881
v -15.61383442941875 -19.261524392039551 1.4756515944850011
v -15.73257534547 19.483167682751489 1.463491433178695
v -15.783149999999999 -8.5253300000000003 29.1812
v -15.76511 -4.8713499999999996 26.686119999999999
v -15.76511 -4.8713499999999996 29.686119999999999
v -15.916682128185739 4.4929585534272052 29.651146916691172
v -15.589533398974069 -19.034549446477119 0.99999999999999989
v -15.73948363829615 19.231134676749221 1
v -15.6264 -19.12988 21.492999999999999
v -15.73147669084233 18.807742012076901 21.596352094353659
v -15.84917579309063 -18.387300247049769 0.58578490000000016
v -15.26750725363263 19.210464336661421 0.60292031718323669
v -15.156363322195361 18.697533854934161 22.877223319987969
v -15.36554463225791 -15.45459463225791 26.52885996478749
v -15.28862 15.19957 26.653030000000001
v -15.358394870799721 -18.147767288977029 0.2292309981013228
v -15.156813638049821 18.76113650962321 0.26794820000000003
v -15.22045 -6.3935700000000004 26.686119999999999
v -15.22045 -6.3935700000000004 29.686119999999999
v -15.22045 6.2154689999999997 26.686119999999999
v -15.22045 6.2154689999999997 29.686119999999999
v -15 -0.089050770000000001 30.0061
v -14.819775000000019 -2.2873614999998968 30.0061
v -14.819775 2.1092545 30.0061
v -15.27762104752229 -17.511869374498001 0.050089515699929851
v -15.00684347734515 18.161766551130189 0.058733406152028211
v -14.59287505544447 18.220717946555919 24.310366206678729
v -14.796079063947751 -9.9421143441784334 29.22324810761042
v -14.950134471717471 -12.09011872121588 28.531049705981829
v -13.562378624724429 -17.95962366112817 0
v -13.684585 18.60951 0
v -13.795731082135941 -8.7031515201583289 29.728082005925121
v -14.529210000000001 7.6769790000000002 26.686119999999999
v -14.529210000000001 7.6769790000000002 29.686119999999999
v -14.48921 -14.57827 27.652239999999999
v -14.48921 14.40016 27.652239999999999
v -14.106145 -5.1363145000000001 30.0061
v -14.166443249651101 4.8458908866696726 30.001986074546469
v -14.624953170411541 17.2153275541597 25.436547262925099
v -13.92755 -20.933109999999999 18.513349999999999
v -13.89140975881018 20.7640236245728 18.27601467007786
v -13.770956703287389 -20.928572353625938 15.904468996158929
v -14.0245095944779 -20.533415569103909 2.3015248604856602
v -13.77291066368981 20.782688158694739 16.079079208074429
v -13.88926 20.94473 2
v -13.8813595729588 -20.80892359807768 20.036434469082131
v -13.85904 20.652470000000001 20.017119999999998
v -13.7509920339954 -20.640189310389388 1.5340361120800849
v -13.79481919352288 20.923142920356511 1.4899649545132829
v -14.16349699107481 -11.338955553433999 29.078268105660928
v -13.944739352141211 -20.200216497983721 0.94320917586825725
v -13.8812510156665 20.662115737023282 1.086677168297729
v -13.63914808762769 16.722965763123032 26.615279386726041
v -13.69805 9.0636899999999994 26.686119999999999
v -13.69805 9.0636899999999994 29.686119999999999
v -13.68483 -20.569849999999999 21.492999999999999
v -13.68483 20.391739999999999 21.492999999999999
v -13.60643 -13.69548 28.499549999999999
v -13.60643 13.517379999999999 28.499549999999999
v -13.437659987404439 -20.209521495405809 0.58065862974587801
v -13.38167132751029 20.58888858855758 0.61047168474018554
v -13.584312146361929 19.823871376135731 22.952725045435749
v -13.417215759915109 -19.678235008977431 0.2489285681347734
v -13.299890033093471 20.204089463510069 0.31445714762327392
v -13.25 -0.089050770000000001 25.0061
v -13.23990274452437 -0.012354037171321469 29.995838744006871
v -13.25790743415941 -7.2229406931524807 29.993650138619628
v -13.430951661282849 6.9300681153301769 29.971213969434849
v -14.793661848026719 4.9263877373842817 0
v -13.18939157103036 19.759088501776791 0.11432827483912909
v -13.032299999999999 19.41517 24.26604
v -13.01901057834325 15.756994713706209 27.636291145863431
v -12.80782431926751 -3.447736098257046 25.0061
v -12.79852 -3.5184099999999998 30.0061
v -12.79852 3.3403010000000002 25.0061
v -12.79852 3.3403010000000002 30.0061
v -12.896631625651681 -10.56012627317493 29.635763618080581
v -12.734959999999999 10.362259999999999 26.686119999999999
v -12.545470660661749 10.567047918475209 29.68674473324154
v -12.65462 -12.74367 29.1812
v -12.736460621824 12.647401481666 29.122588869767782
v -12.841862646373711 18.46149393965236 25.562251572335079
v -12.0336 8.8356740000000009 30.0061
v -12.16622401111079 15.075417688820041 28.3579330900073
v -11.8817714602254 17.985694677083941 26.6343523626145
v -11.817410000000001 -22.197880000000001 18.513349999999999
v -11.560695969225881 22.141187129255059 18.513349999999999
v -11.745608980491101 -22.132929232418089 15.62397505751288
v -11.78492 -21.890049999999999 2
v -11.84510265982372 21.938889343501071 16.035334597882891
v -11.78492 22.206019999999999 2
v -11.75928 -22.089120000000001 20.017119999999998
v -11.50801106767741 22.033933749474091 19.97207042883857
v -11.438638997489219 -21.97981912314053 1.491270832250009
v -11.752789999999999 22.14592 1.482361
v -11.756929406206069 -21.635497954890809 1.0843614771928569
v -11.70078595575559 21.963303989938581 1.039128960383366
v -11.649229999999999 -11.738289999999999 26.686119999999999
v -11.649229999999999 -11.738289999999999 29.686119999999999
v -11.649229999999999 11.560180000000001 26.686119999999999
v -11.649229999999999 11.560180000000001 29.686119999999999
v -11.611470000000001 -21.812580000000001 21.492999999999999
v -11.730778123986081 21.61444335446733 21.28489975254876
v -11.59516 -9.6049500000000005 30.0061
v -11.401598337807631 -21.49073920553964 0.66436940573760028
v -11.41537088940732 21.760341208323482 0.6173510327755487
v -11.44203686851513 -6.7568008827597321 25.016371301246451
v -11.47484 -6.7140510000000004 30.0061
v -11.462609023871639 6.5518886580729401 25.0061
v -11.47484 6.5359489999999996 30.0061
v -11.43907066839258 16.843157048839341 27.687456710028219
v -11.37637 21.19463 22.917020000000001
v -11.52201503768908 13.914287076121671 29.060161614576479
v -11.41917571083887 -20.950511416329942 0.27171666140906769
v -11.272679651345509 21.376202399759379 0.29072462266092403
v -12.09350011911679 -19.991058912137209 0.072461003660685808
v -11.48728040612705 20.54548223263156 0.055396179230070577
v -11.0578 20.59864 24.26604
v -19.437894428353459 -15.63313231545974 7.0509790017519887
v -9.4624901533354162 20.670028973998601 0
v -10.6905 15.910410000000001 28.499549999999999
v -10.66095 19.856169999999999 25.518149999999999
v -10.061249999999999 -11.18993 30.0061
v -10.061249999999999 11.011825 30.0061
v -10.43799062299184 -12.833898270412091 26.686119999999999
v -10.451309999999999 -12.824020000000001 29.686119999999999
v -9.9545590615299453 13.142217605025399 29.649596249144341
v -10.1083594775438 19.09397052284303 26.575556908262051
v -9.6934465996260002 14.818573006812951 29.21840767980521
v -9.6402762651765457 17.892328148762669 27.711298671779751
v -9.5260779929665294 -23.263836473997578 18.307110936150639
v -9.5934679999999997 23.071619999999999 18.513349999999999
v -9.7487907035351551 -23.087898944650071 16.264738067071949
v -9.6663855961817688 -22.898139886334722 2.3706335108545509
v -9.7536312788680668 22.931403860725549 16.29545560636215
v -9.5670929999999998 23.25498 2
v -9.5462720000000001 -23.1358 20.017119999999998
v -9.5462720000000001 22.957689999999999 20.017119999999998
v -9.5663995195612177 -22.882884558862951 1.611974062968734
v -9.5410079999999997 23.19201 1.482361
v -9.4148402703266836 -22.745997642848621 1.083665904102987
v -9.5043885803840844 23.00815008806455 1.0427707497382761
v -9.4262770000000007 -22.8461 21.492999999999999
v -9.4262770000000007 22.66799 21.492999999999999
v -9.3691639999999996 -9.4582219999999992 25.0061
v -9.3691639999999996 -9.4582219999999992 30.0061
v -9.3691639999999996 9.2801089999999995 25.0061
v -9.3691639999999996 9.2801089999999995 30.0061
v -9.3882262867408439 -22.414494696377581 0.63074556673398097
v -9.2120142040402957 22.810800570019289 0.64743920279055345
v -9.2354199999999995 -22.38533 22.917020000000001
v -9.2354199999999995 22.207229999999999 22.917020000000001
v -9.3146474558576617 -21.953527741927299 0.26794820000000003
v -9.1844020000000004 22.331099999999999 0.26794820000000003
v -9.1527399999999997 -13.787100000000001 26.686119999999999
v -9.1305664762852512 -13.800390417185691 29.686119999999999
v -9.4331386855097712 16.740677050356911 28.45488494523072
v -8.0139802131878142 -21.865208736473079 0.061071243029005323
v -9.1571158904091714 21.81104946279849 0.068145750000000005
v -8.9439739340301418 -21.681713960802821 24.393646521560299
v -8.9771195658918188 21.5836246185563 24.25940427401045
v -8.6546400000000006 20.80509 25.518149999999999
v -8.6124248774713141 15.72433632559966 29.12213533975347
v -7.4000429366091804 -12.98808805953807 30.0061
v -7.8280167145454316 12.763442935401599 29.99166743551919
v -8.2367619016115547 -19.974364164837361 26.739354820822669
v -7.8414989999999998 -19.020119999999999 27.652239999999999
v -7.8297632040568654 18.81367692259002 27.67305384747856
v -7.7660289999999996 -14.618270000000001 26.686119999999999
v -7.7660289999999996 -14.618270000000001 29.686119999999999
v -8.0448094791349725 14.448670705631111 29.632566283051212
v -7.363747 -17.866710000000001 28.499549999999999
v -7.3796966816493121 17.651941690603621 28.512894254578171
v -7.5525023128910371 -23.979011901213781 18.52470933424916
v -7.392628645704205 23.84014619107257 18.731156261788311
v -7.3805593571846506 -23.948845401454399 15.81876322955236
v -7.2571180000000002 -23.765519999999999 2
v -7.3622180539778519 23.800651328449788 16.774871832274801
v -7.2571180000000002 24.081489999999999 2
v -7.4097597107014153 -23.901485600075901 20.002985313172111
v -7.241333 23.782409999999999 20.017119999999998
v -6.9607260420356596 -23.76435860249444 1.4700850111027259
v -6.9213421966986326 24.094240426192538 1.4795704708110571
v -7.6693112873969458 -23.356243525287809 1.0510899825593489
v -7.4129205724642224 23.741502548720451 1
v -7.2708411980970178 -23.621609156646301 21.473980110648888
v -7.1503069999999997 23.482340000000001 21.492999999999999
v -7.3285227606087133 -23.165647563914401 0.64362557586094937
v -7.1053876689912867 23.501575408926261 0.57652656084482612
v -7.0367133862116491 -23.19551556511211 22.853839670188901
v -6.6838096180483744 23.19544246861383 0.26794820000000003
v -6.8486330000000004 -16.623100000000001 29.1812
v -6.8490278201544994 16.445953183846939 29.18067753476257
v -6.8878752944289978 -22.160580319073311 0.047723515280561471
v -7.241692504414222 22.462555356558681 0.061697560472641577
v -6.7459579513695767 -22.616592252825392 24.141570706993349
v -3.9181042499999998 -22.428562500000002 0
v -6.56247630409369 -11.589788148293319 25.0061
v -6.625 -11.563890000000001 30.0061
v -6.625 11.38578 25.0061
v -6.625 11.38578 30.0061
v -6.5649800000000003 -21.730889999999999 25.518149999999999
v -6.3045200000000001 -15.30951 26.686119999999999
v -6.3045200000000001 -15.30951 29.686119999999999
v -6.3045200000000001 15.131399999999999 26.686119999999999
v -6.3045200000000001 15.131399999999999 29.686119999999999
v -6.2553108920758884 -20.858269177950731 26.571467859822839
v -6.1666505934050013 -19.474391163139501 27.74500930016433
v -4.7096787749488529 -14.31599337649785 30.0061
v -5.0472604999999993 14.017094999999999 30.0061
v -4.9553077186299959 -18.683506102795931 28.484584168329661
v -5.19503 -17.214770000000001 29.1812
v -4.8907090000000002 -24.676300000000001 18.513349999999999
v -5.0818500526973338 24.449325309940519 18.492409344975609
v -4.8772580000000003 -24.361640000000001 2
v -5.1419664077636069 24.376845101601582 16.242444477972281
v -4.8772580000000003 24.677620000000001 2
v -5.117046584067884 -24.481187121662948 20.069422821198941
v -5.1271192542001414 24.298371922717351 20.07939813474006
v -4.7319067109476656 -24.29755534055656 1.4421131183749669
v -4.8639599999999996 24.610779999999998 1.482361
v -5.1569235324919998 -24.01872919071976 1.007117308054134
v -5.2227060625444137 24.321368830256318 1.0144962998452509
v -4.8054730000000001 -24.247800000000002 21.492999999999999
v -4.8054730000000001 24.069690000000001 21.492999999999999
v -3.858610227007961 -15.930547110489719 29.718785997377179
v -4.7822880000000003 15.67606 26.686119999999999
v -4.7822880000000003 15.67606 29.686119999999999
v -4.9118308496824676 -23.726408807504601 0.56833492668472108
v -4.6299471053283154 24.122813735475351 0.58578490000000005
v -4.7436991404343933 -23.705226484169049 23.003364389012319
v -4.1402279042462382 -23.461247453422452 0.26794820000000003
v -4.9743819459934402 23.61406326031436 0.26409812031507002
v -5.1272105494180709 -22.715231922144071 0.060796638747457311
v -4.5880580000000002 23.223739999999999 0.068145750000000005
v -4.2944528810155962 -23.086592007963912 24.3412680363042
v -4.5139131515462161 -22.310294712072231 25.423339242413441
v -4.0684975409615856 -21.370421883470261 26.592848355518591
v -4.1674137133991236 -20.095319682790311 27.684079229385159
v -3.4762639906449349 -18.97851008597582 28.511786467294598
v -3.5596049286846121 -17.560828963984939 29.203134189270461
v -3.4293520000000002 -12.88757 25.0061
v -3.4870022188486178 -12.86369051086805 30.0061
v -3.4293520000000002 12.70946 25.0061
v -3.4293520000000002 12.70946 30.0061
v -3.2140200000000001 16.06889 26.686119999999999
v -3.2239534426188192 16.034863148298989 29.692767065630541
v -3 -0.089050770000000001 20.0061
v -3 -0.089050770000000001 25.0061
v -2.1983054999999978 -14.90883 30.0061
v -2.1983055 14.73072 30.0061
v -2.8736280333316011 -0.92381986176957709 20.006532410599331
v -2.8977810000000002 -0.86550950000000004 25.0061
v -2.8969050058056989 0.68951515600813507 20.0061
v -2.876720686987551 0.73824484873941376 25.0061
v -2.5696978298658761 -1.626039540944908 20.0061
v -2.5980799999999999 -1.589051 25.0061
v -2.6033872379946521 1.3981360792836159 20.0061
v -2.5980799999999999 1.410949 25.0061
v -2.4571909999999999 -25.037269999999999 18.513349999999999
v -2.7898814601843678 24.809819799049219 18.513349999999999
v -2.5356444858744371 -24.716499085818999 2.4561430081010802
v -2.4504320000000002 24.790559999999999 17.0061
v -2.4504320000000002 25.037600000000001 2
v -2.597575700990447 -24.883966171992672 20.054253711441788
v -2.253716962924655 24.747105883834841 20.00170808745758
v -2.4122181292230702 -24.671675101875469 1.6062947710592299
v -2.1298058125832422 24.983485917366728 1.4782138439018899
v -2.267809708803517 -24.425113182925511 0.95106738650938505
v -2.7892829236349139 24.71678873512603 1
v -2.4143599999999998 -24.60249 21.492999999999999
v -2.4143599999999998 24.424379999999999 21.492999999999999
v -2.8187061602517649 -24.075522299056189 0.58578490000000005
v -1.9280766687247659 24.45159487557585 0.56592226715990956
v -2.3654790000000001 -24.106159999999999 22.917020000000001
v -2.52291387001774 -23.63874272957036 0.24234764507913281
v -2.529009329558876 23.900070406763191 0.22029890211877551
v -2.0830876982816271 -23.127511476618459 0.051056882344218631
v -2.8506566177712891 23.38122865250941 0.055077683853166338
v -2.2992400000000002 -23.433630000000001 24.26604
v -1.22539803642013 22.609765356032678 0.00012856586223462289
v -2.4563208667894401 -22.455095219720569 25.63704073417961
v -2.0697135043526842 -2.2396259861807382 20.0061
v -2.1213190000000002 -2.2103809999999999 25.0061
v -2.1213190000000002 2.0322680000000002 20.0061
v -2.1213190000000002 2.0322680000000002 25.0061
v -2.2473259013275948 -21.486033663602019 26.741692323848461
v -2.0084499999999998 -20.48122 27.652239999999999
v -2.059821042959264 -19.249945500914212 28.474729036141991
v -1.799845995873653 -17.929481051674049 29.162613940927152
v -1.870759392627193 -16.425053035226771 29.690677388409259
v -1.6147800000000001 16.30612 26.686119999999999
v -1.6147800000000001 16.30612 29.686119999999999
v -1.599317787143925 0.037481856873350559 0.0060701909251013814
v -1.618200975181038 -0.034908712271252362 20.0061
v -1.545479 -0.50315900000000002 0.0061035159999999998
v -1.551199061631255 -0.45971131024761941 20.0061
v -1.5461157684020941 0.32021330685005062 19.97982430882357
v -1.5 -2.6871299999999998 20.0061
v -1.5 -2.6871299999999998 25.0061
v -1.5 2.5090210000000002 20.0061
v -1.5 2.5090210000000002 25.0061
v -1.3856390000000001 -0.88906149999999995 0.0061035159999999998
v -1.3856390000000001 -0.88906149999999995 20.0061
v -1.4472634641415221 0.64413188013720801 0.006077326885634028
v -1.3856390000000001 0.71094849999999998 20.0061
v -1.1313709999999999 -1.220421 0.0061035159999999998
v -1.1313709999999999 -1.220421 20.0061
v -1.1313709999999999 1.0423199999999999 0.0061035159999999998
v -1.1313709999999999 1.0423199999999999 20.0061
v -0.77695285103071288 -1.484246379042139 0.0061035159999995869
v -0.79999920000000002 -1.474701 20.0061
v -0.89207510769157972 1.225936372743478 0.0061035160000013633
v -0.79999920000000002 1.2965880000000001 20.0061
v -0.77645869999999995 -2.9868320000000002 20.0061
v -0.77645869999999995 -2.9868320000000002 25.0061
v -0.82242012850386337 2.789692557084726 20.0061
v -0.77645869999999995 2.8087309999999999 25.0061
v -0.42517133502023369 -1.645586805832725 0.0060989784203525814
v -0.41410829999999998 -1.63453 20.0061
v -0.46238751991221289 1.436423248905303 0.0061035159999995869
v -0.42625022758728248 1.458922148566383 20.0061
v 0 -25.157990000000002 18.513349999999999
v 0.38965795922840363 -25.044890706304791 15.486480625829341
v 0.14584930949066199 -25.024386632649101 20.031796667188502
v 0.030905758400025449 -24.852799202184251 2.747600661312156
v -0.054294448523038358 -24.785614248194062 1.59184236787061
v 0.0118282753686356 -24.72712649099994 21.461900113782342
v -0.064682492430642682 -24.555922177167179 0.98050296757088773
v 0 -24.256229999999999 0.58578490000000005
v 0 -24.222370000000002 22.917020000000001
v 0.044665658508029733 -23.79594125468623 0.24977455446681951
v 0 -23.546579999999999 24.26604
v 0.91100598747046579 -23.225420429293919 0.0563663069123796
v 1.305230042301361 -22.369961195909401 0.0001175160160932701
v 0 -22.704719999999998 25.518149999999999
v 0 -21.710429999999999 26.653030000000001
v 0 -20.579889999999999 27.652239999999999
v 0 -19.294378277948841 28.518323263700111
v 0 -17.998945642790691 29.174335369962499
v 0 -16.563559999999999 26.686119999999999
v 0 -16.588552582592641 29.67724463880867
v -0.050369676931675267 -15.13158202623023 29.996333306286921
v 0.1152341890268883 -13.323879223812 25.0061
v 0 -13.33905 30.0061
v 0 -3.089051 20.0061
v -0.021013204893077009 -3.0862846599603229 25.0061
v 0 -1.689049 0.0061035159999999998
v -0.029500441535277599 -1.6851651498765861 19.984432062463949
v 0 1.5109399999999999 0.0061035159999999998
v 0 1.5109399999999999 20.0061
v 0 2.910949 20.0061
v -0.033042509342351423 2.9065990722833601 25.0061
v 0 13.16095 25.0061
v 0 13.16095 30.0061
v 0 14.91095 30.0061
v 0 16.385449999999999 26.686119999999999
v 0 16.385449999999999 29.686119999999999
v 0 17.81404243966578 29.17777547434871
v 0 19.065399803964141 28.544083256041962
v 0 20.401779999999999 27.652239999999999
v 0 21.532319999999999 26.653030000000001
v 0 22.405271754469339 25.65664515542532
v 0 23.25360125112428 24.436885875982679
v 0.087555744461616403 23.511789695330169 0.04714381645941039
v 0 24.054040085657292 22.889094995332751
v -0.14478924580434011 24.07664217616345 0.2371993160334398
v 0 24.54299 21.492999999999999
v 0.51064182818859805 24.54711398765243 0.58578490000000005
v -0.125914033828224 24.855451730048671 19.955204851810819
v -0.060565691550263062 24.885157781834149 0.99752756806606957
v -0.0122331775593373 24.92456805305445 16.1423824117356
v 0.01193370661018955 24.9691447907603 18.291430126267951
v -0.3448756172323264 25.05635260127341 1.442422521544606
v 0 25.157990000000002 2
v 0.38152947927863129 -1.6388191309517519 0.0061035159999999998
v 0.41410829999999998 -1.63453 20.0061
v 0.34857057131141861 1.465048460159097 0.0061035160000031397
v 0.41410829999999998 1.45642 20.0061
v 0.77645869999999995 -2.9868320000000002 20.0061
v 0.77645869999999995 -2.9868320000000002 25.0061
v 0.77645869999999995 2.8087309999999999 20.0061
v 0.77645869999999995 2.8087309999999999 25.0061
v 0.79999920000000002 -1.474701 0.0061035159999999998
v 0.79999920000000002 -1.474701 20.0061
v 0.8458561718488522 1.2614010573631671 0.0061035159999982547
v 0.79999920000000002 1.2965880000000001 20.0061
v 1.1313709999999999 -1.220421 0.0061035159999999998
v 1.1313709999999999 -1.220421 20.0061
v 1.225278294707282 0.96448981306362547 0.0060919288975042696
v 1.1313709999999999 1.0423199999999999 20.0061
v 1.3856390000000001 -0.88906149999999995 0.0061035159999999998
v 1.38734358664732 -0.88494610805388352 20.0061
v 1.3856390000000001 0.71094849999999998 20.0061
v 2.1983055 -14.90883 30.0061
v 2.1983055 14.73072 30.0061
v 1.5 -2.6871299999999998 20.0061
v 1.5 -2.6871299999999998 25.0061
v 1.5473323915394701 2.4609725619675502 20.0061
v 1.5 2.5090210000000002 25.0061
v 1.532106329329133 -0.53544470472700434 0.033095561867591113
v 1.545479 -0.50315900000000002 20.0061
v 1.545479 0.3250499 0.0061035159999999998
v 1.545479 0.3250499 20.0061
v 1.5965353745089119 -0.11535172403927769 0.036595823108406048
v 1.599998 -0.089050770000000001 20.0061
v 1.3063627430203679 -16.499381748842691 29.686119999999999
v 1.6147800000000001 16.30612 29.686119999999999
v 1.938800823272971 17.865351032409698 29.095117615306869
v 2.3568459828400208 19.1250639796996 28.409336125463959
v 2.0084499999999998 20.30311 27.652239999999999
v 2.3719253594507439 21.381804864082621 26.660844745291271
v 2.0268568189455691 -2.282863493462326 20.0061
v 2.1213190000000002 -2.2103809999999999 25.0061
v 2.1521283429489539 1.99211700159262 20.0061
v 2.1213190000000002 2.0322680000000002 25.0061
v 2.270004143695648 22.50306310997258 25.380784026596931
v 3.5286742652972638 22.281247496625419 0
v 2.2283358692030482 23.244193175255781 24.288067095265468
v 3.661311513280074 23.248293153607371 0.053423644966443973
v 2.3639216014315179 -23.62005547992726 0.2250060929624112
v 1.3000578356198911 24.03148098538686 0.2420023778374038
v 2.723441338707846 23.895041648464179 22.860210602966578
v 1.840092969973792 -24.14632316581903 0.57081505858863268
v 2.0478718532368592 24.447287702701178 0.56713285207802411
v 2.4143599999999998 -24.60249 21.492999999999999
v 2.4143599999999998 24.424379999999999 21.492999999999999
v 2.657935575947405 -24.420303002902809 1
v 2.4241709999999999 24.770949999999999 1
v 2.3895277906059258 -24.67458843665386 1.6199554297048631
v 2.1243615790120818 24.988341478122589 1.5041618301334909
v 2.642599689404626 -24.885253797841081 20.017119999999998
v 2.1889691453003759 24.74902285171542 20.017119999999998
v 2.425578249836907 -24.733047456875081 2.6193715995831681
v 2.3739839330335659 24.80730022479937 16.217385442341591
v 2.4504320000000002 25.037600000000001 2
v 2.4571909999999999 -25.037269999999999 18.513349999999999
v 2.4571909999999999 24.859169999999999 18.513349999999999
v 2.5631109479141281 -1.6346237736381859 20.0061
v 2.5980799999999999 -1.589051 25.0061
v 2.5715332420581531 1.4455449612838931 20.0061
v 2.5980799999999999 1.410949 25.0061
v 2.8977810000000002 -0.86550950000000004 20.0061
v 2.9027682614036898 -0.82762610595694197 25.0061
v 2.8659391407773511 0.70907183288403186 20.0061
v 2.8977810000000002 0.68740029999999996 25.0061
v 3 -0.089050770000000001 20.0061
v 3 -0.089050770000000001 25.0061
v 3.2140200000000001 -16.247 26.686119999999999
v 3.094621573022192 -16.264711468467489 29.686119999999999
v 3.879126232923142 15.797168351287681 29.708275426995211
v 3.4293520000000002 -12.88757 25.0061
v 3.4293520000000002 -12.88757 30.0061
v 3.4293520000000002 12.70946 25.0061
v 3.4293520000000002 12.70946 30.0061
v 3.693862575946941 17.639039896240192 29.069878522755069
v 4.0669143046663461 18.896722281189511 28.373322285361059
v 3.980644074634907 20.013523590262821 27.649653823953969
v 4.218121 21.116879999999998 26.653030000000001
v 4.7356280104469866 -14.28474343738821 30.0061
v 4.9498891738097122 14.05193493218586 30.0061
v 4.412102 22.09205 25.518149999999999
v 5.6179544940914852 -21.656930812276659 0
v 4.5938903452853763 22.903280904699571 24.280575690504939
v 4.5880580000000002 -22.90776 0.068145750000000005
v 4.6937169694508167 -23.37796787276999 0.26794820000000003
v 4.4263488629379042 23.68795911312446 0.2487417539749685
v 4.7081790000000003 23.580549999999999 22.917020000000001
v 4.6992407999270362 -23.796565176996879 0.58578490000000005
v 4.6495164453792466 24.16987506654284 0.65027196418363087
v 4.7822909999999998 -15.85417 26.686119999999999
v 4.6133208322265453 -15.89649466901859 29.686119999999999
v 4.8054699999999997 -24.247800000000002 21.492999999999999
v 4.7967631542020079 24.093699633644391 21.38710456362297
v 4.6298319448883651 -24.136133400932781 1.0199516221780101
v 5.0909930719744887 24.370469018978969 1.0522624928376909
v 4.7984202152447573 -24.300569153344458 1.4729093150377071
v 4.8639599999999996 24.610779999999998 1.482361
v 4.7095674135776058 -24.58330861946386 19.96086677022377
v 4.8666499999999999 24.37724 20.017119999999998
v 4.8772580000000003 -24.369992376424641 2.5073534482908122
v 4.7387733788349893 24.463325565446819 16.264807300650379
v 4.8907090000000002 -24.676300000000001 18.513349999999999
v 5.1452039323937253 24.429316002326669 18.40450326862695
v 5.3756392391393408 16.75814037469528 29.252805311564082
v 5.4550979307039356 18.387134495321899 28.48001745497654
v 5.8856539514700206 19.582616539435509 27.611463475573409
v 6.3295956284792467 20.38991422848347 26.813288748680701
v 6.3045200000000001 -15.30951 26.686119999999999
v 6.3045200000000001 -15.30951 29.686119999999999
v 6.3045200000000001 15.131399999999999 26.686119999999999
v 6.3045200000000001 15.131399999999999 29.686119999999999
v 6.5649800000000003 21.552779999999998 25.518149999999999
v 6.625 -11.563890000000001 25.0061
v 6.625 -11.563890000000001 30.0061
v 6.625 11.38578 25.0061
v 6.625 11.38578 30.0061
v 7.3146714598997402 21.479955733202669 0
v 6.809361 22.3584 24.26604
v 7.2183961896317266 -22.087196670977651 0.053293196513771103
v 6.4161707297532997 22.61296361628229 0.048602128937355348
v 6.8486289999999999 -16.623100000000001 29.1812
v 6.8366931309964789 16.416184160668131 29.192276197925889
v 7.2988767199375264 -22.619895374648721 0.24066288534509739
v 7.1465978810156532 22.948217154975101 0.22421053948086669
v 6.8947887609949774 23.019231397924049 22.943383045753791
v 7.2604571139221141 -13.304913342012799 29.987346902978459
v 7.3943319489574266 12.88401082364186 30.0061
v 7.0549139725244254 -23.151054491288349 0.5396107200798107
v 7.2289484757769769 23.419048179728112 0.54880963267079563
v 7.1503110000000003 -23.660450000000001 21.492999999999999
v 7.1503110000000003 23.482340000000001 21.492999999999999
v 6.8274215528790272 -23.5778302480165 0.97540754666551155
v 7.2318378938606038 23.806295981072179 1
v 7.2373310000000002 -23.700310000000002 1.482361
v 7.1062355877133134 24.051023948549702 1.4964225076916919
v 7.242729894601859 -23.96513773615165 19.958277418076658
v 6.920317853036746 23.866760685434169 19.9704469348424
v 7.1712246390672458 -23.7952008143744 2.496019403748289
v 7.3244696334995689 23.821731754348189 16.314823320484681
v 7.2571180000000002 24.081489999999999 2
v 7.2771299999999997 -24.078530000000001 18.513349999999999
v 7.2771299999999997 23.90042 18.513349999999999
v 7.3637499999999996 -17.866710000000001 28.499549999999999
v 7.2957238258546857 17.524371886280871 28.589567765934898
v 7.9629896277229424 -14.715539165833039 29.620453610350701
v 7.7660289999999996 14.440160000000001 26.686119999999999
v 7.7660289999999996 14.440160000000001 29.686119999999999
v 7.8414989999999998 -19.020119999999999 27.652239999999999
v 7.8414989999999998 18.842009999999998 27.652239999999999
v 8.2741389999999999 -20.064599999999999 26.653030000000001
v 8.2741389999999999 19.886489999999998 26.653030000000001
v 8.4344436091161228 -15.74205328071144 29.22122449462919
v 8.6546400000000006 -20.9832 25.518149999999999
v 8.6534884869221962 20.805502016698 25.518149999999999
v 9.1050999349668551 -20.538498375343309 0
v 8.966547770619945 -21.736205015466311 24.305924036468511
v 8.7052655780009438 -21.499364601318689 0.046365547821864521
v 8.9998090000000008 21.885449999999999 0.068145750000000005
v 9.19355643019294 -16.7771719864384 28.59025789469182
v 9.5062791206239634 -13.44616623237218 29.69985992287182
v 9.1527399999999997 13.60899 26.686119999999999
v 9.1527399999999997 13.60899 29.686119999999999
v 9.1843990000000009 -22.015129999999999 0.26794820000000003
v 8.7117510309181458 22.48257599371674 0.26106094909304323
v 9.2517231562842923 -22.377619211321178 22.917020000000001
v 9.2258579677808417 22.18414446411062 22.966899636148209
v 9.2106898190184872 -22.461348541896811 0.60572298654609158
v 9.0140112517065791 22.831461801082181 0.58578489999999994
v 9.3691600000000008 -9.4582219999999992 25.0061
v 9.3691600000000008 -9.4582219999999992 30.0061
v 9.3691600000000008 9.2801089999999995 25.0061
v 9.3691600000000008 9.2801089999999995 30.0061
v 9.4262809999999995 -22.8461 21.492999999999999
v 9.4262809999999995 22.66799 21.492999999999999
v 9.2287478943465651 -22.77582121739734 1
v 9.5833407564170354 22.97420084647003 1.0501789492454581
v 9.5159000000000002 -11.68421 30.0061
v 10.061249999999999 11.011825 30.0061
v 9.3505364962565771 -22.94370206326408 1.481243244980281
v 9.4370118099755409 23.230759331152409 1.49337027139269
v 9.5462679999999995 -23.1358 20.017119999999998
v 9.5462679999999995 22.957689999999999 20.017119999999998
v 9.5670889999999993 -22.939 2
v 9.3318320494739329 23.095414406971649 16.805155557444959
v 9.5670889999999993 23.25498 2
v 9.5934720000000002 -23.24973 18.513349999999999
v 9.5256139655186285 23.09037365912701 18.576874906970321
v 9.6593090000000004 -18.160360000000001 27.652239999999999
v 9.9999298052286782 -15.14903258361478 29.08811673444502
v 10.19225 -19.157409999999999 26.653030000000001
v 10.334115949170879 12.732826567048759 26.686119999999999
v 10.451309999999999 12.645910000000001 29.686119999999999
v 11.10088 -10.1503 30.0061
v 10.981751865875991 -19.925688323645058 25.411257719316719
v 10.842742509066779 -16.125992023796201 28.41747295128069
v 11.07465425797692 19.80772975131169 0
v 10.829201765923781 -20.864907899717181 24.292897351870181
v 11.08614 20.898689999999998 0.068145750000000005
v 11.304751561383339 -21.01226720693252 0.26794820000000003
v 11.968379049735949 20.931583660542291 0.26794820000000003
v 11.150533530384299 -13.90772039774488 29.228540511364621
v 11.32054332810841 -21.325180085874681 23.05065130514981
v 11.494685382593101 -16.966958112498929 27.694585865825839
v 11.47484 -6.7140510000000004 25.0061
v 11.47484 -6.7140510000000004 30.0061
v 11.47484 6.5359489999999996 25.0061
v 11.47484 6.5359489999999996 30.0061
v 11.49209884629701 -21.48979725071883 0.71374363508091165
v 11.54864487650036 21.66550586561727 0.58578490000000005
v 12.0336 8.8356740000000009 30.0061
v 11.886244735990751 -21.63766641265611 21.518057520606359
v 11.611470000000001 21.63447 21.492999999999999
v 11.649229999999999 -11.738289999999999 26.686119999999999
v 11.649229999999999 -11.738289999999999 29.686119999999999
v 11.649229999999999 11.560180000000001 26.686119999999999
v 11.649229999999999 11.560180000000001 29.686119999999999
v 11.474955507254609 -21.777722585968561 1.0811148752401101
v 11.33136262467786 22.124486019728511 1
v 11.976737849515191 -21.704208598792128 1.5377816407935581
v 11.535807360221931 22.252217807151549 1.5076091017502029
v 11.442290824836361 -22.239045183352051 20.017119999999998
v 11.42128945361917 22.071472435593869 20.010450471811939
v 11.63005931429702 -22.19606955252987 16.139672539956841
v 11.78492 -21.890049999999999 2
v 11.78492 21.95898 17.0061
v 11.78492 22.206019999999999 2
v 11.817410000000001 -22.197880000000001 18.513349999999999
v 11.817410000000001 22.019770000000001 18.513349999999999
v 11.84719007533019 -18.075687377629048 26.72117384759413
v 12.015820473013321 -15.10560274475823 28.499549999999999
v 12.833414763951261 -8.0046675790111124 29.985438345322461
v 12.85279597657221 -18.63707265434828 25.557123209219888
v 12.65462 -12.74367 29.1812
v 12.65462 12.56556 29.1812
v 12.70020270601052 -10.578709133936441 26.686119999999999
v 12.734959999999999 -10.54036 29.686119999999999
v 12.729245853768139 10.274704576248361 29.69844929768372
v 13.82722314395923 -17.702276754183892 0
v 13.6344905016564 18.18613389876263 0
v 12.79852 -3.5184099999999998 25.0061
v 12.79852 -3.5184099999999998 30.0061
v 12.776675656894721 3.3930379389548002 25.0061
v 12.79852 3.3403010000000002 30.0061
v 12.99925 -15.92868 27.652239999999999
v 13.032299999999999 -19.59327 24.26604
v 12.95025624782186 -19.336367747989431 0.05355731499826568
v 12.93333526203206 19.637507358048008 0.050734018557637608
v 13.471122651624979 6.8485687484227329 29.970894817642229
v 13.25 -0.089050770000000001 25.0061
v 13.25 -0.089050770000000001 30.0061
v 13.567227024049309 -19.539002370538199 0.23960920871053601
v 13.21391938062632 20.169033859381791 0.26225548821172101
v 13.426977001543669 -20.081655812675649 23.012141801020501
v 13.42076343283779 -20.22742828516893 0.58578490000000005
v 13.56381 20.457660000000001 0.58578490000000005
v 13.60643 -13.69548 28.499549999999999
v 13.60643 13.517379999999999 28.499549999999999
v 13.92649106327068 -20.361279211770508 21.560374928588558
v 13.68483 20.391739999999999 21.492999999999999
v 13.68398543381606 -9.2607547621041757 26.686119999999999
v 13.67713020461672 -9.2699979150038594 29.686119999999999
v 14.183394483173659 8.2539391294020099 29.686119999999999
v 13.83157898984433 -16.65921838986311 26.678635617741389
v 13.587117280446421 -20.508201822709399 1.021505683443195
v 13.51889010688752 20.85470182960205 0.99999999999999989
v 14.13971767192761 11.16354222712858 29.08713952959306
v 13.607329951738331 -20.723704654378011 1.5171295149913271
v 13.96725911789625 20.80213555058555 1.482361
v 14.106145 -5.136314500000001 30.0061
v 14.106145 4.9582095000000006 30.0061
v 13.85904 -20.830580000000001 20.017119999999998
v 13.85904 20.652470000000001 20.017119999999998
v 13.872259145952921 -20.87626496837386 16.415372802753911
v 13.88926 -20.62876 2
v 14.09014759156611 20.562588772199241 16.162508400071228
v 13.88926 20.94473 2
v 14.03290767340048 -20.85341787195026 18.528583818425929
v 13.88270170421506 20.779232585795359 18.541084200496911
v 14.451138102380281 -17.473147085460099 25.521416487242199
v 14.48921 -14.57827 27.652239999999999
v 14.48921 14.40016 27.652239999999999
v 14.529210000000001 -7.8550800000000001 26.686119999999999
v 14.54615976056466 -7.819242599729689 29.686119999999999
v 14.819775000000019 -2.2873614999998968 30.0061
v 14.819775 2.1092545 30.0061
v 14.87457 12.11819 28.499549999999999
v 14.80060640063426 9.6960919808155204 29.234281042222921
v 14.89413762907308 -18.1619564354937 24.31941760157429
v 15.362202305453099 -17.451874570671649 0.051717142043121091
v 15.12094855161984 18.003040138604199 0.053331964140054547
v 15 -0.089050770000000001 30.0061
v 15.22045 -6.3935700000000004 26.686119999999999
v 15.22045 -6.3935700000000004 29.686119999999999
v 15.22045 6.2154689999999997 26.686119999999999
v 15.22045 6.2154689999999997 29.686119999999999
v 15.225440000000001 -18.394269999999999 0.26794820000000003
v 15.02138927105435 18.680179414421609 0.2075252197757998
v 15.32006562918872 -15.409115629188721 26.602271162823481
v 15.28862 15.19957 26.653030000000001
v 15.202909152682251 -18.885755860429381 22.774739414021681
v 15.325606138783771 -18.84169412386785 0.59274277983079116
v 15.45032744095834 19.016214056142339 0.55967569144286511
v 15.701063788822649 -19.090425502775918 21.39447815834977
v 15.6264 18.95177 21.492999999999999
v 16.012302182221969 -18.67925608289104 1.0203482787372271
v 16.025840019568928 18.942871556636849 0.972229137728856
v 15.722568293691721 -4.4682317421041349 29.716367994534949
v 15.76511 4.6932410000000004 26.686119999999999
v 15.771472203961549 4.6678420660095279 29.686119999999999
v 15.791661284699179 8.5320752338316659 29.129314852765539
v 15.816599999999999 -19.114599999999999 1.482361
v 16.013301041661741 19.259541156170819 1.523224887546119
v 15.74542663732921 -19.410428428973621 20.096992615176589
v 15.95543256919702 19.079219236017298 19.990189874237348
v 15.83963 12.9102 27.652239999999999
v 15.859830000000001 -19.41432 17.0061
v 15.792507820397439 -19.225528002638899 2.5052821388709301
v 15.91967846818682 19.190894544723282 16.463787284206969
v 15.859830000000001 19.483250000000002 2
v 15.861603513766021 -19.49191208058561 18.58008092810956
v 16.10483156538443 19.106296225017921 18.520337298654589
v 15.99169 -16.080739999999999 25.518149999999999
v 15.99169 15.90263 25.518149999999999
v 16.149986910460189 10.733272772125 28.364039579521862
v 16.381073143346491 -2.4058055473683271 29.654457014614191
v 16.15795 3.1249609999999999 26.686119999999999
v 16.15795 3.1249609999999999 29.686119999999999
v 16.890711267492019 -14.856240849080709 0
v 17.96308596730146 13.718493082908481 0
v 16.390741967046011 1.555581815062155 26.703705990338179
v 16.3981156226838 1.465771158887283 29.686119999999999
v 16.474499999999999 -0.089050770000000001 26.686119999999999
v 16.474499999999999 -0.089050770000000001 29.686119999999999
v 16.625989803383529 -6.9757630841578706 29.130805365892261
v 16.585926010040559 6.7810587892120164 29.15276538899634
v 16.586980000000001 -16.676030000000001 24.26604
v 16.586980000000001 16.497920000000001 24.26604
v 16.82291650020899 -16.21915825019305 0.064701713466114336
v 16.743922855819111 13.58645685476171 26.653030000000001
v 17.04832496060817 8.8762387965637508 28.48226269304816
v 16.57616113863093 -17.089386283050981 0.24316379458138371
v 16.451084559485551 17.56582079508113 0.25763711735160139
v 17.037510000000001 11.29505 27.652239999999999
v 17.064830000000001 -17.153890000000001 22.917020000000001
v 17.064830000000001 16.97578 22.917020000000001
v 17.325394421710939 -5.2706922396731857 29.084645683281519
v 17.109416019601511 -17.202789691075111 0.56170778812209732
v 17.75342979964298 16.916551573262009 0.61707686692970243
v 17.417490000000001 -17.506540000000001 21.492999999999999
v 17.417490000000001 17.328430000000001 21.492999999999999
v 17.34865870535215 14.500169489665749 25.423424277108651
v 17.682976122784581 -17.107531977012801 0.99318639626472227
v 17.47780407928321 17.622392803878419 0.96909695348752245
v 17.55246 -3.58046 29.1812
v 17.400660048177478 -17.676878817530959 1.478773823698958
v 17.879436163341129 17.511676097986811 1.482361
v 17.639209999999999 -17.728269999999998 20.017119999999998
v 17.58035332013301 17.603504422840171 20.017119999999998
v 17.650592660573579 -17.780028122809469 16.32374070344488
v 17.677669999999999 -17.519680000000001 2
v 17.677669999999999 17.601129514628258 16.246226993753272
v 17.677669999999999 17.835660000000001 2
v 17.726410000000001 -17.815460000000002 18.513349999999999
v 17.726410000000001 17.637360000000001 18.513349999999999
v 17.79142238276652 -7.4585057427739621 28.48943262834387
v 17.777650000000001 7.2746880000000003 28.499549999999999
v 17.777318289984049 -1.711191705691562 29.195162324147201
v 18.098274241244749 -0.089050770000000001 29.07893541342985
v 18.179505240304731 11.696469640040601 26.588214235927389
v 18.071300000000001 9.5702590000000001 27.652239999999999
v 18.340690080448049 14.52227695670938 24.25392610299232
v 18.1690455984278 -14.77285218082749 0.068145750000000005
v 18.305329720769851 14.748537604829419 0.055657014100351579
v 18.65428223373296 -5.260437084034117 28.409469523016099
v 18.40560042823515 -15.215067623389769 0.26399488917836139
v 18.29415181990792 15.563590052190071 0.2388146482329418
v 18.65531 15.22096 22.917020000000001
v 18.6268252517511 12.816914837865101 25.42751739535754
v 18.55905100270741 -15.66468491216372 0.57994592911051579
v 18.950680681386071 15.44477022273362 0.5418806997085398
v 19.063306750918422 -3.7767696529051769 28.378014500693681
v 18.931059999999999 -7.9305620000000001 27.652239999999999
v 18.931059999999999 7.7524490000000004 27.652239999999999
v 19.04083 -15.71546 21.492999999999999
v 19.04083 15.53735 21.492999999999999
v 18.96439443686662 10.156774236103191 26.707555794889529
v 19.287098318878691 -15.291498549504499 0.99025731614438195
v 18.958284101105399 16.02420271022504 1
v 19.272054163170878 -11.64347555822807 0
v 19.301771554662981 -1.959320027162532 28.39689458434124
v 19.2424 -0.089050770000000001 28.499549999999999
v 19.406425216938 -15.471560575728359 1.47288503424963
v 19.57847311490427 15.56857412316692 1.511538794732344
v 19.080808792039239 -16.144736844330559 19.95955379602897
v 19.094786274010801 15.951744238482901 19.95513356206251
v 19.274204951263719 -15.98748153541 15.928577594665571
v 19.32526 -15.70185 2
v 19.1275318712153 16.003812238558261 16.10270173135299
v 19.32526 16.01782 2
v 19.378550000000001 -15.992620000000001 18.513349999999999
v 19.378550000000001 15.81451 18.513349999999999
v 19.50422 12.943250000000001 24.26604
v 19.586766910442449 -12.6012165952766 0.05105886367078228
v 19.505894404835399 12.993214386329161 0.04706768877560108
v 19.799375308422189 -5.6200924735725808 27.578094911793048
v 19.6984594950919 10.98361095877585 25.518149999999999
v 19.99482772163093 -13.01318966657929 0.24737106099897049
v 19.79771975786127 13.49514513566246 0.21632646524854751
v 19.975549999999998 -8.3632019999999994 26.653030000000001
v 19.8917242131519 8.1503673766029703 26.733221829961511
v 20.130774793868959 13.179709260917949 22.948996526898959
v 20.02831540185964 -4.0946218577736699 27.696264957590099
v 20.358497702260049 9.8388723540461314 0
v 20.264058663472198 -13.482917214065941 0.60837119451664923
v 20.115263228164881 13.85295333918908 0.53201088654750983
v 20.370181264413251 -2.6333390603911919 27.601913788486449
v 20.480799999999999 -13.77388 21.492999999999999
v 20.545161693535029 13.50240640275036 21.45906389720998
v 20.490839999999999 -0.089050770000000001 27.652239999999999
v 20.606350398323059 -13.52188241144033 1.0127036782131871
v 20.454851233169499 13.94696325024363 0.92342367999556851
v 20.516693004054421 11.17787936821663 24.324345566810749
v 20.758917966599839 -6.2017376919475318 26.622489690700029
v 20.609688779348041 -13.845178717210869 1.4671571162508801
v 20.796359924941289 13.8278618818695 1.394211822860917
v 20.650595423321541 -10.83588886360061 0.05220922024661756
v 20.548889379154861 11.313844285450489 0.051184435067831442
v 20.741520000000001 -13.948090000000001 20.017119999999998
v 20.741520000000001 13.76999 20.017119999999998
v 20.776752283339551 -13.98227311799673 16.428806455614779
v 20.786740000000002 -13.73127 2
v 20.649355366817499 13.992842296905669 16.557126814056431
v 20.786740000000002 14.04725 2
v 20.844059999999999 -14.01661 18.513349999999999
v 20.844059999999999 13.8385 18.513349999999999
v 20.89414 -8.7436910000000001 25.518149999999999
v 20.89414 8.5655889999999992 25.518149999999999
v 20.977111449049861 -11.40517393476097 0.25394249546729653
v 21.091453197518931 11.42563739071414 0.2318254148677743
v 21.092206430283309 -4.3867971337382476 26.733528964473479
v 20.898929191966399 -8.4850862141168797 0
v 21.43267737796528 10.936918260740221 22.947256599714599
v 21.400877144666691 -2.1963342678535378 26.75642212064254
v 21.123797473505679 -12.030864600457591 0.58578490000000005
v 21.559800390197498 11.48286975570468 0.54509576109956037
v 21.621379999999998 -0.089050770000000001 26.653030000000001
v 21.731118503205479 -6.2976111499628793 25.518149999999999
v 21.67193 -9.0658609999999999 24.26604
v 21.67193 8.8877500000000005 24.26604
v 21.723520000000001 -11.700519999999999 21.492999999999999
v 21.723520000000001 11.522410000000001 21.492999999999999
v 21.40615756388609 -9.2980260745132401 0.055570898044043388
v 21.71664608111908 8.7428813800102372 0.04837969823070825
v 21.903432190933849 -11.3117556173964 1.005212190408139
v 21.786615825586441 11.79196935935002 0.95665356753769959
v 21.914265984584841 -11.7374023210747 1.5593517442748179
v 22.104746609153061 11.658694235297739 1.477092565707651
v 21.874392978745838 -12.05374438646583 20.02747376520233
v 22.000070000000001 11.67023 20.017119999999998
v 22.289827467354581 -3.2876544982149589 0
v 22.007258287227621 5.5194923151301474 0
v 22.048030000000001 -11.87397 17.0061
v 22.048030000000001 -11.62693 2
v 21.96748246332497 11.846509576746611 16.01878401431296
v 22.048030000000001 11.942909999999999 2
v 22.108830000000001 -11.906470000000001 18.513349999999999
v 22.108830000000001 11.72836 18.513349999999999
v 21.98298736489707 -9.3566010277626557 0.25521729730269349
v 22.27589090696458 9.0551368859710237 0.26794820000000003
v 22.238662072324821 -4.1428443321285719 25.511664194907191
v 22.277958483671181 -9.3168821038074849 22.956606917526891
v 22.233754487731151 9.1204696079002847 23.05211756796816
v 22.290209678826329 -7.0782066127990291 24.396318228370301
v 22.18971335405023 -7.0771735622393086 0.047153333461288111
v 22.4573513530536 6.8630680457728026 0.058157606294523247
v 22.50676 -2.305771 25.518149999999999
v 22.549522463908701 -9.2601408066583915 0.62035021046791028
v 22.379966196016461 9.8471782698405512 0.57741869046065064
v 22.615659999999998 -0.089050770000000001 25.518149999999999
v 22.75704 -9.5153320000000008 21.492999999999999
v 22.765720792523329 9.3408148018073582 21.44877560210794
v 22.806708882844429 -9.4299646548144054 1.0341634478575841
v 22.849440000000001 9.6225299999999994 1
v 22.867493386704911 -7.0483051940003669 0.26271655328187482
v 22.842186036586021 7.4936172548149278 0.27342679876798681
v 22.969547570959929 -4.9848801991390754 24.183110431886639
v 23.126749916534191 -9.1177648935653117 1.4773769094091169
v 22.9763861311326 9.8495715264020482 1.5756958000336629
v 23.04674 -9.6353310000000008 20.017119999999998
v 23.04674 9.4572199999999995 20.017119999999998
v 22.93232911559755 -4.4398096111953347 0.051398594836597082
v 22.940877351613281 4.7695283972605393 0.052931861867486482
v 23.094139999999999 -7.0945900000000002 22.917020000000001
v 23.096990000000002 -9.4091000000000005 2
v 23.09986856426006 9.4748890721385468 16.708146234709069
v 23.08736695957203 9.7403081149019339 2.3102836135472011
v 23.160679999999999 -9.6825220000000005 18.513349999999999
v 23.160679999999999 9.5044090000000008 18.513349999999999
v 23.344570000000001 -2.3882910000000002 24.26604
v 23.328393256314339 -6.8403357739971344 0.54346491717328016
v 23.325062941915611 7.2189902145471603 0.552684333394872
v 23.390827697712201 -2.238571198396226 0.068145750000000005
v 23.39276880945738 2.5414629279702439 0.068145749999999991
v 23.457529999999998 -0.089050770000000001 24.26604
v 23.520389925644679 0.2677110513243145 0.07151768495803057
v 23.642113646837849 -3.7306800485539431 0.2620250599027874
v 23.54283417698198 5.1379828113781976 0.3265140257889973
v 23.482521285737789 -7.2557987734349547 21.71639579597516
v 23.571400000000001 7.061248 21.492999999999999
v 23.69095312171196 -6.7838914402480643 0.95490674277924092
v 23.749877283064809 7.0068507555800386 1
v 23.676550524858101 -4.867571784686378 22.848885658651291
v 23.83043376363279 -7.1358125274369968 1.464920068293931
v 23.831389216937009 7.4734954512840801 1.489958498825704
v 23.799417621028539 -7.523298651237651 20.030555592490909
v 23.871469999999999 7.1522779999999999 20.017119999999998
v 23.890762025993439 -1.678395551507726 0.26007000807351732
v 23.982190678267859 2.1355385449711819 0.32883107720639171
v 23.92351 -7.3461689999999997 17.0061
v 23.92351 -7.0991289999999996 2
v 24.01786519060223 6.8027873218477879 16.31260117652338
v 23.92351 7.4150999999999998 2
v 23.95305267049082 -4.5513764638076726 0.58578490000000005
v 23.983734758673901 5.0270469565707243 0.6683184539403777
v 23.902333617895039 -7.5998427789318121 18.440370390319138
v 23.98948 7.1880790000000001 18.513349999999999
v 24.127952955758211 0.18317844183177739 0.36708018085264332
v 24.017109999999999 -2.454529 22.917020000000001
v 24.133320000000001 -0.089050770000000001 22.917020000000001
v 24.08918818219205 -5.1815003432137194 21.4823941583067
v 24.158750000000001 4.7164190000000001 21.492999999999999
v 24.18873015714767 -4.9431640480872838 1.002520943021872
v 24.130090871415639 5.4889447289356061 1
v 24.214753218324631 -2.2121170302791828 0.52207981301060535
v 24.282545102965049 2.8303863709741699 0.62106968738889134
v 24.499738942072518 0.059800485829220817 0.70353407760498399
v 24.510372056646009 -4.226760250564789 1.450074887742665
v 24.394526528766551 5.2545531362929667 1.482361
v 24.47051228997621 -4.9272353945103431 20.017119999999998
v 24.46423010624904 4.7771812717677902 20.027005400237918
v 24.45750699058334 -2.7302558263977872 21.556013238410241
v 24.513439999999999 2.3253089999999998 21.492999999999999
v 24.478361177777941 -5.1100464536881489 15.729391108690161
v 24.519629999999999 -4.7192689999999997 2
v 24.56435480465559 4.5018721991384929 16.084144971259668
v 24.519629999999999 5.0352399999999999 2
v 24.587240000000001 -4.9797599999999997 18.513349999999999
v 24.587240000000001 4.8016509999999997 18.513349999999999
v 24.59273262091542 -2.2387832728954882 0.97188537647533413
v 24.622647595779231 2.3849512320583099 1
v 24.63205 -0.089050770000000001 21.492999999999999
v 24.759921559006571 0.2126332373477893 1.0737689499317731
v 24.826136309272378 -1.8123347749312759 1.4608243720717109
v 24.827732111739191 2.384460112401519 1.522303284148748
v 24.825489999999999 -2.5341499999999999 20.017119999999998
v 24.825489999999999 2.3560400000000001 20.017119999999998
v 24.882375570732801 -2.4603108819257979 15.60376952690768
v 24.879619999999999 -2.2924389999999999 2
v 24.882821971553241 2.3122243516200851 16.032862003547208
v 24.879619999999999 2.6084209999999999 2
v 24.92805292321189 0.35029724458964129 1.525277275971455
v 24.94768762495206 -0.13818813628146029 19.962468844016371
v 24.948219999999999 -2.5462419999999999 18.513349999999999
v 24.948219999999999 2.3681290000000002 18.513349999999999
v 24.9834043956633 0.25825135358323942 16.429931628640819
v 25 0.15798899999999999 2
v 25.068940000000001 -0.089050770000000001 18.513349999999999
v 12.73535842340857 -13.51941750112735 0
v 18.77964161854872 -0.98249781560053862 0
v -19.307624592358309 15.916854198063749 9.3149589289583101
v -4.2229299234393087 -15.151903475870689 0
v 15.510473472361481 7.2945616139328351 0
v 15.469069072438501 -6.5775184837138276 0
v -17.031254554395819 2.4814452941730778 0
v 7.6942659429065756 2.062281611136489 0
v 4.5864251652518071 16.365220136587151 0
v 6.2258232943461254 4.3165324605753232 0
v 10.615132989934891 -16.625330528675839 0
v 16.72170943239254 10.42093069922899 0
v -9.3960832034117612 23.1914896081582 9.5730703893321731
v 16.10210637766961 19.129956114007911 10.121901493263881
v -11.44616270763637 13.07134899960243 0
v 0.90882602749804076 16.81344125452221 0.001776295118292593
v -17.208188449550178 -0.066161000918635082 0
v 7.0065500163241383 -9.9702299000195271 0
v -10.3381295313111 -8.1954412535682089 27.715985120097621
v 4.0265310082863524 9.5419546602747634 25.0061
v -4.9959141520468453 -12.23867907414666 27.5061
v -9.609352349883503 5.8678680734688884 0
v -1.1576767485370429 -16.52833199300731 0.0016842167580582361
v 13.619815776659021 -13.708872360402159 24.912016820101119
v 3.450107449453633 -10.932666600879291 0
v -4.0725383820010759 22.435449996913189 0
v -7.882455616709275 -0.049651307919568399 25.0061
v -3.6241099571526338 -3.863570706895739 25.0061
v 2.839258457360113 24.877459927153009 8.2240337958098273
v -2.436695628086706 -24.77102453978268 4.9594117772399517
v 13.022380861342491 -1.818003977406232 28.053205613375731
v -7.103986833772435 -15.152631905226499 0
v -13.27465114717682 -14.4773543751405 0
v -17.133542375819658 -3.6935503721387568 0
v -11.717601308375061 -9.2788467435461364 0
v 8.461984380174389 16.24748635478263 0
v 1.1491511239296699 9.9519254868943428 25.0061
v -1.5124468489535969 9.2605439087750483 25.0061
v 24.46645861598374 5.1020886037751616 10.833629407675261
v 3.8770555170529222 12.84768879145804 0
v 19.22430963679686 4.2185318896416097 0
v 6.0121439274160631 -19.717960538862151 24.103330597391409
v -0.3563299077264761 24.969547986610021 12.383237451987119
v 13.15881222423832 -3.5378277094585582 0
v -15.163758702685969 12.732603290172399 0
v 10.317817746355111 -10.87900984652955 0
v 24.8516479308648 -2.519543452010371 4.3405932827518807
v -13.426894873466869 15.42355760077886 0
v 8.720949037658368 -1.7546130071028581 0
v -2.7113229308795308 -6.6294506788458536 0
v -24.884613028311961 2.4393826354562358 6.094194603412677
v -24.837458884410019 -2.6227258330656511 4.7978873943791456
v 5.0514465827590156 -7.7881200972408386 0
v -6.2126640263648074 -8.5921417826642017 25.0061
v -23.13969825179019 -9.4546189889363959 12.01544664602484
v -2.2198426073772208 7.8099446423858048 0.00032223246145269581
v -8.0371759410886199 -2.9704705296387899 0
v 8.5088090480804013 9.927995515033242 0
v -8.9763333922225037 -2.3999380002020878 25.0061
v -2.5539126852842382 4.3927821908505784 0
v -14.29694896926984 -11.690913260848459 0
v -1.6446155951509569 -13.122533570978201 27.774191793731191
v 0.50624602848450384 6.2050026208714462 0.0047726430490657896
v -20.55769096307888 14.185503348058489 12.36178529692164
v -0.89643134306040628 -19.891700784780141 0.00078231497413556767
v -2.7172987883747819 24.822522338699091 12.660036765404451
v 14.74629136073631 12.94102187524205 0
v 5.6187913008207513 10.092243804531631 0
v -10.02562421754066 -16.849322007881209 0
v 12.052383964825969 -21.908227542216299 12.842059731266479
v 11.27561110762689 7.8229953500796698 0
v -3.5026533913575788 -3.603326427598013 0
v -10.191079790919639 1.766273607497425 0
v -17.456135015809959 -17.901424951359889 12.991957995408329
v 17.012918586317301 2.0168732468013961 0
v -0.26659520876507531 -10.04215207027382 0.003681799165114027
v -24.70643228959058 -3.6252639043772712 12.04059790335732
v -24.900562278392659 -2.0181198403566261 11.231345265776969
v -6.1832330590799769 15.796843436897399 0
v 1.0101345229516361 -3.755141597080593 0.0054373938040096128
v -23.92422524629692 -7.2610825128689003 12.011089932121219
v -23.9136911677606 -7.2199036127182721 7.6693698842089697
v -23.80706398899466 7.58529310676614 11.43055031974208
v -23.879452736458649 7.4348404957629253 8.2803617685894952
v -24.530001204636541 4.8834809691505754 6.971444791538409
v -19.536520151425979 -4.1465028604935821 24.466631120937262
v -22.598621670313669 -0.089050769999999835 22.787486374887148
v 12.1252729457035 -0.63694610186643796 0
v -21.122275070194981 -7.1377830916994336 22.98456089843646
v -21.86476539519904 -1.8777459137897079 23.198721156003181
v 3.2093394293987818 -2.0316009621690689 0
v -21.12024444175799 8.6592377732194556 22.620841072609458
v -19.764892767935059 -1.8861569252124739 24.535242995064252
v -4.8772580000000003 -24.54093409401775 12.890969495789459
v -17.062361689502549 11.60438595009699 23.99913475985284
v -16.711335601642919 9.5094191082931729 24.892726455601689
v -2.949433443284061 11.62181268476766 0.001421661346143485
v -18.837866477826019 -5.8657046224407106 24.62860897328267
v -20.48079884407743 13.595780438190429 21.493002321023699
v 7.2694333923867234 13.021846231255701 0
v -15.910464399991779 15.821407012609111 22.849763527288069
v -17.735158124419101 4.5757754619790809 0
v -13.27564128374296 -16.348821863034491 23.809279894810921
v -15.408556359872311 12.76239062253862 24.39615222051399
v 6.327751455028463 8.5885613538709364 25.0061
v 6.3867739744663821 0.13609715094102351 0
v -10.814016016190511 -16.351192889905839 24.739995258334289
v -5.2165132769018463 -1.588815263784809 25.0061
v -5.1336865271693872 1.6621132084734149 25.0061
v -7.2272749873079949 24.020485896471779 6.1596895587290854
v -7.1689132823724284 5.5796995530467992 25.0061
v -4.9376833058611957 24.48215227692225 12.954004526272691
v 1.2524378057496459 20.32568368071404 0.00078123770453266284
v -10.41959520016591 -19.377888271464698 23.21457166972154
v -5.7314547296471634 18.215581748487839 24.958311547680619
v -8.9517580364782283 -17.19498352322908 24.87835314154427
v 23.96522982536813 -6.9812608259007716 4.9574720812743509
v -4.3132939208912351 7.9123067565700236 25.0061
v 18.111933259888801 -12.82593514856972 23.065638194219439
v -7.2085313617695244 -23.931257825026329 11.32824862916423
v -3.5795872193547149 -24.712811233124281 11.63865057752831
v -7.0178812640021526 21.768284993826381 0
v -3.809344108092322 19.264028152599511 24.61599746784626
v -0.26476029891960301 6.4900278655282158 25.0061
v 0.35247802831957908 -24.978702273386261 11.355008306265139
v -2.0538665746555629 -24.89308398586709 11.231345265776969
v -2.4504320000000002 -24.822194315368321 8.1086389768803748
v 0.099695405895012995 25.049430640421939 8.2967617793423756
v 4.192560522807586 -9.7532559675006461 25.0061
v -1.194302268608662e-15 19.18170365005237 24.906014630592072
v -1.393666685850349 -0.8696802184755732 0.52017431087374588
v -5.5502650263522222 -0.44714583629019927 0
v -1.373101161644749 -0.90540068483048097 19.163801798418991
v -0.77913042813923972 -1.483344466165524 1.519348941305108
v -0.67027889025840004 -1.52842879556525 17.42318886871492
v 8.8787966809365528 3.1949861426115871 25.0061
v -0.22363094736488431 -1.6596070988852769 17.36662874825571
v 0.1226648484630405 -1.672899686225424 16.66310869379247
v 0 -22.635864300846102 22.8204687239033
v 1.945655692947833 -20.713677201943991 23.98329070440769
v 3.7378225291349332 -19.00629437826921 24.89747371205323
v 1.869688925949756 -19.118726285075599 0.00104613271187255
v -4.6204560622641342 13.46153156832457 0
v 1.614780366818922 -16.484230967270829 26.686119932539459
v 0.014603161116919471 -1.687126435924531 1.445930743576092
v 1.1633964209798751 1.000583282095141 1.703298419205542
v 0.1924565356607435 -1.663711333820191 17.65246769329115
v 23.94360964764406 7.2761603749601713 5.5654557437306469
v 0.91189244509391865 1.2107301459413851 0.81687771914560958
v 17.902673722719118 17.404366738120881 13.11846598538955
v -10.63925337413094 -5.2668253416886373 0
v 0.9021057913996896 1.2182396348644751 19.270285422754899
v 3.6647760785936532 -6.6533503061713963 25.0061
v 1.664695797298863 -14.597973598776321 0.0023391988144845998
v 3.9327675781252291 6.7976385206046643 25.0061
v 1.387556342201518 -0.88443245127051284 19.114212468247381
v -20.814823051625108 -13.715752672124699 3.9034931254412348
v 1.2268311891575019 -1.147169091120096 0.76522596045594837
v 0.83132668804344756 -1.4506616772221179 18.64875888575817
v 1.1313709999999999 -1.220421 18.67151283531328
v -24.99400540269162 0.095305250565331123 13.219876642202109
v 22.071138860275951 -11.767603027259529 13.512880868634451
v -4.9626719801682269 -9.0333367305700047 0
v 24.555945045534369 -4.5415378911620081 6.0747638951146863
v 2.0477210202239831 24.905412935540319 11.231345265776969
v 3.797416929064525 24.684606116431461 11.305353407182951
v 5.2897686013602803 -0.52222201229394161 25.0061
v 14.041752122661791 -20.70252677719667 13.350737170395179
v 2.9325990759401712 -5.9174767951708329 0
v 4.9253040545429361 -24.497817151554361 11.002930045891739
v 7.1235559935884103 -23.88637294325769 7.3088465037015222
v 7.6317034766102703 23.79371026214935 11.339491281555359
v 4.9008222834535209 24.6655011304406 2.3775982440197421
v 6.9561126918726766 24.061539524037649 7.7918511870999971
v 3.8147824780029529 6.3186104595275898 0
v 6.9235499206016451 -7.5491913302069111 25.0061
v 7.2602663503533948 -23.977899106392719 14.969099860087811
v 4.8338582154682657 -24.459658676662009 7.562950828765219
v -20.56014450499762 -4.3172009276778702 0
v 11.1956428696062 16.015086757341901 24.678688074934389
v 7.0493706988722407 -23.85810504291204 4.4629948042383836
v 10.170390995888599 19.173500409479789 23.303663744436701
v -13.97329583439539 -20.749392698991581 13.11353830266934
v 7.8477013523951236 -4.4105420388049028 25.0061
v 7.017024220407162 5.8125618294834247 25.0061
v 15.560200250557211 -13.413097838670661 24.12224778892141
v 13.01442428999392 14.84485094520441 24.550549374417681
v -13.828861288497791 20.796369929619711 13.21093575524911
v 17.28784858457421 -14.37047179055496 22.896561413335291
v 8.0911721220109385 -13.943908990989931 0
v 16.085651345268349 -12.581788807491639 0
v 23.505244681659299 8.3694950121710647 15.034266482197451
v 16.338770865947598 -11.441386078776381 24.499080736879279
v 18.529753365957049 5.6669426338982101 24.817945791690921
v 20.308768974023359 2.051086064167936 24.16957310906858
v 15.82291481300607 15.733857577401549 22.928583745372421
v 19.30818244414262 -6.3364559446320969 0
v 14.76032580884954 0.39879392990947538 0
v -21.360674022246261 12.8956680213912 13.78600519075137
v 24.980760485762001 -0.29369605648045888 5.6476486097540963
v -19.32526 15.83254 13.254575000000001
v -19.30921467418009 15.980675895715811 5.3316310506059352
v 24.991391194148569 -0.20284661108113489 13.27382360675427
v 20.7024453503372 6.6389270821202739 23.30537757577876
v 21.11981920534382 8.6590616349691398 22.62113408360344
v -6.2747287132990861 3.0976068181162209 0
v -6.5130889684585922 18.78412312197888 0
v -13.902192199774429 20.887651203379779 4.8845671499904544
v -15.83674847743309 -19.36653174875298 13.06343057145401
v 22.546529163508922 -0.065716031040511325 22.819918837679889
v 23.990006537644479 -6.9352205463466357 8.1692626478322765
v 23.988273726640649 -7.0182773956944704 12.7942220488665
v -1.508097975995718 -24.989234247439139 15.443234872923471
v -17.522907419031199 17.790967428162851 13.23518847829849
v 21.564493133555128 4.4256898876856816 23.14197548503671
v 14.09973412301173 -20.54153983774923 6.1839400738634751
v -1.653687287826858 19.21789537114525 0.001016580512251942
v -4.8839835000000003 -24.608617047008881 15.702159747894729
v -22.004002873285199 -3.7525994730108692 22.958303569782991
v -12.756410573643491 -1.8904824138116409 0
v -7.3303997950146647 -23.834520123612311 7.7840483426926443
v -19.441889824614979 11.959243177447551 0
v -7.1888597293539753 -12.18982006999439 0
v -6.3874717292121126 -5.6001540669248122 0
v 24.575382810621601 -4.5263830239309986 13.11385016168366
v 20.6470042323737 14.176698064333809 5.5816296820532489
v -8.4510646798049152 14.48106997726144 0
v -5.4783922093882289 6.273971125371979 0
v -5.3587728532714349 10.405219976647009 0
v -3.0350797238982752 16.446302574107222 0
v -5.0679290074625536 24.511862441172291 9.1675308074740904
v -1.5980048757113079 -0.1041898806102495 3.6925653056928991
v 0.02675999850313043 1.5074168754492709 3.4138957711853779
v -1.5941356385848611 -0.13357932168369499 7.6078138814598066
v -1.599998 -0.089050770000000001 9.760185362989299
v -1.5927270863825591 -0.033824331501593558 10.940997262351241
v -1.590937804027297 -0.15786901167187581 13.9849920640817
v -1.5965650732666441 -0.062975873902427357 15.5022994388246
v 9.7006010618175367 -3.9893970356683348 0
v -0.243053969969724 13.103080868019649 0.002821909534489562
v -2.660093139233584 24.905815943703811 8.115924279066201
v 0 -24.946871164101768 8.3696450559728586
v 9.705115294431593 4.5860872636987846 0
v -24.988112895595592 -0.13156573173792729 4.8903977032538908
v 2.3089067772334162 25.020301017841572 3.473161926284174
v -18.676191736433299 7.2263590705498011 0
v 19.976503793089439 -15.01098522539554 13.373442429568589
v 21.047530474343031 -3.226780054528636 0
v 7.3988574746841227 -23.87322470277886 11.622992448191191
v -1.0581373242852721 -4.4998702182000834 0.0051389318709049083
v 23.234139388293229 9.2920041687912889 5.0225133112504157
v -22.05706281711263 11.90292952331534 3.2684592364900258
v -8.3287902949138406 -23.421766541002789 4.4112760416998622
v -23.096281784860789 9.6244432162417262 8.2033656550614378
v 18.71544234891125 6.7561016651090284 0
v 13.74886891886506 9.8959889678236816 0
v -5.7267680275438613 -5.7455084507043086 25.0061
v -23.513302250003601 8.5342588449772414 3.4360280258544198
v 17.677669999999999 -17.70975632448123 13.545921036260349
v -18.915386521820992 9.9762449252402359 0
v -4.5577737567880776 24.66678742503592 5.5366654164048903
v -7.0183758251056281 23.943498532530221 14.01471325724548
v 1.009386455847382 25.08466957507726 3.4413943842308039
v -20.04025270213301 10.649373640612071 0
v -14.305610078147369 1.6181906012489899 0
v -13.165587332573541 9.1272704977847656 0
v 17.410041343101671 -8.9537289133692948 0
v 2.1904227607581381 -8.5410434108603521 0.00059663103319340367
v 24.993373618093091 -0.10159635325349491 9.5747481604031464
v 23.94912472083988 7.1905699330276116 9.4271023145354587
v 3.5541163723658942 20.367473731941971 0
v -23.929614500007212 7.3434476899544832 4.8720560517088396
v 2.5501482179942698 -24.762983984986089 5.4104902485833586
v 0.13186575735069189 -24.883762931803052 4.9297231481910249
v -9.476082826464852 18.15251890242105 0
v -24.884954707183859 2.3562910692309211 10.71899499981239
v -24.47721552761147 -4.958747916783163 6.261148312015024
v -24.519629999999999 4.88326769977159 11.231345265776969
v 11.785168827066069 22.088569178165301 8.8333695148697711
v 18.402015359616129 -12.869322082297611 0
v -23.489913167395581 0.72235062155787721 0.068145750000000005
v -23.19325774173339 -9.3599124529454514 15.355273527775839
v -20.480052370193491 -0.089050770000000001 24.136173964132851
v -9.7633539127909348 -18.87776535157786 0
v -24.93486908983331 -1.1914284992839941 3.4352179073726909
v -21.917888749999999 -6.201924 0
v -22.316084378815049 -1.281386544879499 0
v -21.08941258563523 10.218003446438701 0.051868263039225801
v -22.048030000000001 -11.77890230022841 11.231345265776969
v -22.10004041631727 -11.61495131845704 7.9521217895365623
v -23.029986350178579 -9.6034193308465881 5.1983103954580319
v -2.951633277156716 20.946241896937391 0.00047564520441384291
v -22.944521259436961 9.8619759427204237 13.26560481875655
v -19.29273066255498 10.37377174369424 23.1982723870826
v -20.2834840338578 -8.4907501904580194 23.19741445785062
v -24.481541194837519 -5.0649298911190366 13.76001422033492
v -19.570805235137492 8.0174406417226436 23.688488872567401
v -11.818284654420021 -17.22148252276228 0
v -1.163691479878505 -22.017043886942691 0.00020667834571827089
v 21.583230500546289 -6.120546977418222 0
v -18.161379501593949 -7.6117445275721431 24.659659782140519
v 4.5041556490107739 -18.83930926226267 0
v -20.790666410189139 -13.88304220974166 11.61711234556636
v -20.786740000000002 -13.81209831738415 6.9098033253652567
v -4.7244743718858979 -24.435011957612669 5.0802092955248384
v -14.922440841126051 -19.88564191869132 3.4058520156438119
v -19.233700338827688 -15.94888171730959 10.86926481123975
v -0.77645869999999995 2.8087309999999999 22.2035620555897
v 2.5378858539084268 -1.6674979132145391 22.17105248361749
v -2.021407051392992 -2.2870451959869929 22.039064603004501
v 2.1525442180493881 1.991575029616039 22.1037314816448
v -17.793963652719079 17.631186989571951 6.6263796070345986
v 2.5980799999999999 1.410949 22.365553812175801
v -2.8977810000000002 0.68740029999999996 22.361711834571139
v 0.058601495001704418 -3.0813362481174091 22.226559914453372
v -2.8787162309828949 -0.91153587819623416 22.46160056387469
v 2.8938773148851729 -0.87493382018414989 22.844256259204709
v 1.606053366092866 2.4276437035631102 22.16910690627715
v -14.475479376496949 14.38642510802908 24.141669208863728
v -0.74362459583019191 -2.991154534210942 22.630412752250528
v -1.519276239872926 2.4942298779062981 22.13193555167862
v -1.428984858375524 -2.716545570300049 22.084300446916519
v -2.042352009717777 2.0928612693479849 21.992184167951098
v 0.101797199075813 2.897547764241895 22.082461356550521
v -2.5137912684423558 1.520794793600281 22.440447982012671
v 2.6404993698007049 -24.88206113200069 13.45778089239238
v -2.5523831292696939 -1.6486046058756081 22.291631440875509
v -13.237199024899709 -0.18628462778591071 27.59789424602787
v -12.79852 3.3403010000000002 27.614054149543541
v 3 -0.089050770000000001 22.5061
v 1.4909911659496959 -2.6908615984347319 22.179097860433149
v -2.9949804241318829 -0.12717962572835831 21.976506391907179
v 0.77645869999999995 -2.9868320000000002 22.22941379420789
v -16.009747326300939 19.204200536641189 10.69682342128471
v 0.90949328493803372 2.7536245458808248 22.481012986869491
v -9.3691639999999996 9.2801089999999995 27.5061
v -12.0474196470939 -14.27903318681434 25.315786954120941
v -3.3356859928021731 12.72179156164481 27.808371063822619
v 2.06027978147719 -2.257217466278242 22.301479967379631
v 19.114565842101769 -15.970765098855519 4.2141416558274383
v -14.11764857243576 -18.501005739167962 0.055967495710666101
v 10.56968989723925 -7.1631774441995386 0
v -12.11538069745278 -21.84181826156901 11.101720375335701
v 23.555098787280031 -8.1486686669641877 3.208691900821588
v -11.85208380428911 22.000899230939691 12.014459401208491
v -9.6213821937804447 23.049417402397332 12.926470791656151
v -9.4317644673700212 23.23083448085557 6.4077494660142591
v 2.8927262819633381 0.69960357814819962 22.519244842888249
v -3.357701001041776 -12.897002975387091 27.783596023146909
v 4.8494036478831219 -0.77540186269104661 0
v -3.5677172474891772 -6.8490108493845714 25.0061
v -18.537015143892191 16.868132584354179 3.177440524542662
v -8.75542896020273 -21.226529153116111 22.608972310603299
v -8.9533172524716136 21.526163873358829 22.279780240769739
v -13.37823581568137 -16.352783311813059 0
v -6.7677131503974737 21.30021770092257 22.884672238269481
v -8.654638804032718 -20.983199323637599 25.518149294704831
v 11.824571571979609 -19.155498377091941 0
v 6.141763494160613 24.33692658202451 3.4546901371590302
v -18.55241224524157 -16.558527406801151 2.9996511970736952
v -15.99741183024738 -8.8495846811810637 0
v -8.2772099894122508 19.893904081718901 26.612232408588351
v -7.8095304811702793 18.76481763701759 24.182497831466382
v -16.076374851486619 -13.40244305554458 0
v 6.1396477037655961 -2.114482837672909 0
v 21.00291672304515 -13.56020831092971 13.51748551557286
v -2.169710493763735 21.334966445028709 23.4636710527442
v -1.322557973889692 23.514134617714891 0.055439731386146669
v 16.528466550334759 13.064614344018061 0
v -1.059002667267485 -1.275953243984624 1.0499992344189599
v 19.569621618450771 -3.0655120806391509 0
v -1.545527006682982 -0.50279435716873566 0.81158957133327037
v -17.868906673548381 -17.36360628502355 5.3362093511423243
v 22.558443167977291 -10.573395070963549 3.5573677298858568
v -18.477276185096741 -0.089050770000000001 25.41114698206643
v -9.6446032601312908 -23.09195866119877 13.518089409358151
v 14.17410287567732 -12.24755688039482 25.275735271377819
v -0.73104107598315038 -1.5032622021519271 19.230660439592491
v -1.550036030724713 0.29043683893295752 0.9877347152830388
v -1.5966832646833169 -0.11422839935692181 18.71560769769982
v 8.9891784844056417 -0.64576197404752789 25.0061
v -22.65235514997822 10.640371260271699 3.5064609473370871
v -21.54223298005294 7.9681964974237456 0.008125752660277083
v -6.8905272627117924 -23.910866663094861 5.2510623306873399
v -21.321477938099729 13.132943163855209 3.3453775585954619
v 3.5487611488724009 24.853150461953302 3.3078309211151282
v -15.747766096210499 14.65469657958508 0
v 1.812088749295427 -18.673052974530219 25.286536681281579
v -0.79999920000000002 1.2965880000000001 0.92189845604687903
v -22.06609563422526 11.86294904663068 4.5369184729800516
v -13.06235468824848 12.973302554014539 25.413894604431871
v -0.78261053745828546 1.3037902032946811 18.785281064972001
v -22.256942271152749 4.4597102329104761 0
v -6.5954710398653544 -3.9756029597915412 25.0061
v -1.1047431849044109 1.062752038238393 2.417383317430327
v -10.146291461521759 -13.6584517174106 0
v -7.0570252405851397 16.948108818508789 25.43430891573319
v -0.30541256736383787 21.431763652445259 0.00045080612907008859
v -6.5937381520468454 -11.57683907414666 27.5061
v 0 -13.33905 27.5061
v 19.604466539520981 -8.9043566527293958 0
v 21.828865271230001 1.9076982933365141 0
v 13.462098752500321 -13.551153915949641 26.58511432104417
v -4.147123772299393 3.7410798939634731 25.0061
v 4.864775242610305 2.784873902454247 25.0061
v 0.91745100732921114 -1.3845737001885139 1.1508167641400759
v 16.826892655287072 4.4807387953111384 0
v 0.76456370717676636 1.3112650128264829 18.47418433726731
v 11.982685250951819 -21.830610434349921 5.5897098446672047
v 0 21.582896308630861 23.377406542967961
v 2.2640834956058029 23.41571773809201 0.048572363545948703
v -0.070231701788505241 -6.7541548340243942 0.0046393526930179159
v 0.65724261632205427 2.6064819392741279 0.0057619935003735724
v 0.52951974845814287 -1.5867286748181511 18.455621892306311
v 23.444375084387531 -8.196369869148791 1.449937246187381
v 0.8341183817758514 -1.4485194554570919 2.0529168392350829
v 4.8084973581539314 24.644903539867951 4.6068712022699962
v -1.1111806393301391 1.05781245477981 1.053518842707645
v 0.82154693756129871 -1.4581662233319579 17.497899847370061
v -11.80019601590141 22.147417340036149 5.0035640429057677
v 7.6629175619461414 -21.25431380469389 0
v 0.55623745909276101 -1.575662684474713 17.49830003526889
v -11.69602179788561 -21.977221322020991 4.7411016797635099
v -19.114323135430229 -6.5490943631106902 0
v -24.242037360974859 6.1227314705571452 3.259075813416286
v 3.2875202558588912 -22.146994766393561 0
v 17.24342330731201 7.0534098886646719 25.292181475857362
v 24.480731742538211 5.1461109166889738 4.6982702087718531
v 19.554059587126119 15.67351131530129 4.175189204866447
v 1.1194362481231219 23.474579189242551 0.04891859581255481
v 4.9300741630521987 -3.6562246352002279 0
v 9.6067323063557701 -23.009147293405199 7.3999287268309386
v -2.3452514880901001 24.996889832044541 4.7867767533318837
v -1.5964939295130911 -0.115666526472592 8.6379693435820357
v -3.506047207015154 -17.633842978137451 0.00080548214389357907
v -20.50387565689735 6.28781282753119 0
v 2.9439215491307289 23.954676779081261 0.26794820000000003
v 2.678669691427717 -24.807986553380761 9.3021604284333712
v 24.941400379099569 -1.060166744989427 3.5377343712517049
v 5.3187589431923126 24.411054594342222 11.474425623449539
v 24.947646996533159 1.2090105204260739 2.890871393358339
v 7.771871382173388 22.221809510748169 0.055362842599270483
v 0.40087260376441419 -4.977089447853972 0.0051407905676072807
v 16.359237104163839 -3.289289652975556 0
v 1.3416193642616661 0.76831652399069239 6.7660198932090339
v 2.2025763459697711 22.559527382492401 0.00013823121623907431
v -10.673435344233789 -22.435909814404798 3.2251227502942088
v 7.7503675859613157 18.621981264190371 24.280919853157421
v -15.86347978872247 -19.245526288948909 7.3666023026265073
v 10.091520488553151 -21.061705032610529 0.071356939710093062
v 15.358967205725619 -16.279258801632299 0
v 23.51893721552203 8.5229290737250007 3.3896119127739941
v 8.9767268787915633 21.58270575539667 24.26577853437238
v 8.7468698826238409 21.02774815153499 22.623215753822439
v 8.4023095886378094 19.209318582028299 0
v 4.66636573135278 -2.025543149990308 0
v 21.969624390648882 -1.1095859002396209 0
v 17.842950674946 12.12039553080124 0
v -1.1549177423981889 -1.189735122155785 9.119878153720185
v 9.5636310774078055 -23.13174337264423 13.632771326422571
v 9.6638481823099607 23.01504025831894 13.79446536217999
v 11.861459999382379 22.00469849222258 11.44230788345857
v 9.3620955783633359 23.281349561044511 4.8535086810995276
v 9.4646453163380535 23.177966569991071 8.9043445057160415
v 9.9975954093113018 -18.662140521411722 0
v 14.159593237784611 -18.546350297177291 0.064061438721062555
v 1.553278842620782 -0.44391398409782651 15.777384212414511
v 12.953094821843971 -21.216367924509711 3.6093034782871718
v 15.59295140532357 -15.682004568389379 23.13561802810311
v 13.990222031384979 13.901153543936751 24.578549739398269
v 13.27981530614908 -15.87003036119005 0
v 15.75025145830354 -19.411176784808848 11.878579500717599
v 2.2532220054648482 21.815017293528889 1.0903198611865039e-05
v 15.85982999999999 19.393369911441681 7.459640531553946
v 14.04617619069284 -20.542361700309019 3.821040493913729
v 19.100900601090711 -0.089050770000000001 25.050281297667372
v 17.449765620331959 -17.810713579568841 7.1311553219464772
v 17.58159259574963 17.84441762969324 6.757538400539195
v -0.456337475945646 -1.617039442533585 1.0251533343782759
v 1.5925771054866391 -0.032685147189932998 5.8618447835849032
v 19.087190271622141 -16.122999563569511 11.62669993447633
v 19.225100179460679 -15.900827493743 7.3738950544687656
v 19.36267773583161 15.81564243780784 11.216370860793051
v 19.205579641450409 16.078488696145762 6.3357911583792568
v 21.25325889740942 10.16041424506604 0.068145750000000005
v 20.900189431656369 -13.627448775849761 7.1910358139819497
v 1.5974380015265151 -0.1084956687812976 7.9757271789243713
v 18.51826600812802 -7.7595719580693308 24.413745588213001
v -3.7282249453672871 1.510219982769563 0
v 20.857533935182989 -8.7285297655789549 22.801862885644901
v -24.70823730581645 3.74541935087192 3.1148013357488731
v -1.3506682499491149 0.75652368012682247 2.9238490709354958
v -16.67303217972724 -18.432997509497739 2.1678725672211079
v 23.21665315406662 -9.301083183247469 15.75354467609824
v 23.096990000000002 -9.5610723002284104 11.231345265776969
v 23.154282444937049 -9.3062535542184559 5.47911264101905
v 12.83709 21.575375000000001 2
v 22.048030000000001 -11.716810088558329 7.459640531553946
v 22.971307784535171 9.8136818593914139 12.75892613260965
v 24.05507181701304 1.15935849340148 0.34795562902951749
v 21.969829509926399 12.004535798658919 6.1818407320608184
v 11.820046272065399 -20.110484128688949 0.068145750000000005
v -16.854655437973459 15.370077940859471 0
v 12.59891993191639 -20.179479095300181 0.24724433773562629
v -2.1126015829955631 1.150237248350185 0.002502905699966371
v 23.878457414509519 7.3644407533777567 12.72566870887893
v 24.855042214773039 -2.6203451045327242 11.85325953677898
v 10.278093562135981 21.810921881366461 0.26686338482523309
v 14.70316272336496 -19.715155818135631 1.0451052725462751
v -7.6755033085036866 -22.469912375368871 0.2347181580969547
v 23.464108833002491 -8.3858242282155864 2.1672681028557328
v 24.897231437759419 2.1864796767530188 5.8539570644129828
v 22.94502232772869 -7.7940049488336012 0.50733676757202273
v -24.841643458129411 -2.6517836688782421 8.2763756439748004
v -17.850373935929571 17.605343296455469 4.4155784929877271
v 22.509963539933612 -7.8977328403586577 0.2417871957842469
v -24.428155562713901 -5.2200471026335524 10.23618224364504
v 3.337138598091284 -3.7019760375305419 0
v -23.167415837119631 -9.3340413828145792 9.3966643753052477
v -22.211090372268561 11.4982862942997 8.0659443841381702
v -20.832651588479099 13.87560096149419 7.7736800282599416
v -17.774758993522688 -17.520113969946451 8.5332690370961863
v -11.573537576667711 19.639769486999299 0
v -11.68170007575989 -19.516374769892479 0.003741675539934142
v 24.589022419973649 -4.2754613205651726 3.457363150299666
v -17.786336533562039 17.592005743863751 9.5175623271347494
v -14.06902732173792 -20.593535511261461 7.958981721551126
v -14.87040041452194 -6.2370524538636136 0
v -22.29581997231611 3.3445841098448321 0
v -1.5512915048205911 0.28090084846594932 8.5594115764725647
v -13.71101647203113 20.929568832974969 9.4104757936261496
v -11.730428984039779 -22.009213911080401 7.6729472181945262
v 21.005452099114979 -1.8439762393534169 0
v 17.695679899172191 -13.795529404698851 0
v -18.201280657485079 -13.259216165251649 0
v -11.487939124099309 22.23945720442784 8.5010894547902112
v -20.874423197117519 12.820251955673619 0.62426142877566071
v -20.024672446876941 15.04604669616541 3.745069911603959
v -9.6468687339815666 -23.046674062264909 10.83242552464756
v -15.866921953806081 -19.184181678168169 3.4171162936842649
v 22.54113005602002 2.369526681860906 0
v -7.3808730479321429 23.903591727856689 10.116446789772249
v -4.8417175981861256 -24.490283969353001 9.4940590216585541
v 8.5564163830670026 -19.601616868133512 0
v 24.89479312897333 2.271295772934701 3.716854071295101
v 24.44392327159494 3.8992407412057202 1.0629687665816021
v 24.983289237570268 0.46623243632382322 3.9387907952352359
v -20.67431558894712 14.17273397907352 3.5855418195553832
v 24.64723417391734 3.8144471423282589 1.597650006237193
v 1.428661598278085 25.082695474947592 2.310048714195498
v -18.586719384021979 16.829897286460451 2.1687918890284452
v 23.805482193946389 3.8693652082920642 0.36114209292299237
v 8.4121035000000006 23.668234999999999 2
v -18.454203194080851 -16.66623357704319 2.2018732147353042
v -23.936258151002701 7.3417387415338471 3.364754142281082
v 8.247063946312652 23.65582830305927 1.488350284365251
v 22.62863600273224 -0.39244386385857 0
v -18.802508297001019 -8.9916878336042281 0
v 4.9300683459607821 -16.21472127773977 0
v 1.6281606826014381 -2.5030964855398889 0.005522632741546768
v -12.776577197952211 21.587913922143859 3.4415048603236031
v -2.745592010253505 22.45497282607181 0
v -1.24958378138208 24.8345855558679 1.0143351323173539
v 6.9867497129758069 7.4732882701141374 0
v 5.032154580899884 24.53600148222916 8.2455691225549685
v -17.49688038140199 -14.17552118920624 0
v 19.299278451073128 11.786235032041819 0
v -19.490975587545499 -15.51285729917147 4.0925666306553143
v -24.476426389287361 5.1691151306172918 4.3449752063566507
v -20.133951537245501 -14.529352058086721 1.6280637270810261
v -23.059277665261789 -3.4936838587395309 0.04919185956305732
v 6.9546143821364872 -5.4593664343003834 0
v 21.143675431490891 7.6578714490837889 0
v -14.98690415187045 20.092450563148351 3.1968490565916752
v -17.51190346358965 -16.37227011589297 0.34893191597897127
v -17.61972821969783 16.442699465679301 0.28362904899005859
v 8.1975650032489948 -18.050197194729641 0
v -12.726299588841149 -21.34938404825601 3.43196861746457
v 11.746753625220499 -22.01895460136986 8.7336321906697201
v 18.635044719721002 -10.36602917846607 0
v 15.72136523885179 -19.37860146870489 8.5984929120429072
v 13.88926 -20.74839114332687 9.2668268291664866
v 19.093349574338841 1.5682294821746789 0
v 12.0680125473865 22.003503285761369 3.9946957761267998
v 20.828705543304469 2.6611224821129742 0
v 10.74908210330058 1.485053988685674 0
v -12.64501449874461 -21.27595456157027 1.4868159161250041
v -15.3529675 -16.781402499999999 3.4694469519536142e-18
v 14.256344943298361 3.9479021668100689 0
v 0.93099975081187503 22.481988840591718 0.00017770687951410271
v 20.932526821501501 0.38183221534370881 0
v -20.786740000000002 13.995544752469931 5.1407630948877419
v -2.2089296101917979 0.68990101791995029 20.0061
v 5.2918190804720719 -20.356460160124119 0
v 14.06493165364347 20.693334017991269 9.356566645863051
v -10.737732954335719 15.7965783451045 0
v -17.236160172239149 -11.53765373416957 0
v 17.534042157402901 -17.789067000841829 10.456107986842991
v -17.466718104570479 12.1918866442268 0
v 5.9122543698704906 19.478895719457739 0
v 1.211478362034206 -9.7500289921420524 25.0061
v 19.338798618517188 -14.70142158272296 0.58578490000000005
v -1.5979458318556741 -0.1046383581419215 12.412490337838101
v -7.5003991887106816 -19.5877103406911 0
v 17.677669999999999 17.704873555020519 9.944440058317026
v 3.3626488357268141 24.770539877984461 1.331890116638055
v 22.928471585698841 -9.8728357035210443 8.5259886142521548
v 22.009690282498301 -11.8208511833459 9.8939402112103103
v 20.655317586270119 -14.05164759811414 10.696951952721649
v 23.15682674143477 9.4560122341386545 8.1852033470342818
v 20.808523711859571 13.896184723156891 8.9685832426251526
v 0.4356651044281098 1.447491395657805 14.774137781168349
v -8.6252941027228864 -23.29458718541413 3.1302609576647669
v 24.88479711321963 -2.285110783037533 7.9560345286862733
v -21.95235371332851 -11.23792899190425 1.035811776774662
v 24.554962561657291 -4.6154564286719753 10.16252106638316
v 5.2891860381067826 21.741853539812261 0
v 24.51553930238137 4.9536060781611209 7.9507477349902693
v 24.86043021474585 2.5433719458675559 13.80941528169271
v 24.855275158018291 2.6357811834242288 10.307109750870341
v -8.5271538679245698 -5.23404923121476 25.0061
v 1.5969435142327 -0.1122516301525489 9.8243246363027037
v 10.315338501527849 22.235867134225771 0.57329203267748996
v 22.287406967949689 4.6003120637434876 0
v -22.026073410459809 11.827987340253401 11.2060029752083
v -23.171025498707198 9.4643308321778079 5.2694316754374926
v -7.9650078224352976 -23.41202152261133 1.4188185495122849
v -18.574638261293831 13.20225226340021 0
v -3.2522471833313058 24.253764328364952 0.52999236936120064
v 15.706020723152569 16.265797460526041 0
v -15.87857999999996 16.435088750000691 0
v -6.7447063766435864 -21.32183086316218 0
v -12.907663660624401 -20.908965340204869 1.0080543815585179
v 1.414839971950083 -0.81856144946216891 14.1653702842358
v 21.757115288445348 -2.6437749753813211 0
v -2.8592970615806519 -20.446825994848759 0
v 1.545479 0.32504990000000011 6.1198012176376873
v -4.1429244072385192 19.173744940547589 0
v -22.735232910370939 8.0537065548780067 0.34102395818692322
v -17.38472926371313 -15.64437835946695 0.069864705703227628
v 1.5009916544447579 -0.61056501769351645 10.311901790850699
v -5.3201520556754041 -20.5991506550724 0
v 23.39234464928645 3.8140665851106998 0.14541055353786919
v 15.792271533018621 -19.282431705737391 5.9511732492444462
v -10.36945699338218 -19.89446183690038 0
v 1.1537361106690569 -1.190161861070858 12.71592575137036
v -15.58210472805307 19.60497328634484 7.1178074594067624
v -23.40615404513596 8.6606972060814247 1.486768318033685
v 11.113328838331061 17.681513674675131 0
v 22.597062520279771 -1.794638126968344 0
v -9.6818564831101259 -22.960485614330569 6.6022081881945152
v -20.288844583844831 4.0165414147217247 0
v -6.041857802908277 24.355170690444961 3.866605922982123
v 22.932324609236879 3.7177468214301221 0.03086213639019509
v -10.024766994579609 -20.980990804572262 0.055787435719414302
v 10.497135184599021 -7.9882185852853791 28.1164398594277
v -16.62953122805374 -18.3777969958699 1.482361
v -16.747449881691391 -18.010405665795862 1.0157865307801881
v -13.00798812683154 -1.927328547575661 27.830466669673928
v 10.3621262393691 7.9860575603571666 27.744675273396759
v -8.1170953616149841 -19.685455131089281 23.67085604386568
v 1.7454318879923389 12.931155845562181 27.600711335410288
v 12.1149082179045 4.9906867610826779 27.683141482792522
v 22.628784197855659 -2.6110533419188489 0
v 4.88841042085543 -12.28320855264475 27.5832709807779
v -12.13346376707616 4.9458896774980508 27.753279649903359
v 1.785641722776836 -13.10396724238303 27.775478516796749
v 12.99868705186628 1.819872113641152 27.692830882331641
v -8.1317228553640444 10.2296309427362 28.09725286423161
v -10.49168405975116 7.8172179155374586 27.88243467151187
v 7.8769689170197719 10.42510910563891 27.988107525565269
v 7.9970800000000004 -10.511056 27.5061
v -12.22156872854138 -4.9112913142718053 27.55427399058939
v 21.235364746802361 -12.44958411823454 0.99152943326157761
v -20.4780349757817 -13.091851524487661 0.6076884790380811
v -1.5356970671895021 -0.52677556860862906 18.9011728592595
v -1.343960235178163 -0.943376847082533 18.031687481657741
v -1.545479 -0.50315900000000002 18.014933549905798
v 23.812651441920771 3.014471939839221 0.27022233240041671
v -6.1877212299939242 -22.967686142183151 0.25344540474072969
v -1.5942912586497839 -0.045705048019751497 0.73075183302491453
v -1.5438296560956259 -2.327859931649185 0.0055016130231914217
v -1.545479 -0.50315900000000002 1.6775544168261201
v -24.344464174429319 1.1998170303086151 0.57153973777471123
v 1.592641388467654 -0.14492914965584949 13.90215975744494
v -1.599998 -0.089050770000000001 1.643640660894206
v -1.869626138008871 -4.6724392115698707 25.0061
v -18.517078162301559 -16.213580249716891 1.0301305478500651
v -14.59151455363528 -19.345218915021 0.57241568748579175
v -14.732885213913191 -19.669879492973529 1
v -0.33465469750672061 1.4668805737386419 1.964240392667105
v -0.79379391831989687 1.2991581631769351 2.3692101325114079
v 18.90930943477413 -13.705684541637931 0.064416351855675319
v -0.44843312745201919 1.442203013226508 18.262534133741021
v -0.79999920000000002 1.2965880000000001 17.45893339031646
v 0.46300013968967618 -1.6142798882566001 13.279796269141951
v 10.83458411206048 -22.365040258514451 3.5500191111369048
v 15.73499647461596 19.554048597499001 3.3232760212480521
v 0.41410829999999998 1.45642 1.0961266445265101
v 0.81451989622577747 1.2854459885556471 2.0216024552002869
v 1.598162244852763 -0.10299455684010619 3.8560286289525929
v 1.582347350599921 0.045015257302548357 2.8507906271123971
v -21.360089776005189 -12.659041995280511 1.547820353659171
v 0.33212098179383193 1.467214153579149 18.814716615437941
v 3.4408844721226739 -20.806222303879 0
v 1.5963499451257921 -0.116760184092355 16.784893994628021
v -1.5510185055801431 0.28297442223617458 1.8409871256681329
v -24.678648937128742 3.961315767650349 2.1167332853534782
v 3.5750476301270848 3.693843125579181 0
v 2.0830054736163581 -4.6923378752933846 25.0061
v 8.2447347553570545 23.709051366810819 3.1582798321491201
v -3.706412643467432 23.848223967314151 0.28605759548494331
v -1.5967132777358151 -0.1140004301710132 18.142880618027078
v -22.330274637431909 8.9260376283032912 0.27387332303489659
v 1.182653463342725 0.97548678936565403 0.87349336240077446
v 3.892049576218636 24.565599175644909 1.029641045697228
v -6.2123527486662899 -23.39159077144479 0.56158581442605149
v 1.143411210462568 -1.2047303188337839 17.149895435141818
v -24.941205707241579 1.327349448292499 3.6670963749423411
v -24.136931315314101 -6.2882271102427554 4.4983438211801268
v -21.97560922462706 -5.5755767512243981 22.73729730552818
v 1.2122453316377879 -1.1150263844985151 2.065749027925611
v 12.76235504225936 21.522883820134279 1.4451933368982079
v 22.008929754963201 11.973722899329459 4.0909203660304092
v -12.3709157949752 -20.856678870797609 0.58578490000000005
v 1.213247274297693 0.93561579880898171 8.395162386617919
v -24.137725499976259 3.8250443821238691 0.62458516126756347
v -22.421834923087161 10.55933481010727 1.0338108552156271
v -22.528499090091081 10.92091705880649 2.372128051920058
v 24.642347175956171 -0.88780029704656893 0.95005123686116422
v 1.5269009556967841 -0.54801206394971091 0.91927213339063962
v 1.444107628754574 -0.7479004013515882 1.650638340888281
v -24.605332390231329 4.0156791866146317 1.5069934531480731
v -22.134362998446839 -4.8474317735138586 0
v 1.545479 -0.50315900000000002 18.20191525265286
v 1.5541709711767311 -0.43713767167029771 19.211978733933559
v -24.650503653372059 1.4918409086805271 0.97912354868596674
v 8.3105866674961764 23.416008252560701 0.99471017166711828
v -24.827158364648501 2.9263664240956482 4.1695721243174262
v -21.60471608343083 6.6128454923794298 0
v -21.34185700582001 2.046564385983936 0
v -8.1662580978698074 -20.858435739835279 0
v -0.52372407365326734 2.15011439413975 0.0058939909507277517
v -6.149251522802416 -24.067694407801721 3.498551750956727
v 24.166484859967941 3.8542691892401248 0.66729909916594932
v -1.3570626417506779 -0.92630192263012279 9.4822615733373237
v -21.981846795927321 10.744841794992009 0.62407201789824296
v -21.29252696521403 13.19849900111303 2.2973105874234232
v 0.029727123213890271 1.5070262345487371 5.568705507904566
v 2.9166363839827389 0.54417562485488269 21.249231751486871
v 23.328490044953899 -1.1247689948987569 0.051541294763785127
v 9.4714285102886269 -23.022794059896491 5.0108311054412233
v -8.4464990582423418 -23.341767876803701 2.110192233252945
v -19.404259711094191 -1.1007135718599941 0
v -13.01626482914463 -21.15559324978987 2.217539019722186
v 6.1134874291536683 24.36460041548904 2.203920076832524
v 3.6571959999999999 24.824190000000002 1.7411805
v -24.905899999999999 1.3798595 1.7411805
v -2.4220793557567641 -1.015689103142394 0
v -21.03581941257249 -12.24814314829611 0.63307320305047887
v 11.77247587359604 22.138232167066811 6.4751898627074382
v 3 -0.089050770000000001 21.2561
v 20.639760459743741 -12.72738929992757 0.54192560681359736
v -21.22611954660962 12.79361073928974 1
v -10.47126067910175 -22.248098796911648 1.0716419106653321
v -0.1958449532472688 3.076466523402011 0.0056548363558216897
v -2.5075139522133929 0.26324866328437058 0
v 24.43874615199994 1.3643968688921819 0.69499812364846103
v 18.559312019149839 3.667466995864789 25.117413196789862
v -19.697658323527261 15.10160501381514 1.0506370376356069
v -10.99397207065236 -20.508459587961919 0.061845998710742957
v 23.6419857934292 6.2222264127311142 0.62667339738064909
v 24.407182783230169 -3.5109698467960802 0.98697775482130812
v 19.822001097885568 14.946160959715209 1.068221677476918
v 21.388169740664729 13.026237873273949 3.0681734011049389
v 1.1907214035457621 -1.1430761510857761 14.97481594076201
v 13.76172059423596 16.53424763298144 0
v -12.76256181870993 -18.449883048963081 22.928467298646531
v 21.291625602826262 -12.7714892715489 1.5408664839633539
v -3.5441219792650349 -24.582690624645629 3.4150937332124882
v 19.028616093960949 7.7928591066427364 24.062086649921191
v 19.491418915657349 -10.7530432483738 23.02373468422153
v 17.133821481821869 -9.369265922200789 24.76604132825798
v 24.89100805978013 -0.73116813354647126 1.503918966520404
v 1.080401185933207 1.081430125493887 6.956039017366944
v 24.675175335601601 3.96064936419865 3.5796319001229859
v -20.024067099867182 14.98302365871171 1.580668173288353
v 5.9174513882973363 23.30300403117516 0.2339937892772237
v 22.060232512062239 11.761175168925901 11.47204069767476
v 22.657368659798479 10.59471328501896 5.635997915905552
v 20.50818067103101 -4.6101307947185202 0
v -1.7033558265732831 19.44217986482008 24.686922806358009
v 10.72539600344974 22.686739414039181 3.2391226622798128
v -23.713320614214489 3.663943030192145 0.26794820000000003
v 23.15628128130275 9.5310635114312525 3.5200519396620868
v 19.316229699758889 -14.07299417016395 0.28426117056329142
v -2.2005956361885328 -9.7296921273715373 25.0061
v -24.998021561170841 0.00059325056173031854 9.1144856779487178
v -23.06978678073542 9.6458953812406278 10.303072240306051
v 3.6397417456534131 23.869257793296129 0.2814726874563675
v -15.94963452812188 -19.21420032564081 9.7942970602987103
v 21.505592655670711 -12.53733869310582 2.328295434011403
v -21.437131746971261 -12.656932912303411 2.6547215297076008
v -23.508451243675591 8.5690094360969464 2.3707017724885571
v 24.699625000000001 -3.5058539999999998 2
v -24.225441628162031 6.2054994899664253 2.2559737281138852
v 24.219969959821299 6.225852212359551 2.3465755411333662
v 24.94178824169526 -1.033070515169116 2.3713961464608202
v -24.940403914966751 -1.0599594767399541 2.2930319885326989
v 2.2490765101119909 24.847986467770159 14.11872263288849
v 19.992161745310199 15.11437793647082 2.257106476014433
v -14.946503056016089 -19.84687586684479 2.1350819868792978
v -2.967946532476768 -24.851338220411389 14.54204670343443
v -10.598418881902999 -22.456609625793629 2.3273203784432939
v 24.690264462333271 3.8785727042959959 2.3863576938229949
v 1.4546496383052721 4.1822690302267151 0.0051773293687480256
v -19.514439057955151 14.780569141049231 0.58578490000000016
v 4.9405325095845827 -24.55106256830814 14.468955320942399
v -0.051699850295586047 -1.6822425096730369 9.4211981025820837
v 6.1301488487849971 24.300043001822829 1.529776308379746
v 6.9938565474335492 23.94992188789325 13.99761191865375
v -18.451029999999999 16.881019999999999 1.482361
v -21.9315563124634 -12.03029865829526 14.698062347672369
v -23.973303734432442 4.7591531924168509 0.59120847335678517
v 13.63226712392107 20.906399291907551 13.68500182723087
v -2.4547743937462099 -12.83727965846758 0
v -19.525355304329938 -15.630551080228219 14.05752562822034
v 16.064986593680811 19.106176809746419 13.60995906124638
v 4.8772579999999941 24.478113849885791 14.11872263288849
v 17.846389529144599 8.6307121965149918 0
v 24.42838283651599 5.2051924757846599 13.80424399168446
v -24.499697845552959 4.9199220450571586 13.83844836742561
v 20.564310142145182 14.156111754986981 13.60500629923108
v 19.122500755336731 16.048879608339039 13.702334693280219
v 19.001391449804419 -16.25077262943304 13.637856094528789
v -15.67165009194162 19.438703699476751 13.18353990050672
v -23.80281145579681 7.5562587899299896 13.916139288523929
v -12.62203935024216 -18.737999215510321 0.001870837769967071
v 1.154510769203086 1.012163393464846 16.945584808827871
v -17.116999907605749 13.761083007778209 23.152303645065551
v -22.392784154068799 -2.489520413719073 0
v 0.80059391614536046 24.85272854346573 1.004889214542344
v 14.93006770570719 17.254997453080449 0
v -22.513852953990678 -0.02407251879745842 0
v -16.72749752466153 -18.398266126128512 3.469453772477153
v 3.403346205901673 24.3511374314063 0.64563304133456412
v 2.1642616152132481 23.98594206706731 0.24072560906653401
v 0 -18.993873411610672 25.138973533773221
v 12.587394738567459 21.418771239122488 1.0278786625533389
v -10.3944885835951 -21.501119250360329 0.30845440477081698
v -19.056342434394629 14.62394136489671 0.2482349825564901
v 17.0298351054563 17.591245728446928 0.56191170320272354
v 1.545479 0.3250499 13.673522852338451
v 3.9535561259226251 -23.860629545530351 0.55040954871789927
v -0.79999920000000002 1.2965880000000001 8.4799027268884561
v -20.088466643857899 14.98123125893442 2.4572602163307899
v 9.4016876642505114 20.623300114137951 0
v 1.4167008282600959 -0.81406877489901419 15.93270996687205
v 9.6220948763416132 -23.049432764542331 10.28837120651885
v -23.721811232549321 -2.9233667834484498 0.24559405761178679
v -1.1637557683725941 1.000114967228362 8.2346911654862822
v 5.6745008322535782 22.79930597197518 0.048674088486635292
v 12.536295000000001 21.073530000000002 0.58578490000000005
v 10.643958567554821 12.2636364984449 0
v 8.3399848634081657 -23.402263990600009 3.469968255428983
v -11.815472062061319 17.948593865389341 0
v -8.7261779110812956 -8.4630034453965486 0
v 17.45186758918658 -16.295948000922039 0.27538124494145477
v 12.26574256333409 18.424172018891849 23.033651036364962
v -22.053503745504351 -10.209393736642751 0.57345694770095101
v 14.919307828448179 -19.869227036067599 2.2676084593346761
v 23.188156203229919 6.3193218717225061 0.28271825238953618
v 23.306749341934129 8.8567450124276945 1.417176423179118
v 21.46337090970875 12.914247041707471 2.2496519190671931
v -5.9594355247097992 -24.092009108049862 2.0873914899102091
v 14.79704821893813 20.266941892781109 2.274795605665719
v -21.443805431969729 12.853291680995239 1.617997546721097
v 5.1541904626270574 2.2890594915451898 0
v -7.6483277617998482 23.911130402307791 3.8455944915594351
v -19.308275109230092 -14.634853893583109 0.53648611336934471
v -1.2891382231968169 24.09135810425828 0.26658184707081312
v 1.0975255292159001 -1.246392510885902 10.534568579124111
v -23.53558270942494 6.5421283876462777 0.58322113997962766
v 24.201891172694118 6.277954570975762 3.5658622998407821
v 3.9151118951557931 -3.5932842456891141 25.0061
v 9.91675022906146 -22.117172639263959 0.57937548088479451
v 9.7547304829494195 -21.787017118485259 0.29686469120515679
v -1.0449594304362551 -1.2867294001374561 18.578289554624181
v 18.652050476602781 10.49828228819147 0
v -1.3558145225125109 -0.92792845906687293 16.991626273950839
v 2.6499451378395071 1.285734359211028 21.289509766287821
v -23.25492736116118 5.7812776433403341 0.24856528463613031
v -22.47198772079938 -10.75062130239067 3.219167758818017
v 4.5636558705803214 -21.973904519414521 0
v 15.992105527752461 -16.874990797409289 0.051892954434706672
v 0.18565875033126361 -21.404774264512628 0.00041140656592161861
v 3.084015164603902 24.667691525300079 0.99306106747526501
v 22.38323924146292 -8.6542958160840673 0.32363220012312621
v -19.25376 -14.12158 0.26794820000000003
v -1.5868131132339931 -0.1891987940177117 2.6220663549745811
v -14.76199310846318 -19.899976787271999 1.5020993452191831
v -23.380248342905009 8.1945412470547847 1.0452130844637839
v -1.3856390000000001 -0.88906149999999995 16.053057783958959
v -1.134524210230037 1.0382106193317959 17.455884307523711
v -24.812671289985389 1.2118600904058741 1.3196262921562509
v -18.0747057262918 16.573404630589248 0.62700199875620222
v -0.74659623572384604 -1.496819537590012 2.7117365181978559
v 1.1539699112744639 1.012868259602522 17.968286353245301
v -24.192857860632191 6.1534142196371731 1.6555813935868089
v -1.5425422734846019 0.33213998164961739 16.252501197060251
v 0.50946152775252873 -1.595036425421126 1.2297799201130919
v -22.96131466472681 8.5197992903687183 0.65271328942656637
v 5.0904488874515561 23.63200393559439 0.29585178080362412
v -2.8618302590364042 0.77419384385953605 21.130727412700551
v 22.010354021783382 -4.8851281837187646 0
v 22.140923563133029 -4.1102623498091786 0
v -0.017093126691207772 1.5086895808048171 18.210821455779769
v -0.56683408000170354 -4.7723436195129274 25.0061
v 1.557827987015155 0.23125280546787669 17.81903312863901
v 9.3992107866352779 16.836686667665891 24.8408068809815
v 0.94876236460795016 -1.3605467554429509 11.23382783113369
v 1.76517792181983 2.0208334739649811 0.0045628847650905739
v 4.7261921160965814 -21.201699299276921 0
v -18.83098969011138 -12.30885856190519 0
v -0.020569186650882861 -1.6863409850024269 10.905093638717959
v -18.42050627250174 -16.611590127852889 1.548046322614723
v -9.5134456963930951 23.243763515823979 3.8472300365140431
v -0.39789029724695502 -1.636665164381137 9.4291820934039965
v -10.35612201311648 -21.999924607425989 0.68635362749483519
v 0.60752891620915506 -4.6473224048090218 25.0061
v 20.246188281124631 14.67472933343246 1.5408019998148259
v 6.0524915937197186 -24.089475748992569 3.34938970366106
v -22.406655410237061 2.2444243599376041 0
v 0.042319889373367843 1.505368316533052 1.8858001330524621
v 8.2492338088254371 -20.004459627615859 23.451044613098961
v 1.726209992217355 -21.186041891315671 0.0004526180795036032
v -1.17867685478355 -24.809895032989601 3.5665015924523278
v -24.421810415652409 3.9098533998655838 1.013861999752625
v -23.066996430198401 6.4506906423645489 0.24090721765798381
v 0.09905607862700784 -2.7993405217059508 0.0057793874401198906
v -0.071971813343067584 1.5014644515421109 15.08854449076007
v -18.726652401582889 14.07725659147159 0.04755480562290703
v -23.118478954005049 3.4579185152595908 0.050107947324640099
v -22.712783334262461 5.7394346051379816 0.054830765264559801
v 14.70137645216464 -14.790430100368351 25.326062245269739
v -22.219538218676728 8.1355503345104587 0.11746554600085581
v -17.42315095835907 15.828877500702459 0.060807173747100783
v 19.94350059073712 -10.07852797403754 0
v -18.258869495642639 16.814580311335749 1.0303438873773421
v 24.345159345701909 -1.247588286484123 0.58578490000000005
v -6.1350358542284988 -17.957438528138422 0
v -21.587154429136959 10.597314980536821 0.28166730484495539
v 3.7380573061885771 -24.55466493271048 3.460180395263742
v -23.98059634539764 6.2067109463119126 1.071033484667185
v 2.764932891396275 24.45584089556872 0.65854181448586013
v 5.6493054454286016 23.881068805116211 0.58578490000000016
v 6.1676254170316076 24.053451544672431 0.96829781395571735
v 24.15298742441114 6.3087275946264221 1.648447699511107
v -12.37514592595732 -20.410061948859791 0.29315608936614979
v -0.40611078558734109 1.457472923802247 8.1467123376803698
v -24.41154491890461 -3.5497234311403751 0.98577897904285272
v 2.7091049852519542 -0.79843057761056535 0
v 1.5975225062718801 -0.1078537987813053 4.9494384300996606
v 0.41410829999999998 -1.63453 7.459640531553946
v 0.38267250968194377 -1.6386686464660329 8.6735033010604212
v 24.9488310608786 1.198257217424803 2.0799879004525108
v 0.41410829999999998 -1.63453 4.6996151007970104
v -22.400266028230941 11.07817088400002 1.6098259125988359
v 0.41410829999999998 -1.63453 6.2077368346140052
v 0.46167963691449743 -1.614826816515478 10.93223467937038
v 0.41410829999999998 -1.63453 12.422982596738541
v 20.582512440893719 14.29457398449879 3.7034894471715338
v 0.38195196366646023 -1.6387635092065731 9.9166989640341043
v 24.304327845052779 -5.5990380246734226 3.2287836991796812
v 0.52424259507413118 -1.5889143758756601 14.30016122045517
v 0.41410829999999998 -1.63453 15.41961670685971
v -23.940573469147889 1.3676065998553151 0.26794820000000003
v 19.761772886257969 10.902178408700189 0
v -21.172290746638819 0.038237327057453419 0
v 0.39065889248631591 -1.637617207496779 11.729937588301221
v 21.496404851982 6.6161501647954921 0
v -13.0458360389785 -19.23748951456685 0.049782321693331077
v 22.69338749823681 0.90443232193900169 0
v 1.179608454557707 0.97945515789258142 18.720047653149422
v -1.3856390000000001 -0.88906149999999995 1.4577877852898879
v -20.481578436810651 12.702108929665039 0.30291336661442397
v 1.581267441979787 24.816405615293611 1.009778429084687
v 0 1.5109399999999999 7.9526022110495314
v 17.0341259420954 15.081634621715811 1.7347234759768071e-18
v -0.47487955525944409 1.4312491777011911 19.235020884774471
v -1.1313709999999999 -1.220421 2.5519669896821
v -21.328825865414849 -2.4553388574665571 0
v 24.711006666076631 1.444387258533105 1.1017657300239589
v -1.5158206657870399 -0.57476326250385856 2.7435237999152862
v 19.627094351719361 8.5407529948318111 0
v -0.79657785365012557 -1.4761180594998591 11.552863025324751
v 6.6217857093345813 -19.563578073046159 0
v -9.2449648567091707 2.950103263637426 25.0061
v 1.409005814760665 0.65453445406281241 1.287117299815592
v 1.2070469490193421 -1.1218008644380151 3.4017027668471229
v 0.5347279659324321 1.406460588038452 3.1808191490453739
v 0.92756326246913168 1.198705624264041 3.0958006859950919
v 1.1442975121847601 -1.203575299344448 16.082717674819769
v -1.3856390000000001 0.71094849999999998 16.074364677965651
v -1.139079906189941 1.0322734671782521 16.12587056486322
v 22.593537718911389 -3.915410928421156 0.025699297418298541
v 2.1824137656458191 -22.402643563047139 9.5688084456758938e-05
v 20.67404340854366 6.080535098380496 0
v 24.108918185812509 -3.3345966125348951 0.56707011573412269
v 1.4372691223058991 0.58629890092795822 18.31452059949121
v -16.720294412589539 9.8494608121647964 0
v 1.36999617971826 -0.90944706604506786 17.9317576232466
v 1.550817975654359 0.28449755319276149 18.814237534055948
v 1.595719212917696 -0.121551016614938 18.92157157786836
v 22.52620615752706 10.906924514979931 3.516570560197334
v 4.0152230145938903 24.2693046393108 0.65716224153324787
v -8.339117099477475 -22.580742861204989 0.45830984949415071
v 23.107436353138169 -3.220261602404547 0.050182833340571713
v 0.23474928078319229 1.480033759317793 19.394575392212701
v -19.408998200342811 -12.9985576340896 0.063942304798706051
v 14.99769184228521 -14.821941388915629 0
v 23.21288838628017 -3.9777609037513071 0.10098139787716851
v -0.79999920000000002 -1.474701 3.8915319103152188
v -1.112720270238388 1.0566310661650311 3.9128122065407491
v -1.0756600508997181 1.085068090229254 5.2595147343548527
v -1.1141392311832261 1.0555422699502599 9.165674183325816
v 15.78893083160429 -19.252990312725881 4.0122959773863824
v -1.077000150695995 1.0840398057011209 6.5807699031489317
v 4.9328309347538566 22.985648327668059 0.048746048035915229
v 3.0364278186335691 -22.9611337684665 0.045095117456678373
v -1.107430389000764 1.060690094490701 11.6652067879134
v 15.11948469287325 19.983577434001671 4.9613845010617998
v -1.1329313991147201 1.0402864299273069 12.67531010019807
v -1.5890711207729791 -0.0060553370515167571 4.7005458707035492
v -1.1666084921947211 0.99639719160569551 10.344885447945771
v 23.35965887133305 -1.681670096647492 0.059843522381892569
v -23.650790855499189 5.9858598853163381 0.56523992474728901
v -1.1313709999999999 1.0423199999999999 14.71120941588784
v 23.462389962822339 1.3654150256621569 0.069831717479015287
v 1.1097408778851059 -1.237018994915003 16.593390806410181
v -17.395627617568749 7.1164548208613212 25.1873044362837
v -14.3455815545195 -19.067727775690368 0.28085334188096422
v 24.665818273294441 -3.232647083086678 1.491996844867445
v -1.5027428491550201 -0.60633709967126426 17.247468291359709
v 18.677994185317729 12.990229176537881 0
v -0.84847201934735827 -1.437505111563971 15.612402359213281
v -7.3620842056525788 -17.862696496155589 24.9268357803575
v -22.536046811170099 -10.444209508587941 1.5093301221200379
v -1.546519644876748 -0.49525460688991968 16.41591307987299
v 1.5550543673820809 -0.4304276872797877 2.730173245622733
v 1.3983983740193291 -0.85825648040231384 2.8337422118598918
v 21.38569030255638 4.2500279050476264 0
v 0.41410829999999998 1.45642 2.2733358342096102
v -1.5175027718005241 0.39259236305967521 4.2628656492050983
v -1.3930420172362039 0.69307553961945001 3.9026791553205342
v 1.556782936091536 0.2391905205333536 16.951109518332458
v 1.2839538431022499 -24.79837093496193 3.1806425847003772
v 16.217389540416029 19.114237692378609 4.729820265776973
v 24.89081537643354 1.0644097062873661 1.5088980492957971
v 1.5360751150343479 -0.52586284583306697 16.704653935837062
v 1.3563456023217351 -0.92723636120145325 16.796762754762959
v 23.72772133623689 -2.732654702009468 0.23641368596740231
v -5.4551308788590669 -23.230152418897632 0.2999266781581571
v -20.508217594539438 -12.242338179474331 0.26563989612967132
v -21.201463102628939 -9.9494596942927842 0.067892196543552025
v -5.8437446318394741 -24.050227098928119 1.4886104986761799
v -1.595352389869654 -0.12433728274505559 5.9090595628381486
v -1.5495438974640059 -0.47228338793904773 5.2198683480008583
v -1.53491234440131 0.35056077088473808 5.6899392206911914
v -1.3339885691233619 0.77826125958924308 5.4538283531841261
v -0.8181083280168816 -1.460804859555543 7.6601889731680952
v -0.84141880751106357 -1.442917433028057 8.9203410272134711
v -1.551629887181752 0.27833065527691142 7.5595303006702963
v -1.3856390000000001 0.71094849999999998 7.5149109435775134
v -1.5379148046017379 0.34331198967915189 9.6042906609158383
v -1.3942088622703479 0.69025844837137118 8.852908103347275
v -0.75930989822295891 -1.4915537695618699 5.2122788205385238
v -0.83001371055542583 -1.4516691978248191 6.3588571422153706
v -1.35705655419878 0.74819820479501509 6.5734647037882468
v -0.79855155818231782 -1.4753005869404501 12.86989899256645
v -1.5358337353538829 0.34833627464693562 11.495929668133011
v -1.3312139114156349 0.7818772965525902 11.447220692889649
v -1.552973411479502 0.26812587690864609 13.163225073364581
v -1.3798068458588031 0.71854917985747135 13.06070544182551
v 19.87537264342718 12.30843362352228 0.042436463342715433
v -0.79999920000000002 -1.474701 10.270482389272431
v -1.3856390000000001 0.71094849999999998 10.152437574346321
v -0.8109277323529297 -1.466314929710667 14.361452334200591
v -1.54372530670978 0.32928380756710007 14.65001389484309
v -1.371566242769396 0.72928863982349768 14.84189039523406
v 16.726300499873151 -18.40196519531694 3.2155447697160269
v 16.74771474338959 18.65804083962681 3.2439900042769581
v -1.599998 -0.089050770000000029 17.244909203424079
v -1.383899719816184 0.71321519452479853 1.7838834922328211
v 11.91229831825064 -21.840953372295179 3.6553133415459378
v -1.5437706168622609 0.32917441614812992 17.994612248124149
v -0.41410829999999998 -1.63453 2.0887783300612628
v 6.5516572839754819 -21.265140988150559 0
v 0.39928118261663897 -1.63648204880613 2.415838601410186
v 0.91811095994989456 -1.3840672818620681 3.2351331336455811
v 0.47980159767087199 -1.6073210296059379 3.3559548672762531
v 1.258823211213445 0.87621954532966717 3.219989590270564
v 0.44904132552286741 -1.620061375483862 16.465710004048791
v 0.83392891980642259 -1.448664840156654 16.490351880700342
v 0.81737470897070863 1.283255435445732 15.133114516862531
v -0.40401464873037318 1.457748893594309 15.1714407585632
v -23.485038846939531 -8.3463974523860109 3.3255729431840879
v 1.549344947402137 0.29568598266091661 1.186716199115577
v 1.5894024244969001 -0.16953124501641931 17.898295992855171
v 1.545479 -0.50315900000000002 17.448680349322711
v -20.13941337796367 12.28805750297477 0.076831989609692328
v 20.425777192643729 -12.26895917287901 0.241990418026507
v 0.80476423555126242 1.292931695934451 4.6739656593444199
v -1.5147151842138571 -0.57743223211594186 8.0907143170487217
v -1.539741879945689 -0.5170101572307223 9.2892521857651076
v 0.85322865081916888 1.2557440114623859 7.3590288585469894
v 0.80481740988902539 1.2928908942352291 8.1947280286968365
v -1.545479 -0.50315899999999991 6.8653657501334386
v 0.79999920000000002 1.2965880000000001 5.9932166569201284
v -1.545479 -0.50315900000000002 11.475237200555791
v -1.5349880395106379 -0.52848737762916786 13.183228244854529
v 0.84439585619492019 1.2625215858471659 11.154098824568051
v 0.82160789035262094 1.280007233385037 12.28162437114816
v -1.5544849812828609 -0.43475255511915428 10.4819700021194
v 0.79999920000000002 1.2965880000000001 9.6691640167603516
v -1.5476954674175649 -0.48632344910690911 14.414652881549831
v 15.234110163389881 15.005881695994811 0
v -1.525119829570651 -0.55231224553686054 15.30209542918055
v -18.037985258454921 -16.39436691032309 0.71149084818961628
v 0.81550269588209512 1.2846918673449319 13.700311729281429
v 1.070337376774896 25.039484143546549 1.499293319519585
v -7.5323383557073793 -23.693837602769321 3.6274882080323678
v -10.476204732298189 -22.458047857797592 1.649586250017862
v -1.3636003128971581 0.73967013545274785 18.82319274285198
v 8.24770166258687 -23.35396334400512 1.5909838266272569
v -1.405576975216098 0.66281263461757356 17.105667233044539
v -1.516865009228084 -0.57224189898560607 3.895782466014019
v -8.4689977065087323 -22.874191374663681 0.78688454033586952
v 0.030219226232186921 1.5069614460464109 16.40707030645591
v 0.41410829999999998 1.45642 15.72505998988907
v 2.129341531462754 -1.516845313291417 0.0030517579999999999
v -0.039650576310757198 1.505719748629857 4.5500426731385737
v 0.43241540058676858 1.4488373892128981 4.865052102497514
v 0.0026215414410664748 1.5105948573419881 7.342524831749679
v 0.51341990048556896 1.415286167279898 7.3106472429235438
v 0 1.5109399999999999 8.6019117402980836
v 0.3853839742786197 1.4602017407628141 8.2647457449760555
v -0.4145077394008716 -1.634364559457085 11.408795171987499
v 0.061999564844024413 1.5027773616870359 6.4126861418104406
v 0.43023803252327908 1.4497392324341909 6.1860398093308788
v 9.6555887383161085 -22.92037916736124 3.41144987901317
v 0.014224333800443341 1.5090672756938219 11.27592288410302
v 0.4223647164429371 1.4530002781228899 11.061103257586931
v 0 1.5109399999999999 12.69526089997389
v 0.42078237435777799 1.4536556677683969 12.342797810992201
v 0 1.5109399999999999 10.058757056782319
v 0.4046206236204386 1.457669113133482 9.521051758539322
v 0 1.5109399999999999 14.2096189402374
v 0.39438086588932819 1.459017242575708 13.792765304827499
v 0.79999920000000002 1.2965880000000001 16.90046892084581
v 12.4611617100648 15.08579763457432 0
v 19.693258667509149 14.596534727031671 0.63014772710696065
v -0.71493308891319352 -1.5099338377499789 16.38895282951388
v -0.30126421548022192 -1.6493863712534469 16.406265405259379
v -1.0697324109830499 -1.2677197152655419 3.5041662779149481
v -1.381959774641236 -0.89385622947939736 2.763635036818012
v -20.222142070261331 -9.9139789220318875 0
v -0.39226949550129298 1.459295217959335 16.36003808733534
v -0.79581423993318423 1.298321366963044 16.003663504416181
v -24.7104124109661 -3.451730008837528 3.1296631251312732
v 1.549458280787894 -0.47293370379596661 4.3480721577610488
v 1.397823239735942 -0.8596450299380678 4.2880453423509461
v -0.41410829999999998 1.45642 3.362092435911229
v -0.79999920000000002 1.2965880000000001 3.6120799233854952
v -0.41410829999999998 1.45642 4.8952618831306696
v -0.76872579145352116 1.309541120777922 5.1393709373131209
v 1.599586559797924 -0.092175933224430406 6.9628801348585938
v -19.391805139462729 1.4316077820590709 0
v -0.42942826735608891 1.450074628750099 7.3754681668474014
v -0.8085175759075659 1.2900516851860511 7.614244954857103
v -0.3754369974158876 1.4615113237355679 8.9129286773144507
v -0.73586022501817738 1.3231536968052231 9.3965244738372107
v -0.39326569894352897 1.459164061419679 6.2473351488735629
v -0.76991640216994139 1.309047982193863 6.4317286779062428
v 1.597005158861583 -0.1117833980104349 10.740877506779171
v 1.611721889017202 -2.2204460492503131e-15 12.276532145500889
v -0.40098764464109699 1.458147417997097 11.439567235549481
v -0.82870794304599549 1.2745592254427831 11.32364690285258
v -0.42208578826593512 1.4531158072747481 12.76105189727693
v -0.79999920000000002 1.2965880000000001 12.86025530322774
v -0.41410829999999998 1.45642 10.272890751386051
v -0.87319332400826288 1.240424731057582 10.27250603895504
v -0.45431725900604941 1.4397658670938991 14.08046990383291
v -0.81357358592393847 1.28617211077796 14.37981360242245
v -8.9664191437748499 -21.500005685012901 0.064608496514502664
v -0.45443367200240398 -23.174249408528969 0.046677029418628703
v 20.1424131683155 -11.71925764968241 0.054113313336830213
v -1.1102958073995031 1.0584914034572139 18.977517696257099
v 1.3939177008683969 -0.86907419168001465 15.113716654452229
v 1.404642378604062 0.66506901302191279 16.871266401671281
v 1.140133695778216 1.030900129453683 15.366805218119509
v 1.2277495752019649 0.91671586171858865 19.315915655353059
v -0.0094902632976887578 -1.6877995691995871 3.3209167152931629
v -0.43705125923321803 -1.625027443108179 3.5656199593546041
v 0 -1.689049 4.695493289780222
v -0.4143729929362796 -1.634420368994675 4.7674185974535934
v 1.139278151940547 1.032015105954083 4.5776927366539164
v -1.358656636737879 -0.92422464439628649 8.6284801730341396
v -1.1415641111420609 -1.207137440088891 8.0984168052027314
v 1.1520441609676191 1.0153779689163349 7.6660101803220062
v -1.3981071539466761 -0.85895957445941407 5.0859999633362021
v -1.1477877168326569 -1.199026899754154 5.0565023905109818
v -1.3644872718516321 -0.91662621936452504 6.8373088977320524
v -1.1411052994248501 -1.207735358903721 6.5529709384544388
v 1.1313709999999999 1.0423199999999999 6.0549100582041397
v -1.3583772624195749 -0.92458872219776256 11.592186885130991
v -1.1039730308713269 -1.2414449845093609 11.74021651411006
v -1.346201925453822 -0.94045549886373569 12.98146165337636
v -1.0875872184786091 -1.254018729092395 12.84632122286774
v 1.111463005103603 1.057595790053097 11.94671607667903
v -1.4103729715265849 -0.8293461506066182 10.29369680358875
v -1.141783683395887 -1.206851295736312 10.248969340006401
v 1.1511742197039809 1.016511708676916 9.2464964707183057
v -1.3856390000000001 -0.88906149999999984 14.5979196613438
v -1.124753024941987 -1.225499340093368 14.47092883993205
v 1.166359148030955 0.99672214617946564 13.666092160863631
v 1.5545283324336081 0.25631542901172549 3.6757126288916342
v 1.545479 0.3250499 15.885569082313831
v 0.81565580250989245 -1.462686818690017 4.271080462287264
v 1.1313709999999999 -1.220421 4.3490598656572166
v -23.28873510270159 -1.4316855992360791 0.050273513069629593
v 1.3577867694185071 -0.9253582467371757 7.1374593303206284
v 1.5177430265732581 -0.57012209738058828 7.2416391115818666
v 1.3856390000000001 -0.88906149999999995 8.2503468598406151
v 1.548569625912422 -0.47968363129945252 8.1205453581717073
v 1.5933035110237841 -0.13989988646757051 8.8139991972525795
v 1.3809223649185589 -0.89520817139501963 5.7310021086502356
v 1.534069853379864 -0.5307041589312872 5.4438459213013308
v 1.3275929041742081 -0.96470658821317024 10.638510597175079
v 1.544909120535273 -0.50453486280115512 11.29836052580646
v 1.3856390000000001 -0.88906149999999995 11.93214936936314
v 22.130714221722162 7.8097253277008516 0.058329612434390707
v 1.3512553460616259 -0.93386993195837698 9.6054878991117931
v 1.5332110111176041 -0.53277766603909404 9.4360207243195013
v 1.4188392710500051 -0.80890592192896427 13.26703390627528
v 1.554874146560181 -0.43179658483047467 13.039409776575599
v 1.559815097724657 -0.39426675960922442 14.699384333048741
v 2.1673815544668309 25.003002035683139 4.9463238525683479
v -1.5550723582841539 0.25218326464318608 2.767454617717291
v 1.385795324804401 0.71057108806829583 15.286614176377009
v 1.5319442947698061 0.35772647532372742 14.576775693633
v 0.0088366023111529149 -1.6878856262608071 7.3304920020957152
v -0.41410829999999998 -1.63453 7.3131383339177898
v -0.03894556597884398 -1.683921661785333 8.3595791384227809
v -0.38616052855779082 -1.6382094349479539 8.7326808992479013
v 1.518113180733865 0.39111866465624728 7.0115362933584642
v 1.4200730886934441 0.62781495008085719 7.8709491713794186
v 1.554300664886973 0.2580446845666447 8.2956368011085608
v -0.013457775633294981 -1.6872772304659149 6.1742808694658464
v -0.41974863637047333 -1.6321938751477261 6.1126452378499216
v 1.3607570908106079 0.74337552806075669 5.5820809654926684
v 1.532623781314195 0.35608600418885239 5.1282375156550977
v -0.01875522404613782 -1.686579800373305 11.723226728966649
v 0.088362753430605262 -1.677415693074533 12.78440362987018
v -0.41410829999999998 -1.63453 12.48324896271691
v 1.409828405363299 0.65254848958627587 10.659381882346221
v 1.53551623370459 0.34910281269723298 10.950197754653971
v 1.387043748932645 0.70755704200163072 11.84028654716545
v 1.535214385257786 0.34983155952552308 11.90988141863647
v 0.041529432314189957 -1.683581485534974 10.18629403809096
v -0.36111216314293282 -1.641507151593703 10.26531250735801
v 1.4115138271233441 0.64847940864526854 9.3304406034405787
v 1.536325816459752 0.34714825281359363 9.8712864962901126
v 0.032261608392442229 -1.6848016313093761 13.98077320389798
v -0.44928084166671689 -1.619962172248556 13.91058777293704
v 0.02878510447123794 -1.6852593268380101 15.49317080128378
v -0.41410829999999998 -1.63453 15.523917417566651
v 1.410152347928298 0.65176640135858921 13.514540068081381
v -1.3356238614706331 -0.95424072544528438 4.0120041246591764
v 0.79999920000000002 -1.474701 7.0831498456470428
v 1.137731932822688 -1.212131496328049 7.0092098071085243
v 0.80243822853747082 -1.472829397840407 8.3943514545859834
v 1.094460227266941 -1.248744687442813 8.2287723559704578
v 0.82762358183058793 -1.4535032764402951 5.8284572401967694
v 1.1526553171797469 -1.192683491943453 5.8980613261684054
v 0.79999920000000002 -1.474701 12.040515051646439
v 1.1272161650346439 -1.2236092357973449 11.829596345099111
v 0.7917430958619941 -1.478120528338899 9.9252927392162071
v 1.09904229823897 -1.2452286097114931 9.6031444810262734
v 0.81377325783877941 -1.464131399849218 13.59604534349169
v 1.1802560563034701 -1.1567144863443699 13.60225515764162
v 0.88658735560812407 -1.408257095575925 15.007586007861249
v -0.03029635422494667 1.5069512916540331 0.97551735356142188
v -23.04355963127966 -9.5436081958774839 3.3083966258130721
v -1.546554528106314 0.31688069459585649 18.90712878656722
v -23.758169379087601 -7.6055763401727807 4.6940269266274512
v 5.1047844877345874 -24.349305501362 4.7126603663213018
v 22.00475489199561 10.658816429657071 0.58343642726612455
v 17.937292620886119 17.5101692619765 4.37146667425686
v 13.51655586151163 21.126508604385119 4.5276114337059354
v -21.925828799444101 -11.874121265078809 4.6308308550806681
v -9.6905990393491201 -22.91824411094845 4.2874760671980727
v -15.777325049323061 -19.276852252257019 4.9389075449543052
v 17.60789879935793 -17.624956919795849 4.5536468254404756
v -0.20717868537272141 25.11022231543663 4.283289666337053
v 23.90479698799129 7.4394198724965577 3.6995756964459572
v -13.913255006975859 -20.658962479780492 4.9155994000420513
v 21.873015375846311 -11.958319063955869 4.3929422167962997
v 20.674539268209848 -13.921674409655299 4.3762324825770431
v -16.08454830374091 19.240171126296701 4.3936981131833486
v -24.531573334094102 -4.6741806854730052 4.1518965157861043
v 7.004235516395136 24.098033529049129 4.8428543802636446
v -5.3714262423788011 -21.81249896102835 0
v 19.043250630127329 13.91787837935955 0.069445022691703523
v -0.33118350374019268 -1.64544737829763 18.543458114658151
v 0.089574276833564448 -1.677256191213774 18.64210983982959
v 14.59041105332841 20.40306004661678 3.3156378025476769
v -23.230904612974939 -5.5761439806156421 0.26596323950535422
v 6.2778799848429783 -22.911727725742359 0.2400187711855751
v -0.41524334356454701 1.455949876752707 0.98095654508329844
v 17.58579112397419 16.49818170627119 0.29293555826799672
v 18.44937303417899 16.96724949535308 3.0305320344070452
v 12.245671538730241 18.800774348920172 0
v -1.5554710122524329 0.24915527668738111 6.5893604497158016
v -0.725031567676097 24.5538866260503 0.60833683499620173
v -0.3678060773964526 1.4625159830468151 17.274128525892809
v -2.3382459012243428 -24.74900750735166 3.3282348073252521
v -24.287718139654721 -5.660811188798446 2.9531942004159482
v -3.5066642330528222 -23.16730983777704 0.10881471371368211
v 14.795340021004931 19.909813390743778 1.0078262341509721
v -0.01328674714488021 -6.5733871824394932 25.0061
v -2.1670631483619252 -2.150765780420977 23.476216465684939
v 10.90731356671091 -22.21943418743373 1.459660346974996
v -9.1759127556818889 -20.492574065665149 0
v 1.5967645427881529 -0.064490950527116286 15.25150392878539
v 23.19972386500109 -5.4433201768517412 0.2241420414418103
v 0.41410829999999998 1.45642 17.645939932494041
v 22.603400941770929 -10.321045264951341 1.571902535738976
v -20.16920740911543 -11.68564806047768 0.054865039620879817
v 23.985446061076669 -0.67783937005680928 0.28828910932634899
v 24.22391563409759 -5.6430287116991602 1.5254581418505899
v 16.584232553882298 16.720839106859351 0.057829652242201941
v -0.05691519263754069 1.503446751729925 17.498750912105951
v -1.478842746683241 -2.6958936616369229 23.597841280205252
v 3.0646974196618189 -23.95919275653911 0.52511143223501722
v -2.6088010252473128 5.1213908681291986 25.0061
v 3.2007832026399572 3.7660335808951961 25.0061
v -22.367044848979269 -8.4631203804561022 0.26497377376532538
v 23.525814155502371 -4.7625155499638137 0.30272311932545248
v 8.2416358376234076 -22.445030434963869 0.3349135399472668
v -24.704886878430479 -0.99136148656753109 1.070736679845752
v 14.69466109344944 -19.93025795620947 1.4504754909886639
v -22.67779628821576 -5.665467669547434 0.058107777105929528
v -22.35681487811728 -10.323252568307691 0.98612591027810226
v 15.03294189946447 20.022823597127271 1.549872408937488
v 18.75816954703939 16.533307094420671 1.4680160343960289
v 22.589675297424439 -5.6223800975390112 0.045461018473424791
v 8.0874588495622373 -21.998982425292919 0.10838776479905959
v -0.1173467770647315 1.495490548043666 19.143821591137218
v 22.06654326157545 -10.21935501632043 0.58578490000000005
v 22.88878182039738 5.7057176983028137 0.093656076075934042
v -24.895470617613171 -1.0143667057915 1.643486211166725
v 14.62741059396323 19.66884131587916 0.58578490000000005
v 14.4544867164189 -19.470944142584461 0.58578490000000005
v -3.5412994261100041 -24.476552675073549 1.447814984302257
v 8.0943414225677888 -23.202667817004841 1.0476790322854339
v -0.67084958063545341 -1.5281924259792501 18.292952341378179
v 0.30331262263164621 -22.550730719703999 7.9618570328654294e-05
v 21.238359539751631 12.71063746795307 0.95803987874784102
v 21.402112074883739 12.916352304953129 1.5925823084430031
v 2.0365927355470421 -23.128833658667229 0.050930250222361251
v -23.399385872595069 -8.3274449531810877 1.454285114593868
v 18.35604292308869 16.224572918064261 0.59333399015348376
v -5.976087391693599 -22.491896934959438 0.059427837417328121
v 1.419653318347881 0.62882839345344388 19.150626069106401
v 16.76414222023163 -18.351859964875249 2.255348002715504
v -24.188965 -5.8993094999999993 1.7411805
v -23.516931743695189 -8.2380729534296151 2.1599193849136831
v -24.69200764219423 -3.5577346350044872 2.0321391307915082
v 6.0572945000000002 -24.030975000000002 1.7411805
v 10.731692866577911 -19.696936767586209 0
v -24.11354758924265 -5.7102179958140429 1.276743780267191
v 5.9266114691601439 -23.921076023892699 1.2301937431378021
v 23.47980848572837 -8.468538497541573 9.8569166161639092
v 3.7797956237882131 -24.355041021180771 1.2418629731551061
v -24.060818388948331 -3.824879183709776 0.58578490000000005
v -3.745006548331677 -24.24463277620535 0.98139814334540143
v 12.476832281566271 -21.21128835242315 1.0994643332696219
v 24.195085258533322 -6.0177612302642256 2.171814757957963
v 18.54340062758207 -16.471588903373359 1.5255341187703051
v 16.668479898038161 -18.34867436241489 1.517175376769218
v 3.801433941230655 -24.135147727872141 0.85089389064715348
v 5.6408567109244174 -23.759353353142071 0.82897441910625813
v 22.533133280615171 8.2169264073060049 0.25128490413736831
v 2.8658410820941862 -0.94261920637885599 21.06644609757311
v 4.2031671962498276 -21.954329938207291 22.995298430012301
v 5.6884917058839104 -22.472713084759832 0.047764616490755307
v 22.535820151537791 10.906992738018509 2.2776859588523859
v 21.6308290814274 -11.05883161609715 0.55892750744418507
v 12.841608125139899 -21.260494976317641 2.2307060420748952
v 23.5124592488921 8.5613489275340093 2.155602121134613
v -1.2681415070119231 -23.107808556783191 0.043192530200280133
v 18.496781156081141 16.92948528365142 2.1471547055064968
v 16.649477106233121 18.764178986910519 2.205215658703731
v -22.572510000000001 -10.518015 2
v 22.59150729074576 -10.483792369298509 2.3610352218273531
v 10.524127783180869 -22.487227848388819 2.0529026955739762
v 18.161237146942419 16.92857458117355 1.0405278100263959
v 1.2797136180590021 -24.73521947983637 1.666338817078596
v 3.5694856255314131 -24.50917044179506 1.6504905390547771
v -24.627649305591611 -3.471676278731175 1.462674027676325
v -14.78757282907829 -14.87662738836856 23.86069415016954
v 16.7881308595421 -17.879063645940551 0.91718656918501651
v -1.0939205574300921 -1.249158806103827 17.630705822311739
v 5.8669193505808854 -23.39307679983639 0.49821141889020948
v 19.193359685418152 14.52781797907193 0.2719880122966214
v -6.4193868432234824 -23.699465917419339 1
v 22.289182221819789 10.75561029777816 0.97128184918408245
v 23.35582607370759 8.2072723962655978 1
v -23.857347368747941 -6.0088637431478613 0.91979772643253221
v -1.011273180628897 -1.3125787319182991 17.008030292887678
v -1.1096911251232351 -1.237057172974477 16.186247502377999
v 8.1246554662688872 -22.852872265220309 0.60932967549741734
v 3.5550014004942332 0.44380641123233711 0
v 20.75595874379572 12.86021531869134 0.54616050816669515
v 1.248665357071836 -24.554896712650741 1.101820532958403
v 23.652360294119401 -5.6679240856378579 0.56604252422381518
v -0.97342566653003793 -24.457411671018779 0.91029735055164562
v -1.1479649922255271 -23.670522213994801 0.2202750110769047
v -3.74956746720824 -23.87530794434381 0.53856897752431099
v -1.4266339804434509 -24.13544257452871 0.54688099600629281
v 21.64788619106886 -10.349115042829039 0.33765119357201068
v -23.052509763834831 -7.6820561948667896 0.55611230116073107
v 22.933530782957039 8.5169856811956173 0.61734293308230848
v 22.654476814856981 10.53645206275421 1.5960535253881889
v -1.23253941086257 -24.756761623679171 1.9767574208378269
v 3.6031226355453558 -23.450099827754361 0.23069255665412161
v 1.1762045000000001 -23.784224999999999 0.26794820000000003
v 14.41749771021624 19.272347530986259 0.25559002079455351
v -1.232017829200184 -24.67506921435665 1.389959187404272
v 20.994969999999999 -9.7859405000000006 0.034072875000000002
v 20.40659470433808 12.46679148946486 0.20997904556045299
v 10.2764467367812 -21.580251085142809 0.32463756511168562
v 18.50378238879744 -16.24094255802882 1.050733835660937
v 10.115654321371309 -20.22315324789615 0
v 10.509443090457941 -21.875102887534329 0.62002161434429248
v 12.27861327543706 -20.912002531469572 0.58578490000000005
v 15.85167750833592 17.333277250132731 0.052602975566598917
v 17.292290152732068 15.82804006054543 0.047953027162904317
v 14.17083012111387 18.828218754930511 0.06133343808767043
v 21.362529302496771 -10.05678650651242 0.1467624353746981
v 8.3845331698464669 -23.367343133419659 2.3169796608113362
v 13.322224554585709 -10.087602213363031 0
v 22.399423893856131 -10.26769153095384 1.009981466177208
v 21.709881105345591 10.36688618951975 0.28275644854021192
v 16.9267719893232 18.441334570718269 1.578002220413484
v 23.940590991110099 -5.98389471000411 1.031943568923738
v -23.406845108094519 -4.8276199557137316 0.26242573619583509
v 5.4350258807715361 -23.045796365527501 0.2090198891003405
v 16.319714471278221 18.28675138033503 0.59540614744966303
v 15.69332624373696 18.18334081232857 0.2363504230663955
v -6.9559934014429281 -22.811293686842792 0.26794820000000003
v 21.879970159969371 -8.2641749543773297 0.061422282145919507
v 15.54732833668208 19.413680126388432 1.0618521781097101
v 9.4587143581178221 -21.280892379012698 0.059621550524255648
v 0.57767152441304659 1.388673812452208 19.118977184030982
v 2.196005204444694 5.0310484588893889 25.0061
v 2.046596721190773 -24.508460369558751 1.084339888767748
v 16.196615170227929 -18.07240010148146 0.58578490000000005
v 10.34033530381339 -22.28684964194656 1.021008172692093
v 22.530200689196519 -6.3819411301897686 0.062182460677538243
v 16.624620707200311 18.463444252770248 1.0618803828648271
v 6.4384857722362074 -22.317587690354578 0.051950080814079563
v 0.82174406779274367 -24.251812711439101 0.6326381851115237
v 23.112129098293678 -6.159676938641037 0.26108910260888302
v 7.1517297960670536 -17.35484850569156 25.276770214535961
v 10.916503831928351 -20.507137494947099 0.049580479970612247
v 22.581086444351079 10.205732877331879 1.0163502519170591
v 14.531202288075701 -18.927926590381659 0.27953516959999641
v -4.6297098914358372 21.746818357029142 22.956381916973651
v 23.110306469437571 -8.4014833118924788 0.92263498219922968
v 23.454122804264049 -7.5053301661553844 0.95109705100106845
v 22.73654978196797 -8.5359879882185208 0.54857841110223471
v 23.179417724698059 -7.4011708259225397 0.57521177921285738
v -1.132195096031257 1.041246007448748 7.5095889000842231
v 1.408546260236984 0.6556439476020528 3.7747071707727882
v 1.152997531782145 1.0141355006668269 10.596066380942959
v 4.6867894825540173 -13.64329427928975 0
v -1.6641595420426809 2.0098196688764571 0.0055050820338020494
v -9.4956357941049134 10.18127846945891 0
v 1.5812515793530619 -0.23144235959149789 1.593929467402156
v 1.5503260788784869 0.39696562722499379 2.2874955853864569
f 1 2 4 
f 5 2 1 
f 1 4 12 
f 13 5 1 
f 12 6 1 
f 1 6 13 
f 8 4 2 
f 2 5 10 
f 1365 8 2 
f 2 10 1365 
f 1962 7 3 
f 3 7 2566 
f 1489 1448 3 
f 3 1448 1923 
f 2013 1489 3 
f 3 1923 1962 
f 2566 2013 3 
f 4 8 20 
f 28 12 4 
f 4 20 28 
f 21 10 5 
f 5 13 29 
f 29 21 5 
f 6 12 26 
f 17 13 6 
f 26 17 6 
f 2109 16 7 
f 7 16 2555 
f 7 1962 2109 
f 7 2555 2566 
f 22 20 8 
f 1500 22 8 
f 1282 1281 8 
f 8 1281 1500 
f 1365 1282 8 
f 2566 14 9 
f 9 14 2583 
f 9 1256 1489 
f 2374 1256 9 
f 9 1489 2013 
f 9 2013 2566 
f 2583 2374 9 
f 10 21 24 
f 10 24 2036 
f 1480 1365 10 
f 2036 1480 10 
f 1912 15 11 
f 11 15 1962 
f 11 1695 1912 
f 1943 1695 11 
f 11 1923 1943 
f 1962 1923 11 
f 28 26 12 
f 13 17 27 
f 13 27 29 
f 2555 18 14 
f 14 18 2615 
f 2566 2555 14 
f 2615 2583 14 
f 1937 19 15 
f 15 19 1941 
f 15 1912 1937 
f 15 1941 2109 
f 2109 1962 15 
f 1888 32 16 
f 16 32 2555 
f 1941 1888 16 
f 2109 1941 16 
f 17 26 1291 
f 40 27 17 
f 17 39 40 
f 1291 39 17 
f 18 33 2165 
f 2555 33 18 
f 18 2165 2615 
f 19 34 1888 
f 1931 34 19 
f 19 1888 1941 
f 2142 1931 19 
f 19 1937 2142 
f 20 22 46 
f 42 28 20 
f 46 42 20 
f 48 24 21 
f 21 29 53 
f 21 43 48 
f 53 43 21 
f 1500 46 22 
f 23 30 2581 
f 2583 30 23 
f 2515 2374 23 
f 23 2374 2583 
f 2532 2515 23 
f 2581 2532 23 
f 24 48 2036 
f 25 31 1912 
f 2010 31 25 
f 1773 1629 25 
f 25 1629 2010 
f 25 1695 1773 
f 1912 1695 25 
f 26 28 37 
f 26 37 1423 
f 1294 1291 26 
f 1423 1294 26 
f 38 29 27 
f 56 38 27 
f 27 40 56 
f 52 37 28 
f 28 42 52 
f 29 38 60 
f 60 53 29 
f 2165 35 30 
f 30 35 2586 
f 2615 2165 30 
f 2586 2581 30 
f 30 2583 2615 
f 31 36 1937 
f 2158 36 31 
f 1937 1912 31 
f 31 2010 2113 
f 31 2113 2158 
f 50 33 32 
f 32 33 2555 
f 32 41 50 
f 1888 41 32 
f 33 50 2064 
f 33 2064 2590 
f 2590 2165 33 
f 1998 51 34 
f 34 51 2181 
f 2181 1888 34 
f 34 1931 1998 
f 2590 44 35 
f 35 44 2624 
f 35 2165 2590 
f 2624 2586 35 
f 36 45 2028 
f 2158 45 36 
f 2028 1931 36 
f 36 1931 2142 
f 2142 1937 36 
f 37 52 59 
f 37 59 1925 
f 1925 1423 37 
f 38 56 60 
f 64 40 39 
f 1291 64 39 
f 69 56 40 
f 40 64 69 
f 63 50 41 
f 1485 63 41 
f 2181 1485 41 
f 41 1888 2181 
f 42 46 70 
f 70 52 42 
f 73 48 43 
f 43 53 71 
f 43 71 73 
f 2590 61 44 
f 44 61 2662 
f 2522 67 44 
f 44 67 2624 
f 2662 2522 44 
f 45 62 2028 
f 2096 62 45 
f 2241 2096 45 
f 45 2158 2241 
f 1486 70 46 
f 46 1285 1486 
f 1500 1285 46 
f 2581 54 47 
f 47 54 2582 
f 2500 1924 47 
f 47 1924 2532 
f 47 2311 2500 
f 2582 2311 47 
f 47 2532 2581 
f 48 73 2041 
f 2041 2036 48 
f 1852 55 49 
f 49 55 2010 
f 1759 1462 49 
f 49 1462 2008 
f 49 1629 1759 
f 2010 1629 49 
f 2008 1852 49 
f 50 63 2435 
f 50 65 2064 
f 2435 65 50 
f 1998 66 51 
f 51 66 2181 
f 89 59 52 
f 52 70 78 
f 52 78 89 
f 53 60 90 
f 79 71 53 
f 90 79 53 
f 54 57 2576 
f 2624 57 54 
f 54 2576 2582 
f 54 2581 2586 
f 54 2586 2624 
f 2106 58 55 
f 55 58 2158 
f 55 1852 2106 
f 2113 2010 55 
f 2158 2113 55 
f 75 60 56 
f 56 69 82 
f 82 75 56 
f 2624 67 57 
f 57 67 2637 
f 57 87 2576 
f 2637 87 57 
f 58 68 2087 
f 2106 68 58 
f 58 2087 2158 
f 59 89 1293 
f 59 1293 1925 
f 60 75 90 
f 1775 76 61 
f 61 76 2662 
f 2064 1775 61 
f 2590 2064 61 
f 62 77 1998 
f 2096 77 62 
f 1998 1931 62 
f 62 1931 2028 
f 63 1485 2048 
f 2048 1491 63 
f 63 1491 2435 
f 95 69 64 
f 64 91 95 
f 1487 91 64 
f 64 1291 1487 
f 65 86 1775 
f 2045 86 65 
f 65 1491 2045 
f 2435 1491 65 
f 65 1775 2064 
f 66 83 1485 
f 2137 83 66 
f 66 1485 2181 
f 66 1733 2137 
f 2147 1733 66 
f 66 1998 2147 
f 2522 84 67 
f 67 84 2637 
f 1843 85 68 
f 68 85 2087 
f 2116 1843 68 
f 68 2106 2116 
f 101 82 69 
f 69 95 101 
f 104 78 70 
f 1486 104 70 
f 105 73 71 
f 71 79 105 
f 2576 80 72 
f 72 80 2609 
f 72 2097 2498 
f 2609 2097 72 
f 2498 2311 72 
f 72 2311 2582 
f 2582 2576 72 
f 73 105 107 
f 73 107 1497 
f 73 1497 2041 
f 74 81 1852 
f 1933 81 74 
f 74 1462 1830 
f 2008 1462 74 
f 1830 1586 74 
f 74 1586 1933 
f 74 1852 2008 
f 75 82 98 
f 100 90 75 
f 75 98 120 
f 120 100 75 
f 1775 86 76 
f 76 86 1938 
f 76 1938 2557 
f 2557 2522 76 
f 76 2522 2662 
f 77 92 1597 
f 2148 92 77 
f 77 1597 1733 
f 77 1733 2147 
f 2147 1998 77 
f 77 2096 2148 
f 117 89 78 
f 78 104 109 
f 78 109 117 
f 79 90 118 
f 110 105 79 
f 118 110 79 
f 80 87 2558 
f 2576 87 80 
f 2558 2252 80 
f 80 2252 2609 
f 81 88 1852 
f 1932 88 81 
f 2172 1932 81 
f 81 1933 2172 
f 121 98 82 
f 82 101 121 
f 2048 1485 83 
f 2137 1945 83 
f 83 1945 2183 
f 2183 2048 83 
f 84 96 2552 
f 2557 96 84 
f 84 2522 2557 
f 84 2552 2637 
f 85 97 2143 
f 2150 97 85 
f 85 1843 2150 
f 2143 2087 85 
f 86 1383 1938 
f 2196 1383 86 
f 86 2045 2196 
f 87 93 2558 
f 2637 93 87 
f 1932 94 88 
f 88 94 2116 
f 2106 1852 88 
f 2116 2106 88 
f 126 99 89 
f 89 99 1499 
f 89 117 126 
f 1499 1293 89 
f 90 100 1296 
f 1296 118 90 
f 125 95 91 
f 91 122 125 
f 1487 122 91 
f 92 97 1944 
f 2148 97 92 
f 1856 1597 92 
f 92 1640 1856 
f 1944 1640 92 
f 93 102 2074 
f 2552 102 93 
f 93 2074 2558 
f 2637 2552 93 
f 94 103 1918 
f 2156 103 94 
f 94 1918 2116 
f 94 1932 1951 
f 94 1951 2156 
f 125 101 95 
f 127 115 96 
f 96 115 2552 
f 1490 127 96 
f 2557 1490 96 
f 97 1587 1944 
f 2150 1587 97 
f 2148 2143 97 
f 121 120 98 
f 126 119 99 
f 99 119 1499 
f 100 120 1296 
f 129 121 101 
f 101 125 129 
f 102 115 2269 
f 2552 115 102 
f 130 123 102 
f 102 123 2074 
f 142 130 102 
f 2269 142 102 
f 1492 116 103 
f 103 116 1918 
f 2156 1492 103 
f 140 109 104 
f 136 134 104 
f 104 134 140 
f 2027 136 104 
f 104 1486 2027 
f 135 107 105 
f 105 110 135 
f 106 111 1907 
f 2609 111 106 
f 106 1907 2007 
f 106 2007 2505 
f 2505 2097 106 
f 106 2097 2609 
f 107 135 138 
f 107 138 1403 
f 107 1403 1829 
f 1829 1497 107 
f 2081 112 108 
f 108 112 2172 
f 108 1456 1589 
f 1933 1456 108 
f 108 1589 1952 
f 2172 1933 108 
f 108 1952 2081 
f 151 117 109 
f 109 140 151 
f 110 118 1303 
f 141 135 110 
f 1303 141 110 
f 1819 113 111 
f 111 113 1907 
f 2558 1819 111 
f 111 2252 2558 
f 2609 2252 111 
f 1968 114 112 
f 112 114 2172 
f 2081 1968 112 
f 1819 123 113 
f 113 123 1964 
f 113 148 1907 
f 1964 148 113 
f 114 124 1951 
f 1968 124 114 
f 1951 1932 114 
f 114 1932 2172 
f 115 127 2269 
f 1492 128 116 
f 116 128 1587 
f 116 1587 2150 
f 2150 1918 116 
f 151 126 117 
f 118 1296 1498 
f 1498 1303 118 
f 119 126 147 
f 147 132 119 
f 119 132 1499 
f 120 121 133 
f 120 133 1501 
f 1501 1296 120 
f 121 129 146 
f 160 133 121 
f 121 146 160 
f 150 125 122 
f 1487 150 122 
f 123 130 1964 
f 123 1819 2558 
f 2558 2074 123 
f 1741 131 124 
f 124 131 2156 
f 1968 1741 124 
f 2156 1951 124 
f 153 129 125 
f 125 150 153 
f 167 147 126 
f 126 151 158 
f 126 158 167 
f 127 1490 1628 
f 127 1628 1762 
f 127 1762 2371 
f 2371 2269 127 
f 1464 1450 128 
f 128 1450 1587 
f 1468 1464 128 
f 1492 1468 128 
f 164 146 129 
f 129 153 157 
f 129 157 164 
f 130 142 2543 
f 2268 1964 130 
f 2543 2268 130 
f 131 143 2156 
f 2315 143 131 
f 131 1741 2190 
f 131 2190 2315 
f 132 147 163 
f 163 159 132 
f 132 159 1505 
f 1505 1499 132 
f 133 160 1501 
f 134 136 168 
f 174 140 134 
f 134 168 174 
f 169 138 135 
f 135 141 169 
f 170 168 136 
f 2031 170 136 
f 2027 1507 136 
f 136 1507 2031 
f 137 144 1774 
f 1907 144 137 
f 137 171 1361 
f 1774 171 137 
f 137 1361 2007 
f 2007 1907 137 
f 138 169 172 
f 138 172 1268 
f 138 1268 1403 
f 139 145 1952 
f 1991 145 139 
f 139 1589 1752 
f 1952 1589 139 
f 1752 1742 139 
f 139 1742 2060 
f 2060 1991 139 
f 184 151 140 
f 140 174 184 
f 175 169 141 
f 185 175 141 
f 1303 185 141 
f 2371 156 142 
f 142 156 2543 
f 142 2269 2371 
f 143 1426 1468 
f 2315 1426 143 
f 143 1468 1492 
f 143 1492 2156 
f 144 148 181 
f 1907 148 144 
f 144 181 1774 
f 145 149 1968 
f 1991 149 145 
f 2081 1952 145 
f 145 1968 2081 
f 164 160 146 
f 167 163 147 
f 148 154 181 
f 1879 154 148 
f 1964 1879 148 
f 149 155 1741 
f 2021 155 149 
f 149 1741 1968 
f 1991 1974 149 
f 149 1974 2021 
f 178 153 150 
f 1579 178 150 
f 150 1487 1579 
f 184 158 151 
f 152 1244 1272 
f 1444 1244 152 
f 1267 1260 152 
f 152 1260 1444 
f 1379 1267 152 
f 152 1272 1379 
f 179 157 153 
f 153 178 179 
f 1879 161 154 
f 154 161 2103 
f 2084 181 154 
f 2103 2084 154 
f 2021 162 155 
f 155 162 2190 
f 2190 1741 155 
f 2128 165 156 
f 156 165 2543 
f 156 1762 1801 
f 2371 1762 156 
f 156 1801 2128 
f 188 164 157 
f 157 179 188 
f 198 167 158 
f 158 184 192 
f 158 192 198 
f 159 163 183 
f 159 183 186 
f 159 186 1505 
f 160 164 187 
f 160 187 2245 
f 2245 1501 160 
f 161 165 2224 
f 2268 165 161 
f 161 1879 2268 
f 2224 2103 161 
f 2146 166 162 
f 162 166 2190 
f 162 2021 2055 
f 162 2055 2146 
f 163 167 191 
f 200 183 163 
f 163 191 200 
f 195 187 164 
f 164 188 195 
f 165 2128 2224 
f 165 2268 2543 
f 1832 1426 166 
f 166 1426 2315 
f 2146 1832 166 
f 2315 2190 166 
f 219 191 167 
f 167 198 219 
f 168 170 206 
f 206 174 168 
f 207 172 169 
f 169 175 207 
f 208 206 170 
f 1278 208 170 
f 2031 1278 170 
f 1774 176 171 
f 171 176 2130 
f 1772 1361 171 
f 1758 1564 171 
f 171 1564 1772 
f 2130 1758 171 
f 172 207 210 
f 172 210 1405 
f 1405 1268 172 
f 173 177 1991 
f 2026 177 173 
f 173 1406 1556 
f 1742 1406 173 
f 173 1556 1755 
f 2060 1742 173 
f 173 1755 2026 
f 173 1991 2060 
f 220 184 174 
f 174 206 212 
f 174 212 220 
f 175 185 221 
f 213 207 175 
f 221 213 175 
f 1774 181 176 
f 176 181 1892 
f 176 1892 2130 
f 177 182 1974 
f 2026 182 177 
f 177 1974 1991 
f 201 179 178 
f 238 201 178 
f 1579 238 178 
f 202 188 179 
f 179 201 202 
f 180 197 1707 
f 2146 197 180 
f 1591 1249 180 
f 180 1249 1803 
f 1707 1591 180 
f 180 1803 1832 
f 180 1832 2146 
f 181 189 1892 
f 2084 189 181 
f 182 190 1974 
f 2110 190 182 
f 182 2026 2153 
f 2153 2110 182 
f 199 186 183 
f 200 199 183 
f 220 192 184 
f 1305 221 185 
f 185 1303 2044 
f 2044 1305 185 
f 186 199 230 
f 230 204 186 
f 186 204 274 
f 186 274 1505 
f 187 195 205 
f 187 205 276 
f 187 276 2245 
f 216 195 188 
f 188 202 216 
f 189 193 1779 
f 2084 193 189 
f 189 1779 2333 
f 2333 1892 189 
f 190 194 2021 
f 2110 194 190 
f 2021 1974 190 
f 219 200 191 
f 225 198 192 
f 192 220 225 
f 193 196 1844 
f 2103 196 193 
f 1844 1779 193 
f 193 2084 2103 
f 194 197 2055 
f 2151 197 194 
f 2110 1780 194 
f 194 1780 2151 
f 2055 2021 194 
f 224 205 195 
f 195 216 224 
f 196 1739 1770 
f 2224 1739 196 
f 196 1770 1844 
f 196 2103 2224 
f 2151 1707 197 
f 2146 2055 197 
f 234 219 198 
f 198 225 234 
f 199 200 227 
f 199 227 245 
f 245 230 199 
f 200 219 231 
f 231 227 200 
f 239 202 201 
f 201 238 239 
f 242 216 202 
f 202 239 242 
f 1792 232 203 
f 203 232 1844 
f 1568 1237 203 
f 203 1237 1792 
f 1770 1568 203 
f 1844 1770 203 
f 204 230 236 
f 204 236 274 
f 205 224 237 
f 205 237 276 
f 206 208 248 
f 248 212 206 
f 249 210 207 
f 207 213 256 
f 256 249 207 
f 250 248 208 
f 1278 250 208 
f 209 214 1861 
f 2130 214 209 
f 1577 1564 209 
f 209 1564 1758 
f 2049 1577 209 
f 1861 1697 209 
f 209 1697 2049 
f 209 1758 2130 
f 210 249 252 
f 210 252 1418 
f 1418 1405 210 
f 258 215 211 
f 211 215 2026 
f 211 253 258 
f 2514 253 211 
f 211 1556 1719 
f 1755 1556 211 
f 211 1719 2514 
f 2026 1755 211 
f 265 220 212 
f 212 248 255 
f 212 255 265 
f 213 221 266 
f 266 256 213 
f 214 217 1862 
f 1892 217 214 
f 1862 1861 214 
f 2130 1892 214 
f 258 218 215 
f 215 218 2026 
f 262 224 216 
f 216 242 262 
f 217 222 1862 
f 2333 222 217 
f 217 1892 2333 
f 268 223 218 
f 218 223 2110 
f 218 258 264 
f 218 264 268 
f 2153 2026 218 
f 218 2110 2153 
f 246 231 219 
f 219 234 246 
f 2616 225 220 
f 220 265 2616 
f 221 226 266 
f 1305 226 221 
f 222 228 267 
f 1779 228 222 
f 222 267 1862 
f 2333 1779 222 
f 268 229 223 
f 223 229 1780 
f 223 1780 2110 
f 262 237 224 
f 2616 234 225 
f 226 235 283 
f 1305 235 226 
f 269 266 226 
f 283 269 226 
f 227 231 254 
f 285 245 227 
f 227 254 285 
f 228 232 281 
f 1844 232 228 
f 272 267 228 
f 281 272 228 
f 228 1779 1844 
f 282 233 229 
f 229 233 1780 
f 229 268 273 
f 229 273 282 
f 259 236 230 
f 230 245 259 
f 231 246 270 
f 270 254 231 
f 1792 281 232 
f 233 282 1835 
f 1835 1707 233 
f 233 1707 2151 
f 2151 1780 233 
f 2616 246 234 
f 235 247 295 
f 1523 247 235 
f 295 283 235 
f 235 1305 1523 
f 236 259 275 
f 275 274 236 
f 237 262 277 
f 277 276 237 
f 240 239 238 
f 1579 240 238 
f 239 240 241 
f 239 241 278 
f 278 242 239 
f 243 241 240 
f 1290 243 240 
f 1297 1290 240 
f 1579 1297 240 
f 241 243 244 
f 241 244 279 
f 279 278 241 
f 280 262 242 
f 242 278 280 
f 260 244 243 
f 1290 260 243 
f 244 260 261 
f 244 261 279 
f 284 259 245 
f 306 284 245 
f 245 285 306 
f 2616 270 246 
f 247 271 309 
f 1523 271 247 
f 309 295 247 
f 248 250 296 
f 302 255 248 
f 248 296 302 
f 297 252 249 
f 249 256 303 
f 303 297 249 
f 298 296 250 
f 1387 298 250 
f 250 1278 1413 
f 1413 1387 250 
f 1861 257 251 
f 251 257 2016 
f 251 1510 1744 
f 2016 1510 251 
f 251 1697 1861 
f 2049 1697 251 
f 251 1744 2049 
f 252 297 300 
f 252 300 1392 
f 252 1392 2040 
f 2040 1418 252 
f 301 258 253 
f 1778 301 253 
f 2514 1778 253 
f 254 270 291 
f 314 285 254 
f 254 291 314 
f 312 265 255 
f 255 302 312 
f 256 266 313 
f 313 303 256 
f 1861 263 257 
f 257 263 2105 
f 2105 2016 257 
f 308 264 258 
f 258 301 305 
f 258 305 308 
f 288 275 259 
f 259 284 288 
f 274 261 260 
f 1302 274 260 
f 260 1290 1302 
f 261 274 275 
f 261 275 293 
f 293 279 261 
f 294 277 262 
f 262 280 294 
f 1862 267 263 
f 263 267 1893 
f 263 1861 1862 
f 263 1893 1894 
f 263 1894 2105 
f 308 268 264 
f 265 312 1982 
f 1982 1307 265 
f 265 1307 2616 
f 266 269 313 
f 267 272 2246 
f 2246 1893 267 
f 320 273 268 
f 268 308 317 
f 268 317 320 
f 269 283 318 
f 318 313 269 
f 2616 291 270 
f 271 292 309 
f 1595 292 271 
f 271 1523 1595 
f 272 281 1545 
f 272 1545 2246 
f 326 282 273 
f 273 320 326 
f 274 1302 1505 
f 275 288 323 
f 323 293 275 
f 276 277 290 
f 290 289 276 
f 276 289 1300 
f 276 1300 2245 
f 324 290 277 
f 277 294 324 
f 278 279 322 
f 322 280 278 
f 279 293 330 
f 330 322 279 
f 332 294 280 
f 280 322 332 
f 281 286 1545 
f 1792 286 281 
f 326 287 282 
f 282 287 1835 
f 283 295 338 
f 327 318 283 
f 338 327 283 
f 333 288 284 
f 284 306 333 
f 336 306 285 
f 285 314 336 
f 1559 1502 286 
f 286 1502 2042 
f 2042 1545 286 
f 1792 1559 286 
f 287 326 373 
f 287 373 1727 
f 287 1252 1835 
f 2070 1252 287 
f 287 1727 2070 
f 360 323 288 
f 288 333 360 
f 289 290 310 
f 289 310 1300 
f 311 310 290 
f 324 311 290 
f 354 314 291 
f 2616 354 291 
f 328 309 292 
f 292 315 340 
f 1595 315 292 
f 340 328 292 
f 293 323 364 
f 364 330 293 
f 366 324 294 
f 294 332 366 
f 295 309 338 
f 296 298 344 
f 348 302 296 
f 344 342 296 
f 296 342 348 
f 346 300 297 
f 297 303 349 
f 297 343 346 
f 349 343 297 
f 1387 344 298 
f 299 304 1959 
f 2105 304 299 
f 299 1510 2016 
f 2511 1510 299 
f 1959 1782 299 
f 299 1782 2511 
f 299 2016 2105 
f 300 346 1392 
f 347 305 301 
f 1765 347 301 
f 301 1412 1765 
f 1778 1412 301 
f 358 312 302 
f 302 348 358 
f 303 313 359 
f 359 349 303 
f 304 307 1837 
f 2105 307 304 
f 1837 1791 304 
f 304 1791 1959 
f 353 308 305 
f 305 347 351 
f 305 351 353 
f 355 333 306 
f 306 336 355 
f 307 316 1837 
f 1893 316 307 
f 1894 1893 307 
f 2105 1894 307 
f 362 317 308 
f 308 353 362 
f 309 328 367 
f 341 338 309 
f 367 341 309 
f 310 311 335 
f 335 334 310 
f 310 334 1308 
f 310 1299 1300 
f 1308 1299 310 
f 311 324 339 
f 339 335 311 
f 312 358 1318 
f 312 1318 1982 
f 313 318 368 
f 368 359 313 
f 354 336 314 
f 356 337 315 
f 315 337 369 
f 369 340 315 
f 1595 356 315 
f 316 319 2163 
f 2246 319 316 
f 1929 1837 316 
f 316 1893 2246 
f 2163 1929 316 
f 371 320 317 
f 317 362 371 
f 318 327 368 
f 319 372 2163 
f 2186 372 319 
f 319 1545 2186 
f 2246 1545 319 
f 373 326 320 
f 320 371 373 
f 321 329 1263 
f 1863 329 321 
f 321 331 1532 
f 2202 331 321 
f 1263 1231 321 
f 321 1231 2202 
f 321 1532 1863 
f 322 330 1863 
f 1532 332 322 
f 1863 1532 322 
f 323 360 364 
f 366 339 324 
f 325 1211 1306 
f 1469 1211 325 
f 325 1226 1277 
f 1470 1226 325 
f 325 1277 1469 
f 325 1306 1450 
f 325 1450 2215 
f 2215 1470 325 
f 327 338 378 
f 374 368 327 
f 378 374 327 
f 328 340 367 
f 1863 330 329 
f 329 330 1877 
f 329 363 1825 
f 1877 363 329 
f 1825 1263 329 
f 330 364 1877 
f 331 365 1870 
f 2202 365 331 
f 1533 1532 331 
f 1870 1533 331 
f 1870 366 332 
f 332 1532 1533 
f 332 1533 1870 
f 333 355 360 
f 334 335 357 
f 357 356 334 
f 334 356 1595 
f 1595 1308 334 
f 335 339 380 
f 380 357 335 
f 336 354 355 
f 337 356 357 
f 337 357 369 
f 338 341 378 
f 339 366 404 
f 404 380 339 
f 377 367 340 
f 340 369 377 
f 341 367 386 
f 384 378 341 
f 386 384 341 
f 342 344 389 
f 387 348 342 
f 389 387 342 
f 391 346 343 
f 343 349 388 
f 343 388 391 
f 1580 389 344 
f 344 1387 1547 
f 344 1547 1580 
f 1791 350 345 
f 345 350 2018 
f 1651 1627 345 
f 345 1627 1782 
f 2018 1651 345 
f 345 1782 1959 
f 1959 1791 345 
f 346 391 1550 
f 1549 1392 346 
f 1550 1549 346 
f 392 351 347 
f 2131 392 347 
f 1765 1624 347 
f 347 1624 2131 
f 399 358 348 
f 348 387 393 
f 348 393 399 
f 349 359 400 
f 394 388 349 
f 400 394 349 
f 1791 352 350 
f 350 352 1969 
f 350 1969 2337 
f 2337 2018 350 
f 398 353 351 
f 351 392 396 
f 351 396 398 
f 1837 361 352 
f 352 361 1969 
f 352 1791 1837 
f 398 362 353 
f 382 355 354 
f 354 381 382 
f 1541 381 354 
f 2616 1541 354 
f 379 360 355 
f 382 379 355 
f 383 369 357 
f 357 380 383 
f 358 399 1557 
f 1557 1318 358 
f 359 368 400 
f 402 364 360 
f 360 379 402 
f 1929 370 361 
f 361 370 2054 
f 361 1837 1929 
f 2133 1969 361 
f 361 2054 2133 
f 410 371 362 
f 362 398 406 
f 362 406 410 
f 363 364 1223 
f 1877 364 363 
f 1223 401 363 
f 363 401 1825 
f 364 402 1223 
f 365 366 1870 
f 1874 366 365 
f 1315 403 365 
f 365 403 1874 
f 2202 1315 365 
f 1874 404 366 
f 367 377 413 
f 413 386 367 
f 368 374 408 
f 408 400 368 
f 385 377 369 
f 369 383 385 
f 370 372 1975 
f 2163 372 370 
f 1975 1859 370 
f 370 1859 2054 
f 370 1929 2163 
f 415 373 371 
f 371 410 415 
f 372 1728 1975 
f 2042 1728 372 
f 2186 2042 372 
f 415 376 373 
f 373 376 1727 
f 374 378 418 
f 417 408 374 
f 418 417 374 
f 1511 1508 375 
f 375 1508 1772 
f 1726 1511 375 
f 375 1577 1726 
f 1772 1577 375 
f 376 415 1326 
f 376 1326 1411 
f 376 1411 1479 
f 376 1479 1727 
f 377 385 419 
f 419 413 377 
f 378 384 418 
f 379 382 412 
f 455 402 379 
f 379 412 420 
f 379 420 455 
f 421 383 380 
f 380 404 457 
f 457 421 380 
f 411 382 381 
f 1311 411 381 
f 1541 1311 381 
f 382 411 412 
f 427 385 383 
f 383 421 427 
f 384 386 1566 
f 1566 418 384 
f 427 419 385 
f 386 413 429 
f 429 424 386 
f 386 424 1566 
f 387 389 432 
f 430 393 387 
f 432 430 387 
f 434 391 388 
f 388 394 431 
f 388 431 434 
f 1580 432 389 
f 390 395 1957 
f 2337 395 390 
f 390 1651 2018 
f 2506 1651 390 
f 1957 1817 390 
f 390 1817 2506 
f 390 2018 2337 
f 391 434 1466 
f 391 1466 1550 
f 435 396 392 
f 2131 435 392 
f 442 399 393 
f 393 430 436 
f 393 436 442 
f 394 400 443 
f 437 431 394 
f 443 437 394 
f 395 397 1831 
f 1969 397 395 
f 395 1831 1957 
f 2337 1969 395 
f 441 398 396 
f 396 435 439 
f 396 439 441 
f 1969 405 397 
f 397 405 2342 
f 397 440 1831 
f 2342 440 397 
f 441 406 398 
f 442 407 399 
f 399 407 1557 
f 400 408 1558 
f 1558 443 400 
f 1223 402 401 
f 401 402 1603 
f 401 454 1258 
f 1603 454 401 
f 401 1258 1825 
f 402 455 1603 
f 1322 456 403 
f 403 456 1873 
f 403 1315 1322 
f 1873 1540 403 
f 403 1540 1874 
f 1873 457 404 
f 404 1540 1873 
f 1874 1540 404 
f 2133 409 405 
f 405 409 2221 
f 405 1969 2133 
f 405 2221 2342 
f 445 410 406 
f 406 441 445 
f 452 416 407 
f 407 416 1557 
f 407 442 446 
f 407 446 452 
f 408 417 1558 
f 409 414 1714 
f 2399 414 409 
f 409 1714 2221 
f 2054 1859 409 
f 409 1859 2399 
f 2133 2054 409 
f 451 415 410 
f 410 445 447 
f 410 447 451 
f 426 412 411 
f 411 425 426 
f 1311 425 411 
f 426 420 412 
f 413 419 449 
f 449 429 413 
f 414 450 1714 
f 1836 450 414 
f 1946 1836 414 
f 2399 1946 414 
f 415 451 1326 
f 416 452 458 
f 416 458 1561 
f 1865 1557 416 
f 416 1561 1865 
f 417 418 1567 
f 1567 1558 417 
f 418 1566 1567 
f 419 427 449 
f 420 426 460 
f 465 455 420 
f 420 460 465 
f 462 427 421 
f 421 457 466 
f 466 462 421 
f 463 423 422 
f 422 423 2251 
f 1561 463 422 
f 2251 1561 422 
f 423 428 459 
f 464 428 423 
f 423 459 2251 
f 423 463 464 
f 424 429 1601 
f 1567 1566 424 
f 1601 1567 424 
f 459 426 425 
f 1320 459 425 
f 425 1311 1320 
f 426 459 460 
f 462 449 427 
f 428 448 459 
f 468 448 428 
f 428 464 467 
f 428 467 468 
f 429 449 461 
f 429 461 1601 
f 430 432 469 
f 474 436 430 
f 430 469 474 
f 470 434 431 
f 431 437 475 
f 475 470 431 
f 1422 469 432 
f 1324 1298 432 
f 432 1298 1422 
f 1580 1324 432 
f 1831 438 433 
f 433 438 2079 
f 433 1817 1957 
f 2336 1817 433 
f 1957 1831 433 
f 2079 1948 433 
f 433 1948 2336 
f 434 470 472 
f 434 472 1466 
f 473 439 435 
f 1857 473 435 
f 2083 1857 435 
f 2131 2083 435 
f 474 442 436 
f 437 443 475 
f 1831 440 438 
f 438 440 2621 
f 2270 2079 438 
f 2621 2270 438 
f 479 441 439 
f 439 473 477 
f 439 477 479 
f 2342 444 440 
f 440 444 2621 
f 479 445 441 
f 487 446 442 
f 442 474 480 
f 442 480 487 
f 481 475 443 
f 2684 481 443 
f 443 1558 1560 
f 443 1560 2684 
f 2221 1714 444 
f 444 1714 2666 
f 444 1921 2621 
f 2666 1921 444 
f 2342 2221 444 
f 486 447 445 
f 445 479 486 
f 487 452 446 
f 491 451 447 
f 447 486 489 
f 447 489 491 
f 460 459 448 
f 468 460 448 
f 462 461 449 
f 2666 1714 450 
f 450 1836 2578 
f 450 2578 2666 
f 451 491 1326 
f 493 458 452 
f 452 487 492 
f 452 492 493 
f 453 490 2517 
f 2533 490 453 
f 1503 534 453 
f 453 534 2533 
f 1840 1503 453 
f 1846 1840 453 
f 2517 1846 453 
f 1225 498 454 
f 454 498 2001 
f 1603 1225 454 
f 2001 1258 454 
f 455 465 499 
f 455 499 1225 
f 455 1225 1603 
f 1542 457 456 
f 456 457 1873 
f 1322 500 456 
f 456 500 1542 
f 501 466 457 
f 1542 501 457 
f 493 463 458 
f 458 463 1561 
f 459 1320 2251 
f 482 465 460 
f 460 468 482 
f 461 462 483 
f 461 483 1319 
f 461 1319 1601 
f 462 466 484 
f 484 483 462 
f 495 464 463 
f 463 493 494 
f 463 494 495 
f 495 467 464 
f 465 482 506 
f 506 499 465 
f 503 484 466 
f 466 501 507 
f 507 503 466 
f 497 468 467 
f 467 495 496 
f 467 496 497 
f 497 482 468 
f 516 474 469 
f 2017 516 469 
f 469 1422 2017 
f 517 472 470 
f 470 475 517 
f 2079 476 471 
f 471 476 2569 
f 471 518 1984 
f 2569 518 471 
f 471 1509 1948 
f 1984 1509 471 
f 471 1948 2079 
f 472 517 519 
f 472 519 1316 
f 472 1316 1466 
f 520 477 473 
f 1637 520 473 
f 473 1465 1637 
f 1857 1465 473 
f 521 480 474 
f 474 516 521 
f 475 481 522 
f 522 517 475 
f 2270 478 476 
f 476 478 2591 
f 476 2079 2270 
f 2591 2569 476 
f 526 479 477 
f 477 520 524 
f 477 524 526 
f 1921 485 478 
f 478 485 2591 
f 2621 1921 478 
f 478 2270 2621 
f 526 486 479 
f 531 487 480 
f 480 521 527 
f 480 527 531 
f 528 522 481 
f 1571 528 481 
f 2684 1571 481 
f 482 497 547 
f 547 506 482 
f 483 484 502 
f 483 502 1327 
f 1327 1319 483 
f 503 502 484 
f 2267 488 485 
f 485 488 2634 
f 485 1921 2267 
f 2634 2591 485 
f 1916 489 486 
f 486 526 1833 
f 486 1833 1916 
f 531 492 487 
f 2267 490 488 
f 488 490 2533 
f 2533 532 488 
f 488 532 2634 
f 1916 491 489 
f 490 2267 2578 
f 2578 2517 490 
f 491 535 1230 
f 1916 535 491 
f 491 1230 1326 
f 536 493 492 
f 492 531 536 
f 538 494 493 
f 493 536 538 
f 543 495 494 
f 494 538 543 
f 545 496 495 
f 495 543 544 
f 495 544 545 
f 545 497 496 
f 497 545 546 
f 497 546 547 
f 1266 600 498 
f 498 600 2001 
f 498 1225 1553 
f 1553 1266 498 
f 499 506 601 
f 499 601 1266 
f 1553 1225 499 
f 499 1266 1553 
f 1242 610 500 
f 500 610 1542 
f 1322 1242 500 
f 611 507 501 
f 1542 611 501 
f 502 503 548 
f 502 548 1327 
f 503 507 549 
f 549 548 503 
f 504 508 553 
f 1536 508 504 
f 1797 510 504 
f 504 510 2118 
f 553 551 504 
f 504 551 554 
f 504 554 1797 
f 2118 1536 504 
f 1312 509 505 
f 505 509 1536 
f 505 511 1313 
f 1518 511 505 
f 1313 1312 505 
f 1536 1518 505 
f 506 547 599 
f 506 599 601 
f 612 549 507 
f 507 611 612 
f 508 512 560 
f 1531 512 508 
f 560 553 508 
f 508 1520 1531 
f 1536 1520 508 
f 1312 513 509 
f 509 513 1531 
f 1531 1520 509 
f 509 1520 1536 
f 1797 514 510 
f 510 514 2118 
f 511 515 1313 
f 1518 515 511 
f 512 539 560 
f 1514 539 512 
f 1531 1514 512 
f 1232 540 513 
f 513 540 2536 
f 1312 1232 513 
f 2536 1531 513 
f 562 541 514 
f 514 541 1529 
f 1797 562 514 
f 514 1529 2118 
f 1529 542 515 
f 515 542 1608 
f 1608 1313 515 
f 515 1518 1529 
f 579 521 516 
f 580 579 516 
f 1417 580 516 
f 2017 1417 516 
f 629 519 517 
f 517 522 629 
f 2569 523 518 
f 518 523 2640 
f 2531 1984 518 
f 518 2141 2531 
f 2640 2141 518 
f 629 628 519 
f 519 628 1270 
f 519 1270 1316 
f 631 524 520 
f 2509 631 520 
f 520 1637 2509 
f 581 527 521 
f 521 579 581 
f 522 528 626 
f 522 626 629 
f 2569 525 523 
f 523 525 2644 
f 2644 2640 523 
f 1767 526 524 
f 631 630 524 
f 524 630 1767 
f 2591 529 525 
f 525 529 2635 
f 525 2569 2591 
f 2635 2632 525 
f 525 2632 2644 
f 1767 530 526 
f 526 530 1833 
f 587 531 527 
f 527 581 584 
f 527 584 587 
f 528 624 626 
f 1614 624 528 
f 528 1571 1614 
f 2634 532 529 
f 529 532 2635 
f 529 2591 2634 
f 530 533 1833 
f 2085 533 530 
f 530 1767 2529 
f 2529 2085 530 
f 587 536 531 
f 2533 534 532 
f 532 534 2633 
f 532 2633 2635 
f 1572 535 533 
f 533 535 1916 
f 2085 1572 533 
f 1916 1833 533 
f 534 1503 2606 
f 534 2606 2633 
f 1572 537 535 
f 535 537 1766 
f 1766 1230 535 
f 592 538 536 
f 536 587 589 
f 536 589 592 
f 1572 621 537 
f 537 621 1794 
f 1602 1496 537 
f 537 1496 1766 
f 1794 1602 537 
f 593 543 538 
f 538 592 593 
f 539 555 568 
f 1514 555 539 
f 564 560 539 
f 568 564 539 
f 1232 556 540 
f 540 556 2548 
f 2548 2536 540 
f 566 557 541 
f 541 557 1525 
f 541 562 566 
f 541 1525 1527 
f 541 1527 1529 
f 1525 558 542 
f 542 558 2550 
f 1527 1525 542 
f 1529 1527 542 
f 2550 1608 542 
f 593 544 543 
f 595 545 544 
f 544 593 594 
f 544 594 595 
f 596 546 545 
f 545 595 596 
f 596 547 546 
f 547 596 598 
f 547 598 599 
f 548 549 613 
f 548 613 1334 
f 1996 1327 548 
f 548 1334 1996 
f 549 612 614 
f 614 613 549 
f 1576 552 550 
f 550 552 1963 
f 550 561 1885 
f 1971 561 550 
f 1885 1576 550 
f 550 1963 1971 
f 551 553 1880 
f 2499 554 551 
f 1880 1584 551 
f 551 1584 2499 
f 1335 559 552 
f 552 559 1963 
f 1576 1335 552 
f 553 560 1337 
f 553 1337 1880 
f 554 562 1797 
f 2338 562 554 
f 2499 2338 554 
f 571 568 555 
f 1526 571 555 
f 555 1514 1526 
f 1891 572 556 
f 556 572 2548 
f 556 1232 1891 
f 557 566 570 
f 557 570 573 
f 557 573 1512 
f 557 1512 1525 
f 1512 574 558 
f 558 574 2550 
f 1525 1512 558 
f 1335 563 559 
f 559 563 1886 
f 559 1886 1963 
f 560 564 1337 
f 561 565 1622 
f 2693 565 561 
f 561 1583 1885 
f 2298 1583 561 
f 561 1622 2298 
f 1971 1709 561 
f 561 1709 2693 
f 2338 566 562 
f 1574 567 563 
f 563 567 1886 
f 563 1335 1574 
f 564 568 1582 
f 2092 1337 564 
f 564 1582 2092 
f 565 569 1593 
f 2693 569 565 
f 565 1593 1622 
f 2402 570 566 
f 566 2338 2402 
f 1683 575 567 
f 567 575 1886 
f 1574 1338 567 
f 567 1338 1683 
f 568 571 576 
f 568 576 1582 
f 569 577 1593 
f 2693 577 569 
f 578 573 570 
f 2194 578 570 
f 570 1596 2194 
f 2402 1596 570 
f 602 576 571 
f 1519 602 571 
f 1524 1519 571 
f 1526 1524 571 
f 572 603 1524 
f 2122 603 572 
f 572 1524 2548 
f 572 1891 2122 
f 573 578 608 
f 573 608 1512 
f 574 609 1328 
f 1512 609 574 
f 574 1328 2550 
f 1349 604 575 
f 575 604 2144 
f 1683 1349 575 
f 2144 1886 575 
f 576 602 605 
f 576 605 2519 
f 2519 1582 576 
f 1947 606 577 
f 577 606 2497 
f 2524 1593 577 
f 2693 1947 577 
f 577 2497 2524 
f 578 607 608 
f 2563 607 578 
f 578 2194 2563 
f 579 580 693 
f 688 581 579 
f 693 688 579 
f 1530 693 580 
f 1330 1329 580 
f 580 1329 1530 
f 1417 1330 580 
f 682 584 581 
f 688 682 581 
f 582 583 2613 
f 2640 583 582 
f 582 1478 2141 
f 2261 1478 582 
f 582 2141 2640 
f 2613 2261 582 
f 583 585 2630 
f 2644 585 583 
f 2630 2613 583 
f 583 2640 2644 
f 1343 587 584 
f 584 682 1343 
f 2632 586 585 
f 585 586 2678 
f 2678 2630 585 
f 2644 2632 585 
f 2633 588 586 
f 586 588 2678 
f 586 2632 2635 
f 2635 2633 586 
f 1343 589 587 
f 2400 590 588 
f 588 590 2642 
f 2633 2400 588 
f 588 2642 2678 
f 1343 592 589 
f 2572 591 590 
f 590 591 2575 
f 590 2400 2572 
f 590 2575 2642 
f 591 2100 2140 
f 2572 2100 591 
f 591 2140 2211 
f 591 2211 2575 
f 1343 593 592 
f 2052 594 593 
f 593 1343 2052 
f 597 595 594 
f 2052 597 594 
f 597 596 595 
f 596 597 598 
f 663 598 597 
f 1348 663 597 
f 2052 1348 597 
f 663 599 598 
f 651 601 599 
f 663 651 599 
f 600 708 1805 
f 1871 708 600 
f 600 1266 1604 
f 600 1604 1871 
f 600 1805 2001 
f 601 651 709 
f 601 709 1871 
f 1604 1266 601 
f 1871 1604 601 
f 633 605 602 
f 636 633 602 
f 1519 636 602 
f 603 637 1519 
f 2134 637 603 
f 603 1519 1524 
f 603 2122 2134 
f 1349 632 604 
f 604 632 2144 
f 605 633 2520 
f 2520 2519 605 
f 1617 634 606 
f 606 634 1903 
f 1970 1617 606 
f 606 1903 2497 
f 606 1947 1970 
f 635 608 607 
f 2223 635 607 
f 2563 2223 607 
f 608 635 638 
f 608 638 1528 
f 1528 1512 608 
f 609 639 1328 
f 1528 639 609 
f 609 1512 1528 
f 610 611 1542 
f 1866 611 610 
f 1241 710 610 
f 610 710 1866 
f 1242 1241 610 
f 652 612 611 
f 711 652 611 
f 1866 711 611 
f 664 614 612 
f 612 652 664 
f 613 614 615 
f 613 615 616 
f 613 616 617 
f 613 617 1334 
f 664 615 614 
f 666 616 615 
f 615 664 665 
f 615 665 666 
f 667 617 616 
f 616 666 667 
f 667 618 617 
f 617 618 1334 
f 673 619 618 
f 618 619 1614 
f 618 667 668 
f 618 668 673 
f 1614 1334 618 
f 673 620 619 
f 619 620 1614 
f 675 622 620 
f 620 622 1614 
f 620 673 675 
f 621 623 678 
f 1572 623 621 
f 621 678 1634 
f 621 1634 1794 
f 683 624 622 
f 622 624 1614 
f 622 675 679 
f 622 679 683 
f 623 625 678 
f 2529 625 623 
f 623 1572 2085 
f 623 2085 2529 
f 683 626 624 
f 625 627 2046 
f 2529 627 625 
f 681 678 625 
f 2191 681 625 
f 625 2046 2191 
f 689 629 626 
f 626 683 689 
f 1767 630 627 
f 627 630 2335 
f 2529 1767 627 
f 2335 2046 627 
f 628 629 691 
f 628 691 2014 
f 628 1247 1270 
f 2014 1247 628 
f 629 689 694 
f 694 691 629 
f 630 631 2335 
f 631 1467 1754 
f 2509 1467 631 
f 631 1754 2335 
f 2115 640 632 
f 632 640 2144 
f 632 1349 2115 
f 633 636 641 
f 633 641 1618 
f 633 1618 2520 
f 634 642 1353 
f 2126 642 634 
f 634 1353 1903 
f 634 1617 2126 
f 643 638 635 
f 1356 643 635 
f 2670 1356 635 
f 635 2223 2670 
f 653 641 636 
f 1535 653 636 
f 636 1519 1537 
f 1537 1535 636 
f 637 654 1535 
f 1914 654 637 
f 1537 1519 637 
f 637 1535 1537 
f 2134 1914 637 
f 638 643 655 
f 638 655 1522 
f 638 1522 1539 
f 1539 1528 638 
f 1539 656 639 
f 639 656 2671 
f 2671 1328 639 
f 639 1528 1539 
f 1362 644 640 
f 640 644 1764 
f 1610 1362 640 
f 2115 1610 640 
f 640 1764 2144 
f 669 645 641 
f 641 645 1364 
f 641 653 669 
f 1364 1363 641 
f 641 1363 1618 
f 642 646 1353 
f 2126 646 642 
f 643 647 655 
f 2406 647 643 
f 643 1356 2406 
f 1362 648 644 
f 644 648 2345 
f 2345 1764 644 
f 669 649 645 
f 645 649 1360 
f 645 1360 1364 
f 2126 659 646 
f 646 659 2312 
f 1919 1353 646 
f 2203 1919 646 
f 2312 2203 646 
f 647 650 671 
f 2406 650 647 
f 671 655 647 
f 1362 657 648 
f 648 657 2166 
f 648 2166 2345 
f 699 658 649 
f 649 658 1360 
f 649 669 695 
f 649 695 699 
f 650 660 701 
f 2579 660 650 
f 697 671 650 
f 701 697 650 
f 650 2406 2579 
f 651 663 706 
f 651 706 716 
f 716 709 651 
f 707 664 652 
f 717 707 652 
f 652 711 717 
f 1543 669 653 
f 653 1535 1543 
f 654 670 1543 
f 2089 670 654 
f 1543 1535 654 
f 654 1914 2089 
f 655 671 1522 
f 1522 672 656 
f 656 672 2551 
f 1539 1522 656 
f 656 2551 2671 
f 1935 661 657 
f 657 661 2166 
f 657 1362 1935 
f 703 662 658 
f 658 662 1940 
f 658 699 703 
f 1940 1360 658 
f 2628 661 659 
f 659 661 2695 
f 659 2126 2628 
f 2695 2312 659 
f 660 662 703 
f 2218 662 660 
f 703 701 660 
f 660 2217 2218 
f 2579 2217 660 
f 661 1935 2695 
f 2628 2166 661 
f 2218 1940 662 
f 1348 706 663 
f 712 665 664 
f 664 707 712 
f 712 666 665 
f 714 667 666 
f 666 712 713 
f 666 713 714 
f 714 668 667 
f 715 673 668 
f 668 714 715 
f 1513 695 669 
f 1543 1513 669 
f 670 696 1513 
f 2089 696 670 
f 670 1513 1543 
f 671 697 1515 
f 671 1515 1522 
f 1515 698 672 
f 672 698 1609 
f 1522 1515 672 
f 672 1609 2551 
f 720 675 673 
f 673 715 718 
f 673 718 720 
f 1615 676 674 
f 674 676 2233 
f 674 1475 1677 
f 1821 1475 674 
f 1650 1615 674 
f 1677 1650 674 
f 2233 1821 674 
f 724 679 675 
f 675 720 724 
f 2004 723 676 
f 676 723 2233 
f 676 1615 1641 
f 676 1641 2004 
f 2549 680 677 
f 677 680 2642 
f 2575 2234 677 
f 677 2234 2641 
f 2641 2549 677 
f 2642 2575 677 
f 678 681 2051 
f 678 1615 1634 
f 2051 1615 678 
f 730 683 679 
f 679 724 730 
f 2549 684 680 
f 680 684 2672 
f 2672 2630 680 
f 680 2630 2678 
f 2678 2642 680 
f 681 685 2159 
f 2191 685 681 
f 681 1641 2051 
f 2159 1641 681 
f 682 688 729 
f 682 729 2600 
f 1344 1343 682 
f 2600 1344 682 
f 730 689 683 
f 2614 686 684 
f 684 686 2672 
f 684 2549 2596 
f 2596 2589 684 
f 684 2589 2614 
f 685 687 1810 
f 2191 687 685 
f 685 1810 2101 
f 685 2101 2159 
f 686 690 2613 
f 2614 690 686 
f 686 2613 2630 
f 686 2630 2672 
f 1754 692 687 
f 687 692 1810 
f 2335 1754 687 
f 687 2191 2335 
f 688 693 735 
f 735 729 688 
f 736 694 689 
f 689 730 736 
f 2157 1477 690 
f 690 1477 2261 
f 2614 2157 690 
f 690 2261 2613 
f 691 694 738 
f 691 738 2033 
f 2033 2014 691 
f 692 1449 1590 
f 1754 1449 692 
f 692 1590 1961 
f 1961 1810 692 
f 739 735 693 
f 2022 739 693 
f 693 1530 2022 
f 694 736 740 
f 740 738 694 
f 2599 699 695 
f 695 1513 2599 
f 1371 700 696 
f 696 700 1521 
f 2089 1371 696 
f 1521 1513 696 
f 697 701 2095 
f 2095 1515 697 
f 1552 702 698 
f 698 702 1609 
f 698 1515 1517 
f 698 1517 1552 
f 2599 703 699 
f 1371 704 700 
f 700 704 1521 
f 701 703 1954 
f 701 1954 2095 
f 702 704 1371 
f 1534 704 702 
f 702 1371 1609 
f 1552 1534 702 
f 1966 1954 703 
f 2599 1966 703 
f 1534 1521 704 
f 728 706 705 
f 705 706 1348 
f 705 727 728 
f 1345 727 705 
f 1348 1345 705 
f 728 716 706 
f 741 712 707 
f 707 717 748 
f 748 741 707 
f 708 709 1869 
f 1871 709 708 
f 708 750 1333 
f 1869 750 708 
f 708 1333 1805 
f 709 716 751 
f 709 751 1869 
f 753 711 710 
f 710 711 1866 
f 710 752 753 
f 1224 752 710 
f 1241 1224 710 
f 753 717 711 
f 742 713 712 
f 712 741 742 
f 742 714 713 
f 744 715 714 
f 714 742 743 
f 714 743 744 
f 749 718 715 
f 715 744 749 
f 716 728 746 
f 716 746 763 
f 763 751 716 
f 764 748 717 
f 717 753 764 
f 755 720 718 
f 718 749 755 
f 2127 1798 719 
f 719 1798 2302 
f 719 2098 2127 
f 2601 2098 719 
f 719 2302 2677 
f 2677 2601 719 
f 762 724 720 
f 720 755 762 
f 721 722 2641 
f 2663 722 721 
f 721 1630 2098 
f 2234 1630 721 
f 721 2098 2601 
f 2641 2234 721 
f 721 2601 2663 
f 2619 725 722 
f 722 725 2641 
f 2663 2619 722 
f 723 726 2117 
f 2220 726 723 
f 723 2004 2220 
f 723 2117 2233 
f 762 730 724 
f 725 731 2596 
f 2597 731 725 
f 2596 2058 725 
f 725 2058 2641 
f 2619 2597 725 
f 1920 732 726 
f 726 732 2160 
f 2220 1920 726 
f 2160 2117 726 
f 746 728 727 
f 727 745 746 
f 2680 745 727 
f 1345 1246 727 
f 727 1246 2680 
f 729 735 773 
f 773 767 729 
f 729 767 2600 
f 774 736 730 
f 730 762 768 
f 730 768 774 
f 2587 733 731 
f 731 733 2589 
f 2597 2587 731 
f 731 2589 2596 
f 1920 734 732 
f 732 734 2024 
f 732 2024 2161 
f 2161 2160 732 
f 2584 737 733 
f 733 737 2614 
f 2587 2584 733 
f 2614 2589 733 
f 734 1377 1960 
f 1961 1377 734 
f 1920 1810 734 
f 734 1810 1961 
f 734 1960 2024 
f 735 739 773 
f 774 740 736 
f 737 2136 2501 
f 2584 2136 737 
f 2501 2157 737 
f 737 2157 2614 
f 738 740 776 
f 738 776 2025 
f 738 2025 2033 
f 778 773 739 
f 1381 778 739 
f 2022 1381 739 
f 740 774 779 
f 779 776 740 
f 759 742 741 
f 741 748 759 
f 781 743 742 
f 742 759 781 
f 786 744 743 
f 743 781 786 
f 791 749 744 
f 744 786 788 
f 744 788 791 
f 758 746 745 
f 780 758 745 
f 785 780 745 
f 2680 785 745 
f 746 758 782 
f 782 763 746 
f 759 748 747 
f 747 748 783 
f 781 759 747 
f 786 781 747 
f 747 783 1652 
f 1652 786 747 
f 748 764 784 
f 784 783 748 
f 791 755 749 
f 1869 751 750 
f 750 751 1876 
f 750 806 1380 
f 1876 806 750 
f 1380 1333 750 
f 751 763 814 
f 814 807 751 
f 751 807 1876 
f 1875 753 752 
f 1309 808 752 
f 752 808 1875 
f 752 1224 1309 
f 815 764 753 
f 753 809 815 
f 1875 809 753 
f 754 757 1646 
f 1821 757 754 
f 1646 795 754 
f 754 795 2061 
f 754 1659 1804 
f 2061 1659 754 
f 754 1804 1821 
f 803 762 755 
f 755 791 1657 
f 1657 803 755 
f 2562 760 756 
f 756 760 2677 
f 2302 1625 756 
f 756 1625 2562 
f 2677 2302 756 
f 757 761 1646 
f 1992 761 757 
f 757 1821 2066 
f 2066 1992 757 
f 758 780 796 
f 789 782 758 
f 796 789 758 
f 760 765 2523 
f 2627 765 760 
f 760 2523 2677 
f 2562 2554 760 
f 760 2554 2627 
f 761 766 801 
f 1992 766 761 
f 761 801 1646 
f 803 768 762 
f 763 782 797 
f 763 797 814 
f 799 784 764 
f 815 799 764 
f 2570 769 765 
f 765 769 2619 
f 2619 2523 765 
f 2627 2570 765 
f 766 770 1942 
f 2161 770 766 
f 805 801 766 
f 1942 805 766 
f 766 1992 2160 
f 766 2160 2161 
f 767 773 818 
f 818 810 767 
f 767 810 2139 
f 2139 1246 767 
f 767 1246 2600 
f 819 774 768 
f 768 803 811 
f 768 811 819 
f 2570 771 769 
f 769 771 2587 
f 769 2587 2597 
f 769 2597 2619 
f 770 772 1760 
f 2024 772 770 
f 770 1760 1942 
f 2161 2024 770 
f 771 775 2584 
f 2656 775 771 
f 2570 2339 771 
f 771 2339 2656 
f 771 2584 2587 
f 772 777 1760 
f 1960 777 772 
f 2024 1960 772 
f 773 778 818 
f 819 779 774 
f 2069 1385 775 
f 775 1385 2136 
f 2656 2069 775 
f 775 2136 2584 
f 776 779 821 
f 776 821 1665 
f 776 1665 2025 
f 1960 1563 777 
f 777 1563 2516 
f 777 1757 1760 
f 1915 1757 777 
f 2516 1915 777 
f 823 818 778 
f 1381 823 778 
f 779 819 824 
f 824 821 779 
f 780 785 825 
f 825 796 780 
f 782 789 826 
f 826 797 782 
f 783 784 798 
f 783 798 1384 
f 783 1384 2124 
f 2124 1652 783 
f 799 798 784 
f 785 787 825 
f 2680 787 785 
f 1652 788 786 
f 787 790 827 
f 2139 790 787 
f 827 825 787 
f 2680 2139 787 
f 1652 791 788 
f 789 796 826 
f 790 793 834 
f 2139 793 790 
f 831 827 790 
f 834 831 790 
f 791 1652 1657 
f 792 794 1625 
f 2669 794 792 
f 792 1625 1748 
f 2649 1654 792 
f 792 1654 2669 
f 792 1748 2649 
f 793 802 839 
f 2139 802 793 
f 839 834 793 
f 794 800 2562 
f 2669 800 794 
f 2562 1625 794 
f 1646 801 795 
f 795 801 1712 
f 1712 835 795 
f 795 835 2061 
f 796 825 840 
f 832 826 796 
f 840 832 796 
f 851 814 797 
f 797 826 838 
f 797 838 851 
f 798 799 828 
f 798 828 1384 
f 799 815 829 
f 829 828 799 
f 2090 804 800 
f 800 804 2554 
f 2091 2090 800 
f 2669 2091 800 
f 800 2554 2562 
f 801 805 1827 
f 1827 1712 801 
f 802 810 839 
f 2139 810 802 
f 1658 811 803 
f 803 1657 1658 
f 804 812 2627 
f 2674 812 804 
f 804 2090 2674 
f 2627 2554 804 
f 805 813 1827 
f 1942 813 805 
f 806 807 1860 
f 1876 807 806 
f 806 841 1380 
f 1860 841 806 
f 807 814 830 
f 807 830 842 
f 807 842 1860 
f 1864 809 808 
f 808 809 1875 
f 1389 843 808 
f 808 843 1864 
f 808 1309 1389 
f 847 815 809 
f 809 844 847 
f 1864 844 809 
f 810 818 858 
f 848 839 810 
f 858 848 810 
f 859 819 811 
f 811 849 859 
f 1658 849 811 
f 812 816 2570 
f 2674 816 812 
f 812 2570 2627 
f 813 817 857 
f 1942 817 813 
f 857 855 813 
f 813 855 1827 
f 851 830 814 
f 853 829 815 
f 815 847 874 
f 874 853 815 
f 2611 820 816 
f 816 820 2656 
f 816 2339 2570 
f 2656 2339 816 
f 816 2537 2611 
f 2674 2537 816 
f 817 822 857 
f 1760 822 817 
f 1942 1760 817 
f 818 823 858 
f 859 824 819 
f 820 1901 2355 
f 2611 1901 820 
f 2355 2069 820 
f 820 2069 2656 
f 821 824 865 
f 865 862 821 
f 821 862 1665 
f 863 857 822 
f 1997 863 822 
f 1915 1667 822 
f 822 1667 1997 
f 1760 1757 822 
f 822 1757 1915 
f 864 858 823 
f 823 860 864 
f 1664 860 823 
f 823 1381 1664 
f 824 859 865 
f 825 827 840 
f 826 832 867 
f 867 838 826 
f 827 831 866 
f 866 840 827 
f 828 829 852 
f 828 852 1391 
f 1391 1384 828 
f 853 852 829 
f 868 842 830 
f 830 851 873 
f 873 868 830 
f 831 834 882 
f 869 866 831 
f 882 869 831 
f 832 840 867 
f 833 835 884 
f 2061 835 833 
f 833 884 2527 
f 1853 1659 833 
f 833 1659 2061 
f 2527 1853 833 
f 834 839 882 
f 835 837 884 
f 1712 837 835 
f 836 845 2650 
f 2651 845 836 
f 2647 1654 836 
f 836 1654 2681 
f 836 1706 1708 
f 2681 1706 836 
f 836 1708 2651 
f 2650 2647 836 
f 1712 846 837 
f 837 846 2067 
f 889 884 837 
f 892 889 837 
f 2067 892 837 
f 870 851 838 
f 838 867 870 
f 839 848 895 
f 890 882 839 
f 895 890 839 
f 840 866 900 
f 881 867 840 
f 900 881 840 
f 841 842 877 
f 1860 842 841 
f 841 877 1388 
f 1388 1380 841 
f 842 868 906 
f 878 877 842 
f 906 878 842 
f 843 844 1864 
f 1867 844 843 
f 1340 879 843 
f 843 879 1867 
f 1389 1340 843 
f 885 847 844 
f 844 880 907 
f 1867 880 844 
f 907 885 844 
f 2592 854 845 
f 845 854 2650 
f 2651 2592 845 
f 1827 855 846 
f 846 855 2053 
f 846 1712 1827 
f 846 2053 2067 
f 899 874 847 
f 847 885 899 
f 848 858 908 
f 908 895 848 
f 909 859 849 
f 849 896 909 
f 1386 896 849 
f 1658 1386 849 
f 850 851 870 
f 872 851 850 
f 850 870 893 
f 1581 872 850 
f 850 893 1607 
f 850 1228 1581 
f 1607 1228 850 
f 851 872 873 
f 852 853 871 
f 852 871 894 
f 852 894 918 
f 852 918 1674 
f 1674 1391 852 
f 874 871 853 
f 854 856 2537 
f 2592 856 854 
f 854 2537 2674 
f 2674 2650 854 
f 855 857 1927 
f 855 1927 2053 
f 856 861 2537 
f 2604 861 856 
f 2592 904 856 
f 856 904 2604 
f 857 863 1927 
f 858 864 914 
f 914 908 858 
f 915 865 859 
f 859 909 915 
f 914 864 860 
f 860 910 914 
f 1372 910 860 
f 860 1274 1372 
f 1664 1274 860 
f 861 1672 2299 
f 2604 1672 861 
f 2299 1901 861 
f 861 1901 2611 
f 2611 2537 861 
f 862 865 915 
f 915 912 862 
f 862 912 2029 
f 1666 1665 862 
f 2029 1666 862 
f 1788 1701 863 
f 863 1701 1927 
f 1997 1788 863 
f 866 869 900 
f 893 870 867 
f 867 881 917 
f 917 893 867 
f 868 873 898 
f 868 898 920 
f 930 906 868 
f 868 920 930 
f 869 882 925 
f 916 900 869 
f 925 916 869 
f 871 874 903 
f 923 894 871 
f 871 903 923 
f 897 873 872 
f 1397 897 872 
f 1581 1397 872 
f 873 897 898 
f 874 899 924 
f 924 903 874 
f 875 883 1562 
f 1670 883 875 
f 1655 926 875 
f 875 926 1670 
f 1562 1215 875 
f 875 1215 1675 
f 1675 1655 875 
f 2527 884 876 
f 876 884 2654 
f 876 927 2047 
f 2654 927 876 
f 1981 1853 876 
f 876 1853 2527 
f 2047 1981 876 
f 877 878 1235 
f 1235 886 877 
f 877 886 1585 
f 1585 1388 877 
f 921 887 878 
f 878 887 1235 
f 878 906 921 
f 879 880 1867 
f 1872 880 879 
f 1585 886 879 
f 879 886 1872 
f 879 1340 1585 
f 880 887 922 
f 1872 887 880 
f 922 907 880 
f 881 900 917 
f 882 890 925 
f 1670 888 883 
f 883 888 1708 
f 1706 1562 883 
f 1708 1706 883 
f 884 889 2654 
f 932 899 885 
f 885 907 932 
f 1235 887 886 
f 886 887 1872 
f 887 921 928 
f 928 922 887 
f 888 891 1708 
f 2568 891 888 
f 888 1670 2683 
f 2683 2568 888 
f 889 892 2643 
f 889 2643 2654 
f 890 895 937 
f 937 925 890 
f 1713 901 891 
f 891 901 2592 
f 2651 1708 891 
f 2568 1713 891 
f 891 2592 2651 
f 2067 902 892 
f 892 902 2534 
f 892 2534 2567 
f 892 2567 2643 
f 893 917 1607 
f 952 918 894 
f 894 923 952 
f 895 908 950 
f 940 937 895 
f 950 940 895 
f 951 909 896 
f 896 941 951 
f 2073 941 896 
f 896 1386 2073 
f 919 898 897 
f 1987 919 897 
f 897 1397 1987 
f 898 919 920 
f 947 924 899 
f 899 932 947 
f 900 916 959 
f 935 917 900 
f 959 935 900 
f 1713 904 901 
f 901 904 2592 
f 1927 905 902 
f 902 905 2559 
f 2053 1927 902 
f 2067 2053 902 
f 2559 2534 902 
f 961 923 903 
f 903 924 961 
f 2556 911 904 
f 904 911 2604 
f 904 1713 2556 
f 1927 913 905 
f 905 913 2559 
f 944 921 906 
f 906 930 944 
f 907 922 946 
f 946 932 907 
f 908 914 957 
f 957 950 908 
f 958 915 909 
f 909 951 958 
f 953 914 910 
f 1372 953 910 
f 1679 1672 911 
f 911 1672 2604 
f 2075 1679 911 
f 2556 2075 911 
f 912 915 955 
f 912 955 2032 
f 2032 2029 912 
f 913 1701 1788 
f 1927 1701 913 
f 913 1788 2504 
f 2521 2080 913 
f 913 2080 2559 
f 913 2504 2521 
f 914 953 957 
f 958 955 915 
f 916 925 959 
f 917 935 2149 
f 2149 1607 917 
f 976 936 918 
f 918 936 1674 
f 918 952 976 
f 929 920 919 
f 1987 929 919 
f 920 929 930 
f 962 928 921 
f 921 944 962 
f 922 928 968 
f 964 946 922 
f 968 964 922 
f 961 952 923 
f 924 947 961 
f 925 937 981 
f 973 959 925 
f 981 973 925 
f 978 933 926 
f 926 933 1670 
f 2099 978 926 
f 926 1655 2099 
f 2654 934 927 
f 927 934 2665 
f 2652 2047 927 
f 2665 2652 927 
f 928 962 970 
f 970 968 928 
f 971 930 929 
f 1002 971 929 
f 1019 1002 929 
f 1692 1019 929 
f 1987 1692 929 
f 971 944 930 
f 931 932 946 
f 972 932 931 
f 946 945 931 
f 931 945 1398 
f 1003 972 931 
f 1020 1003 931 
f 1631 1020 931 
f 931 1398 1631 
f 972 947 932 
f 2673 938 933 
f 933 938 2683 
f 933 978 2673 
f 2683 1670 933 
f 2643 939 934 
f 934 939 2665 
f 2654 2643 934 
f 935 959 2149 
f 976 960 936 
f 936 960 1674 
f 937 940 986 
f 986 981 937 
f 938 942 1713 
f 2673 942 938 
f 938 1713 2568 
f 938 2568 2683 
f 939 943 2664 
f 2668 943 939 
f 2567 2534 939 
f 939 2534 2668 
f 2643 2567 939 
f 939 2664 2665 
f 940 950 994 
f 994 986 940 
f 995 951 941 
f 941 987 995 
f 1400 987 941 
f 941 1391 1400 
f 2073 1391 941 
f 942 948 1713 
f 2595 948 942 
f 2617 2595 942 
f 2673 2617 942 
f 2668 949 943 
f 943 949 2676 
f 2676 2664 943 
f 991 962 944 
f 944 971 983 
f 944 983 991 
f 945 946 964 
f 964 963 945 
f 945 963 1973 
f 1973 1398 945 
f 977 961 947 
f 947 972 1003 
f 1003 977 947 
f 948 954 2075 
f 2580 954 948 
f 2556 1713 948 
f 948 2075 2556 
f 2595 2580 948 
f 2559 956 949 
f 949 956 2608 
f 2668 2559 949 
f 949 2608 2660 
f 949 2660 2676 
f 950 957 994 
f 1001 958 951 
f 951 995 1001 
f 952 961 980 
f 980 976 952 
f 996 957 953 
f 1463 996 953 
f 953 1372 1676 
f 1676 1463 953 
f 954 1679 2075 
f 2231 1679 954 
f 2295 2231 954 
f 2580 2295 954 
f 955 958 998 
f 955 998 2032 
f 956 1902 2296 
f 2521 1902 956 
f 956 2080 2521 
f 2559 2080 956 
f 956 2296 2608 
f 1000 994 957 
f 957 996 1000 
f 1001 998 958 
f 959 973 2149 
f 988 974 960 
f 960 974 1674 
f 960 976 988 
f 961 977 1007 
f 1007 980 961 
f 1004 970 962 
f 962 991 1004 
f 963 964 967 
f 963 967 1973 
f 968 967 964 
f 1009 975 965 
f 965 975 1655 
f 1738 1009 965 
f 965 1395 1738 
f 2225 1395 965 
f 965 1655 2225 
f 2193 1010 966 
f 966 1010 2518 
f 1662 1573 966 
f 966 1573 2193 
f 2249 1662 966 
f 2518 2249 966 
f 967 968 969 
f 967 969 1680 
f 1680 1399 967 
f 967 1399 1973 
f 970 969 968 
f 969 970 1005 
f 969 1005 1028 
f 969 1028 1056 
f 969 1056 1680 
f 970 1004 1005 
f 1002 983 971 
f 973 981 1673 
f 973 1673 2149 
f 1008 982 974 
f 974 982 1400 
f 974 988 1008 
f 974 1400 1674 
f 2072 978 975 
f 975 978 2099 
f 975 1009 1012 
f 975 1012 2072 
f 2099 1655 975 
f 976 980 1006 
f 1015 988 976 
f 976 1006 1015 
f 977 1003 1020 
f 1020 1007 977 
f 2072 984 978 
f 978 984 2673 
f 979 2056 2525 
f 2664 2056 979 
f 979 2525 2546 
f 979 2546 2652 
f 979 2652 2665 
f 2665 2664 979 
f 1023 1006 980 
f 980 1007 1023 
f 981 986 1673 
f 1014 987 982 
f 982 987 1400 
f 982 1008 1014 
f 1011 991 983 
f 983 1002 1011 
f 1016 989 984 
f 984 989 2617 
f 2072 1016 984 
f 984 2617 2673 
f 2056 990 985 
f 985 990 2612 
f 2525 2056 985 
f 2577 2525 985 
f 2612 2577 985 
f 986 994 1031 
f 1031 1021 986 
f 986 1021 1673 
f 1032 995 987 
f 987 1014 1022 
f 987 1022 1032 
f 1015 1008 988 
f 2594 992 989 
f 989 992 2617 
f 989 1016 2648 
f 2648 2594 989 
f 990 993 2612 
f 2660 993 990 
f 990 2056 2676 
f 2676 2660 990 
f 1027 1004 991 
f 991 1011 1018 
f 991 1018 1027 
f 992 997 2580 
f 2594 997 992 
f 992 2580 2595 
f 992 2595 2617 
f 993 999 2607 
f 2660 999 993 
f 2607 2560 993 
f 993 2560 2612 
f 994 1000 1031 
f 1032 1001 995 
f 1033 1000 996 
f 1463 1033 996 
f 997 1034 1544 
f 2594 1034 997 
f 997 1544 2508 
f 2508 2295 997 
f 997 2295 2580 
f 998 1001 1035 
f 998 1035 1354 
f 998 1354 2032 
f 999 2296 2503 
f 2608 2296 999 
f 999 2503 2526 
f 999 2526 2607 
f 2660 2608 999 
f 1037 1031 1000 
f 1000 1033 1037 
f 1001 1032 1038 
f 1038 1035 1001 
f 1042 1011 1002 
f 1002 1019 1042 
f 1027 1005 1004 
f 1005 1027 1028 
f 1043 1015 1006 
f 1006 1023 1043 
f 1007 1020 1023 
f 1048 1014 1008 
f 1008 1015 1039 
f 1008 1039 1048 
f 2000 1012 1009 
f 1009 1738 1897 
f 1009 1897 2000 
f 1010 1013 2620 
f 2653 1013 1010 
f 1010 2193 2653 
f 2620 2518 1010 
f 1042 1018 1011 
f 1806 1016 1012 
f 1012 1016 2072 
f 2000 1806 1012 
f 2577 1017 1013 
f 1013 1017 2620 
f 1013 2525 2577 
f 2653 2525 1013 
f 1055 1022 1014 
f 1014 1048 1055 
f 1043 1039 1015 
f 1806 1024 1016 
f 1016 1024 2648 
f 1017 1025 1978 
f 2577 1025 1017 
f 1017 1978 2366 
f 1017 2366 2620 
f 1053 1027 1018 
f 1018 1042 1049 
f 1018 1049 1053 
f 1046 1042 1019 
f 1692 1046 1019 
f 1047 1023 1020 
f 1631 1047 1020 
f 1021 1031 1065 
f 1065 1054 1021 
f 1021 1054 1323 
f 1021 1323 1393 
f 1021 1393 1673 
f 1066 1032 1022 
f 1022 1055 1066 
f 1074 1043 1023 
f 1023 1047 1074 
f 1061 1029 1024 
f 1024 1029 2594 
f 1024 1051 1057 
f 1806 1051 1024 
f 1024 1057 1061 
f 1024 2594 2648 
f 1025 1030 1978 
f 2560 1030 1025 
f 2612 2560 1025 
f 1025 2577 2612 
f 1026 1040 1484 
f 2401 1040 1026 
f 2152 1063 1026 
f 1026 1063 2401 
f 1484 1395 1026 
f 1026 1395 1784 
f 1026 1784 2152 
f 1056 1028 1027 
f 1027 1053 1056 
f 1061 1034 1029 
f 1029 1034 2594 
f 1030 1036 2015 
f 2560 1036 1030 
f 2135 1978 1030 
f 1030 2015 2135 
f 1031 1037 1071 
f 1071 1065 1031 
f 1066 1038 1032 
f 1067 1037 1033 
f 1451 1067 1033 
f 2039 1451 1033 
f 1033 1463 2039 
f 1034 1061 1068 
f 1034 1068 2513 
f 2513 1544 1034 
f 1035 1038 1069 
f 1035 1069 2037 
f 2038 1354 1035 
f 1035 2037 2038 
f 1036 1633 2015 
f 2526 1633 1036 
f 2607 2526 1036 
f 1036 2560 2607 
f 1037 1067 1071 
f 1038 1066 1072 
f 1072 1069 1038 
f 1039 1043 1059 
f 1059 1048 1039 
f 1040 1044 1897 
f 2316 1044 1040 
f 1897 1484 1040 
f 2401 2316 1040 
f 2518 1045 1041 
f 1041 1045 2646 
f 1041 1771 2249 
f 2289 1771 1041 
f 1041 2249 2518 
f 2646 2289 1041 
f 1042 1046 1060 
f 1077 1049 1042 
f 1042 1060 1077 
f 1074 1059 1043 
f 1967 1051 1044 
f 1044 1051 2000 
f 2000 1897 1044 
f 2316 1967 1044 
f 2620 1052 1045 
f 1045 1052 2629 
f 1045 2518 2620 
f 1045 2629 2646 
f 1073 1060 1046 
f 1692 1073 1046 
f 1631 1074 1047 
f 1088 1055 1048 
f 1048 1059 1079 
f 1048 1079 1088 
f 1077 1053 1049 
f 1050 1064 1689 
f 2182 1064 1050 
f 1689 1090 1050 
f 1050 1090 1777 
f 1050 1777 2199 
f 1050 2093 2182 
f 2199 2093 1050 
f 1878 1057 1051 
f 1051 1806 2000 
f 1967 1878 1051 
f 2366 1058 1052 
f 1052 1058 2629 
f 2620 2366 1052 
f 1080 1056 1053 
f 1053 1077 1080 
f 1054 1065 1095 
f 1095 1087 1054 
f 1054 1087 1986 
f 1986 1323 1054 
f 1096 1066 1055 
f 1055 1088 1096 
f 1056 1080 1083 
f 1056 1083 1680 
f 1983 1061 1057 
f 1057 1878 1983 
f 2135 1062 1058 
f 1058 1062 2573 
f 1058 1978 2135 
f 2366 1978 1058 
f 1058 2573 2629 
f 1059 1074 1086 
f 1086 1079 1059 
f 1060 1073 1084 
f 1084 1077 1060 
f 1983 1068 1061 
f 2135 1070 1062 
f 1062 1070 2574 
f 2574 2573 1062 
f 1063 1075 2401 
f 2636 1075 1063 
f 1063 2152 2645 
f 2655 2636 1063 
f 1063 2645 2655 
f 1064 1076 1689 
f 2646 1076 1064 
f 2182 1771 1064 
f 1064 1771 2289 
f 1064 2289 2646 
f 1065 1071 1103 
f 1103 1095 1065 
f 1096 1072 1066 
f 1103 1071 1067 
f 1067 1099 1103 
f 1366 1099 1067 
f 1570 1366 1067 
f 1067 1451 1570 
f 1068 1983 2006 
f 1068 2006 2512 
f 1068 2512 2513 
f 1069 1072 1101 
f 1069 1101 2037 
f 1070 1979 2078 
f 2176 1979 1070 
f 2135 2015 1070 
f 1070 2015 2176 
f 1070 2078 2574 
f 1072 1096 1104 
f 1104 1101 1072 
f 1110 1084 1073 
f 1073 1085 1110 
f 1692 1085 1073 
f 1985 1086 1074 
f 1074 1631 1985 
f 1075 1081 2316 
f 2603 1081 1075 
f 1075 2316 2401 
f 2636 2603 1075 
f 2629 1082 1076 
f 1076 1082 2659 
f 2659 1689 1076 
f 2646 2629 1076 
f 1107 1080 1077 
f 1077 1084 1107 
f 1078 1089 2645 
f 2667 1089 1078 
f 1504 1111 1078 
f 1078 1111 2667 
f 1078 1401 1504 
f 1605 1401 1078 
f 2645 1605 1078 
f 1079 1086 1109 
f 1118 1088 1079 
f 1079 1109 1118 
f 1113 1083 1080 
f 1080 1107 1113 
f 1081 1091 1878 
f 2603 1091 1081 
f 1081 1878 1967 
f 1081 1967 2316 
f 2573 1092 1082 
f 1082 1092 2622 
f 2622 2502 1082 
f 1082 2502 2659 
f 2629 2573 1082 
f 1083 1113 1116 
f 1083 1116 1680 
f 1123 1107 1084 
f 1084 1110 1123 
f 1085 1108 1110 
f 1694 1108 1085 
f 1085 1692 1694 
f 1409 1109 1086 
f 1985 1409 1086 
f 1087 1095 1126 
f 1126 1117 1087 
f 1087 1117 1694 
f 1087 1694 1986 
f 1127 1096 1088 
f 1088 1118 1127 
f 1089 1105 2655 
f 2667 1105 1089 
f 2655 2645 1089 
f 1689 1106 1090 
f 1090 1106 2598 
f 2446 1777 1090 
f 2598 2446 1090 
f 1091 1093 1878 
f 2542 1093 1091 
f 2658 2542 1091 
f 2603 2564 1091 
f 1091 2564 2658 
f 2573 1094 1092 
f 1092 1094 2622 
f 1093 1100 2006 
f 2542 1100 1093 
f 1983 1878 1093 
f 2006 1983 1093 
f 2574 1102 1094 
f 1094 1102 2602 
f 1094 2573 2574 
f 1094 2602 2639 
f 2639 2622 1094 
f 1095 1103 1126 
f 1127 1104 1096 
f 1097 1452 1839 
f 2120 1452 1097 
f 1097 1839 1868 
f 1097 1868 2222 
f 2210 2120 1097 
f 2222 2210 1097 
f 2185 1112 1098 
f 1098 1112 2565 
f 1098 1129 1828 
f 2565 1129 1098 
f 1098 1828 2256 
f 2212 2185 1098 
f 2256 2212 1098 
f 1134 1103 1099 
f 1698 1134 1099 
f 1099 1366 1698 
f 1100 1578 2512 
f 2610 1578 1100 
f 2512 2006 1100 
f 1100 2542 2610 
f 1101 1104 1132 
f 1101 1132 1703 
f 1101 1703 1993 
f 1101 1993 2037 
f 1979 1928 1102 
f 1102 1928 2219 
f 2078 1979 1102 
f 2574 2078 1102 
f 1102 2219 2602 
f 1134 1126 1103 
f 1104 1127 1135 
f 1135 1132 1104 
f 2102 1114 1105 
f 1105 1114 2564 
f 2667 2102 1105 
f 1105 2564 2636 
f 1105 2636 2655 
f 1106 1115 2638 
f 2659 1115 1106 
f 1106 1689 2659 
f 2638 2598 1106 
f 1136 1113 1107 
f 1107 1123 1136 
f 1130 1110 1108 
f 1108 1117 1145 
f 1694 1117 1108 
f 1145 1130 1108 
f 1409 1118 1109 
f 1130 1123 1110 
f 1111 1121 1720 
f 2675 1121 1111 
f 1111 1504 2675 
f 1111 1720 2667 
f 1112 1122 2076 
f 2446 1122 1112 
f 2185 1777 1112 
f 1112 1777 2446 
f 1112 2076 2565 
f 1141 1116 1113 
f 1113 1136 1141 
f 1114 1119 2658 
f 2685 1119 1114 
f 1114 2102 2687 
f 2658 2564 1114 
f 2687 2685 1114 
f 1115 1120 2638 
f 2682 1120 1115 
f 1115 2502 2622 
f 2659 2502 1115 
f 1115 2622 2682 
f 1116 1141 1414 
f 1116 1414 1680 
f 1117 1126 1152 
f 1152 1145 1117 
f 1153 1127 1118 
f 1118 1146 1153 
f 1409 1146 1118 
f 1119 1124 2542 
f 2685 1124 1119 
f 1119 2542 2658 
f 1120 1125 2077 
f 2639 1125 1120 
f 1120 2077 2623 
f 1120 2623 2638 
f 2682 2639 1120 
f 2679 1137 1121 
f 1121 1137 2688 
f 1121 1717 1720 
f 2688 1717 1121 
f 1121 2675 2679 
f 1122 1138 2076 
f 2638 1138 1122 
f 1122 2446 2598 
f 1122 2598 2638 
f 1123 1130 1149 
f 1165 1136 1123 
f 1123 1149 1165 
f 1715 1131 1124 
f 1124 1131 2542 
f 1124 1619 1715 
f 2685 1619 1124 
f 1125 1133 2605 
f 2639 1133 1125 
f 2605 2077 1125 
f 1126 1134 1152 
f 1153 1135 1127 
f 1128 2119 2120 
f 2561 2119 1128 
f 1128 2120 2210 
f 1128 2210 2226 
f 1128 2226 2553 
f 2553 2540 1128 
f 1128 2540 2561 
f 1129 1144 1847 
f 2565 1144 1129 
f 1858 1828 1129 
f 1129 1847 1858 
f 1130 1145 1149 
f 1131 1548 1700 
f 1715 1548 1131 
f 1700 1578 1131 
f 1131 1578 2610 
f 2610 2542 1131 
f 1132 1135 1163 
f 1163 1158 1132 
f 1132 1158 1396 
f 1132 1396 1703 
f 1999 1656 1133 
f 1133 1656 2605 
f 2219 1999 1133 
f 2602 2219 1133 
f 2639 2602 1133 
f 1162 1152 1134 
f 1698 1162 1134 
f 1135 1153 1163 
f 1165 1141 1136 
f 2631 1147 1137 
f 1137 1147 2686 
f 2679 2631 1137 
f 1137 2686 2688 
f 1138 1148 1976 
f 2623 1148 1138 
f 1138 1976 2076 
f 2638 2623 1138 
f 2240 1154 1139 
f 1139 1154 2266 
f 1868 1854 1139 
f 1139 1854 2240 
f 2222 1868 1139 
f 2266 2222 1139 
f 1883 1155 1140 
f 1140 1155 2243 
f 1140 1745 1858 
f 2243 1745 1140 
f 1858 1847 1140 
f 1140 1847 1883 
f 1141 1165 1166 
f 1141 1166 1414 
f 1704 1164 1142 
f 1142 1164 2544 
f 2243 1704 1142 
f 1955 1761 1142 
f 1142 1761 2187 
f 2544 1955 1142 
f 1142 2187 2243 
f 2213 1160 1143 
f 1143 1160 2553 
f 2266 2213 1143 
f 2226 2222 1143 
f 1143 2222 2266 
f 2553 2226 1143 
f 1144 1161 1756 
f 1976 1161 1144 
f 1144 1756 1847 
f 2076 1976 1144 
f 2565 2076 1144 
f 1167 1149 1145 
f 1145 1152 1167 
f 1177 1153 1146 
f 1146 1168 1177 
f 1419 1168 1146 
f 1409 1408 1146 
f 1146 1408 1419 
f 2661 1150 1147 
f 1147 1150 2686 
f 1147 2631 2661 
f 1148 1151 2162 
f 2623 1151 1148 
f 1148 1170 1976 
f 2162 1170 1148 
f 1178 1165 1149 
f 1149 1167 1178 
f 1150 1157 1715 
f 2593 1157 1150 
f 1715 1619 1150 
f 1150 1619 2686 
f 1150 2545 2593 
f 2661 2545 1150 
f 1151 1159 2162 
f 2605 1159 1151 
f 1151 2077 2605 
f 2623 2077 1151 
f 1152 1162 1176 
f 1176 1167 1152 
f 1185 1163 1153 
f 1153 1177 1185 
f 2154 1171 1154 
f 1154 1171 2266 
f 2240 1955 1154 
f 1154 1955 2544 
f 2544 2154 1154 
f 1883 1172 1155 
f 1155 1172 1972 
f 1972 1704 1155 
f 1155 1704 2243 
f 1184 1162 1156 
f 1156 1162 1698 
f 1156 1180 1184 
f 1416 1180 1156 
f 1698 1416 1156 
f 1157 1321 1548 
f 2178 1321 1157 
f 1157 1548 1715 
f 2593 2178 1157 
f 1158 1163 1185 
f 1185 1182 1158 
f 1158 1182 2035 
f 1710 1396 1158 
f 2035 1710 1158 
f 1159 1656 2510 
f 2605 1656 1159 
f 2088 2011 1159 
f 1159 2011 2162 
f 2510 2088 1159 
f 1977 1169 1160 
f 1160 1169 2631 
f 2213 1977 1160 
f 2631 2553 1160 
f 1161 1170 1750 
f 1976 1170 1161 
f 1161 1750 1949 
f 1949 1756 1161 
f 1184 1176 1162 
f 1704 1173 1164 
f 1164 1173 2544 
f 1178 1166 1165 
f 1166 1178 1188 
f 1166 1188 1414 
f 1167 1176 1178 
f 1179 1177 1168 
f 1419 1179 1168 
f 1977 1174 1169 
f 1169 1174 2545 
f 1169 2545 2661 
f 2661 2631 1169 
f 1170 1175 1750 
f 2162 1175 1170 
f 2154 1186 1171 
f 1171 1186 2213 
f 1171 2213 2266 
f 1750 1187 1172 
f 1172 1187 1972 
f 1949 1750 1172 
f 1883 1756 1172 
f 1172 1756 1949 
f 1173 1189 1934 
f 1972 1189 1173 
f 1173 1704 1972 
f 1173 1934 2154 
f 1173 2154 2544 
f 2009 1181 1174 
f 1174 1181 2545 
f 1174 1977 2247 
f 2247 2009 1174 
f 1175 1183 1753 
f 2011 1183 1175 
f 1753 1750 1175 
f 2162 2011 1175 
f 1192 1178 1176 
f 1176 1184 1200 
f 1200 1192 1176 
f 1177 1179 1193 
f 1201 1185 1177 
f 1177 1193 1201 
f 1199 1188 1178 
f 1178 1192 1199 
f 1179 1188 1193 
f 1414 1188 1179 
f 1179 1399 1414 
f 1419 1399 1179 
f 1194 1184 1180 
f 1429 1194 1180 
f 1180 1416 1429 
f 2009 1729 1181 
f 1181 1729 2178 
f 1181 2178 2593 
f 2593 2545 1181 
f 1182 1185 1196 
f 1182 1196 1823 
f 1182 1823 2035 
f 1183 1632 1990 
f 2088 1632 1183 
f 2019 1753 1183 
f 1183 1990 2019 
f 1183 2011 2088 
f 1184 1194 1200 
f 1201 1196 1185 
f 1934 1190 1186 
f 1186 1190 2247 
f 2154 1934 1186 
f 1186 1977 2213 
f 2247 1977 1186 
f 1750 1191 1187 
f 1187 1191 2197 
f 2197 1972 1187 
f 1199 1193 1188 
f 1189 1198 1988 
f 2263 1198 1189 
f 1988 1934 1189 
f 1189 1972 2197 
f 1189 2197 2263 
f 2012 1195 1190 
f 1190 1195 2247 
f 1190 1934 1988 
f 1190 1988 2012 
f 1753 1197 1191 
f 1191 1197 2170 
f 1191 1750 1753 
f 1191 2170 2263 
f 2263 2197 1191 
f 1204 1199 1192 
f 1192 1200 1204 
f 1193 1199 1204 
f 1204 1201 1193 
f 1202 1200 1194 
f 1407 1202 1194 
f 1711 1407 1194 
f 1194 1429 1711 
f 1643 1251 1195 
f 1195 1251 1729 
f 2012 1643 1195 
f 1195 1729 2009 
f 1195 2009 2247 
f 1196 1201 1202 
f 1196 1202 1407 
f 1196 1407 1823 
f 1749 1645 1197 
f 1197 1645 2170 
f 1990 1749 1197 
f 1197 1753 2019 
f 2019 1990 1197 
f 1198 1203 1988 
f 2170 1203 1198 
f 2263 2170 1198 
f 1200 1202 1204 
f 1204 1202 1201 
f 1751 1643 1203 
f 1203 1643 2012 
f 1203 1645 1751 
f 2170 1645 1203 
f 2012 1988 1203 
f 1205 1215 1394 
f 1675 1215 1205 
f 1394 1250 1205 
f 1205 1250 2657 
f 1205 1395 2225 
f 2657 1395 1205 
f 2225 1675 1205 
f 1402 1279 1206 
f 1206 1279 1787 
f 1648 1402 1206 
f 1206 1575 1648 
f 1737 1575 1206 
f 1795 1737 1206 
f 1206 1787 1795 
f 1207 1268 1405 
f 1725 1268 1207 
f 1207 1405 1730 
f 1516 1406 1207 
f 1207 1406 1725 
f 1730 1516 1207 
f 1208 1227 1639 
f 2030 1227 1208 
f 1208 1236 1427 
f 2155 1236 1208 
f 1208 1427 2030 
f 1208 1639 2155 
f 1460 1216 1209 
f 1209 1216 2034 
f 1209 1275 1460 
f 1793 1275 1209 
f 1209 1459 1611 
f 2034 1459 1209 
f 1209 1611 1793 
f 1546 1248 1210 
f 1210 1248 1648 
f 1210 1401 1471 
f 1648 1401 1210 
f 1210 1471 2657 
f 2657 1546 1210 
f 1469 1221 1211 
f 1211 1221 2382 
f 1856 1306 1211 
f 2382 1856 1211 
f 1212 1214 1447 
f 2082 1214 1212 
f 1212 1253 1310 
f 1790 1253 1212 
f 1212 1310 2082 
f 1212 1447 1790 
f 1244 1220 1213 
f 1213 1220 1475 
f 1213 1240 1304 
f 1804 1240 1213 
f 1304 1244 1213 
f 1213 1475 1804 
f 1214 1379 1768 
f 1913 1379 1214 
f 1768 1447 1214 
f 2082 1913 1214 
f 1781 1394 1215 
f 1215 1562 1669 
f 1215 1669 1781 
f 1460 1271 1216 
f 1216 1271 1573 
f 1216 1573 1662 
f 1216 1662 2093 
f 2093 2034 1216 
f 1217 1314 1551 
f 1746 1314 1217 
f 1740 1550 1217 
f 1217 1550 1746 
f 1217 1551 1740 
f 1218 1678 1799 
f 1809 1678 1218 
f 1218 1799 2032 
f 2032 1809 1218 
f 1219 1249 1252 
f 1470 1249 1219 
f 1219 1252 1800 
f 1800 1431 1219 
f 1219 1431 2694 
f 2694 1470 1219 
f 1220 1244 1444 
f 1421 1317 1220 
f 1220 1317 1475 
f 1434 1421 1220 
f 1444 1434 1220 
f 1424 1238 1221 
f 1221 1238 1958 
f 1469 1424 1221 
f 1221 1958 2382 
f 1222 1229 1257 
f 2692 1229 1222 
f 1222 1250 1394 
f 1546 1250 1222 
f 1222 1257 1776 
f 1222 1394 2692 
f 1776 1546 1222 
f 1224 1241 1359 
f 1359 1309 1224 
f 1410 1277 1226 
f 1432 1410 1226 
f 2694 1432 1226 
f 1226 1470 2694 
f 1346 1269 1227 
f 1227 1269 1639 
f 1358 1346 1227 
f 2030 1358 1227 
f 1228 1390 1581 
f 1673 1390 1228 
f 1228 1607 2149 
f 2149 1673 1228 
f 1472 1257 1229 
f 1358 1280 1229 
f 1229 1280 1472 
f 2692 1358 1229 
f 1842 1326 1230 
f 1766 1496 1230 
f 1230 1496 1842 
f 1231 1263 1312 
f 1231 1312 1313 
f 1231 1313 2202 
f 1232 1312 1598 
f 1232 1461 1555 
f 1598 1461 1232 
f 1232 1555 1891 
f 1233 1332 1369 
f 2452 1332 1233 
f 1233 1369 1370 
f 1233 1370 1769 
f 1769 1621 1233 
f 1233 1621 2452 
f 1478 1331 1234 
f 1234 1331 1509 
f 2141 1478 1234 
f 1234 1509 1984 
f 1234 1984 2531 
f 2531 2141 1234 
f 1236 1273 1600 
f 2155 1273 1236 
f 1600 1427 1236 
f 1568 1265 1237 
f 1237 1265 1600 
f 1237 1273 1502 
f 1600 1273 1237 
f 1237 1502 1559 
f 1237 1559 1792 
f 1628 1383 1238 
f 1238 1383 1958 
f 1238 1424 1732 
f 1732 1628 1238 
f 1239 1265 1565 
f 1600 1265 1239 
f 1732 1355 1239 
f 1239 1355 2071 
f 1239 1427 1600 
f 2071 1427 1239 
f 1239 1565 1732 
f 2068 1304 1240 
f 1804 1659 1240 
f 1240 1659 1853 
f 1240 1853 2365 
f 2365 2068 1240 
f 1241 1242 1328 
f 1241 1328 1359 
f 1242 1322 1328 
f 1243 1474 1710 
f 1822 1474 1243 
f 1243 1710 2035 
f 1824 1822 1243 
f 2035 1824 1243 
f 1304 1272 1244 
f 1245 1279 1611 
f 1787 1279 1245 
f 1611 1459 1245 
f 1245 1459 2212 
f 1789 1787 1245 
f 2256 1789 1245 
f 1245 2212 2256 
f 1246 1345 2600 
f 1246 2139 2680 
f 1445 1270 1247 
f 1369 1332 1247 
f 1247 1332 1445 
f 2014 1369 1247 
f 1248 1253 1292 
f 1443 1253 1248 
f 1248 1292 1402 
f 1248 1402 1648 
f 1546 1443 1248 
f 1591 1252 1249 
f 1249 1470 2215 
f 2215 1803 1249 
f 1250 1546 2657 
f 1251 1368 1729 
f 1818 1368 1251 
f 1643 1404 1251 
f 1251 1404 1818 
f 1252 1591 1835 
f 2070 1800 1252 
f 1790 1292 1253 
f 1569 1310 1253 
f 1253 1443 1776 
f 1776 1569 1253 
f 1428 1276 1254 
f 1254 1276 1454 
f 1254 1280 1367 
f 1616 1280 1254 
f 1254 1367 1428 
f 1254 1454 1616 
f 1480 1289 1255 
f 1255 1289 1773 
f 1923 1448 1255 
f 1255 1448 2002 
f 2002 1480 1255 
f 1255 1773 1943 
f 1943 1923 1255 
f 1256 1448 1489 
f 1718 1448 1256 
f 1256 1481 1718 
f 2515 1481 1256 
f 1256 2374 2515 
f 1472 1373 1257 
f 1257 1373 1776 
f 1555 1461 1258 
f 1258 1461 1825 
f 2001 1555 1258 
f 1486 1285 1259 
f 1259 1285 1723 
f 1493 1486 1259 
f 1723 1493 1259 
f 1267 1264 1260 
f 1260 1264 1432 
f 1433 1301 1260 
f 1260 1301 1444 
f 1260 1432 1433 
f 1336 1276 1261 
f 1261 1276 1428 
f 1261 1277 1336 
f 1424 1277 1261 
f 1261 1355 1424 
f 1428 1355 1261 
f 1262 1272 1304 
f 1768 1272 1262 
f 1262 1275 1768 
f 2068 1275 1262 
f 1262 1304 2068 
f 1598 1312 1263 
f 1825 1598 1263 
f 1264 1267 1970 
f 1264 1410 1432 
f 1693 1410 1264 
f 2693 1693 1264 
f 1264 1970 2693 
f 1801 1565 1265 
f 1265 1568 1801 
f 1267 1379 2020 
f 2020 1970 1267 
f 1829 1403 1268 
f 1268 1725 1829 
f 1269 1346 2100 
f 1269 1503 1840 
f 2100 1503 1269 
f 1840 1639 1269 
f 1435 1316 1270 
f 1445 1435 1270 
f 1271 1460 2068 
f 2193 1573 1271 
f 1271 2068 2365 
f 2331 2193 1271 
f 2365 2331 1271 
f 1768 1379 1272 
f 1273 1488 1728 
f 1808 1488 1273 
f 1728 1502 1273 
f 2155 1808 1273 
f 1786 1372 1274 
f 1274 1664 2063 
f 1274 1783 1786 
f 2063 1783 1274 
f 1275 1447 1768 
f 1793 1447 1275 
f 2068 1460 1275 
f 1276 1336 1963 
f 1886 1454 1276 
f 1963 1886 1276 
f 1410 1336 1277 
f 1277 1424 1469 
f 2005 1413 1278 
f 1278 1511 1726 
f 2031 1511 1278 
f 1278 1726 2005 
f 1279 1402 1793 
f 1793 1611 1279 
f 1280 1358 2030 
f 2030 1367 1280 
f 1616 1472 1280 
f 1281 1282 1718 
f 1721 1500 1281 
f 1281 1718 1721 
f 1282 1365 2002 
f 2002 1718 1282 
f 1283 1347 1431 
f 1434 1347 1283 
f 1283 1411 1434 
f 1479 1411 1283 
f 1283 1431 1479 
f 1284 1373 1647 
f 1722 1373 1284 
f 1647 1454 1284 
f 1284 1454 2144 
f 1764 1722 1284 
f 2144 1764 1284 
f 1721 1286 1285 
f 1285 1286 1723 
f 1285 1500 1721 
f 1721 1481 1286 
f 1286 1481 1924 
f 1286 1495 1723 
f 2500 1495 1286 
f 1286 1924 2500 
f 1287 1288 1482 
f 2003 1288 1287 
f 1287 1482 2036 
f 1287 1497 2003 
f 2041 1497 1287 
f 1287 2036 2041 
f 1476 1289 1288 
f 1288 1289 1482 
f 1288 1458 1830 
f 2003 1458 1288 
f 1830 1476 1288 
f 1289 1476 1773 
f 1289 1480 1482 
f 1290 1293 1302 
f 1925 1293 1290 
f 1297 1294 1290 
f 1290 1294 1423 
f 1290 1423 1925 
f 1291 1294 1487 
f 1790 1402 1292 
f 1499 1302 1293 
f 1294 1297 1487 
f 1295 1554 1660 
f 2166 1554 1295 
f 1660 1635 1295 
f 1295 1635 1722 
f 1295 1722 1764 
f 1295 1764 2345 
f 2345 2166 1295 
f 1501 1498 1296 
f 1579 1487 1297 
f 1298 1324 1747 
f 1747 1325 1298 
f 1298 1325 2017 
f 2017 1422 1298 
f 1498 1300 1299 
f 1299 1303 1498 
f 2044 1303 1299 
f 1299 1308 2044 
f 1300 1498 1501 
f 1300 1501 2245 
f 1433 1347 1301 
f 1301 1347 1444 
f 1302 1499 1505 
f 1305 1308 1523 
f 2044 1308 1305 
f 1856 1450 1306 
f 1307 1311 1541 
f 1982 1311 1307 
f 1307 1541 2616 
f 1595 1523 1308 
f 1309 1359 1389 
f 1569 1554 1310 
f 1310 1554 2628 
f 2628 2082 1310 
f 1311 1318 1320 
f 1982 1318 1311 
f 1608 1315 1313 
f 1313 1315 2202 
f 1314 1435 1465 
f 1746 1435 1314 
f 1314 1465 1857 
f 2131 1551 1314 
f 1314 1857 2083 
f 1314 2083 2131 
f 1608 1322 1315 
f 1316 1435 1746 
f 1746 1466 1316 
f 1317 1421 1602 
f 1677 1475 1317 
f 1317 1602 1794 
f 1794 1677 1317 
f 1865 1320 1318 
f 1318 1557 1865 
f 1319 1327 1560 
f 1319 1560 1567 
f 1319 1567 1601 
f 1320 1865 2251 
f 1321 1368 1415 
f 2178 1368 1321 
f 1321 1415 1700 
f 1700 1548 1321 
f 2550 1328 1322 
f 1322 1608 2550 
f 1323 1390 1393 
f 1397 1390 1323 
f 1986 1397 1323 
f 1743 1425 1324 
f 1324 1425 1747 
f 1324 1580 1743 
f 1331 1330 1325 
f 1325 1330 2017 
f 1747 1331 1325 
f 1842 1411 1326 
f 2684 1560 1327 
f 1996 1571 1327 
f 1327 1571 2684 
f 2671 1359 1328 
f 1329 1330 1446 
f 1329 1446 1642 
f 1642 1530 1329 
f 1330 1331 1446 
f 1330 1417 2017 
f 1478 1446 1331 
f 1747 1509 1331 
f 1637 1445 1332 
f 2509 1637 1332 
f 1332 2452 2509 
f 1380 1357 1333 
f 1333 1357 1805 
f 1334 1614 1996 
f 2189 1574 1335 
f 1335 1576 2189 
f 1336 1410 1693 
f 1336 1693 1971 
f 1971 1963 1336 
f 1881 1880 1337 
f 2092 1881 1337 
f 1338 1574 2195 
f 2301 1683 1338 
f 2195 2111 1338 
f 1338 2111 2301 
f 1339 1341 2368 
f 2519 1341 1339 
f 1339 2092 2571 
f 2618 2092 1339 
f 2368 2367 1339 
f 1339 2367 2625 
f 2571 2519 1339 
f 2625 2618 1339 
f 1340 1371 1585 
f 1609 1371 1340 
f 1340 1389 1609 
f 1351 1342 1341 
f 1341 1342 2368 
f 2520 1351 1341 
f 1341 2519 2520 
f 1342 1351 2307 
f 1342 2307 2480 
f 2480 2368 1342 
f 1343 1344 2052 
f 1344 1345 1592 
f 2600 1345 1344 
f 1344 1592 2052 
f 1345 1348 1592 
f 1346 1358 1763 
f 1763 1506 1346 
f 1346 1506 1909 
f 1346 1909 2140 
f 2140 2100 1346 
f 1433 1431 1347 
f 1347 1434 1444 
f 2052 1592 1348 
f 1349 1683 2301 
f 2303 2115 1349 
f 1349 2301 2407 
f 2407 2303 1349 
f 1904 1353 1350 
f 1350 1353 1919 
f 2206 1904 1350 
f 1350 1919 2203 
f 1350 2203 2696 
f 2306 2206 1350 
f 2696 2306 1350 
f 1351 1618 1626 
f 2520 1618 1351 
f 1351 1626 2307 
f 1656 1455 1352 
f 1352 1455 1814 
f 1814 1474 1352 
f 1352 1474 1822 
f 1822 1632 1352 
f 1352 1632 2088 
f 2510 1656 1352 
f 1352 2088 2510 
f 1904 1903 1353 
f 1354 1687 1809 
f 2038 1687 1354 
f 1354 1809 2032 
f 1732 1424 1355 
f 1355 1428 2071 
f 1356 1612 2188 
f 2670 1612 1356 
f 1356 2188 2406 
f 1357 1380 1388 
f 1357 1388 2089 
f 2535 1805 1357 
f 2089 1914 1357 
f 1357 1914 2535 
f 2692 1763 1358 
f 1609 1389 1359 
f 2551 1609 1359 
f 2671 2551 1359 
f 2216 1364 1360 
f 1940 1939 1360 
f 1360 1939 2216 
f 1772 1508 1361 
f 1361 1508 2505 
f 2505 2007 1361 
f 1362 1610 1926 
f 1362 1926 1936 
f 1936 1935 1362 
f 1363 1364 1623 
f 1623 1618 1363 
f 1922 1623 1364 
f 2216 1922 1364 
f 1365 1480 2002 
f 1366 1570 1813 
f 1699 1698 1366 
f 1812 1699 1366 
f 1813 1812 1366 
f 2030 1427 1367 
f 1367 1427 2071 
f 2071 1428 1367 
f 1820 1415 1368 
f 2178 1729 1368 
f 1368 1818 1820 
f 2014 1370 1369 
f 1370 1644 1769 
f 2033 1644 1370 
f 1370 2014 2033 
f 1371 1388 1585 
f 2089 1388 1371 
f 1786 1676 1372 
f 1373 1472 1616 
f 1373 1616 1647 
f 1722 1635 1373 
f 1373 1635 1776 
f 1382 1375 1374 
f 1374 1375 1453 
f 1642 1382 1374 
f 1374 1453 2022 
f 1374 1530 1642 
f 2022 1530 1374 
f 1375 1382 2501 
f 1375 1385 1956 
f 2501 1385 1375 
f 2063 1453 1375 
f 1956 1636 1375 
f 1375 1636 2063 
f 1376 1378 1644 
f 1668 1378 1376 
f 1376 1644 2025 
f 1376 1665 1668 
f 2025 1665 1376 
f 1621 1563 1377 
f 1377 1563 1960 
f 1377 1590 1621 
f 1961 1590 1377 
f 1378 1621 1769 
f 2516 1621 1378 
f 1769 1644 1378 
f 1668 1667 1378 
f 1378 1667 2516 
f 1379 1913 2020 
f 1381 1453 1664 
f 2022 1453 1381 
f 1642 1477 1382 
f 1382 1477 2501 
f 1628 1490 1383 
f 1383 1490 1938 
f 2196 1958 1383 
f 2073 1386 1384 
f 1384 1386 2124 
f 1384 1391 2073 
f 2069 1956 1385 
f 2501 2136 1385 
f 1658 1652 1386 
f 1386 1652 2124 
f 1387 1413 2005 
f 1731 1547 1387 
f 2005 1731 1387 
f 1673 1393 1390 
f 1390 1397 1581 
f 1674 1400 1391 
f 1735 1538 1392 
f 1392 1538 2040 
f 1392 1549 1735 
f 1781 1763 1394 
f 1394 1763 2692 
f 1395 1471 1784 
f 2657 1471 1395 
f 1395 1484 1738 
f 1710 1703 1396 
f 1397 1986 1987 
f 1419 1408 1398 
f 1398 1408 1985 
f 1973 1419 1398 
f 1985 1631 1398 
f 1680 1414 1399 
f 1399 1419 1973 
f 1605 1471 1401 
f 1995 1504 1401 
f 1648 1575 1401 
f 1401 1575 1995 
f 1402 1790 1793 
f 1716 1473 1404 
f 1404 1473 1818 
f 1404 1643 1751 
f 1751 1716 1404 
f 1405 1418 1730 
f 1406 1516 1719 
f 1719 1556 1406 
f 1796 1725 1406 
f 1406 1742 1796 
f 1711 1473 1407 
f 1407 1473 1824 
f 1824 1823 1407 
f 1408 1409 1985 
f 1842 1434 1411 
f 1740 1624 1412 
f 1412 1624 1765 
f 1412 1735 1740 
f 1851 1735 1412 
f 1412 1778 2514 
f 2514 1851 1412 
f 1820 1416 1415 
f 1415 1416 2588 
f 2588 1700 1415 
f 1820 1429 1416 
f 1416 1698 1699 
f 1416 1699 2588 
f 1418 1538 1730 
f 2040 1538 1418 
f 1420 1613 1672 
f 1783 1613 1420 
f 1420 1672 1679 
f 1420 1679 1848 
f 1786 1783 1420 
f 1420 1785 1786 
f 1848 1785 1420 
f 1421 1434 1842 
f 1421 1496 1602 
f 1842 1496 1421 
f 1425 1457 1588 
f 1855 1457 1425 
f 1588 1509 1425 
f 1425 1509 1747 
f 1425 1743 1855 
f 1426 1464 1468 
f 2215 1464 1426 
f 1832 1803 1426 
f 1426 1803 2215 
f 1820 1711 1429 
f 1430 1633 1688 
f 2176 1633 1430 
f 1430 1688 1815 
f 1815 1705 1430 
f 1430 1705 1928 
f 1430 1928 2176 
f 1431 1433 2694 
f 1800 1479 1431 
f 2694 1433 1432 
f 1435 1445 1465 
f 2198 2104 1436 
f 1436 2104 2453 
f 2341 2198 1436 
f 2258 2238 1436 
f 1436 2238 2272 
f 2453 2258 1436 
f 1436 2272 2341 
f 1437 1895 2138 
f 2377 1895 1437 
f 1437 2138 2257 
f 2257 2205 1437 
f 1437 2205 2347 
f 2347 2346 1437 
f 1437 2346 2377 
f 1734 1638 1438 
f 1438 1638 2318 
f 2277 1734 1438 
f 2322 2271 1438 
f 1438 2271 2528 
f 2528 2277 1438 
f 1438 2318 2322 
f 2279 1440 1439 
f 1439 1440 2328 
f 1439 1638 2279 
f 2319 1638 1439 
f 2328 2319 1439 
f 2285 1807 1440 
f 1440 1807 2324 
f 1440 2279 2285 
f 1440 2324 2328 
f 2293 1442 1441 
f 1441 1442 2330 
f 1441 1807 2287 
f 2325 1807 1441 
f 1441 2287 2293 
f 2330 2325 1441 
f 2293 2114 1442 
f 1442 2114 2297 
f 2297 2253 1442 
f 1442 2253 2332 
f 2332 2330 1442 
f 1443 1546 1776 
f 1637 1465 1445 
f 1478 1477 1446 
f 1446 1477 1642 
f 1793 1790 1447 
f 1448 1718 2002 
f 1754 1467 1449 
f 1449 1467 2452 
f 2452 1590 1449 
f 1450 1464 2215 
f 1640 1587 1450 
f 1856 1640 1450 
f 1813 1570 1451 
f 1451 1685 1813 
f 2039 1685 1451 
f 1452 1575 1737 
f 1995 1575 1452 
f 1452 1737 1839 
f 2119 1995 1452 
f 2120 2119 1452 
f 2063 1664 1453 
f 1647 1616 1454 
f 1454 1886 2144 
f 1455 1656 1999 
f 1994 1814 1455 
f 2219 1994 1455 
f 1455 1999 2219 
f 1456 1586 1594 
f 1933 1586 1456 
f 1594 1589 1456 
f 2336 1588 1457 
f 1457 1817 2336 
f 2506 1817 1457 
f 1457 1855 2506 
f 1458 1724 1830 
f 2003 1724 1458 
f 2199 1777 1459 
f 1459 1777 2212 
f 1459 2034 2199 
f 1461 1598 1825 
f 1759 1476 1462 
f 1462 1476 1830 
f 1463 1676 1802 
f 1802 1685 1463 
f 1463 1685 2039 
f 1746 1550 1466 
f 2509 2452 1467 
f 1471 1605 1784 
f 1473 1711 1818 
f 1473 1716 1824 
f 1474 1703 1710 
f 1814 1703 1474 
f 1821 1804 1475 
f 1759 1629 1476 
f 1476 1629 1773 
f 1477 1478 2261 
f 1477 2157 2501 
f 2070 1727 1479 
f 1479 1800 2070 
f 2036 1482 1480 
f 1721 1718 1481 
f 2515 1924 1481 
f 1668 1666 1483 
f 1483 1666 1799 
f 1965 1668 1483 
f 1483 1799 1965 
f 1897 1738 1484 
f 1486 1493 2027 
f 1849 1728 1488 
f 1488 1808 2538 
f 2538 1849 1488 
f 2557 1938 1490 
f 2196 2045 1491 
f 1491 2048 2183 
f 1491 2183 2196 
f 1493 1494 1507 
f 1723 1494 1493 
f 1493 1507 2027 
f 1723 1495 1494 
f 1494 1495 2505 
f 1508 1507 1494 
f 2505 1508 1494 
f 2498 2097 1495 
f 1495 2097 2505 
f 1495 2311 2498 
f 2500 2311 1495 
f 1497 1829 2003 
f 1502 1728 2042 
f 1503 2100 2572 
f 2572 2400 1503 
f 1503 2400 2606 
f 1504 1995 2119 
f 1504 2119 2561 
f 1504 2561 2675 
f 1506 1763 2201 
f 1506 1798 1909 
f 2201 1798 1506 
f 1507 1508 1511 
f 1507 1511 2031 
f 1509 1588 1948 
f 2507 1744 1510 
f 2511 2507 1510 
f 1513 1521 2599 
f 2548 1526 1514 
f 1514 1531 2536 
f 1514 2536 2548 
f 2095 1517 1515 
f 2514 1719 1516 
f 1516 1730 1851 
f 1516 1851 2514 
f 2095 1552 1517 
f 2118 1529 1518 
f 1518 1536 2118 
f 1521 1534 2599 
f 1524 1526 2548 
f 1534 1552 1954 
f 1534 1954 1966 
f 1534 1966 2599 
f 1851 1730 1538 
f 1538 1735 1851 
f 1544 1686 2508 
f 2513 1686 1544 
f 1545 2042 2186 
f 1743 1580 1547 
f 1547 1731 1736 
f 1547 1736 1743 
f 1549 1550 1740 
f 1740 1735 1549 
f 1551 1624 1740 
f 2131 1624 1551 
f 2095 1954 1552 
f 1554 1569 1660 
f 1554 2166 2628 
f 2535 1891 1555 
f 1555 2001 2535 
f 1567 1560 1558 
f 2251 1865 1561 
f 2585 1669 1562 
f 1562 1706 2585 
f 1563 1621 2516 
f 1564 1577 1772 
f 1565 1628 1732 
f 1762 1628 1565 
f 1801 1762 1565 
f 1770 1739 1568 
f 1568 1739 1801 
f 1569 1635 1660 
f 1776 1635 1569 
f 1996 1614 1571 
f 1574 2189 2195 
f 1576 1885 1890 
f 1890 1887 1576 
f 1576 1887 2189 
f 1577 1653 1726 
f 2507 1653 1577 
f 1577 2049 2507 
f 1578 1700 2512 
f 2571 2092 1582 
f 1582 2519 2571 
f 1890 1885 1583 
f 1911 1890 1583 
f 2298 1911 1583 
f 1584 1880 1882 
f 1584 1882 1917 
f 1584 1917 2300 
f 1584 2300 2499 
f 1830 1594 1586 
f 1587 1640 1944 
f 2336 1948 1588 
f 1589 1594 1796 
f 1796 1752 1589 
f 2452 1621 1590 
f 1591 1707 1835 
f 1593 1599 1622 
f 1896 1599 1593 
f 1593 1895 1896 
f 2524 1895 1593 
f 1594 1724 1725 
f 1830 1724 1594 
f 1594 1725 1796 
f 1899 1898 1596 
f 1596 1898 2194 
f 2108 1899 1596 
f 2402 2108 1596 
f 1856 1733 1597 
f 2298 1622 1599 
f 2228 1696 1599 
f 1599 1696 2298 
f 1599 1896 2378 
f 2378 2228 1599 
f 2152 1784 1605 
f 2645 2152 1605 
f 1789 1745 1606 
f 1606 1745 2187 
f 1795 1789 1606 
f 2187 1795 1606 
f 1610 1620 1926 
f 2115 1620 1610 
f 1612 1908 2541 
f 2670 1908 1612 
f 1612 2112 2188 
f 2364 2112 1612 
f 2541 2364 1612 
f 1783 1636 1613 
f 1613 1636 1956 
f 2299 1672 1613 
f 1956 1901 1613 
f 1613 1901 2299 
f 1794 1634 1615 
f 2051 1641 1615 
f 1615 1650 1794 
f 1617 1970 2020 
f 1617 2020 2126 
f 1618 1623 1626 
f 1619 2685 2686 
f 2304 1926 1620 
f 1620 2115 2303 
f 1620 2303 2304 
f 2307 1626 1623 
f 1623 1922 2308 
f 2308 2307 1623 
f 2201 1748 1625 
f 2302 2201 1625 
f 1627 1651 2506 
f 1855 1736 1627 
f 1627 1736 2511 
f 2511 1782 1627 
f 2506 1855 1627 
f 1630 1909 2098 
f 2140 1909 1630 
f 2211 2140 1630 
f 2234 2211 1630 
f 1822 1716 1632 
f 1632 1716 1990 
f 2503 1688 1633 
f 2176 2015 1633 
f 2526 2503 1633 
f 1636 1783 2063 
f 1638 1734 2279 
f 2319 2318 1638 
f 1639 1840 1846 
f 1639 1846 2155 
f 2050 2004 1641 
f 2159 2050 1641 
f 2033 2025 1644 
f 1645 1749 1751 
f 2414 1989 1649 
f 1649 1989 2419 
f 2461 2414 1649 
f 1649 2419 2465 
f 1649 2460 2461 
f 2465 2460 1649 
f 1650 1677 1794 
f 1658 1657 1652 
f 2005 1726 1653 
f 1653 1731 2005 
f 2507 1731 1653 
f 2647 2091 1654 
f 1654 2091 2669 
f 1654 2649 2681 
f 1655 1675 2225 
f 1661 1737 1795 
f 1854 1737 1661 
f 1795 1761 1661 
f 1661 1761 1854 
f 1662 1771 2093 
f 2249 1771 1662 
f 2412 1950 1663 
f 1663 1950 2426 
f 1663 2276 2413 
f 2426 2276 1663 
f 2413 2412 1663 
f 1665 1666 1668 
f 2029 1799 1666 
f 1667 1668 1965 
f 1965 1788 1667 
f 1667 1788 1997 
f 1667 1915 2516 
f 1669 1748 1781 
f 2649 1748 1669 
f 1669 2585 2649 
f 2264 1910 1671 
f 1671 1910 2539 
f 1671 2062 2264 
f 2403 2062 1671 
f 2451 2403 1671 
f 2539 2451 1671 
f 1786 1785 1676 
f 1676 1785 1802 
f 1809 1682 1678 
f 1678 1682 2262 
f 2236 1799 1678 
f 2262 2236 1678 
f 2231 1848 1679 
f 1681 1686 1802 
f 2508 1686 1681 
f 1802 1785 1681 
f 1681 1785 1848 
f 1681 1848 2508 
f 1809 1688 1682 
f 1682 1688 2503 
f 2503 2262 1682 
f 2381 1841 1684 
f 1684 1841 2466 
f 1684 2167 2442 
f 2466 2167 1684 
f 2442 2381 1684 
f 1802 1686 1685 
f 1685 1686 1813 
f 1686 1690 1813 
f 2513 1690 1686 
f 1687 1688 1809 
f 1815 1688 1687 
f 2037 1815 1687 
f 2038 2037 1687 
f 1690 1702 1812 
f 2512 1702 1690 
f 1690 1812 1813 
f 2513 2512 1690 
f 1691 2381 2439 
f 2462 2381 1691 
f 1691 2439 2440 
f 1691 2440 2462 
f 1986 1694 1692 
f 1987 1986 1692 
f 1693 1709 1971 
f 2693 1709 1693 
f 1943 1773 1695 
f 1696 2228 2259 
f 1696 2259 2453 
f 2453 2298 1696 
f 1812 1811 1699 
f 1699 1811 2588 
f 1811 1702 1700 
f 1700 1702 2512 
f 2588 1811 1700 
f 1702 1811 1812 
f 1703 1814 1993 
f 1993 1814 1705 
f 1705 1814 1994 
f 1705 1815 1993 
f 1994 1928 1705 
f 2681 2585 1706 
f 1820 1818 1711 
f 1751 1749 1716 
f 1716 1749 1990 
f 1716 1822 1824 
f 2687 1720 1717 
f 2686 2685 1717 
f 1717 2685 2687 
f 2688 2686 1717 
f 1720 2102 2667 
f 2687 2102 1720 
f 1829 1725 1724 
f 2003 1829 1724 
f 1728 1849 1975 
f 2511 1736 1731 
f 1731 2507 2511 
f 1733 1856 1945 
f 1733 1945 2137 
f 1734 2277 2280 
f 2280 2279 1734 
f 1855 1743 1736 
f 1854 1839 1737 
f 2128 1801 1739 
f 2224 2128 1739 
f 1742 1752 1796 
f 2507 2049 1744 
f 1745 1789 1858 
f 2243 2187 1745 
f 2201 1781 1748 
f 1883 1847 1756 
f 1761 1795 2187 
f 1955 1854 1761 
f 1763 1781 2201 
f 2182 2093 1771 
f 1777 2185 2212 
f 1787 1789 1795 
f 1788 1965 2504 
f 2256 1858 1789 
f 2127 1909 1798 
f 1798 2201 2302 
f 2504 1965 1799 
f 1799 2029 2032 
f 1799 2236 2504 
f 2535 2001 1805 
f 1807 2285 2287 
f 2325 2324 1807 
f 1846 1836 1808 
f 1808 1836 1946 
f 2155 1846 1808 
f 1808 1946 2538 
f 1810 1920 2101 
f 2037 1993 1815 
f 1816 2309 2344 
f 2363 2309 1816 
f 1816 2344 2362 
f 1816 2362 2363 
f 2233 2066 1821 
f 1823 1824 2035 
f 2448 2389 1826 
f 1826 2389 2477 
f 1826 2440 2448 
f 2477 2440 1826 
f 1828 1858 2256 
f 1834 1981 2047 
f 2331 1981 1834 
f 1834 2047 2652 
f 1834 2193 2331 
f 2653 2193 1834 
f 2652 2546 1834 
f 1834 2546 2653 
f 1836 1846 2517 
f 1836 2517 2578 
f 1838 2403 2451 
f 2495 2403 1838 
f 2451 2449 1838 
f 1838 2449 2495 
f 1839 1854 1868 
f 1841 2381 2460 
f 1841 2460 2465 
f 1841 2465 2466 
f 2116 1918 1843 
f 1843 1918 2150 
f 2444 2389 1845 
f 1845 2389 2448 
f 1845 2443 2444 
f 2447 2443 1845 
f 2448 2447 1845 
f 1848 2231 2508 
f 1849 1859 1975 
f 2538 1859 1849 
f 2449 2445 1850 
f 1850 2445 2491 
f 2495 2449 1850 
f 2491 2490 1850 
f 1850 2490 2494 
f 1850 2494 2495 
f 1853 1981 2365 
f 1854 1955 2240 
f 2382 1945 1856 
f 2538 2399 1859 
f 1879 1964 2268 
f 1880 1881 1882 
f 2248 1882 1881 
f 1881 2092 2618 
f 1881 2094 2248 
f 2618 2094 1881 
f 2297 1917 1882 
f 1882 2248 2297 
f 2267 1921 1884 
f 1884 1921 2666 
f 2578 2267 1884 
f 2666 2578 1884 
f 1887 1890 2104 
f 1887 2104 2198 
f 2370 2189 1887 
f 1887 2198 2370 
f 1889 2057 2390 
f 2455 2057 1889 
f 1889 2390 2450 
f 1889 2450 2451 
f 1889 2451 2539 
f 2539 2455 1889 
f 1890 1911 2453 
f 2453 2104 1890 
f 2535 2122 1891 
f 2377 1896 1895 
f 2497 2138 1895 
f 2524 2497 1895 
f 1896 2377 2378 
f 1898 1899 2530 
f 2547 2121 1898 
f 1898 2121 2563 
f 2563 2194 1898 
f 1898 2530 2547 
f 1899 2108 2373 
f 2373 2372 1899 
f 1899 2372 2530 
f 1900 2175 2468 
f 2494 2175 1900 
f 2478 2179 1900 
f 1900 2179 2494 
f 1900 2468 2478 
f 1901 1956 2355 
f 1902 2236 2262 
f 2521 2236 1902 
f 1902 2262 2296 
f 1903 1904 2257 
f 2257 2138 1903 
f 1903 2138 2497 
f 2206 2205 1904 
f 1904 2205 2257 
f 1905 1906 2254 
f 2431 1906 1905 
f 2375 2167 1905 
f 1905 2167 2431 
f 1905 2254 2375 
f 2695 2254 1906 
f 1906 2431 2696 
f 2696 2695 1906 
f 1908 2121 2541 
f 2563 2121 1908 
f 1908 2223 2563 
f 2670 2223 1908 
f 2127 2098 1909 
f 1910 2123 2260 
f 2313 2123 1910 
f 1910 2260 2432 
f 1910 2264 2314 
f 2314 2313 1910 
f 1910 2432 2539 
f 1911 2298 2453 
f 2126 2020 1913 
f 1913 2082 2628 
f 2628 2126 1913 
f 1914 2134 2535 
f 1917 2297 2300 
f 1920 2050 2101 
f 2220 2050 1920 
f 1922 2216 2265 
f 2265 2244 1922 
f 1922 2244 2308 
f 1924 2515 2532 
f 2255 1936 1926 
f 1926 2204 2255 
f 2304 2204 1926 
f 1928 1979 2176 
f 1928 1994 2219 
f 1930 2321 2414 
f 2427 2321 1930 
f 1930 2414 2461 
f 2476 2427 1930 
f 1930 2461 2476 
f 1935 1936 2695 
f 2255 2254 1936 
f 1936 2254 2695 
f 1939 1940 2218 
f 2314 2216 1939 
f 1939 2218 2313 
f 1939 2313 2314 
f 2382 2183 1945 
f 1946 2399 2538 
f 2693 1970 1947 
f 2412 2319 1950 
f 1950 2319 2425 
f 1950 2425 2426 
f 1953 2346 2347 
f 2379 2346 1953 
f 1953 2347 2354 
f 2354 2353 1953 
f 1953 2353 2387 
f 2387 2379 1953 
f 1956 2069 2355 
f 2196 2183 1958 
f 1958 2183 2382 
f 1980 2207 2403 
f 2496 2207 1980 
f 1980 2403 2495 
f 1980 2495 2496 
f 1981 2331 2365 
f 1989 2320 2323 
f 2414 2320 1989 
f 1989 2323 2419 
f 1992 2066 2233 
f 1992 2117 2160 
f 2233 2117 1992 
f 2004 2050 2220 
f 2459 2132 2023 
f 2023 2132 2475 
f 2177 2169 2023 
f 2023 2169 2458 
f 2474 2177 2023 
f 2023 2458 2459 
f 2475 2474 2023 
f 2034 2093 2199 
f 2043 2112 2364 
f 2404 2112 2043 
f 2043 2364 2405 
f 2405 2404 2043 
f 2335 2191 2046 
f 2159 2101 2050 
f 2056 2664 2676 
f 2482 2390 2057 
f 2057 2455 2482 
f 2596 2549 2058 
f 2058 2549 2641 
f 2230 2065 2059 
f 2059 2065 2384 
f 2384 2164 2059 
f 2059 2164 2385 
f 2386 2230 2059 
f 2059 2385 2386 
f 2062 2207 2265 
f 2403 2207 2062 
f 2265 2264 2062 
f 2065 2230 2280 
f 2280 2278 2065 
f 2065 2278 2689 
f 2689 2384 2065 
f 2086 2125 2443 
f 2492 2125 2086 
f 2086 2443 2493 
f 2493 2492 2086 
f 2143 2096 2087 
f 2087 2096 2241 
f 2241 2158 2087 
f 2090 2091 2647 
f 2090 2647 2650 
f 2090 2650 2674 
f 2094 2107 2253 
f 2626 2107 2094 
f 2253 2248 2094 
f 2094 2618 2625 
f 2094 2625 2626 
f 2096 2143 2148 
f 2332 2253 2107 
f 2428 2332 2107 
f 2626 2428 2107 
f 2340 2209 2108 
f 2108 2209 2373 
f 2108 2338 2340 
f 2402 2338 2108 
f 2111 2195 2369 
f 2369 2227 2111 
f 2111 2227 2408 
f 2408 2301 2111 
f 2214 2188 2112 
f 2404 2214 2112 
f 2294 2208 2114 
f 2114 2208 2340 
f 2114 2293 2294 
f 2300 2297 2114 
f 2340 2300 2114 
f 2547 2541 2121 
f 2535 2134 2122 
f 2217 2214 2123 
f 2123 2214 2404 
f 2313 2217 2123 
f 2404 2260 2123 
f 2125 2174 2490 
f 2492 2174 2125 
f 2491 2443 2125 
f 2125 2490 2491 
f 2467 2174 2129 
f 2129 2174 2474 
f 2129 2352 2467 
f 2475 2352 2129 
f 2129 2474 2475 
f 2132 2276 2290 
f 2459 2276 2132 
f 2132 2290 2475 
f 2343 2310 2145 
f 2145 2310 2397 
f 2344 2343 2145 
f 2362 2344 2145 
f 2397 2362 2145 
f 2164 2192 2350 
f 2383 2192 2164 
f 2164 2350 2385 
f 2384 2383 2164 
f 2167 2375 2442 
f 2466 2431 2167 
f 2458 2169 2168 
f 2168 2169 2486 
f 2168 2173 2456 
f 2484 2173 2168 
f 2168 2456 2458 
f 2486 2484 2168 
f 2169 2177 2492 
f 2492 2486 2169 
f 2409 2173 2171 
f 2171 2173 2488 
f 2171 2305 2407 
f 2433 2305 2171 
f 2171 2407 2409 
f 2488 2433 2171 
f 2173 2409 2463 
f 2463 2456 2173 
f 2173 2484 2488 
f 2174 2177 2474 
f 2492 2177 2174 
f 2467 2184 2174 
f 2174 2184 2490 
f 2175 2184 2467 
f 2490 2184 2175 
f 2175 2467 2468 
f 2494 2490 2175 
f 2478 2180 2179 
f 2179 2180 2496 
f 2496 2494 2179 
f 2180 2307 2308 
f 2480 2307 2180 
f 2180 2308 2496 
f 2180 2478 2480 
f 2188 2214 2406 
f 2370 2195 2189 
f 2192 2348 2351 
f 2383 2348 2192 
f 2351 2350 2192 
f 2370 2369 2195 
f 2198 2341 2370 
f 2421 2284 2200 
f 2200 2284 2469 
f 2352 2290 2200 
f 2200 2290 2421 
f 2469 2352 2200 
f 2203 2312 2696 
f 2376 2255 2204 
f 2204 2304 2434 
f 2434 2376 2204 
f 2205 2206 2317 
f 2205 2317 2347 
f 2206 2306 2411 
f 2411 2317 2206 
f 2207 2244 2265 
f 2308 2244 2207 
f 2496 2308 2207 
f 2294 2209 2208 
f 2208 2209 2340 
f 2294 2242 2209 
f 2209 2242 2373 
f 2210 2222 2226 
f 2211 2234 2575 
f 2214 2217 2579 
f 2579 2406 2214 
f 2314 2265 2216 
f 2313 2218 2217 
f 2227 2281 2410 
f 2416 2281 2227 
f 2227 2369 2416 
f 2410 2408 2227 
f 2228 2229 2259 
f 2380 2229 2228 
f 2228 2378 2380 
f 2229 2232 2274 
f 2388 2232 2229 
f 2274 2259 2229 
f 2229 2380 2388 
f 2230 2239 2291 
f 2396 2239 2230 
f 2291 2280 2230 
f 2230 2386 2396 
f 2231 2295 2508 
f 2283 2274 2232 
f 2232 2278 2283 
f 2689 2278 2232 
f 2388 2384 2232 
f 2232 2384 2689 
f 2235 2237 2286 
f 2394 2237 2235 
f 2286 2239 2235 
f 2235 2239 2392 
f 2235 2392 2394 
f 2521 2504 2236 
f 2237 2242 2288 
f 2398 2242 2237 
f 2288 2286 2237 
f 2237 2394 2398 
f 2238 2258 2273 
f 2238 2271 2272 
f 2273 2271 2238 
f 2239 2286 2291 
f 2396 2392 2239 
f 2294 2288 2242 
f 2398 2373 2242 
f 2248 2253 2297 
f 2250 2292 2429 
f 2481 2292 2250 
f 2250 2367 2481 
f 2626 2367 2250 
f 2250 2429 2626 
f 2254 2255 2376 
f 2376 2375 2254 
f 2258 2259 2274 
f 2453 2259 2258 
f 2274 2273 2258 
f 2260 2404 2432 
f 2503 2296 2262 
f 2264 2265 2314 
f 2322 2272 2271 
f 2271 2273 2528 
f 2272 2322 2417 
f 2415 2341 2272 
f 2417 2415 2272 
f 2273 2274 2283 
f 2273 2283 2528 
f 2413 2276 2275 
f 2275 2276 2459 
f 2275 2282 2418 
f 2457 2282 2275 
f 2418 2413 2275 
f 2459 2457 2275 
f 2426 2290 2276 
f 2277 2278 2280 
f 2283 2278 2277 
f 2528 2283 2277 
f 2279 2280 2291 
f 2291 2285 2279 
f 2416 2282 2281 
f 2281 2282 2464 
f 2464 2410 2281 
f 2282 2416 2418 
f 2282 2457 2464 
f 2423 2292 2284 
f 2284 2292 2479 
f 2284 2421 2423 
f 2479 2469 2284 
f 2285 2286 2288 
f 2291 2286 2285 
f 2288 2287 2285 
f 2287 2288 2293 
f 2294 2293 2288 
f 2290 2352 2475 
f 2426 2421 2290 
f 2292 2423 2429 
f 2481 2479 2292 
f 2340 2338 2300 
f 2300 2338 2499 
f 2408 2407 2301 
f 2305 2304 2303 
f 2407 2305 2303 
f 2304 2305 2433 
f 2304 2433 2434 
f 2690 2411 2306 
f 2696 2690 2306 
f 2363 2334 2309 
f 2309 2334 2430 
f 2364 2344 2309 
f 2405 2364 2309 
f 2430 2405 2309 
f 2310 2343 2372 
f 2310 2372 2373 
f 2310 2373 2398 
f 2398 2397 2310 
f 2312 2695 2696 
f 2317 2323 2347 
f 2419 2323 2317 
f 2317 2411 2419 
f 2318 2319 2412 
f 2417 2322 2318 
f 2318 2412 2417 
f 2319 2328 2425 
f 2320 2321 2349 
f 2414 2321 2320 
f 2349 2323 2320 
f 2321 2329 2351 
f 2427 2329 2321 
f 2351 2349 2321 
f 2354 2347 2323 
f 2323 2349 2354 
f 2324 2325 2422 
f 2425 2328 2324 
f 2422 2420 2324 
f 2324 2420 2425 
f 2325 2330 2428 
f 2428 2422 2325 
f 2326 2327 2357 
f 2424 2327 2326 
f 2357 2329 2326 
f 2326 2329 2691 
f 2691 2424 2326 
f 2327 2334 2359 
f 2430 2334 2327 
f 2359 2357 2327 
f 2327 2424 2430 
f 2361 2351 2329 
f 2329 2357 2361 
f 2329 2427 2691 
f 2330 2332 2428 
f 2363 2359 2334 
f 2483 2370 2341 
f 2341 2415 2483 
f 2343 2344 2541 
f 2530 2372 2343 
f 2547 2530 2343 
f 2343 2541 2547 
f 2344 2364 2541 
f 2379 2377 2346 
f 2348 2349 2351 
f 2353 2349 2348 
f 2387 2353 2348 
f 2348 2383 2387 
f 2349 2353 2354 
f 2350 2351 2361 
f 2361 2360 2350 
f 2350 2360 2385 
f 2469 2467 2352 
f 2356 2357 2359 
f 2360 2357 2356 
f 2359 2358 2356 
f 2356 2358 2391 
f 2395 2360 2356 
f 2356 2391 2395 
f 2357 2360 2361 
f 2358 2359 2363 
f 2363 2362 2358 
f 2358 2362 2393 
f 2393 2391 2358 
f 2395 2385 2360 
f 2397 2393 2362 
f 2367 2368 2481 
f 2626 2625 2367 
f 2368 2480 2481 
f 2369 2370 2483 
f 2483 2416 2369 
f 2375 2376 2442 
f 2376 2434 2441 
f 2376 2441 2442 
f 2379 2378 2377 
f 2378 2379 2380 
f 2387 2380 2379 
f 2380 2387 2388 
f 2381 2437 2439 
f 2442 2437 2381 
f 2462 2460 2381 
f 2383 2384 2388 
f 2388 2387 2383 
f 2395 2386 2385 
f 2386 2395 2396 
f 2444 2390 2389 
f 2389 2390 2473 
f 2473 2471 2389 
f 2389 2471 2477 
f 2390 2444 2450 
f 2482 2473 2390 
f 2393 2392 2391 
f 2391 2392 2395 
f 2392 2393 2394 
f 2396 2395 2392 
f 2397 2394 2393 
f 2394 2397 2398 
f 2633 2606 2400 
f 2404 2405 2454 
f 2454 2432 2404 
f 2405 2430 2454 
f 2407 2408 2409 
f 2410 2409 2408 
f 2409 2410 2463 
f 2464 2463 2410 
f 2465 2419 2411 
f 2690 2465 2411 
f 2412 2413 2417 
f 2418 2417 2413 
f 2418 2416 2415 
f 2415 2416 2483 
f 2415 2417 2418 
f 2423 2421 2420 
f 2420 2421 2426 
f 2420 2422 2423 
f 2426 2425 2420 
f 2429 2423 2422 
f 2422 2428 2429 
f 2482 2430 2424 
f 2424 2470 2472 
f 2691 2470 2424 
f 2424 2472 2482 
f 2427 2476 2691 
f 2626 2429 2428 
f 2482 2454 2430 
f 2431 2466 2690 
f 2431 2690 2696 
f 2432 2454 2455 
f 2432 2455 2539 
f 2489 2434 2433 
f 2433 2488 2489 
f 2489 2441 2434 
f 2438 2437 2436 
f 2436 2437 2441 
f 2487 2438 2436 
f 2436 2441 2489 
f 2436 2485 2487 
f 2489 2485 2436 
f 2437 2438 2439 
f 2442 2441 2437 
f 2448 2439 2438 
f 2438 2447 2448 
f 2487 2447 2438 
f 2448 2440 2439 
f 2477 2462 2440 
f 2445 2444 2443 
f 2491 2445 2443 
f 2443 2447 2493 
f 2444 2445 2450 
f 2445 2449 2450 
f 2447 2487 2493 
f 2451 2450 2449 
f 2482 2455 2454 
f 2456 2457 2458 
f 2464 2457 2456 
f 2456 2463 2464 
f 2459 2458 2457 
f 2462 2461 2460 
f 2461 2462 2476 
f 2477 2476 2462 
f 2690 2466 2465 
f 2469 2468 2467 
f 2468 2469 2479 
f 2479 2478 2468 
f 2470 2471 2472 
f 2477 2471 2470 
f 2470 2476 2477 
f 2691 2476 2470 
f 2473 2472 2471 
f 2472 2473 2482 
f 2478 2479 2480 
f 2481 2480 2479 
f 2487 2485 2484 
f 2484 2485 2488 
f 2484 2486 2487 
f 2489 2488 2485 
f 2493 2487 2486 
f 2486 2492 2493 
f 2496 2495 2494 
f 2663 2601 2523 
f 2523 2601 2677 
f 2523 2619 2663 
f 2653 2546 2525 
f 2534 2559 2668 
f 2540 2553 2631 
f 2679 2561 2540 
f 2540 2631 2679 
f 2679 2675 2561 
f 2564 2603 2636 
f 2681 2649 2585 
f 2622 2639 2682 
