v 8.3904342651367188 81.917823791503906 0
v 8.3904342651367188 81.917823791503906 5.0799994468688956
v 8.455582082819193 81.953935765232345 141.3933410644531
v 8.3904342651367188 81.917823791503906 146.47332763671881
v 10.400010486229039 88.770786098057656 4.4543240070323487
v 10.37728381276931 88.811794545993919 16.29010677337331
v 10.37728377379813 88.811794524404348 130.1832351684493
v 10.370670318603519 88.823722839355469 141.13453651881329
v 10.469490811540361 88.645444319449965 17.23693016115708
v 10.46577641763011 88.652144729239282 129.25666634524131
v 10.475071907043461 88.635372161865234 142.84160614013669
v 10.549557279864899 88.561233823849463 3.325310599848021
v 10.665359204035351 88.292083313477974 17.998578548425819
v 10.66750526428223 88.288215637207031 143.8111572265625
v 10.757703044061451 88.246527599143093 128.33622377614839
v 10.79897467082632 88.051040814028141 2.2227147503268632
v 11.027166103417819 87.639371858234369 18.77851629257189
v 11.08982188589394 87.526336456958759 127.6095434152914
v 10.959512930058279 87.761421535472607 144.6828759717003
v 11.218432545004321 87.452307446629433 1.3714678235219919
v 11.364798018330429 87.030267555209292 145.45631027221711
v 11.64827190579895 86.518861850052133 0.62831524941210315
v 11.857966013264919 86.270409028640572 146.00382590855779
v 12.18117189100456 85.55748518226973 0.1938119530679776
v 12.271995263410711 85.393637228930416 146.33653232640231
v 12.82875813887207 90.117063862903876 4.454324007032274
v 12.806030541001491 90.158069891053103 16.290106773371001
v 12.799416542053221 90.169998168945312 130.6059597956916
v 12.80991710022451 90.15105445278283 141.70724487304679
v 12.83350276947021 84.380653381347656 0
v 12.83350276947021 84.380653381347656 141.3933410644531
v 12.83350276947021 84.380653381347656 146.47332763671881
v 12.89645599668658 89.994938459191246 17.227215405067469
v 12.905655666852329 89.978341972915871 129.1959504192246
v 12.5638134008788 89.840144358302155 142.70363198898519
v 12.98893177881453 89.828106263471042 3.134124415961332
v 13.094106354645209 89.638362839545991 17.998578548427869
v 13.082699075293529 89.658942602957666 143.75397232155831
v 13.110555356137651 89.608686152731707 128.41581344606789
v 13.30426644718842 89.259228095054453 2.0931910041806492
v 13.16433143615723 0.01918424537129226 0
v 13.16433143615723 0 5.0799994468688956
v 13.16433143615723 0 141.3933410644531
v 13.16433143615723 0 146.47332763671881
v 13.16433143615723 73.30548095703125 0
v 13.16433143615723 73.30548095703125 5.0799994468688956
v 13.16433143615723 73.30548095703125 141.3933410644531
v 13.16433143615723 73.30548095703125 146.47332763671881
v 13.580037185002659 88.761724579915054 18.96715454679995
v 13.59490010681175 88.734912075793588 127.4866847626739
v 13.24566329336149 89.018950661112584 144.69289592151151
v 13.45169231598161 88.657134012818631 1.3425276279449461
v 13.74697396436026 88.29683064637301 145.50061566143631
v 13.99400847965158 87.863612847795025 0.65149741132065353
v 14.157786660016759 87.383254016297087 146.0675051826488
v 14.741554346354031 86.617828437705299 0.1102798288060438
v 14.881918199063019 86.298239237858326 146.42301139252379
v 15.434580249150139 85.416036659215479 0.024252866254034441
v 18.244331359863281 0 5.0799994468688956
v 18.244331359863281 0 19.050003051757809
v 18.244331359863281 0 127.4233322143555
v 18.244331359863281 0 141.3933410644531
v 18.244331359863281 8.4666681289672852 19.050003051757809
v 18.244331359863281 8.4666681289672852 27.516670227050781
v 18.244331359863281 8.4666681289672852 118.956672668457
v 18.244331359863281 8.4666681289672852 127.4233322143555
v 18.244331359863281 19.64774590790627 27.523430237373681
v 18.244331359863281 20.025959267670089 118.8982356679921
v 18.244331359863281 20.443748853479789 27.699482112139339
v 18.244331359863281 21.01798919346464 118.4631004084778
v 18.244331359863281 21.272723091171329 28.21418085714474
v 18.244331359863281 21.63235255078045 117.848724754882
v 18.304547509804809 21.881931886520899 29.05316948707268
v 18.244331359863281 22.067498188719579 116.8567002511346
v 18.244331359863281 22.125925064086911 30.279599949173392
v 18.244331359863281 74.6192626953125 5.0799994468688956
v 18.244331359863281 74.6192626953125 27.46927452087402
v 18.244331359863281 74.6192626953125 119.0040740966797
v 18.244331359863281 74.6192626953125 141.3933410644531
v 21.419330596923832 0 0
v 21.419330596923832 0 19.050003051757809
v 21.419330596923832 0 127.4233322143555
v 21.419330596923832 0.024509105815137811 146.47332763671881
v 21.419330596923832 8.4666681289672852 0
v 21.419330596923832 8.4666681289672852 19.050003051757809
v 21.419330596923832 8.4666681289672852 27.516670227050781
v 21.419330596923832 8.4666681289672852 118.956672668457
v 21.419330596923832 8.5369304551831195 127.4154233209297
v 21.419330596923832 8.4666681289672852 146.47332763671881
v 21.419330596923832 12.69999885559082 0
v 21.419330596923832 12.69999885559082 19.050003051757809
v 21.419330596923832 12.69999885559082 146.47332763671881
v 21.419330596923832 19.647745907906259 27.523430237373681
v 21.419330596923832 18.836518558375051 118.956672668457
v 21.419330596923832 20.443748853479789 27.699482112139339
v 21.378092459962311 20.290562271338249 118.8288720848784
v 21.419330596923832 21.240254016326421 118.362924942696
v 21.419330596923832 21.276289837273779 28.21763883152752
v 21.419330596923832 21.819694193668589 28.925859094174719
v 21.419330596923832 21.867392845591969 117.44990422561889
v 21.419330596923832 22.100048684223161 29.804905648714289
v 21.419330596923832 22.119166503139581 116.4784863375917
v 21.419330596923832 28.052595138549801 33.231666564941413
v 21.419330596923832 28.052595138549801 68.791671752929688
v 21.419330596923832 28.052595138549801 77.681671142578125
v 21.419330596923832 28.052595138549801 113.2416687011719
v 21.419330596923832 32.285926818847663 28.998334884643551
v 21.419330596923832 32.256574713044017 33.169661996580821
v 21.419330596923832 32.285926818847663 113.2416687011719
v 21.419330596923832 32.285926818847663 117.4750061035156
v 21.419330596923832 36.954804764142231 73.408740053107223
v 21.419330596923832 36.967761778147107 72.983018229028161
v 21.419330596923832 37.178787032342321 74.106780859288179
v 21.419330596923832 37.169482907181177 72.512253281908642
v 21.451428862220471 37.550509627434323 72.153143124016424
v 21.419330596923832 38.149031592851188 71.968653075770504
v 21.419330596923832 38.214929691871177 74.580860360058509
v 21.419330596923832 38.762057980754612 72.092337191353579
v 21.419330596923832 39.048050316115592 74.191736085866921
v 21.419330596923832 39.238800490915438 72.489919850799708
v 21.419330596923832 39.059257507324219 28.998334884643551
v 21.419330596923832 39.059257507324219 33.231666564941413
v 21.419330596923832 39.059257507324219 113.2416687011719
v 21.419330596923832 39.059257507324219 117.4750061035156
v 21.419330596923832 39.429266769891854 73.597493294839751
v 21.434003508073001 39.468309124874693 73.054302619939776
v 21.419330596923832 58.032335034573087 73.135821033735525
v 21.419330596923832 58.267146930406248 73.848203343148583
v 21.419330596923832 58.374519474517903 72.407069971638322
v 21.419330596923832 58.779675470231332 74.355657788244642
v 21.419330596923832 58.908785731422959 72.057169784111551
v 21.419330596923832 59.767490812021158 71.97200554980445
v 21.419330596923832 59.326125657591717 74.504440289125696
v 21.419330596923832 59.844537554534867 74.417174779937042
v 21.419330596923832 60.266625175114243 74.144087687747103
v 21.419330596923832 60.325318259818168 72.391053682164568
v 21.419330596923832 60.597851986459688 73.590612410005647
v 21.419330596923832 60.630671077562837 73.025140747793159
v 21.419330596923832 61.072593688964837 28.998334884643551
v 21.419330596923832 61.072593688964837 33.231666564941413
v 21.419330596923832 61.072593688964837 113.2451205161568
v 21.419330596923832 61.072593688964837 117.4750061035156
v 21.419330596923832 67.845924377441406 28.998334884643551
v 21.419330596923832 67.845924377441406 33.231666564941413
v 21.419330596923832 67.845924377441406 113.2416687011719
v 21.419330596923832 67.902422180759856 117.39968126052131
v 21.419330596923832 69.539260864257812 33.231666564941413
v 21.419330596923832 69.539260864257812 68.791671752929688
v 21.419330596923832 69.539260864257812 77.681671142578125
v 21.419330596923832 69.539260864257812 113.2416687011719
v 21.419330596923832 74.56802177133379 0
v 21.419330596923832 74.6192626953125 28.363336563110352
v 21.419330596923832 74.6192626953125 118.11000061035161
v 21.419330596923832 74.6192626953125 146.47332763671881
v 22.209437757434781 12.350994889937599 19.050003051757809
v 22.227663385720131 12.396658325098899 127.4350098332588
v 22.054330825805661 32.285926818847663 28.998334884643551
v 22.054330825805661 32.285926818847663 31.644168853759769
v 22.054330825805661 32.285926818847663 114.8291702270508
v 22.054330825805661 32.285926818847663 117.4750061035156
v 22.054330825805661 39.059257507324219 28.998334884643551
v 22.054330825805661 39.059257507324219 31.644168853759769
v 22.054330825805661 39.059257507324219 114.8291702270508
v 22.054330825805661 39.059257507324219 117.4750061035156
v 22.054330825805661 61.072593688964837 28.998334884643551
v 22.121675601248061 61.138768404530559 31.644168853759769
v 22.054330825805661 61.072593688964837 114.8291702270508
v 22.054330825805661 61.072593688964837 117.4750061035156
v 22.054330825805661 67.845924377441406 28.998334884643551
v 22.054330825805661 67.845924377441406 31.644168853759769
v 22.054330825805661 67.845924377441406 114.8291702270508
v 22.054330825805661 67.845827794183592 117.40033591488449
v 22.936365433548421 11.9589560087678 0
v 22.82194423675536 12.023562431335421 19.050003051757809
v 22.950909827645681 11.948497784820031 127.4750158019831
v 22.82194423675541 12.02356243133538 146.47332763671881
v 22.913629531860352 32.285926818847663 31.646881103515621
v 22.852680397149548 39.059257507324219 31.694067258532229
v 22.805276423507809 39.059257507324219 114.8291702270508
v 22.993391752243038 61.072593688964837 31.665666580200089
v 22.85924659358788 67.845924377441406 31.64463084051663
v 22.897130489349362 67.845924377441406 114.8257846832276
v 23.006832122802731 28.052595138549801 33.231666564941413
v 23.006832122802731 28.052595138549801 68.791671752929688
v 23.006832122802731 28.052595138549801 77.681671142578125
v 23.006832122802731 28.052595138549801 113.2416687011719
v 23.006832122802731 31.174753839525341 113.2416687011719
v 23.006832122802731 32.285926818847663 33.231666564941413
v 23.006832122802731 32.252964592630747 36.655518658678709
v 23.006832122802731 32.31654806024828 109.85500335693359
v 23.006832122802731 32.285926818847663 113.2416687011719
v 23.006832122802731 33.132595062255859 38.311668395996087
v 23.006832122802731 33.132595062255859 63.711673736572273
v 23.006832122802731 33.132595062255859 82.761665344238281
v 23.006832122802731 33.132595062255859 108.1616744995117
v 23.006832122802731 33.904506716346702 63.493262905736593
v 23.006857068809008 33.694906255062513 82.873717812095578
v 23.006832122802731 33.797042507118867 38.465052152163153
v 23.006832122802731 34.315468988744747 107.7165414117183
v 23.00689520739305 34.307089906972408 38.890104781273557
v 23.006832122802731 34.295214190958021 83.3258650300982
v 23.006832122802731 34.280937990350147 63.164501783485591
v 23.03437899674821 34.569022647108127 39.432183951650153
v 23.034410953120329 34.569183159289388 62.591071782256769
v 23.034378321538298 34.569023816386007 83.882183287512206
v 23.006832122802731 34.819211693626627 36.618335723876953
v 23.006832122802731 34.745982432068338 68.791671752929688
v 23.006832122802731 34.699825992965543 77.681671142578125
v 23.006832122802731 35.38588075689993 109.85500335693359
v 23.006832122802731 35.249259948730469 38.311668395996087
v 23.006832122802731 35.249259948730469 63.711673736572273
v 23.006832122802731 35.249259948730469 82.761665344238281
v 23.006832122802731 35.249259948730469 108.1616744995117
v 23.006832122802731 35.82000805626933 63.59630934968969
v 23.006832122802731 35.777170108205532 82.860205024830037
v 23.006832122802731 35.630132771981707 108.1112939989827
v 23.006832122802731 36.027016884347709 38.43415120390187
v 23.006832122802731 36.268429510013647 83.168639609885361
v 23.006832122802731 36.374492066085473 63.192083773014858
v 23.006832122802731 36.407720233749849 107.60244047241621
v 23.028242411524971 36.583449183900392 39.152317880779989
v 23.034410786308179 36.685848144994047 62.591071423798518
v 23.046333437400939 36.642345719805377 83.742925630101922
v 23.006832122802731 36.784127986768077 107.01388741907989
v 23.006832122802731 36.942592620849609 68.791671752929688
v 23.006832122802731 36.942592620849609 73.688180211578739
v 23.006832122802731 36.942592620849609 77.681671142578125
v 23.006832122802731 36.902861747683858 78.731539243498048
v 23.006832122802731 36.977231882874293 72.946918898963304
v 23.006832122802731 37.356527162255958 74.247482172812568
v 23.006832122802731 37.265886001495147 72.304076150600167
v 23.006832122802731 37.365928649902337 38.311668395996087
v 23.006832122802731 37.365928649902337 63.711673736572273
v 23.006832122802731 37.365928649902337 82.761665344238281
v 23.006832122802731 37.365928649902337 108.1616744995117
v 23.006832122802731 37.999994091523341 38.396802114691369
v 23.006852533615131 37.86453297620519 63.624646611416551
v 23.006852083840439 37.907134800152107 82.865428101163189
v 23.006832122802731 37.958159315644018 108.0378713158413
v 23.006832122802731 38.159325127959377 74.579365991127077
v 23.006832122802731 38.065771541144109 71.925422842558831
v 23.006832122802731 38.409985323920523 63.291293501137901
v 23.00684883912578 38.500553418718972 38.842459153163297
v 23.006832122802731 38.586294012946993 83.405129142860432
v 23.006832122802731 38.547363574039927 107.7236511964728
v 22.954382561131201 38.673677638950828 72.053614347257835
v 23.006832122802731 38.689185945484738 74.423088706300533
v 23.013458181498589 38.81586105802365 39.493356004327431
v 23.006832122802731 38.830992413886626 62.447719548204738
v 23.008883476257321 38.843183517456048 84.134197235107422
v 23.006832122802731 39.030761908922301 74.206657452279998
v 22.951741375730339 39.177099021226411 72.411538948625449
v 23.006832122802731 39.112176895141602 33.231666564941413
v 23.006832122802731 39.059257507324219 36.618335723876953
v 23.006832122802731 39.059257507324219 109.85500335693359
v 23.006832122802731 39.112176895141602 113.2416687011719
v 23.006832122802731 38.554245492676131 67.881881713867188
v 23.006832122802731 39.392660623139513 73.703801370104301
v 23.006832122802731 39.479077081949043 73.158615327048437
v 23.006832122802731 39.451055339478437 38.278520308074171
v 23.006832122802731 39.482593536376953 63.711673736572273
v 23.006832122802731 39.475581105859213 67.854914376998792
v 23.006832122802731 39.482593536376953 68.791671752929688
v 23.006832122802731 39.482593536376953 77.681671142578125
v 23.006832122802731 39.482593536376953 82.761665344238281
v 23.006832122802731 39.482593536376953 108.1616744995117
v 23.006832122802731 40.115337179110291 82.81216213800451
v 23.006832122802731 40.072383742335461 108.1144656637159
v 23.006832122802731 40.331709615642218 38.580523557922973
v 23.006832122802731 40.136399615246603 63.558187783799887
v 23.006832122802731 40.591605812869048 107.6614375843469
v 23.006832122802731 40.707031997901296 63.160902789697722
v 23.006832122802731 40.604917345487621 83.277778696677402
v 23.034085078030611 40.86400182831207 39.261960475181468
v 23.032891787718341 40.933857264646043 62.497717795288857
v 23.034379788072581 40.919022945709479 83.882183308382352
v 23.075081778895139 40.884634965255323 107.0217309948914
v 23.006832122802731 52.769119446122488 33.246562013915423
v 23.006832122802731 42.029246909132162 36.83808516538253
v 22.92706792736233 40.893104759418542 68.791671752929688
v 23.006832122802731 40.713196067160887 77.681671142578125
v 23.006832122802731 45.125416911590158 113.2416687011719
v 23.006832122802731 41.599258422851562 38.311668395996087
v 23.006832122802731 41.599258422851562 63.711673736572273
v 23.006832122802731 41.599258422851562 82.761665344238281
v 23.006832122802731 42.280124948903037 63.544867226141399
v 23.006832122802731 42.324358623810497 38.440874935019792
v 23.006832122802731 42.268120925996683 82.827846108256864
v 23.006832122802731 42.41439034987927 107.91727447927011
v 23.006893935074839 42.791298539555548 38.914967475460458
v 23.006832122802731 42.852841734765128 83.233604134075804
v 23.006832122802731 42.850553047121807 107.49918769597571
v 23.006832122802731 42.752166565109981 63.159063354221892
v 23.058107204123569 43.021106847903717 62.453918820898572
v 23.03438115802545 43.035688838960738 83.882183553948707
v 23.08306809822707 42.991985763457208 106.9413423973463
v 23.025630775556429 43.058996081351147 39.563130447195128
v 23.006832122802731 43.342369448771052 77.698330432538697
v 23.006832122802731 43.889587379172383 109.867830421747
v 23.006832122802731 43.715927124023438 38.311668395996087
v 23.006832122802731 43.715927124023438 63.711673736572273
v 23.006832122802731 43.715927124023438 82.761665344238281
v 23.006832122802731 43.715927124023438 108.1616744995117
v 23.00686732495809 44.278216616752061 63.599631426152939
v 23.00685205118695 44.257134100740217 82.865428425719017
v 23.066413437429571 44.216180598505957 108.0739030807259
v 23.006832122802731 44.85413144439655 107.7661428856115
v 23.006832122802731 44.868901028839723 38.864351381539812
v 23.006832122802731 44.862711447580267 83.306965279900822
v 23.006832122802731 44.887181035025357 63.157514472943937
v 23.032312484364152 45.15250636421947 39.432657689268531
v 23.03441232081882 45.152516468621798 62.591071421385372
v 23.034379724094041 45.152356473725753 83.8821831008418
v 23.034411039898121 45.152516481463707 107.04107097426269
v 23.006832122802731 45.275720673837377 68.724554064801524
v 23.006832122802731 45.832592010498047 38.311668395996087
v 23.006832122802731 45.784413822628629 63.726319358920883
v 23.006832122802731 45.832592010498047 82.761665344238281
v 23.006832122802731 45.832592010498047 108.1616744995117
v 23.006832122802731 46.400711979689149 108.1210727302891
v 23.006832122802731 46.51684466934293 63.543200817368799
v 23.006832122802731 46.848227556053068 107.7582672078135
v 23.006832122802731 47.211852172329543 39.255473852204112
v 23.006832122802731 46.981036757980277 63.164389389390379
v 23.006832122802731 47.314258575439453 40.803571699630432
v 23.03441228562232 47.269181509984733 62.591070856351656
v 23.03437982643208 47.269021511284379 83.882183625305615
v 23.034411004908819 47.26918152285738 107.0410704091767
v 23.006832122802731 47.111434356124612 36.860779191708303
v 23.006832122802731 48.236289994273442 109.433657670258
v 23.006832122802731 47.949260711669922 38.311668395996087
v 23.006832122802731 47.88614015072443 63.67734433569197
v 23.006832122802731 47.949260711669922 82.761665344238281
v 23.006832122802731 47.949260711669922 108.1616744995117
v 23.00695834842714 48.63626099511233 38.48148849589947
v 23.006832122802731 48.629612329629857 63.545119300737163
v 23.006832122802731 48.441315694607049 108.1202222962138
v 23.006832122802731 49.000971458029383 107.7218488362107
v 23.006832122802731 48.895745310086284 82.991146373642053
v 23.006832122802731 49.178733873815517 63.181136445973458
v 23.006832122802731 49.1104844214805 38.874195228785332
v 23.034380234953581 49.385688846144738 39.432183603339539
v 23.034412051617341 49.385849515725461 62.59107202404477
v 23.034379555968929 49.385690015590477 83.882182938756316
v 23.034410770557361 49.385849528511898 107.0410715769336
v 23.006832122802731 50.254288558771613 37.006134056787609
v 23.006832122802731 50.022029678762287 68.791327105971504
v 23.006832122802731 50.25391072411918 77.746482324456281
v 23.006832122802731 50.065925598144531 38.311668395996087
v 23.006832122802731 50.065925598144531 63.711673736572273
v 23.006832122802731 50.065925598144531 82.761665344238281
v 23.006832122802731 50.065925598144531 108.1616744995117
v 23.00684815471076 50.505295727891102 38.379574299261733
v 23.006832122802731 50.788811560008398 63.522691668645329
v 23.006832122802731 50.587916133206903 108.1572759282891
v 23.006832122802731 51.117637857669934 107.72184923406471
v 23.006832122802731 51.223049972538767 38.837041766520137
v 23.006832122802731 51.29257795648391 63.05929503581028
v 23.006832122802731 51.461316185401017 83.450558051453143
v 23.021702964538409 51.485573703074188 39.373899687656888
v 23.03441109601545 51.502514549525749 107.0410710776197
v 23.008883476257321 51.543186187744141 62.339139938354492
v 23.007333755493171 51.547010421752923 84.213878631591726
v 23.006832122802731 52.138699969756068 109.60743481788521
v 23.006832122802731 52.182594299316413 38.311668395996087
v 23.006832122802731 52.182594299316413 63.711673736572273
v 23.006832122802731 52.182594299316413 82.761665344238281
v 23.006832122802731 52.182594299316413 108.1616744995117
v 23.006855472591798 52.547938725628697 38.357441233691183
v 23.006832122802731 52.741764054088407 63.687801956242829
v 23.006832122802731 52.764657300043368 82.881475066610477
v 23.006832122802731 52.533130636166902 108.11902447383549
v 23.006832122802731 53.234303307314207 107.7218486655679
v 23.006832122802731 53.221488468407493 38.66758056206546
v 23.006832122802731 53.22899690741292 63.277204497257998
v 23.006832122802731 53.352824833283883 83.300012663136528
v 23.03437916815874 53.619021534081817 39.432183735256181
v 23.006832122802731 53.624289988595997 62.569750887134191
v 23.03231239352931 53.619324232429292 107.04060342882509
v 23.006832122802731 53.664260864257812 85.403768521736254
v 23.006832122802731 53.272480202412112 36.593825457457143
v 23.006832122802731 54.252219216264884 109.59654733658139
v 23.006832122802731 54.299259185791023 38.311668395996087
v 23.006832122802731 54.299259185791023 63.711673736572273
v 23.006832122802731 54.299259185791023 82.761665344238281
v 23.006832122802731 54.299259185791023 108.1616744995117
v 23.006832122802731 54.966384605058558 63.551631312631798
v 23.006832122802731 54.904235021005007 82.891114292702255
v 23.006832122802731 54.649795522642563 108.1190244738353
v 23.006832122802731 55.362064357343648 83.212684647220883
v 23.006832122802731 55.335763515448768 107.7908662608576
v 23.006832122802731 55.700966529248262 39.314239897559091
v 23.006832122802731 55.436631969124768 63.177599114148933
v 23.034410678049049 55.735851098360961 62.591071785883273
v 23.006832122802731 55.749108624263158 83.812309415432978
v 23.034409397162658 55.735851110847463 107.0410713388367
v 23.006832122802731 56.440282195784143 68.791671752929688
v 23.006832122802731 55.585164132303902 77.681671142578125
v 23.006832122802731 56.415927886962891 38.311668395996087
v 23.006832122802731 56.415927886962891 63.711673736572273
v 23.006832122802731 56.415927886962891 82.761665344238281
v 23.006832122802731 56.415927886962891 108.1616744995117
v 23.006832122802731 57.04594414162527 82.850401932706276
v 23.006832122802731 57.030575762638833 108.0893387335506
v 23.006832122802731 57.255751324418533 63.449499044303991
v 23.006832122802731 57.508202857458002 38.726642795542134
v 23.006832122802731 57.669618975755192 83.311678604555027
v 23.006832122802731 57.472862592008653 107.71657307306531
v 23.006832122802731 57.875102962536332 39.540495675659763
v 23.034410501990031 57.852516001290738 62.591071730050999
v 23.0343776090529 57.852356633564639 83.882183245319709
v 23.006832122802731 57.858274424184252 107.0165027864702
v 22.941984431653879 58.068254135562633 68.791671752929688
v 22.929234407931219 58.116496374315453 73.102038558923269
v 23.006832122802731 58.109260559082031 77.681671142578125
v 23.023783293612979 58.13571834564209 78.708802772017293
v 23.006832122802731 58.333194557680081 35.785195143354677
v 23.006832122802731 58.375305952753934 109.5902479104398
v 22.945386383020619 58.288658976788057 72.58709491380435
v 22.932530909100031 58.719593455479597 74.3206073413605
v 23.006832122802731 58.532596588134773 63.711673736572273
v 23.006832122802731 58.532596588134773 108.1616744995117
v 23.00694366788613 59.233521438634511 38.488343085532406
v 23.006832122802731 58.971961575874779 108.0937654812565
v 23.006832122802731 58.889621524346822 72.065514861492503
v 23.006832122802731 59.224021623615883 63.539668201334081
v 22.954752371321749 59.263821089101668 74.501054287814057
v 22.999051478480769 59.57970569817811 71.98366542648904
v 23.006832122802731 59.687479842546253 107.76507521637519
v 23.006832122802731 59.770334470335143 83.301315461020295
v 22.92394002421192 59.84319405929363 74.417706705378961
v 23.006832122802731 59.751372727901007 63.102150334584728
v 23.085595625108631 59.693779062233737 38.874549804208272
v 23.034380034489871 59.969021383901207 39.432184254125623
v 23.07045858592355 59.940029519122042 62.340455458658319
v 23.034379369679758 59.969022553655073 83.882183591403489
v 23.034410712757751 59.969182175875467 107.041070817828
v 23.006832122802731 60.130157707045313 72.108911484776627
v 22.96342987649961 60.251837399742961 74.159189290215153
v 22.97336236507622 60.380297791249447 72.456760685322024
v 23.006832122802731 60.638977412890632 73.390403090272841
v 23.006832122802731 60.649261474609382 38.311668395996087
v 23.006832122802731 60.649261474609382 63.711673736572273
v 23.022789955139149 60.649261474609382 67.792897224426255
v 23.006832122802731 60.649261474609382 68.791671752929688
v 23.006832122802731 60.649261474609382 77.681671142578125
v 23.036918044090321 60.649261474609382 78.718400478363009
v 23.006832122802731 60.649261474609382 82.761665344238281
v 23.006832122802731 60.649261474609382 108.1616744995117
v 23.006832122802731 61.191935740008191 63.60733695811831
v 23.006832122802731 61.072593688964837 33.231666564941413
v 23.006832122802731 61.072593688964837 36.551247436273577
v 23.006832122802731 61.072593688964837 109.85500335693359
v 23.006832122802731 61.072593688964837 113.2416687011719
v 23.006892981902372 61.456856411130481 38.551492483537963
v 23.00684524896263 61.303068556621398 82.915149920978266
v 23.006832122802731 61.720046971727072 63.384485393025777
v 23.006832122802731 61.808043049582622 107.7784334172585
v 23.006832122802731 61.876960227047071 83.273003466230136
v 23.044598630649809 61.987415365121308 39.160909276817087
v 23.023375823582889 62.013329900117448 62.808117229261903
v 23.069304521555711 62.058039095728482 84.076676536313002
v 23.040684628694471 62.091431046165212 107.00330481507871
v 22.940022198677511 62.597397100405978 68.791671752929688
v 23.006832122802731 62.175935902807367 77.681671142578125
v 23.006832122802731 62.786325836805162 109.85500335693359
v 23.006832122802731 62.765926361083977 38.311668395996087
v 23.006832122802731 62.765926361083977 63.711673736572273
v 23.006832122802731 62.765926361083977 82.761665344238281
v 23.006832122802731 62.765926361083977 108.1616744995117
v 23.00685008919525 63.328241067789143 38.423714870364783
v 23.006832122802731 63.487542381970798 63.612204602182111
v 23.006832122802731 63.556698116314458 82.875323093115838
v 23.006832122802731 63.74322739884262 107.92231627801981
v 23.006873866768089 63.930059132485738 38.877658652585531
v 23.006832122802731 64.273608627169068 62.615076562850973
v 23.006832122802731 63.973193582464738 83.38655698964611
v 23.006832122802731 64.30009477175831 106.9805215239701
v 23.034378231507219 64.202356690223837 39.432183501234199
v 23.008449227773209 64.245710133426655 95.487188340368547
v 23.006832122802731 67.845924377441406 33.231666564941413
v 23.006832122802731 67.845924377441406 36.618335723876953
v 23.006832122802731 67.845924377441406 109.85500335693359
v 23.006832122802731 67.845924377441406 113.2416687011719
v 23.006832122802731 69.539260864257812 33.231666564941413
v 23.006832122802731 69.539260864257812 68.791671752929688
v 23.006832122802731 69.539260864257812 77.681671142578125
v 23.006832122802731 69.461101798146473 113.2416687011719
v 23.006832122802731 37.024577393525583 67.608587276405729
v 23.006832122802731 58.13587290279969 67.756417374885245
v 23.228409051895088 32.285926818847663 114.7209863662718
v 22.964149172566749 61.072593688964837 114.8201604849356
v 23.18232200499823 39.374265351370497 67.539119160181968
v 23.1688361167908 60.649261474609382 67.561778545379653
v 23.35943795336151 37.012504090649998 69.500296542542443
v 23.380278423901359 37.016937248059691 77.193092186807007
v 23.35547705550265 39.415042641574033 69.832878094656778
v 23.55295361554554 39.415493410392223 77.66204890558474
v 23.493014708207308 58.283484831498328 69.600154349117858
v 23.4677952550343 58.258265378325319 76.573799023773262
v 23.387992226378611 60.563001973832357 69.42278125014154
v 23.335538469217472 60.591673678533738 76.39225126178539
v 23.472931953783959 60.513399066001867 77.221562759054095
v 23.237038118563049 38.819277417641771 78.967798003535577
v 23.216786950546009 59.76868945569867 78.956744932197125
v 23.40485722163454 34.149896873991473 38.717999263590997
v 23.37511775072505 34.184592580576187 63.270889074658427
v 23.404839987835139 34.149916979615831 83.168019422034973
v 23.46161065734146 36.20035202083286 63.346827828328713
v 23.392471681270351 36.281014707919937 107.6950448080876
v 23.310769496515061 38.492998223390678 63.189915561838433
v 23.527980804443359 38.239585876464837 107.87668609619141
v 23.393676249873039 40.51294097268903 38.736497665570738
v 23.277179114568071 40.444311362223402 83.117514835190605
v 23.434988543046451 40.464743880258467 107.7075756353623
v 23.33448611853591 42.683333476511422 63.239296476957037
v 23.339349419468022 42.589875098382272 83.143836405791873
v 23.378756657799979 42.647014331648293 107.6277292743478
v 23.504742240615059 44.616696599265687 38.618438251658453
v 23.407399257393632 44.730264664689393 63.229763918868578
v 23.473088921451382 44.653626375969417 107.7654001598403
v 23.451914576880309 46.794998112644627 63.355369954527212
v 23.268618023592889 46.869012983262969 83.185956158807898
v 23.338493990526821 46.9273211923189 107.5287652607543
v 23.243704568533971 49.120935755984647 83.337867952369365
v 23.504353916227078 48.77514378829671 107.9083741075102
v 23.480494198812838 50.994985829854599 107.7564956490271
v 23.339203136687889 53.276494445299512 38.955892019218162
v 23.52798531277395 53.056250080801327 107.8766895587286
v 23.302277867483571 55.261390308251691 63.356077827540119
v 23.312643428459271 55.424148259180463 83.280915705181812
v 23.422735551279381 55.295707576496689 107.6140052069138
v 23.31814068720681 57.534398797230907 39.02171339992239
v 23.405801626340239 57.432130217049362 83.26915072061702
v 23.429243379376 57.404781463031412 107.78278581188189
v 23.41375754514247 59.53951402330388 107.69887398039771
v 23.368512978599611 61.634237022106568 107.7867858792121
v 23.522168335572111 63.646368454757557 38.60210195244062
v 23.453224808428821 63.726803862570698 63.311916041269043
v 23.368386700317831 63.825782022531641 83.235126018062147
v 23.5601573084991 63.602047754560722 107.84150385436639
v 23.734773291014712 36.962297692755612 68.451364034358178
v 23.60024082949408 36.942592620849609 67.490368620471884
v 23.334187030792169 58.109260559082031 67.48860406875599
v 23.55542061814036 58.145440994854397 77.779390381679931
v 23.399330615997322 32.285926818847663 31.88667035102846
v 23.38305660339341 39.013561605672983 31.851720753985521
v 23.39324249937933 61.072593688964837 31.86150643668952
v 23.399330615997311 67.845924377441406 31.886670351028471
v 23.637599686277628 37.428606977141428 76.935498008253688
v 23.533816896761959 39.465702224872487 68.626611427663676
v 23.55486057005222 38.208225817160212 38.57600649749434
v 23.404239323806141 42.617284913056068 38.718694666841643
v 23.407684803009051 36.942592620849609 79.006752967834458
v 23.407684803009051 39.482593536376953 79.006752967834458
v 23.407684803009051 58.109260559082031 79.006752967834458
v 23.407684803009051 60.649261474609382 79.006752967834458
v 23.540638283280359 39.482593536376953 67.527969149515101
v 23.49379730224609 60.649261474609382 67.463356018066406
v 23.71930405982015 58.123723929061242 68.43674244138704
v 23.819499939376531 37.899479003736467 63.610206100247801
v 23.64837081821663 48.68246517726395 38.506944571271831
v 23.71056253426439 48.609909097712418 82.961420774538595
v 23.71056022884898 52.843240470665052 38.511420250118228
v 23.640450564945461 55.012760803026737 38.496531057116897
v 23.659777685245981 57.135824781048839 38.565411014818061
v 23.71056218837435 59.193241697501357 38.511420249944599
v 23.598823547363281 32.444833513416611 114.29315185546881
v 23.390063051481121 39.04741418423049 114.61501758382749
v 23.51168107986447 61.072593688964837 114.4591846466064
v 23.47446250915527 67.845924377441406 114.52294921875
v 23.844899831922611 36.946747246251462 78.190431076756269
v 23.60944201164012 60.648608680267976 68.385873211706524
v 23.798493149490341 60.638850828511998 78.114924136707202
v 23.588082367304409 11.335461177034791 0
v 23.48014309064617 11.40667047241543 19.050003051757809
v 23.595405578613281 11.32677125930786 146.47332763671881
v 23.642031385301191 38.977703094482422 69.399339701967534
v 23.64183235168457 38.895148922657043 77.001200641180063
v 23.64183235168457 58.901690534226582 69.581506806013124
v 23.662503973460272 60.080048772265343 69.267152741119673
v 23.79645686732254 58.5191436692499 68.931662003377369
v 23.62303185462947 32.285926818847663 32.308772563934447
v 23.623031854629481 39.059257507324219 32.308772563934369
v 23.623031854629509 61.072593688964837 32.308772563934333
v 23.623031854629481 67.845924377441406 32.308772563934369
v 23.62593445759769 58.514703034795623 77.101637440008773
v 23.64183235168457 32.381006559525588 113.57273507465339
v 23.630035638809218 39.059257507324219 114.1410417556763
v 23.64183235168457 61.072593688964837 113.5346773750292
v 23.64183235168457 67.843292870558301 113.74634714904261
v 23.855208491134398 60.341095160029219 77.666398003417541
v 23.8554788592302 38.979666689984683 77.588248556700691
v 24.108235330888022 58.153916677858739 78.139701505106672
v 23.688988349169009 37.41574651353708 69.156160279402926
v 23.642315233660518 60.012176306870778 77.034903695612044
v 23.778020220530589 33.714539227954411 38.447462164312107
v 23.813539283639411 33.673101503941183 63.607424143911402
v 23.822752982828671 33.662351680302002 82.861613974554857
v 23.74784288618153 33.635410271837188 108.07253898092389
v 23.694152751650961 35.882175606966797 38.454394218344753
v 23.84439673445727 35.753767452666239 63.621825928650168
v 23.588539106733741 36.052265756617828 83.000142684340034
v 23.825524311686682 35.77578558522292 108.06301474261559
v 23.67839261621106 38.064107262760103 82.938556341717458
v 23.722197101635469 40.129668108434238 63.517978647858058
v 23.663724949727499 40.197885670178223 83.019114501978706
v 23.763473004276641 40.081511119369651 107.98319469161871
v 23.772519222842568 42.187624514714066 38.435062539529341
v 23.76799104030313 42.19290729155766 63.586165874729318
v 23.76708381356223 42.193965702162131 82.887600213227159
v 23.74813120782219 42.216078278754317 108.02689784603859
v 18.244331359863281 68.695359442011735 66.596028889022065
v 23.797385788497081 44.275278972374252 63.599884987122593
v 23.525461254909011 44.592527290210278 83.049015449502662
v 23.798375344311289 44.169340611823777 108.0895542997868
v 23.57379702215643 46.652800642148698 38.561461310596201
v 23.86458702645783 46.313547108162119 63.631251023337789
v 23.744497075284588 46.453648236858122 82.89813721182388
v 23.686005884327471 46.521891392312632 107.9894393160519
v 23.800306150343449 48.505205537489609 63.60124797795806
v 23.552315811344489 50.77434166296522 38.493594570708282
v 23.68669988869954 50.754412322071232 63.539863578721317
v 23.712265909033629 50.724585079756658 82.917814966704384
v 23.86734771728516 50.543659210205078 108.08254241943359
v 23.888240684946648 52.635949105719689 63.639405530761337
v 23.730098539976439 52.762626115214928 82.881651962641797
v 23.795781623753221 54.86048510711025 63.599136291598029
v 23.692454758083471 54.98103422108835 82.953980876335237
v 23.820261165968091 54.831924708980686 108.0468504009806
v 23.603545320140331 57.201426456442441 63.4635201704791
v 23.585900736385 57.007718523333722 82.886145299671668
v 23.82254833088205 56.945923276895158 108.06162579330849
v 23.69444678018225 59.212044252607413 63.489242912048518
v 23.573659753857271 59.352957748635177 83.011570902951902
v 23.78346475347492 59.108187815219367 108.03996944475659
v 23.68011437156731 61.302689107234933 38.46515473888492
v 23.80603895671069 61.198518156463606 63.603923592471311
v 23.700676058401019 61.321442547720338 82.924911691536408
v 23.775550235637201 61.234087638982203 108.0396908494648
v 23.9362028517677 63.163325622850053 63.640782117840693
v 23.650062737457571 63.330806739884991 82.875441894635813
v 23.384707911165751 63.153012782094088 108.10909103231521
v 23.64183235168457 32.285926818847663 36.618335723876953
v 23.64183235168457 32.285926818847663 109.85500335693359
v 23.64183235168457 38.967755096903673 36.618335723876953
v 23.64183235168457 39.052956195579632 109.9121575346946
v 23.64183235168457 61.072593688964837 36.618335723876953
v 23.64183235168457 61.072593688964837 109.85500335693359
v 23.64183235168457 67.845924377441406 36.618335723876953
v 23.64183235168457 67.845924377441406 109.85500335693359
v 23.805367970817141 37.203605967204084 77.652638072053691
v 23.836653300498821 58.490228634896518 77.604544049715273
v 23.826307089075151 60.383545175081629 68.803335944460514
v 24.360365880536602 39.428766537988473 68.297093694037187
v 24.248556535869469 39.072988605673302 77.85384428342384
v 23.90946731557823 39.08618154281352 68.802946780425074
v 23.815998077392582 59.373339218161441 68.935874938964844
v 24.232742397843548 39.463825416916769 78.251325578123016
v 23.820767113829159 37.211251677145633 68.811495534922955
v 24.04127130823052 10.59113083982133 0
v 24.036823749542229 10.680982828140261 19.050003051757809
v 24.036823749542229 10.680982828140261 127.4233322143555
v 24.082880865018939 10.61741275263728 146.47332763671881
v 24.305517907959661 60.577563567064082 68.339861429344595
v 23.837182751597549 39.995517488502053 38.461963726225697
v 24.132286135877639 36.959626775710937 67.652121279269366
v 24.268018567213161 36.989446750307003 78.770392538030194
v 24.443235636013799 58.109260559082031 78.704777253563108
v 24.200628843263161 58.635823070082168 68.652985924352564
v 24.1841463533245 58.520502992141537 77.83201582596196
v 24.25144753068107 60.268239075130808 77.863673559254451
v 24.315599701560942 60.197080702116942 68.612692445251682
v 24.248858463987119 58.182061895201791 68.352798031703273
v 24.326751538898272 37.420066882470749 68.614040483989314
v 24.28976467104167 37.270054274807023 77.89384226125155
v 24.44527625932643 39.061894974146647 68.589653841583612
v 24.27683258056641 33.132595062255859 38.311668395996087
v 24.27683258056641 33.132595062255859 63.711673736572273
v 24.27683258056641 33.132595062255859 82.761665344238281
v 24.27683258056641 33.132595062255859 108.1616744995117
v 24.27683258056641 35.249259948730469 38.343036114881777
v 24.27683258056641 35.249259948730469 63.682896217121687
v 24.27683258056641 35.249259948730469 82.761665344238281
v 24.27683258056641 35.249259948730469 108.1616744995117
v 24.221295538744759 37.430721678761557 38.357303499466937
v 24.27683258056641 37.365928649902337 63.711673736572273
v 24.27683258056641 37.365928649902337 82.761665344238281
v 24.231466118894492 37.418854136444203 108.1587326442469
v 24.26526769531981 39.482593536376953 38.311668395996087
v 24.152043530982588 39.482593536376953 63.711673736572273
v 24.27683258056641 39.482593536376953 82.761665344238281
v 24.27683258056641 39.482593536376953 108.1616744995117
v 24.27683258056641 41.599258422851562 38.357551641896698
v 24.27683258056641 41.599258422851562 63.711673736572273
v 24.27683258056641 41.599258422851562 82.761665344238281
v 24.27683258056641 41.599258422851562 108.1616744995117
v 24.27683258056641 43.715927124023438 38.311668395996087
v 24.27683258056641 43.715927124023438 63.711673736572273
v 24.27683258056641 43.715927124023438 82.778345786836312
v 24.27683258056641 43.715927124023438 108.07679138549391
v 24.27683258056641 45.832592010498047 38.311668395996087
v 24.27683258056641 45.832592010498047 63.61093094044908
v 24.27683258056641 45.832592010498047 82.761665344238281
v 24.27683258056641 45.832592010498047 108.1616744995117
v 24.27683258056641 47.949260711669922 38.311668395996087
v 24.27683258056641 47.949260711669922 63.697021436856147
v 24.209719648314881 48.027558525481979 82.766017381532052
v 24.166496795403479 47.949260711669922 108.1616744995117
v 24.27683258056641 50.065925598144531 38.311668395996087
v 24.178840845999439 50.065925598144531 63.666060814750189
v 24.27683258056641 50.065925598144531 82.761665344238281
v 24.27683258056641 50.065925598144531 108.0933415110492
v 24.27683258056641 52.182594299316413 38.328194227566513
v 24.27683258056641 52.182594299316413 63.614176179442808
v 24.27683258056641 52.182594299316413 82.761665344238281
v 24.217707979457451 54.368237352204481 38.315498139106523
v 24.27683258056641 54.299259185791023 63.658844016573539
v 24.27683258056641 54.299259185791023 82.761665344238281
v 24.27683258056641 54.299259185791023 108.1616744995117
v 24.134897028809959 56.433644701921473 38.312465854648757
v 24.27683258056641 56.415927886962891 63.711673736572273
v 24.27683258056641 56.415927886962891 82.761665344238281
v 24.27683258056641 56.415927886962891 108.1616744995117
v 24.27683258056641 58.532596588134773 38.311668395996087
v 24.27683258056641 58.532596588134773 63.711673736572273
v 24.17073785068045 58.532596588134773 82.761665344238281
v 24.23191850800961 58.532596588134773 108.1616744995117
v 24.27683258056641 60.649261474609382 38.378972067349821
v 24.27683258056641 60.649261474609382 63.681717719189521
v 24.27683258056641 60.649261474609382 82.761665344238281
v 24.27683258056641 60.649261474609382 108.1616744995117
v 24.27683258056641 62.765926361083977 38.311668395996087
v 24.27683258056641 62.765926361083977 63.711673736572273
v 24.218799849365329 62.765926361083977 82.831334692466129
v 24.27683258056641 62.765926361083977 108.1616744995117
v 24.680717517064071 37.027214008511997 78.109704420310891
v 24.604342477608849 60.560527075367339 78.113506509381267
v 24.4656982421875 9.6367301940917969 0
v 24.451231692946539 9.6855038312968418 19.010652325773648
v 24.469456027308748 9.6187430975214259 127.4233322143555
v 24.448309638026899 9.6953554720834738 146.47332763671881
v 24.66520797323555 37.190363949300142 68.53045464379251
v 24.784707448676361 58.724186899605932 68.657805794551095
v 24.723150293516849 58.700225996152987 77.835950555514955
v 24.916563034057621 36.942592620849609 67.989990234375
v 24.661221646050599 39.482593536376953 67.869184772279596
v 24.75911254804528 39.450663932168993 78.55784461431098
v 24.6926383972168 58.109260559082031 67.884048461914062
v 25.042586172567979 60.649261474609382 68.063076745154149
v 24.6926383972168 60.649261474609382 78.58929443359375
v 24.821470754724501 60.286432375048093 68.635770724086498
v 24.929296707184861 37.563175613954492 77.745808758192965
v 24.850972073563511 58.220188636540911 78.02476601323427
v 24.594331741333011 8.4666681289672852 0
v 24.594331741333011 8.4666681289672852 19.050003051757809
v 24.594331741333011 8.4666681289672852 127.4233322143555
v 24.594331741333011 8.4666681289672852 146.47332763671881
v 25.0361866010245 37.031898630046101 68.501267689480187
v 25.047518125173319 37.440249322612033 68.802894477618324
v 25.228107145381539 38.738614906552357 68.926913912903515
v 24.863316820868011 60.27043169723558 77.812305504836033
v 24.955940702547139 39.417730115813683 78.059695328648857
v 24.797557689182181 38.977703094482422 77.812881603896741
v 25.075972866881411 58.321571350097663 68.685784458945207
v 25.895797632850339 38.976019583881957 76.985628544792092
v 25.554354631034631 58.852119765650308 69.178363590089631
v 25.326638157110821 58.67641065289817 77.473385983408818
v 25.298951766288059 60.34284870515831 68.905233564717847
v 25.726665939601581 60.204179966604357 77.155080307357863
v 25.667050941967751 37.058635711669922 68.997143403750187
v 25.782008081846861 39.392982482910163 77.427632526844462
v 25.599724405558689 36.959904058748897 68.416152611851359
v 25.300535019979129 36.970045553889243 78.260669961593209
v 25.616058217966419 39.482593536376953 68.455002166208573
v 25.585379100257821 39.435675504717317 78.067193878152324
v 25.54831600189209 58.109260559082031 68.380287170410156
v 25.212885941242991 58.120373158078721 78.311501621664135
v 25.736574189301891 37.065333396286228 77.4083305776755
v 25.769011344506008 58.25469970703125 77.342434180731161
v 25.339214858044159 60.605521268586052 68.597368370427475
v 25.448370288256729 60.600160017022873 77.788227226255898
v 25.26032835814431 39.264875173647873 68.813619298684415
v 26.046419269949261 37.357830047607422 69.625810756403425
v 26.04721873638637 38.977703094482422 69.648470360066355
v 26.12109267885209 39.337154388427727 69.470753996357445
v 26.088636621173659 37.514597009817827 76.778126829729146
v 26.05402097062537 58.773910581828503 76.814900624935731
v 26.52477923882007 58.30658007187602 70.024819192128447
v 26.755261967069881 60.555083106892553 70.157851195489144
v 26.258880863277 58.109260559082031 68.962380313008353
v 26.327499614259722 60.649261474609382 69.029775322634194
v 26.719497071548489 58.212164015463813 76.345800475793851
v 26.474040000701759 60.503818511962891 76.593873287149847
v 26.659755662390111 58.806034041467043 70.455852738723763
v 26.064696790124049 60.075203649679338 69.669783683883352
v 26.415617578284209 36.942592620849609 69.116321797884609
v 26.486185073852539 36.942592620849609 77.287712097167969
v 26.56415833958571 39.440473518958278 69.276206222262857
v 26.426897456755441 39.482593536376953 77.328399047992434
v 26.207434528782731 58.109260559082031 77.561491427149065
v 26.13271331787109 60.649261474609382 77.634880065917969
v 26.771088720551731 37.008922576904297 76.372542204201807
v 26.71261622477531 39.282015636002839 76.171531763793084
v 26.923879494184138 39.048197938893033 70.911897733754827
v 26.909173027714829 38.463043920357578 75.562373795948375
v 26.759820288918359 58.553592551365199 75.867436479573428
v 26.77560026552014 60.162697127627581 70.645946500492158
v 26.76785994176382 59.861859482593587 75.832390515957542
v 27.010824969074971 37.437882492968093 71.115571334359728
v 26.791191968447841 37.439341801724041 75.798181806973204
v 27.32135033648828 60.528277624912747 71.347195767398745
v 26.7498308679247 37.049647447421641 70.181714112364233
v 26.976265195982592 36.942592620849609 69.791310313237219
v 27.077884323083762 39.482593536376953 76.541824225451549
v 27.007312830204562 58.109260559082031 69.834148092910795
v 26.943846650104138 58.109260559082031 76.726761868751836
v 26.954798698425289 60.649261474609382 69.761692047119141
v 27.07697804383567 60.628989244553573 76.543074658591621
v 27.259436071790478 58.927064058279427 74.646781935810367
v 27.20042216069729 59.933328716422018 74.836169918263295
v 27.33868314096917 37.088031768798828 71.484306947383203
v 27.273104190953219 39.37565202740511 71.175188707044128
v 27.080691802923869 39.482593536376953 70.041259355191627
v 27.376458425319608 58.281962454080073 74.776223364906912
v 27.079762205394239 58.963424721296299 71.297720143697916
v 27.331888828306411 60.070442270189368 72.13112490848232
v 27.38433109508928 39.312824478675367 74.760822873373641
v 27.34440363815472 37.032207489013672 75.18416588987904
v 27.231345359117199 60.457692522833348 75.155575468667919
v 27.540033441277981 36.942592620849609 70.75703130248823
v 27.730440789215219 58.109260559082031 71.220359241230625
v 27.395839306763239 60.649261474609382 70.465931686482833
v 27.169340542226511 58.324173385486141 71.21408258762132
v 27.38825871584045 37.459178229864293 72.434384739284965
v 27.343911444459621 39.053043174787611 72.121713969592463
v 27.351572025107519 38.862130494953952 74.256814921991094
v 27.57866492223069 58.109260559082031 75.6371111847821
v 27.403490793308031 37.573753879862103 73.929593052886133
v 27.356401443481449 36.968695386078863 76.087020874023438
v 27.6009134054184 60.649261474609382 75.516371250152588
v 27.42322819749403 58.572064869501837 72.626094911065124
v 27.693309681477249 39.390195140247599 73.183189782475225
v 27.476145375240019 39.105198726047128 73.236668090308257
v 27.600657166917291 39.482593536376953 70.891885151682672
v 27.693005589586122 37.032207489013672 72.971918579721248
v 27.662924773529021 58.207865179435593 72.741148023824067
v 27.593870795094372 60.485223491672031 72.857997284961442
v 27.714422620212371 39.482593536376953 75.293522778751907
v 27.988952235171759 36.963885099143567 72.178506319952064
v 27.85555458068848 36.942592620849609 74.823919296264648
v 28.016728359898821 39.474362522726537 72.349928454983939
v 27.929409695478409 58.134334237857637 74.575487834194206
v 27.950736455752409 60.649261474609382 74.47496231320244
v 27.995323193679528 58.109260559082031 72.208536381479533
v 27.998652082899071 60.649261474609382 72.224227387465405
v 28.077493995846559 36.961975405342862 73.459865417592155
v 28.037418768306189 39.480897680626697 73.959318955913631
v 28.086832046508789 58.119792762141458 73.236663818359375
v 28.07925966316283 60.649261474609382 73.417661773281537
v 18.244331359863281 11.91112336568704 13.752104729287741
v 21.419330596923832 23.742565169394201 146.47332763671881
v 18.244331359863281 74.6192626953125 16.27463698387146
v 18.244331359863281 74.6192626953125 130.19870758056641
v 21.419330596923832 48.886589872766777 26.8914052587788
v 18.60841040572701 79.690296588753242 12.017695476088511
v 18.244331359863281 60.477476952365357 16.77359087940243
v 18.244331359863281 68.414983923993432 21.644620122713761
v 13.16433143615723 66.683276876585623 5.0799994468688956
v 21.419330596923832 50.68549892048771 -0.01801988164601465
v 12.466972188636831 85.041893272773265 132.715094434192
v 18.244331359863281 42.167187274055777 23.640454315704851
v 18.244331359863281 32.864486501632001 20.20739368463661
v 21.419330596923832 74.6192626953125 17.805300702804139
v 14.95778209648995 80.548353971347922 10.23390938390193
v 14.55167406766658 81.280994617480729 16.589871503416688
v 15.58521925230769 79.416427571376872 137.09587353620441
v 18.244331359863281 28.854675571851651 63.877942334224279
v 21.419330596923832 12.69999885559082 9.4072805570020588
v 21.419330596923832 8.4666681289672852 9.5250015258789062
v 21.419330596923832 0.067138945775618561 8.4281208676664221
v 21.419330596923832 12.69999885559082 136.94832992553711
v 21.419330596923832 8.4666681289672852 136.94832992553711
v 17.04942820467825 16.411017022453208 0
v 21.419330596923832 4.417881448858104 12.82177203863858
v 18.244331359863281 69.973143815640199 134.31772854747001
v 18.244331359863281 61.351632528561282 26.322295290906219
v 21.419330596923832 0 133.9064640546045
v 21.419330596923832 18.6671615083165 16.342521123767991
v 18.244331359863281 44.628740892159442 55.558003393250672
v 21.419330596923832 68.497556633009253 7.0057990472746283
v 23.100939657798609 45.087801611914763 102.1613258647947
v 13.16433143615723 23.684451065253949 146.47332763671881
v 12.833508952862189 84.380699130125493 5.0801355361839349
v 21.419330596923832 41.955347041050672 21.003203379356432
v 23.006832122802731 52.863604659636657 113.1956416154509
v 23.025580034553549 53.631197322000332 101.01714248584651
v 14.548341273092801 81.287007139695845 123.49962057039269
v 21.419330596923832 5.0032582234533889 4.9892210361974056
v 18.244331359863281 16.914690270182891 129.4877380661965
v 18.244331359863281 20.009838986102739 23.034265574839139
v 21.419330596923832 21.06338209369315 121.8303590777697
v 18.244331359863281 27.07966424333841 28.343327275350362
v 18.244331359863281 32.588986333135743 117.67905010803609
v 18.244331359863281 29.506608659728069 33.902736997076211
v 21.419330596923832 63.098447572568404 20.98584880353064
v 18.244331359863281 64.368898049601285 30.686079310103889
v 18.244331359863281 65.670468541020455 116.2577056347524
v 18.244331359863281 68.084129352066611 111.23881738518971
v 14.217968746717739 81.883015117422602 22.645408276536859
v 21.419330596923832 68.161103211268411 128.89721138731321
v 18.244331359863281 49.776131028420778 28.47957751674619
v 18.244331359863281 37.232650395228553 13.9257965733227
v 23.4507052071834 11.49261624977165 13.612117306891509
v 18.244331359863281 19.013897850635122 11.7137394501414
v 18.244331359863281 69.049462677804655 122.4117261209739
v 21.419330596923832 24.435942846408629 10.69577681984126
v 23.058802525063729 38.786959446295917 90.088123184179835
v 23.61763048065243 11.300398598180999 130.5235235639791
v 17.46921853520519 81.745452694076306 131.58543931538901
v 22.487816786917659 12.25772491273073 10.784532215343161
v 21.419330596923832 22.311440311424342 126.9008164900241
v 21.419330596923832 26.358726167276782 137.768171185895
v 18.244331359863281 23.352132066846831 10.229266783925089
v 18.244331359863281 16.483879496718679 16.250333834408739
v 18.244331359863281 35.08252630531544 31.546833034954709
v 18.244331359863281 31.97298289040074 40.086680573273057
v 21.419330596923832 12.87515504274262 27.516670227050781
v 18.244331359863281 30.885507226378341 78.872157823168607
v 18.244331359863281 27.209227098441939 70.118018230838345
v 21.419330596923832 39.458113410706332 69.886482058110687
v 10.63313489762111 83.160971285956592 2.3310191491750651
v 18.244331359863281 16.809978847783999 27.520050232212231
v 21.419330596923832 34.472236092113427 68.801195085683091
v 18.244331359863281 35.576924348559821 64.247752117904838
v 21.419330596923832 28.02538210876855 123.42134870355279
v 18.244331359863281 22.125925064086911 73.484769284294131
v 21.419330596923832 34.377373526126163 77.681671142578125
v 22.39347216411354 12.31440857684726 138.00557787334159
v 18.244331359863281 33.391748582304729 112.8084016780217
v 21.419330596923832 30.110952970929372 146.47332763671881
v 18.244331359863281 29.358164221402831 110.8099255191141
v 23.05438157249171 36.654204206200298 89.73021322708496
v 12.826074885712851 90.121905998134423 10.83252943829897
v 16.818620260203659 27.692757844941688 146.47332763671881
v 18.244331359863281 36.700223754056417 34.10286522678976
v 18.244331359863281 33.804394732646088 37.014702932868794
v 18.244331359863281 32.755350786445888 108.7490343534089
v 13.16433143615723 40.964869840354197 146.47332763671881
v 23.010369252452019 39.204011176915493 90.861156105254224
v 18.244331359863281 36.80316128344932 74.096114547282795
v 18.244331359863281 44.336291197136603 91.131023317779309
v 18.244331359863281 37.658130508960532 71.95240796437929
v 18.244331359863281 39.283117464002643 74.998388346389575
v 23.006832122802731 36.942592620849609 75.096164754037957
v 18.244331359863281 33.578943577994963 71.862058349873521
v 23.006832122802731 36.942592620849609 71.562526595618124
v 23.006832122802731 39.431745242351347 70.271769539686929
v 21.460881872660419 41.393994006848487 68.791671752929688
v 23.006832122802731 39.482593536376953 71.971437873360259
v 21.419330596923832 45.462170281151643 126.3866943669528
v 21.419330596923832 70.493063580402264 23.06806378907228
v 18.244331359863281 43.789782523876077 16.952922976039929
v 18.244331359863281 42.53834360028258 29.338882313562969
v 11.545932355933621 89.475180892644246 5.900754560845729
v 18.244331359863281 38.427144638477188 37.686608195774859
v 23.006832122802731 48.283715002973501 79.507191332201245
v 15.469594309214919 85.352870311244146 11.766720200504469
v 23.05283907445423 11.8644202525764 6.5411553419743456
v 18.244331359863281 40.993011234166147 111.46788724117241
v 23.006832122802731 43.715927124023438 40.487454401138997
v 18.244331359863281 47.288366033859077 22.69956228112385
v 18.244331359863281 6.2702295150698681 141.3933410644531
v 23.006832122802731 62.130928039550781 46.696479654195187
v 18.244331359863281 5.756911292022302 12.372965208165381
v 21.419330596923832 47.074660265362461 113.2416687011719
v 21.419330596923832 46.484339052274848 120.6000259288746
v 21.419330596923832 35.351617917073163 131.18270657892131
v 18.244331359863281 42.108158276491267 117.6804766485422
v 21.419330596923832 40.018677065726251 127.6432237070315
v 21.419330596923832 47.160441854366582 77.681671142578125
v 21.419330596923832 45.218306472476392 68.791671752929688
v 18.244331359863281 56.290241176799107 75.453296530476891
v 18.244331359863281 45.059993137721698 111.74302192472889
v 21.419330596923832 51.599820273391771 77.668185484680208
v 18.244331359863281 35.988445458842257 26.56279352320924
v 18.244331359863281 60.342925026394383 73.151419111275843
v 21.419330596923832 56.354506884791952 68.867087680084182
v 21.419330596923832 54.331554827049317 68.805155884854912
v 23.006832122802731 58.109260559082031 71.741632189631844
v 21.419330596923832 58.199530604895713 77.681671142578125
v 23.006832122802731 69.530734974248503 99.371677316098939
v 18.244331359863281 12.13897961511519 23.61563304311856
v 23.006832122802731 58.975717302745089 70.000060368315502
v 21.419330596923832 74.547654458903949 126.6894393684305
v 18.244331359863281 61.395504207114051 69.701524314666074
v 21.419330596923832 61.846756517745192 77.681671142578125
v 23.0825060637811 39.482593536376953 89.77561028240288
v 18.244331359863281 23.65970000714724 30.670825384150969
v 18.244331359863281 32.319350158110012 125.3808555601595
v 21.419330596923832 62.778252407881823 68.805155884854912
v 23.07027435835813 40.864570502015887 40.830101049362312
v 18.244331359863281 27.799302560879699 83.973293525145806
v 23.006832122802731 60.586823213144449 74.827631851876063
v 18.244331359863281 58.026626891431228 34.65112515285589
v 23.009386350775319 64.244619802991878 89.810924386403428
v 21.419330596923832 51.417063338404724 125.4027112885033
v 18.244331359863281 67.071029858437868 50.186555632444339
v 18.244331359863281 56.003263405884113 27.596904289268551
v 18.244331359863281 44.96450678341364 46.549983921767719
v 21.419330596923832 58.139107537441959 30.486776071729452
v 24.27683258056641 45.832592010498047 52.183779967108947
v 18.244331359863281 50.903799877657598 34.113930546733883
v 17.690289758884671 4.559031493898055 146.47332763671881
v 21.419330596923832 48.738670604029998 19.707753030389959
v 21.419330596923832 24.801963740194381 34.479621390604869
v 18.244331359863281 63.983374099806518 35.484117140765647
v 18.244331359863281 58.395404068760499 112.780317143921
v 21.419330596923832 55.825311850918759 33.231666564941413
v 21.419330596923832 18.439765809744038 146.47332763671881
v 14.29501115847672 87.471874134506166 131.57848676451229
v 21.419330596923832 24.947708803217381 117.866642950352
v 18.244331359863281 60.552752462807952 125.852319602563
v 24.27683258056641 62.765926361083977 46.82398654395957
v 18.244331359863281 37.557783912677962 113.3027276231098
v 18.244331359863281 59.837259783599578 121.1032101756595
v 21.419330596923832 59.59757795429347 128.0053076323492
v 18.244331359863281 52.93946124649311 23.61737242278787
v 18.244331359863281 47.189845895498983 56.849124690120682
v 18.244331359863281 64.204307441851086 109.950626400804
v 21.419330596923832 70.184755248431898 122.2273972961339
v 18.244331359863281 40.235602715880219 91.100218339384014
v 18.244331359863281 24.773696522673529 119.6627431121649
v 18.244331359863281 68.271474314937834 36.145545034064973
v 18.244331359863281 50.315750601976731 113.78213718724319
v 23.04924423637933 45.148112911024327 56.611343510264803
v 21.419330596923832 56.083664343186562 74.230233311274375
v 23.006832122802731 30.810821027533311 58.066762653020866
v 18.244331359863281 66.337230017564394 55.031961352822478
v 18.244331359863281 74.54996036128172 61.278197752897469
v 21.419330596923832 53.764461504397019 22.31861808706395
v 18.244331359863281 65.840169270764036 80.12308562696586
v 18.244331359863281 63.025524129865317 84.197729484295735
v 18.244331359863281 68.329429166731771 73.588807689968604
v 14.53405820749094 83.886134096725726 0
v 18.244331359863281 15.61746851466598 118.956672668457
v 22.27286809939503 38.963427742980564 68.791671752929688
v 23.69374858464294 39.482593536376953 90.072670939430779
v 10.40522687069363 88.761381139613931 137.50305443043109
v 12.799416542053221 90.169998168945312 135.51553183104369
v 18.244331359863281 37.425064987237498 118.2199147964854
v 14.62134154344499 86.883159560112347 126.28672154209519
v 18.244331359863281 66.425943071383742 104.7368081151013
v 21.419330596923832 74.6192626953125 113.0009195399338
v 23.006832122802731 37.733720248369501 80.215248338594137
v 23.265885514468032 11.678461141328681 135.37105958585369
v 18.244331359863281 55.27198049745332 116.0716509272609
v 21.419330596923832 41.236969627777754 115.4119348951058
v 21.419330596923832 74.6192626953125 100.76849008913059
v 18.244331359863281 30.022512019069119 42.162507807853608
v 18.244331359863281 26.295460653851929 41.105441415376177
v 23.1130062049617 39.442796056453894 90.70161180858868
v 18.244331359863281 27.13736116300986 44.670907271784912
v 15.86909240699546 84.632160402323962 124.8282336110434
v 18.244331359863281 11.668985414995401 121.43768442858391
v 21.419330596923832 16.438447100244211 5.2919126384668509
v 21.419330596923832 66.075023487035324 72.844483616710107
v 18.244331359863281 13.468272986258089 132.3339838016156
v 23.424468455293979 39.482593536376953 90.808879711787753
v 18.244331359863281 31.949210500659941 82.405366791596464
v 18.244331359863281 32.655579970696436 86.695257174121792
v 18.244331359863281 26.172058498341791 94.517937454506963
v 23.066682260760551 34.506373283244628 107.1695276487506
v 18.244331359863281 32.214698108949968 101.68379818544869
v 19.622249956137921 77.861281550453953 142.54943441845029
v 21.419330596923832 65.878328250080116 77.681671142578125
v 23.006832122802731 48.137622055379751 33.231666564941413
v 13.277709155281791 83.579288786964099 129.45586418325789
v 15.01841096594665 86.16682651323012 128.24413632454011
v 23.34414948769788 34.220722071275908 107.68458881373169
v 11.96736308383054 85.943210944698649 14.56947252989843
v 21.419330596923832 21.411275468779841 4.7790861516294143
v 18.244331359863281 34.421537848141988 105.68806045889301
v 18.244331359863281 53.066818849335348 74.545987988975639
v 21.419330596923832 22.235403433176469 23.495957657854881
v 23.006832122802731 35.249259948730469 40.028257724682057
v 18.244331359863281 32.759506752901672 62.19677470342878
v 24.264297301353071 35.263884434870661 43.597220122502037
v 18.244331359863281 34.785384024768078 43.339270109190522
v 23.006832122802731 40.082112995960927 67.416588749754595
v 23.809345443270971 44.261328550169793 107.1884267184704
v 23.006832122802731 35.249259948730469 62.499097018488271
v 18.244331359863281 32.265988318251473 57.707905991712032
v 21.419330596923832 57.467919426180821 75.62298228549794
v 18.244331359863281 74.6192626953125 21.871955752372742
v 18.244331359863281 74.6192626953125 124.601390838623
v 12.74395873698055 84.542200294506898 125.5972198688786
v 15.679153330906161 84.974815855980466 17.73509961326921
v 18.244331359863281 30.663301138588089 97.046107345871377
v 21.419330596923832 44.609736509127529 33.231666564941413
v 21.419330596923832 13.82620483664344 119.00467238277
v 18.244331359863281 50.958361871971313 134.92539586259619
v 23.006832122802731 37.90855205271238 66.159474010335259
v 21.419330596923832 22.92277391291098 17.278574693731809
v 23.006832122802731 35.249259948730469 107.2154466196629
v 21.419330596923832 18.927089709122711 0.066566098950011199
v 21.419330596923832 26.594965146681979 27.862291329436371
v 15.667563555571199 84.995723802976045 1.6140864505888859
v 23.015103973192812 62.071401898240978 57.246992938273657
v 23.37220400451961 60.571740488642277 75.482806838970646
v 21.419330596923832 58.850740176182398 75.760844192303324
v 18.244331359863281 44.72327655769427 123.07059575751219
v 18.244331359863281 36.567299286516288 102.96107706272279
v 21.419330596923832 28.051544031108079 95.176305342172199
v 15.538920156362741 79.499980912718996 5.0800674915264157
v 21.419330596923832 60.505847091801847 75.362554566279343
v 15.53891706466675 79.499958038330078 141.3933410644531
v 16.574019118030002 83.360434655444976 146.42794609069551
v 17.015087413923599 69.882436154999141 0
v 18.244331359863281 26.6261839321966 101.3393543853994
v 18.244331359863281 70.384249293267004 32.538706680981342
v 11.920268449986111 89.164889204787698 128.70029544824729
v 18.244331359863281 10.227917527761569 136.92724702874119
v 23.400504228079271 39.163459241765743 67.45988898120919
v 18.244331359863281 46.034716382027241 32.38230249520727
v 23.452974615373169 37.078499865706547 72.530786088045474
v 21.419330596923832 22.100768479152411 33.068206977854103
v 18.244331359863281 35.772063465265383 78.088828109992747
v 23.006832122802731 40.13989641192714 66.155745087747988
v 18.244331359863281 36.507749914273298 81.568021609555501
v 18.244331359863281 23.557099206963969 125.3020248530255
v 21.419330596923832 62.97187222418917 74.312325875051656
v 10.4880214071257 78.133674501139311 5.0799994468688956
v 21.419330596923832 64.199431803164572 70.709510748332093
v 18.244331359863281 16.171987568665941 23.261346804617759
v 21.419330596923832 22.125925064086911 52.179668894627362
v 23.727950129010409 40.122956121746142 89.963617044192191
v 18.244331359863281 64.632418244412534 52.326652568885848
v 18.244331359863281 30.335488183386211 60.672106648037911
v 18.244331359863281 37.846701747848073 109.3190860465138
v 19.93093003582738 22.125925064086911 31.563608271509501
v 21.419330596923832 30.160929456408219 23.845578576869151
v 24.190249187492942 37.365928649902337 60.069953365004473
v 18.244331359863281 37.194721346383282 58.882837506176301
v 21.419330596923832 26.173462971253588 32.978158755693627
v 16.105314179335139 78.478152894438921 20.614939816619898
v 23.006832122802731 37.365928649902337 106.7669942497683
v 21.419330596923832 52.436059290025788 119.912703683961
v 18.244331359863281 10.31762807829946 16.410726563585708
v 23.006832122802731 40.915171175555187 67.74692640951713
v 23.006832122802731 37.365928649902337 39.340507404742958
v 23.789247113124979 37.934776653264848 41.141741540663837
v 18.244331359863281 27.997389518225351 20.207514329985958
v 21.419330596923832 15.427869883305929 124.15913283682229
v 21.419330596923832 22.125925064086911 107.6468722617368
v 23.579377680836689 39.482593536376953 40.620944193141312
v 23.006832122802731 49.430927276611328 90.258139390116071
v 18.244331359863281 13.99533017828181 20.892503446081779
v 18.244331359863281 36.652469896191377 89.209895421819596
v 23.496391296386719 37.120197296142578 74.279673733365939
v 18.244331359863281 4.3110658712261669 130.96548821370521
v 21.419330596923832 54.060752405761953 26.47106661067502
v 23.006832122802731 37.829751501887287 67.164081711520296
v 18.244331359863281 44.214742583276262 78.113598519873747
v 23.61494188507573 40.254796546794879 40.168653514884731
v 19.81654722313316 6.1115390578786277 127.4233322143555
v 16.169835190134119 78.361753877882904 127.58579531084909
v 23.006832122802731 31.177788723810799 96.972444103082836
v 18.244331359863281 68.074596323085245 62.673108618096343
v 23.64183235168457 37.759103120372991 75.048454406388004
v 21.419330596923832 69.539260864257812 65.548398592103695
v 21.41088488092441 74.634499169197994 23.73850176239366
v 21.419330596923832 10.43369877142818 121.70067690564009
v 23.054190810230921 40.909008323027336 89.796491305431175
v 23.006832122802731 28.052595138549801 59.213739414878759
v 21.419330596923832 69.491973620771176 18.483436204821441
v 23.061803170728322 45.13346082723772 88.622007296486217
v 18.244331359863281 44.003406028925063 69.236527377948647
v 21.419330596923832 53.251952698429371 29.710908983166771
v 18.244331359863281 70.155316987265408 103.4758896423254
v 23.64183235168457 38.4724459304989 74.213647134790335
v 21.43404761326946 35.910508234592577 77.681671142578125
v 18.840947820843649 79.270788017416862 6.2658033592334244
v 18.244331359863281 32.81233303141606 64.625423669165983
v 21.419330596923832 4.1986894192406492 131.4645111585283
v 18.244331359863281 30.205280556987201 92.555597327930371
v 23.006832122802731 51.547595977783203 56.702114164637472
v 18.244331359863281 29.79034816865143 74.805243670483947
v 23.393793267440032 39.442796056453894 90.392753442885407
v 18.244331359863281 37.142953972603038 94.537302056135218
v 18.244331359863281 38.921563259530863 83.911847815457477
v 18.244331359863281 27.853897172163009 89.550890430401225
v 18.244331359863281 13.604048323710201 124.7240846438842
v 21.419330596923832 13.413232907413271 121.81392312090961
v 23.63432502746582 39.022842407226562 74.880513313969445
v 15.304973065541629 85.649854535987288 136.2338609897279
v 21.419330596923832 25.130208262859941 87.026589489824218
v 21.419330596923832 20.92960042213242 20.084819980673409
v 23.01538721908981 39.482593536376953 107.165386577983
v 24.594331741333011 8.4666681289672852 137.6617351659568
v 10.727494270238459 83.213275465992183 141.44000870298871
v 18.244331359863281 52.349957245619208 96.075600188654903
v 8.3904342651367188 81.917823791503906 143.93333435058591
v 16.052101845160522 84.301998360120677 143.71338538797929
v 18.244331359863281 66.968548751216318 16.489508108227589
v 23.006832122802731 39.482593536376953 84.458883221931998
v 18.244331359863281 19.592232765607861 5.0884636573487034
v 23.513390327841901 39.284920452833902 73.775379626732544
v 18.244331359863281 68.235742549277546 87.078336387032948
v 18.244331359863281 26.759605057432459 80.297572247698099
v 18.244331359863281 10.80901281705459 9.0163163080727013
v 23.006832122802731 39.482593536376953 74.245267363793715
v 21.419330596923832 47.465461067752571 33.231666564941413
v 18.244331359863281 15.04517515489203 10.29376230331949
v 15.767516734899591 77.091044705461783 146.47332763671881
v 18.244331359863281 64.064080307444272 20.249239401081859
v 21.419330596923832 20.881851077438149 141.04428693254511
v 18.244331359863281 38.319226323201583 18.660068961160651
v 18.244331359863281 38.491425265071562 68.701040432207549
v 21.419330596923832 27.42225870178428 127.1651426476266
v 18.244331359863281 39.435381829909488 79.326372058658748
v 23.03633180875585 39.476406984641599 78.715927019087474
v 23.33144081268502 39.475441331675867 73.169644255045512
v 18.244331359863281 70.022727911807834 114.6391543908608
v 18.244331359863281 39.478015147522044 40.595115000845901
v 24.27683258056641 43.715927124023438 107.15397486183311
v 18.244331359863281 13.388751035049831 128.73407934219921
v 21.419330596923832 41.248137305637002 77.668185484680208
v 27.22393852052128 38.702376902671631 76.306243328627872
v 18.244331359863281 54.743551107048468 104.0991516024506
v 18.244331359863281 40.453711331077663 106.18694028780141
v 16.567494549837139 83.372205108478852 0.0043381005528351224
v 21.419330596923832 33.252373016894481 20.99640914366546
v 21.419330596923832 42.979531722614396 30.485947122153679
v 21.419330596923832 64.256691468470777 121.8189315583052
v 18.244331359863281 42.857572223550243 64.866763761652393
v 18.244331359863281 72.015831693772142 29.979176801222689
v 18.244331359863281 0 134.38288228025911
v 18.244331359863281 0 11.84809033085731
v 18.244331359863281 70.659639091239711 126.4153329316611
v 23.091858385919419 41.599258422851562 62.684185435418343
v 21.419330596923832 58.42438085456677 122.22006240683071
v 18.244331359863281 51.333286522150381 37.070406915588578
v 18.244331359863281 69.950579408661895 82.378745406685852
v 23.080441221858301 41.599258422851562 83.707172383923464
v 18.244331359863281 25.961724930564021 32.027637168553163
v 18.244331359863281 26.052533771837371 75.900715111633247
v 18.244331359863281 63.216160674888819 55.364149046335982
v 18.244331359863281 50.881632697809103 50.488893452394997
v 21.419330596923832 62.892107053477581 124.9488398266943
v 18.244331359863281 10.535800437211019 21.370792123526879
v 23.006832122802731 41.599258422851562 107.0934428969038
v 18.244331359863281 68.55826079988887 40.7284476138881
v 18.244331359863281 30.69393920503266 44.969788101732483
v 18.244331359863281 68.50611062607814 28.459055475155321
v 18.244331359863281 35.156142802794662 60.425195267372843
v 21.419330596923832 4.2333340644836426 127.4233322143555
v 21.419330596923832 5.3598409753915721 19.050003051757809
v 18.244331359863281 27.58640135080794 125.18700091255531
v 18.244331359863281 4.3466941540606712 127.4233322143555
v 18.244331359863281 8.4666681289672852 23.172787994115382
v 21.419330596923832 17.385403550009372 9.0592556908559487
v 23.036191590355429 41.599258422851562 39.909101234089327
v 21.419330596923832 5.0342327133017699 138.83664629708591
v 18.244331359863281 6.3560844419819702 134.80221360369879
v 23.006832122802731 31.091120759065269 43.61537627273232
v 23.607411200917131 48.730251986137517 85.203190369797298
v 21.419330596923832 20.164540871642171 22.406202803281541
v 18.244331359863281 18.090806826852461 19.819773468934638
v 18.244331359863281 54.928977399149083 46.790075016214772
v 16.73202761312675 83.075383791926527 22.744772169733661
v 18.244331359863281 21.909086042701819 132.22571556343129
v 21.419330596923832 5.554040131338164 135.2572925659766
v 21.419330596923832 31.261068544599869 127.2833406598601
v 18.244331359863281 58.476729340357529 21.47652130300478
v 23.64183235168457 35.249259948730469 83.232839207275333
v 23.006832122802731 35.249259948730469 56.42926700057555
v 21.419330596923832 67.091665489283699 124.509400451985
v 18.244331359863281 29.057590638206491 122.2347745200677
v 18.244331359863281 71.325920628258601 25.261732869177919
v 18.244331359863281 61.719108287562896 53.092241885110788
v 14.911501589704031 86.359695657409361 141.2361786810026
v 18.244331359863281 40.988998917711939 37.535955049023983
v 21.419330596923832 74.6192626953125 80.268442804316464
v 23.006832122802731 43.715927124023438 62.683269126970693
v 11.80624457106769 81.571127461785011 141.3933410644531
v 23.006832122802731 45.18271643185161 64.219348180290282
v 18.244331359863281 42.502966456693692 82.916672337827364
v 23.066806512583181 43.715927124023438 83.842912468548633
v 23.006832122802731 43.715927124023438 86.263815217636903
v 21.419330596923832 57.003257572058303 18.041914620316291
v 18.244331359863281 42.313211433490267 87.786784974842277
v 23.080626663662208 51.439973100515232 102.02198572685219
v 18.244331359863281 69.473303065188119 58.127231398667618
v 23.090355336986342 40.866816393250573 57.440794532329207
v 21.419330596923832 24.633328872220758 20.90507531466503
v 21.419330596923832 33.622028160112109 71.821561170252082
v 18.244331359863281 45.433041764793991 26.97580734389842
v 23.006832122802731 44.236024057902497 38.40714342400878
v 21.419330596923832 44.653220374425999 73.195512418559403
v 23.006832122802731 43.715927124023438 39.279782868120023
v 18.244331359863281 22.069369923871339 111.85100367232759
v 18.244331359863281 34.380849492880998 98.55460619908142
v 23.633361408017478 45.832592010498047 63.078621160488552
v 18.244331359863281 33.448593057365038 45.632250935066878
v 18.244331359863281 69.077029251278972 78.433202449576157
v 18.244331359863281 28.62680062876078 24.444634782858301
v 24.0488604992719 10.674752386164601 9.8181371438915725
v 18.244331359863281 18.16486132942045 25.348027757125859
v 18.244331359863281 45.133469357846693 80.935755896637062
v 18.244331359863281 74.6192626953125 114.03528155628599
v 18.288681357642911 74.6192626953125 32.680798904407112
v 18.244331359863281 46.594689490804441 63.103152742923797
v 23.006832122802731 66.128054059638885 63.780974436608901
v 23.006832122802731 45.832592010498047 40.010066097068787
v 24.27683258056641 37.365928649902337 46.537551022341887
v 13.16433143615723 4.9457177610962102 5.0799994468688956
v 21.419330596923832 65.6860664070241 17.099871495319441
v 18.244331359863281 22.098583361555001 101.9022042172524
v 21.419330596923832 33.972254586262707 74.66892442276307
v 23.006832122802731 59.954788484345698 64.257594355569012
v 21.419330596923832 28.052595138549801 86.915571606916657
v 21.419330596923832 4.5577223724214173 146.47332763671881
v 21.419330596923832 16.979482511754959 127.3304586466834
v 10.373977065686409 88.817758692674687 13.949005127178101
v 18.244331359863281 22.11298687415503 32.569650033239547
v 18.244331359863281 31.71264142220269 35.400236106242637
v 10.777382850646971 77.611652374267578 141.3933410644531
v 10.777382850646971 77.611652374267578 146.47332763671881
v 10.777382850646971 77.611652374267578 0
v 21.419330596923832 18.956122023255151 130.17842519086321
v 18.133879133880551 80.546373602453997 18.447262474109731
v 14.79314375067228 86.57321876361425 144.73051943374369
v 18.244331359863281 45.584327772136852 88.818312894947326
v 18.244331359863281 42.204411650453991 75.783155303928851
v 23.006832122802731 45.832592010498047 107.0615024581093
v 18.244331359863281 34.037043463152798 80.085437383608223
v 17.298296213821171 10.785138547130391 0
v 18.189122944327941 80.446710668734156 146.44307327270329
v 18.244331359863281 45.178407489887938 101.5148215690413
v 18.244331359863281 31.103360547929562 67.071074953996884
v 18.244331359863281 42.896306441059863 35.911221625265917
v 21.419330596923832 18.48856389970889 123.93258277634691
v 18.244331359863281 45.286893462917867 39.867802596677208
v 18.244331359863281 70.881681927821759 107.247586541244
v 23.006832122802731 31.177800747900971 46.944999393124917
v 12.688346358187429 80.996804460519684 146.47332763671881
v 23.006832122802731 28.052595138549801 83.458287399267661
v 24.208174448143168 39.562694069743763 39.078707414675677
v 23.006832122802731 46.829104262241827 38.6039686698605
v 23.006832122802731 46.690174537258713 82.963858362625558
v 18.244331359863281 55.708646056124138 49.110679970173663
v 18.244331359863281 55.747817405637463 120.1355780795448
v 18.244331359863281 47.720936313840546 35.064879750855923
v 18.244331359863281 47.844220724598792 107.38002624634549
v 23.006832122802731 45.561955549704429 36.878424882889377
v 16.211941019038392 78.285792930975191 25.034327621552691
v 18.244331359863281 71.994110880271194 121.1727235922754
v 18.244331359863281 11.139049065517259 126.6389376192602
v 23.006832122802731 47.949260711669922 62.795473256229542
v 18.244331359863281 39.352877889881057 27.592679918908321
v 18.244331359863281 49.909370997748411 57.327903692248
v 21.419330596923832 44.888576733463978 24.439137310255919
v 23.006832122802731 47.941102570982828 84.432620740673826
v 24.27683258056641 47.949260711669922 90.025344205257568
v 23.18430756463011 49.212526703437049 94.787458989433333
v 23.006832122802731 39.470580696619869 39.142404936507738
v 23.06832088412866 47.949260711669922 107.2991070593248
v 18.244331359863281 49.634507623669492 47.783689523981387
v 21.419330596923832 35.375756739722704 69.979784931015871
v 21.419330596923832 49.606397120445223 115.8066792245904
v 21.419330596923832 42.616604636522098 71.121746760201788
v 23.006832122802731 69.539260864257812 89.163356869869077
v 21.419330596923832 17.62402146438988 137.3907056334323
v 23.384990289978369 61.689740821724413 83.500794113924712
v 21.419330596923832 74.6192626953125 33.169386666756587
v 21.419330596923832 28.052595138549801 64.208785349898122
v 23.012839899190261 53.653665637914592 90.198725032302079
v 18.244331359863281 25.31228146333909 86.990435194960767
v 21.419330596923832 21.121061858250119 136.56952724346721
v 18.244331359863281 38.325348789294793 86.930390010017021
v 18.244331359863281 56.287379360933024 68.471422156548329
v 14.22261025241643 87.602488145871433 15.25228510822315
v 24.27683258056641 41.599258422851562 97.838448757030335
v 18.244331359863281 43.592122653704507 49.966910226705018
v 18.244331359863281 49.839231435158688 62.003718869104688
v 18.244331359863281 18.169999553383231 123.2509116261608
v 18.244331359863281 59.355225126283337 55.618420048961532
v 23.006832122802731 50.065925598144531 39.718337443724252
v 21.419330596923832 12.69999885559082 14.287502288818359
v 21.419330596923832 12.69999885559082 4.3436840959952177
v 21.449224693085132 8.4666681289672852 14.53195786447869
v 21.419330596923832 8.4666681289672852 4.4855344551256451
v 21.419330596923832 12.69999885559082 141.37562921618479
v 21.419330596923832 8.4666681289672852 141.7108287811279
v 21.419330596923832 8.4666681289672852 132.18583106994629
v 21.419330596923839 12.69999885559082 132.18583106994629
v 23.64183235168457 62.765926361083977 63.148581474474412
v 18.244331359863281 3.342131084760096 137.77144531002969
v 23.01674426544977 50.065925598144531 62.218101252382993
v 18.244331359863281 64.10470412631372 121.93065596301921
v 18.244331359863281 12.34897258197744 18.26793161139998
v 18.244331359863281 37.416101678987722 22.766696699071609
v 23.006832122802731 39.474322502961911 69.62108277650303
v 23.64183235168457 35.482958785460177 33.686820277768447
v 18.244331359863281 9.1817865324001442 131.74033185397971
v 18.244331359863281 72.265103401860969 116.8965132564409
v 21.419330596923832 26.718231395237499 24.40414419282353
v 26.32315287797282 38.652240529050509 76.498217274463201
v 23.006832122802731 50.065925598144531 84.475502230965233
v 21.419330596923832 11.467738147819491 124.0984512857479
v 21.419330596923832 32.415564618627492 123.5479148789788
v 23.066192866368649 50.065925598144531 107.1098966061256
v 18.244331359863281 41.539420263993946 92.618284468125324
v 18.244331359863281 25.850525863993081 115.54444417057491
v 21.419330596923832 42.12827822823985 26.640920019719751
v 17.974428968601551 80.834028899818577 0
v 18.244331359863281 50.684698580404238 109.3263095718831
v 23.085244705656489 40.872778793910257 49.051118170620562
v 18.244331359863281 48.347719294927963 37.479594921051977
v 18.244331359863281 48.503626114003467 65.68697860711859
v 18.244331359863281 51.791246907327682 65.919320118393074
v 23.64183235168457 38.347707628576103 71.543313256952658
v 24.274063929593929 45.835822101913237 97.338639027807403
v 23.03779356173602 37.845643844395639 67.723798445238117
v 18.244331359863281 38.387592810900458 30.499173347770689
v 18.244331359863281 62.624282394662558 113.9663852939302
v 23.006832122802731 50.909591060761201 83.026596576279431
v 21.419330596923832 72.079261779785156 106.40689599493059
v 17.641641802878961 14.90409491344953 146.47332763671881
v 26.050704985356841 37.635145090414561 68.770393074354374
v 18.244331359863281 70.03263802164463 92.846698063143833
v 21.419330596923832 12.933431762257779 21.572936165360169
v 23.09830690923156 51.440872861585447 49.424032161879481
v 21.419330596923832 69.539260864257812 99.946758729194798
v 23.006832122802731 41.599258422851562 39.15068806980986
v 23.006832122802731 45.832592010498047 60.28989937195432
v 23.063861361462511 52.182594299316413 39.368926062037012
v 18.244331359863281 43.103970929601701 72.162636299946143
v 14.333146404497571 81.675228718017422 133.6878202684675
v 25.063987761571099 38.785207943450096 68.096284770741335
v 23.006832122802731 66.512459631477611 58.642194176280867
v 18.244331359863281 47.68882867743541 110.1883809503715
v 23.006832122802731 37.365928649902337 48.510737415794253
v 21.419330596923832 52.926676459355747 73.691847973532617
v 21.419330596923832 49.694833169867472 68.805155884854912
v 18.244331359863281 49.424232512346883 123.477020760427
v 21.419330596923832 23.50512024725905 133.1096937172791
v 23.028273954124259 52.182594299316413 107.1901237171474
v 24.27683258056641 45.832592010498047 55.14488228306233
v 23.06497395004822 49.363095173931669 101.5610755378892
v 23.006832122802731 28.052595138549801 91.766378463517512
v 21.419330596923832 74.6192626953125 70.618346981844383
v 23.006832122802731 52.182594299316413 62.32180392130163
v 18.244331359863281 53.423604474697171 51.390551656283961
v 21.419330596923832 36.853279600598107 121.70565968724711
v 24.221029632170289 37.431030814364568 97.492156796053791
v 21.419330596923832 63.763365459862449 24.904917355461318
v 23.06707989631818 53.532264161004122 83.797633154983345
v 23.546506638957489 52.182594299316413 83.587964108602492
v 23.006832122802731 37.365928649902337 91.51693907289993
v 21.419330596923832 18.98490369760399 133.2378087678548
v 17.291831016540531 10.697823356710661 146.4663400499806
v 18.244331359863281 53.116684626295722 71.226149946475473
v 18.244331359863281 63.520203523451329 69.90316242924186
v 23.006832122802731 50.065925598144531 43.453543512488139
v 18.244331359863281 28.544236209866011 117.8042351781863
v 24.262531484983949 54.299259185791023 61.122585959565171
v 18.244331359863281 65.237770198772154 41.58809656275082
v 23.057195963877469 51.488836769120113 52.426043979950848
v 24.58021499932331 37.620211614309802 78.631042425517137
v 23.006832122802731 66.523026340603806 97.717504862378149
v 18.244331359863281 31.34090087929701 30.68949374723336
v 23.006832122802731 67.471908250073128 41.636330950241323
v 23.006832122802731 52.17716868670491 84.398233248444427
v 23.006832122802731 69.539260864257812 103.79015454401009
v 18.244331359863281 66.411592086074663 94.851107319213682
v 21.419330596923832 55.230643099973662 123.17917804258489
v 18.244331359863281 54.228733446311217 55.334722074792147
v 24.27683258056641 62.765926361083977 56.640768235009581
v 23.006832122802731 47.949260711669922 101.84605556883641
v 23.03599788839934 45.832592010498047 49.158667397215758
v 18.244331359863281 51.830028659534698 82.623144572772247
v 18.244331359863281 56.626832244642223 109.6434956494099
v 18.244331359863281 38.345945219622649 46.215005728582199
v 18.244331359863281 54.609152063624308 36.596504533018013
v 23.39024357238177 53.216944965787263 63.288893130885917
v 21.419330596923832 20.06685217404285 13.082901534971111
v 18.244331359863281 69.658254453239778 118.527295252556
v 21.419330596923832 68.629926189221024 13.171299325496451
v 23.006832122802731 45.832592010498047 90.102758234453901
v 18.244331359863281 48.29705490432903 82.630452175369456
v 18.244331359863281 54.39572885848424 81.213758102353879
v 18.244331359863281 54.124826580647998 109.27976835058941
v 18.244331359863281 39.969229331551922 54.548799997975081
v 23.006832122802731 66.765887485945569 105.02402090467869
v 23.006832122802731 31.214527739644769 63.75484582527352
v 18.244331359863281 41.809121691292177 32.685700686058773
v 23.006832122802731 54.299259185791023 42.495641802884791
v 23.006832122802731 37.365928649902337 56.679162965778502
v 18.244331359863281 45.050283328510098 58.680767075289509
v 21.419330596923832 6.3500010967254639 127.4233322143555
v 23.20130255690092 11.737896127024619 139.95925489108259
v 18.244331359863281 40.735586737696799 45.603602863286923
v 18.244331359863281 52.590879195352272 62.806058477702948
v 18.244331359863281 58.669560771327703 95.231265322612089
v 23.940969698237499 10.856596962389389 136.83767608152829
v 23.006832122802731 30.74021391672769 93.207026551921672
v 23.006832122802731 55.460037950678753 38.749134629713758
v 23.006832122802731 54.299259185791023 39.427936403028632
v 21.419330596923832 24.80701239589499 121.58843699622351
v 24.218094418283229 54.367787012382777 44.143590045535539
v 21.419330596923832 44.217149812258747 114.83725552884221
v 18.244331359863281 51.283707595879591 54.183045988542403
v 23.006832122802731 30.903973991831791 109.11297808980611
v 18.244331359863281 52.699003414577973 42.741225257972971
v 21.419330596923832 55.475356024940083 120.4136973173914
v 23.601348459869421 54.299259185791023 63.049367215356931
v 18.244331359863281 54.515007258040029 112.18458573103401
v 23.039135262175801 54.299259185791023 62.378263265292141
v 23.006832122802731 30.62409804683703 85.110027690358763
v 23.64183235168457 37.532580333017691 111.84772329482171
v 23.006832122802731 31.081446428270301 82.65833335046834
v 23.032986056633799 54.299259185791023 107.04075374506959
v 23.006832122802731 62.765926361083977 98.2181142780383
v 24.085740165136141 10.61259354457572 13.270229730635529
v 18.244331359863281 55.263100207289327 91.056299997325937
v 23.0647749105397 43.010051192390968 88.392508819909722
v 24.269778262452441 56.415927886962891 48.761037402474557
v 18.244331359863281 64.27578110112097 73.827613983827376
v 21.419330596923832 29.485443831103051 73.250238901016303
v 21.419330596923832 70.359286355066843 73.356112873175363
v 23.063413884824541 34.537876965256963 102.46904672942451
v 13.98835764364993 85.510142545425566 0.018410332782921469
v 22.297534944202589 37.558260229609942 77.681671142578125
v 18.244331359863281 26.37450278279934 107.8138848323607
v 23.048345471173629 36.645310341404112 85.239747529347682
v 23.07538416182544 36.650949169130321 102.0123911268777
v 18.244331359863281 33.353067477293337 75.656758831580646
v 23.05236953871901 36.651239584601569 88.2333913278392
v 21.419330596923832 36.221514943275032 124.930462268309
v 23.03812029970895 45.151415579222437 61.096139443605217
v 23.64183235168457 38.509539764938452 75.486052213323362
v 18.244331359863281 54.253306195651817 87.921607006003697
v 24.27683258056641 43.715927124023438 99.586777042001671
v 23.47606621596934 58.266536339260362 74.017621886124715
v 18.244331359863281 37.569902678622242 61.560171149556197
v 23.069687075981591 49.35759652936887 85.579025047753177
v 23.006832122802731 60.649261474609382 41.817679473365317
v 18.244331359863281 53.87039355955369 31.998133945740062
v 21.419330596923832 63.845588505019407 77.681671142578125
v 24.227743837769619 54.356529361145981 46.07249880986322
v 18.244331359863281 56.495579587532397 64.203675122571894
v 23.006832122802731 56.415927886962891 44.290832844423043
v 23.64183235168457 62.588965775552282 35.369409573398691
v 23.9243208871072 38.93202812052867 67.581694852530077
v 11.43272033040212 89.412426474123947 131.2372227619197
v 18.244331359863281 59.199297517391557 107.8843747633381
v 23.006832122802731 63.998194680635663 77.750880226208125
v 12.820392986245199 90.132157505171719 13.791475129883651
v 23.006832122802731 62.871759414672852 36.618335723876953
v 18.244331359863281 43.610832485867043 108.7471673241954
v 12.702913922531859 84.616243066016594 137.2138398733604
v 23.006832122802731 41.599258422851562 101.33288097364689
v 18.244331359863281 54.151816971062523 40.232985690462471
v 18.244331359863281 45.722808916135712 66.75506582548627
v 23.006832122802731 57.021257927233997 38.335266406874602
v 23.006832122802731 56.415927886962891 39.279356489671777
v 23.067272751295519 40.893746065000997 101.6747251547295
v 23.64183235168457 62.425643304140088 36.618335723876953
v 23.006832122802731 37.365928649902337 44.894599698594462
v 21.414780915780181 74.627470536250641 121.9010559192901
v 23.061662617421899 55.710455431987278 99.421444968630595
v 21.419330596923832 62.152964351016571 75.80016077595721
v 23.006832122802731 56.415927886962891 62.522930301059297
v 23.006832122802731 33.05897716848645 58.82150681691855
v 18.244331359863281 57.467469672821579 58.577092117646352
v 18.244331359863281 35.858461575192351 121.3865949241122
v 23.006832122802731 61.911825840880162 79.178475775403442
v 24.26354840207356 35.264758036794639 95.213256516885593
v 24.27683258056641 60.649261474609382 62.859106608490819
v 18.244331359863281 65.722437152491395 126.7360768676494
v 18.244331359863281 62.965733579460228 44.309537022681788
v 21.419330596923832 69.539260864257812 108.9266910094545
v 21.419330596923832 23.835748093461181 30.105006962322321
v 21.419330596923832 28.052595138549801 101.9965736267735
v 11.959247286812269 85.957854620704964 10.09768262657211
v 18.244331359863281 13.22645394737636 136.43095749045719
v 24.25486552849237 37.391555883679487 95.227495103929343
v 18.244331359863281 52.612834881443042 48.118837444159368
v 18.244331359863281 36.415435123270917 53.257943538440287
v 23.006832122802731 36.730926513671882 58.504236087920908
v 21.419330596923832 61.541655851675372 74.767321985371154
v 23.006832122802731 60.579052284144673 76.331505861868195
v 21.419330596923832 55.717703782602833 117.5325029246134
v 23.417230216125279 58.216528556093152 74.86756545097839
v 18.244331359863281 56.913023595376053 39.387681182657417
v 18.244331359863281 39.794166931072731 88.8000069316913
v 21.419330596923832 36.041753734642967 23.562244189415871
v 18.244331359863281 42.990394706524562 103.9041973547499
v 23.022275118958099 47.296241754322537 58.163917118629229
v 23.06040208126041 53.601762606208517 45.547862689210277
v 23.066883859602839 45.127533359427588 45.166903252124648
v 18.244331359863281 50.672933092214507 68.626781548882747
v 21.419330596923832 61.571216016042158 73.618376273888146
v 23.020606178878161 49.408308061378037 43.707262096270362
v 23.006832122802731 62.765926361083977 48.32207161029811
v 16.258233570744519 83.930127132133734 3.230878956516495
v 14.360580762022719 87.353583231896351 7.720085703978941
v 23.64183235168457 59.490962237113379 75.334772133384604
v 18.244331359863281 71.397439565649449 75.810616627979869
v 23.006832122802731 59.827529721788032 76.740764215718286
v 13.07548164950942 81.695615821901185 0
v 24.243055612423952 52.222000456580439 100.8574230770221
v 24.27683258056641 35.249259948730469 50.039615992768852
v 18.244331359863281 65.471654234520457 76.424426930396123
v 18.244331359863281 30.104031653426119 106.29131771741029
v 23.014402343268301 37.365928649902337 99.227215480831859
v 18.244331359863281 35.035183221771398 67.258967118613072
v 23.006832122802731 58.5725672782185 38.313332138031811
v 22.324656247444199 12.34876697157504 5.5143141668466589
v 23.64183235168457 59.466529124313368 74.325205462552901
v 23.409305341771699 60.547650035727322 74.692116356148276
v 23.006832122802731 67.564700512773157 67.070875984721752
v 18.244331359863281 47.783144808191487 88.380679522773178
v 23.006832122802731 57.60498001247668 63.112596997130836
v 18.244331359863281 62.482224777776111 118.31512214224691
v 23.006832122802731 59.975978876245122 75.148405749180043
v 21.419330596923832 45.835270587478313 75.633661771767876
v 21.419330596923832 4.2333340644836426 0
v 23.006832122802731 58.532596588134773 40.119138050868642
v 21.38353532763696 8.4666681289672852 23.16707273524429
v 18.244331359863281 8.4666681289672852 123.19000244140619
v 21.419330596923832 8.4885514981866539 124.36973770157491
v 23.006832122802731 39.482593536376953 52.862867939533317
v 23.64183235168457 36.550761760929277 33.330826103542499
v 23.006832122802731 31.124252299690792 87.763151075884366
v 23.006832122802731 58.532596588134773 62.388911939122522
v 23.021333545911322 58.532596588134773 83.627652737189578
v 21.419330596923832 46.502305191379321 30.998223825248171
v 23.64183235168457 37.120863688106731 34.5079130855475
v 23.006832122802731 35.249259948730469 96.910025612125381
v 23.006832122802731 28.12376589800845 109.59300546701741
v 18.244331359863281 52.56013598480088 104.6787009688495
v 23.006832122802731 58.532596588134773 107.1709937403128
v 23.006832122802731 62.765926361083977 100.4544621699691
v 18.244331359863281 33.184507392783253 23.986883990833491
v 18.244331359863281 40.563039902208459 121.4906190760961
v 21.419330596923832 24.781830248769371 107.6321286048082
v 18.244331359863281 57.515599199345182 31.652877108836229
v 18.244331359863281 66.680245168426467 119.3221725192558
v 23.006832122802731 66.746832942414457 82.075519330876162
v 23.496391296386719 58.286861419677727 72.250782496575326
v 21.419330596923832 28.499066350967201 21.001330869033168
v 23.006832122802731 66.894537573839358 91.72818148387681
v 18.244331359863281 42.797915362486918 60.685495362398711
v 23.020621312396379 57.900999696827363 58.431490139893207
v 13.518597483258869 86.519529356564178 0.24223425917236921
v 23.64183235168457 58.664441397250471 74.886300750778659
v 23.006832122802731 30.9936647411058 50.901163528609473
v 21.419330596923832 15.57461663693695 12.473115692730159
v 21.419330596923832 66.605304859432422 23.067390381951391
v 23.030807134639979 45.832592010498047 62.92130347109844
v 18.244331359863281 65.596994233748021 64.732814641912114
v 23.006832122802731 66.274614059789599 94.714197301194915
v 12.47413047056957 85.028980915678829 20.534124349173599
v 18.244331359863281 39.211529247472697 33.267587755438598
v 23.006832122802731 38.517334456188287 80.611770418991767
v 23.053436602757849 53.609888994307802 54.911331170207752
v 24.27683258056641 35.249259948730469 53.356539549157837
v 23.016549642063641 64.213579690638909 99.616237836269704
v 23.006832122802731 52.182594299316413 53.107695620277227
v 18.244331359863281 46.686920591515658 116.8143906148906
v 21.419330596923832 17.28382751600326 121.2688176330844
v 23.006832122802731 36.730926513671882 47.33510762080374
v 23.64183235168457 58.707566426162707 71.291380976699998
v 24.27683258056641 35.249259948730469 86.818120992656119
v 23.006832122802731 65.973359633152299 65.761420515936265
v 18.244331359863281 31.837069847078268 27.16691089929752
v 23.0318405542892 47.285082084558198 50.590463003487997
v 18.244331359863281 60.357939882465843 64.932263516882557
v 24.27683258056641 50.065925598144531 46.752880251780688
v 23.006832122802731 32.479448849302869 68.791671752929688
v 23.558469903046539 43.715927124023438 107.5900653143096
v 23.006832122802731 49.430927276611328 58.646332881279278
v 24.27683258056641 54.299259185791023 91.317908784322071
v 21.419330596923832 24.323640355897741 31.743432879791481
v 18.244331359863281 46.640355112668303 99.559726017430236
v 18.244331359863281 71.468867352697657 111.3317719354113
v 24.27683258056641 33.132595062255859 86.74978398232831
v 22.988924708539539 38.809634410862067 102.9019588909282
v 21.419330596923832 52.001556297936368 70.816307366356583
v 23.006832122802731 40.964260101318359 45.009547425641379
v 21.419330596923832 57.33997837594498 113.2416687011719
v 23.006832122802731 59.255092955443587 82.950420981637706
v 18.244331359863281 36.177440696198097 37.581871933088607
v 18.244331359863281 46.691880102812974 48.339181538919092
v 21.419330596923832 39.790490857228633 68.7984138188923
v 23.641138266732451 60.093390713776017 73.85033718834211
v 12.83175678518049 90.111654491097113 7.8735837467142886
v 23.08869126528888 34.518759335276769 100.9663403750216
v 14.815183009300339 86.5334641011667 20.451102651436891
v 18.244331359863281 47.314010710616301 97.093562344162251
v 13.63303286491735 88.666114383308326 3.4297043993987879
v 21.419330596923832 40.888072907756943 76.258962720001762
v 23.635012260001741 60.183995629124936 74.653453403338787
v 24.27683258056641 33.132595062255859 61.618856446779077
v 23.006832122802731 31.898719681451102 77.681671142578125
v 18.244331359863281 65.503786004723736 25.091496480574321
v 23.027598466085781 38.82336407242137 53.805380690799034
v 18.244331359863281 59.163369489708657 62.400438782187443
v 18.244331359863281 47.001682655639939 104.741026711041
v 23.006832122802731 60.649261474609382 40.072018176894503
v 18.244331359863281 37.97302959797274 75.651690548390576
v 18.244331359863281 66.941399555835631 108.2084159078116
v 23.006832122802731 45.832592010498047 98.340107607887063
v 23.64183235168457 64.144749511795865 34.476083419064103
v 18.244331359863281 54.766538429449987 124.795915067517
v 18.244331359863281 35.97078851714673 84.865685399767116
v 23.006832122802731 60.649261474609382 60.01965033685287
v 21.419330596923832 42.671377031834297 113.2416687011719
v 18.244331359863281 28.83105467739448 30.419143830476909
v 23.030606847647221 36.69256535993609 93.127686414205783
v 23.006832122802731 60.649261474609382 83.809907746774968
v 23.01115063214737 36.724337178340527 43.597262568757337
v 23.006832122802731 55.7782753215265 64.733586844604574
v 24.27683258056641 45.832592010498047 41.678116152463147
v 22.95458310552451 61.018447504501822 108.0958124866721
v 21.419330596923832 71.882340363643905 35.423954365063018
v 23.05909726935101 60.649261474609382 107.16637847072791
v 24.27683258056641 33.132595062255859 47.858770759591373
v 23.006832122802731 62.765926361083977 103.0199075864045
v 18.244331359863281 30.266433045268499 114.40027161351971
v 10.38264272986939 88.830359251907481 8.156243088440851
v 24.271763484108991 50.071839681586738 39.599266915666213
v 23.705255517772311 39.482593536376953 90.50002134608448
v 18.244331359863281 42.327443326247653 90.549493322382801
v 22.743635696236641 35.884487841103748 31.644168853759769
v 21.419330596923832 64.612550110931394 28.998334884643551
v 23.62303185462947 35.672592163085938 32.308772563934411
v 21.419330596923832 57.910883967220471 24.767223537403051
v 24.60665607603713 8.4666681289672852 3.965856189888449
v 24.27683258056641 52.182594299316413 55.944940563822037
v 21.419330596923832 35.774029626154629 28.998334884643551
v 22.054330825805661 64.459259033203125 28.998334884643551
v 22.054330825805661 36.051447024957547 31.548516711730809
v 22.054330825805661 35.543335702005237 28.998334884643551
v 23.006832122802731 50.065925598144531 88.919541484983142
v 23.3887240231433 60.561897505760278 73.792537779954984
v 24.27275590697564 41.604014539999937 46.299279944927093
v 21.419330596923832 45.450478650079667 28.48754524537561
v 18.244331359863281 42.162849426234722 80.679659741007086
v 18.244331359863281 33.021817119564552 53.477442345553712
v 18.244331359863281 59.082347963939277 80.069973351587677
v 23.006832122802731 33.121244087216347 95.547987891649441
v 21.419330596923832 71.800867819051916 26.022298979463841
v 18.244331359863281 30.814188359271501 71.214935817167586
v 21.419330596923832 12.69999885559082 129.73478170300811
v 23.006832122802731 40.395580404518519 66.9502779520692
v 23.51498203887127 60.449709277727557 71.005578720158326
v 24.251764474342991 37.395174334853159 104.2383953511293
v 23.016231449179589 43.069960534572061 42.934542822316423
v 18.244331359863281 57.636959284168043 37.255311166443441
v 21.419330596923832 19.041510191431481 24.63778698877864
v 23.940968412237179 37.599336987960321 78.886955726021355
v 23.006832122802731 49.158093895871239 113.2416687011719
v 18.244331359863281 64.024546614686273 67.198804612249305
v 24.27683258056641 43.715927124023438 91.062925102166204
v 21.419330596923832 45.327107394286493 116.9399379134842
v 18.244331359863281 39.491351910553632 115.6152538078661
v 18.244331359863281 63.834313808486549 102.166487899315
v 23.006832122802731 49.795497589739149 111.34834283275841
v 23.4591373757568 61.603238321775443 63.362142786477392
v 18.244331359863281 58.029661436394044 47.562597485997387
v 18.244331359863281 64.13878684105012 62.724554861998627
v 21.419330596923832 52.123483241020907 116.209843966432
v 23.047049435942601 34.56734144866752 91.388089467867985
v 23.29147543759872 35.504814757755227 31.780024751830279
v 23.248435424510291 11.69600802731367 10.03787895086948
v 18.244331359863281 59.689325763254438 116.86228645665361
v 18.244331359863281 63.308461351741293 39.355161893089139
v 21.419330596923832 17.149549857935639 27.495265304316661
v 23.006832122802731 30.667740944070641 104.00240421735
v 18.244331359863281 41.815753518715653 96.014316268469969
v 14.07779129904246 87.863748859432803 138.84049772883759
v 21.419330596923832 12.75262075469151 143.75988532085219
v 24.239361200103161 37.365928649902337 87.733024482895914
v 24.226511619195598 60.707968807638551 60.65376794424602
v 10.61196851730347 83.149238586425781 146.47332763671881
v 18.244331359863281 65.829285101148329 70.074197211764584
v 18.244331359863281 62.622128336880508 106.3610420718674
v 23.006832122802731 69.539260864257812 81.016954829417429
v 23.006832122802731 31.246718131237991 40.108158238771573
v 21.419330596923832 31.340081246560839 68.791671752929688
v 18.244331359863281 44.048147654554633 37.724341720300771
v 23.040955328173819 45.146263113021497 40.866219079982557
v 25.55554029884383 37.478128222977922 69.178515646161827
v 18.244331359863281 59.907047368660187 103.87326297106659
v 12.76403921060729 84.505974151221366 17.287026405762369
v 18.244331359863281 51.683191322578239 79.225607515757943
v 24.32826055496858 38.868388513330594 78.747833119644227
v 23.02834054684838 62.765926361083977 83.921929076332844
v 21.419330596923832 69.539260864257812 81.168459999239218
v 23.006832122802731 33.121244087216347 102.70077940514579
v 23.042237759178828 45.156287130917363 98.39195741575449
v 23.006832122802731 69.481243940911057 42.219227253035292
v 18.244331359863281 56.848652046293992 53.860118787304103
v 18.244331359863281 11.322010174342671 129.5407159359367
v 18.244331359863281 44.342295127504201 86.277682596911831
v 23.006832122802731 66.455527992026418 101.7464089161288
v 18.244331359863281 25.91650231255101 111.92708551343441
v 21.419330596923832 39.453307688457038 23.822167273760751
v 23.006832122802731 62.765926361083977 106.82712591313221
v 24.27683258056641 33.132595062255859 45.772779792382607
v 18.244331359863281 60.533872064064397 30.796170764886732
v 23.068660674482931 57.825461059440883 42.793831363868527
v 21.419330596923832 28.052595138549801 42.403997383895351
v 21.419330596923832 18.41514972753065 21.02180524249378
v 21.419330596923832 54.151335446517827 71.686198225409555
v 23.03437767465806 34.569122907173522 42.732274781626302
v 24.271864966245712 33.138390609809797 96.460525135036917
v 23.04621223618587 57.851650933954637 50.207344187250627
v 11.546155119215509 86.703091119518589 139.18367844323689
v 18.244331359863281 51.920861822750851 98.514254207838277
v 23.006832122802731 59.90013402885269 66.377153460812153
v 18.244331359863281 55.665744900133021 61.143025837493887
v 23.07754151397565 62.765926361083977 39.507498100074713
v 24.232285274779951 62.817897887723163 41.934952509584043
v 23.659330429582742 44.43312090692325 60.664631645452197
v 18.244331359863281 40.81933472805909 70.460946318577314
v 18.244331359863281 63.262972482982093 49.422562146614368
v 23.006832122802731 62.765926361083977 62.285156108699361
v 21.419330596923832 60.518578673258048 22.994841955698661
v 23.097543010449119 47.208429251930021 87.433580261420587
v 24.27683258056641 33.132595062255859 56.331972452756368
v 18.244331359863281 35.409653666760448 75.21789384538927
v 23.006832122802731 30.713827016306791 90.135562334502922
v 11.33700080240428 87.080410314774085 16.7912820344607
v 24.27683258056641 62.765926361083977 61.289705645869148
v 23.64183235168457 41.599258422851562 38.316710284363289
v 18.244331359863281 61.182649665010523 60.308512244572341
v 18.244331359863281 49.091927406150631 98.765951715655859
v 23.006832122802731 43.080924987792969 98.525883785444151
v 24.249192281066801 54.33150595182142 104.9098929602814
v 23.006832122802731 67.041575281147928 87.024910700234358
v 23.006832122802731 37.57204881927921 79.256075996824251
v 12.5282753607686 87.805683475429632 1.0909685919311889
v 18.244331359863281 49.132861483682021 80.503970671200648
v 21.419330596923832 46.293903441032128 70.974430378093743
v 24.26385639708209 50.065925598144531 99.701890781207908
v 23.621976796833479 57.174736169132167 95.934532013606287
v 18.244331359863281 67.384015767674668 98.444382294649287
v 22.34800398978615 12.337238752254491 141.44244322299789
v 23.006832122802731 43.86079825116181 108.6891521381289
v 18.244331359863281 35.090763993257788 73.437030170200899
v 21.419330596923832 41.168579968643357 118.29875929578991
v 18.244331359863281 61.258635088576142 93.444562994267486
v 18.244331359863281 68.615109562710003 45.680170455624243
v 24.27683258056641 47.949260711669922 56.428901551916603
v 23.019778048584609 57.870641561031732 98.808325030920429
v 11.37389595945573 87.013855017128179 6.7105695206196732
v 22.324323214599321 12.34893141041543 134.3894019312759
v 18.244331359863281 39.915568298363823 35.301847754013387
v 23.006832122802731 66.333371065803973 77.681671142578125
v 21.419330596923832 52.349060745171613 68.791671752929688
v 21.419330596923832 40.457254006766497 31.737843834557861
v 21.419330596923832 47.339331524640372 68.791671752929688
v 18.244331359863281 66.219411984414535 90.611016382920923
v 23.006832122802731 64.364496363830668 43.15126128751622
v 23.006832122802731 31.51787426322338 66.183077904126961
v 23.006832122802731 30.90726809679224 80.011648142376913
v 10.94669987810464 83.334782945965983 144.37750938762909
v 18.244331359863281 62.121312968147841 95.543101647365617
v 18.244331359863281 63.471214555873843 87.995914175068563
v 18.244331359863281 61.301735250646217 99.362940674548724
v 23.04734532219118 59.966997774071217 54.104281200318042
v 11.893230427258739 88.581818548783261 144.34345622314919
v 18.244331359863281 43.849790806184863 41.555349538722197
v 23.006832122802731 50.816294504695421 81.890067742714422
v 18.244331359863281 36.113415676777201 47.113956912917473
v 21.419330596923832 72.091885217321078 110.91735173717279
v 14.33692370142149 87.396261590311155 143.15254345966329
v 18.244331359863281 20.448100222402811 25.97564091414338
v 21.419330596923832 21.231262523847558 26.05419200691821
v 18.244331359863281 22.42451830319688 26.413036383138799
v 23.006832122802731 36.834597671142703 79.947413930035395
v 18.244331359863281 39.903373679326251 103.4609676469412
v 24.27683258056641 47.949260711669922 101.8708811913521
v 21.419330596923832 64.558946395072354 133.5788902973664
v 21.419330596923832 14.51661461767973 20.15600879704683
v 13.386495741667041 89.11087916543238 140.39185624146199
v 23.006832122802731 60.649261474609382 57.705588465348818
v 24.27683258056641 50.065925598144531 54.703163208496598
v 21.419330596923832 12.69999885559082 16.668752670288089
v 18.244331359863281 64.567605867569114 58.913082612328431
v 23.030385313322071 59.980233363333802 87.427606531195522
v 23.006832122802731 66.060506076142588 68.791671752929688
v 24.27683258056641 45.832592010498047 48.336254613733878
v 18.244331359863281 47.697798361917719 60.184170791594369
v 21.419330596923832 32.824085453383823 10.45636023877014
v 18.244331359863281 44.499385990161677 97.26772317410969
v 23.006832122802731 69.539260864257812 109.891367816982
v 21.419330596923832 29.069093934678669 3.1154236133025242
v 21.419330596923832 35.62450412749304 3.0358156502870841
v 23.006832122802731 33.132595062255859 45.222000563096422
v 22.54194632745854 12.225203073079401 130.62387279171429
v 21.419330596923832 36.460620151664983 18.004667418369941
v 21.419330596923832 29.016120090379609 132.2061121256244
v 21.419330596923832 71.966147528276991 116.089030805714
v 21.419330596923832 38.635400269885402 139.05166964748389
v 21.419330596923832 15.150867839812101 139.71281643601151
v 21.419330596923832 40.980968606489448 122.8530266389585
v 21.419330596923832 39.269517455658999 7.1815398039505762
v 21.419330596923832 41.942052078765457 12.760776991938149
v 21.419330596923832 45.538276436210978 6.9734297174698163
v 18.244331359863281 40.509830264786387 100.6416304619619
v 23.021358930977101 40.947312165720618 98.012670889954506
v 21.419330596923832 44.068219672936728 133.31158410952679
v 23.006832122802731 43.843472718226451 36.750053053037547
v 21.419330596923832 44.751391370266653 140.12089864984861
v 18.244331359863281 45.293636129315757 43.00803693755249
v 23.006832122802731 52.182594299316413 46.387709574546207
v 23.016019077450039 64.290748630874333 54.890049120978183
v 21.419330596923832 51.032385879189043 10.557947781333491
v 21.419330596923832 55.237955502567097 5.9731185822132939
v 24.594331741333011 8.4666681289672852 129.4471414945173
v 18.244331359863281 52.616775432492638 17.022994733185651
v 23.06812835101039 36.659414278115499 51.072706846280418
v 23.006832122802731 38.483600106291448 66.720639696718933
v 18.244331359863281 60.182804946486741 38.051579423526817
v 21.419330596923832 51.220003241465193 137.4537787519846
v 18.244331359863281 59.620013796507529 86.210257884323298
v 18.244331359863281 54.758299467145847 100.3682254212351
v 24.27683258056641 39.482593536376953 47.767010344649961
v 24.27683258056641 45.832592010498047 89.916383245376522
v 23.01014515215066 38.831726229085064 42.693873506246433
v 18.244331359863281 54.539870745465542 10.5096962358203
v 21.419330596923832 25.49407095723554 29.77636599924783
v 23.009220389316699 51.544809506315758 87.4132228979947
v 21.419330596923832 61.046722841588817 9.5096073574937954
v 23.006832122802731 64.309864286630756 60.877292893876437
v 24.27683258056641 47.949260711669922 49.698748695374469
v 23.034406704722649 47.269159453801272 103.8469591193621
v 23.006832122802731 50.065925598144531 58.57801378547186
v 14.04955400794222 87.914690285447676 4.940032689904843
v 21.419330596923832 24.31808278300738 115.00354322881699
v 18.244331359863281 66.909387292485832 101.7754011392516
v 18.244331359863281 51.676884651955334 93.557333786215821
v 23.049171113737291 45.141747311721957 105.6417445651993
v 18.244331359863281 65.26140387738441 46.292991324178089
v 23.006832122802731 48.783326777054747 36.981220910202637
v 14.452010204382031 87.188639378505854 1.4836547117036669
v 18.244331359863281 36.990028747653398 44.921975503095069
v 18.244331359863281 51.059172188830829 39.967954102176009
v 18.244331359863281 40.632346900281568 73.136286240116249
v 24.23530870338675 60.697705622333132 48.534266742468837
v 18.244331359863281 67.22607123595904 33.146763692840253
v 23.0318405542892 47.285082084558198 43.975961589776681
v 18.244331359863281 29.410287094568119 27.946646357993291
v 23.006832122802731 43.214084449873937 68.766006495238003
v 15.72338895357799 84.89501241603169 6.2309107891656934
v 22.828949692815151 64.02681526202305 31.644168853759769
v 23.311264171791301 34.525119553495088 114.67917982195191
v 23.335613250732418 63.303827604662551 114.6617965698242
v 18.244331359863281 50.735794181256779 100.7240632835183
v 22.848081588745121 35.65398063332146 114.8291702270508
v 23.570858359336871 35.672592163085938 114.3001132011414
v 23.570858359336849 64.459259033203125 114.3001132011413
v 17.434956759149362 81.8072623959537 139.16781968998359
v 22.7501896009909 64.313358308424469 114.8291702270508
v 18.244331359863281 55.285758614246937 58.121246164849452
v 13.16433143615723 7.106288602745451 0
v 24.27683258056641 37.365928649902337 44.371597554005199
v 23.335613250732418 64.659709225739732 31.811538696289059
v 21.419330596923832 64.444643837880307 117.4750061035156
v 18.244331359863281 49.948398944167039 92.453487826945818
v 22.054330825805661 35.672592163085938 117.4750061035156
v 21.419330596923832 35.939770992039087 117.4750061035156
v 18.244331359863281 65.274229798883255 10.823059712466661
v 21.419330596923832 31.214984332337981 77.681671142578125
v 24.27683258056641 52.182594299316413 103.05677994573669
v 21.419330596923832 65.79974274066808 0
v 23.64183235168457 35.78235188371297 109.85500335693359
v 21.419330596923832 65.799742874670585 146.47332763671881
v 22.054330825805661 35.672592163085938 114.8291702270508
v 22.054330825805661 64.459259033203125 31.644168853759769
v 21.419330596923832 69.722510635339205 140.6989424796472
v 21.419330596923832 64.375048597038727 142.4370865880561
v 13.16433143615723 64.023717587640661 141.3933410644531
v 23.64183235168457 64.119995328764944 36.618335723876953
v 22.054330825805661 64.396368293609953 117.4750061035156
v 22.054330825805661 64.462526880731573 114.8291702270508
v 23.623031854629499 64.459259033203125 32.308772563934347
v 18.244331359863281 67.928533551070245 141.3933410644531
v 18.914737695963559 79.137669327780173 25.362657880057839
v 18.299543287229529 80.247509771556537 121.84772323268599
v 18.244331359863281 30.850503072442191 37.10290509384707
v 21.419330596923832 65.951124965492653 68.791671752929688
v 23.04985409900641 55.724232045582617 91.713757062438219
v 21.419330596923832 30.68782868856632 119.9655012432504
v 18.244331359863281 41.414768310125339 113.9415530272498
v 18.244331359863281 8.3599830004859292 5.0799994468688956
v 23.006832122802731 33.132595062255859 51.900189858022493
v 23.006832122802731 40.357693994329203 79.352903791104708
v 23.030554740729858 55.692314499020483 42.652530404807457
v 21.419330596923832 0 140.09948477827169
v 13.16433143615723 9.8914355221924204 5.0799994468688956
v 13.16433143615723 17.50607736979762 5.0799994468688956
v 23.065506419049751 34.545808310949042 98.689032611176671
v 13.23763490717692 8.0797519549300318 141.3933410644531
v 18.244331359863281 12.54045903013974 141.3933410644531
v 13.16433143615723 14.655393634497459 141.3933410644531
v 21.419330596923832 40.284371697020852 74.754695871876052
v 23.006832122802731 56.415927886962891 98.755622542729
v 18.244331359863281 23.92900029902713 23.60922086827879
v 23.060665421873971 43.715927124023438 97.202118081710168
v 23.64183235168457 33.398944432975583 35.618815372975448
v 21.419330596923832 25.919662665101932 110.8163885023462
v 23.64183235168457 65.054169872940591 111.9274402798908
v 24.27683258056641 47.949260711669922 106.7685722778761
v 23.006832122802731 58.532596588134773 90.655677304600999
v 18.244331359863281 40.559054836876967 51.598316484932511
v 24.27683258056641 39.482593536376953 100.44435229140841
v 23.006832122802731 37.365928649902337 101.6417110257612
v 21.419330596923832 55.686557468517492 77.681671142578125
v 23.085841800513229 59.922085235300798 101.4926751749082
v 21.419330596923832 74.6192626953125 9.8972741750563156
v 18.244331359863281 36.45756621579352 70.165142889467788
v 21.419330596923832 74.6192626953125 136.65668505106919
v 18.244331359863281 64.529345198633976 132.77268709380661
v 24.21839060162597 60.717443507128657 41.905315767327266
v 18.244331359863281 38.300695745861567 56.761410514793177
v 23.006832122802731 56.232969895960927 35.10949476253159
v 21.419330596923832 59.93141045052765 68.792935076557995
v 23.470255341821389 11.472957670113059 141.87441604921389
v 24.343141981004759 10.232843664050289 17.07146027597393
v 23.006832122802731 36.75987042958927 56.250817951834712
v 21.419330596923832 24.328970041314211 25.483869381019861
v 23.02130786098537 62.027847899648343 61.417836156514838
v 23.024454292042321 38.827032264453912 48.145826695283247
v 10.370670318603519 88.823722839355469 11.60790348098288
v 12.032990694726919 89.23266292299077 143.47563192005069
v 21.419330596923832 28.052595138549801 35.914319658208761
v 23.006832122802731 33.132595062255859 89.034883418161215
v 24.4656982421875 9.6367301940917969 140.6502482999141
v 18.244331359863281 66.788012795174467 83.544072242679547
v 13.16433143615723 8.6956478578304939 146.4593524632424
v 26.762041557060069 38.918738405741898 76.967271268205707
v 24.64362908014952 8.4666681289672852 143.16165327802119
v 17.619968870096461 4.9693428517702616 0
v 18.244331359863281 49.241907948815943 52.975221193159349
v 21.419330596923832 40.74155216347269 70.020708030222593
v 18.244331359863281 54.077024573409943 77.761589029042
v 23.006832122802731 53.649886200637958 80.580352128248748
v 13.16433143615723 13.99431524800778 0
v 18.244331359863281 14.73843867751664 5.0799994468688956
v 18.244331359863281 35.795721998722129 40.038265079923008
v 23.006832122802731 50.065925598144531 49.181761209147801
v 23.0381365043602 34.556994595237143 103.97175308382729
v 18.244331359863281 24.446026853699081 5.0969278678285104
v 18.244331359863281 63.197983862823747 92.352197875355046
v 18.244331359863281 48.79155870444567 90.428366997423353
v 18.244331359863281 22.913091865780071 17.59939542295335
v 23.006832122802731 53.151080844943813 77.713468405601716
v 18.244331359863281 17.2478140319154 135.5094371901921
v 18.244331359863281 24.707589668845561 136.74185204146451
v 13.16433143615723 17.109025481589729 146.47332763671881
v 21.419330596923832 15.09676889031118 143.2399019822939
v 23.361971321869849 39.434211907293012 72.43487739069505
v 21.419330596923832 15.813544282356769 0.033283049475005599
v 21.419330596923832 16.779419406025148 18.684459523432189
v 18.244331359863281 26.574888127347311 36.888743132094937
v 18.244331359863281 22.125925064086911 35.104463699414637
v 24.642414209845601 37.462194950323457 67.860286719992402
v 18.244331359863281 63.933957036825092 97.699951610895056
v 23.006832122802731 28.052595138549801 64.238695033299535
v 21.419330596923832 22.107713698012521 64.55542787395305
v 18.244331359863281 62.873665525725933 78.170529578683158
v 18.244331359863281 22.087060236776608 64.540710490668715
v 18.244331359863281 52.996484100121513 102.084383079557
v 18.244331359863281 43.988956470548082 114.9027690852445
v 24.27683258056641 54.299259185791023 97.227117581209029
v 13.06063504109744 87.174701479377305 0.57111201315133364
v 21.419330596923832 22.10961188393734 73.161146530292768
v 23.006832122802731 41.221546077824698 113.1656173672705
v 23.006832122802731 52.812372626202858 65.188001825085792
v 18.244331359863281 22.125925064086911 81.757426176054651
v 21.419330596923832 22.125925064086911 82.623869127638145
v 18.244331359863281 22.125925064086911 107.3272370419451
v 12.799416542053221 90.169998168945312 139.08117145447321
v 18.244331359863281 56.412556221444113 94.04120697717255
v 18.244331359863281 56.791384260456432 41.805212206892243
v 18.244331359863281 41.911752949770992 68.138390817501985
v 23.532094902394579 60.649261474609382 63.260872203484602
v 21.448764629615091 37.443642943059018 77.681671142578125
v 23.020622058206289 59.991722658070543 59.503091350954897
v 21.419330596923832 38.237208673540657 68.867466587489176
v 24.27683258056641 41.599258422851562 58.192419045406282
v 23.012898745839269 62.121158464667097 42.625886548495139
v 23.006832122802731 41.599258422851562 42.377963513051341
v 21.419330596923832 34.191641490335911 26.90261045209332
v 24.27683258056641 58.532596588134773 59.102715596420808
v 23.006832122802731 56.067690317018702 113.2416687011719
v 21.419330596923832 67.625048967038381 121.2786033333892
v 24.27683258056641 56.415927886962891 41.341003211388013
v 23.006832122802731 37.365928649902337 93.204662724116417
v 21.419330596923832 30.681530342229461 115.81231388735981
v 21.419330596923832 50.324371151538571 33.231666564941413
v 14.93369731105599 86.319653460668889 3.026220463194969
v 18.244331359863281 63.128114812293028 104.15116576202649
v 12.94699889301191 87.363657680534317 19.503284855827889
v 18.244331359863281 62.142087418146872 81.04987937548043
v 21.419330596923832 14.44538147927409 129.11748686184461
v 18.244331359863281 50.650627878213477 118.76106775866759
v 18.244331359863281 59.541678374095149 52.48664744881458
v 18.244331359863281 48.033398747032621 128.83328140408861
v 24.15083277257617 10.41762314483908 3.0632701797892961
v 18.244331359863281 60.007498162943961 41.031573217093609
v 18.244331359863281 48.968205197990677 76.35775759880967
v 23.006832122802731 61.25399583698681 65.071711498558756
v 21.419330596923832 33.782091800252822 119.7990223520372
v 23.065200565872061 59.939640065848003 48.268401382839741
v 23.006832122802731 58.109260559082031 75.157346822819747
v 23.006832122802731 43.080924987792969 49.470201054251248
v 23.034000809111539 62.087276353300297 86.775339023433745
v 23.03438401626147 59.969041415300957 42.317539003362349
v 21.419330596923832 57.284254970024428 72.350390837575603
v 10.378255131574511 88.810039998620468 133.06423759459531
v 18.244331359863281 39.30519394518447 71.638501192062122
v 23.047390624709578 53.610392070145167 42.490023212233233
v 18.244331359863281 56.908080020887631 56.369183275042708
v 24.27683258056641 45.832592010498047 85.109100964157108
v 23.006832122802731 56.595624510575327 65.895335906965144
v 21.419330596923832 59.900845861196203 77.681671142578125
v 23.006832122802731 64.367612855864905 93.040920922437607
v 23.006832122802731 64.3199723626675 86.298003732203711
v 22.971125831227251 8.4666681289672852 134.7397612246574
v 18.244331359863281 38.581692803480578 101.6222642519285
v 11.514325485200681 86.760515944788438 130.6257697293851
v 23.006864498734888 62.765926361083977 40.986852836813377
v 24.27683258056641 56.415927886962891 88.648585817550526
v 18.244331359863281 46.791911798278178 86.617694011777104
v 21.419330596923832 52.774284093404923 113.2416687011719
v 18.244331359863281 56.816825984546263 131.42986156877561
v 23.006832122802731 63.679817274780589 80.793862414066581
v 18.244331359863281 74.6192626953125 37.383030532280237
v 18.244331359863281 74.562082636819028 71.313293385909503
v 23.006832122802731 69.539260864257812 64.081481532202375
v 13.37803650237165 86.557823086952084 146.20085033362881
v 21.419330596923832 74.6192626953125 66.003471549103395
v 21.419330596923832 25.26619536925352 113.14775187517461
v 23.64183235168457 39.059257507324219 34.135133101340713
v 18.244331359863281 74.6192626953125 84.425025188292636
v 21.419330596923832 69.539260864257812 85.241228789312331
v 15.035274385628689 86.136403497490591 1.4086248102896199
v 23.006832122802731 69.539260864257812 84.282835674357457
v 18.244331359863281 74.606886910839819 78.614194174740277
v 21.419330596923832 74.6192626953125 75.233222414585356
v 23.287531198840139 11.656695387876169 132.68258560190421
v 18.244331359863281 74.6192626953125 109.090301513092
v 23.006832122802731 50.065925598144531 86.686254971550611
v 23.006832122802731 58.532596588134773 50.452357919173402
v 21.419330596923832 29.975964798057561 117.59304955912511
v 22.914477723881891 11.97469448284007 17.16259438784682
v 24.594331741333011 8.4666681289672852 7.772918652124245
v 23.006832122802731 41.697879614802552 33.231666564941413
v 23.006832122802731 59.237991385038058 113.2416687011719
v 25.55095448105164 38.401027731303387 77.297635670392481
v 23.006832122802731 58.723840758279167 33.231666564941413
v 23.006832122802731 54.92373134449749 81.416552183794423
v 23.006832122802731 66.174767617876995 39.861479762645793
v 21.419330596923832 59.266524476084953 33.167351969157089
v 23.006832122802731 28.052595138549801 38.833092342678327
v 21.419330596923832 22.101488274081671 36.331508306993904
v 18.244331359863281 61.484896458507521 57.297146130815257
v 18.244331359863281 61.104310740768987 111.0162923920885
v 23.612589127911981 36.981842247155569 77.691761631781645
v 18.244331359863281 38.285433737553078 92.07960479272181
v 21.419330596923832 28.052595138549801 45.987473390660703
v 23.64183235168457 34.038325581315277 34.449875986916737
v 18.244331359863281 11.47662213909117 134.01795494328641
v 23.006832122802731 37.365928649902337 88.540000305025828
v 12.185129403103669 85.550355375780896 128.30359789962839
v 23.006832122802731 28.052595138549801 42.615799866437683
v 18.244331359863281 47.040297805757888 41.411052012394052
v 23.028195060168279 35.249259948730469 86.036211354767019
v 24.27683258056641 62.765926361083977 93.516093993905528
v 26.630290400373479 38.212209996667781 77.120316247879529
v 24.27569288784807 41.600588063785743 40.796214418176902
v 24.27683258056641 52.182594299316413 48.988127641550342
v 18.244331359863281 40.816337953767437 108.4896582483302
v 23.028946214041429 53.625260777214812 104.02887295733581
v 23.73513214220117 37.997909470937287 88.499753401698428
v 21.419330596923832 25.17762806525538 95.510388688461859
v 23.006832122802731 41.599258422851562 86.438886605971476
v 21.419330596923832 6.3508520413424296 129.7137591855294
v 18.244331359863281 24.800123714146341 26.969535824145471
v 23.006832122802731 45.814727374120153 34.917498603382867
v 23.075308976747571 55.697785353097593 101.5866230507259
v 23.006832122802731 56.628124579067197 79.112801792109266
v 23.049896531280179 43.030683199461357 87.073318432490851
v 23.022286093381339 55.736502678817068 49.018298409129173
v 24.27683258056641 37.365928649902337 53.778753328529469
v 23.006832122802731 33.064586999105138 62.038345939021603
v 23.680376900008049 11.225942024573859 6.5169598908236104
v 23.006832122802731 33.715465316811979 108.0450038039998
v 24.27683258056641 58.532596588134773 40.381153736202442
v 23.006832122802731 47.949260711669922 86.138075460463867
v 23.050357504946319 36.648274963002841 86.736569428593441
v 23.006832122802731 58.532596588134773 43.243978408035808
v 23.006832122802731 52.74930640136342 68.791671752929688
v 21.419330596923832 30.335500366490859 31.023442016742472
v 18.244331359863281 45.200244440408412 106.762083529623
v 18.244331359863281 60.290610834553462 77.99832662560388
v 23.64183235168457 32.342739424110171 34.174585634413774
v 23.04182827859908 45.15031468982307 59.601207465825077
v 21.419330596923832 61.072593688964837 31.396294534290789
v 21.419330596923832 10.077312984435279 125.9658201848894
v 12.80272355126543 90.164034035398373 132.54288013690811
v 21.419330596923832 39.059257507324219 30.809353150515069
v 21.419330596923832 67.845924377441406 31.11500072479248
v 23.006832122802731 57.955126164142627 65.414888996521597
v 23.006832122802731 45.197593688964837 47.548766324769822
v 24.27683258056641 33.132595062255859 43.410101511630941
v 21.419330596923832 63.704164591858387 76.035778496136658
v 18.244331359863281 56.971192563362791 78.763501036348657
v 23.006832122802731 65.319331742392365 38.119035554124657
v 18.244331359863281 59.382789066982511 97.619869996391316
v 21.419330596923832 28.052595138549801 52.735107095239648
v 23.006832122802731 28.052595138549801 53.481267801921128
v 18.244331359863281 32.878629655373118 33.328037612903117
v 24.27683258056641 33.132595062255859 59.582021307931761
v 18.244331359863281 58.710819558201187 75.325624824438435
v 22.054330825805661 34.011324168105382 30.380475210548589
v 18.244331359863281 21.96845083263949 121.2605066593735
v 23.063745581681129 49.364528269745001 87.058206438575581
v 22.054330825805661 37.365924835205078 30.32125186920166
v 18.244331359863281 35.647483979368893 100.87339610170061
v 23.006832122802731 64.652516130696071 36.618335723876953
v 18.244331359863281 42.063200358706958 47.997575799032553
v 23.060216677324391 40.901978147768268 87.041813680803457
v 23.090574564143129 55.683226277758124 60.088789518687683
v 23.006832122802731 43.715927124023438 60.732206612277757
v 23.006832122802731 57.398521409673627 80.687615026026293
v 23.006832122802731 59.47346925570718 81.705228336733754
v 23.006832122802731 33.132595062255859 85.901442913067683
v 23.006832122802731 33.132595062255859 92.168323923254746
v 24.27683258056641 33.132595062255859 90.741213364214232
v 21.419330596923832 61.175790190423193 70.503157130541894
v 21.419330596923832 44.218947594125723 77.657906989912973
v 14.28971857889586 87.481422319669761 18.036202621436669
v 23.64183235168457 61.072593688964837 34.265402478990829
v 23.006832122802731 60.300574974826787 64.904981448348295
v 23.006832122802731 36.730926513671882 99.491351405749441
v 11.85361680627976 86.148420095604649 126.6605850912606
v 23.006832122802731 35.249259948730469 43.423146226538172
v 23.006832122802731 44.974842453954331 81.984379658117604
v 23.006832122802731 59.830686369253897 35.11130688295745
v 23.05548644273653 34.557498278298318 96.607230686723057
v 23.032014043340101 51.518216373451651 54.564079072294163
v 23.006832122802731 33.089347277003142 98.433219923086526
v 13.72895600022003 88.493063721730664 143.70154101513751
v 24.27683258056641 33.132595062255859 102.18404439870351
v 23.006832122802731 28.052595138549801 95.527349412220886
v 23.027493206915871 49.396998453761377 41.569722849804947
v 23.6476069282004 40.216685856479529 39.14641337384532
v 23.006832122802731 35.71149237029978 78.804113852377526
v 18.244331359863281 55.007491899532887 43.961896693851529
v 23.12112488367762 11.80622545505986 3.4360027385110659
v 23.64183235168457 36.515090987307673 36.618335723876953
v 23.039462192147099 53.626192466357857 48.501014443726447
v 23.006832122802731 35.249259948730469 91.039626448481997
v 12.64844485253964 87.577476257266824 127.16274054910549
v 24.27683258056641 39.482593536376953 90.033514349875475
v 24.594331741333011 8.4666681289672852 134.72803771827751
v 23.514784984817741 37.141914570006698 75.700302233308278
v 13.93231311637612 88.12619847093292 141.35615310922961
v 24.27683258056641 45.832592010498047 95.085485564577553
v 24.27683258056641 41.599258422851562 51.883897755448217
v 18.244331359863281 23.15182532585202 28.532230759294169
v 23.006832122802731 33.132595062255859 46.982441540544968
v 23.02059984920885 64.197514469245036 101.6807625842203
v 18.244331359863281 8.8757171802049584 139.28063150556869
v 23.02061726366961 47.291697980092309 97.715158925249554
v 26.31145666976224 39.344763499259571 76.757503040946318
v 21.419330596923832 33.182345320632002 24.437256305618309
v 21.419330596923832 61.780860217748419 71.91221724934762
v 23.925174171522301 46.242859978336931 63.1425779533132
v 18.244331359863281 48.928612221308867 54.91150639865527
v 21.419330596923832 71.495674526604361 119.2752589299221
v 23.065980351162828 37.365928649902337 62.647988703575344
v 18.244331359863281 35.994630162753481 71.925717613634589
v 18.244331359863281 40.308888105525853 62.020730644210758
v 23.006832122802731 59.905492867954642 70.586005217997396
v 19.655066042781201 22.125925064086911 114.9975291813868
v 21.419330596923832 59.084829690165151 115.2680014500384
v 23.006832122802731 61.072593688964837 34.913086769164593
v 23.006832122802731 39.482593536376953 59.042098220475388
v 23.64183235168457 59.761038175291667 71.265406397949107
v 24.27683258056641 33.132595062255859 52.957866227837478
v 18.244331359863281 49.491989838482759 63.844881274784527
v 26.14953122612495 38.87827776279363 77.59873286563635
v 24.27683258056641 37.365928649902337 55.869140177864388
v 18.244331359863281 50.841472517518831 60.04082485220772
v 23.006832122802731 47.469301815094838 68.791671752929688
v 21.419330596923832 30.23426645505327 33.185434491589497
v 21.44843492248085 10.850233392747009 127.4233322143555
v 18.244331359863281 45.932780188036404 51.399960486696997
v 21.419330596923832 10.583333492279049 19.050003051757809
v 21.419330596923832 11.82532775328068 24.216129668882889
v 23.006832122802731 66.786186236876588 44.131827781516613
v 23.006832122802731 59.769418664358682 75.901991055821753
v 23.64183235168457 34.373045295914707 36.618335723876953
v 18.244331359863281 38.030314801209499 42.958882223117257
v 23.033314480846961 45.166697617837407 91.713356531570696
v 11.397755585582219 89.345788128711249 129.86376318676039
v 23.621288157874169 36.014061737577912 85.938442464701637
v 18.244331359863281 57.034070946536922 89.034025876952839
v 24.27683258056641 37.365928649902337 41.831848843467753
v 12.107647167824229 88.471637867774504 127.84721317511681
v 18.244331359863281 32.572579273089147 69.267850632999924
v 23.060332352815159 53.594240008043698 60.479550166271352
v 13.67557641100827 88.589364895481353 128.86298327104561
v 25.316135426107351 38.794728928146462 78.251622581372985
v 23.429519653320309 60.533218383789062 72.501832263665179
v 21.419330596923832 55.806498769237272 70.974890999988247
v 23.01492703003434 37.365928649902337 83.981299492409946
v 21.419330596923832 61.666502839670507 121.61430702798771
v 18.244331359863281 53.638766688336872 84.904475814531509
v 23.6343794655557 60.189069992991833 76.178777092816276
v 23.006832122802731 55.956093219911821 33.231666564941413
v 23.006832122802731 58.109260559082031 76.397403008321589
v 22.189844247177749 12.41533196459882 16.942615905471499
v 23.006832122802731 59.702730144499832 77.668256591130316
v 24.20833234069163 41.679175335079798 88.619951634942026
v 24.259606935959511 50.086022378469288 60.46995665875923
v 23.059993009883151 59.952242144762216 97.219862644758379
v 23.03438567510452 40.919212561972337 94.654790824283538
v 24.22545152695756 39.542538073198408 85.84391436715822
v 21.419330596923832 6.4736163841492136 1.805350206035111
v 21.419330596923832 14.1541883090885 126.1660631555233
v 24.27683258056641 43.715927124023438 44.885395767675917
v 21.419330596923832 39.928805384721642 71.219026961884524
v 23.006832122802731 52.182594299316413 98.836761427532224
v 23.64183235168457 58.684141845597168 75.967155897920776
v 18.244331359863281 56.694049074212643 98.440206220412705
v 18.244331359863281 66.30102648815523 113.4277841130904
v 23.64183235168457 37.574319725891023 73.591010452957775
v 24.261340137360779 54.317333695108481 62.380701248131913
v 23.083001367940479 37.365928649902337 89.998795462828213
v 23.01426754367057 51.516584840428699 42.256990923398803
v 11.31546049934121 87.1192740935046 3.114309110006253
v 23.60263006009583 44.502496393722367 84.396095031699645
v 23.64183235168457 37.492927551269531 71.455625077038732
v 10.90342620181722 87.862602178620421 129.3715081314748
v 18.244331359863281 35.437707077449531 115.38268922239421
v 23.091987926554641 40.864911706238189 41.770985393870824
v 18.244331359863281 51.678925949287731 45.439584209962149
v 21.419330596923832 27.771400587079778 119.5066260128167
v 22.23778800114621 59.734817301628603 74.45477978424104
v 23.006832122802731 35.249259948730469 48.600968213264743
v 23.03900605174076 45.16005745464394 42.39954865589749
v 22.227949001888931 60.115904759927261 74.26989278789739
v 23.061083157093531 55.704011040441237 58.365797382849912
v 11.471141944345851 86.838418653802009 134.89492063493259
v 23.006832122802731 47.258734591645521 63.613362173578679
v 23.006832122802731 44.476749176694788 33.231666564941413
v 21.419330596923832 15.243850809540421 24.41798950241386
v 24.226794863743759 41.65763573409496 56.005528240828177
v 24.2662091647999 50.078319871524833 45.036627140207941
v 18.244331359863281 52.135904685245393 56.53252027448935
v 24.58650038729542 38.247331467395107 67.833833134761207
v 18.244331359863281 62.729683530462808 46.962228258527219
v 22.054330825805661 39.059257507324219 30.463801040171401
v 23.006832122802731 31.270658012371928 61.045118151305097
v 23.006832122802731 33.478977704088123 36.671765518122811
v 23.006832122802731 46.787362145048711 67.170266220023876
v 23.01372671759956 57.925241544595657 56.351699344814307
v 11.59291801302126 89.482651366066449 140.1593166125393
v 23.61718596732624 39.093577823969852 72.730886097714318
v 23.006832122802731 54.299259185791023 101.7275995872084
v 24.248277178720659 54.332573562946642 106.3256944643289
v 21.419330596923832 28.890322898793201 26.57910612165357
v 23.006832122802731 31.873421505596308 38.171951395388852
v 23.006832122802731 43.715927124023438 41.670840629755929
v 18.244331359863281 60.136581905885357 49.382886899377397
v 23.006832122802731 37.166874560633161 65.53297087232329
v 21.419330596923832 39.526235997015803 75.954884225126094
v 23.61314175753704 39.482593536376953 89.59510266284461
v 24.241509903411231 47.990470484001193 43.391738047869147
v 18.244331359863281 65.901684796189357 38.3604317780214
v 23.006832122802731 58.7215564331472 111.53019472626811
v 23.006832122802731 39.585662510145653 80.817253175761763
v 24.262353148269259 37.382821270175207 48.61984435361024
v 23.006832122802731 54.299259185791023 95.857722426960294
v 23.072221177281708 39.482593536376953 62.542196371819763
v 18.244331359863281 40.346373379481228 59.149458717277589
v 23.033397839386542 47.283265252724242 55.846293068651917
v 23.034397529991761 34.56915219084847 48.859117129443938
v 23.006832122802731 54.299259185791023 54.709673677310278
v 23.006832122802731 37.036482859953857 36.618335723876953
v 22.213081359863281 42.295253377204027 77.68325795860946
v 21.419330596923832 22.67346584521939 27.0118971866154
v 21.419330596923832 65.928801995770883 26.830107831194969
v 25.309698578487591 38.912621871923221 77.486658027962221
v 23.081143681864631 51.460893151919748 59.432473602391482
v 18.244331359863281 59.213966234501832 68.952362119979284
v 24.245787335984179 43.752146204265863 50.837712123689087
v 23.006832122802731 51.779403871767308 80.543738367072962
v 18.244331359863281 39.282582895134148 97.546898322067676
v 24.27683258056641 35.249259948730469 88.936103695511235
v 23.006832122802731 43.715927124023438 56.088573157971943
v 21.419330596923832 14.37175208253378 6.9849979831038009
v 18.244331359863281 37.173740745798177 106.6262200267891
v 24.27683258056641 35.249259948730469 84.819955314516221
v 21.419330596923832 37.123471098251159 27.189468394967641
v 18.244331359863281 34.825672752713793 29.252581841646808
v 23.597659581750911 40.274961694989983 61.982745652013193
v 23.006832122802731 41.599258422851562 91.118824389493724
v 23.006832122802731 37.365928649902337 97.328745913165534
v 18.244331359863281 43.225756330482 99.871132675633106
v 23.43768245029521 39.359637321753077 76.093632290449364
v 23.006832122802731 62.765926361083977 93.275558113674251
v 23.64183235168457 33.55521741170363 111.3558987895194
v 24.27683258056641 62.765926361083977 49.22466040011588
v 23.006832122802731 52.182594299316413 59.352259388860489
v 23.006832122802731 62.765926361083977 43.128684303642387
v 23.041203997854169 53.618564483039357 98.225925788163309
v 23.006832122802731 43.715927124023438 88.634353251561151
v 23.036408162825548 34.573258223059639 54.475661798856649
v 24.843667858206 38.333167403731451 78.517840354146514
v 18.244331359863281 62.874528301326741 64.923761311522142
v 23.02062145455546 36.708387329332957 60.547653755859713
v 23.006832122802731 49.72809176544191 80.957706426108885
v 21.419330596923832 14.49469588464013 18.189875572153699
v 21.419330596923832 29.993924271639351 28.75367417815524
v 24.27683258056641 39.482593536376953 62.410644201243933
v 23.019239898387841 62.042365899179217 60.02755508376778
v 18.244331359863281 61.976568544571222 108.78542865142769
v 23.006832122802731 34.629705545390202 63.585043275535533
v 18.244331359863281 42.497426169940681 39.312758328650368
v 18.244331359863281 52.852457426465961 107.2361840075413
v 23.006832122802731 54.299259185791023 49.088899233187462
v 18.244331359863281 37.698527733058633 99.740929826725534
v 24.27683258056641 52.182594299316413 91.677804954745611
v 18.244331359863281 56.019340233528503 107.0230874319922
v 23.006832122802731 41.606665440116267 108.23900993772909
v 24.24338421641076 43.754949836738597 56.162220909377481
v 23.674276448076519 38.703780073679553 78.962105643064177
v 23.599027657017871 33.923367133742317 84.946051513774734
v 21.419330596923832 15.19797071991121 15.815915125174159
v 18.244331359863281 24.768385901438279 29.407309038481191
v 18.244331359863281 41.433766640923849 85.665461993624746
v 18.244331359863281 61.580858595898853 62.903138954484277
v 23.006832122802731 37.471459437617753 77.257743730132177
v 24.251974431620891 33.161596223581228 104.6477156518458
v 23.006832122802731 50.065925598144531 104.04269195396181
v 23.578566253174412 38.18057057966125 89.366362021588102
v 21.419330596923832 39.745279081358937 27.455760138424271
v 21.419330596923832 57.726940461495929 119.4213178768378
v 24.594331741333011 8.4666681289672852 140.84361177860001
v 24.22100392130929 41.664391830702797 60.521743334723269
v 23.013022715013509 38.806880849182591 100.868497468117
v 18.244331359863281 39.42910999119178 81.566976319218981
v 23.0265221794943 57.900567163159309 52.23962636849302
v 24.233529492621798 41.649778670442039 86.372475668906134
v 24.162172035166041 10.456305954262239 130.63249714499821
v 21.419330596923832 14.314717819550459 134.76230877811199
v 23.006832122802731 69.539260864257812 35.575795871788287
v 18.244331359863281 36.667714455721367 76.060702421028807
v 24.27683258056641 50.065925598144531 84.057468856209908
v 24.27683258056641 54.299259185791023 99.25734686723392
v 21.419330596923832 49.824546437671131 113.2609205683959
v 24.260525704175041 41.618283103811343 103.00169351995839
v 13.709367935734599 88.528403185735058 1.3782363384952909
v 23.64183235168457 66.716057017869986 112.52919557953309
v 18.244331359863281 36.797601229758349 97.390974964926386
v 23.049692360302789 49.374472351221783 104.3010735574114
v 18.244331359863281 41.777562348256538 42.30589780767324
v 24.219113962230988 41.666596782014658 43.058719428643322
v 23.016444966115731 40.953045122265543 47.192684524912828
v 23.028038179591029 45.172853299994593 53.875814758964758
v 23.006832122802731 58.532596588134773 54.588179437340038
v 12.330678812044081 85.287772111414228 142.8168450561183
v 18.244331359863281 35.268085456819641 110.9546424589491
v 23.606301885532449 50.848210411261093 61.51153912283236
v 23.006832122802731 54.299259185791023 85.487627045433584
v 24.243218920816911 52.221809931599367 107.0319476232772
v 21.419330596923832 62.654219809879379 70.76409943989897
v 24.27683258056641 35.249259948730469 58.56760414517808
v 18.244331359863281 41.256376427014459 98.279345900446572
v 24.242573882757011 50.105895008702817 101.7333526441404
v 23.616177967841189 61.420023743854699 55.34561242803511
v 23.64183235168457 59.379374383735822 70.201170305609068
v 18.244331359863281 57.407314451706199 81.80760311895294
v 18.244331359863281 41.891970468604107 78.561458849431261
v 25.162101696873599 37.588636755081843 68.132389196491957
v 24.116201193218739 10.534338217182 129.05405507733769
v 23.006832122802731 43.09895371560782 108.75225840806129
v 21.419330596923832 58.919157590988512 27.571256991711081
v 23.006832122802731 62.581462598338547 80.115666052508033
v 18.244331359863281 45.738578505543707 83.993048517248184
v 23.006832122802731 30.401602341787491 35.103688391486578
v 23.006832122802731 30.349629833498479 111.52144169303691
v 18.244331359863281 46.781386137494223 92.011105354940412
v 23.006832122802731 62.451268284180912 81.200154934093291
v 23.64183235168457 35.436329536675167 36.576813203534542
v 23.006832122802731 39.482593536376953 86.280527765343692
v 22.07637073532025 38.461853070250037 77.681671142578125
v 21.419330596923832 41.57699308094125 33.231666564941413
v 24.27683258056641 43.715927124023438 87.450850870358053
v 23.006832122802731 35.710137143258358 67.747833867418009
v 18.244331359863281 42.525891900395713 56.789902890152227
v 23.006832122802731 44.741746404823921 79.542523231960104
v 24.219957093369128 58.59895129472546 49.388984484519263
v 24.212824284201581 43.790603437738802 104.2108941764097
v 21.419330596923832 22.70098051727474 28.22211774916402
v 23.006832122802731 66.646556872117088 61.865375242617397
v 23.006832122802731 43.037130517392526 108.11545725060719
v 24.27683258056641 39.482593536376953 49.679608247278537
v 23.006832122802731 49.189405330197069 64.512770411193472
v 21.419330596923832 59.759533248420908 76.521629421884995
v 23.006832122802731 34.166073713721268 66.824566849325421
v 23.006832122802731 31.62779337088751 107.2300812939544
v 27.524888485620341 58.238118071381457 73.692851252345363
v 23.64183235168457 59.943656249124878 70.418069015706166
v 23.633513744583599 38.36374673711218 76.129765000770988
v 23.006832122802731 46.330072315130671 80.653967533487162
v 23.006832122802731 48.074398710978691 65.392297874342731
v 23.006832122802731 44.504782628183293 64.921932208399866
v 23.006832122802731 42.485398525375473 80.16911688950951
v 23.006832122802731 33.69353815849967 81.14628355519902
v 23.242788159660421 38.862267511729527 67.502663464225861
v 23.006832122802731 37.365928649902337 51.098534915983237
v 23.006832122802731 56.415927886962891 105.4632217501543
v 18.244331359863281 53.334052979590282 68.072852735878143
v 18.244331359863281 56.734190325705967 102.6565619284148
v 23.006832122802731 45.850600022950033 109.638799865645
v 23.006832122802731 54.646024896911143 34.335945353891439
v 23.006832122802731 61.438330056252831 80.279675929853269
v 18.244331359863281 39.09250897444231 64.892354667809045
v 21.419330596923832 53.020636473021703 33.231666564941413
v 23.022656146689108 36.711689622097268 45.594487079290857
v 23.030936720934729 49.391343649953058 40.500953226572243
v 24.27683258056641 45.832592010498047 44.753449810822723
v 23.01303648547546 36.72136147877292 41.601577700150997
v 23.0508420179148 40.906464507625117 104.3578979584487
v 23.715769930431509 40.137166347323912 90.734978061536623
v 23.006832122802731 41.599258422851562 46.993315497013107
v 24.20474144230996 35.333366240606331 62.182546947114972
v 24.27683258056641 33.132595062255859 84.42722638735016
v 23.006832122802731 60.974668145548883 79.558198591584315
v 24.23803684788059 37.411188583176248 85.712892914109801
v 23.006832122802731 47.419748914506641 63.153783440794143
v 24.27683258056641 47.949260711669922 84.753245920310604
v 23.006832122802731 36.942592620849609 70.199825468397009
v 23.117523334924591 8.4666681289672852 129.2884746362748
v 23.040869142090258 43.041215148997011 92.573317455128034
v 24.27683258056641 37.365928649902337 89.266262150742321
v 23.006832122802731 34.821653999726877 63.129655377000418
v 18.244331359863281 48.228232708634799 85.138107198456083
v 23.006832122802731 43.715927124023438 104.3758924988971
v 23.006832122802731 62.166136777739737 54.817079922667602
v 24.27683258056641 56.415927886962891 62.438247788930113
v 18.244331359863281 49.317457896831407 95.180252500305443
v 23.04521213766256 34.569484962407792 61.363347955993227
v 18.244331359863281 43.41177131986025 53.03469497849288
v 24.27683258056641 47.949260711669922 92.585331799591259
v 23.006832122802731 39.052627235749313 67.263031911826133
v 24.22979908482499 45.887464398650643 87.244614042455254
v 23.006832122802731 59.398514088598198 67.540720110797082
v 23.006832122802731 39.179221003035643 66.202358763221909
v 26.247262940682699 60.033019724598972 76.493735411657696
v 23.006832122802731 28.052595138549801 35.679463404865807
v 24.27683258056641 45.832592010498047 103.26220727886761
v 21.419330596923832 54.122513281563293 76.042911010974294
v 24.27683258056641 54.299259185791023 54.854752858090428
v 24.27683258056641 43.715927124023438 61.728055825079309
v 23.986517083465849 37.57421046095272 67.599221831214351
v 24.27683258056641 52.182594299316413 53.807929184955391
v 23.079531625006229 34.529445577687753 60.04579894036646
v 18.244331359863281 47.597433173309568 70.83129386898004
v 24.27683258056641 56.415927886962891 46.993483363696981
v 23.081815606244959 38.760110932229537 59.782919455922887
v 24.254375651529639 45.832592010498047 53.784189340426238
v 23.006832122802731 50.618486779094532 65.28925466065219
v 18.244331359863281 45.648665498042128 36.633741984373529
v 18.244331359863281 50.221134130553367 106.0679531665682
v 23.08456037253584 38.756908714508711 44.527623858940999
v 24.271799772488752 35.255131555634897 51.498309699800018
v 23.163345857087862 37.590821743011468 78.841199434028056
v 24.265376475349509 39.495958986728233 84.453656708987907
v 24.269846669981291 56.415927886962891 56.161081258148457
v 23.012739165525531 56.415927886962891 61.345857433365211
v 23.031687847480981 43.071682082172941 59.940572385182342
v 23.006832122802731 66.813695933147642 84.212975091095032
v 23.006832122802731 66.771293437899786 89.560937300778477
v 18.244331359863281 49.479108602019991 42.962972159814463
v 23.006832122802731 40.964260101318359 61.392768327679093
v 23.006832122802731 61.026479429813982 64.211740774161825
v 23.655621675561878 48.66755512009091 106.2082708165871
v 23.006832122802731 42.391126498299123 66.407831870795732
v 23.02062208721004 49.408388396168391 60.618702452662021
v 18.244331359863281 49.807287969133917 87.763054513595193
v 18.244331359863281 48.106408963213063 101.77246655044441
v 23.006832122802731 47.949260711669922 60.148301839053339
v 24.27683258056641 47.949260711669922 86.733133521382712
v 21.419330596923832 31.453788314624731 26.937524558547722
v 23.006832122802731 47.949260711669922 54.214142307026172
v 22.489517654751051 12.256703005831231 8.0812715986195514
v 24.243319317332531 47.988359501998822 105.2263730383783
v 18.244331359863281 50.369531228784872 103.4333706569645
v 23.006832122802731 47.949260711669922 103.36552303910879
v 24.27683258056641 50.065925598144531 88.396132479952001
v 23.006832122802731 47.359750181125889 77.681671142578125
v 23.006832122802731 54.793510331627573 66.63504958460463
v 23.408529039204751 11.535026369868291 137.87527199895291
v 24.27683258056641 41.599258422851562 90.665421000282976
v 23.115288339397281 51.393067013757353 98.257671713776489
v 23.009651996860079 57.894304595089793 48.789812219099858
v 23.006832122802731 56.415927886962891 47.003972205205258
v 23.006832122802731 41.599258422851562 99.924166351098094
v 23.006832122802731 39.465029597932279 76.125722784083123
v 23.01345122136517 47.949260711669922 61.62463145154473
v 24.27683258056641 33.132595062255859 50.831631324121993
v 23.006832122802731 43.856954896213622 81.353113909833482
v 24.27683258056641 33.132595062255859 39.565046902779287
v 24.27683258056641 35.249259948730469 40.467393519431504
v 18.244331359863281 53.839510311951017 93.082510053866798
v 23.062492621096091 55.709538688059538 61.339930652285467
v 23.007828040121371 56.415927886962891 84.751112618347378
v 21.419330596923832 59.875655574546968 119.5780617742742
v 23.006832122802731 43.080924987792969 104.7054559018889
v 23.034833930172521 53.629798640996484 92.816717061391103
v 23.006832122802731 67.485423516601941 79.627253725846117
v 23.006832122802731 43.715927124023438 46.508089318212271
v 23.019715913585159 38.805201362576149 85.383826144945033
v 18.244331359863281 35.287401328292447 56.304795798601347
v 23.006832122802731 45.832592010498047 56.708156373663002
v 18.244331359863281 43.324728440435123 44.207243570004053
v 24.274473443412301 60.652013779946842 54.417978465242157
v 23.610013035439142 43.715927124023438 108.14501631018911
v 24.247592033122189 45.866706061426036 62.464061384682651
v 24.257350571277509 56.438656721552768 60.866459056428127
v 23.006832122802731 62.130928039550781 49.298025999962803
v 23.632432103157019 38.212591171264648 33.221952832637548
v 21.419330596923832 14.996829707354021 136.95022836521139
v 23.700227030587261 48.621966897987477 39.627676044102401
v 23.545666524312079 60.717168173723117 63.708054300905509
v 23.669926724904251 45.832592010498047 63.673257396625878
v 23.006832122802731 35.249259948730469 100.3939783415115
v 23.006832122802731 42.098558187428239 77.72177702233742
v 21.419330596923832 42.490867596995777 75.454979550649583
v 23.64183235168457 62.52765864034312 111.9396731532662
v 21.419330596923832 66.049759276213564 119.21775647780299
v 14.398087858036581 87.285918301236919 145.96142959594459
v 23.64183235168457 39.059257507324219 35.42017537490004
v 23.006832122802731 38.808623766735337 77.681671142578125
v 23.006832122802731 47.781420109671622 81.410463658160026
v 23.006832122802731 52.182594299316413 41.20018994700213
v 24.237598555622512 41.645031432311583 105.3516938308402
v 23.006832122802731 42.317059775364378 64.858672093691993
v 21.419330596923832 16.485915124234751 134.99269008770719
v 23.619848569863269 59.299077605058223 61.873033390761719
v 22.967831135938699 37.546212362422061 77.681671142578125
v 24.21791593449262 45.901328068089512 100.44459803609639
v 22.870269247129521 8.4666681289672852 139.2272799431928
v 21.419330596923832 58.792079260529142 117.40491740060379
v 23.006832122802731 62.967249523248981 66.536438383315314
v 23.006832122802731 39.482593536376953 54.39305858590069
v 21.419330596923832 55.000115498885513 115.1657602280583
v 23.006832122802731 42.069692976024861 67.520346964360698
v 23.053896352984999 53.606077338176853 44.018942950721758
v 24.27683258056641 41.599258422851562 100.4154084731266
v 24.203607676807191 52.182594299316413 41.83956010873608
v 24.266694387651569 50.077753765028937 40.886865435336333
v 21.419330596923832 69.00976043726574 26.66984610548019
v 24.27683258056641 45.832592010498047 105.219086551863
v 14.104115107221229 87.816259448284697 2.6567309172232858
v 24.27683258056641 50.065925598144531 50.700684047087542
v 13.62404539547234 88.682328444883495 16.836284372748629
v 23.021976422145102 38.825859343824803 96.266394712864724
v 23.006832122802731 34.220852128663253 37.745809566354303
v 23.006832122802731 52.182594299316413 83.521262650145744
v 23.006832122802731 47.949260711669922 100.4324211028748
v 23.555279586297509 63.607737940940467 53.188414579580638
v 23.006832122802731 38.841792584296194 78.591461181640625
v 24.27683258056641 54.299259185791023 85.167892425599092
v 23.006832122802731 45.832592010498047 43.240229611039737
v 23.04856079016162 40.864229297793599 39.889216704853808
v 23.006832122802731 56.415927886962891 60.367463118249461
v 23.8130845432452 61.190299144195407 62.968003172934623
v 23.724775290817181 52.826657879283353 62.673512204738508
v 24.23104603246745 58.586014204662057 98.114767616277192
v 23.006832122802731 50.065925598144531 91.064885001321429
v 18.244331359863281 53.098715307482557 59.264220682831542
v 24.27683258056641 43.715927124023438 105.9235525544361
v 23.006832122802731 32.077559087772549 105.5457837544411
v 23.027492823771212 45.16366577753552 85.112971011829032
v 24.208368513093131 52.262468425330567 60.915794106408249
v 23.65767376019252 46.554943657639939 56.240461066168663
v 23.640570934977951 52.924899861605958 104.7881765154272
v 21.419330596923832 40.583435700207637 29.62223963178052
v 23.006832122802731 49.581448176736487 94.152830061947128
v 23.006832122802731 41.599258422851562 95.772084441280498
v 23.30769318876894 53.236773128483797 83.203309241112606
v 23.006832122802731 35.447447636393349 80.452526221255027
v 23.006832122802731 38.749750143488079 64.927298196279779
v 22.939726103326741 8.4666681289672852 2.021150026776795
v 23.68991126779456 37.365928649902337 40.506661723282868
v 23.006832122802731 56.415927886962891 56.499844915461573
v 23.547917788436681 36.09966017464189 61.447188581658409
v 23.089644535784039 49.376270369655508 98.187982336560538
v 23.006832122802731 37.090825892583332 66.66770965321092
v 21.419330596923832 72.172096606922196 113.2024292235586
v 23.006832122802731 42.598176761030452 34.797272291269991
v 12.83350276947021 84.380653381347656 2.1419934776784468
v 22.69612724655493 9.9550047030742661 127.4233322143555
v 12.83350276947021 84.380653381347656 143.93333435058591
v 11.9950885110828 85.893193136731256 2.7536340654288658
v 18.244331359863281 57.20096355792019 71.846501002176637
v 23.006832122802731 43.715927124023438 51.558263832916303
v 23.64447113670413 37.365928649902337 84.725723679446375
v 12.14951103203286 85.614605070311285 144.31182171800631
v 11.55084828187915 86.6946249115271 143.24083325045939
v 11.51288551302604 86.763107023930189 141.63556131569359
v 23.006832122802731 41.049613467039407 66.124983938830695
v 23.049506339188319 51.803466018789507 99.817531317858823
v 23.143386035142591 49.28029960538246 96.695667932188655
v 18.244331359863281 56.139749480539308 86.492859631183165
v 23.696574355400269 33.80956270112965 84.038934537207638
v 23.006832122802731 64.351726251417389 49.269375121163357
v 21.419330596923832 43.153124409161308 68.805155884854912
v 23.006832122802731 65.044804897042951 109.85500335693359
v 18.244331359863281 57.827419064768307 44.232078636422578
v 11.55702777650486 86.683472406632305 4.3821590718719188
v 23.061623562352342 40.900336828948298 59.969256163809042
v 23.006832122802731 35.249259948730469 58.520093162472243
v 23.006832122802731 54.299259185791023 63.16024280900357
v 23.006842328208929 37.515703768419172 64.578808741869921
v 23.006832122802731 52.182594299316413 89.887989364409691
v 24.21853935897202 54.367267915135272 41.073958328908688
v 23.006832122802731 37.365928649902337 59.467018988037957
v 21.419330596923832 39.348809373129157 77.674928313629167
v 24.34375956017502 36.951666877503307 68.159880385185559
v 23.013718981094289 49.419617961356117 88.76112133787781
v 24.27683258056641 35.249259948730469 102.3117363104994
v 23.006832122802731 58.532596588134773 102.2501522899216
v 23.006832122802731 56.415927886962891 52.218533281082067
v 23.006832122802731 32.759903131109361 79.110280792185279
v 24.25140701388942 39.482593536376953 42.328379164290531
v 23.031914071527449 49.398390270635183 46.222831586825272
v 23.006832122802731 38.02366025595331 70.721119229832539
v 24.174254400074609 52.245197085649927 108.15819484091649
v 23.006832122802731 52.182594299316413 104.2980053577176
v 18.244331359863281 61.537574123235878 67.303218697794591
v 23.057518879838831 51.471243825020487 104.53152840223591
v 23.103734447485589 51.408702376009977 99.512443051468381
v 21.419330596923832 40.88536438060472 73.008538680304667
v 24.272228846888218 39.487964556696802 91.574509050474859
v 18.244331359863281 56.201952803583382 84.18528524653982
v 24.27683258056641 45.832592010498047 50.129043540045153
v 23.006832122802731 44.238934442523387 66.56520994948626
v 24.261255464561529 58.550769882342287 53.391224585427302
v 23.030548350912991 38.767219207696243 86.633455054782658
v 23.5735244110598 36.069785794400673 100.980880660164
v 23.006832122802731 43.715927124023438 85.064661788952634
v 23.006832122802731 33.132595062255859 100.26467702540999
v 24.27683258056641 33.132595062255859 40.818425409562472
v 23.046555659869071 45.151249582273692 93.167367424960673
v 23.006832122802731 38.577082767801507 81.829708862291724
v 23.006832122802731 41.554772205735517 79.143137721128255
v 23.603108042198102 40.268605160529191 91.499876544827018
v 23.03345821932265 45.166529923021059 100.2772469644564
v 23.05101729903501 45.146044338813667 96.506667867052585
v 23.035903036425481 49.472241133928577 99.68029674093242
v 18.244331359863281 40.293618977980231 56.659830300231192
v 23.006832122802731 54.842840954896353 38.336773721443457
v 24.27683258056641 47.949260711669922 48.044941086269432
v 23.096960765466932 40.859110063329993 54.590409190085843
v 23.006832122802731 35.249259948730469 60.521405969989573
v 24.229304183553001 56.471377121622439 97.314879362462833
v 23.528539128472399 41.599258422851562 61.540529137240547
v 24.27683258056641 39.482593536376953 56.246849827310768
v 24.223417935717521 45.894909196752167 60.934601526347343
v 23.040507465179211 40.921746783207311 91.03786231655215
v 23.020863899076179 62.765926361083977 61.084080973368017
v 24.15492137990698 10.471197755774231 139.076429470536
v 23.58855691349844 61.452248343962843 62.278859290227409
v 26.423759269996491 38.143807567196923 76.368403605345591
v 23.44695689663455 37.628835437556212 67.459211479420986
v 18.244331359863281 61.087531639666423 34.267734471629652
v 21.419330596923832 62.667687219608958 119.2430259637957
v 23.006832122802731 52.182594299316413 93.954315826617474
v 24.27683258056641 58.532596588134773 107.1657221493482
v 23.095569843716419 49.321726990024189 92.314611389345458
v 23.010549833236649 51.532090409105948 43.698536541269753
v 12.846301681817071 87.341732312317234 145.76225775521311
v 23.006832122802731 61.635751302626268 66.108267745979845
v 23.340146169747211 36.580112891170387 114.65795828619299
v 18.244331359863281 34.657304509605012 82.094431107620892
v 23.829542643011941 39.482593536376953 68.046319315720766
v 18.244331359863281 38.528598116512043 104.96453696369829
v 24.189588860822841 39.482593536376953 88.713325270868665
v 21.419330596923832 24.033403644579831 28.37299013117423
v 23.573053055899209 36.070335243182498 92.1701479945595
v 23.07625377650384 59.93327125851183 103.74198645533571
v 23.06757389576909 62.060062067957141 99.067943107155642
v 24.237074706204108 62.812310188163913 54.272635548391079
v 23.02060592344839 45.174975081345288 86.343758922816264
v 24.27683258056641 41.599258422851562 92.105785388639219
v 23.67101657321923 59.236118326991381 49.885076512159422
v 24.507780502033359 9.4352983273610356 129.6892292551471
v 23.645145381032499 38.090894853962993 39.713390352385026
v 23.006832122802731 37.733014196896548 37.396260977979672
v 21.419330596923832 13.44397623634374 124.0253966151152
v 23.04587379531733 52.182594299316413 85.347531210115108
v 24.27683258056641 47.949260711669922 51.560001740138453
v 21.419330596923832 58.097116380289279 68.7984138188923
v 24.210012595243629 48.027217327762003 100.1275565979882
v 24.27683258056641 54.299259185791023 49.649441541840417
v 18.244331359863281 52.049287132086043 87.069702010819697
v 18.244331359863281 46.641668535322339 53.999361955294482
v 24.27683258056641 41.599258422851562 44.664140160436283
v 23.764541181807068 35.846932990821621 62.643265481105153
v 18.244331359863281 58.512078522998138 66.674340849291127
v 18.244331359863281 44.879890593601303 61.29603076214655
v 23.006832122802731 62.765926361083977 59.878726518702948
v 23.024576847806681 34.59355945690929 94.556337502752115
v 23.60388462498603 39.131784477222418 73.256023206752332
v 12.373706007624101 88.043341933935096 145.14285416698499
v 13.457430787520179 88.982909041581308 144.611383438107
v 18.244331359863281 59.489839668734227 70.995945377774802
v 23.006832122802731 37.365928649902337 40.553248450488198
v 24.27683258056641 43.715927124023438 83.908361411422334
v 23.006832122802731 51.773668272951177 98.39836676147921
v 23.063931187576461 45.130978141980208 104.2424181561359
v 24.27460716720767 50.065925598144531 105.7666238894931
v 23.443879455557859 46.804370239351471 62.683793321938182
v 23.006832122802731 39.482593536376953 104.2768875137547
v 23.169136467743879 39.47901743402641 73.707455809419614
v 23.034386941279841 34.569187679043687 47.445741370523201
v 23.006832122802731 60.649261474609382 89.856783979160582
v 23.006832122802731 60.667220372658832 65.652820352619685
v 23.006832122802731 48.666779647900121 66.941338561482283
v 24.27683258056641 58.532596588134773 60.993969914527412
v 23.00794288956298 58.532596588134773 82.762517688021802
v 24.203128776439801 33.132595062255859 88.706806488534667
v 23.006832122802731 39.138143926854482 74.67956565972581
v 18.244331359863281 59.454879636986398 83.294068552666232
v 23.655621541278219 57.134221944126821 61.877946785669479
v 23.017897075651401 43.094220037825067 54.861709795073487
v 23.006832122802731 51.839763644430022 81.783608466250428
v 24.27683258056641 58.532596588134773 85.651637867344974
v 24.27683258056641 43.715927124023438 89.064599116312607
v 23.020623033625181 60.649261474609382 104.415095909276
v 23.006832122802731 37.365928649902337 46.789674205363717
v 23.006832122802731 43.302508533264607 107.77488560958351
v 23.65371806422403 35.249259948730469 103.1606184989226
v 24.184630485519438 47.949260711669922 61.711231746485829
v 24.27683258056641 52.182594299316413 99.039959648482579
v 23.006832122802731 50.065925598144531 54.841783504236638
v 23.006832122802731 35.249259948730469 95.048294155766285
v 21.419330596923832 27.61608134317002 30.669231835025659
v 24.269038073509769 43.725020711687463 92.891775060650005
v 23.006832122802731 38.644483352388242 67.333929431107208
v 23.006832122802731 40.862048490053851 81.445485980850563
v 23.666673762116961 35.961111598132732 44.614806469970688
v 24.27683258056641 37.365928649902337 106.3298970208316
v 23.006832122802731 36.942592620849609 76.498066989762094
v 23.04431584113631 40.920529115360807 99.843698022341982
v 24.164573225071411 37.365928649902337 90.604914290093873
v 23.006832122802731 60.649261474609382 61.881029023926928
v 23.551329781099721 47.949260711669922 39.143345414347117
v 23.006832122802731 36.220275256827698 64.45302989052081
v 18.244331359863281 54.443428111747778 65.40561721240978
v 23.006832122802731 38.218580183280089 67.524643814679493
v 23.038466868487649 40.92090204279566 92.243505152462603
v 23.006832122802731 35.249259948730469 54.599406080696653
v 23.033849660332589 54.299259185791023 90.440949085624183
v 23.006832122802731 45.832592010498047 100.2560211890593
v 23.02060522217052 34.591642721791636 85.706622665312977
v 24.27683258056641 37.365928649902337 39.933424700442643
v 23.608809542362931 40.261953413191137 88.124961601575521
v 23.006832122802731 34.614261627197273 90.122516013302857
v 24.233454002930738 41.64986674171049 95.717910691837972
v 23.006832122802731 60.649261474609382 53.661388128961207
v 23.006832122802731 47.949260711669922 105.4820673894782
v 23.006832122802731 41.599258422851562 52.039054582032563
v 24.208987757422001 43.795078803922678 39.902846071760273
v 21.419330596923832 62.338821735038131 26.803840325336111
v 24.27683258056641 37.365928649902337 61.732015156249631
v 23.65738354343236 50.788618836826451 105.1969988137639
v 23.006832122802731 39.482593536376953 95.547703713481638
v 18.244331359863281 34.615447426681293 69.348606000689429
v 18.244331359863281 60.385196117102147 44.046699207383767
v 23.009836010996501 53.658963251086213 87.801246777019173
v 23.66296070264006 33.848778612522359 39.802060675216282
v 23.629251209320689 50.821437944704172 95.858648706733618
v 25.84444653073394 38.069036243675313 77.874145710547893
v 23.616279958678689 36.019904343582759 42.684775080433958
v 23.006832122802731 59.197601352118731 64.822544372198195
v 23.295378912513911 36.373040552229497 83.388475098838512
v 23.026251011475541 57.861619670975571 100.6168393136786
v 23.453801238675389 46.218310190106401 63.659349870594902
v 23.535550159691791 46.697421130420388 61.768760310212947
v 24.273313110967891 39.482593536376953 94.758129830274328
v 14.15081582338809 87.732008459120294 144.49720214782491
v 23.006832122802731 51.208476320483939 37.582352663190953
v 23.249421164432459 47.031239520355243 62.960456932050263
v 24.27683258056641 47.949260711669922 58.234192110065742
v 21.419330596923832 36.836735424077112 75.056201021569592
v 24.201014783588381 39.520855754747728 87.568784428269879
v 21.419330596923832 12.69999885559082 134.5734736184661
v 23.006832122802731 60.649261474609382 87.68478072582333
v 23.619325126934509 61.416352946377593 47.686087747548108
v 21.419330596923832 8.4333603418031728 129.68620247051919
v 24.27683258056641 56.415927886962891 50.777735379447449
v 24.27683258056641 62.765926361083977 89.776769948551973
v 23.006832122802731 62.765926361083977 87.892689813441692
v 23.006832122802731 62.765926361083977 91.544980570088185
v 23.02062225427963 43.058387038712212 105.8732631450649
v 23.006832122802731 54.299259185791023 44.277450315307512
v 26.63309842274316 38.234071169447127 70.410211691960271
v 24.218279632238019 39.550905280114172 105.5444107139929
v 24.27683258056641 62.765926361083977 99.265750968195903
v 23.006832122802731 39.482593536376953 44.281015362541787
v 21.419330596923832 39.079443814127387 75.079977832441259
v 23.006832122802731 41.599258422851562 105.8626165703124
v 18.244331359863281 50.894637642397377 85.134560589044639
v 24.274945687189462 37.365928649902337 102.7279155721922
v 23.006832122802731 66.948005764989432 107.5595862257731
v 21.419330596923832 57.965837371949767 70.862271869271396
v 23.64183235168457 60.053161550766269 72.631531421000673
v 23.68789247150815 38.053022183353633 84.775616762934263
v 23.006832122802731 39.190402033037273 89.944177166244515
v 23.416221480862561 39.376045812102369 74.727948303822842
v 18.244331359863281 38.815503943226908 77.113864062589883
v 23.006832122802731 47.949260711669922 45.456764985343398
v 13.51694752464242 88.875537898900973 142.592968840249
v 23.006832122802731 47.132286074350112 111.2486662890921
v 23.006832122802731 64.500547833978544 67.364373275115184
v 23.61474552772723 46.605026574025537 106.2149292430513
v 24.27683258056641 50.065925598144531 49.249667137134843
v 23.006832122802731 47.949260711669922 39.477261285056038
v 23.012894947627551 41.599258422851562 85.156837068462139
v 23.006832122802731 49.645893494823817 109.2470783604891
v 23.006832122802731 45.832592010498047 51.906980439622288
v 27.98621635094689 38.091767110073242 74.30772477204124
v 23.006832122802731 37.568562105573058 81.710878764370293
v 23.006832122802731 45.197593688964837 49.344526166217271
v 23.64183235168457 35.249259948730469 61.429076781363733
v 24.27683258056641 60.649261474609382 103.10072957537911
v 28.076717000756599 37.932855028242038 73.478437446482189
v 21.419330596923832 10.360507182841181 21.518285465073649
v 24.219818421857362 37.432444968600727 58.134140481184723
v 23.006832122802731 44.894172218198271 108.6638877058251
v 24.27683258056641 39.482593536376953 46.282540358224523
v 23.006832122802731 35.847163412755719 36.65090836917701
v 23.624943867613339 52.202297377948433 99.873405257819172
v 23.006832122802731 40.532410765750328 37.673920029944171
v 21.419330596923832 36.496857052807698 68.7984138188923
v 22.447505764044219 12.281944379753201 3.392225562444013
v 21.419330596923832 36.006940190328223 75.935445886530331
v 24.220179553740561 60.715355935714918 50.463842744792913
v 23.626309729393459 43.734036664144647 52.514552037842108
v 21.419330596923832 36.456454260881188 71.268806385246393
v 24.27683258056641 52.182594299316413 58.135193993608588
v 24.258026932884 37.387867721556717 83.964405970479149
v 24.27683258056641 62.765926361083977 87.783961907894465
v 24.27683258056641 58.532596588134773 106.0742919424993
v 23.006832122802731 32.249551382627423 81.741960232057295
v 23.006832122802731 47.949260711669922 40.375043840150667
v 21.419330596923832 22.68824738959643 119.76998783409989
v 23.006832122802731 37.365928649902337 54.627980505542283
v 23.59313698136172 38.163572027822738 87.531519780686466
v 23.006832122802731 30.257607324130351 37.566469158854503
v 18.244331359863281 35.555367826945997 108.8011023849437
v 22.054330825805661 35.794844941070743 30.22335606295028
v 22.054330825805661 61.086558176016233 115.9585552293134
v 23.006832122802731 41.599258422851562 104.30761693090351
v 23.010323473777419 64.2435294725571 84.134660432438324
v 22.169683918316728 12.425286361442859 128.7987949747436
v 23.019572183237219 62.108459490113333 104.7235200572464
v 23.64183235168457 47.949260711669922 55.080470293426252
v 24.27683258056641 62.765926361083977 85.33168318439057
v 23.698811841956768 48.623617950681258 97.535068809652898
v 23.62018080771227 41.624518546646797 87.349767400216237
v 23.03241529182263 57.852642795685711 105.88679102398839
v 23.006832122802731 39.778477198065531 64.961738366036684
v 23.338160338349571 65.377988002221457 114.6596398040236
v 23.019211936423339 55.752860776928387 54.333533403709012
v 23.006832122802731 41.599258422851562 60.69857577163841
v 23.006832122802731 62.765926361083977 50.292032711057708
v 23.006832122802731 35.249259948730469 99.105285370500539
v 21.419330596923832 27.580281955827289 115.8619390535147
v 23.006832122802731 41.599258422851562 40.978641013603372
v 23.006832122802731 64.221134185791016 68.791671752929688
v 23.086298833904479 39.482593536376953 89.337579564656451
v 24.27683258056641 43.715927124023438 101.7302441880729
v 23.665410350426789 37.454337032403302 70.305892678220829
v 23.678716671424489 42.297060017423917 48.826779078218721
v 23.006832122802731 56.415927886962891 100.85666078758361
v 24.14183886132572 62.765926361083977 40.223367670486681
v 23.006832122802731 62.130928039550781 48.02984296866363
v 21.419330596923832 70.192712345307584 29.909497354758539
v 24.25921939709211 60.669810029322193 46.225332372806527
v 23.648727333888221 48.678824553919164 61.247140327527802
v 27.695484629108002 38.105980023234849 75.341452835564183
v 23.006832122802731 51.147218357648804 34.96747499799757
v 23.647303901839081 42.33370823288115 39.225714677408668
v 23.054096017395249 36.675785326975017 104.65554392499359
v 23.006832122802731 38.625839011052847 37.798326600221237
v 23.006832122802731 37.365928649902337 86.471469396497184
v 23.07652954372584 59.929686230457143 50.030926173259033
v 23.64183235168457 38.899670967556347 76.011881840539317
v 23.741073188054521 63.390977399875091 62.402336214835458
v 23.006832122802731 65.607312438645863 108.54574209886439
v 23.006832122802731 39.482593536376953 51.52603038659975
v 23.006832122802731 33.10747027588107 43.516126975077448
v 23.14723070096392 38.683793550959123 91.490374380168689
v 23.006832122802731 62.765926361083977 105.0300411559212
v 23.64183235168457 64.079589235132005 109.9080624131679
v 24.27683258056641 52.182594299316413 87.407974369159277
v 23.006832122802731 45.832592010498047 47.431273716379522
v 23.006832122802731 62.765926361083977 54.162067734126481
v 21.419330596923832 69.411507862851778 115.598954404766
v 21.419330596923832 57.146005625379424 69.763211651746886
v 23.006832122802731 50.065925598144531 41.757034882231203
v 23.006832122802731 66.678283856362171 49.46439512472918
v 23.006832122802731 69.47094716345336 45.5861167195227
v 27.185732349772071 37.927049199348922 76.36947347896357
v 23.006832122802731 66.882758450299178 54.852814991182619
v 18.244331359863281 74.6192626953125 44.35285350609518
v 24.21468029576026 62.838437757277212 101.2940786918399
v 23.576105109794799 56.415927886962891 107.4613711696279
v 23.010060974060671 58.532596588134773 61.247897832591839
v 24.27683258056641 47.949260711669922 103.6231756237963
v 21.419330596923832 74.6192626953125 51.685868647285439
v 23.006832122802731 39.68623756830128 81.748517892355039
v 21.419330596923832 69.539260864257812 56.551929959703507
v 23.006832122802731 69.539260864257812 52.292482255608597
v 23.006832122802731 34.318447263952699 79.457135803159716
v 23.006832122802731 46.714760862924173 82.102606062299941
v 23.006832122802731 69.483748726339186 58.723935666811393
v 21.419330596923832 69.539260864257812 90.360247318888995
v 23.681038643111449 40.177686165143612 50.542600049115109
v 23.006832122802731 45.832592010498047 87.937850198495653
v 23.006832122802731 45.832592010498047 92.883371123026791
v 21.419330596923832 69.539260864257812 104.21330652053361
v 23.006832122802731 69.524231951763795 107.214472421972
v 24.26362962833154 62.781329685915352 95.806034732623189
v 24.232881695728349 56.467203521665127 94.878815241947635
v 23.006832122802731 39.482593536376953 99.56715356671819
v 21.419330596923832 69.539260864257812 95.281804140652469
v 23.006832122802731 69.539260864257812 94.329790939883083
v 21.419330596923832 74.6192626953125 38.706862690619722
v 21.419330596923832 74.6192626953125 107.96521727437511
v 24.27683258056641 62.765926361083977 105.7731960095371
v 23.006832122802731 60.649261474609382 97.910630523030477
v 23.006832122802731 43.715927124023438 99.095455692778401
v 21.419330596923832 13.7245866229848 130.9467698239861
v 23.006832122802731 37.365928649902337 85.147299207735443
v 23.028494235561361 36.705654059631208 100.7520752286118
v 23.006832122802731 52.182594299316413 103.1207087616194
v 23.424714745561769 39.369981320026852 71.709509028565506
v 23.05114500612061 36.679228171984761 49.332209218052391
v 21.419330596923832 27.357520622470371 -0.036039763292029292
v 18.244331359863281 29.88805190247502 12.66952541642012
v 18.244331359863281 27.931706527309348 130.44474987724001
v 23.006832122802731 53.058032722104031 35.034810038621423
v 13.18730812570308 29.937248064953089 141.3933410644531
v 23.08446718893369 51.457021676257533 105.75914173597501
v 21.419330596923832 34.371501648052302 0
v 23.634424479713829 42.348734218912973 106.4892435077234
v 18.244331359863281 36.621746796462617 8.6287047174326545
v 18.244331359863281 31.900696546707689 5.0799994468688956
v 21.419330596923832 8.4666681289672852 2.2642666220538912
v 21.419330596923832 33.054120450685097 137.43293786767089
v 24.27034448882425 50.065925598144531 98.799857922602371
v 23.006832122802731 34.867725593995999 104.7722557772185
v 18.244331359863281 36.177191351390192 132.65962504111519
v 18.244331359863281 30.984117261072541 136.08561114479551
v 18.244331359863281 36.276629007507431 137.8706379130665
v 21.419330596923832 37.900806216764693 75.704625812586841
v 13.16433143615723 38.314686759341903 141.3933410644531
v 13.16433143615723 32.678559693391719 146.47332763671881
v 21.419330596923832 43.891487632515712 -0.036039763292029292
v 18.244331359863281 42.234722429413573 9.8785143857259499
v 23.551952518172719 36.094952991969691 39.912091475839347
v 18.244331359863281 42.457612409984272 135.915324158456
v 24.207637930876832 50.146654097697898 97.865307348991536
v 13.16433143615723 46.599478637166882 141.3933410644531
v 23.006832122802731 56.415927886962891 41.914219235812773
v 21.419330596923832 43.891487632515712 146.47332763671881
v 21.419330596923832 36.042373177961473 146.47332763671881
v 24.27683258056641 54.299259185791023 83.892485697100184
v 18.244331359863281 48.314276040094789 10.24102693198763
v 23.05812510349579 51.487752747180053 47.6010394168201
v 23.64183235168457 66.211012355441866 35.298490909728073
v 23.49559553756254 36.160702774468341 40.833905964053521
v 13.16433143615723 55.469167539764577 141.44668609652771
v 21.419330596923832 52.15847113753837 146.47332763671881
v 23.006832122802731 39.482593536376953 40.108420731676517
v 23.642083168029789 50.806468009948723 84.783575499886638
v 21.419330596923832 57.454808901143039 138.17376238710341
v 18.244331359863281 64.968630566798339 5.0799994468688956
v 21.419330596923832 59.785481771333473 146.47332763671881
v 24.27683258056641 58.532596588134773 101.9641628677564
v 23.065883897046469 53.595367157202404 56.432764293752193
v 23.03597945289582 53.630255660407506 53.182748684225189
v 23.049858042536481 55.724180115203133 86.109304253637291
v 23.047245795345109 38.800442257135913 92.407694753678328
v 24.27683258056641 62.765926361083977 62.639282282412942
v 23.64183235168457 35.844436306937972 112.13506783560121
v 21.419330596923832 38.895073189613584 119.38451221995091
v 23.006832122802731 52.182594299316413 51.536762177499902
v 23.028033084555751 64.168030404050498 105.4697288718254
v 13.16433143615723 65.799742874670585 146.47332763671881
v 24.26683301364956 62.777592432024257 43.800036672909847
v 24.27683258056641 35.249259948730469 97.46251804750986
v 23.028343702290211 47.282711632153642 60.377493987490439
v 23.006832122802731 41.599258422851562 89.448972642242111
v 23.006832122802731 34.805650681586002 81.827179720133159
v 23.006832122802731 60.649261474609382 45.694349277626998
v 23.019336338545969 47.299670329998833 52.311518765270527
v 23.044344770032431 47.270493839117577 48.86940724170546
v 23.64476273400977 11.26820274318283 16.92355741480662
v 23.707573817705171 38.030062186108033 91.925484141115817
v 22.89707501130853 34.005520329307338 31.646196108805022
v 18.244331359863281 62.299299117944159 41.919249138368833
v 23.055263620005949 35.249259948730469 104.0114386317896
v 23.63842529396366 48.694068893109389 95.720740329364375
v 24.252874361289301 41.599258422851562 84.436911378817641
v 23.006832122802731 31.945244418210621 83.957189631041118
v 23.595405578613271 11.326771259307851 127.4233322143555
v 23.006832122802731 56.303840599864962 109.31377289933251
v 24.27683258056641 45.832592010498047 46.601245448300332
v 24.27683258056641 43.715927124023438 97.228410797696114
v 27.443955548424611 38.304591554895367 73.490683857170495
v 23.62503693543076 55.059687112149767 39.654278838110642
v 24.248141435678921 56.449400497889812 93.114344026544217
v 23.64183235168457 32.285926818847663 111.0991449193246
v 22.492805482404229 12.254727629674891 15.1994359864069
v 24.27683258056641 62.765926361083977 107.04731210784129
v 23.06411417349868 58.532596588134773 92.899678663717623
v 13.16433143615723 21.907144460224171 0
v 23.054782146477219 45.832592010498047 62.130933205624608
v 21.419330596923839 12.69999885559082 127.4233322143555
v 22.158651284496241 12.4307338527036 144.64207058227899
v 18.244331359863281 17.664310920536678 141.3933410644531
v 13.16433143615723 20.940554275885699 141.3933410644531
v 18.244331359863281 24.41157618836905 141.3933410644531
v 23.042117914183589 55.729935922105398 84.99574372023767
v 23.006832122802731 39.482593536376953 57.462507407258698
v 22.374630604656641 12.324091551488991 132.51241168413449
v 22.242066123612489 60.858011682669243 68.791671752929688
v 23.006832122802731 51.831454310495928 36.588002679428428
v 21.419330596923832 28.052595138549801 83.14177512825097
v 23.006832122802731 47.949260711669922 93.664560087473362
v 23.006832122802731 35.564644657358897 37.419861333549449
v 23.006832122802731 37.365928649902337 100.56126414187641
v 23.089852049516541 40.867403561713367 50.757009141488439
v 23.572206972312401 63.587988085188023 84.67156856296063
v 23.006832122802731 57.272886617864472 64.480469374808322
v 23.006832122802731 38.790258419294169 76.803633693091697
v 23.006832122802731 36.129097361629142 81.929999819551156
v 23.006832122802731 45.832592010498047 96.537097665773331
v 18.244331359863281 22.125925064086911 40.82747524916774
v 21.419330596923832 28.052595138549801 39.370414071557242
v 21.419330596923832 22.125925064086911 40.729197825786763
v 23.02035946848773 38.831809544251392 55.509439844998013
v 21.419330596923832 28.052595138549801 109.79017221865
v 23.006832122802731 35.249259948730469 84.691931286116613
v 21.419330596923832 22.125925064086911 112.5088987542369
v 22.054330825805661 66.111214738271642 116.03301142381029
v 23.006832122802731 28.052595138549801 47.850849440730649
v 23.62774716755105 58.532596588134773 84.726911676733081
v 21.419330596923832 22.125925064086911 46.239136854879433
v 18.244331359863281 26.989709541939359 56.433724810986398
v 23.006832122802731 35.249259948730469 104.81095560455491
v 22.949782471117661 11.94930841652873 129.17043843572591
v 23.006832122802731 56.78384127070202 67.24228277145636
v 18.244331359863281 22.192044419844649 51.563713372043459
v 23.006832122802731 42.631284053629408 109.56701218416841
v 21.419330596923832 28.052595138549801 59.932405195525767
v 21.419330596923832 22.125925064086911 57.434795635450769
v 23.006832122802731 52.182594299316413 54.74498997317292
v 21.419330596923832 22.125925064086911 97.075488871368819
v 23.006832122802731 35.249259948730469 39.183080649294027
v 18.244331359863281 22.07764878417845 89.71033773629938
v 23.635179684304401 39.103169467020223 70.952546211816895
v 21.419330596923832 22.128861260422571 90.551199927291464
v 23.048016258096219 55.723125510876983 97.256266886535244
v 21.419330596923832 28.052595138549801 105.5697596966197
v 21.419330596923832 22.125925064086911 103.4673311656057
v 23.006832122802731 33.132595062255859 106.5624823884642
v 23.006832122802731 28.089540643245051 106.2405299731622
v 23.006832122802731 39.572702185964587 37.397427508537483
v 23.04249421006946 36.673384783068201 91.428949820645371
v 23.006832122802731 63.309857647173828 67.987464115561693
v 23.6611468359167 38.084226554691519 93.146416702383021
v 21.419330596923832 12.05699046726548 125.8517576042111
v 23.006832122802731 31.417832285076489 110.487653486577
v 23.027214700439419 47.290478911733842 92.616815953303288
v 24.27683258056641 52.182594299316413 40.101963800820513
v 24.227568854458319 45.832592010498047 40.048099053723732
v 23.006832122802731 38.153275047018298 79.647601474809889
v 23.03039303168714 59.98027267097838 93.130580125601057
v 21.419330596923832 69.539260864257812 111.0841798553132
v 23.006832122802731 58.532596588134773 60.001447421098128
v 19.612272141552189 18.816472465219771 118.956672668457
v 23.08791287942887 33.132595062255859 39.612799824828237
v 23.76209779213124 46.433115672654473 62.702993833189822
v 23.632432103157029 67.845924377441406 34.463554143905661
v 23.006832122802731 39.059257507324219 34.971203866687162
v 23.006832122802731 32.285926818847663 34.798834926600072
v 22.054330825805661 33.979259490966797 31.644168853759769
v 23.636277831577171 33.967840719666583 32.34956669670607
v 21.419330596923832 37.168081610406972 28.998334884643551
v 23.038397618235489 34.577435231661248 57.265454950427852
v 23.006832122802731 33.132595062255859 55.057497198051458
v 21.419330596923832 34.063155773426423 28.998334884643551
v 23.623031854629481 37.365924835205078 32.30877256393439
v 24.27683258056641 35.249259948730469 60.453854540452816
v 22.054330825805661 37.365924835205078 31.644168853759769
v 22.054330825805661 37.229715802227567 28.998334884643551
v 23.81210106703065 33.674781595395423 62.787618572982787
v 24.27683258056641 41.599258422851562 48.059941281252698
v 22.054330825805661 37.365924835205078 116.1520881652832
v 22.054330825805661 33.979259490966797 116.1520881652832
v 22.054330825805661 62.768359013573587 30.496529130390972
v 22.054330825805661 66.236587503565104 30.4753131634182
v 24.19596492954733 43.715927124023438 85.271963562236877
v 23.641649618017581 38.936678720017632 71.930842800501637
v 23.006832122802731 50.065925598144531 53.598070907731653
v 23.006832122802731 34.614261627197273 87.531062043113735
v 21.419330596923832 28.050492923666361 91.82795158707026
v 23.383712068296781 37.020963165307869 70.914518368783007
v 23.64183235168457 67.814698045309598 111.89393078937989
v 23.64183235168457 32.285926818847663 112.3305929655513
v 23.64183235168457 61.128701043401527 111.9683418416125
v 23.64183235168457 37.613816978877729 72.484520505407858
v 23.00081498597287 50.065925598144531 60.420431778921049
v 23.006832122802731 45.832592010498047 104.85740595995691
v 23.006832122802731 52.164669287827458 66.734810139131596
v 23.64183235168457 35.564947344911253 35.190944764773562
v 21.419330596923832 28.052595138549801 98.524659097274139
v 24.27683258056641 33.132595062255859 99.009823628668087
v 23.64183235168457 38.419584787735253 72.423092887367474
v 24.2622081788301 39.482593536376953 98.337214596308257
v 23.020931112368011 43.064478307961608 41.248836634755783
v 23.006832122802731 65.596241167905859 106.68393436091191
v 24.262554832726671 52.182594299316413 43.917458728833992
v 23.006832122802731 37.365928649902337 95.13669146579484
v 18.244331359863281 22.125925064086911 96.959101340984162
v 22.18065751428885 57.274830704523318 68.791671752929688
v 23.006832122802731 28.052595138549801 101.2615703091801
v 23.025165748307291 55.692490668109564 40.132676765023689
v 24.177892888935851 39.482593536376953 57.872697210498458
v 23.006832122802731 58.893750409684507 80.779685034801659
v 22.054330825805661 62.738579694031053 116.1972690257769
v 23.006832122802731 59.698377079691191 80.716484405445001
v 23.006832122802731 40.526740990197098 34.686096117068892
v 24.246009131164499 54.335219861329179 47.969895878600767
v 23.089036849873079 55.685020276970043 44.35341331181845
v 23.027872303040809 40.933262363846481 96.333730857119022
v 24.27683258056641 45.832592010498047 56.908635571820199
v 23.006832122802731 49.430927276611328 56.527600856339383
v 23.040100136508968 58.532596588134773 104.0353385009447
v 23.006832122802731 60.214557233276047 67.13168451484097
v 21.419330596923832 39.059257507324219 115.35833740234381
v 21.419330596923832 61.072593688964837 115.3999171632223
v 21.419330596923832 32.285926818847663 115.1950441919758
v 21.419330596923832 67.845924377441406 115.3062845787954
v 21.419330596923832 30.026623194198191 113.2416687011719
v 21.419330596923832 32.285926818847663 31.261932165915891
v 21.419330596923832 38.258067544356862 70.81296382182208
v 23.006832122802731 30.16926097869873 33.231666564941413
v 23.64183235168457 39.059257507324219 112.10621718495641
v 23.38993301108691 37.223441338184209 31.858196812321761
v 23.359623919078011 33.997166431251877 31.831874486377231
v 23.006832122802731 56.415927886962891 94.200800081697494
v 23.006832122802731 37.365928649902337 41.988802666944181
v 24.227861888846061 39.539725181202677 54.485894117759671
v 22.259205405283591 39.350512591777907 73.79860966749024
v 23.575657701470231 38.183962929495628 90.219813455673673
v 24.27019049131999 35.25700899276255 93.103753164743893
v 28.0668455978869 37.683960971061133 73.061407113727213
v 23.009122276902701 57.89492260241073 44.941988978902458
v 18.244331359863281 34.954333147406473 50.29135168612148
v 22.28073651114719 39.481216388922732 73.280485195342507
v 24.27683258056641 39.482593536376953 51.825949323803911
v 23.057619074279351 57.831891121897527 61.500878383333458
v 24.188848870618081 47.949260711669922 96.335194130991042
v 23.067845005993458 47.239802386333061 88.839603760931141
v 23.59002738840757 50.8672010677546 106.3485407294088
v 23.006832122802731 61.548843383789062 68.791671752929688
v 22.936956121499879 37.392185673545633 31.65558884714736
v 21.419330596923832 35.710724233857611 72.876782335653871
v 23.006832122802731 41.599258422851562 50.379419221203108
v 27.743888396986321 60.649261474609382 71.254394280791118
v 23.651725499743399 46.561883291852787 88.84798613214825
v 23.006832122802731 57.671626449519522 66.671649589716111
v 21.419330596923832 70.011026826241761 117.50063381154099
v 23.64183235168457 37.365928649902337 38.826087900369529
v 24.27683258056641 60.649261474609382 43.758034539736443
v 23.763608586552731 50.664689540895488 107.2348978464107
v 23.075256757809189 39.482593536376953 92.201107581056078
v 23.094459393376589 40.862028329516498 52.462900112356323
v 23.015491516100379 51.534504238120853 92.700013076915496
v 24.267853991476699 62.765926361083977 58.569188500672333
v 24.27683258056641 41.599258422851562 39.396114615137378
v 24.27683258056641 43.715927124023438 58.165021200887161
v 21.419330596923832 67.876760694918488 119.2442590233464
v 23.006832122802731 37.365928649902337 102.7734285884557
v 23.006832122802731 45.832592010498047 106.0094341687706
v 24.27683258056641 41.599258422851562 62.231953548923798
v 23.080827646568672 57.811266242504317 60.410685036615931
v 26.112326388567659 38.083909310830009 69.720382793569144
v 23.006832122802731 39.482593536376953 71.163688992692428
v 24.27683258056641 56.415927886962891 84.4182349739215
v 23.006832122802731 57.890692378135817 37.897029697638722
v 23.006832122802731 58.532596588134773 100.21835411077809
v 23.14368139281564 39.482593536376953 91.117738077491026
v 23.012499434918421 64.229644912032782 97.551713088319133
v 23.006832122802731 50.065925598144531 96.314576840539388
v 23.034377013612989 34.569173037206212 44.38232019661438
v 23.034378335703131 34.569072777140818 41.082229366638231
v 23.05533224463079 59.951226717193649 105.3915286365818
v 23.072278886055411 51.45616515009965 95.930954749751876
v 23.006832122802731 62.765926361083977 89.456416225125437
v 23.531578930346761 62.765926361083977 38.844777156215507
v 24.256942577404079 56.415927886962891 54.338367782246792
v 23.006832122802731 40.17615018595076 111.13114291981459
v 23.006832122802731 60.649261474609382 102.4197838527114
v 23.006832122802731 64.46286203383454 64.077685249703663
v 23.66459114063866 33.846876435673551 106.1490381085967
v 23.006832122802731 38.831655379727891 79.206907906547386
v 23.009865434321 62.126043252108943 44.661183101345173
v 19.623942133784279 20.82575198825765 27.885202692700531
v 21.419330596923832 61.965887304438077 69.646486218511853
v 22.964826702065569 38.812387972541543 104.9354203137394
v 21.419330596923832 59.250263959296248 113.2416687011719
v 18.244331359863281 62.810300307567573 72.200654894926174
v 23.053486066879319 55.726496114631807 105.3619761862379
v 23.006832122802731 55.849957457321423 37.072330364876713
v 23.006832122802731 41.31256363307601 109.96664663411001
v 23.6068843942444 36.030862876287998 84.15025578773357
v 23.006832122802731 50.065925598144531 45.21606098713012
v 23.006832122802731 35.249259948730469 106.4280680388509
v 23.037684189343079 47.268440945470353 85.525678190392966
v 23.006832122802731 47.949260711669922 49.765502659184122
v 23.612133662110939 52.958072143514343 84.406935079831769
v 24.253751274293709 39.509521518219643 40.041962047381503
v 24.27683258056641 58.532596588134773 87.664544990629253
v 23.006832122802731 45.832592010498047 58.647656536725982
v 18.244331359863281 39.267376310569269 48.980755775921693
v 23.554377259456921 40.325457715998468 89.057972415451076
v 23.006832122802731 57.691439932398843 108.578634323548
v 23.006832122802731 60.616041283028622 69.555262447321184
v 24.27683258056641 47.949260711669922 88.385085350820248
v 23.006832122802731 60.649261474609382 70.932577435246117
v 23.05288678959311 57.843863798311887 91.547620669388564
v 23.448318046627779 37.078966369657707 73.381084534077189
v 19.831830978393551 20.04574738069303 27.611456174756508
v 18.244331359863281 39.810160990648853 94.739742466193391
v 24.27683258056641 60.649261474609382 88.706724174889516
v 23.006832122802731 62.130928039550781 50.936021870368101
v 23.083479889637879 42.991502631523083 100.1438939560317
v 23.006832122802731 43.080924987792969 96.888284060235094
v 23.661037906396349 42.317685234439793 61.798817096230039
v 22.193133016090759 38.145084566033127 71.968984634546587
v 23.036651106393752 39.482593536376953 87.626317384912227
v 23.006832122802731 65.7494002501046 85.312994791463737
v 24.27683258056641 60.649261474609382 106.5284115908746
v 23.006832122802731 58.532596588134773 46.429398639881512
v 24.27683258056641 60.649261474609382 92.534916429821862
v 23.53819495928138 39.482593536376953 38.982169562587629
v 24.206520466457359 45.832592010498047 83.744910486138437
v 24.27683258056641 35.249259948730469 39.376890366790043
v 23.64183235168457 59.79643237731036 71.978563330650843
v 23.581497862213709 42.410481912833838 40.170157640739227
v 23.006832122802731 53.400336766010277 64.220009652927089
v 23.58157926713687 59.343725105747438 96.746292722028016
v 23.006832122802731 37.74338551324638 69.707801747462497
v 23.006832122802731 45.870929494382011 65.327780530352356
v 23.662297616211191 58.532596588134773 107.6238294576209
v 23.006832122802731 65.38544783631032 79.545027558452645
v 23.64183235168457 37.688704032622397 76.048239146851913
v 23.006832122802731 42.423970385859931 111.2960883191644
v 23.64183235168457 65.916282184270329 109.85500335693359
v 23.006832122802731 47.949260711669922 58.292080070541061
v 23.006832122802731 60.649261474609382 50.189909729622258
v 24.27683258056641 60.649261474609382 85.099913162153527
v 24.27683258056641 50.065925598144531 107.03333038170349
v 23.006832122802731 60.039946988119297 111.21566046968501
v 23.006832122802731 58.459500531199311 88.441957390221461
v 24.27683258056641 54.299259185791023 56.389250855058449
v 23.006832122802731 41.599258422851562 44.604773043221677
v 23.577080202568229 38.18230397208162 62.029447165153137
v 24.25265501638092 58.560803734247493 45.618222250436361
v 23.674029970641008 54.999254839243847 83.703362747367649
v 23.006832122802731 39.482593536376953 61.061720473779523
v 23.68584584508374 52.872078528188617 40.3560916810832
v 23.621139675378782 63.910048117012288 113.0740088791498
v 23.006832122802731 43.715927124023438 90.853639296395201
v 19.7851659788064 20.759335600910539 118.62771590698119
v 23.006832122802731 50.065925598144531 98.949319455152008
v 19.77714274572816 21.951512649362371 117.2529631107449
v 23.655613693488149 59.2508488785395 95.75563553201421
v 23.006832122802731 33.132595062255859 104.7680756809241
v 24.227527058749569 43.773449786759322 41.541403140815262
v 23.006832122802731 60.649261474609382 85.57077629606222
v 23.006832122802731 39.075208749309553 41.015456040579707
v 23.622743865552341 46.595695183900347 84.372214749635489
v 18.244331359863281 48.2704736370465 51.255540775678298
v 19.798931050658421 21.471878607217121 118.0521453530109
v 21.419330596923832 69.34698710436686 119.0158741819877
v 18.244331359863281 38.922101641409753 73.309409189839741
v 24.223857276666081 45.894396958113468 58.652537286336162
v 23.006832122802731 37.380303584347487 109.7794136507928
v 28.052507214765079 59.551998757512663 72.633684193417366
v 23.006832122802731 45.832592010498047 84.640519891579288
v 18.244331359863281 44.694260459834517 94.087607436490103
v 24.27683258056641 47.949260711669922 94.742385545821151
v 23.006832122802731 45.832592010498047 102.2790979850208
v 23.006832122802731 47.949260711669922 98.577201664681027
v 24.246505738786109 47.984642011898153 98.11602782613852
v 23.64183235168457 45.832592010498047 88.629805506786553
v 23.006832122802731 62.765926361083977 85.86273877497203
v 24.24848311453027 35.282334311580421 45.698321776381562
v 23.699595223843151 35.922705877995632 83.49162098397268
v 23.006832122802731 52.182594299316413 44.784980993474363
v 23.01330508569367 57.879663451087879 96.999810748162304
v 23.006832122802731 52.182594299316413 47.990438155618072
v 23.635941025340529 57.156239457673792 101.1141399790822
v 23.006832122802731 40.061715688760181 36.207157284076963
v 24.27683258056641 60.649261474609382 62.058177675728267
v 23.64183235168457 66.234528998824231 33.791594745112228
v 23.032403451264909 64.207937501210779 41.228864733628129
v 24.27683258056641 47.949260711669922 40.308366625534369
v 24.27683258056641 47.949260711669922 46.189236566258522
v 23.006832122802731 47.949260711669922 42.820221134696773
v 23.20271939111878 38.619056940228219 40.948417459966258
v 23.523587086464659 36.128045981428897 104.18404321744249
v 23.06875187886887 51.475355173228508 85.730750220760811
v 23.010163706228461 51.543709048597179 89.01289503119618
v 24.27683258056641 47.949260711669922 59.785200248518677
v 23.05240938256037 34.531683939240892 105.570640366289
v 19.782107305699981 22.125568855205181 116.3236766525077
v 23.034408854815741 47.269170488329323 105.4440147642694
v 23.034404554629571 47.269148419273222 102.2499034744549
v 23.64183235168457 62.431456833377148 33.777384541922622
v 24.27683258056641 37.365928649902337 99.305742421832463
v 24.27683258056641 37.365928649902337 91.586651409015019
v 23.006832122802731 62.765926361083977 46.730209902184257
v 24.27683258056641 56.415927886962891 42.997293972843202
v 23.03238234150092 59.974627958494438 85.654895061299499
v 23.02838828514323 59.985838768173167 89.200318001091532
v 23.006832122802731 64.074765103890641 82.145014288242635
v 23.613977075193549 59.30592767923352 106.6590661853045
v 23.006832122802731 69.539260864257812 111.47938159248071
v 23.089296745258949 57.801385454471408 87.798829429732322
v 23.754685885665069 52.791762016600678 83.553428770179181
v 24.26304441676044 50.082012163462089 43.218595112524312
v 23.006832122802731 47.924945297214663 90.365496382765343
v 23.655714179739611 44.440564947379393 62.318554527728011
v 23.581928979542091 55.109978990399767 105.94228935607261
v 23.09067582943662 35.249259948730469 83.670722348841963
v 24.27683258056641 50.065925598144531 57.869575983018827
v 23.641648465964579 58.532584389125986 38.311723465220787
v 19.93128653405557 21.378991951448182 28.320339676834681
v 24.27683258056641 37.365928649902337 62.670521110697898
v 19.729210043731939 22.12095346340649 30.038059100337449
v 24.27683258230887 50.065925598144531 90.92215818665349
v 23.006832122802731 46.410693262544157 108.972139751649
v 23.006832122802731 48.850602162963433 82.084844270291924
v 23.044344770032431 47.270493839117577 45.562156534849812
v 22.831569298760162 37.328513178848503 114.8291702270508
v 24.22072129794347 50.131390284064167 103.87079354674781
v 23.434067393509341 62.849686367883443 31.902695187944349
v 23.01655674136466 57.863913305206722 41.104091804416107
v 23.006832122802731 54.983332938197208 35.799998575220691
v 22.054330825805661 66.12114633552568 117.4750061035156
v 24.27683258056641 50.065925598144531 56.286369595757719
v 24.245587537653691 60.649261474609382 58.726206639440377
v 23.006832122802731 58.699927184750877 71.501426302989529
v 21.419330596923832 35.099373769914202 118.46377750182511
v 21.419330596923832 36.521701948445482 119.04680445637609
v 26.77131185751864 39.366284332901493 70.415371176194171
v 24.27683258056641 52.182594299316413 46.336318825432457
v 23.601605394138879 38.153690631931369 90.958852856358618
v 18.244331359863281 61.159802550483683 71.382425943627638
v 24.25598548633393 54.323580607132271 102.86532419151639
v 22.822206048800211 65.973310984308313 31.644168853759769
v 23.600446999072989 62.765926361083977 114.2205774784088
v 23.600446999073039 33.979259490966797 114.2205774784088
v 23.60044699907305 37.365924835205078 114.2205774784088
v 23.600446999073029 66.152591705322266 114.2205774784088
v 27.294092830115819 58.953512238024871 71.967156487863008
v 22.054330825805661 62.767560284848209 114.8291702270508
v 22.913629531860352 66.107386591591975 114.8264541625977
v 22.82936432715714 62.935695736745117 114.8291702270508
v 23.006832122802731 39.059257507324219 111.3139868242245
v 23.006832122802731 67.845924377441406 35.062439858856173
v 21.419330596923832 37.297182177080359 117.4750061035156
v 23.64183235168457 33.959779691610379 109.85500335693359
v 22.054330825805661 37.285754499256321 117.4750061035156
v 22.054330825805661 62.694252881104411 31.644168853759769
v 23.006832122802731 61.072593688964837 111.46928287814291
v 22.054330825805661 37.365924835205078 114.8291702270508
v 23.006832122802731 32.285926818847663 111.6830682748443
v 22.054330825805661 66.208744491412162 31.62345061800848
v 21.419330596923832 62.741519178491487 117.4750061035156
v 21.419330596923832 66.152591705322266 117.4750061035156
v 22.054330825805661 33.979259490966797 114.8291702270508
v 22.054330825805661 33.928392648045808 117.4750061035156
v 23.64183235168457 62.801341574388687 32.520552266133031
v 21.419330596923832 34.136610448574949 117.5575208382768
v 23.006832122802731 67.845924377441406 111.6862136846603
v 23.64183235168457 66.06022178616081 36.618335723876953
v 23.623031854629492 66.152591705322266 32.308772563934362
v 22.13194766524456 66.135249081490244 114.8291702270508
v 23.64183235168457 37.362774179332789 109.8835804458141
v 22.982001956788299 62.762424797348523 31.659824926001001
v 23.04211199888848 55.730013817674653 93.402422933439055
v 23.006832122802731 63.531837418154133 79.185266901597217
v 24.21116619993397 54.375869930321862 58.482403023671807
v 23.006832122802731 49.419655869620847 37.737331648630679
v 23.006832122802731 36.499928288982552 37.650655413649687
v 19.78168532289309 20.020086500403391 118.89946712908031
v 23.006832122802731 50.065925598144531 56.423721227064462
v 23.638883173465729 66.570525633573084 110.92651295661931
v 23.006832122802731 62.765926361083977 58.241255071634242
v 22.054330825805661 62.734480991287398 117.4750061035156
v 22.77458418398183 34.190270972706713 114.8291702270508
v 23.053369116542399 33.132595062255859 83.815599623745115
v 23.411840079845781 66.189605550231192 31.889642555526439
v 21.419330596923832 15.765316902006569 130.50102060172279
v 23.038768277860399 35.249259948730469 89.31465438486731
v 24.27683258056641 35.249259948730469 83.790954182564207
v 24.27683258056641 60.649261474609382 40.111744458532897
v 23.006832122802731 52.182594299316413 87.279034427550272
v 21.419330596923832 22.970374327268161 29.21629233216883
v 24.27683258056641 43.715927124023438 46.453370478116597
v 24.23891228104571 58.532596588134773 42.031405610385143
v 24.27683258056641 60.649261474609382 83.805310854244851
v 21.419330596923832 63.119409239073313 72.420589602742126
v 23.02751612043182 36.697117737163509 61.569362589829119
v 23.52942684283353 44.587900110548333 52.383627167164967
v 21.419330596923832 59.666133134257421 70.772480448276625
v 23.006832122802731 54.299259185791023 46.448742154043373
v 18.244331359863281 61.803650252733128 75.563433069195241
v 19.812152061547 21.877346383582839 29.043789605622639
v 23.50871982838342 63.66205982794613 40.392953526726203
v 23.006832122802731 33.878296622020699 109.85500335693359
v 23.006832122802731 58.532596588134773 97.457169567609128
v 23.006832122802731 62.765926361083977 94.578360228364218
v 23.75537915625241 40.090955603695207 84.000259176229164
v 23.006832122802731 54.931543007759863 79.463323844090212
v 23.006832122802731 54.299259185791023 41.121167169930672
v 23.013909849678701 62.119772559384202 41.115889532030089
v 23.006832122802731 58.532596588134773 41.597372072521999
v 23.64183235168457 38.351524254276953 73.271723552165696
v 28.03417852222017 59.346328434255199 73.985016372835815
v 23.031147649547901 62.102556361190103 92.586481625228032
v 25.629761143796369 38.107657761882948 69.244079785458325
v 23.091622290754309 62.032005628285113 91.051340852245488
v 23.03418987200951 62.086483289207138 85.328761156169634
v 23.03438202537567 59.969031399601093 40.874861628743993
v 23.006832122802731 64.101908565928809 65.516128163654088
v 23.042742037605841 52.182594299316413 92.341424801176927
v 18.244331359863281 51.891673315204763 90.498915628001399
v 23.006832122802731 35.937175750732422 68.791671752929688
v 23.006832122802731 60.649261474609382 70.208766704456352
v 23.006832122802731 41.599258422851562 55.945123089034837
v 23.01372709050451 60.00299290557335 57.959101393956331
v 23.027517025908079 59.980452410567722 61.047081307953469
v 22.212578856451149 57.168819185680107 77.681671142578125
v 27.26673181032799 59.379261016845703 76.174381016585386
v 11.415858305240359 86.938149945234244 128.84288578134229
v 24.27683258056641 62.765926361083977 97.560027441549138
v 26.628838526134 59.611681519000783 77.122002776249062
v 23.731745378111611 54.935193080709993 106.9490210033526
v 23.055813874748431 50.065925598144531 99.927977963286764
v 23.006832122802731 59.62747639642641 36.65839781351621
v 23.672280762325421 61.354570916013827 91.769759858061633
v 23.63225110481282 44.467938523047977 106.5141064917795
v 23.463861447092452 58.254387929802121 71.094416040038581
v 23.006832122802731 60.649261474609382 94.152613744920544
v 23.09796346397366 40.857940248907447 88.330538363158439
v 18.244331359863281 57.363486627072866 50.90288101989033
v 23.006832122802731 40.625164471887388 64.586823717682108
v 23.69037781676094 61.333457837836733 100.27821709234421
v 23.006832122802731 56.415927886962891 58.277704844142072
v 24.27683258056641 56.415927886962891 58.883921245575813
v 23.612745551965141 44.490694991605487 61.407725885218689
v 23.013979412139498 36.71987362898912 40.603735265847831
v 27.789808334999631 59.637199917070163 75.077968440445176
v 24.27683258056641 60.649261474609382 90.561352576675546
v 23.006832122802731 60.649261474609382 92.288414710985521
v 23.05797074973561 35.249259948730469 41.842806480014659
v 27.907714650427611 58.993854687388428 71.795585968918999
v 23.68289395831982 54.992187229999459 102.51968864304
v 24.27683258056641 47.949260711669922 83.757455632274443
v 23.049794281952561 59.954350756274359 46.735647567719411
v 23.006832122802731 59.99975126766514 79.770119471183492
v 25.297385332605561 59.502913345422783 78.262496607579806
v 27.512580323758868 59.765420673592153 70.701608854169791
v 24.43826090129123 59.036981764249923 78.706640192123857
v 24.215519325940679 60.720793050325717 98.970392415732533
v 26.126850817534589 59.379261016845703 77.639746026842872
v 23.407684803009051 59.379261016845703 79.006752967834458
v 23.006832122802731 50.065925598144531 102.3752170239038
v 24.27683258056641 56.415927886962891 104.938041465995
v 23.006832122802731 58.900347359296077 79.614652090967326
v 23.040884896434161 53.614706802113503 40.961103473744707
v 23.006832122802731 59.295302101845628 78.591461181640625
v 21.419330596923832 31.153470796081791 32.209077250893841
v 23.795532930807251 52.744110316422322 39.437128682257899
v 24.27683258056641 43.715927124023438 62.719864780825787
v 23.62200552883661 11.295207049396129 128.94892334713731
v 23.006832122802731 57.897594451904297 47.049693877986471
v 23.006832122802731 58.532596588134773 105.8188181336546
v 23.006832122802731 57.949483392363973 54.271908549735407
v 23.006832122802731 61.518450264757682 37.550205183291339
v 21.419330596923832 61.119658449036422 76.520511700882835
v 26.398593902587891 59.491582608408038 76.404861450195312
v 21.419330596923832 38.473727546626087 76.824468884785887
v 23.006832122802731 53.730306498857473 82.072747919087263
v 21.419330596923832 31.298890084417319 114.3981653226259
v 23.006832122802731 57.137690941895123 77.681671142578125
v 23.654572412119059 61.36762620764263 106.78450771221689
v 23.04583087210748 43.035426466460841 47.955870810253892
v 24.224250218688969 54.360605248324447 42.614438894830521
v 23.006832122802731 57.355103615920093 68.170240039417834
v 26.138277206475209 38.938170851886277 68.843927492246351
v 27.589029833451011 37.057510047254482 74.131036143800245
v 21.419330596923832 60.643359043366672 71.609984040150522
v 23.006832122802731 61.258105569644812 81.397108297395448
v 23.006832122802731 60.649261474609382 43.776207605309693
v 23.64183235168457 58.863156183942657 72.492821113817442
v 23.006832122802731 58.532596588134773 96.135873207039197
v 23.027263124297491 53.628229049607569 102.5230077215911
v 23.030629303785371 53.622292504822042 105.5347381930804
v 24.207998231144231 56.496234005234292 106.7960474036158
v 23.03362268331561 62.088862481486601 89.668494757961952
v 24.27683258056641 47.949260711669922 54.925078168409513
v 22.240430152496209 58.817556091623857 77.681671142578125
v 23.64183235168457 62.576091462048417 109.8815328850507
v 23.044512408863529 43.027142956770817 85.385625309269045
v 23.53949657752732 33.132595062255859 107.359309152576
v 24.27683258056641 33.132595062255859 106.6277443844773
v 25.2304334721216 59.557174330437597 77.544874482663431
v 23.141800455046521 59.062376591947341 78.843830398513205
v 23.006832122802731 60.649261474609382 71.646212662684931
v 23.64183235168457 59.313497444742438 76.232077973138743
v 23.615735689089739 36.020539324497392 102.489118528897
v 23.910379197638999 59.543640398472483 77.641512928025818
v 22.221471538769141 58.728335673952792 72.146526672047159
v 24.499853976697569 59.443618057967093 77.868987699588544
v 23.006832122802731 58.766298591904899 76.998846515471271
v 24.077850770444229 38.204203412274943 77.763373404516884
v 22.238836297017279 59.315985170605998 71.968629050914302
v 25.758039820280409 59.394450005235853 77.112099061554744
v 23.459089062188291 58.25172567672702 73.244592881467184
v 23.116637694848109 58.11029875904741 72.500019565137606
v 23.006832122802731 41.599258422851562 61.839610551319971
v 23.006832122802731 60.649261474609382 72.56969606523532
v 22.382377136549401 58.182282158651638 73.658332206380493
v 12.12943914421249 89.051601568283729 2.593236978672699
v 23.006832122802731 62.085003648143733 67.972599522932995
v 22.284067212665011 58.540460349034227 74.188848378766494
v 23.63432502746582 60.189506530761719 71.963268405760871
v 23.006832122802731 58.697434898964303 75.553506235510966
v 22.302386438494711 60.488556491455753 73.853079013555771
v 11.17262103229136 88.974373001355886 129.0957428555229
v 22.49240579571952 60.617607963099047 72.959648784853471
v 22.13574149373833 59.939973676445547 72.097346262531545
v 23.64183235168457 59.304377956769947 77.015202544874271
v 23.096220133239221 37.365928649902337 60.949129555100257
v 22.320075546950161 60.331550735774563 72.397975314893117
v 23.006832122802731 56.415927886962891 83.692352122084031
v 22.276974614971159 61.964433123785028 68.791671752929688
v 24.27683258056641 62.765926361083977 103.9901513039806
v 22.190162102598201 59.054489083228937 74.464076225971013
v 23.64183235168457 59.43438541451966 72.789347182090495
v 22.171507001901251 60.641307511270298 73.36823718012937
v 24.27683258056641 52.182594299316413 62.25987395974952
v 23.006832122802731 37.94452121523171 76.824972602219688
v 27.551545095580561 39.411334840677497 72.212993054675337
v 22.214176483519669 58.112033363209918 73.170395923626614
v 23.975638689328889 63.117319988107219 39.800826944511883
v 23.006832122802731 62.765926361083977 45.007284983178323
v 23.006832122802731 58.893441884598978 76.355933422441282
v 24.167742158508631 35.275230596248953 105.6425461587915
v 23.006832122802731 60.649261474609382 48.531080339957583
v 24.27683258056641 62.765926361083977 51.591348345272714
v 22.05943383244335 58.282280669098853 72.597147184788682
v 23.006832122802731 60.649261474609382 74.175069267294276
v 23.006832122802731 34.358437631256344 64.263945551182147
v 23.39622438223228 60.556988956552651 71.794435546238134
v 23.006832122802731 36.730926513671882 98.008255503538038
v 23.63229496003294 60.199190114224507 75.369894015659654
v 23.006832122802731 53.358035791287357 37.765786933580287
v 23.006832122802731 60.642340811323791 75.620810586362012
v 23.006832122802731 59.33708193233953 75.269348185719252
v 24.27683258056641 60.649261474609382 56.731700821876103
v 23.006832122802731 60.824005616178773 66.872904702586823
v 23.006832122802731 61.81099451293445 64.178342800385138
v 23.66474522986924 46.546693613223859 107.157027983539
v 23.006832122802731 69.539260864257812 38.689883621160021
v 23.425918397350639 58.232417055818892 75.844914340464442
v 18.244331359863281 74.6192626953125 51.685868647285439
v 23.006832122802731 52.640774637942208 37.438484741716337
v 23.006832122802731 54.299259185791023 102.8860430109456
v 21.419330596923832 69.539260864257812 51.337404753403582
v 12.36901145053122 88.582697723257397 1.831749533122786
v 24.27683258056641 50.065925598144531 52.236057792024972
v 21.419330596923832 69.539260864257812 46.975250526287368
v 23.68669588123068 42.287750943311217 107.2039673216386
v 23.236339930645698 60.568810252626328 74.301976978601033
v 23.006832122802731 35.992415681334613 66.608248668598861
v 23.504038025511228 60.462629362532553 73.117026097433424
v 23.64183235168457 60.088389529796508 73.260630029265002
v 21.419330596923832 36.011146779987257 74.34745137190086
v 23.565314191572369 40.312697967338977 107.07247592071251
v 23.51693084091244 60.447408596358507 74.22053671541488
v 13.16433143615723 25.52576541468844 5.0799994468688956
v 21.419330596923832 60.088496432067267 114.2040727257137
v 13.16433143615723 31.696897291059749 0
v 13.16433143615723 38.699088967225677 -0.036039763292029292
v 13.16433143615723 35.606348208748813 5.0407371764000581
v 24.27683258056641 39.482593536376953 59.451651134903003
v 23.710354673198339 46.493483442376643 46.07418489662485
v 23.02750983410305 47.280417682418737 99.184003377398568
v 23.013724693236171 47.302978277765881 96.24631447310054
v 18.244331359863281 33.442612848176843 141.3933410644531
v 23.64183235168457 37.365928649902337 107.46433437464
v 13.16433143615723 43.228214147643087 5.0799994468688956
v 18.244331359863281 40.167680051730358 5.0799994468688956
v 18.244331359863281 41.713364294845249 141.3933410644531
v 13.237167518093489 48.577547042475118 0
v 24.27683258056641 43.715927124023438 43.418726898151561
v 13.16433143615723 51.156997137530823 5.0799994468688956
v 18.244331359863281 49.212526703437049 5.0799994468688956
v 18.244331359863281 53.341003604267598 5.0799994468688956
v 23.511872926694259 36.141712495296737 106.78449523587599
v 23.006832122802731 39.190045526081143 90.431512518544977
v 18.244331359863281 49.980347799867907 141.3933410644531
v 13.16433143615723 48.772044170833837 146.47332763671881
v 13.16433143615723 55.904503682752029 146.47332763671881
v 13.16433143615723 58.602766838805103 0
v 23.006832122802731 35.249259948730469 61.553837327263892
v 23.006832122802731 52.182594299316413 60.93817984519854
v 13.16433143615723 58.593699434779097 5.0799994468688956
v 23.660787523517769 33.819484172750244 106.92179697389631
v 18.244331359863281 57.479510208459708 5.0799994468688956
v 23.006832122802731 47.949260711669922 96.762806875411528
v 18.244331359863281 58.247331304890579 141.3933410644531
v 23.093708689027679 38.746235710660137 88.192915079053222
v 21.419330596923832 60.055257722007958 116.3317147255739
v 13.16433143615723 65.633809585757461 0
v 23.006832122802731 59.714117431086528 108.8219210830146
v 23.006832122802731 35.249259948730469 44.732812221420431
v 24.27683258056641 58.532596588134773 39.250674006521571
v 21.419330596923832 40.118387510362084 116.4161535853647
v 24.493353263679129 9.5043560624757291 8.0995786287925657
v 23.006832122802731 58.821523880135793 66.862734868168019
v 23.006832122802731 60.649261474609382 84.632403491923583
v 24.47408445947983 9.5965885427120803 132.81913366772781
v 24.435232200326471 9.7394457517588826 136.9649295777796
v 24.00408442625066 10.75022022907145 133.80720291492341
v 24.213203930311209 56.415927886962891 39.743815505562658
v 23.433612607689231 11.509803662285719 144.2300169927544
v 23.006832122802731 43.080924987792969 103.2532695688756
v 24.27844717760064 10.197669418509911 144.30997792106419
v 23.516556943566581 57.302915636953273 84.96401047872142
v 21.419330596923832 74.6192626953125 85.303663194047573
v 23.07958358370016 50.065925598144531 105.2687338423529
v 24.26640903345017 54.311419896461643 107.2320239320773
v 18.244331359863281 22.10365009578593 46.132460431221922
v 23.006832122802731 39.313190389285282 79.71898363693343
v 18.244331359863281 22.125925064086911 57.103927635649441
v 23.006832122802731 28.092327221212031 88.05764677624893
v 23.006832122802731 51.275632890426763 108.6475681977512
v 24.27683258056641 50.065925598144531 62.284771666317077
v 23.006832122802731 52.182594299316413 100.5097019457601
v 23.090551552013771 38.749919026112757 90.672950048748476
v 23.006832122802731 56.415927886962891 104.02519784454169
v 23.006832122802731 33.132595062255859 48.742882517993507
v 23.006832122802731 33.132595062255859 41.701118608199337
v 23.03438600714728 59.969051431000842 43.760216377980711
v 23.017985254104492 51.501079271751451 40.815445305527852
v 23.960756301879879 38.037134229198593 68.788192749023438
v 24.611101281667221 38.057709378066953 68.612586461531052
v 22.213081359863281 37.707458797173167 72.136364613185336
v 23.006832122802731 52.182594299316413 97.321816248745534
v 23.687502794969451 62.765926361083977 107.5721288728105
v 23.013645361609701 40.939195533066787 43.5726506880264
v 24.271081979960758 58.539305619295838 56.969460888427392
v 27.53420213190466 39.358052658136693 74.038064353321403
v 22.224223842587961 37.121120596483827 73.883951233799792
v 24.093669382792331 35.462950208537492 104.7064882605203
v 23.020605955437659 40.941641523513923 85.317275171145084
v 23.006832122802731 46.896781547504013 64.358017277674875
v 24.70566196647292 38.210390475889753 77.840708181081013
v 23.058241015793168 45.13377661062556 43.733341861410622
v 24.27683258056641 33.132595062255859 93.726680974551286
v 23.64183235168457 37.96595946260517 35.545075921415297
v 23.066796041369681 60.649261474609382 62.727356166059657
v 23.017186708208751 62.15439280497008 100.39729191384301
v 23.006832122802731 39.482593536376953 55.923249232268063
v 23.699679614025229 38.147056103107182 77.328721453544347
v 23.006832122802731 52.182594299316413 57.866693483573243
v 24.27683258056641 52.182594299316413 84.094508505155133
v 23.69028961970216 35.933559776105817 105.8849093360781
v 23.006832122802731 35.249259948730469 51.537186515475653
v 23.095402629948971 36.627594299674428 54.138517541286802
v 24.453076095715438 59.69598495108302 67.772250697099608
v 23.034124503833251 49.399086179072079 50.156018015885003
v 23.015929583146239 49.420313577431578 52.991251892894653
v 23.006832122802731 59.798035109367312 110.0636232230984
v 23.62223580746814 57.179621802856254 107.1915400688677
v 23.006832122802731 54.299259185791023 100.447486685296
v 23.06068585751531 51.484765129942033 51.01087487238334
v 23.082638743750721 39.482593536376953 41.195451591594129
v 23.006832122802731 39.59490195784462 67.043232367449747
v 23.006832122802731 38.746119248549761 69.621227881165979
v 24.176750161090261 50.065925598144531 94.962861334026826
v 24.27683258056641 39.482593536376953 44.470426638311793
v 21.419330596923832 61.367970760642351 68.7984138188923
v 23.059815938616619 57.835779503096838 96.024232460693568
v 24.27683258056641 52.182594299316413 95.88604244564057
v 23.006832122802731 51.547595977783203 60.993374096738123
v 23.006832122802731 39.482593536376953 46.658769759501787
v 24.27683258056641 43.715927124023438 49.396657294891988
v 23.006832122802731 39.482593536376953 49.565510490269062
v 23.006832122802731 58.532596588134773 85.189111006896411
v 23.646664387701321 48.684456621206728 55.619934753381479
v 23.520538932980799 35.249259948730469 63.081271133443153
v 23.728882325408598 40.121867481644323 41.059452002109772
v 23.032249954274182 62.09419798680171 93.9865686900729
v 23.032769021684722 39.482593536376953 105.68567948068331
v 23.049015979504478 53.612248063558873 96.830317439321732
v 24.27683258056641 35.249259948730469 91.055506816116022
v 23.03700735673522 35.249259948730469 93.018328059003125
v 18.244331359863281 34.132074941566017 93.554053125763943
v 23.006832122802731 35.249259948730469 102.24883526016301
v 11.739628177621579 89.318284310074972 3.57872665928996
v 23.632372063200041 38.117796995104541 101.90441912070909
v 23.09116943493618 62.025459807415849 96.775387621841617
v 11.88026814666611 89.437528911245366 17.21363269676133
v 11.749868205580711 88.970556907375482 17.919555171221958
v 23.006832122802731 55.555529393999613 38.001391215420249
v 11.603483336441981 89.500230625538649 16.23580504288887
v 12.15501837963358 88.277195156284606 18.78384658327511
v 23.029354211505499 37.365928649902337 105.2084926730967
v 23.05737582424446 41.599258422851562 102.9012897145393
v 26.56148448545332 37.503560831543282 70.304468846891709
v 23.006832122802731 55.5889535212537 82.407031872262294
v 23.681938818237409 50.737313987077258 99.494946401181693
v 23.662884277507459 35.965532661613402 103.5141832148565
v 23.12644717753296 39.482593536376953 90.196449352530422
v 24.24502331041684 39.51970433562721 103.34291333691711
v 23.006832122802731 35.362661740664088 64.964955306126484
v 24.27683258056641 45.832592010498047 88.628310006164526
v 27.329499740119299 58.932957004748822 70.341793622000637
v 22.98070761416362 61.045520596733333 108.9754079218028
v 23.006832122802731 60.649261474609382 105.7804984616543
v 23.619744739326659 60.649261474609382 44.863489017086913
v 23.006832122802731 41.599258422851562 58.187066825126273
v 23.006832122802731 33.639311023522957 64.987720858433406
v 23.05122480266942 38.78783988639875 61.156882507937908
v 23.006832122802731 41.599258422851562 88.176594530157828
v 24.271799772488752 35.255131555634897 48.143587692470973
v 23.021415005601039 45.832592010498047 50.532823918419027
v 25.969742192085601 38.227877505411087 76.904433841651098
v 23.309130236375509 39.437581539659917 70.786221283522764
v 12.67128916831961 88.984965067542163 18.388507709708581
v 23.042051565430071 49.38016093986684 105.6710725671725
v 23.05733315517551 49.368783762576733 102.9310745476503
v 23.028962028500061 43.10751508785718 57.290073935025553
v 24.274501615981091 35.249259948730469 41.878291104809691
v 23.006832122802731 45.298707379174729 52.470590190918223
v 23.578104688133148 54.299259185791023 38.920890691221189
v 23.007872973102611 43.715927124023438 106.9864716736607
v 28.076696863087118 38.70385996213308 73.478918784632413
v 23.096877981985251 42.975871530491787 46.088025700200447
v 23.006832122802731 62.765926361083977 96.320169201567666
v 23.006832122802731 58.532596588134773 56.341388640660142
v 23.006832122802731 52.182594299316413 105.6755589934005
v 23.006832122802731 45.832592010498047 45.825886957263258
v 23.64183235168457 34.654913600965699 112.8166281547491
v 27.158838293712751 37.417186526973481 74.775598721076463
v 23.05684898577567 47.255905593676957 47.14835147992293
v 23.006832122802731 36.481459701457993 63.764125633866811
v 23.052135281801309 45.144740026146003 50.961511454664318
v 23.006832122802731 45.832592010498047 54.165542798982017
v 23.64183235168457 38.416019282585488 70.355509727505051
v 24.25696925970761 62.789100506701558 45.237236333898551
v 23.071784514061701 54.299259185791023 83.938462666374434
v 23.006832122802731 47.314258575439453 54.032574527053058
v 23.006832122802731 38.878347169956903 75.279840411469763
v 21.419330596923832 58.954785735335221 69.756510280946699
v 24.02087077460245 38.199926899782668 78.862944438530334
v 25.565166018639299 37.521098004980217 77.286501027422247
v 26.783837894913319 59.235209302344543 69.531390722538958
v 23.006832122802731 45.832592010498047 86.578794059351679
v 23.525290082268079 61.526059731146248 53.857759951588953
v 24.27683258056641 58.532596588134773 62.386418718550907
v 23.006832122802731 64.803108123461698 83.049945002479419
v 23.006832122802731 47.900629882759397 88.773915324983378
v 23.006832122802731 45.832592010498047 94.932088150500817
v 23.006832122802731 47.949260711669922 95.262112846339775
v 23.64183235168457 33.137747081838633 113.79645460425741
v 28.056197199927251 38.405946536779403 72.662948809862272
v 23.006832122802731 47.200239070599793 108.7312305255476
v 23.006832122802731 56.019569797695873 106.3213623020352
v 23.75312194760826 48.560256187943033 83.943036767411684
v 26.193049416016368 37.035454803286768 69.449261617892915
v 23.006832122802731 40.238659198313869 68.11415531901774
v 23.006832122802731 42.031919504211452 81.752687919235967
v 23.006832122802731 49.619329594444537 96.266591674564921
v 23.006832122802731 56.415927886962891 106.8157132104668
v 23.052336896687159 50.065925598144531 106.3047067297319
v 25.692843608119869 59.632557654300591 68.481117891228038
v 23.042626651224431 40.912823728937177 105.6994843603083
v 27.356401443481449 38.35791599593189 70.386314392089844
v 23.006832122802731 60.649261474609382 47.000501327269554
v 23.006832122802731 54.299259185791023 105.7827673299301
v 23.006832122802731 43.715927124023438 102.9718594634364
v 23.006832122802731 43.715927124023438 105.5712611244595
v 23.036757191781639 34.877816615987548 106.40305289893161
v 23.64183235168457 60.649261474609382 47.390737826317931
v 23.64183235168457 33.404773486835083 113.03664646902359
v 23.63654471638074 39.102414066108587 70.102585212461435
v 23.006832122802731 52.182594299316413 43.378541367522217
v 23.006832122802731 51.547595977783203 45.140082159140697
v 23.006832122802731 50.065925598144531 46.731718728599233
v 23.006832122802731 39.482593536376953 83.610274283085147
v 22.298825312326262 38.514030079610137 74.469834426790186
v 23.620155752682919 38.19531105795086 32.255520385483408
v 23.48361885545291 36.174675564267197 105.12056979385819
v 23.03445167703843 43.048702188344777 61.272205591047637
v 23.568004307271309 57.242893785402103 40.074344570501466
v 24.187584323159872 52.182594299316413 105.7209952317091
v 23.006832122802731 47.949260711669922 55.416714980896103
v 23.674716441888901 38.208191603903131 69.219029640822413
v 22.054330825805661 32.285926818847663 116.1520881652832
v 22.054330825805661 35.672592163085938 116.1520881652832
v 23.450071269427941 51.030483105427827 83.576215717159883
v 22.054330825805661 39.059257507324219 116.1520881652832
v 27.825689307501179 38.313152040857098 71.514449996034386
v 23.006832122802731 54.658361759379943 64.981673240661621
v 23.006832122802731 61.51330963946446 67.201047901637168
v 24.27683258056641 56.415927886962891 52.950511275185256
v 23.006840083763901 40.760610330234627 82.795619841303193
v 23.006832122802731 50.065925598144531 51.244499136706153
v 23.01852230303378 53.650622326507218 51.454166198242618
v 23.006832122802731 54.299259185791023 51.800890187911548
v 23.006832122802731 54.299259185791023 57.313571798963203
v 24.27683258056641 52.182594299316413 52.001697374350101
v 23.282222747802731 38.098063662051281 31.773418426513668
v 23.53907203749473 54.299259185791023 107.6601662953084
v 24.27683258056641 52.182594299316413 85.746328607213187
v 23.006832122802731 56.115582259807937 81.051354704779385
v 23.006832122802731 46.9151684741678 109.6354043737243
v 23.006832122802731 58.109260559082031 70.475018721095196
v 23.006832122802731 50.065925598144531 93.136674619721049
v 23.006832122802731 56.415927886962891 40.781720599978257
v 23.862794115618911 38.205129337882667 67.564356518748852
v 24.27683258056641 58.532596588134773 84.003570690007024
v 23.006832122802731 36.375904703401133 109.0083389282227
v 22.213081359863281 37.073357395027728 72.729586090435973
v 23.006832122802731 39.482593536376953 75.266771903117842
v 23.64183235168457 63.321737173811798 111.0521649159837
v 23.006832122802731 52.182594299316413 49.593166736689909
v 23.006832122802731 40.71054711652512 108.2763610687574
v 23.557449631964008 50.065925598144531 107.64591650566921
v 22.403528361671022 39.028644158590502 74.208485251007716
v 23.64183235168457 34.697550154828953 110.7126394858542
v 27.869078063193651 59.906031711628152 71.658443092705994
v 23.006832122802731 54.299259185791023 60.038157655142982
v 23.006832122802731 56.415927886962891 102.5750589673862
v 23.64183235168457 62.031693779229158 110.9104153086364
v 18.244331359863281 58.274685773443359 100.360621540184
v 23.141378377704079 55.623955020005823 106.1373778060654
v 23.006832122802731 65.016773227225045 81.308815650736122
v 23.03272397436648 57.852597780919417 102.42535359643669
v 26.645299214661151 37.940024683525863 69.370461209383592
v 22.923222232632369 59.702388360104571 68.791671752929688
v 22.09026097980276 37.512903576920422 74.296365989288418
v 23.006832122802731 62.751055925923097 64.898054703300488
v 23.006832122802731 38.758535492805287 71.126875055180292
v 18.244331359863281 55.189004517070337 96.503607469267905
v 23.62683401121517 41.599258422851562 107.6041870294887
v 23.029548571816289 38.814993315663962 97.55071537908529
v 23.006832122802731 58.532596588134773 98.659311766503635
v 18.244331359863281 59.394615470848287 91.196829209801592
v 23.424625396728519 38.128571377189573 79.014755249023438
v 23.31026943379284 59.61642710875001 67.476211019945936
v 23.27128819804776 38.170247421206497 67.48987079512392
v 23.925193360217069 59.05794085776472 67.581940716722642
v 23.64183235168457 37.868224546365077 36.618335723876953
v 23.065338299242281 55.712668501398582 88.336425320436533
v 22.249997206120419 38.932993752129022 72.191882212205655
v 23.006832122802731 38.279023409234988 68.842678428329165
v 23.006832122802731 38.184315231041609 77.648499092564407
v 25.552628182976161 38.272585731383387 68.383295594463888
v 23.006832122802731 39.403846688465087 88.68526923456632
v 24.27683258056641 56.415927886962891 45.011903214418403
v 23.605357882451361 62.765926361083977 83.337194109730461
v 23.006832122802731 56.415927886962891 85.902238679559247
v 23.03429463442027 38.271360673366331 78.740494176078599
v 22.24151404867445 36.944558274653637 73.299116642716868
v 24.193508511252599 54.299259185791023 39.526823435941139
v 23.071818461078632 36.65510915154988 103.27352287433639
v 24.27683258056641 58.532596588134773 89.670978330479628
v 24.265831447336829 39.482593536376953 106.9423369142481
v 24.245891069878962 39.518691685594902 41.110100009683983
v 23.006832122802731 60.649261474609382 100.42995704131501
v 23.006832122802731 47.949260711669922 83.552348115812435
v 22.051326085717189 37.315233981753963 72.338689517898871
v 23.092180555573901 51.424337738262608 100.7672143891603
v 23.09618419803228 51.443351823599912 103.3460168926015
v 23.128225470921649 34.472636115163347 106.39659404348249
v 23.091490173787861 36.632158829903751 105.76752413099049
v 23.006832122802731 54.463144411075639 37.371369936938898
v 24.27683258056641 58.532596588134773 43.627349024780138
v 23.006832122802731 58.532596588134773 44.614427746284058
v 23.006832122802731 61.905515262462544 108.8690190275247
v 23.45672890454264 39.343506760545189 76.889113330807646
v 23.006832122802731 38.211448900063033 75.80000520217159
v 23.006832122802731 58.532596588134773 86.437685805806794
v 22.310365285756131 37.96967271484661 74.482269690005936
v 24.210872819325431 45.909545032258663 107.0463422553605
v 23.64183235168457 38.27857673606082 110.8018512274835
v 23.56726529549816 58.532596588134773 96.603940795389576
v 23.006832122802731 52.830105989904233 81.797072188472811
v 24.27683258056641 60.649261474609382 101.5290948647261
v 23.02754129361476 62.10676714600384 101.82126703544201
v 23.006832122802731 34.550673036855947 108.9500035804667
v 24.27683258056641 58.532596588134773 103.9816994676457
v 23.64183235168457 58.776092784640873 73.524439218715372
v 23.006832122802731 39.453848124611262 76.863750132723496
v 24.180582925422112 35.249259948730469 107.4960033469891
v 24.333049617374531 59.383294527853629 68.618030902708426
v 23.64183235168457 60.649261474609382 83.236905311827144
v 24.97823941047486 59.583576890602153 68.75994709244452
v 22.188806350648601 60.018592515428892 113.2416687011719
v 23.006832122802731 58.60522237397479 70.803912092794334
v 23.006832122802731 64.117440912923669 108.9678121351287
v 23.65560597512308 59.250809570894923 84.624669069156568
v 23.593099863894331 35.249259948730469 106.3603443713379
v 24.209249644599019 62.84477250831258 83.897162985958488
v 23.006832122802731 57.859621337502347 81.91976881869121
v 23.817204477760271 35.785492505240327 107.3276975440675
v 23.58884249369169 40.285248293311767 106.3234286680465
v 24.27683258056641 41.599258422851562 106.9891882705392
v 22.270329205645631 39.338388188658428 72.651294576152097
v 23.607485017041942 33.185219827030032 114.26406202495551
v 26.149925013428689 58.827220225505293 69.760752197716087
v 23.02647911053797 64.224679934171576 46.618908430809917
v 23.622741045905851 56.415927886962891 83.395046945060059
v 23.006832122802731 62.130928039550781 52.96745064607083
v 26.146404737226518 60.612695849330322 69.408556431541385
v 23.6418858694155 58.532590488630383 38.729883365026083
v 23.073345995123589 62.765926361083977 56.405719825069049
v 23.596723827284819 57.209387739050356 39.384908428430528
v 23.64183235168457 39.059257507324219 111.0913113182154
v 23.297833952584639 58.851924922637117 67.480060659677804
v 23.626041749139681 58.532596588134773 95.797456176005298
v 21.419330596923832 69.601699935997786 37.442030649851922
v 23.71065545015065 61.309801070957242 40.480950593367311
v 21.419330596923832 69.539260864257812 43.049639362909943
v 21.419330596923832 74.6192626953125 46.492961896314547
v 24.23110777720645 35.302605388120753 103.7728436589273
v 21.419330596923832 74.6192626953125 58.280188056044111
v 21.419330596923832 69.56929651179297 62.699317212374972
v 18.244331359863281 74.6192626953125 90.126315657320959
v 18.244331359863281 74.6192626953125 102.2646815549908
v 23.091891328456679 55.681689947578221 95.236299028315202
v 23.006832122802731 56.883025733476948 37.577844208945542
v 23.006832122802731 59.926550740721133 69.562254232552164
v 23.11762058734891 32.285926818847663 113.9813275337218
v 23.006832122802731 52.182594299316413 95.946106840033437
v 23.6414200284107 59.53078446399762 69.424718731260668
v 23.57580104271015 56.415927886962891 38.821921056808527
v 23.006832122802731 40.265061643896622 109.2163399904077
v 21.419330596923832 74.6192626953125 92.216884137588764
v 18.244331359863281 74.6192626953125 95.084705413601341
v 23.006832122802731 62.035578724707911 82.491363149957706
v 23.011069915505299 56.84587550163269 81.748449701183034
v 23.019545500910422 57.70577073097229 79.72201841507254
v 23.957153234167041 56.775876334005858 39.131174343988867
v 23.64183235168457 62.035858564164769 113.0068728989839
v 21.419330596923832 57.070614948177862 0
v 23.006832122802731 38.48816060284404 108.8528486334865
v 23.712530715539959 11.18673184690339 3.6059093895421062
v 23.006832122802731 57.113566138430151 36.66011072599904
v 24.45183202890718 9.6834798124477341 12.42920826523509
v 23.761077745607551 63.367643452616548 83.707823674661157
v 23.26172881599939 64.334651377192159 114.7121283737219
v 23.49489093859999 35.249259948730469 105.12504275992021
v 24.05228374983032 10.66898266769798 141.36057333386381
v 23.23679428862998 62.097534947612239 114.72699052669439
v 23.006832122802731 60.492701341426731 112.3390382776217
v 23.034376352567921 34.569223167238903 46.032365611602458
v 23.072237868883711 35.249259948730469 87.360876548736883
v 24.27683258056641 39.482593536376953 96.644164838978867
v 23.006832122802731 39.482593536376953 97.352090180632047
v 23.053428051150568 39.482593536376953 101.911087210997
v 23.841317103453321 56.924029052006119 83.015408032427644
v 27.187750715387271 59.586962154824988 71.59649968962853
v 23.086021998246039 38.75520348963547 98.804044292072049
v 23.838815946321549 63.276945365779987 83.142889138537512
v 24.26762511321003 39.493335577016637 93.036872715707233
v 23.006832122802731 39.482593536376953 93.64667911992926
v 23.006832122802731 35.249259948730469 105.6037361942534
v 24.194712905949039 56.424786294442178 39.004701763904229
v 23.034418707415611 34.569081214458038 51.685868647285439
v 23.671161255479792 61.355877649078778 84.265841458122807
v 23.406993061510349 33.31598228253479 114.59808548547829
v 23.023813775531771 39.482593536376953 42.414650130305077
v 23.006832122802731 37.365928649902337 52.660991094899501
v 25.985023861851509 58.323201029162512 69.417652205967855
v 25.878745603276819 59.467655680671633 69.472235357649367
v 23.666158339699429 61.361714426677473 39.355702067736622
v 23.021076136754392 62.051611474658777 40.134103373781002
v 23.65611773610491 60.649261474609382 38.944804498994912
v 27.117405298148 60.114814384191881 71.390849430500651
v 24.27683258056641 43.715927124023438 59.880729748687031
v 24.228133779240991 41.656073666685138 53.481040375075693
v 23.006832122802731 41.599258422851562 53.810879961264767
v 23.006832122802731 43.715927124023438 92.819437912243217
v 24.196746348919909 62.765926361083977 39.26242777953572
v 23.006832122802731 41.599258422851562 93.047832408112399
v 23.006832122802731 43.080924987792969 101.80108323586229
v 26.90150264410472 59.532415637918767 70.895208755622647
v 23.006832122802731 41.599258422851562 98.271779362493859
v 27.48574068612584 60.503156227817001 74.020313677847469
v 23.006832122802731 41.599258422851562 48.843995665601597
v 23.006832122802731 58.082755610312631 38.788967414839469
v 23.006832122802731 58.420482720816501 37.184074485459391
v 23.006832122802731 33.069195660441913 109.04151369947731
v 23.078321179830048 42.997521123716353 52.017196637751489
v 26.518682752997329 59.522501265590712 70.242459002909953
v 23.6414200284107 59.841653234612181 69.726256988987245
v 23.006832122802731 59.200383025049483 37.577064429477232
v 24.214742091401959 43.788365284508266 53.654079058820912
v 27.44805908203125 59.257768229311097 73.320175817879516
v 23.094701459732839 47.211744393009823 90.510034766381935
v 23.435120701789831 32.333466689186622 114.1468607204626
v 23.006832122802731 43.080924987792969 95.250684335026023
v 23.006832122802731 59.227519905964783 71.137910602833855
v 23.059796838891192 45.135801546709978 94.621378318350665
v 24.27683258056641 43.715927124023438 94.810920885398588
v 24.27683258056641 45.832592010498047 92.766057477466518
v 23.61281598608403 62.765926361083977 82.796500018352205
v 23.006832122802731 60.000389359366672 71.286094584382695
v 23.093825419646361 33.170525219145588 114.7708791037517
v 23.006832122802731 60.434826837202053 80.780528250105846
v 27.369524157803959 59.417380978588213 72.320553139209025
v 23.006832122802731 49.430927276611328 54.408868831399481
v 23.006832122802731 60.137285148374048 37.628458225741831
v 24.27683258056641 50.065925598144531 85.50648618745258
v 23.034831205015792 50.065925598144531 100.92972185506601
v 27.53397705509667 60.516429042532913 72.151480525182777
v 23.043221964176752 49.388472479892329 48.738401077380168
v 23.03159175004394 55.724795803124351 56.642805247012149
v 24.207636992478399 62.846654390201337 40.873834397650413
v 23.006832122802731 52.182594299316413 56.445110713844109
v 27.442517104025139 59.935439339110438 72.963640548522221
v 27.04797774843405 58.247063234771943 75.561011920350381
v 23.64183235168457 58.69798628260201 70.450482667256878
v 24.222698049514651 54.36241611158411 52.821907014132393
v 24.27683258056641 52.182594299316413 88.999465611896284
v 23.058898481950351 51.486851853410009 90.79135408703317
v 23.006939158264601 58.532584389125986 39.14809833405608
v 23.006832122802731 56.415927886962891 50.034148661864613
v 27.32917094705839 58.109352593425477 70.522393217351066
v 23.525789260864261 60.43695068359375 70.204542188119888
v 24.27683258056641 56.415927886962891 102.3808915426406
v 23.024663534091989 50.065925598144531 97.337803527002592
v 24.27683258056641 56.415927886962891 99.901699623895908
v 21.419330596923832 61.025491009050953 72.503302204318715
v 23.006832122802731 60.649261474609382 39.092386337899988
v 24.27683258056641 58.532596588134773 91.850592184219835
v 23.006832122802731 54.299259185791023 87.849042069972967
v 27.406135497067559 58.310451662212571 71.895075029752647
v 23.079652034134401 57.812637764223354 86.038644091086709
v 23.006832122802731 58.742808719406263 77.681671142578125
v 23.006832122802731 58.532596588134773 57.926496965034829
v 23.441915218940629 58.23580153194105 70.370574564722929
v 23.565991120085862 63.078992395806218 38.347253994003381
v 23.64183235168457 59.302382339338543 71.982057170316693
v 24.27683258056641 60.649261474609382 104.8951486822375
v 23.024650056354059 64.181449247851162 103.7452873321708
v 23.087858521579619 59.919732395066283 51.79345096367831
v 24.27683258056641 54.299259185791023 94.481994083279005
v 23.017715540801849 51.534898648694579 94.859009123419156
v 23.3772775779405 58.185712786352113 77.139743649932072
v 23.64183235168457 58.760681222473067 76.592637593980939
v 23.006832122802731 58.532596588134773 94.628513812717472
v 23.75536526331576 58.926735647086581 77.445233031899946
v 24.481052405220559 9.5632356210064398 3.795446203584647
v 24.594331741333011 8.4666681289672852 13.00109590507415
v 24.594331741333011 8.4666681289672852 131.6912883726001
v 21.887490916326531 60.514668665044439 72.665576294056535
v 23.006832122802731 58.109260559082031 73.696347065919028
v 23.006832122802731 35.249259948730469 46.543853057647127
v 23.24209601933488 60.627808093426729 72.977930544548187
v 24.191924228967391 37.365928649902337 100.85842762158531
v 23.477740179287501 58.269293548202377 72.747687689021262
v 23.006832122802731 37.365928649902337 103.8760245202246
v 23.006832122802731 60.556885953072893 72.949434344183047
v 22.985130999651179 60.445407406316797 73.77479619024399
v 22.654609280648721 60.563766952173197 73.621741051914313
v 23.006832122802731 60.64411944375 73.782736178783551
v 24.27683258056641 35.249259948730469 56.424247752547828
v 23.0613023136886 38.784043034993623 106.72632873779919
v 23.006832122802731 38.847591400146477 45.894391008165442
v 24.247873715972119 37.399713890448069 50.687810907083453
v 23.006832122802731 38.847591400146477 89.560885487741146
v 24.26882745761278 37.365928649902337 92.600006641397343
v 23.006832122802731 43.715927124023438 58.364988274983951
v 23.07490616137779 43.001505310201047 89.89595057523006
v 23.006832122802731 43.715927124023438 101.70060282359699
v 23.006832122802731 43.715927124023438 43.979969472949719
v 24.207894261079328 41.679686427741508 49.953832924581647
v 24.27683258056641 43.715927124023438 47.907851963451733
v 23.006832122802731 43.715927124023438 49.040319609121227
v 23.006980079079799 47.949260711669922 51.825407718105922
v 24.27683258056641 47.949260711669922 53.421254784902438
v 23.006832122802731 47.949260711669922 56.739685801950053
v 23.006832122802731 43.715927124023438 53.99963277583538
v 23.006832122802731 43.715927124023438 94.889473460629119
v 23.006832122802731 47.314258575439453 94.77747002095154
v 23.03440240453649 47.269137384745157 100.6528478295476
v 23.006832122802731 52.182594299316413 101.90023191055749
v 23.006832122802731 56.415927886962891 54.477696465134038
v 23.088955336073241 55.685115274207902 103.7518011328213
v 24.27683258056641 58.532596588134773 96.293346992936407
v 23.098941456383489 57.790133144719483 89.559014768377935
v 23.006832122802731 56.415927886962891 88.872399920528807
v 23.081872157820651 59.926716483121531 91.085859433867299
v 23.021799252077869 50.065925598144531 95.046148252854763
v 24.216940015078759 52.252469356025557 94.062066399958468
v 23.006832122802731 54.299259185791023 93.510025905689176
v 23.034387998033079 59.969061446700721 45.202893752599081
v 23.006832122802731 60.014263153076172 56.415111436957773
v 24.27683258056641 60.649261474609382 86.779174484380647
v 23.04326317615012 62.765926361083977 52.285090570961223
v 23.006832122802731 60.649261474609382 55.459937048982169
v 23.006832122802731 60.649261474609382 95.828930794840701
v 23.006832122802731 54.299259185791023 98.57445769336212
v 23.056827961154791 53.605931644078382 95.434709090480141
v 24.1950122547277 50.065925598144531 96.266109854114887
v 23.006832122802731 57.897594451904297 93.536226570399194
v 24.204440173173971 10.36949328712995 5.8045177136307666
v 23.08285271598519 36.64223585968282 96.197352733758862
v 23.013120470889671 38.840255016081407 57.213498999196993
v 24.268417736709441 35.259077190437353 99.988901632639624
v 23.006832122802731 38.847591400146477 93.667472843830964
v 24.27683258056641 41.599258422851562 93.771755199266664
v 23.006832122802731 47.949260711669922 48.036685629314363
v 23.006832122802731 49.636084749112911 97.581246656771356
v 23.006832122802731 55.780925750732422 51.928327268629538
v 24.255733277395041 50.065925598144531 93.542188665615384
v 23.037740063959951 55.692079606901707 46.012335257852477
v 23.006832122802731 54.299259185791023 104.29100069426541
v 24.27055720639304 58.532596588134773 100.3565836522377
v 23.095429824522618 59.91089921208976 99.243363894480737
v 24.23013150702247 52.182594299316413 97.318415010552584
v 24.27683258056641 60.649261474609382 96.357606973186108
v 23.006832122802731 56.415927886962891 91.84805814130354
v 24.27683258056641 56.415927886962891 91.145588055545986
v 24.27683258056641 56.415927886962891 86.343441257511387
v 24.245678348556659 58.56894317654983 55.280697529375487
v 23.006832122802731 58.532596588134773 52.632660529247417
v 24.208540976414842 60.728934018225438 52.251989648684777
v 23.021086227749979 64.224879519801675 51.685868647285439
v 23.006832122802731 60.649261474609382 51.864787056551009
v 24.27683258056641 58.532596588134773 51.501751641479103
v 23.006832122802731 56.415927886962891 96.159879255685823
v 24.211935596612271 60.724973451634654 94.352604135389498
v 23.047646950961969 38.799974243655328 50.854987305383233
v 23.068124796066321 53.592752776134397 58.344828110314673
v 23.044659246612099 49.386795651103952 95.516223621917376
v 24.27683258056641 58.532596588134773 47.417850750317847
v 23.070772699614938 58.532596588134773 48.571477007768429
v 23.03335225900047 62.085839612413317 95.386655754917768
v 23.006832122802731 51.791058864359677 97.311145191552953
v 24.230363847355719 54.3534722874832 101.2749597457574
v 23.034394806409889 59.969101168944228 95.288130780214573
v 24.27683258056641 54.299259185791023 87.852884287118499
v 24.260410608189389 58.551755547686852 94.27078495617539
v 23.006832122802731 57.888685341144033 95.191296465404179
v 23.006832122802731 58.34418019255375 95.552262580091536
v 23.143685977769071 58.532596588134773 95.221267735362716
v 21.419330596923832 16.410857342554749 21.987113483641199
v 21.419330596923832 15.41117327207164 132.51243462827571
v 21.419330596923832 52.371595564774623 131.46844251051181
v 21.419330596923832 49.26172260211667 73.474172494254518
v 21.419330596923832 27.742835539686411 17.125593432489641
v 18.244331359863281 40.364837653346932 126.98090961363479
v 18.244331359863281 30.564702259830209 49.034106688136802
v 24.261085353017869 35.26763166154668 106.63070357390001
v 23.006832122802731 30.894149690348272 100.4937206525385
v 21.419330596923832 25.340406886058769 43.196770369884142
v 21.419330596923832 24.914967413643549 99.213808015704288
v 23.006832122802731 47.949260711669922 91.8037015244049
v 24.103172968252739 35.249259948730469 104.6884822532384
v 23.006832122802731 39.164213696992427 91.330463806378432
v 24.27683258056641 39.482593536376953 61.109614665915593
v 22.424780974776361 12.27517124337232 0.8108324317543425
v 23.010951927150099 64.356617741946977 58.094229594670907
v 23.12684223130897 51.377431651504722 97.002900376084597
f 1 2 932 
f 1330 2 1 
f 932 30 1 
f 1 30 1613 
f 1613 1330 1 
f 2 894 932 
f 1133 894 2 
f 1330 1133 2 
f 3 1201 1286 
f 1872 1201 3 
f 1328 1203 3 
f 3 1203 1872 
f 3 1286 1328 
f 4 1203 1329 
f 1872 1203 4 
f 4 1329 1347 
f 4 1347 1789 
f 4 1789 1872 
f 5 12 2736 
f 3851 12 5 
f 965 26 5 
f 5 26 3851 
f 1734 965 5 
f 1861 1734 5 
f 2736 1861 5 
f 1838 9 6 
f 6 9 3857 
f 6 1325 1838 
f 3857 1325 6 
f 2316 10 7 
f 7 10 2355 
f 2128 1557 7 
f 7 1557 2316 
f 2139 2128 7 
f 2355 2139 7 
f 8 11 35 
f 2726 11 8 
f 35 29 8 
f 8 29 2379 
f 8 1049 1823 
f 2379 1049 8 
f 8 1823 2726 
f 1838 13 9 
f 9 13 3855 
f 3855 3854 9 
f 9 3854 3857 
f 10 15 2355 
f 3678 15 10 
f 10 2316 3678 
f 11 14 2042 
f 2725 14 11 
f 2042 35 11 
f 2726 2725 11 
f 12 16 2352 
f 3672 16 12 
f 12 2352 2736 
f 3851 3672 12 
f 1838 17 13 
f 13 17 3858 
f 3858 3855 13 
f 14 19 1877 
f 2725 19 14 
f 14 1877 2042 
f 2320 18 15 
f 15 18 2355 
f 15 1122 2320 
f 3678 1122 15 
f 16 20 2352 
f 3719 20 16 
f 16 3672 3719 
f 1838 1666 17 
f 17 1666 2111 
f 17 2111 3858 
f 2255 2183 18 
f 18 2183 3582 
f 2273 2255 18 
f 2320 2273 18 
f 3582 2355 18 
f 2725 21 19 
f 19 21 2831 
f 2831 1877 19 
f 1847 22 20 
f 20 22 2720 
f 3719 1847 20 
f 2720 2352 20 
f 2724 23 21 
f 21 23 2798 
f 2725 2724 21 
f 21 2798 2831 
f 1658 24 22 
f 22 24 2720 
f 2083 1658 22 
f 22 1847 2083 
f 23 25 2149 
f 2724 25 23 
f 23 2149 2798 
f 1534 30 24 
f 24 30 2717 
f 1658 1534 24 
f 24 2717 2720 
f 25 32 57 
f 2724 32 25 
f 25 57 2149 
f 1704 36 26 
f 26 36 3851 
f 26 965 1700 
f 26 1700 1945 
f 1945 1704 26 
f 27 33 2681 
f 3854 33 27 
f 2681 1560 27 
f 27 1560 3857 
f 3857 3854 27 
f 1021 34 28 
f 28 34 2316 
f 2219 1021 28 
f 28 1557 2219 
f 2316 1557 28 
f 29 35 38 
f 29 38 2940 
f 29 1891 2090 
f 2277 1891 29 
f 29 2090 2379 
f 2940 2277 29 
f 30 932 2717 
f 1534 1045 30 
f 30 1045 1613 
f 31 877 1117 
f 1563 877 31 
f 31 1117 1286 
f 1286 1201 31 
f 31 1201 2719 
f 1823 1563 31 
f 2726 1823 31 
f 2719 2484 31 
f 31 2484 2726 
f 1118 57 32 
f 1347 1118 32 
f 1789 1347 32 
f 1872 1789 32 
f 2719 1872 32 
f 2724 2719 32 
f 33 37 2681 
f 3854 37 33 
f 34 39 1122 
f 2323 39 34 
f 34 1021 2323 
f 34 1122 2316 
f 2042 38 35 
f 1704 40 36 
f 36 40 3672 
f 36 3672 3851 
f 37 49 2681 
f 3881 49 37 
f 37 3854 3855 
f 37 3855 3881 
f 1877 51 38 
f 38 51 2832 
f 2042 1877 38 
f 2832 2262 38 
f 38 2262 2940 
f 39 50 2320 
f 2323 50 39 
f 2320 1122 39 
f 2475 52 40 
f 40 52 3719 
f 40 1704 2679 
f 2679 2475 40 
f 3719 3672 40 
f 59 42 41 
f 41 42 1972 
f 80 59 41 
f 2050 80 41 
f 41 1972 2050 
f 42 59 1317 
f 42 1317 1972 
f 62 44 43 
f 43 44 2047 
f 973 62 43 
f 2010 973 43 
f 2047 2010 43 
f 44 62 83 
f 44 83 1014 
f 44 1014 2047 
f 45 46 1330 
f 3764 46 45 
f 45 151 1119 
f 1417 151 45 
f 45 1119 3764 
f 45 1330 1417 
f 46 76 1115 
f 3107 76 46 
f 46 869 3107 
f 3764 869 46 
f 46 1115 1133 
f 46 1133 1330 
f 47 48 1329 
f 3119 48 47 
f 1117 79 47 
f 47 79 1994 
f 1328 1117 47 
f 1329 1328 47 
f 1994 1989 47 
f 47 1989 3119 
f 48 154 1215 
f 1984 154 48 
f 48 1215 1329 
f 3119 1984 48 
f 2111 1702 49 
f 49 1702 2251 
f 3858 2111 49 
f 49 2251 2681 
f 3881 3858 49 
f 1079 1052 50 
f 50 1052 2273 
f 2323 1079 50 
f 50 2273 2320 
f 2831 53 51 
f 51 53 2832 
f 51 1877 2831 
f 52 54 1847 
f 2475 54 52 
f 52 1847 3719 
f 53 55 2656 
f 2798 55 53 
f 53 2656 2908 
f 2831 2798 53 
f 2908 2832 53 
f 54 56 1658 
f 1952 56 54 
f 54 1658 2083 
f 2083 1847 54 
f 2475 1952 54 
f 2149 57 55 
f 55 57 2656 
f 2798 2149 55 
f 56 58 1534 
f 2155 58 56 
f 56 1534 1658 
f 56 1952 2155 
f 57 1118 1204 
f 57 1204 1333 
f 57 1333 2656 
f 1232 1045 58 
f 58 1045 1534 
f 58 1108 1232 
f 2155 1108 58 
f 59 80 881 
f 59 881 1239 
f 1239 975 59 
f 59 975 2002 
f 2002 1317 59 
f 60 63 975 
f 1258 63 60 
f 1239 81 60 
f 60 81 1258 
f 60 975 1239 
f 61 82 1238 
f 1260 82 61 
f 1238 1161 61 
f 61 1161 1260 
f 2006 83 62 
f 62 973 1399 
f 1399 1238 62 
f 62 1238 2006 
f 1258 85 63 
f 63 85 1632 
f 1149 975 63 
f 1402 1149 63 
f 1261 1251 63 
f 63 1251 1402 
f 1632 1261 63 
f 64 86 933 
f 1632 86 64 
f 64 933 993 
f 64 993 1261 
f 64 1261 1632 
f 1101 87 65 
f 65 87 1633 
f 1065 1046 65 
f 65 1046 1101 
f 1633 1065 65 
f 66 88 1166 
f 1634 88 66 
f 1260 1161 66 
f 66 1161 1406 
f 66 1166 1260 
f 66 1359 1633 
f 1808 1359 66 
f 66 1406 1808 
f 66 1633 1634 
f 67 69 1883 
f 3366 69 67 
f 1309 933 67 
f 67 933 1782 
f 1883 1309 67 
f 67 1782 3366 
f 2235 70 68 
f 68 70 3408 
f 68 1046 1387 
f 3212 1046 68 
f 68 1387 2235 
f 3532 3212 68 
f 68 3408 3532 
f 69 71 1885 
f 3341 71 69 
f 1885 1883 69 
f 3366 3341 69 
f 1033 72 70 
f 70 72 3418 
f 2235 1033 70 
f 3418 3408 70 
f 71 73 2280 
f 3555 73 71 
f 2280 1885 71 
f 71 3341 3473 
f 71 3473 3555 
f 1033 74 72 
f 72 74 3410 
f 72 3410 3418 
f 73 75 2280 
f 3475 75 73 
f 3555 3475 73 
f 74 1033 1415 
f 1415 1302 74 
f 74 1302 2295 
f 74 2295 3451 
f 3451 3410 74 
f 1326 999 75 
f 75 999 2280 
f 75 1141 1326 
f 3475 1141 75 
f 76 863 875 
f 1979 863 76 
f 76 875 1115 
f 3107 1979 76 
f 1312 152 77 
f 77 152 1995 
f 77 1095 1280 
f 1357 1095 77 
f 1280 1237 77 
f 77 1237 1312 
f 1995 1357 77 
f 78 153 1311 
f 1996 153 78 
f 1096 898 78 
f 78 898 1996 
f 1358 1096 78 
f 78 1311 1407 
f 1489 1358 78 
f 78 1407 1489 
f 877 864 79 
f 79 864 886 
f 1117 877 79 
f 79 886 1994 
f 899 881 80 
f 1630 899 80 
f 2050 1630 80 
f 81 881 885 
f 1239 881 81 
f 81 885 1258 
f 1185 888 82 
f 82 888 1238 
f 1257 1185 82 
f 1260 1257 82 
f 1323 1014 83 
f 2006 1323 83 
f 84 90 173 
f 1338 90 84 
f 84 173 575 
f 84 575 661 
f 84 661 739 
f 84 739 755 
f 84 755 2709 
f 2050 1338 84 
f 84 1630 2050 
f 2340 1630 84 
f 3078 2340 84 
f 84 2709 3078 
f 740 662 85 
f 85 662 2309 
f 756 740 85 
f 1392 756 85 
f 85 1258 1392 
f 2955 1632 85 
f 85 2309 2955 
f 86 928 933 
f 2310 928 86 
f 86 1632 2310 
f 87 1101 1173 
f 87 1173 1634 
f 1634 1633 87 
f 88 757 2557 
f 2718 757 88 
f 1502 1166 88 
f 2196 1502 88 
f 88 1634 2218 
f 2917 2196 88 
f 88 2218 2307 
f 88 2307 2718 
f 88 2557 2917 
f 176 92 89 
f 89 92 1463 
f 577 176 89 
f 664 577 89 
f 742 664 89 
f 758 742 89 
f 2049 758 89 
f 89 1014 1323 
f 1463 1014 89 
f 89 1323 1395 
f 89 1395 2049 
f 4318 173 90 
f 1338 884 90 
f 90 884 2070 
f 2070 1391 90 
f 90 1391 4318 
f 91 155 1894 
f 2309 155 91 
f 1890 1433 91 
f 91 1433 2309 
f 2435 1890 91 
f 91 1894 2435 
f 92 176 3150 
f 92 1020 1430 
f 2068 1020 92 
f 92 1430 1463 
f 92 1786 2068 
f 3150 1786 92 
f 1884 95 93 
f 93 95 3366 
f 1782 1764 93 
f 93 1764 1884 
f 3366 1782 93 
f 94 96 902 
f 3212 96 94 
f 94 902 1674 
f 1101 1046 94 
f 94 1046 3212 
f 1674 1101 94 
f 1884 98 95 
f 95 98 3473 
f 95 3341 3366 
f 3473 3341 95 
f 96 97 2974 
f 3408 97 96 
f 2974 902 96 
f 96 3212 3532 
f 3532 3408 96 
f 97 100 2974 
f 3418 100 97 
f 97 3408 3418 
f 2517 99 98 
f 98 99 3473 
f 98 1884 2403 
f 98 2403 2517 
f 3545 101 99 
f 99 101 3555 
f 99 2517 3545 
f 3555 3473 99 
f 100 102 1022 
f 3410 102 100 
f 100 1022 2974 
f 3418 3410 100 
f 101 1127 1141 
f 1687 1127 101 
f 101 1141 3475 
f 101 1585 1687 
f 3545 1585 101 
f 101 3475 3555 
f 1946 1022 102 
f 3175 1946 102 
f 102 2295 3175 
f 3451 2295 102 
f 102 3410 3451 
f 103 183 2043 
f 3279 183 103 
f 2043 1145 103 
f 103 1145 2864 
f 103 2212 2306 
f 2864 2212 103 
f 103 2306 3279 
f 104 184 1794 
f 2076 184 104 
f 104 1377 2076 
f 2077 1377 104 
f 1794 1531 104 
f 104 1531 2084 
f 2084 2077 104 
f 105 185 1348 
f 1980 185 105 
f 105 1348 3159 
f 105 1531 1980 
f 2084 1531 105 
f 2088 2084 105 
f 3159 2088 105 
f 3173 186 106 
f 106 186 3276 
f 2151 2018 106 
f 106 2018 3173 
f 106 2107 2996 
f 3276 2107 106 
f 2996 2151 106 
f 107 157 158 
f 3223 157 107 
f 107 158 3277 
f 2608 2101 107 
f 107 2101 3223 
f 107 2212 2436 
f 3277 2212 107 
f 107 2436 2608 
f 108 158 188 
f 3277 158 108 
f 108 188 3279 
f 3279 2306 108 
f 108 2306 3620 
f 3620 3277 108 
f 109 159 3274 
f 4087 159 109 
f 109 187 191 
f 3276 187 109 
f 109 191 4087 
f 109 3274 3632 
f 3632 3276 109 
f 110 160 3520 
f 3951 160 110 
f 2121 2000 110 
f 110 2000 2163 
f 2163 2107 110 
f 110 2107 3274 
f 3520 2121 110 
f 110 3274 3951 
f 3300 112 111 
f 111 112 4017 
f 111 113 3727 
f 3804 113 111 
f 3727 3300 111 
f 4017 3804 111 
f 3300 114 112 
f 112 114 3976 
f 112 3976 4017 
f 113 117 2912 
f 3994 117 113 
f 113 2912 3727 
f 113 3804 3994 
f 2967 115 114 
f 114 115 4025 
f 3300 2967 114 
f 4025 3976 114 
f 3278 116 115 
f 115 116 3798 
f 115 2967 3278 
f 115 3798 4025 
f 3278 118 116 
f 116 118 3373 
f 116 3373 3798 
f 117 119 2928 
f 3943 119 117 
f 3085 2912 117 
f 117 2928 3085 
f 4037 3943 117 
f 117 3994 4037 
f 2343 120 118 
f 118 120 4008 
f 3278 2343 118 
f 4008 3373 118 
f 119 125 2013 
f 3286 125 119 
f 119 2013 2928 
f 3982 3286 119 
f 119 3943 3982 
f 2759 126 120 
f 120 126 4062 
f 120 2343 2759 
f 4062 4008 120 
f 2220 161 121 
f 121 161 3227 
f 2703 2220 121 
f 121 2416 2459 
f 3220 2416 121 
f 121 2459 2703 
f 3227 3220 121 
f 253 162 122 
f 122 162 2220 
f 2510 253 122 
f 2220 1866 122 
f 122 1866 2510 
f 123 163 256 
f 3272 163 123 
f 123 256 2085 
f 1721 1058 123 
f 123 1058 3272 
f 2085 1721 123 
f 124 164 3272 
f 3507 164 124 
f 124 1856 3116 
f 3768 1856 124 
f 124 3116 3507 
f 124 3272 3768 
f 125 126 2759 
f 3292 126 125 
f 2759 2013 125 
f 125 3286 3292 
f 126 3292 4062 
f 127 128 1037 
f 3693 128 127 
f 2127 129 127 
f 127 129 3700 
f 127 1037 2127 
f 3700 3693 127 
f 128 130 1094 
f 3674 130 128 
f 1094 1037 128 
f 128 3671 3674 
f 3693 3671 128 
f 2933 131 129 
f 129 131 3661 
f 129 2127 2933 
f 129 3661 3700 
f 130 133 1111 
f 3687 133 130 
f 1111 1094 130 
f 130 3674 3687 
f 3552 132 131 
f 131 132 3665 
f 131 2933 3552 
f 3665 3661 131 
f 3640 136 132 
f 132 136 3680 
f 132 3552 3640 
f 3680 3665 132 
f 133 134 1116 
f 2360 134 133 
f 1116 1111 133 
f 3687 2360 133 
f 134 135 1116 
f 2363 135 134 
f 134 2360 2363 
f 135 137 1605 
f 3677 137 135 
f 1593 1116 135 
f 1605 1593 135 
f 135 2363 3677 
f 4188 138 136 
f 136 138 4211 
f 136 3640 4188 
f 3683 3680 136 
f 4211 3683 136 
f 137 138 1605 
f 3689 138 137 
f 137 3677 3689 
f 4188 1605 138 
f 3689 3679 138 
f 138 3679 4211 
f 139 165 166 
f 1745 165 139 
f 139 166 2217 
f 2217 1011 139 
f 139 1011 2500 
f 139 1739 1745 
f 2891 1739 139 
f 139 2500 2891 
f 140 166 451 
f 2217 166 140 
f 140 451 2172 
f 140 2172 2217 
f 454 167 141 
f 141 167 3273 
f 4052 454 141 
f 141 3273 3731 
f 3731 3344 141 
f 141 3344 4052 
f 3273 168 142 
f 142 168 3515 
f 142 2632 2668 
f 2793 2632 142 
f 142 2668 3763 
f 3515 2793 142 
f 3763 3273 142 
f 170 169 143 
f 143 169 1745 
f 2221 170 143 
f 1745 1739 143 
f 143 1739 2404 
f 3006 2221 143 
f 143 2404 2677 
f 143 2677 3006 
f 144 147 481 
f 2221 147 144 
f 481 170 144 
f 144 170 2221 
f 484 150 145 
f 145 150 3027 
f 145 171 484 
f 3275 171 145 
f 145 3027 3275 
f 172 171 146 
f 146 171 3275 
f 3516 172 146 
f 3315 2655 146 
f 146 2655 3516 
f 3275 3027 146 
f 146 3027 3305 
f 146 3305 3419 
f 3419 3315 146 
f 485 481 147 
f 2469 485 147 
f 147 1376 1729 
f 3006 1376 147 
f 147 1729 4075 
f 147 2221 3006 
f 4075 2469 147 
f 1998 486 148 
f 148 486 2148 
f 1532 1067 148 
f 148 1067 1998 
f 2148 1171 148 
f 148 1171 2150 
f 148 1453 1532 
f 2150 1453 148 
f 149 487 1076 
f 1803 487 149 
f 1076 1067 149 
f 149 1067 1532 
f 149 1284 1803 
f 2158 1284 149 
f 149 1532 2158 
f 150 484 488 
f 150 488 3210 
f 150 1881 2715 
f 3210 1881 150 
f 2715 1909 150 
f 150 1909 3027 
f 151 891 1982 
f 2027 891 151 
f 1982 1119 151 
f 1417 1183 151 
f 151 1183 2027 
f 1756 1172 152 
f 152 1172 1995 
f 152 1312 1376 
f 152 1376 3006 
f 3006 1756 152 
f 153 1054 1311 
f 1909 1054 153 
f 1996 1572 153 
f 153 1572 2290 
f 2290 1909 153 
f 154 1075 1339 
f 2029 1075 154 
f 1339 1215 154 
f 154 1984 1987 
f 154 1987 2029 
f 155 174 2164 
f 2309 174 155 
f 2333 1894 155 
f 155 2164 2333 
f 156 175 2307 
f 2983 175 156 
f 156 2307 3149 
f 3149 2983 156 
f 2234 158 157 
f 157 1747 2234 
f 3223 1747 157 
f 158 177 188 
f 3218 177 158 
f 158 2234 3218 
f 4087 491 159 
f 159 491 4163 
f 3951 3274 159 
f 159 3517 3951 
f 4163 3517 159 
f 160 3231 3518 
f 3951 3231 160 
f 160 3518 3520 
f 161 2220 2374 
f 2374 2237 161 
f 161 2237 3227 
f 253 178 162 
f 162 178 3299 
f 2374 2220 162 
f 3226 2374 162 
f 3299 3226 162 
f 163 179 256 
f 3512 179 163 
f 163 3230 3512 
f 3954 3230 163 
f 163 3272 3954 
f 3509 3230 164 
f 164 3230 3954 
f 3954 3272 164 
f 164 3507 3509 
f 3232 166 165 
f 165 1745 3232 
f 166 180 451 
f 3526 180 166 
f 166 3232 3510 
f 166 3510 3526 
f 167 454 492 
f 167 492 4108 
f 167 2980 3273 
f 3502 2980 167 
f 4108 3502 167 
f 168 2980 3262 
f 3273 2980 168 
f 168 3262 3536 
f 3536 3515 168 
f 169 170 3233 
f 3233 1745 169 
f 481 181 170 
f 170 181 3496 
f 3514 3233 170 
f 170 3496 3514 
f 171 172 3176 
f 171 182 484 
f 3524 182 171 
f 171 3176 3524 
f 3485 3176 172 
f 3516 3485 172 
f 4101 575 173 
f 173 2269 4101 
f 4318 2269 173 
f 2309 576 174 
f 174 576 3128 
f 3128 2164 174 
f 2718 2307 175 
f 3136 2718 175 
f 175 2983 3182 
f 3623 3136 175 
f 175 3182 3623 
f 176 577 3776 
f 3776 3150 176 
f 546 188 177 
f 3130 546 177 
f 3218 3130 177 
f 178 253 547 
f 178 547 3965 
f 3965 3299 178 
f 569 256 179 
f 3480 569 179 
f 3512 3480 179 
f 548 451 180 
f 3526 548 180 
f 181 481 549 
f 181 549 3496 
f 571 484 182 
f 3503 571 182 
f 3524 3503 182 
f 2574 2043 183 
f 183 2503 2574 
f 3279 2503 183 
f 184 1683 1794 
f 1870 1683 184 
f 2076 1870 184 
f 1871 1348 185 
f 185 1708 1871 
f 1980 1708 185 
f 2504 187 186 
f 186 187 3276 
f 186 1643 2504 
f 3173 1643 186 
f 3513 191 187 
f 187 2504 3513 
f 188 546 583 
f 188 583 2215 
f 188 2215 3217 
f 3217 2503 188 
f 188 2503 3279 
f 2376 192 189 
f 189 192 2384 
f 189 644 2376 
f 3217 644 189 
f 189 2384 2977 
f 2977 2503 189 
f 189 2503 3217 
f 190 645 3143 
f 3557 645 190 
f 3204 1515 190 
f 190 1515 4147 
f 190 3143 3513 
f 3513 3204 190 
f 4147 3557 190 
f 3241 588 191 
f 191 588 4087 
f 3513 3241 191 
f 192 198 597 
f 2683 198 192 
f 192 597 678 
f 192 678 2627 
f 192 1793 2384 
f 3213 1793 192 
f 192 2376 2683 
f 192 2627 3213 
f 598 196 193 
f 193 196 3874 
f 679 598 193 
f 2204 679 193 
f 1870 1497 193 
f 193 1497 2204 
f 3874 1870 193 
f 194 197 599 
f 2532 197 194 
f 194 599 680 
f 194 680 3538 
f 194 1523 2972 
f 3135 1523 194 
f 2972 2532 194 
f 3538 3135 194 
f 681 600 195 
f 195 600 2206 
f 3653 681 195 
f 195 1515 2524 
f 4147 1515 195 
f 195 2206 4147 
f 195 2524 3197 
f 195 3197 3653 
f 507 202 196 
f 196 202 2440 
f 598 507 196 
f 196 2440 3702 
f 196 3702 3874 
f 212 201 197 
f 197 201 508 
f 3124 212 197 
f 197 508 599 
f 197 2532 3124 
f 198 200 506 
f 2683 200 198 
f 198 506 597 
f 1073 213 199 
f 199 213 4044 
f 1080 1073 199 
f 2206 1080 199 
f 4044 2206 199 
f 210 203 200 
f 200 203 506 
f 2683 210 200 
f 201 205 508 
f 3470 205 201 
f 201 212 3470 
f 507 204 202 
f 202 204 2560 
f 2560 2440 202 
f 203 210 3190 
f 2898 506 203 
f 3190 1086 203 
f 203 1086 3329 
f 3329 2898 203 
f 204 507 3228 
f 204 1092 2560 
f 2566 1092 204 
f 204 1707 2566 
f 3228 1707 204 
f 2731 508 205 
f 205 2450 2731 
f 2882 2450 205 
f 3174 2882 205 
f 3470 3174 205 
f 2376 2313 206 
f 206 2313 2507 
f 2683 2376 206 
f 206 2507 2959 
f 3161 2683 206 
f 206 2959 3161 
f 207 934 1683 
f 2962 934 207 
f 207 1683 2523 
f 2523 2512 207 
f 207 2512 3575 
f 3575 2962 207 
f 1182 227 208 
f 208 227 2267 
f 208 938 1182 
f 1708 938 208 
f 2750 1708 208 
f 208 2267 3043 
f 3043 2750 208 
f 209 213 216 
f 4044 213 209 
f 209 216 3975 
f 3422 1983 209 
f 209 1983 3508 
f 3975 3422 209 
f 209 3508 3557 
f 209 3557 4044 
f 210 217 601 
f 3161 217 210 
f 210 601 682 
f 210 682 3381 
f 210 2683 3161 
f 3381 3190 210 
f 602 214 211 
f 211 214 2875 
f 683 602 211 
f 3842 683 211 
f 2560 1092 211 
f 211 1092 3842 
f 211 2440 2560 
f 3702 2440 211 
f 211 2875 3867 
f 3867 3702 211 
f 212 215 684 
f 3167 215 212 
f 212 684 1276 
f 212 1276 3470 
f 212 3124 3167 
f 604 216 213 
f 685 604 213 
f 4048 685 213 
f 213 1073 1105 
f 213 1105 4048 
f 509 219 214 
f 214 219 3898 
f 602 509 214 
f 3898 2875 214 
f 215 218 603 
f 3167 218 215 
f 215 603 684 
f 216 220 235 
f 510 220 216 
f 216 235 3975 
f 604 510 216 
f 232 221 217 
f 217 221 601 
f 3531 232 217 
f 217 3161 3531 
f 234 223 218 
f 218 223 2903 
f 3167 234 218 
f 2903 603 218 
f 219 222 233 
f 509 222 219 
f 219 233 3898 
f 220 224 235 
f 510 224 220 
f 221 232 1151 
f 3090 601 221 
f 221 1151 2834 
f 221 2834 3599 
f 3599 3090 221 
f 2291 233 222 
f 222 509 2825 
f 3550 2291 222 
f 2825 2712 222 
f 222 2712 3550 
f 223 234 2327 
f 2327 1537 223 
f 223 1537 3349 
f 3349 2903 223 
f 1147 235 224 
f 224 510 3749 
f 4029 1147 224 
f 224 3749 4029 
f 225 489 542 
f 3575 489 225 
f 542 495 225 
f 225 495 2556 
f 225 2097 2962 
f 4009 2097 225 
f 225 2556 3386 
f 225 2962 3575 
f 225 3386 4009 
f 226 229 1126 
f 4017 229 226 
f 955 230 226 
f 226 230 3804 
f 1160 955 226 
f 226 1126 3365 
f 3365 1160 226 
f 226 3804 4017 
f 572 228 227 
f 227 228 2267 
f 227 496 2177 
f 2870 496 227 
f 2177 572 227 
f 227 1182 1535 
f 227 1535 2665 
f 2665 2455 227 
f 227 2455 2870 
f 572 554 228 
f 228 554 2591 
f 228 1846 1886 
f 2591 1846 228 
f 228 1886 2267 
f 229 231 957 
f 3976 231 229 
f 229 957 1126 
f 4017 3976 229 
f 955 240 230 
f 230 240 4037 
f 3994 3804 230 
f 4037 3994 230 
f 231 241 957 
f 3798 241 231 
f 4025 3798 231 
f 231 3976 4025 
f 232 236 686 
f 2815 236 232 
f 232 686 3306 
f 3306 1151 232 
f 3531 2815 232 
f 561 237 233 
f 233 237 2740 
f 687 561 233 
f 2291 687 233 
f 233 2740 2875 
f 233 2875 3898 
f 234 238 605 
f 2950 238 234 
f 234 605 688 
f 234 688 2327 
f 3167 2950 234 
f 689 239 235 
f 235 239 4100 
f 3740 689 235 
f 235 1147 3740 
f 235 3422 3975 
f 4100 3422 235 
f 236 243 552 
f 3013 243 236 
f 236 552 686 
f 236 2815 3013 
f 237 242 261 
f 561 242 237 
f 237 261 2708 
f 237 2708 2740 
f 265 244 238 
f 238 244 605 
f 2771 265 238 
f 2950 2771 238 
f 512 245 239 
f 239 245 4100 
f 689 512 239 
f 3905 247 240 
f 240 247 3943 
f 240 955 4035 
f 4035 3905 240 
f 240 3943 4037 
f 3373 246 241 
f 241 246 3996 
f 2753 957 241 
f 3996 2753 241 
f 3798 3373 241 
f 242 249 261 
f 511 249 242 
f 561 511 242 
f 243 248 552 
f 1367 248 243 
f 243 260 1367 
f 3013 260 243 
f 265 250 244 
f 244 250 605 
f 245 266 4100 
f 4223 266 245 
f 245 512 4223 
f 246 252 960 
f 4008 252 246 
f 246 960 3996 
f 246 3373 4008 
f 2849 251 247 
f 247 251 3982 
f 3905 2849 247 
f 3982 3943 247 
f 2814 552 248 
f 248 1367 3104 
f 3445 2814 248 
f 248 3104 3415 
f 248 3415 3445 
f 2396 261 249 
f 249 511 3401 
f 3404 2396 249 
f 249 3401 3875 
f 3875 3404 249 
f 250 265 3942 
f 2969 605 250 
f 250 1206 2637 
f 3942 1206 250 
f 250 2637 2935 
f 250 2935 2969 
f 1212 258 251 
f 251 258 3982 
f 2849 1212 251 
f 252 259 960 
f 4062 259 252 
f 252 4008 4062 
f 584 547 253 
f 2152 584 253 
f 3216 2152 253 
f 2510 2166 253 
f 253 2166 3264 
f 3264 3216 253 
f 254 646 2657 
f 4006 646 254 
f 2815 2401 254 
f 254 2401 4006 
f 254 2657 3216 
f 3013 2815 254 
f 3199 3013 254 
f 3438 3199 254 
f 254 3216 3438 
f 255 266 4091 
f 4100 266 255 
f 255 647 3422 
f 3505 647 255 
f 255 3335 3505 
f 4091 3335 255 
f 255 3422 4100 
f 256 569 589 
f 256 589 3280 
f 3335 2085 256 
f 256 3280 3505 
f 3505 3335 256 
f 257 262 2533 
f 2569 262 257 
f 257 1425 2877 
f 4004 1425 257 
f 257 2533 4004 
f 2866 2569 257 
f 2877 2866 257 
f 2841 259 258 
f 258 259 3292 
f 258 1212 2841 
f 3292 3286 258 
f 258 3286 3982 
f 2069 960 259 
f 259 1223 2069 
f 2841 1223 259 
f 4062 3292 259 
f 260 269 666 
f 2961 269 260 
f 260 666 690 
f 260 690 3379 
f 3379 1367 260 
f 3199 2961 260 
f 260 3013 3199 
f 606 270 261 
f 261 270 3594 
f 691 606 261 
f 2396 691 261 
f 2990 2708 261 
f 3594 2990 261 
f 262 263 551 
f 3923 263 262 
f 558 493 262 
f 262 493 2533 
f 262 551 2802 
f 2802 558 262 
f 3829 1090 262 
f 262 1090 3923 
f 262 2569 3829 
f 263 280 1698 
f 3923 280 263 
f 263 497 551 
f 1404 497 263 
f 1698 1047 263 
f 263 1047 4009 
f 3830 1404 263 
f 4009 3830 263 
f 264 281 1222 
f 2744 281 264 
f 1222 498 264 
f 264 498 4047 
f 2658 2509 264 
f 264 2509 2744 
f 3166 2658 264 
f 4047 3166 264 
f 265 267 692 
f 3040 267 265 
f 265 692 3942 
f 265 2771 3040 
f 608 268 266 
f 266 268 4091 
f 693 608 266 
f 4021 693 266 
f 266 1199 4021 
f 4223 1199 266 
f 267 273 514 
f 3959 273 267 
f 267 514 607 
f 267 607 692 
f 3040 2867 267 
f 267 2867 3959 
f 515 271 268 
f 268 271 3980 
f 608 515 268 
f 268 3980 4091 
f 283 274 269 
f 269 274 513 
f 2961 283 269 
f 269 513 666 
f 270 272 284 
f 606 272 270 
f 270 284 3594 
f 515 277 271 
f 271 277 2447 
f 271 2447 3980 
f 272 275 284 
f 606 275 272 
f 285 276 273 
f 273 276 514 
f 3959 285 273 
f 274 283 1436 
f 2266 513 274 
f 1436 1263 274 
f 274 1263 2690 
f 2690 2266 274 
f 1241 284 275 
f 275 606 2418 
f 3669 1241 275 
f 275 2418 2599 
f 275 2599 3669 
f 276 285 1245 
f 607 514 276 
f 3560 607 276 
f 276 1245 3806 
f 3806 3560 276 
f 277 515 3728 
f 277 1252 2447 
f 3929 1252 277 
f 277 3728 4060 
f 4060 3929 277 
f 278 1019 2331 
f 2542 1019 278 
f 278 1077 2108 
f 3010 1077 278 
f 278 2108 2542 
f 278 2331 2539 
f 278 2539 3071 
f 3071 3010 278 
f 287 283 279 
f 279 283 2961 
f 1919 287 279 
f 2716 1919 279 
f 3264 2716 279 
f 279 2961 3438 
f 3438 3264 279 
f 280 959 1698 
f 1960 959 280 
f 280 1150 2672 
f 3923 1150 280 
f 2672 1960 280 
f 2004 1222 281 
f 281 1228 2402 
f 2744 1228 281 
f 2772 2004 281 
f 281 2402 2652 
f 281 2652 2772 
f 282 299 2538 
f 3391 299 282 
f 282 976 1721 
f 1766 976 282 
f 282 1721 2085 
f 2941 1766 282 
f 282 2085 3391 
f 282 2538 2941 
f 283 287 609 
f 283 609 1840 
f 1840 1436 283 
f 610 286 284 
f 284 286 2662 
f 695 610 284 
f 1241 695 284 
f 284 2662 3594 
f 285 288 611 
f 3924 288 285 
f 285 611 696 
f 285 696 1245 
f 285 2867 3924 
f 3959 2867 285 
f 286 293 301 
f 516 293 286 
f 286 301 2662 
f 610 516 286 
f 300 290 287 
f 287 290 553 
f 1919 300 287 
f 287 553 609 
f 302 291 288 
f 288 291 517 
f 2626 302 288 
f 288 517 611 
f 3924 2626 288 
f 518 292 289 
f 289 292 2519 
f 612 518 289 
f 2447 612 289 
f 3185 2447 289 
f 2519 2499 289 
f 289 2499 3185 
f 290 297 553 
f 1301 297 290 
f 290 300 1301 
f 302 295 291 
f 291 295 517 
f 518 296 292 
f 292 296 3888 
f 2858 2519 292 
f 3888 2858 292 
f 293 294 301 
f 516 294 293 
f 1285 301 294 
f 294 516 3318 
f 3946 1285 294 
f 294 3318 3372 
f 294 3372 3946 
f 295 302 1289 
f 611 517 295 
f 3134 611 295 
f 295 1289 2767 
f 295 2767 3652 
f 3652 3134 295 
f 296 518 3722 
f 3075 2922 296 
f 296 2922 3888 
f 3722 3075 296 
f 3011 553 297 
f 1301 971 297 
f 297 971 3252 
f 3383 3011 297 
f 297 3252 3383 
f 2402 2250 298 
f 298 2250 2615 
f 2652 2402 298 
f 298 2514 2531 
f 2615 2514 298 
f 298 2531 2772 
f 2772 2652 298 
f 2499 1854 299 
f 299 1854 2957 
f 3185 2499 299 
f 2957 2538 299 
f 3391 3185 299 
f 1299 698 300 
f 300 698 1301 
f 1919 1299 300 
f 614 304 301 
f 301 304 2530 
f 699 614 301 
f 3622 699 301 
f 301 1285 3622 
f 301 2530 2662 
f 302 305 700 
f 2626 305 302 
f 302 700 1289 
f 303 306 1854 
f 2642 306 303 
f 303 1684 2642 
f 3888 1684 303 
f 303 1854 2499 
f 303 2499 2519 
f 303 2519 2858 
f 303 2858 3888 
f 520 310 304 
f 304 310 1287 
f 614 520 304 
f 304 1287 2530 
f 318 309 305 
f 305 309 615 
f 2257 318 305 
f 305 615 700 
f 2626 2257 305 
f 521 307 306 
f 306 307 2957 
f 616 521 306 
f 2642 616 306 
f 2957 1854 306 
f 307 314 319 
f 521 314 307 
f 307 319 2957 
f 316 311 308 
f 308 311 519 
f 1299 316 308 
f 308 519 1299 
f 318 313 309 
f 309 313 615 
f 520 312 310 
f 310 312 1663 
f 310 317 1287 
f 1663 317 310 
f 311 316 1315 
f 2890 519 311 
f 311 1315 1796 
f 311 1796 2890 
f 312 520 3468 
f 312 1542 3148 
f 3468 1542 312 
f 3148 1663 312 
f 313 318 3424 
f 2353 615 313 
f 2699 2353 313 
f 3424 2699 313 
f 1336 319 314 
f 314 521 1091 
f 314 1091 3589 
f 3317 1336 314 
f 314 1949 3317 
f 3589 1949 314 
f 315 982 1960 
f 2305 982 315 
f 315 1960 2763 
f 2377 2305 315 
f 2763 2377 315 
f 316 329 1350 
f 1356 329 316 
f 316 617 702 
f 1350 617 316 
f 316 702 1315 
f 316 1299 1356 
f 2905 321 317 
f 317 321 3807 
f 3387 1287 317 
f 1663 1304 317 
f 317 1304 2650 
f 317 2650 2905 
f 3807 3387 317 
f 318 619 704 
f 1351 619 318 
f 318 704 3380 
f 3044 1351 318 
f 318 2257 3044 
f 318 3380 3424 
f 620 320 319 
f 319 320 3477 
f 705 620 319 
f 4038 705 319 
f 319 1336 4038 
f 319 2538 2957 
f 3477 2538 319 
f 620 322 320 
f 320 322 3919 
f 3919 3477 320 
f 522 324 321 
f 321 324 2366 
f 2905 522 321 
f 321 2366 3807 
f 524 328 322 
f 322 328 1368 
f 1368 334 322 
f 322 334 3919 
f 620 524 322 
f 323 325 617 
f 2973 325 323 
f 1350 331 323 
f 323 331 2945 
f 323 617 1350 
f 323 2945 2973 
f 324 326 2554 
f 2910 326 324 
f 324 522 2910 
f 2554 2366 324 
f 3207 617 325 
f 1958 1727 325 
f 325 1727 3207 
f 3444 1958 325 
f 325 2973 3444 
f 326 1360 2554 
f 2624 1360 326 
f 3122 2624 326 
f 326 2839 2906 
f 2910 2839 326 
f 326 2906 3122 
f 1351 333 327 
f 327 333 4024 
f 619 523 327 
f 327 523 1351 
f 3416 619 327 
f 327 1364 3352 
f 4024 1364 327 
f 327 3352 3416 
f 328 524 3712 
f 2888 1368 328 
f 3452 2888 328 
f 328 2943 3452 
f 3712 2943 328 
f 329 331 1350 
f 1951 331 329 
f 329 1077 1951 
f 2198 1077 329 
f 329 1356 2198 
f 330 334 337 
f 3919 334 330 
f 330 337 2947 
f 330 1772 2941 
f 2947 1772 330 
f 330 2941 3969 
f 3969 3919 330 
f 331 335 562 
f 1951 335 331 
f 331 562 706 
f 331 706 2874 
f 331 2874 2945 
f 621 336 332 
f 332 336 2529 
f 707 621 332 
f 1360 707 332 
f 2554 1360 332 
f 332 2366 2554 
f 3807 2366 332 
f 332 2529 3807 
f 333 339 563 
f 3478 339 333 
f 333 563 708 
f 333 708 4024 
f 333 1351 3044 
f 3044 2659 333 
f 333 2659 3478 
f 526 337 334 
f 709 526 334 
f 1368 709 334 
f 349 341 335 
f 335 341 562 
f 3530 349 335 
f 335 1951 3530 
f 336 340 350 
f 621 340 336 
f 336 350 2521 
f 336 2521 2529 
f 526 338 337 
f 337 338 2947 
f 338 345 352 
f 526 345 338 
f 338 352 2947 
f 351 344 339 
f 339 344 525 
f 3478 351 339 
f 339 525 563 
f 340 343 350 
f 621 343 340 
f 349 342 341 
f 341 342 562 
f 342 349 1389 
f 2648 562 342 
f 342 1389 2544 
f 342 2544 2648 
f 1400 350 343 
f 343 621 2860 
f 2603 1400 343 
f 3008 2603 343 
f 343 2860 3008 
f 344 351 1410 
f 563 525 344 
f 3921 563 344 
f 1548 1267 344 
f 344 1267 3921 
f 344 1410 1548 
f 1413 352 345 
f 345 526 2601 
f 3927 1413 345 
f 345 2601 3882 
f 345 3882 3927 
f 353 349 346 
f 346 349 3530 
f 2909 353 346 
f 1951 1077 346 
f 346 1077 3010 
f 3530 1951 346 
f 3158 2909 346 
f 346 3010 3158 
f 2211 1446 347 
f 347 1446 2305 
f 3246 2211 347 
f 347 2305 2845 
f 2845 2586 347 
f 347 2586 3246 
f 2434 967 348 
f 348 967 2615 
f 348 981 985 
f 2615 981 348 
f 348 985 2064 
f 348 2064 2409 
f 348 2409 2434 
f 349 353 710 
f 349 710 1389 
f 623 354 350 
f 350 354 2586 
f 711 623 350 
f 1400 711 350 
f 2586 2521 350 
f 351 624 712 
f 1428 624 351 
f 351 712 2471 
f 2471 1410 351 
f 1879 1428 351 
f 2434 1879 351 
f 3478 2434 351 
f 625 355 352 
f 352 355 2947 
f 713 625 352 
f 3981 713 352 
f 352 1413 3981 
f 365 357 353 
f 353 357 622 
f 2909 365 353 
f 353 622 710 
f 354 358 366 
f 623 358 354 
f 354 366 2586 
f 527 356 355 
f 355 356 3787 
f 625 527 355 
f 3787 2947 355 
f 356 361 368 
f 527 361 356 
f 356 368 3787 
f 365 360 357 
f 357 360 622 
f 358 362 366 
f 623 362 358 
f 1475 363 359 
f 359 363 3953 
f 1428 367 359 
f 359 367 2684 
f 359 624 1428 
f 3953 624 359 
f 2684 1475 359 
f 360 365 1438 
f 710 622 360 
f 1735 710 360 
f 360 1438 3795 
f 2676 1735 360 
f 3795 2676 360 
f 1449 368 361 
f 361 527 3308 
f 3893 1449 361 
f 3297 3073 361 
f 361 3073 3893 
f 3308 3297 361 
f 1454 366 362 
f 362 623 3788 
f 3836 1454 362 
f 3788 2486 362 
f 362 2486 3836 
f 363 1475 3447 
f 3105 2471 363 
f 363 2471 3953 
f 3447 3105 363 
f 364 368 372 
f 3787 368 364 
f 364 372 382 
f 364 382 896 
f 364 896 1772 
f 364 1772 2947 
f 364 2947 3787 
f 365 369 714 
f 3716 369 365 
f 365 714 1438 
f 365 2909 3158 
f 365 3158 3716 
f 626 370 366 
f 366 370 2086 
f 715 626 366 
f 1454 715 366 
f 366 2086 2586 
f 367 371 627 
f 4041 371 367 
f 367 627 716 
f 367 716 1460 
f 367 1428 1879 
f 367 1460 2684 
f 367 1879 2853 
f 367 2853 4041 
f 2754 372 368 
f 368 1449 2754 
f 369 374 564 
f 3706 374 369 
f 369 564 714 
f 3716 3706 369 
f 1487 375 370 
f 370 375 3384 
f 370 626 1487 
f 3384 2086 370 
f 371 376 2706 
f 3631 376 371 
f 2706 627 371 
f 4041 3631 371 
f 372 373 382 
f 529 373 372 
f 2754 529 372 
f 373 379 386 
f 529 379 373 
f 386 382 373 
f 383 377 374 
f 374 377 528 
f 3706 383 374 
f 374 528 564 
f 375 378 384 
f 1487 378 375 
f 375 384 3384 
f 376 385 1459 
f 3631 385 376 
f 376 1459 2706 
f 377 383 1510 
f 3621 528 377 
f 377 1510 3562 
f 3618 3405 377 
f 377 3405 3621 
f 377 3562 3618 
f 2739 384 378 
f 378 1487 2693 
f 2322 1520 378 
f 378 1520 2739 
f 2700 2322 378 
f 378 2693 2700 
f 1524 386 379 
f 379 529 2488 
f 3932 1524 379 
f 379 2488 3948 
f 379 3646 3932 
f 3948 3646 379 
f 3354 1459 380 
f 380 1459 3903 
f 3903 2487 380 
f 380 2487 4191 
f 380 2897 3967 
f 4191 2897 380 
f 3967 3354 380 
f 3158 3071 381 
f 381 3071 3484 
f 3716 3158 381 
f 381 3484 4030 
f 381 3706 3716 
f 4030 3706 381 
f 382 386 389 
f 382 389 3137 
f 2103 896 382 
f 3137 2103 382 
f 2778 717 383 
f 383 717 3887 
f 3887 1510 383 
f 4030 2778 383 
f 383 3706 4030 
f 628 387 384 
f 384 387 3956 
f 718 628 384 
f 1518 718 384 
f 2739 1518 384 
f 3956 3384 384 
f 385 388 629 
f 2170 388 385 
f 385 629 719 
f 385 719 3097 
f 3903 1459 385 
f 3631 2170 385 
f 385 3097 3903 
f 630 389 386 
f 720 630 386 
f 3966 720 386 
f 386 1524 3966 
f 387 393 400 
f 530 393 387 
f 387 400 1726 
f 628 530 387 
f 387 1726 3956 
f 388 390 629 
f 3862 390 388 
f 388 2170 3862 
f 630 391 389 
f 389 391 3137 
f 401 395 390 
f 390 395 531 
f 3862 401 390 
f 390 531 629 
f 391 396 402 
f 532 396 391 
f 391 402 3137 
f 630 532 391 
f 392 565 1509 
f 3141 565 392 
f 392 1509 1568 
f 392 1568 3259 
f 3259 3141 392 
f 393 394 400 
f 530 394 393 
f 1575 400 394 
f 394 530 628 
f 394 628 2349 
f 2630 1575 394 
f 394 2349 2630 
f 395 401 3684 
f 3403 531 395 
f 395 3154 3403 
f 3684 3154 395 
f 3926 402 396 
f 396 532 3585 
f 3585 3469 396 
f 396 3469 3989 
f 396 3920 3926 
f 3989 3920 396 
f 397 413 3257 
f 3637 413 397 
f 397 988 989 
f 3257 988 397 
f 397 989 2211 
f 397 2211 2616 
f 397 2616 3183 
f 397 3183 3637 
f 2064 2025 398 
f 398 2025 3580 
f 3561 2064 398 
f 398 2200 3561 
f 3633 2200 398 
f 398 3580 3633 
f 1567 721 399 
f 399 721 4090 
f 1568 1509 399 
f 399 1509 3856 
f 4085 1567 399 
f 4090 1568 399 
f 3856 3347 399 
f 399 3347 4085 
f 631 405 400 
f 400 405 3165 
f 722 631 400 
f 2564 722 400 
f 400 1575 2564 
f 3165 1726 400 
f 401 403 632 
f 4095 403 401 
f 401 632 723 
f 401 723 4066 
f 4066 3684 401 
f 401 3862 3968 
f 401 3968 4095 
f 633 404 402 
f 402 404 3137 
f 724 633 402 
f 3036 724 402 
f 3926 3036 402 
f 403 407 534 
f 2847 407 403 
f 403 534 632 
f 4058 2847 403 
f 4095 4058 403 
f 535 408 404 
f 404 408 3360 
f 633 535 404 
f 3360 3137 404 
f 1626 421 405 
f 405 421 3165 
f 405 631 1626 
f 406 409 533 
f 4145 409 406 
f 406 533 566 
f 406 566 1567 
f 406 1567 3323 
f 406 3323 4145 
f 407 411 534 
f 1639 411 407 
f 2847 1639 407 
f 408 412 422 
f 535 412 408 
f 408 422 3360 
f 4071 533 409 
f 409 1631 3483 
f 4181 1631 409 
f 409 3483 3947 
f 409 3947 4071 
f 409 4145 4181 
f 410 421 1626 
f 1638 421 410 
f 1626 631 410 
f 410 631 2851 
f 3294 1638 410 
f 410 2851 3294 
f 3322 534 411 
f 411 1639 3840 
f 3779 3322 411 
f 4193 3779 411 
f 411 3840 4193 
f 1645 422 412 
f 412 535 3825 
f 3625 1645 412 
f 412 2989 3625 
f 3825 2989 412 
f 413 490 560 
f 3637 490 413 
f 560 499 413 
f 413 499 3970 
f 3970 994 413 
f 413 994 3993 
f 413 2819 3257 
f 3993 2819 413 
f 414 419 3668 
f 3693 419 414 
f 414 3667 4212 
f 4216 3667 414 
f 414 3668 4216 
f 414 3671 3693 
f 4212 3671 414 
f 545 416 415 
f 415 416 3633 
f 4204 545 415 
f 3580 991 415 
f 415 991 3650 
f 3663 2332 415 
f 415 2332 4204 
f 3633 3580 415 
f 415 3650 4194 
f 4194 3663 415 
f 416 545 556 
f 416 556 3656 
f 416 2200 3633 
f 4096 2200 416 
f 3619 3617 416 
f 416 3617 4096 
f 3656 3619 416 
f 417 2033 2169 
f 4102 2033 417 
f 417 2169 2258 
f 417 2258 3587 
f 417 3587 4146 
f 4146 4102 417 
f 418 422 424 
f 3360 422 418 
f 418 424 3765 
f 418 2392 3137 
f 3824 2392 418 
f 418 3137 3360 
f 418 3765 3824 
f 419 425 990 
f 3661 425 419 
f 419 990 3668 
f 3700 3661 419 
f 419 3693 3700 
f 3676 427 420 
f 420 427 3687 
f 420 2123 3676 
f 4212 2123 420 
f 3687 3674 420 
f 420 3674 4212 
f 634 426 421 
f 421 426 2902 
f 726 634 421 
f 1638 726 421 
f 2902 2222 421 
f 421 2222 3165 
f 728 424 422 
f 3388 728 422 
f 422 1645 3388 
f 423 433 567 
f 4167 433 423 
f 423 567 1620 
f 423 1620 4151 
f 423 4151 4167 
f 536 429 424 
f 424 429 3765 
f 636 536 424 
f 728 636 424 
f 3665 428 425 
f 425 428 4157 
f 3488 990 425 
f 4157 3488 425 
f 425 3661 3665 
f 634 432 426 
f 426 432 1321 
f 426 1321 2902 
f 1628 431 427 
f 427 431 2360 
f 3708 1628 427 
f 427 2360 3687 
f 427 3676 3708 
f 3680 438 428 
f 428 438 4162 
f 428 3665 3680 
f 4162 4157 428 
f 429 437 449 
f 536 437 429 
f 429 449 3765 
f 448 436 430 
f 430 436 635 
f 1695 448 430 
f 430 635 1695 
f 1004 439 431 
f 431 439 2363 
f 1628 1004 431 
f 2363 2360 431 
f 634 435 432 
f 432 435 3812 
f 432 443 1321 
f 3812 443 432 
f 442 434 433 
f 433 434 567 
f 4167 442 433 
f 434 442 4189 
f 3767 567 434 
f 434 1713 3571 
f 4189 1713 434 
f 3571 2207 434 
f 434 2207 3767 
f 435 634 2664 
f 435 2664 3579 
f 3579 2873 435 
f 435 2873 3812 
f 436 448 1724 
f 3974 635 436 
f 436 1724 3771 
f 3771 3459 436 
f 436 3459 4055 
f 4055 3974 436 
f 1730 449 437 
f 437 536 3462 
f 3871 1730 437 
f 3462 3330 437 
f 437 3330 3871 
f 438 440 3657 
f 3683 440 438 
f 438 3657 4162 
f 438 3680 3683 
f 439 1004 3701 
f 3677 2363 439 
f 4219 3677 439 
f 439 3701 4219 
f 3670 3657 440 
f 4218 3670 440 
f 3683 3679 440 
f 440 3679 4218 
f 441 1749 3725 
f 4221 1749 441 
f 4218 3679 441 
f 441 3679 4220 
f 441 3725 4214 
f 441 4214 4218 
f 4220 4219 441 
f 441 4219 4221 
f 442 455 637 
f 3627 455 442 
f 442 637 729 
f 442 729 4132 
f 4167 3627 442 
f 442 4132 4189 
f 443 450 2600 
f 2649 450 443 
f 2600 1321 443 
f 443 2094 2649 
f 3812 2094 443 
f 444 445 573 
f 3298 445 444 
f 573 494 444 
f 444 494 4003 
f 444 2571 3271 
f 4003 2571 444 
f 444 3271 3710 
f 3673 3298 444 
f 3957 3673 444 
f 444 3710 3957 
f 445 501 573 
f 3361 501 445 
f 3298 3157 445 
f 445 3157 3993 
f 4086 3361 445 
f 445 3993 4086 
f 465 447 446 
f 446 447 574 
f 997 465 446 
f 503 502 446 
f 446 502 1594 
f 574 503 446 
f 2134 997 446 
f 446 1594 1612 
f 446 1612 2334 
f 2334 2134 446 
f 447 465 1579 
f 447 505 557 
f 3619 505 447 
f 447 557 574 
f 447 1579 2552 
f 447 2552 3608 
f 447 3608 3619 
f 448 456 639 
f 3641 456 448 
f 448 639 731 
f 448 731 4050 
f 448 1695 2245 
f 4050 1724 448 
f 448 2245 3641 
f 732 640 449 
f 449 640 1728 
f 1730 732 449 
f 449 1728 3870 
f 3870 3765 449 
f 1773 457 450 
f 450 457 3711 
f 450 638 1773 
f 2649 638 450 
f 3711 2600 450 
f 451 548 585 
f 451 585 2252 
f 451 2169 2172 
f 2258 2169 451 
f 451 2252 2297 
f 2297 2258 451 
f 452 648 1570 
f 2297 648 452 
f 1570 1561 452 
f 452 1561 3627 
f 452 2258 2297 
f 3587 2258 452 
f 4167 3587 452 
f 452 3627 4167 
f 453 466 649 
f 4033 466 453 
f 453 649 3511 
f 3511 3397 453 
f 453 3397 3824 
f 3824 3765 453 
f 453 3765 3870 
f 453 3870 4033 
f 590 492 454 
f 3242 590 454 
f 4052 2167 454 
f 454 2167 4109 
f 3511 3242 454 
f 4109 3511 454 
f 467 460 455 
f 455 460 637 
f 3627 467 455 
f 456 459 639 
f 4094 459 456 
f 456 3641 4094 
f 457 461 468 
f 1773 461 457 
f 457 468 3711 
f 458 463 470 
f 537 463 458 
f 458 470 4033 
f 1728 537 458 
f 4033 1728 458 
f 459 462 1375 
f 1802 462 459 
f 1375 639 459 
f 4094 1802 459 
f 460 467 1827 
f 4130 637 460 
f 460 1827 4131 
f 4131 4130 460 
f 1832 468 461 
f 461 1773 2789 
f 2039 1832 461 
f 2789 2039 461 
f 4124 1375 462 
f 462 1802 3570 
f 462 3570 4124 
f 1813 470 463 
f 463 537 3634 
f 2984 1813 463 
f 3634 2984 463 
f 2998 1001 464 
f 464 1001 3685 
f 3201 2998 464 
f 3673 3201 464 
f 464 3298 3673 
f 3685 3298 464 
f 465 997 1551 
f 465 1551 1559 
f 465 1559 3528 
f 3528 1579 465 
f 466 470 474 
f 4033 470 466 
f 466 474 4054 
f 3651 649 466 
f 466 2734 3023 
f 4054 2734 466 
f 466 3023 3651 
f 1561 471 467 
f 467 471 4197 
f 467 733 3333 
f 4197 733 467 
f 3627 1561 467 
f 3333 1827 467 
f 641 472 468 
f 468 472 3995 
f 734 641 468 
f 1398 734 468 
f 1832 1398 468 
f 3995 3711 468 
f 469 473 642 
f 3461 473 469 
f 469 642 4161 
f 4014 1802 469 
f 469 1802 4094 
f 2506 2145 469 
f 469 2145 3461 
f 4094 2506 469 
f 4161 4014 469 
f 643 474 470 
f 736 643 470 
f 3800 736 470 
f 470 1813 3800 
f 471 475 538 
f 2227 475 471 
f 471 538 4197 
f 471 1561 2239 
f 2239 2227 471 
f 539 476 472 
f 472 476 3337 
f 641 539 472 
f 472 3337 3995 
f 473 477 540 
f 3913 477 473 
f 473 540 642 
f 473 3461 3913 
f 541 478 474 
f 474 478 3018 
f 643 541 474 
f 474 3018 4054 
f 475 479 538 
f 2227 479 475 
f 476 539 3017 
f 2518 1314 476 
f 476 1314 3337 
f 476 1941 2518 
f 3017 1941 476 
f 2982 540 477 
f 3913 2982 477 
f 478 541 3145 
f 3253 3018 478 
f 478 3059 3118 
f 3145 3059 478 
f 478 3118 3253 
f 3694 538 479 
f 2227 2171 479 
f 479 2171 3441 
f 479 3441 3556 
f 479 3556 3694 
f 1665 1472 480 
f 480 1472 3326 
f 2135 1665 480 
f 2187 2135 480 
f 3052 2187 480 
f 3326 3052 480 
f 481 485 2469 
f 586 549 481 
f 3215 586 481 
f 481 2469 3506 
f 3506 3215 481 
f 482 650 3506 
f 3522 650 482 
f 482 2171 2227 
f 3713 2171 482 
f 482 2227 2239 
f 482 2239 3522 
f 3506 2469 482 
f 482 2469 3713 
f 3240 651 483 
f 483 651 3392 
f 3051 1902 483 
f 483 1902 3463 
f 483 2734 3018 
f 3392 2734 483 
f 3018 2932 483 
f 483 2932 3051 
f 3521 3240 483 
f 483 3463 3521 
f 3463 488 484 
f 484 571 591 
f 484 591 3240 
f 484 3240 3521 
f 3521 3463 484 
f 1897 1624 486 
f 486 1624 2148 
f 1998 1897 486 
f 1864 1076 487 
f 1803 1792 487 
f 487 1792 2635 
f 2635 1864 487 
f 3463 3210 488 
f 543 542 489 
f 2791 543 489 
f 489 1163 1425 
f 2714 1163 489 
f 489 1425 2791 
f 3575 2512 489 
f 489 2512 3724 
f 3724 2714 489 
f 490 544 560 
f 4073 544 490 
f 3770 2571 490 
f 490 2571 4073 
f 490 3183 3304 
f 3637 3183 490 
f 490 3304 3770 
f 491 568 4125 
f 4155 568 491 
f 491 4087 4155 
f 491 4125 4163 
f 590 570 492 
f 492 570 4108 
f 493 558 1124 
f 493 1124 2533 
f 573 559 494 
f 494 559 4003 
f 495 542 660 
f 660 595 495 
f 495 595 3001 
f 3239 2556 495 
f 495 3001 3239 
f 496 550 652 
f 2276 550 496 
f 496 652 2177 
f 2870 2276 496 
f 578 551 497 
f 3938 578 497 
f 1404 958 497 
f 497 958 3880 
f 3880 3192 497 
f 497 3192 3938 
f 593 579 498 
f 498 579 4034 
f 656 593 498 
f 659 656 498 
f 1222 659 498 
f 498 4034 4047 
f 499 560 582 
f 582 580 499 
f 499 580 4177 
f 4196 3970 499 
f 499 4177 4196 
f 500 587 4204 
f 4205 587 500 
f 500 2332 3714 
f 4204 2332 500 
f 3714 2345 500 
f 500 2345 4205 
f 654 573 501 
f 501 581 654 
f 4184 581 501 
f 501 3361 3576 
f 501 3576 4184 
f 502 503 2330 
f 502 1110 1594 
f 2330 1110 502 
f 503 574 592 
f 503 592 596 
f 503 596 2330 
f 504 555 1222 
f 2449 555 504 
f 504 1222 2687 
f 4002 2449 504 
f 504 2687 4016 
f 4016 4002 504 
f 3614 557 505 
f 3656 3614 505 
f 505 3619 3656 
f 2898 597 506 
f 507 598 3228 
f 2731 599 508 
f 509 602 2825 
f 510 604 4059 
f 4059 3749 510 
f 511 561 3474 
f 3474 3401 511 
f 512 689 2869 
f 512 2869 4223 
f 2266 666 513 
f 515 608 3728 
f 516 610 3318 
f 518 612 3722 
f 519 698 1299 
f 2890 698 519 
f 520 614 3468 
f 521 616 1091 
f 522 618 2288 
f 2905 618 522 
f 522 2288 3214 
f 522 2839 2910 
f 3214 2839 522 
f 523 619 1351 
f 524 620 3712 
f 526 709 2020 
f 526 2020 2601 
f 527 625 3308 
f 3621 564 528 
f 2754 2488 529 
f 3403 629 531 
f 532 630 3585 
f 4071 566 533 
f 4115 632 534 
f 534 3322 4115 
f 535 633 3825 
f 536 636 3462 
f 1728 640 537 
f 537 640 3634 
f 4138 733 538 
f 538 733 4197 
f 538 3694 4138 
f 539 641 3017 
f 4118 642 540 
f 540 2982 4104 
f 540 4104 4118 
f 541 643 736 
f 541 736 3145 
f 542 543 667 
f 675 660 542 
f 542 667 2745 
f 743 675 542 
f 2745 743 542 
f 2579 667 543 
f 2791 2579 543 
f 674 560 544 
f 749 674 544 
f 4005 749 544 
f 4073 4005 544 
f 594 556 545 
f 545 587 653 
f 4204 587 545 
f 653 594 545 
f 3219 583 546 
f 546 3130 3282 
f 3282 3219 546 
f 547 584 3944 
f 547 3944 3965 
f 3482 585 548 
f 3526 3482 548 
f 549 586 3539 
f 3539 3496 549 
f 3815 652 550 
f 550 2276 3390 
f 3390 2527 550 
f 550 2527 3815 
f 551 578 657 
f 657 655 551 
f 551 655 2802 
f 2814 686 552 
f 3011 609 553 
f 554 572 668 
f 554 668 1765 
f 554 1765 4002 
f 4002 2591 554 
f 748 659 555 
f 555 659 1222 
f 1801 748 555 
f 2449 1801 555 
f 556 594 669 
f 556 669 3611 
f 556 3611 3614 
f 556 3614 3656 
f 751 574 557 
f 3614 751 557 
f 558 747 1556 
f 2802 747 558 
f 1556 1124 558 
f 559 573 665 
f 559 665 750 
f 559 750 3821 
f 559 3821 4005 
f 4005 4003 559 
f 674 582 560 
f 561 687 3474 
f 2648 706 562 
f 3921 708 563 
f 3621 714 564 
f 565 717 2778 
f 3141 717 565 
f 2778 1509 565 
f 566 721 1567 
f 4097 721 566 
f 566 4071 4097 
f 567 725 3472 
f 3767 725 567 
f 3472 1620 567 
f 568 588 3917 
f 4155 588 568 
f 568 3917 4063 
f 568 4063 4125 
f 3499 589 569 
f 3480 2800 569 
f 569 2800 3499 
f 570 590 3497 
f 570 3497 4108 
f 3500 591 571 
f 571 2991 3500 
f 3503 2991 571 
f 572 652 676 
f 2177 652 572 
f 737 668 572 
f 572 676 737 
f 573 654 665 
f 672 592 574 
f 738 672 574 
f 751 738 574 
f 4101 661 575 
f 576 662 2036 
f 2309 662 576 
f 576 2036 3128 
f 577 664 3778 
f 3778 3776 577 
f 3950 657 578 
f 3938 3901 578 
f 578 3901 3950 
f 579 593 3815 
f 3016 2422 579 
f 579 2422 4034 
f 579 2527 3016 
f 3815 2527 579 
f 580 582 658 
f 580 658 4089 
f 4089 2494 580 
f 580 2494 4177 
f 658 654 581 
f 4089 658 581 
f 4150 4089 581 
f 4184 4150 581 
f 670 658 582 
f 674 670 582 
f 3219 2215 583 
f 584 2152 2646 
f 584 2646 3944 
f 3454 2252 585 
f 3519 3454 585 
f 585 3482 3519 
f 586 3215 3440 
f 586 3440 3523 
f 586 3523 3539 
f 4207 653 587 
f 4205 3681 587 
f 587 3681 4207 
f 588 3241 3937 
f 3937 3917 588 
f 4155 4087 588 
f 589 1522 3280 
f 3499 1522 589 
f 590 3242 4098 
f 4098 3497 590 
f 591 2476 3240 
f 3500 2476 591 
f 3660 596 592 
f 592 672 3660 
f 593 656 3664 
f 593 3664 3815 
f 594 653 671 
f 754 669 594 
f 594 671 745 
f 594 745 754 
f 595 660 3796 
f 3950 3001 595 
f 595 3796 3950 
f 3681 2330 596 
f 596 3660 3681 
f 2627 678 597 
f 2898 2627 597 
f 598 679 3228 
f 2551 680 599 
f 2731 2551 599 
f 600 681 3654 
f 600 1080 2206 
f 3758 1080 600 
f 600 3654 3758 
f 3381 682 601 
f 601 3090 3381 
f 602 683 2825 
f 3433 684 603 
f 603 2903 3433 
f 604 685 4048 
f 604 4048 4059 
f 2969 688 605 
f 606 691 2437 
f 2437 2418 606 
f 3560 692 607 
f 608 693 4021 
f 4021 3728 608 
f 609 694 1840 
f 3313 694 609 
f 609 3011 3313 
f 610 695 3318 
f 3134 696 611 
f 2447 697 612 
f 612 697 4061 
f 4061 3722 612 
f 613 1040 1169 
f 2147 1040 613 
f 1790 1044 613 
f 613 1044 2147 
f 613 1169 1664 
f 613 1664 1767 
f 613 1767 1790 
f 614 699 3622 
f 3622 3468 614 
f 2835 700 615 
f 615 2353 2835 
f 616 701 1091 
f 2642 701 616 
f 3207 702 617 
f 618 703 2288 
f 2650 703 618 
f 2905 2650 618 
f 3380 704 619 
f 3416 3380 619 
f 620 705 4038 
f 4038 3712 620 
f 621 707 2860 
f 623 711 3788 
f 2471 712 624 
f 3953 2471 624 
f 625 713 3308 
f 626 715 2693 
f 2693 1487 626 
f 3465 716 627 
f 627 2706 3465 
f 628 718 2349 
f 3097 719 629 
f 3403 3097 629 
f 630 720 3782 
f 3782 3585 630 
f 631 722 2564 
f 631 2564 2851 
f 4115 723 632 
f 633 724 3647 
f 633 3647 3825 
f 634 726 3912 
f 3912 2664 634 
f 635 727 2847 
f 3974 727 635 
f 2847 1695 635 
f 636 728 2795 
f 636 2795 3462 
f 4130 729 637 
f 638 730 1581 
f 2649 730 638 
f 638 1581 2692 
f 2692 1773 638 
f 3548 731 639 
f 639 1375 4124 
f 4124 3548 639 
f 640 732 3634 
f 641 734 3114 
f 3114 3017 641 
f 4118 735 642 
f 642 735 4161 
f 2215 2017 644 
f 644 2017 2313 
f 3217 2215 644 
f 644 2313 2376 
f 645 2424 3143 
f 3508 2424 645 
f 3557 3508 645 
f 3811 2657 646 
f 4006 3811 646 
f 3525 3422 647 
f 647 3505 4072 
f 4039 3525 647 
f 4072 4039 647 
f 648 1555 1570 
f 2252 1555 648 
f 2297 2252 648 
f 649 3242 3511 
f 3987 3242 649 
f 649 3651 3987 
f 650 3100 3215 
f 3522 3100 650 
f 650 3215 3506 
f 651 3240 3534 
f 3534 3392 651 
f 3664 676 652 
f 3815 3664 652 
f 4207 671 653 
f 654 658 673 
f 673 665 654 
f 655 657 677 
f 655 677 761 
f 783 747 655 
f 655 747 2802 
f 655 761 783 
f 656 659 763 
f 656 763 764 
f 656 764 3808 
f 3808 3664 656 
f 3796 677 657 
f 3950 3796 657 
f 658 670 4049 
f 4049 673 658 
f 659 748 763 
f 660 675 3796 
f 2117 739 661 
f 4101 2117 661 
f 662 740 2036 
f 663 741 2718 
f 2813 741 663 
f 663 2498 2813 
f 3623 2498 663 
f 663 2718 3136 
f 663 3136 3623 
f 664 742 3778 
f 665 673 752 
f 781 750 665 
f 665 752 781 
f 1349 690 666 
f 2266 1349 666 
f 2074 746 667 
f 667 746 2745 
f 2579 2074 667 
f 668 737 774 
f 668 774 1471 
f 668 1471 1765 
f 669 754 778 
f 669 778 3611 
f 670 674 744 
f 670 744 4049 
f 3662 745 671 
f 671 3660 3662 
f 4207 3660 671 
f 672 738 762 
f 672 762 3662 
f 3662 3660 672 
f 4051 752 673 
f 673 4049 4051 
f 765 744 674 
f 674 749 765 
f 675 743 3797 
f 3797 3796 675 
f 753 737 676 
f 3808 753 676 
f 676 3664 3808 
f 3797 761 677 
f 677 3796 3797 
f 2204 1707 679 
f 679 1707 3228 
f 680 2551 3538 
f 681 3653 3654 
f 683 2550 2825 
f 3842 2550 683 
f 3542 1276 684 
f 684 3433 3542 
f 686 2814 2883 
f 686 2883 3306 
f 687 2291 3474 
f 2969 2327 688 
f 3740 2869 689 
f 690 1349 3379 
f 691 2396 2437 
f 3560 2592 692 
f 692 2592 3942 
f 3313 1840 694 
f 695 1241 3318 
f 3134 1245 696 
f 697 2447 3998 
f 697 3998 4061 
f 2890 1301 698 
f 2835 1289 700 
f 1226 1091 701 
f 1684 1226 701 
f 2642 1684 701 
f 3207 1315 702 
f 703 1304 2643 
f 2650 1304 703 
f 2643 2288 703 
f 706 2648 3442 
f 3442 2874 706 
f 707 1360 2860 
f 3921 3606 708 
f 708 3606 4024 
f 709 1368 2020 
f 1735 1389 710 
f 711 1400 3788 
f 3396 3308 713 
f 3981 3396 713 
f 3206 1438 714 
f 3621 3206 714 
f 715 1454 3690 
f 3690 2693 715 
f 3817 1460 716 
f 716 3465 3817 
f 717 3141 4018 
f 4018 3887 717 
f 718 1518 2349 
f 3966 3782 720 
f 4122 4090 721 
f 721 4097 4122 
f 723 3322 4066 
f 4115 3322 723 
f 724 3036 3647 
f 4069 3472 725 
f 725 3767 4069 
f 726 1638 3912 
f 727 1639 2847 
f 3974 1639 727 
f 3388 2795 728 
f 4130 3543 729 
f 729 3543 4132 
f 2094 1581 730 
f 2649 2094 730 
f 731 3548 4050 
f 732 1730 3376 
f 732 3376 3634 
f 4138 3333 733 
f 734 1398 3114 
f 4057 4014 735 
f 735 4014 4161 
f 4104 4057 735 
f 4118 4104 735 
f 3800 3145 736 
f 737 753 779 
f 779 774 737 
f 738 751 782 
f 782 762 738 
f 4208 755 739 
f 739 2117 4208 
f 740 756 2036 
f 741 757 2718 
f 2813 757 741 
f 742 758 2049 
f 742 2049 3778 
f 743 759 760 
f 2745 759 743 
f 743 760 3797 
f 744 765 767 
f 744 767 4051 
f 4051 4049 744 
f 768 754 745 
f 3655 768 745 
f 3662 3655 745 
f 773 759 746 
f 746 759 2745 
f 2497 773 746 
f 746 2074 2497 
f 783 775 747 
f 747 775 1441 
f 747 1441 2372 
f 2372 1556 747 
f 776 763 748 
f 2324 776 748 
f 748 1801 2431 
f 2431 2324 748 
f 777 765 749 
f 3821 777 749 
f 4005 3821 749 
f 750 781 792 
f 750 792 3928 
f 3928 3821 750 
f 802 782 751 
f 3609 802 751 
f 3611 3609 751 
f 3614 3611 751 
f 752 769 781 
f 4051 769 752 
f 3908 779 753 
f 753 3808 3908 
f 754 768 780 
f 780 778 754 
f 755 1742 2709 
f 4208 1742 755 
f 756 1392 4209 
f 4209 2036 756 
f 757 1926 2557 
f 2813 1926 757 
f 771 760 759 
f 773 771 759 
f 3568 761 760 
f 760 761 3797 
f 760 771 1797 
f 760 1797 3568 
f 786 783 761 
f 761 785 786 
f 3568 785 761 
f 782 770 762 
f 762 770 3655 
f 762 3655 3662 
f 2405 764 763 
f 776 772 763 
f 763 772 2405 
f 764 2405 3808 
f 4128 767 765 
f 765 777 791 
f 765 791 4128 
f 766 772 2285 
f 2405 772 766 
f 2285 1409 766 
f 766 1409 3879 
f 766 2168 2405 
f 3879 2168 766 
f 4129 4051 767 
f 4128 4064 767 
f 767 4064 4129 
f 788 780 768 
f 3666 788 768 
f 768 3655 3666 
f 796 781 769 
f 4129 796 769 
f 769 4051 4129 
f 770 782 794 
f 770 794 2573 
f 770 2573 3629 
f 770 3629 3666 
f 3666 3655 770 
f 771 773 797 
f 771 784 1797 
f 3922 784 771 
f 771 797 3922 
f 772 776 800 
f 772 800 2285 
f 1431 797 773 
f 4011 1431 773 
f 773 2497 4011 
f 774 779 798 
f 774 798 2900 
f 2431 1471 774 
f 2900 2431 774 
f 775 783 786 
f 775 786 799 
f 775 799 3638 
f 4011 1441 775 
f 775 3638 4011 
f 2302 800 776 
f 2900 2302 776 
f 776 2324 2900 
f 3928 791 777 
f 777 3821 3928 
f 778 780 801 
f 778 801 3613 
f 778 3609 3611 
f 3613 3609 778 
f 779 787 803 
f 3908 787 779 
f 803 798 779 
f 780 788 793 
f 780 793 801 
f 4068 792 781 
f 781 796 4068 
f 802 794 782 
f 784 813 3861 
f 3922 813 784 
f 3568 1797 784 
f 784 2924 3320 
f 3861 2924 784 
f 784 3320 3568 
f 3491 786 785 
f 3320 2924 785 
f 785 2924 3491 
f 3568 3320 785 
f 824 799 786 
f 3491 824 786 
f 811 803 787 
f 2790 811 787 
f 3879 2790 787 
f 3908 3879 787 
f 807 793 788 
f 3629 807 788 
f 3666 3629 788 
f 789 791 816 
f 4128 791 789 
f 834 795 789 
f 789 795 4064 
f 789 816 4183 
f 4183 834 789 
f 789 4064 4128 
f 818 792 790 
f 790 792 4068 
f 790 796 808 
f 4068 796 790 
f 790 808 812 
f 790 812 833 
f 833 818 790 
f 3909 816 791 
f 3928 3909 791 
f 792 818 3909 
f 792 3909 3928 
f 817 801 793 
f 793 807 4176 
f 838 817 793 
f 4176 838 793 
f 794 802 819 
f 830 809 794 
f 794 809 2573 
f 794 819 841 
f 841 830 794 
f 834 826 795 
f 795 826 4141 
f 4149 4064 795 
f 795 4141 4149 
f 4149 808 796 
f 796 4129 4149 
f 814 813 797 
f 797 813 3922 
f 3992 814 797 
f 797 1431 3992 
f 798 803 840 
f 798 840 3032 
f 798 2188 2900 
f 3032 2188 798 
f 799 824 3992 
f 3992 3638 799 
f 2048 815 800 
f 800 815 2285 
f 2302 2048 800 
f 801 817 3584 
f 801 3584 3613 
f 3584 819 802 
f 3613 3584 802 
f 802 3609 3613 
f 803 811 829 
f 803 829 840 
f 828 806 804 
f 804 806 1409 
f 804 815 849 
f 2285 815 804 
f 849 828 804 
f 804 1409 2285 
f 805 810 836 
f 2924 810 805 
f 836 823 805 
f 805 823 3491 
f 3491 2924 805 
f 806 811 2790 
f 3896 811 806 
f 806 828 837 
f 806 837 3896 
f 2790 1409 806 
f 807 809 820 
f 3629 809 807 
f 807 820 825 
f 807 825 4176 
f 4133 812 808 
f 4141 4133 808 
f 4149 4141 808 
f 821 820 809 
f 830 821 809 
f 3629 2573 809 
f 810 813 822 
f 3861 813 810 
f 810 822 835 
f 810 835 836 
f 810 2924 3861 
f 3896 829 811 
f 4133 827 812 
f 812 827 4170 
f 3302 833 812 
f 4170 3302 812 
f 813 814 831 
f 831 822 813 
f 3930 831 814 
f 3992 3930 814 
f 1229 849 815 
f 2048 1229 815 
f 3909 3869 816 
f 816 3869 4183 
f 817 838 3581 
f 817 3581 3584 
f 818 833 3610 
f 818 3610 3909 
f 3581 841 819 
f 3584 3581 819 
f 820 821 4143 
f 2525 825 820 
f 4153 2525 820 
f 820 4143 4153 
f 821 830 4143 
f 822 831 850 
f 846 835 822 
f 850 846 822 
f 845 824 823 
f 823 824 3491 
f 823 836 3692 
f 852 845 823 
f 3692 852 823 
f 824 845 3930 
f 824 3930 3992 
f 853 838 825 
f 825 838 4176 
f 2525 853 825 
f 826 834 4192 
f 826 3501 4116 
f 4192 3501 826 
f 826 4116 4141 
f 827 848 4170 
f 4175 848 827 
f 4133 4116 827 
f 827 4116 4165 
f 827 4165 4175 
f 3803 837 828 
f 828 849 858 
f 828 858 3803 
f 829 839 3639 
f 3896 839 829 
f 851 840 829 
f 3639 851 829 
f 830 841 854 
f 830 854 4143 
f 3955 850 831 
f 831 3930 3955 
f 832 834 4183 
f 4192 834 832 
f 3604 855 832 
f 832 855 4192 
f 3610 3604 832 
f 3869 3610 832 
f 4183 3869 832 
f 833 3302 3610 
f 844 836 835 
f 846 839 835 
f 835 839 3140 
f 3140 844 835 
f 844 843 836 
f 836 843 3692 
f 3140 839 837 
f 837 839 3896 
f 837 843 844 
f 3803 843 837 
f 837 844 3140 
f 838 853 3600 
f 3600 3581 838 
f 839 846 3639 
f 840 851 3009 
f 840 3009 3032 
f 3600 854 841 
f 841 3581 3600 
f 842 847 2525 
f 4192 847 842 
f 842 2525 4153 
f 4165 3501 842 
f 842 3501 4192 
f 842 4153 4165 
f 858 852 843 
f 843 852 3692 
f 3803 858 843 
f 845 852 3955 
f 3955 3930 845 
f 846 850 857 
f 846 857 3639 
f 847 855 859 
f 4192 855 847 
f 847 859 2525 
f 860 856 848 
f 848 856 4170 
f 4143 860 848 
f 4175 4143 848 
f 2949 858 849 
f 849 1229 3009 
f 3009 2949 849 
f 3289 857 850 
f 3918 3289 850 
f 3955 3918 850 
f 851 857 2949 
f 3639 857 851 
f 851 2949 3009 
f 852 858 3889 
f 852 3889 3918 
f 852 3918 3955 
f 2525 859 853 
f 853 859 3566 
f 853 3566 3600 
f 3566 860 854 
f 854 860 4143 
f 3600 3566 854 
f 3423 859 855 
f 3604 3423 855 
f 856 860 3423 
f 3984 3302 856 
f 856 3302 4170 
f 856 3423 3984 
f 2954 2949 857 
f 3289 2954 857 
f 858 2949 3889 
f 859 3423 3566 
f 3566 3423 860 
f 861 925 1214 
f 1402 925 861 
f 861 975 1149 
f 1211 975 861 
f 861 1149 1402 
f 1214 1211 861 
f 945 893 862 
f 862 893 2067 
f 862 923 941 
f 1217 923 862 
f 862 941 945 
f 862 1020 1217 
f 2067 1020 862 
f 863 868 1095 
f 1205 868 863 
f 876 875 863 
f 1146 876 863 
f 863 1095 1146 
f 1979 1205 863 
f 864 877 1440 
f 1240 886 864 
f 1167 1096 864 
f 864 1096 1240 
f 1440 1167 864 
f 865 1015 1041 
f 1363 1015 865 
f 865 1041 1162 
f 865 1162 1179 
f 865 1179 2108 
f 1751 1363 865 
f 865 1640 1751 
f 2108 1640 865 
f 1332 874 866 
f 866 874 2027 
f 1183 968 866 
f 866 968 1332 
f 2027 1183 866 
f 1216 1205 867 
f 867 1205 1979 
f 1275 1216 867 
f 1927 1275 867 
f 1937 1927 867 
f 1979 1937 867 
f 1280 1095 868 
f 868 1205 1216 
f 868 1216 1709 
f 868 1255 1280 
f 1709 1255 868 
f 3757 3107 869 
f 3764 3757 869 
f 1924 1915 870 
f 870 1915 3088 
f 1925 1924 870 
f 4099 1925 870 
f 870 3088 3744 
f 870 3744 3754 
f 870 3754 4099 
f 871 1078 1440 
f 2139 1078 871 
f 871 1440 1563 
f 871 1563 2365 
f 871 2128 2139 
f 2365 2128 871 
f 972 963 872 
f 872 963 1218 
f 872 964 1298 
f 1361 964 872 
f 1298 972 872 
f 872 1218 1403 
f 1403 1361 872 
f 1218 913 873 
f 873 913 3069 
f 873 1153 1307 
f 3069 1153 873 
f 1403 1218 873 
f 873 1307 1647 
f 1647 1403 873 
f 1172 962 874 
f 874 962 1176 
f 1332 1172 874 
f 874 1176 1490 
f 874 1490 2027 
f 875 876 1081 
f 875 894 1115 
f 1587 894 875 
f 875 1081 1587 
f 1146 910 876 
f 876 910 1666 
f 1799 1081 876 
f 876 1666 1799 
f 1563 1440 877 
f 878 930 1341 
f 2079 930 878 
f 878 1087 1139 
f 1184 1087 878 
f 878 1139 3180 
f 1341 1184 878 
f 3180 2079 878 
f 1390 921 879 
f 879 921 2610 
f 879 1262 1661 
f 2413 1262 879 
f 1661 1390 879 
f 1621 1391 879 
f 879 1391 2413 
f 2610 1621 879 
f 880 885 899 
f 1392 885 880 
f 880 899 1393 
f 4209 1392 880 
f 880 1393 2165 
f 880 2165 4209 
f 899 885 881 
f 1394 939 882 
f 882 939 1862 
f 1911 1394 882 
f 882 1862 2914 
f 2647 1911 882 
f 882 2468 2647 
f 2914 2468 882 
f 2137 1200 883 
f 883 1200 2667 
f 883 1264 1273 
f 1395 1264 883 
f 883 1273 1396 
f 2667 1395 883 
f 883 1396 2137 
f 884 1106 2070 
f 3147 1106 884 
f 884 1338 2055 
f 884 2055 3147 
f 1392 1258 885 
f 886 1240 1582 
f 886 1582 2030 
f 2030 1994 886 
f 887 907 1709 
f 1815 907 887 
f 1275 1009 887 
f 887 1009 1815 
f 887 1216 1275 
f 1709 1216 887 
f 888 1185 1273 
f 2006 1238 888 
f 1273 1264 888 
f 888 1264 2006 
f 889 1104 1198 
f 1488 1104 889 
f 889 1198 2071 
f 1661 1488 889 
f 2451 1661 889 
f 889 2071 2451 
f 1501 1029 890 
f 890 1029 2823 
f 2513 1501 890 
f 2567 2513 890 
f 2823 2567 890 
f 891 1490 1940 
f 2027 1490 891 
f 891 1940 1982 
f 2837 2516 892 
f 892 2516 3000 
f 892 2774 2881 
f 3000 2774 892 
f 3427 2837 892 
f 892 2881 3427 
f 893 945 3087 
f 3152 2067 893 
f 3087 3072 893 
f 893 3072 3152 
f 2717 932 894 
f 1133 1115 894 
f 894 1587 1861 
f 894 1861 2736 
f 2720 2717 894 
f 2736 2720 894 
f 895 1015 1363 
f 1914 1015 895 
f 895 1363 1416 
f 895 1416 1812 
f 895 1812 1907 
f 895 1907 1914 
f 896 1766 1772 
f 2143 1766 896 
f 896 2103 2143 
f 1981 1614 897 
f 897 1614 2428 
f 3645 1981 897 
f 897 2381 3645 
f 3826 2381 897 
f 897 2428 4258 
f 4258 3826 897 
f 1097 1064 898 
f 898 1064 1996 
f 898 1078 1097 
f 1167 1078 898 
f 898 1096 1167 
f 2340 1393 899 
f 899 1630 2340 
f 1227 1068 900 
f 900 1068 2065 
f 1272 1131 900 
f 900 1131 1387 
f 900 1193 1227 
f 1387 1193 900 
f 2065 1272 900 
f 1269 1135 901 
f 901 1135 1309 
f 2063 1269 901 
f 901 1309 1883 
f 901 1883 1885 
f 901 1885 2015 
f 901 2015 2063 
f 902 922 1343 
f 1511 922 902 
f 902 1343 1674 
f 2974 1511 902 
f 903 1246 1722 
f 2452 1246 903 
f 1959 1307 903 
f 903 1307 2197 
f 903 1722 1959 
f 903 2197 2452 
f 904 940 1733 
f 2356 940 904 
f 1279 1000 904 
f 904 1000 1578 
f 1578 1051 904 
f 904 1051 2356 
f 1467 1279 904 
f 1733 1467 904 
f 1722 1246 905 
f 905 1246 2072 
f 1997 1327 905 
f 905 1327 2231 
f 905 1473 1722 
f 2231 1473 905 
f 2072 1997 905 
f 906 1291 1318 
f 1833 1291 906 
f 906 1318 1662 
f 1662 1458 906 
f 906 1458 1833 
f 907 1017 1957 
f 2792 1017 907 
f 907 1255 1709 
f 1957 1255 907 
f 907 1815 2792 
f 1489 1224 908 
f 908 1224 2347 
f 908 1427 1627 
f 2347 1427 908 
f 1651 1489 908 
f 908 1627 1651 
f 1715 1030 909 
f 909 1030 2347 
f 909 1224 1689 
f 2347 1224 909 
f 1689 1345 909 
f 909 1345 1715 
f 910 1146 1357 
f 910 1271 1702 
f 1995 1271 910 
f 910 1357 1995 
f 1702 1666 910 
f 1278 995 911 
f 911 995 2029 
f 911 1027 1250 
f 1889 1027 911 
f 911 1250 1278 
f 2029 1889 911 
f 1028 972 912 
f 912 972 1298 
f 912 1009 1028 
f 1550 1009 912 
f 1125 1013 912 
f 912 1013 1550 
f 1298 1125 912 
f 1218 963 913 
f 913 963 3089 
f 3076 3069 913 
f 3089 3076 913 
f 1779 921 914 
f 914 921 3144 
f 1526 1308 914 
f 914 1308 1779 
f 2036 1526 914 
f 3128 2036 914 
f 914 2164 3128 
f 3144 2164 914 
f 915 924 1207 
f 2063 924 915 
f 1214 925 915 
f 915 925 2063 
f 915 1207 1214 
f 1240 1096 916 
f 916 1096 1358 
f 1582 1240 916 
f 916 1358 1489 
f 916 1401 1582 
f 1651 1401 916 
f 916 1489 1651 
f 1262 1082 917 
f 917 1082 1903 
f 917 1104 1488 
f 4307 1104 917 
f 1488 1262 917 
f 1903 1900 917 
f 917 1900 4307 
f 3287 2458 918 
f 918 2458 4226 
f 918 2936 3750 
f 4226 2936 918 
f 3790 3287 918 
f 918 3750 3790 
f 919 1906 2159 
f 3182 1906 919 
f 919 2159 2467 
f 919 2467 3623 
f 3623 3182 919 
f 920 995 1996 
f 2029 995 920 
f 1079 1021 920 
f 920 1021 1196 
f 920 1064 1079 
f 1996 1064 920 
f 920 1196 1969 
f 920 1969 2029 
f 921 1390 3144 
f 921 1779 2610 
f 922 936 1220 
f 1511 936 922 
f 922 1220 1908 
f 1331 1324 922 
f 922 1324 1343 
f 1448 1331 922 
f 1908 1448 922 
f 3079 941 923 
f 923 1217 1380 
f 923 1380 1448 
f 923 1448 1908 
f 923 1908 3079 
f 2060 1207 924 
f 3069 2060 924 
f 924 2063 3069 
f 925 1158 1269 
f 1402 1158 925 
f 925 1269 2063 
f 926 946 1426 
f 2231 946 926 
f 926 1426 2417 
f 926 1473 2231 
f 2417 1473 926 
f 927 947 1997 
f 2057 947 927 
f 927 1060 1089 
f 2072 1060 927 
f 927 1089 2057 
f 927 1997 2072 
f 1782 933 928 
f 2368 1782 928 
f 928 2310 2368 
f 929 1003 1070 
f 1210 1003 929 
f 929 1070 1337 
f 1337 1128 929 
f 929 1128 1539 
f 929 1188 1247 
f 1539 1188 929 
f 1247 1210 929 
f 930 937 1247 
f 2079 937 930 
f 1247 1188 930 
f 930 1188 1757 
f 1757 1341 930 
f 931 1698 2052 
f 2097 1698 931 
f 931 2052 2343 
f 3278 2097 931 
f 931 2343 3278 
f 1135 993 933 
f 1309 1135 933 
f 1370 1297 934 
f 934 1297 1794 
f 2962 1370 934 
f 1794 1683 934 
f 935 1087 1184 
f 1256 1087 935 
f 935 1184 1619 
f 1547 1256 935 
f 2541 1547 935 
f 935 1619 2541 
f 1274 1220 936 
f 1412 1274 936 
f 2000 1412 936 
f 936 1511 2359 
f 2359 2000 936 
f 2087 1247 937 
f 937 2079 2084 
f 937 2084 2087 
f 2964 1182 938 
f 1980 1320 938 
f 938 1320 2964 
f 938 1708 1980 
f 939 1056 1862 
f 2617 1056 939 
f 939 1394 1853 
f 1853 1503 939 
f 939 1503 2617 
f 948 942 940 
f 940 942 1733 
f 2485 948 940 
f 2356 1025 940 
f 940 1025 2485 
f 3087 945 941 
f 941 3079 3096 
f 3096 3087 941 
f 942 948 1617 
f 942 1415 1733 
f 1811 1415 942 
f 1617 1536 942 
f 942 1536 1811 
f 2350 1461 943 
f 943 1461 3200 
f 943 1540 2182 
f 2411 1540 943 
f 943 2182 2350 
f 3847 2411 943 
f 943 3200 3847 
f 1560 968 944 
f 944 968 1609 
f 2041 1560 944 
f 944 1609 1700 
f 944 1700 2041 
f 946 947 1696 
f 2231 947 946 
f 1696 966 946 
f 946 966 1863 
f 1667 1426 946 
f 1863 1667 946 
f 947 1327 1997 
f 2231 1327 947 
f 2057 1696 947 
f 948 1083 1617 
f 2978 1083 948 
f 948 2485 2978 
f 949 3086 3087 
f 3093 3086 949 
f 949 3087 3096 
f 3752 3093 949 
f 3096 3095 949 
f 949 3095 3752 
f 950 1062 3325 
f 3750 1062 950 
f 950 3325 4316 
f 3790 3750 950 
f 4316 3790 950 
f 951 953 2292 
f 3420 953 951 
f 1714 954 951 
f 951 954 3420 
f 2470 1714 951 
f 1855 1836 951 
f 951 1836 2470 
f 2292 1855 951 
f 952 1334 1737 
f 2505 1334 952 
f 952 1737 3425 
f 3425 2505 952 
f 953 1219 2028 
f 2129 1219 953 
f 953 2028 2292 
f 3420 2129 953 
f 954 1335 1955 
f 2938 1335 954 
f 954 1714 2938 
f 954 1955 3420 
f 955 1160 2276 
f 955 2276 2870 
f 955 2870 4035 
f 956 1188 1539 
f 1757 1188 956 
f 956 1539 1855 
f 2321 1757 956 
f 956 1855 2292 
f 2292 2028 956 
f 956 2028 2895 
f 2895 2321 956 
f 3239 1126 957 
f 2753 2556 957 
f 957 2556 3239 
f 958 1404 3830 
f 3830 2753 958 
f 958 2753 3996 
f 958 3321 3880 
f 3996 3321 958 
f 959 1372 2052 
f 2733 1372 959 
f 2052 1698 959 
f 959 1960 2733 
f 960 2069 3066 
f 960 3066 3321 
f 960 3321 3996 
f 961 977 1007 
f 1912 977 961 
f 961 980 1912 
f 1918 980 961 
f 961 1007 4305 
f 4305 1918 961 
f 962 1172 1756 
f 1662 1176 962 
f 2677 1662 962 
f 962 1756 2677 
f 963 972 1927 
f 963 1927 3098 
f 3098 3089 963 
f 964 1125 1298 
f 1498 1125 964 
f 964 1361 1426 
f 964 1426 1498 
f 1734 1700 965 
f 966 1225 1283 
f 2057 1225 966 
f 966 1283 1863 
f 966 1696 2057 
f 967 2434 2659 
f 967 2528 2615 
f 2659 2528 967 
f 968 1098 1332 
f 1383 1098 968 
f 968 1183 1961 
f 1560 1383 968 
f 1961 1609 968 
f 1779 1308 969 
f 969 1308 2205 
f 2269 1621 969 
f 969 1621 2610 
f 2610 1779 969 
f 969 2205 4101 
f 4101 2269 969 
f 970 984 1562 
f 2001 984 970 
f 1140 1025 970 
f 970 1025 2001 
f 2191 1140 970 
f 970 1562 2191 
f 971 1301 2890 
f 971 2385 3252 
f 3413 2385 971 
f 971 2890 3413 
f 972 1028 1927 
f 973 1265 1399 
f 2283 1265 973 
f 973 2010 2011 
f 973 2011 2283 
f 974 1607 3005 
f 3457 1607 974 
f 3005 2916 974 
f 974 2916 3007 
f 974 3007 3340 
f 974 3340 3695 
f 3695 3457 974 
f 975 1211 2002 
f 976 1371 1769 
f 2473 1371 976 
f 976 1513 1721 
f 1769 1513 976 
f 976 1766 2473 
f 1148 1007 977 
f 1371 1148 977 
f 1769 1371 977 
f 1856 1769 977 
f 1912 1856 977 
f 1541 980 978 
f 978 980 1918 
f 978 1274 1541 
f 1908 1274 978 
f 3079 1908 978 
f 1918 1910 978 
f 978 1910 3079 
f 979 1051 1648 
f 1770 1051 979 
f 1648 1112 979 
f 979 1112 1673 
f 979 1673 2081 
f 2001 1770 979 
f 2081 2001 979 
f 980 1541 1912 
f 4306 985 981 
f 2250 1629 981 
f 981 1629 4306 
f 2615 2250 981 
f 1849 1372 982 
f 982 1372 2733 
f 1867 1849 982 
f 2305 1867 982 
f 2733 1960 982 
f 983 1084 2053 
f 2721 1084 983 
f 983 2053 2226 
f 983 2226 2233 
f 983 2233 2721 
f 984 1035 1443 
f 1673 1035 984 
f 984 1443 1562 
f 2081 1673 984 
f 984 2001 2081 
f 985 1445 2576 
f 4306 1445 985 
f 985 2025 2064 
f 2576 2025 985 
f 986 1361 1403 
f 1426 1361 986 
f 986 1403 1647 
f 2417 1426 986 
f 986 1647 1679 
f 986 1679 2417 
f 2721 2233 987 
f 987 2233 3554 
f 2833 2721 987 
f 3494 2833 987 
f 987 3345 3494 
f 3554 3345 987 
f 2326 989 988 
f 3028 2326 988 
f 988 2819 3028 
f 3257 2819 988 
f 1819 1692 989 
f 989 1692 1865 
f 2326 1819 989 
f 989 1865 2211 
f 3590 1653 990 
f 990 1653 3668 
f 990 3488 4053 
f 3970 3590 990 
f 4053 3970 990 
f 991 1094 1111 
f 2025 1094 991 
f 991 1111 2522 
f 3580 2025 991 
f 2522 2134 991 
f 991 2134 3650 
f 992 1435 3050 
f 3055 1435 992 
f 1810 1472 992 
f 992 1472 3056 
f 992 1476 1810 
f 3050 1476 992 
f 3056 3055 992 
f 993 1135 1158 
f 993 1158 1251 
f 993 1251 1261 
f 994 2294 4086 
f 4157 2294 994 
f 994 3970 4053 
f 4086 3993 994 
f 994 4053 4157 
f 1278 1031 995 
f 995 1031 1572 
f 995 1572 1996 
f 996 1465 2756 
f 3345 1465 996 
f 2756 2407 996 
f 996 2407 2833 
f 996 2833 3494 
f 3494 3345 996 
f 2225 1551 997 
f 997 1574 2225 
f 3628 1574 997 
f 997 2134 3628 
f 2999 2389 998 
f 998 2389 3865 
f 998 2936 2999 
f 3865 2936 998 
f 1326 1246 999 
f 999 1246 2452 
f 2452 2280 999 
f 1279 1259 1000 
f 1000 1259 3070 
f 4308 1578 1000 
f 1000 3070 3082 
f 1000 3082 4308 
f 1998 1134 1001 
f 1001 1134 2489 
f 2998 1998 1001 
f 1001 2489 3342 
f 1001 3342 3833 
f 3833 3685 1001 
f 1002 1165 2690 
f 3843 1165 1002 
f 2690 1263 1002 
f 1002 1263 2997 
f 2997 2357 1002 
f 1002 2357 3843 
f 1071 1070 1003 
f 1192 1071 1003 
f 1379 1192 1003 
f 1003 1210 2087 
f 2087 1379 1003 
f 1004 1110 1623 
f 3707 1110 1004 
f 1004 1623 3723 
f 1004 1628 3707 
f 3723 3701 1004 
f 1550 1486 1005 
f 1005 1486 1763 
f 1650 1550 1005 
f 1815 1650 1005 
f 1005 1763 1930 
f 2792 1815 1005 
f 1005 1930 2792 
f 1006 1655 2135 
f 2597 1655 1006 
f 2136 1845 1006 
f 1006 1845 2597 
f 1006 2135 2919 
f 2970 2136 1006 
f 1006 2919 2970 
f 1478 1027 1007 
f 1007 1027 4305 
f 1007 1148 1478 
f 1138 1039 1008 
f 1008 1039 3715 
f 1831 1138 1008 
f 1950 1831 1008 
f 1008 1858 1950 
f 3715 1858 1008 
f 1275 1028 1009 
f 1009 1550 1650 
f 1009 1650 1815 
f 1010 1385 1697 
f 2240 1385 1010 
f 1010 1504 2240 
f 2640 1504 1010 
f 1010 1697 2598 
f 2598 1921 1010 
f 1010 1921 2640 
f 1011 1019 1179 
f 2172 1019 1011 
f 1179 1162 1011 
f 1011 1162 2500 
f 2217 2172 1011 
f 2762 1680 1012 
f 1012 1680 3126 
f 1012 2585 3900 
f 3904 2585 1012 
f 3878 2762 1012 
f 1012 2948 3878 
f 3900 2948 1012 
f 1012 3126 3904 
f 1013 1125 1354 
f 1420 1243 1013 
f 1013 1243 1486 
f 1013 1354 1420 
f 1013 1486 1550 
f 1014 1463 2047 
f 1291 1041 1015 
f 1924 1291 1015 
f 1015 1914 1924 
f 1016 1127 1687 
f 2174 1127 1016 
f 1687 1145 1016 
f 1016 1145 2043 
f 1016 2043 2174 
f 1017 1034 1957 
f 2391 1034 1017 
f 1930 1781 1017 
f 1017 1781 2391 
f 2792 1930 1017 
f 1519 1057 1018 
f 1018 1057 1780 
f 1780 1427 1018 
f 1018 1427 2176 
f 1018 1484 1519 
f 1558 1484 1018 
f 2176 1558 1018 
f 2542 1179 1019 
f 2172 2169 1019 
f 1019 2169 2331 
f 2068 1217 1020 
f 2067 1430 1020 
f 1021 1050 1196 
f 2219 1050 1021 
f 1021 1079 2323 
f 2359 1511 1022 
f 1022 1511 2974 
f 1022 1946 2996 
f 2996 2359 1022 
f 1401 1026 1023 
f 1023 1026 1718 
f 1582 1401 1023 
f 2030 1582 1023 
f 1023 1718 2144 
f 2144 2030 1023 
f 2425 1607 1024 
f 1024 1607 3457 
f 2732 2425 1024 
f 4065 2732 1024 
f 1024 3457 3695 
f 1024 3695 3902 
f 1024 3902 4065 
f 1025 1051 1770 
f 2356 1051 1025 
f 1025 1140 2485 
f 1025 1770 2001 
f 1026 1353 1718 
f 1780 1353 1026 
f 1026 1401 1627 
f 1026 1627 1780 
f 1027 1242 1250 
f 1478 1242 1027 
f 1027 1889 3106 
f 1027 3106 4305 
f 1028 1275 1927 
f 1899 1362 1029 
f 1029 1362 2289 
f 1029 1501 1899 
f 1029 2289 2823 
f 2176 1427 1030 
f 1030 1427 2347 
f 1030 1715 1791 
f 1030 1791 2439 
f 2439 2176 1030 
f 1031 1278 2104 
f 2290 1572 1031 
f 1031 2104 3419 
f 3419 2290 1031 
f 1032 1414 1737 
f 2178 1414 1032 
f 1737 1598 1032 
f 1032 1598 2178 
f 1033 1131 1259 
f 2235 1131 1033 
f 1033 1259 1279 
f 1033 1279 1467 
f 1467 1415 1033 
f 1034 1121 1957 
f 2146 1121 1034 
f 1034 1253 2146 
f 2391 1253 1034 
f 1035 1057 1519 
f 2114 1057 1035 
f 1035 1418 1443 
f 1519 1418 1035 
f 1035 1673 2114 
f 1036 2216 3314 
f 3357 2216 1036 
f 1036 2448 2482 
f 3314 2448 1036 
f 1036 2482 3900 
f 1036 2639 3357 
f 3900 2639 1036 
f 1037 1094 2025 
f 1037 1445 1819 
f 2576 1445 1037 
f 1037 1819 2326 
f 1037 2025 2576 
f 2326 2127 1037 
f 1038 1175 2230 
f 2375 1175 1038 
f 1038 1576 2375 
f 3222 1576 1038 
f 1038 2230 3222 
f 1039 1138 1281 
f 1281 1248 1039 
f 1039 1248 1895 
f 1895 1294 1039 
f 1039 1294 3715 
f 1294 1169 1040 
f 3715 1294 1040 
f 1040 2147 2150 
f 1040 2150 4080 
f 4080 3715 1040 
f 1741 1162 1041 
f 1041 1291 1741 
f 1042 1043 2046 
f 2112 1043 1042 
f 1042 1244 1306 
f 2046 1244 1042 
f 1042 1306 1616 
f 1042 1616 2078 
f 1042 2078 2112 
f 1874 1209 1043 
f 1043 1209 2046 
f 1932 1874 1043 
f 2850 1932 1043 
f 1043 2112 2850 
f 1044 1306 1611 
f 1616 1306 1044 
f 1044 1530 1616 
f 1790 1530 1044 
f 1044 1611 2147 
f 1045 1232 1613 
f 1046 1065 1193 
f 1046 1193 1387 
f 1047 1698 2097 
f 1047 2097 4009 
f 1736 1189 1048 
f 1048 1189 3865 
f 2274 1736 1048 
f 2389 2274 1048 
f 3865 2389 1048 
f 2090 1050 1049 
f 1049 1050 2128 
f 1049 1563 1823 
f 2365 1563 1049 
f 2379 2090 1049 
f 1049 2128 2365 
f 1785 1196 1050 
f 2090 1785 1050 
f 2219 2128 1050 
f 1051 1578 1648 
f 1079 1064 1052 
f 1052 1064 1097 
f 1052 1097 2255 
f 1052 2255 2273 
f 1345 1180 1053 
f 1053 1180 1947 
f 1715 1345 1053 
f 1791 1715 1053 
f 1947 1771 1053 
f 1053 1771 2110 
f 2110 1791 1053 
f 2160 1311 1054 
f 2715 1881 1054 
f 1054 1881 3058 
f 1054 1909 2715 
f 3058 2160 1054 
f 1055 1668 2950 
f 3208 1668 1055 
f 1886 1846 1055 
f 1055 1846 3208 
f 2950 1886 1055 
f 2617 1507 1056 
f 1056 1507 3774 
f 2159 1862 1056 
f 3774 2159 1056 
f 1057 1353 1780 
f 2114 1353 1057 
f 1721 1513 1058 
f 1058 1513 1769 
f 1058 1769 1856 
f 1058 1856 3768 
f 3768 3272 1058 
f 1059 1429 3050 
f 3058 1429 1059 
f 3050 1435 1059 
f 1059 1435 3055 
f 1059 3055 4092 
f 4083 3058 1059 
f 4093 4083 1059 
f 1059 4092 4093 
f 1060 1061 1063 
f 2072 1061 1060 
f 1060 1063 1254 
f 1254 1089 1060 
f 3783 1063 1061 
f 1061 2072 3169 
f 1061 3169 3783 
f 1189 1069 1062 
f 1062 1069 3325 
f 3865 1189 1062 
f 1062 3750 3865 
f 4309 1254 1063 
f 1063 3783 4309 
f 1633 1193 1065 
f 1106 1082 1066 
f 1066 1082 1262 
f 2070 1106 1066 
f 1066 1262 2413 
f 1066 1391 2070 
f 2413 1391 1066 
f 1067 1076 2225 
f 2225 1132 1067 
f 1067 1132 3549 
f 1067 1134 1998 
f 3549 1134 1067 
f 1068 1227 1808 
f 1808 1406 1068 
f 1068 1406 2181 
f 1068 1588 2065 
f 2181 1588 1068 
f 1069 1189 1736 
f 1069 1736 2760 
f 1069 2760 3325 
f 1070 1071 2801 
f 2801 1337 1070 
f 1071 1159 1719 
f 3849 1159 1071 
f 1192 1186 1071 
f 1071 1186 3849 
f 1071 1719 2801 
f 1120 1099 1072 
f 1072 1099 1186 
f 3256 1120 1072 
f 1072 1186 1192 
f 1072 1192 3191 
f 1072 3191 3256 
f 1073 1080 3758 
f 3935 1105 1073 
f 3758 3338 1073 
f 1073 3338 4028 
f 4028 3935 1073 
f 1074 1083 1113 
f 1617 1083 1074 
f 1074 1099 1120 
f 1303 1099 1074 
f 1074 1113 2238 
f 1074 1120 1617 
f 2238 1303 1074 
f 1969 1339 1075 
f 2029 1969 1075 
f 1559 1551 1076 
f 1076 1551 2225 
f 1864 1559 1076 
f 1077 1100 1213 
f 2367 1100 1077 
f 1077 1213 2108 
f 1077 2198 2367 
f 2183 1097 1078 
f 1078 1167 1440 
f 1078 2139 2183 
f 1838 1325 1081 
f 1081 1325 2041 
f 2041 1587 1081 
f 1081 1799 1838 
f 1082 1106 3068 
f 3068 1903 1082 
f 2414 1113 1083 
f 2978 2414 1083 
f 1084 1464 2582 
f 2721 1464 1084 
f 2119 2053 1084 
f 2582 2119 1084 
f 1268 1198 1085 
f 1085 1198 1296 
f 1764 1268 1085 
f 1085 1296 2038 
f 1884 1764 1085 
f 2038 1884 1085 
f 3381 2628 1086 
f 1086 2628 3603 
f 1086 3190 3381 
f 3603 3329 1086 
f 1087 1093 1139 
f 1256 1093 1087 
f 1088 1725 2868 
f 2901 1725 1088 
f 1088 2256 3603 
f 3766 2256 1088 
f 1088 2868 3432 
f 3885 2901 1088 
f 1088 3432 3766 
f 1088 3603 3885 
f 1089 1254 1305 
f 1089 1305 1880 
f 1089 1880 1953 
f 1089 1953 2314 
f 2314 2057 1089 
f 1759 1150 1090 
f 1090 1150 3923 
f 3829 1759 1090 
f 1091 1226 2697 
f 1091 2697 3589 
f 2952 2550 1092 
f 1092 2550 3842 
f 1092 2566 3755 
f 3755 2952 1092 
f 3180 1139 1093 
f 1093 1256 2638 
f 2638 1753 1093 
f 1093 1753 3180 
f 1357 1146 1095 
f 1097 2183 2255 
f 1098 1271 1332 
f 1702 1271 1098 
f 1098 1383 2251 
f 2251 1702 1098 
f 3849 1186 1099 
f 1099 1303 3849 
f 1640 1213 1100 
f 1100 1234 1640 
f 2510 1234 1100 
f 1100 2367 2510 
f 1194 1173 1101 
f 1674 1194 1101 
f 2144 2116 1102 
f 1102 2116 3091 
f 3761 2144 1102 
f 1102 3091 3751 
f 1102 3751 3761 
f 1929 1163 1103 
f 1103 1163 2714 
f 2572 1929 1103 
f 1103 2387 2708 
f 2714 2387 1103 
f 2708 2572 1103 
f 1296 1198 1104 
f 4307 1296 1104 
f 3935 3351 1105 
f 1105 3351 4056 
f 4310 4048 1105 
f 1105 4056 4310 
f 3147 3068 1106 
f 2038 1408 1107 
f 1107 1408 2383 
f 1107 1938 2805 
f 2864 1938 1107 
f 2805 2038 1107 
f 1107 2383 2436 
f 1107 2436 2864 
f 1608 1232 1108 
f 2109 1608 1108 
f 2155 2109 1108 
f 1109 2438 3487 
f 3535 2438 1109 
f 1109 2493 2563 
f 3709 2493 1109 
f 1109 2563 4070 
f 1109 3487 3709 
f 4070 3535 1109 
f 3707 1594 1110 
f 1706 1623 1110 
f 3705 1706 1110 
f 1110 2330 3705 
f 1111 1116 2522 
f 1112 1447 2114 
f 2116 1447 1112 
f 1112 1648 4308 
f 2114 1673 1112 
f 4308 2116 1112 
f 1113 1887 2138 
f 2803 1887 1113 
f 1113 2138 2444 
f 2444 2238 1113 
f 1113 2414 2803 
f 1114 2194 3238 
f 3248 2194 1114 
f 3238 2264 1114 
f 1114 2264 3248 
f 1593 1574 1116 
f 1116 1574 3628 
f 3628 2522 1116 
f 1328 1286 1117 
f 1339 1204 1118 
f 1347 1339 1118 
f 1119 1982 3764 
f 1120 1319 2089 
f 3256 1319 1120 
f 1120 1536 1617 
f 2089 1536 1120 
f 1121 1237 1255 
f 1312 1237 1121 
f 1121 1255 1957 
f 2146 1312 1121 
f 3678 2316 1122 
f 1406 1265 1123 
f 1123 1265 2283 
f 2181 1406 1123 
f 2011 1588 1123 
f 1123 1588 2181 
f 2283 2011 1123 
f 1124 1556 2533 
f 1498 1342 1125 
f 1125 1342 2587 
f 2587 1354 1125 
f 3243 2348 1126 
f 1126 2348 3365 
f 3239 2354 1126 
f 1126 2354 3243 
f 2073 1141 1127 
f 2174 2073 1127 
f 1128 1130 1221 
f 1337 1130 1128 
f 1128 1221 2938 
f 1836 1539 1128 
f 2470 1836 1128 
f 2938 2470 1128 
f 2727 1759 1129 
f 1129 1759 3829 
f 1129 2572 2990 
f 3829 2572 1129 
f 2990 2727 1129 
f 1719 1191 1130 
f 1130 1191 2464 
f 2464 1221 1130 
f 1130 1337 2801 
f 2801 1719 1130 
f 3070 1259 1131 
f 1131 1272 3070 
f 2235 1387 1131 
f 1132 1574 1593 
f 2225 1574 1132 
f 1132 1593 1605 
f 1132 1605 3549 
f 3549 2489 1134 
f 1269 1158 1135 
f 1136 2179 2229 
f 3179 2179 1136 
f 1136 2229 3187 
f 3184 3179 1136 
f 3187 3184 1136 
f 1137 1174 2548 
f 3359 1174 1137 
f 2548 2274 1137 
f 1137 2274 3359 
f 1831 1281 1138 
f 2191 1231 1140 
f 1140 1231 2414 
f 1140 2414 2978 
f 2978 2485 1140 
f 2073 1326 1141 
f 1654 1233 1142 
f 1142 1233 2286 
f 1142 1408 1654 
f 2383 1408 1142 
f 1142 2286 2608 
f 2608 2383 1142 
f 2956 2584 1143 
f 1143 2584 3875 
f 1143 2743 2956 
f 3682 2743 1143 
f 3401 2892 1143 
f 1143 2892 3682 
f 3875 3401 1143 
f 1144 1256 1547 
f 2638 1256 1144 
f 1144 1547 2397 
f 2397 2032 1144 
f 1144 2032 2638 
f 1145 1687 2864 
f 1147 2869 3740 
f 3859 2869 1147 
f 4029 3859 1147 
f 1148 1371 1776 
f 1517 1478 1148 
f 1595 1517 1148 
f 1776 1595 1148 
f 1150 1759 2727 
f 2727 2672 1150 
f 1151 2710 2834 
f 2883 2710 1151 
f 3306 2883 1151 
f 1152 1936 2319 
f 3445 1936 1152 
f 1152 2319 2883 
f 2883 2814 1152 
f 1152 2814 3445 
f 2015 1307 1153 
f 2063 2015 1153 
f 3069 2063 1153 
f 1154 1194 1674 
f 2816 1194 1154 
f 1343 1324 1154 
f 1154 1324 2341 
f 1674 1343 1154 
f 1154 2341 2816 
f 1155 1649 3175 
f 3196 1649 1155 
f 3175 2089 1155 
f 1155 2089 3196 
f 1156 3104 3355 
f 3828 3104 1156 
f 1156 3355 4022 
f 4022 3828 1156 
f 2568 1365 1157 
f 1157 1365 3362 
f 1157 1748 2695 
f 2746 1748 1157 
f 2796 2568 1157 
f 1157 2695 2796 
f 3362 2746 1157 
f 1402 1251 1158 
f 1598 1381 1159 
f 1159 1381 1719 
f 2178 1598 1159 
f 3849 2178 1159 
f 1160 1170 2276 
f 2348 1170 1160 
f 3365 2348 1160 
f 1161 1238 1265 
f 1161 1265 1406 
f 1162 1741 2500 
f 2877 1425 1163 
f 1163 1929 2866 
f 1163 2866 2877 
f 1164 1310 2119 
f 2496 1310 1164 
f 2119 1335 1164 
f 1164 1335 2496 
f 1165 2266 2690 
f 3355 2266 1165 
f 3843 3355 1165 
f 1166 1257 1260 
f 1502 1257 1166 
f 1168 1508 1755 
f 2264 1508 1168 
f 1168 1755 2261 
f 1168 2261 4311 
f 4311 2264 1168 
f 1169 1294 1895 
f 1775 1664 1169 
f 1895 1775 1169 
f 1170 1181 1195 
f 2348 1181 1170 
f 1170 1195 1543 
f 1170 1543 2527 
f 3390 2276 1170 
f 1170 2527 3390 
f 1171 2148 4081 
f 4081 2150 1171 
f 1172 1332 1995 
f 1173 1194 1411 
f 1173 1411 1634 
f 1174 2419 2786 
f 3123 2419 1174 
f 2786 2548 1174 
f 3876 3123 1174 
f 1174 3359 3592 
f 1174 3592 3876 
f 2375 2076 1175 
f 1175 2076 3186 
f 3186 2230 1175 
f 1176 1318 1490 
f 1662 1318 1176 
f 1177 1491 2315 
f 3048 1491 1177 
f 2315 1768 1177 
f 1177 1768 2855 
f 1177 2511 2810 
f 2855 2511 1177 
f 1177 2810 3048 
f 2093 1439 1178 
f 1178 1439 2582 
f 1178 1566 2093 
f 2582 1566 1178 
f 2542 2108 1179 
f 1180 1345 4083 
f 1180 1852 1947 
f 4083 1852 1180 
f 1208 1195 1181 
f 2830 1208 1181 
f 1181 2348 3565 
f 3565 2830 1181 
f 2095 1535 1182 
f 2964 2095 1182 
f 1183 1417 1608 
f 1183 1608 1961 
f 1184 1341 1619 
f 1185 1257 2196 
f 1396 1273 1185 
f 2196 1396 1185 
f 3486 2260 1187 
f 1187 2260 4174 
f 1187 2406 3471 
f 3816 2406 1187 
f 1187 3471 3486 
f 4174 3816 1187 
f 3367 2178 1190 
f 1190 2178 3849 
f 1190 2477 3367 
f 3849 2477 1190 
f 2453 1288 1191 
f 1191 1288 2464 
f 1719 1381 1191 
f 1191 1381 2453 
f 1192 1379 3191 
f 1359 1227 1193 
f 1633 1359 1193 
f 2816 1411 1194 
f 1195 1208 2937 
f 3016 1543 1195 
f 2937 2422 1195 
f 1195 2422 3016 
f 1785 1282 1196 
f 1196 1282 1969 
f 3159 1322 1197 
f 1197 1322 3238 
f 1197 2088 3159 
f 3193 2088 1197 
f 3238 3193 1197 
f 1198 1268 1818 
f 1198 1818 2071 
f 3845 2925 1199 
f 1199 2925 4021 
f 4223 3845 1199 
f 1200 2045 2461 
f 3773 2045 1200 
f 1200 2137 2275 
f 1200 2275 3773 
f 1200 2461 2667 
f 1201 1872 2719 
f 2565 1824 1202 
f 1202 1824 3997 
f 1202 1948 2565 
f 2629 1948 1202 
f 3997 2629 1202 
f 1203 1328 1329 
f 1204 1282 1882 
f 1969 1282 1204 
f 1882 1333 1204 
f 1204 1339 1969 
f 1206 2339 2508 
f 2592 2339 1206 
f 1206 2508 2637 
f 3942 2592 1206 
f 2056 1214 1207 
f 1207 2008 2056 
f 3730 2008 1207 
f 1207 2060 3730 
f 2841 1212 1208 
f 1208 1212 2937 
f 2830 1223 1208 
f 1208 1223 2841 
f 1209 1244 2046 
f 2153 1244 1209 
f 1868 1432 1209 
f 1209 1432 4082 
f 1874 1868 1209 
f 4082 2153 1209 
f 1210 1247 2087 
f 1211 1214 2056 
f 2056 2002 1211 
f 1212 2849 3977 
f 3977 2937 1212 
f 1213 1640 2108 
f 1347 1329 1215 
f 1215 1339 1347 
f 1217 1374 1380 
f 1911 1374 1217 
f 2068 1911 1217 
f 1219 1619 2028 
f 2541 1619 1219 
f 1219 1830 2093 
f 2129 1830 1219 
f 1219 2093 2541 
f 1220 1274 1908 
f 2464 1752 1221 
f 1221 1752 2496 
f 1221 2496 2938 
f 1222 2004 3784 
f 3339 2687 1222 
f 3784 3339 1222 
f 2380 2069 1223 
f 2830 2380 1223 
f 1407 1311 1224 
f 1224 1311 1689 
f 1489 1407 1224 
f 2441 1283 1225 
f 1225 2057 2314 
f 1225 2314 2479 
f 2479 2441 1225 
f 1226 1684 3888 
f 3888 2697 1226 
f 1227 1359 1808 
f 1228 1705 2653 
f 2744 1705 1228 
f 1228 2250 2402 
f 2653 2250 1228 
f 1229 2048 2188 
f 1229 2188 3032 
f 3032 3009 1229 
f 2080 1644 1230 
f 1230 1644 2442 
f 1230 1933 2080 
f 2537 1933 1230 
f 1230 2442 2446 
f 1230 2446 2537 
f 1231 1562 1600 
f 2191 1562 1231 
f 1231 1600 1887 
f 1231 1887 2803 
f 2803 2414 1231 
f 1608 1417 1232 
f 1232 1417 1613 
f 1907 1599 1233 
f 1233 1599 2286 
f 1233 1654 4307 
f 4307 1907 1233 
f 1234 1416 1751 
f 2703 1416 1234 
f 1751 1640 1234 
f 2510 1866 1234 
f 1234 1866 2703 
f 1278 1250 1235 
f 1235 1250 2328 
f 2104 1278 1235 
f 2655 2104 1235 
f 1235 2328 2793 
f 2793 2655 1235 
f 1566 1313 1236 
f 1236 1313 2827 
f 2093 1566 1236 
f 1236 1656 2293 
f 2827 1656 1236 
f 2541 2093 1236 
f 1236 2293 2541 
f 1280 1255 1237 
f 1399 1265 1238 
f 1241 2783 3318 
f 3669 2783 1241 
f 2328 1250 1242 
f 1242 1478 1517 
f 1242 1517 2460 
f 2632 2328 1242 
f 1242 2460 2632 
f 1243 1420 1954 
f 1954 1486 1243 
f 2157 1306 1244 
f 1244 2153 2157 
f 3134 2946 1245 
f 1245 2946 3806 
f 1246 1326 2073 
f 2073 2072 1246 
f 1248 1281 2175 
f 2175 1895 1248 
f 1590 1369 1249 
f 1249 1369 3417 
f 1514 1455 1249 
f 1249 1455 1590 
f 2051 1514 1249 
f 3417 2051 1249 
f 3998 2447 1252 
f 3929 2929 1252 
f 1252 2929 4061 
f 4061 3998 1252 
f 1253 1469 1858 
f 2391 1469 1253 
f 1253 1858 3034 
f 3034 2146 1253 
f 4309 1305 1254 
f 1257 1502 2196 
f 1262 1488 1661 
f 1263 1436 3313 
f 1263 2189 2997 
f 3313 2189 1263 
f 1395 1323 1264 
f 1264 1323 2006 
f 1905 1346 1266 
f 1266 1346 3177 
f 2184 1793 1266 
f 1266 1793 3793 
f 3020 1905 1266 
f 3177 2184 1266 
f 3793 3020 1266 
f 1267 1548 2236 
f 1267 2236 2607 
f 2607 2555 1267 
f 1267 2555 3921 
f 1268 1764 1818 
f 1590 1352 1270 
f 1270 1352 1774 
f 2358 1590 1270 
f 1270 1774 2735 
f 1270 2268 2358 
f 2735 2268 1270 
f 1995 1332 1271 
f 1272 2065 2066 
f 1272 2066 3070 
f 1274 1412 1541 
f 3542 3470 1276 
f 1277 2430 2879 
f 3221 2430 1277 
f 1277 2738 3221 
f 4222 2738 1277 
f 1277 2879 4222 
f 2115 1388 1281 
f 1281 1388 2175 
f 1281 1831 2386 
f 2386 2115 1281 
f 1282 1785 2277 
f 2277 1882 1282 
f 1283 1342 1863 
f 2441 1342 1283 
f 2154 1803 1284 
f 2157 2153 1284 
f 1284 2153 3780 
f 3780 2154 1284 
f 2158 2157 1284 
f 1285 2243 2578 
f 3946 2243 1285 
f 1285 2578 3622 
f 3387 2530 1287 
f 1288 1310 1752 
f 2502 1310 1288 
f 1288 1752 2464 
f 2453 1809 1288 
f 1288 1809 2502 
f 3234 2767 1289 
f 1289 2835 3234 
f 2429 2201 1290 
f 1290 2201 3652 
f 2511 2429 1290 
f 3234 2511 1290 
f 1290 2767 3234 
f 3652 2767 1290 
f 1940 1318 1291 
f 1833 1741 1291 
f 1291 1924 1940 
f 1737 1334 1292 
f 1292 1334 1809 
f 1292 1598 1737 
f 2453 1598 1292 
f 1292 1809 2453 
f 3481 2492 1293 
f 1293 2492 4026 
f 4027 3481 1293 
f 1293 4026 4242 
f 4242 4027 1293 
f 1295 2737 3260 
f 3873 2737 1295 
f 2784 2780 1295 
f 1295 2780 3577 
f 3260 2784 1295 
f 1295 3577 3873 
f 1654 1408 1296 
f 1296 1408 2038 
f 4307 1654 1296 
f 1297 1320 1531 
f 3300 1320 1297 
f 1297 1370 2967 
f 1297 1531 1794 
f 1297 2967 3300 
f 1919 1356 1299 
f 1300 1372 1849 
f 2759 1372 1300 
f 1300 1629 2653 
f 4306 1629 1300 
f 1300 1849 4306 
f 1300 2653 2759 
f 1302 1415 1811 
f 1811 1536 1302 
f 1302 1536 2089 
f 1302 2089 3175 
f 3175 2295 1302 
f 1303 2238 2444 
f 1303 2444 2477 
f 1303 2477 3849 
f 1304 1663 3148 
f 3148 2643 1304 
f 4309 1880 1305 
f 2157 1611 1306 
f 1679 1647 1307 
f 1959 1679 1307 
f 1307 2015 2197 
f 1308 1526 4103 
f 4262 2205 1308 
f 4103 3769 1308 
f 1308 3769 4262 
f 1310 1492 1848 
f 2502 1492 1310 
f 2496 1752 1310 
f 1310 1848 2119 
f 2160 1689 1311 
f 3057 1376 1312 
f 1312 2146 3057 
f 1313 1386 1899 
f 2301 1386 1313 
f 1566 1421 1313 
f 1313 1421 2301 
f 1313 1899 2827 
f 2148 1678 1314 
f 1314 1678 3337 
f 2518 2148 1314 
f 1315 1727 2689 
f 3207 1727 1315 
f 2362 1796 1315 
f 2689 2362 1315 
f 2394 1444 1316 
f 1316 1444 2857 
f 1316 1571 1973 
f 2857 1571 1316 
f 1316 1973 4224 
f 1316 2040 2394 
f 4224 2040 1316 
f 2007 1972 1317 
f 1317 2002 2007 
f 1940 1490 1318 
f 3196 2089 1319 
f 3256 3196 1319 
f 1980 1531 1320 
f 3727 2964 1320 
f 1320 3300 3727 
f 2600 2253 1321 
f 1321 2253 2902 
f 3159 1348 1322 
f 1322 1348 3786 
f 3786 3238 1322 
f 1324 1331 3540 
f 1324 2113 2341 
f 3540 2113 1324 
f 1325 1560 2041 
f 3857 1560 1325 
f 1613 1417 1330 
f 1331 1448 1462 
f 1331 1462 4304 
f 4304 3540 1331 
f 1333 1882 2908 
f 2908 2656 1333 
f 2062 1625 1334 
f 1334 1625 2142 
f 2142 1809 1334 
f 2505 2062 1334 
f 1335 1439 1955 
f 2119 1439 1335 
f 2938 2496 1335 
f 1336 3317 4038 
f 2050 1972 1338 
f 1338 1972 2055 
f 1340 1600 1712 
f 2421 1600 1340 
f 1340 1688 1901 
f 2605 1688 1340 
f 1340 1712 2605 
f 1340 1901 2421 
f 2321 1619 1341 
f 1341 1757 2321 
f 1342 1498 1863 
f 2441 1795 1342 
f 1342 1795 2587 
f 2185 1420 1344 
f 1344 1420 2587 
f 1344 1795 2441 
f 2587 1795 1344 
f 1344 1878 1921 
f 2441 1878 1344 
f 1344 1921 2185 
f 1345 1689 2160 
f 1345 2160 4083 
f 1346 1660 3177 
f 3792 1660 1346 
f 1346 1905 2281 
f 1346 2281 3792 
f 1523 1521 1348 
f 1348 1521 3786 
f 1871 1523 1348 
f 1349 2266 3355 
f 1349 3355 3379 
f 1590 1455 1352 
f 1352 1455 3593 
f 3593 1774 1352 
f 2114 1718 1353 
f 2587 1420 1354 
f 1443 1418 1355 
f 1355 1418 2588 
f 2213 1443 1355 
f 1355 1712 2213 
f 2588 1712 1355 
f 1356 1919 2198 
f 1360 2624 2860 
f 1362 1514 2289 
f 2371 1514 1362 
f 1362 1899 2304 
f 1362 2304 2696 
f 2696 2371 1362 
f 1751 1416 1363 
f 2555 2208 1364 
f 1364 2208 3352 
f 4024 2555 1364 
f 1365 2568 4314 
f 3914 3362 1365 
f 1365 3467 3914 
f 4314 3467 1365 
f 1366 2568 2796 
f 3426 2568 1366 
f 2796 2704 1366 
f 1366 2704 4291 
f 1366 3133 3426 
f 4291 3133 1366 
f 3379 3104 1367 
f 2888 2020 1368 
f 1369 1590 2358 
f 2598 1697 1369 
f 1369 1697 3417 
f 1369 2358 2598 
f 1370 2962 2967 
f 2143 1776 1371 
f 2473 2143 1371 
f 2343 2052 1372 
f 2759 2343 1372 
f 1373 1655 2597 
f 3056 1655 1373 
f 1373 1845 2156 
f 2597 1845 1373 
f 2156 2154 1373 
f 1373 2154 3046 
f 1373 3046 3056 
f 1462 1380 1374 
f 2663 1462 1374 
f 1374 1911 2647 
f 1374 2647 2663 
f 3057 1729 1376 
f 3186 2076 1377 
f 1377 2077 3186 
f 2634 2445 1378 
f 1378 2445 4179 
f 2880 2634 1378 
f 4191 2880 1378 
f 4179 2897 1378 
f 1378 2897 4191 
f 1379 2087 3191 
f 1462 1448 1380 
f 1381 1598 2453 
f 2536 1464 1382 
f 1382 1464 2721 
f 2826 1553 1382 
f 1382 1553 2876 
f 2721 2407 1382 
f 1382 2407 2826 
f 2876 2536 1382 
f 1383 1560 2681 
f 2681 2251 1383 
f 1384 1843 2674 
f 3371 1843 1384 
f 1384 2674 4142 
f 1384 2705 2886 
f 4142 2705 1384 
f 1384 2886 3371 
f 2308 1697 1385 
f 2240 2022 1385 
f 1385 2022 2567 
f 2567 2308 1385 
f 2301 1505 1386 
f 1386 1505 2304 
f 2304 1899 1386 
f 2131 1577 1388 
f 1388 1577 2175 
f 2115 1807 1388 
f 1388 1807 2131 
f 1389 1735 2676 
f 1389 2265 2544 
f 3029 2265 1389 
f 1389 2676 3029 
f 1390 1661 2451 
f 2451 1894 1390 
f 1390 1894 3144 
f 1391 1621 2963 
f 1391 2963 4318 
f 1393 1742 2165 
f 2709 1742 1393 
f 1393 2340 3078 
f 3078 2709 1393 
f 2068 1786 1394 
f 1394 1786 3150 
f 3150 1853 1394 
f 1394 1911 2068 
f 2461 2049 1395 
f 2667 2461 1395 
f 4210 2137 1396 
f 1396 2196 2917 
f 2917 2557 1396 
f 1396 2557 4210 
f 1906 1758 1397 
f 1397 1758 3062 
f 2914 1862 1397 
f 1397 1862 3156 
f 3156 1906 1397 
f 1397 2468 2914 
f 4304 2468 1397 
f 1397 3062 4304 
f 1398 1832 3114 
f 3244 2336 1400 
f 1400 2336 3788 
f 1400 2603 3244 
f 1651 1627 1401 
f 1405 1636 1641 
f 1740 1636 1405 
f 1405 1641 3247 
f 3219 1740 1405 
f 1405 2180 3219 
f 3247 2180 1405 
f 1409 2790 3879 
f 2161 1548 1410 
f 4168 2161 1410 
f 1410 2471 4168 
f 2218 1634 1411 
f 3203 2218 1411 
f 1411 2816 3203 
f 2121 1541 1412 
f 1412 2000 2121 
f 3927 3396 1413 
f 1413 3396 3981 
f 3425 1737 1414 
f 1414 2178 3367 
f 1414 3367 3425 
f 1415 1467 1733 
f 2459 1812 1416 
f 2703 2459 1416 
f 1519 1494 1418 
f 1418 1494 2442 
f 1418 2442 2588 
f 1419 1934 2481 
f 2520 1934 1419 
f 1419 2481 4144 
f 3047 2520 1419 
f 3163 3047 1419 
f 4144 3163 1419 
f 2185 1954 1420 
f 1604 1422 1421 
f 1421 1422 2301 
f 1421 1566 2582 
f 2582 1604 1421 
f 1422 1505 2301 
f 2876 1505 1422 
f 1422 1604 2536 
f 1422 2536 2876 
f 3243 2354 1423 
f 1423 2354 3901 
f 1423 3192 3235 
f 3901 3192 1423 
f 1423 3235 3250 
f 3250 3243 1423 
f 2666 1716 1424 
f 1424 1716 3168 
f 3168 2278 1424 
f 1424 2278 3738 
f 1424 2284 3737 
f 3738 2284 1424 
f 3737 2666 1424 
f 4004 2791 1425 
f 1667 1498 1426 
f 1780 1627 1427 
f 1429 1584 3050 
f 3058 1584 1429 
f 2047 1463 1430 
f 2067 2047 1430 
f 1431 3638 3992 
f 4011 3638 1431 
f 1432 1477 1852 
f 1868 1477 1432 
f 1432 1852 4093 
f 4093 4082 1432 
f 1433 1890 4303 
f 2955 2309 1433 
f 2368 2310 1433 
f 1433 2310 2955 
f 4303 2368 1433 
f 1434 2944 3099 
f 3827 2944 1434 
f 1434 3099 3979 
f 3979 3827 1434 
f 1436 1840 3313 
f 1437 1542 2216 
f 3148 1542 1437 
f 1437 2216 3357 
f 1437 2785 3148 
f 3421 2785 1437 
f 1437 3357 3421 
f 3206 2660 1438 
f 1438 2660 3795 
f 1439 1830 1955 
f 2093 1830 1439 
f 1439 2119 2582 
f 4011 2372 1441 
f 2518 1941 1442 
f 1442 1941 4319 
f 3045 2518 1442 
f 1442 3033 3045 
f 4319 3033 1442 
f 2213 1562 1443 
f 1444 1675 2857 
f 3067 1675 1444 
f 2534 1928 1444 
f 1444 1928 3067 
f 1444 2394 4225 
f 4225 2534 1444 
f 1445 1692 1819 
f 4306 1692 1445 
f 1865 1692 1446 
f 1446 1692 4306 
f 1446 1849 1867 
f 4306 1849 1446 
f 2211 1865 1446 
f 1446 1867 2305 
f 1447 1718 2114 
f 2116 1718 1447 
f 1449 2488 2754 
f 3948 2488 1449 
f 1449 3893 3948 
f 3900 2585 1450 
f 1450 2585 3904 
f 3268 2639 1450 
f 1450 2639 3900 
f 1450 2701 3268 
f 3904 2701 1450 
f 1451 1888 2820 
f 3883 1888 1451 
f 2820 2776 1451 
f 1451 2776 4169 
f 1451 3615 3883 
f 4169 3615 1451 
f 1837 1508 1452 
f 1452 1508 2264 
f 3786 1837 1452 
f 1452 2264 3238 
f 1452 3238 3786 
f 2158 1532 1453 
f 2150 2147 1453 
f 1453 2147 2158 
f 1454 2700 3690 
f 3756 2700 1454 
f 3836 3756 1454 
f 1514 1479 1455 
f 1455 1479 1807 
f 1455 1807 3593 
f 1912 1541 1456 
f 1456 1541 2121 
f 3116 1912 1456 
f 1456 2121 3490 
f 3490 3116 1456 
f 1457 1589 2682 
f 3255 1589 1457 
f 1457 1618 2420 
f 3455 1618 1457 
f 1457 2420 3255 
f 1457 2682 3999 
f 4117 3455 1457 
f 1457 3999 4117 
f 1458 1662 2404 
f 2891 1833 1458 
f 1458 2404 2891 
f 3465 2706 1459 
f 1459 3354 3465 
f 1460 1475 2684 
f 3817 1475 1460 
f 2106 1723 1461 
f 1461 1723 3200 
f 4227 2106 1461 
f 1461 2350 2872 
f 1461 2872 3456 
f 1461 3456 4227 
f 1462 2663 4304 
f 2536 1604 1464 
f 1464 1604 2582 
f 1790 1767 1465 
f 1465 1767 2756 
f 3345 1790 1465 
f 1466 1606 3029 
f 3350 1606 1466 
f 1466 3029 3466 
f 3466 3350 1466 
f 2349 1520 1468 
f 1468 1520 3985 
f 1468 2242 2630 
f 3529 2242 1468 
f 2630 2349 1468 
f 3985 3529 1468 
f 1469 1583 1950 
f 3131 1583 1469 
f 2391 1781 1469 
f 1469 1781 3131 
f 1950 1858 1469 
f 1470 1672 2260 
f 3117 1672 1470 
f 2260 1893 1470 
f 1470 1893 3720 
f 3827 3117 1470 
f 1470 3720 3827 
f 3907 1765 1471 
f 1471 2431 3907 
f 1472 1665 3056 
f 1810 1671 1472 
f 1472 1671 3326 
f 1473 1679 1959 
f 2417 1679 1473 
f 1959 1722 1473 
f 1474 1806 3031 
f 3713 1806 1474 
f 2311 1869 1474 
f 1474 1869 3441 
f 3441 2171 1474 
f 1474 2171 3713 
f 3031 2311 1474 
f 1475 2817 3447 
f 3967 2817 1475 
f 1475 3817 3967 
f 1476 1496 1810 
f 3051 1496 1476 
f 1476 3050 3051 
f 2075 1852 1477 
f 1477 1868 2061 
f 2061 1873 1477 
f 1477 1873 2075 
f 1479 1514 2371 
f 2131 1807 1479 
f 1479 1971 2131 
f 2696 1971 1479 
f 1479 2371 2696 
f 2809 1923 1480 
f 1480 1923 4319 
f 4070 2809 1480 
f 1480 3312 4070 
f 4319 3312 1480 
f 1481 1888 2613 
f 2685 1888 1481 
f 1481 2613 3453 
f 3453 2685 1481 
f 1482 1898 2762 
f 3025 1898 1482 
f 2951 2223 1482 
f 1482 2223 3025 
f 1482 2762 3878 
f 3899 2951 1482 
f 1482 3878 3899 
f 1848 1492 1483 
f 1483 1492 2930 
f 1483 1493 1800 
f 2329 1493 1483 
f 1483 1800 1848 
f 2930 2329 1483 
f 1484 1494 1519 
f 2446 1494 1484 
f 1484 1558 2446 
f 1485 1504 2314 
f 3358 1504 1485 
f 1953 1880 1485 
f 1485 1880 3358 
f 2314 1953 1485 
f 1486 1565 1597 
f 1954 1565 1486 
f 1486 1597 1763 
f 3430 1935 1491 
f 1491 1935 4160 
f 3049 2315 1491 
f 1491 3048 3430 
f 4160 3049 1491 
f 1492 2502 2561 
f 1492 2561 2930 
f 2053 1800 1493 
f 2226 2053 1493 
f 2495 2226 1493 
f 1493 2329 2761 
f 2761 2495 1493 
f 2446 2442 1494 
f 2022 1591 1495 
f 1495 1591 2032 
f 2567 2022 1495 
f 1495 2032 2777 
f 1495 2513 2567 
f 2777 2513 1495 
f 4200 1810 1496 
f 3051 2932 1496 
f 1496 2932 3253 
f 3253 3118 1496 
f 1496 3118 4200 
f 1497 1870 2076 
f 1497 2076 2375 
f 2375 2204 1497 
f 1498 1667 1863 
f 1499 1512 2923 
f 3636 1512 1499 
f 2923 2130 1499 
f 1499 2130 3562 
f 3562 2742 1499 
f 1499 2742 3636 
f 1500 1592 2037 
f 2743 1592 1500 
f 1500 2037 3820 
f 1500 2303 2956 
f 2975 2303 1500 
f 2956 2743 1500 
f 3820 2975 1500 
f 2513 1656 1501 
f 1501 1656 2827 
f 2827 1899 1501 
f 1503 1853 2035 
f 1503 2035 4107 
f 4107 2617 1503 
f 3358 2240 1504 
f 2479 2314 1504 
f 2640 2479 1504 
f 1505 1553 1826 
f 2876 1553 1505 
f 1505 1826 2696 
f 2696 2304 1505 
f 1873 1857 1506 
f 1506 1857 4001 
f 2228 1873 1506 
f 1506 2091 3997 
f 4001 2091 1506 
f 2346 2228 1506 
f 3997 2346 1506 
f 1507 2617 2788 
f 1507 2788 3773 
f 1507 3773 3774 
f 2247 1755 1508 
f 1508 1837 2247 
f 1509 2778 3856 
f 4018 3562 1510 
f 1510 3887 4018 
f 1512 1552 3553 
f 4272 1552 1512 
f 1512 2005 3266 
f 3636 2005 1512 
f 3553 2923 1512 
f 1512 3266 4272 
f 1514 2051 2289 
f 2504 1643 1515 
f 1515 1643 3198 
f 3204 2504 1515 
f 3198 2524 1515 
f 1516 1565 1954 
f 2268 1565 1516 
f 1516 1954 2598 
f 2358 2268 1516 
f 2598 2358 1516 
f 1517 1595 2460 
f 1518 1520 2349 
f 2739 1520 1518 
f 1520 2322 3985 
f 1521 1523 3135 
f 2246 1637 1521 
f 1521 1637 3786 
f 3135 2246 1521 
f 3499 3115 1522 
f 1522 3115 3525 
f 4039 3280 1522 
f 1522 3525 4039 
f 1523 1871 2972 
f 1524 2382 3782 
f 3932 2382 1524 
f 1524 3782 3966 
f 1525 1646 2808 
f 2926 1646 1525 
f 1525 2808 3853 
f 3583 2926 1525 
f 3891 3583 1525 
f 1525 3853 3891 
f 1526 2036 4103 
f 2318 1544 1527 
f 1527 1544 3574 
f 2629 2091 1527 
f 1527 2091 4001 
f 4001 2318 1527 
f 3574 2629 1527 
f 2335 2201 1528 
f 1528 2201 2429 
f 4229 2335 1528 
f 1528 2429 4229 
f 2620 1822 1529 
f 1529 1822 2918 
f 2621 2583 1529 
f 1529 2583 3624 
f 3624 2620 1529 
f 4182 2621 1529 
f 1529 2918 4182 
f 3554 1616 1530 
f 1530 1790 3345 
f 1530 3345 3554 
f 2263 1701 1533 
f 1533 1701 3850 
f 1533 2059 2263 
f 3850 2059 1533 
f 1535 2095 2509 
f 1535 2509 4010 
f 4010 2665 1535 
f 1537 2209 2317 
f 3063 2209 1537 
f 1537 2317 2415 
f 1537 2327 3063 
f 1537 2415 3349 
f 3064 2024 1538 
f 1538 2024 3316 
f 1538 2766 3064 
f 3659 2766 1538 
f 1538 3316 4019 
f 4019 3659 1538 
f 1539 1836 1855 
f 1540 1677 2209 
f 2411 1677 1540 
f 2209 2182 1540 
f 1542 1829 2216 
f 3598 1829 1542 
f 1542 3468 3598 
f 3016 2527 1543 
f 1544 2318 2730 
f 2730 2329 1544 
f 1544 2329 2822 
f 1544 2822 3574 
f 1545 1805 2774 
f 3139 1805 1545 
f 3061 2016 1545 
f 1545 2016 3139 
f 1545 2774 3000 
f 1545 3000 4230 
f 4230 3061 1545 
f 1659 1596 1546 
f 1546 1596 4212 
f 4046 1659 1546 
f 1546 3667 4046 
f 4212 3667 1546 
f 1547 2293 2397 
f 2541 2293 1547 
f 1548 2161 2236 
f 1549 1713 3543 
f 3571 1713 1549 
f 3543 2031 1549 
f 1549 2031 3642 
f 1549 2126 3571 
f 3642 2126 1549 
f 1552 3265 3553 
f 4272 3265 1552 
f 1553 1681 1711 
f 2826 1681 1553 
f 1553 1711 1826 
f 1554 2005 3094 
f 3266 2005 1554 
f 4013 2621 1554 
f 1554 2621 4272 
f 1554 3094 3458 
f 4272 3266 1554 
f 1554 3458 4013 
f 1990 1570 1555 
f 1555 1717 1990 
f 3454 1717 1555 
f 1555 2252 3454 
f 1556 2372 3973 
f 3973 2533 1556 
f 1557 2128 2219 
f 1558 1791 1798 
f 2439 1791 1558 
f 1558 1798 2446 
f 1558 2176 2439 
f 1559 1864 3389 
f 1559 3389 3528 
f 1561 1570 1990 
f 1561 1990 2239 
f 2213 1600 1562 
f 1564 1569 2871 
f 3860 1569 1564 
f 2674 2474 1564 
f 1564 2474 3860 
f 1564 2622 2674 
f 2871 2622 1564 
f 2092 1597 1565 
f 2268 2092 1565 
f 4085 3323 1567 
f 3972 3259 1568 
f 1568 3775 3972 
f 4090 3775 1568 
f 1569 2023 2871 
f 3866 2023 1569 
f 3860 2547 1569 
f 1569 2547 3866 
f 1571 1675 2543 
f 2857 1675 1571 
f 2543 1725 1571 
f 1571 1725 3284 
f 3284 1973 1571 
f 1573 2014 3003 
f 3194 2014 1573 
f 3003 2199 1573 
f 1573 2199 4296 
f 1573 2472 3194 
f 4296 2472 1573 
f 2594 2564 1575 
f 2630 2594 1575 
f 1576 1835 2232 
f 3222 1835 1576 
f 2232 2204 1576 
f 1576 2204 2375 
f 1826 1711 1577 
f 1577 1711 1841 
f 1971 1826 1577 
f 1577 1841 2175 
f 2131 1971 1577 
f 4308 1648 1578 
f 1579 2501 2540 
f 3528 2501 1579 
f 1579 2540 2552 
f 1580 1642 2863 
f 3121 1642 1580 
f 3288 1723 1580 
f 1580 1723 4263 
f 1580 2863 3848 
f 4263 3121 1580 
f 3848 3288 1580 
f 1581 2094 3812 
f 2789 2692 1581 
f 3439 2789 1581 
f 3812 3439 1581 
f 2373 1950 1583 
f 2896 2373 1583 
f 3131 2896 1583 
f 3058 1881 1584 
f 1584 1881 3210 
f 1584 1902 3051 
f 3210 1902 1584 
f 3051 3050 1584 
f 1938 1687 1585 
f 2805 1938 1585 
f 3545 2805 1585 
f 1586 3195 3196 
f 3258 3195 1586 
f 1586 3196 4313 
f 1586 3248 3258 
f 4313 3248 1586 
f 1587 1734 1861 
f 2041 1734 1587 
f 1588 2011 3151 
f 3151 2065 1588 
f 3255 2106 1589 
f 1589 2106 4227 
f 4266 2682 1589 
f 4227 3202 1589 
f 1589 3202 4266 
f 1591 1753 2638 
f 3291 1753 1591 
f 1591 2022 3358 
f 2638 2032 1591 
f 3358 3291 1591 
f 4222 2037 1592 
f 2743 2433 1592 
f 1592 2433 3225 
f 3225 2490 1592 
f 1592 2490 4222 
f 2312 1612 1594 
f 3707 2312 1594 
f 1595 1776 2671 
f 1595 2296 2668 
f 2671 2296 1595 
f 2668 2460 1595 
f 1596 1659 3714 
f 3714 2123 1596 
f 1596 2123 4212 
f 1930 1763 1597 
f 2118 1930 1597 
f 1597 2092 2118 
f 1907 1812 1599 
f 1599 1812 2416 
f 1599 2101 2286 
f 2416 2101 1599 
f 2213 1712 1600 
f 1916 1887 1600 
f 2421 1916 1600 
f 2701 2398 1601 
f 1601 2398 4237 
f 1601 2606 3122 
f 3393 2606 1601 
f 3421 2701 1601 
f 1601 3122 3421 
f 4237 3393 1601 
f 1602 2271 3492 
f 3553 2271 1602 
f 1602 2673 2923 
f 3254 2673 1602 
f 1602 2923 3553 
f 3492 3254 1602 
f 1603 2223 3546 
f 3894 2223 1603 
f 3546 2342 1603 
f 1603 2342 3745 
f 3809 2689 1603 
f 1603 2689 3894 
f 1603 3745 3809 
f 1605 2287 3549 
f 4188 2287 1605 
f 2390 2265 1606 
f 1606 2265 3029 
f 3443 2390 1606 
f 3350 2752 1606 
f 1606 2752 3443 
f 1607 2425 2994 
f 2994 2645 1607 
f 1607 2645 3005 
f 2109 1961 1608 
f 1945 1700 1609 
f 1961 1945 1609 
f 1659 1622 1610 
f 1610 1622 1706 
f 2345 1659 1610 
f 1610 1706 3705 
f 1610 2330 3658 
f 3705 2330 1610 
f 3658 2345 1610 
f 2157 2147 1611 
f 1612 2312 3696 
f 3663 2334 1612 
f 3696 3663 1612 
f 1614 1981 4242 
f 2861 2428 1614 
f 2960 2861 1614 
f 3789 2960 1614 
f 4242 3789 1614 
f 1615 1928 2590 
f 3067 1928 1615 
f 3819 2361 1615 
f 1615 2361 3877 
f 1615 2590 3819 
f 3877 3067 1615 
f 3554 2078 1616 
f 3162 2254 1618 
f 1618 2254 3704 
f 3704 2420 1618 
f 4215 3162 1618 
f 1618 3455 4215 
f 2895 2028 1619 
f 1619 2321 2895 
f 4145 3323 1620 
f 1620 3323 4146 
f 1620 3472 4069 
f 1620 4069 4181 
f 4181 4145 1620 
f 1620 4146 4151 
f 1621 2269 2963 
f 1622 1659 4046 
f 1622 1699 1706 
f 4046 1699 1622 
f 1623 1706 3729 
f 3729 3723 1623 
f 1897 1678 1624 
f 1624 1678 2148 
f 1625 2062 2604 
f 2604 2142 1625 
f 1628 2312 3707 
f 3708 2312 1628 
f 1629 2250 2653 
f 1631 2207 3564 
f 3767 2207 1631 
f 3564 3483 1631 
f 4181 3767 1631 
f 2955 2310 1632 
f 2670 1710 1635 
f 1635 1710 4289 
f 3285 2670 1635 
f 1635 3019 3293 
f 4289 3019 1635 
f 3293 3285 1635 
f 2646 1641 1636 
f 1636 1740 3224 
f 3224 2646 1636 
f 2044 1837 1637 
f 1637 1837 3786 
f 2246 2044 1637 
f 3037 2846 1638 
f 1638 2846 3912 
f 3294 3037 1638 
f 1639 3178 3840 
f 3974 3178 1639 
f 2646 2152 1641 
f 1641 2152 3811 
f 1641 2270 3247 
f 3811 2270 1641 
f 1642 2009 2259 
f 2995 2009 1642 
f 1642 2259 2863 
f 3121 2995 1642 
f 1643 3173 3198 
f 1644 2080 2612 
f 2588 2442 1644 
f 2612 2588 1644 
f 2971 2795 1645 
f 1645 2795 3388 
f 3625 2971 1645 
f 3035 1732 1646 
f 1646 1732 4043 
f 3813 2808 1646 
f 1646 2926 3035 
f 4043 3813 1646 
f 3173 2018 1649 
f 1649 2018 3175 
f 3195 3173 1649 
f 3196 3195 1649 
f 1652 1792 2156 
f 2635 1792 1652 
f 1652 2156 2596 
f 1652 2596 3913 
f 3389 2635 1652 
f 3990 3389 1652 
f 1652 3913 3990 
f 3590 1676 1653 
f 1653 1676 3643 
f 1653 3643 4216 
f 4216 3668 1653 
f 1655 1665 2135 
f 3056 1665 1655 
f 2397 2293 1656 
f 2513 2397 1656 
f 2593 2378 1657 
f 1657 2378 4195 
f 3597 2593 1657 
f 1657 3211 3319 
f 4195 3211 1657 
f 1657 3319 3597 
f 1659 2345 3714 
f 1660 2003 3222 
f 3792 2003 1660 
f 1660 2230 3177 
f 3222 2230 1660 
f 2677 2404 1662 
f 2432 1767 1664 
f 1664 1775 2432 
f 1666 1702 2111 
f 1838 1799 1666 
f 1668 2393 2771 
f 3784 2393 1668 
f 1668 2771 2950 
f 1668 3208 3784 
f 1669 1743 2580 
f 3110 1743 1669 
f 1669 2400 3110 
f 3111 2400 1669 
f 1669 2580 3111 
f 2590 1928 1670 
f 1670 1928 3820 
f 3819 2590 1670 
f 1670 2879 3819 
f 4222 2879 1670 
f 1670 3820 4222 
f 1671 1810 2282 
f 1671 2282 3035 
f 3035 2926 1671 
f 1671 2926 3326 
f 3188 2260 1672 
f 1672 2580 3188 
f 3964 2580 1672 
f 1672 3117 3964 
f 3877 2543 1675 
f 1675 3067 3877 
f 4177 2299 1676 
f 1676 2299 4198 
f 1676 3590 4177 
f 4198 3643 1676 
f 1677 2186 2415 
f 4111 2186 1677 
f 2317 2209 1677 
f 2415 2317 1677 
f 1677 2411 4111 
f 1678 1897 2942 
f 1678 2942 3572 
f 3572 3337 1678 
f 1680 2762 3127 
f 4235 3126 1680 
f 1680 3127 3353 
f 1680 3353 4235 
f 2454 1711 1681 
f 1681 2432 2454 
f 2756 2432 1681 
f 2826 2756 1681 
f 2944 2058 1682 
f 1682 2058 3941 
f 3350 2370 1682 
f 1682 2370 3940 
f 3099 2944 1682 
f 3940 3099 1682 
f 3941 3350 1682 
f 1683 1870 2523 
f 1685 1944 3244 
f 3533 1944 1685 
f 3244 2603 1685 
f 1685 2603 3449 
f 1685 2911 3269 
f 3449 2911 1685 
f 1685 3269 3533 
f 1686 1999 3527 
f 4007 1999 1686 
f 4251 2880 1686 
f 1686 2880 4298 
f 1686 3527 4202 
f 4298 4007 1686 
f 1686 4202 4251 
f 1687 1938 2864 
f 1842 1703 1688 
f 1688 1703 1901 
f 2605 1842 1688 
f 1690 2044 2246 
f 2848 2044 1690 
f 1690 2246 2551 
f 2551 2450 1690 
f 1690 2450 2882 
f 3237 2848 1690 
f 1690 2882 3237 
f 1691 1761 2931 
f 3343 1761 1691 
f 3852 2463 1691 
f 1691 2463 4114 
f 1691 2840 3343 
f 4114 2840 1691 
f 1691 2931 3852 
f 2549 2481 1693 
f 1693 2481 3832 
f 3400 2549 1693 
f 3801 3400 1693 
f 3832 3801 1693 
f 2143 2103 1694 
f 1694 2103 2167 
f 2671 2143 1694 
f 1694 2167 3344 
f 1694 2296 2671 
f 3344 2296 1694 
f 2847 2245 1695 
f 1697 2308 3417 
f 3729 1706 1699 
f 3726 1749 1699 
f 1699 1749 3729 
f 4046 3726 1699 
f 1700 1734 2041 
f 1701 2009 2995 
f 3249 2009 1701 
f 1701 2263 3249 
f 2995 2651 1701 
f 1701 2651 3850 
f 1703 1842 2565 
f 3425 1901 1703 
f 1703 2565 3425 
f 1704 1945 2679 
f 2388 2013 1705 
f 1705 2013 2653 
f 2744 2388 1705 
f 1707 2204 2232 
f 1707 2232 2581 
f 2581 2566 1707 
f 2750 1871 1708 
f 3172 2203 1710 
f 1710 2203 4289 
f 1710 2670 3814 
f 3814 3172 1710 
f 2454 1841 1711 
f 1712 2588 2612 
f 2612 2605 1712 
f 4132 3543 1713 
f 4189 4132 1713 
f 1714 2470 2938 
f 1716 1805 2775 
f 2881 1805 1716 
f 1716 2666 2881 
f 1716 2775 3168 
f 3100 1990 1717 
f 1717 1993 3440 
f 3454 1993 1717 
f 3440 3100 1717 
f 1718 2116 2144 
f 1720 1788 2873 
f 3487 1788 1720 
f 2096 1892 1720 
f 1720 1892 3487 
f 3579 2096 1720 
f 1720 2873 3579 
f 1723 2106 3255 
f 1723 2806 3200 
f 3288 2806 1723 
f 1723 3255 4263 
f 1724 3548 3771 
f 4050 3548 1724 
f 1725 2543 2868 
f 2901 2546 1725 
f 1725 2546 3284 
f 1726 2133 2616 
f 3165 2133 1726 
f 1726 2616 3956 
f 1727 1958 2545 
f 1727 2545 2689 
f 4033 3870 1728 
f 1729 3057 4075 
f 3871 3376 1730 
f 1905 1814 1731 
f 1731 1814 4110 
f 2281 1905 1731 
f 3792 2281 1731 
f 1731 2399 2625 
f 2842 2399 1731 
f 1731 2625 3792 
f 4110 2842 1731 
f 3022 2984 1732 
f 1732 2984 4043 
f 3686 3022 1732 
f 1732 3035 3686 
f 1736 2274 2760 
f 3218 1746 1738 
f 1738 1746 3226 
f 1738 1778 3130 
f 3281 1778 1738 
f 1738 3130 3218 
f 1738 3226 3299 
f 3299 3281 1738 
f 2891 2404 1739 
f 3219 1778 1740 
f 1740 1778 3281 
f 3281 3224 1740 
f 1741 1833 2891 
f 2891 2500 1741 
f 4208 2165 1742 
f 3188 2580 1743 
f 1743 2968 4174 
f 4290 2968 1743 
f 1743 3110 4290 
f 4174 3188 1743 
f 1744 1747 3223 
f 3227 1747 1744 
f 1744 2101 2416 
f 3223 2101 1744 
f 1744 2416 3220 
f 1744 3220 3227 
f 1745 1986 3232 
f 3233 1986 1745 
f 2979 2237 1746 
f 1746 2237 3226 
f 3218 2979 1746 
f 2979 2234 1747 
f 3227 2979 1747 
f 2236 2161 1748 
f 1748 2161 2614 
f 2746 2236 1748 
f 1748 2614 3476 
f 3476 2695 1748 
f 1749 3701 3723 
f 4221 3701 1749 
f 1749 3723 3729 
f 3726 3725 1749 
f 3229 2549 1750 
f 1750 2549 3400 
f 3400 2824 1750 
f 1750 2824 3890 
f 3635 3229 1750 
f 3890 3635 1750 
f 4309 3180 1753 
f 1753 3291 4309 
f 1754 2112 2214 
f 2850 2112 1754 
f 1754 2214 2226 
f 1754 2226 2495 
f 1754 2495 2850 
f 1755 1821 2261 
f 3810 1821 1755 
f 1755 2247 3810 
f 3006 2677 1756 
f 1758 1906 2983 
f 1758 2113 3062 
f 3149 2113 1758 
f 1758 2983 3149 
f 1760 2299 2526 
f 3675 2299 1760 
f 1760 2526 4184 
f 3576 3363 1760 
f 1760 3363 3657 
f 4184 3576 1760 
f 1760 3657 3703 
f 3703 3675 1760 
f 3343 2869 1761 
f 1761 2869 3859 
f 4217 2931 1761 
f 1761 3859 4217 
f 2480 2189 1762 
f 1762 2189 3252 
f 3252 2385 1762 
f 1762 2385 4231 
f 3890 2480 1762 
f 4231 3890 1762 
f 1764 1782 2368 
f 4303 1818 1764 
f 1764 2368 4303 
f 1765 3907 4002 
f 2941 1772 1766 
f 1766 2143 2473 
f 1767 2432 2756 
f 1768 2315 2865 
f 1768 2429 2855 
f 3407 2429 1768 
f 1768 2865 4137 
f 4137 3407 1768 
f 1875 1798 1771 
f 1771 1798 2110 
f 1947 1852 1771 
f 1771 1852 2075 
f 2075 1875 1771 
f 1773 2692 2789 
f 1774 2386 2896 
f 3593 2386 1774 
f 2896 2735 1774 
f 1895 1841 1775 
f 1775 1841 2454 
f 2454 2432 1775 
f 1776 2143 2671 
f 1777 2248 2885 
f 3810 2248 1777 
f 2885 2272 1777 
f 1777 2272 3848 
f 1777 2829 3810 
f 3848 2829 1777 
f 3282 3130 1778 
f 1778 3219 3282 
f 1781 1930 2118 
f 1781 2118 3131 
f 1783 1804 3412 
f 4311 1804 1783 
f 2698 2524 1783 
f 1783 2524 3198 
f 3412 2698 1783 
f 1783 3198 3258 
f 1783 3258 4311 
f 2491 1901 1784 
f 1784 1901 3425 
f 1784 2410 2491 
f 3367 2410 1784 
f 3425 3367 1784 
f 2090 1891 1785 
f 1785 1891 2277 
f 2559 2182 1787 
f 1787 2182 3014 
f 1787 2193 2559 
f 2976 2193 1787 
f 1787 2553 2976 
f 3014 2553 1787 
f 2438 2039 1788 
f 1788 2039 2789 
f 3487 2438 1788 
f 1788 2789 3439 
f 3439 2873 1788 
f 2110 1798 1791 
f 1792 1803 2156 
f 2184 2173 1793 
f 1793 2173 2977 
f 2977 2384 1793 
f 1793 3213 3793 
f 1796 2362 3413 
f 3413 2890 1796 
f 1798 1875 3988 
f 2537 2446 1798 
f 3988 2537 1798 
f 2119 1848 1800 
f 1800 2053 2119 
f 3907 2431 1801 
f 1801 2449 3907 
f 1802 2986 3431 
f 4057 2986 1802 
f 1802 3431 3570 
f 1802 4014 4057 
f 1803 2154 2156 
f 1804 2263 2456 
f 2768 2263 1804 
f 1804 2456 3412 
f 4311 2768 1804 
f 2881 2774 1805 
f 3139 2775 1805 
f 4077 3031 1806 
f 1806 3713 4077 
f 1807 2115 3593 
f 1809 2142 2502 
f 4200 2282 1810 
f 2459 2416 1812 
f 1813 2984 3022 
f 1813 3022 3059 
f 1813 3059 3145 
f 1813 3145 3800 
f 1814 1905 2224 
f 1814 2224 3328 
f 1814 3328 4110 
f 3458 2105 1816 
f 1816 2105 3483 
f 3564 2210 1816 
f 1816 2210 4032 
f 1816 3290 3458 
f 4032 3290 1816 
f 1816 3483 3564 
f 2184 2179 1817 
f 1817 2179 4312 
f 3170 2184 1817 
f 4312 3170 1817 
f 4303 2071 1818 
f 1820 2224 2769 
f 3328 2224 1820 
f 1820 2256 3328 
f 3603 2256 1820 
f 1820 2769 3329 
f 1820 3329 3603 
f 2829 2259 1821 
f 1821 2259 3249 
f 3249 2261 1821 
f 3810 2829 1821 
f 1822 2162 4282 
f 4293 2162 1822 
f 1822 2465 2918 
f 4282 2465 1822 
f 1822 2620 4293 
f 1824 1842 1965 
f 2565 1842 1824 
f 2080 1933 1824 
f 1824 1933 3997 
f 1824 1965 2080 
f 1825 2222 2902 
f 3770 2222 1825 
f 1825 2253 2844 
f 2902 2253 1825 
f 3271 2571 1825 
f 1825 2571 3770 
f 2844 2799 1825 
f 1825 2799 3710 
f 3710 3271 1825 
f 1826 1971 2696 
f 3004 2140 1827 
f 1827 2140 4131 
f 4138 3004 1827 
f 1827 3333 4138 
f 1828 1869 3120 
f 3441 1869 1828 
f 2427 2140 1828 
f 1828 2140 4173 
f 3120 2427 1828 
f 4173 3441 1828 
f 4134 2216 1829 
f 3598 2578 1829 
f 1829 2578 4134 
f 2129 1955 1830 
f 1831 1950 2373 
f 1831 2373 2386 
f 2787 1839 1832 
f 1832 1839 3114 
f 1832 2039 2787 
f 3352 2208 1834 
f 1834 2208 3914 
f 3303 2570 1834 
f 1834 2570 3352 
f 1834 3296 3303 
f 3914 3296 1834 
f 3221 2232 1835 
f 1835 2300 2430 
f 3222 2300 1835 
f 1835 2430 3221 
f 1837 2044 2247 
f 1839 1941 3017 
f 3312 1941 1839 
f 1839 2787 2828 
f 1839 2828 3312 
f 1839 3017 3114 
f 1841 1895 2175 
f 2605 1965 1842 
f 1843 2016 3061 
f 3371 2016 1843 
f 3370 2674 1843 
f 1843 3061 3370 
f 3469 2382 1844 
f 1844 2382 3932 
f 1844 3346 3469 
f 4244 3346 1844 
f 1844 3495 4244 
f 4273 3495 1844 
f 1844 3932 4273 
f 1845 2136 3375 
f 2596 2156 1845 
f 3375 2596 1845 
f 1846 2591 4016 
f 4016 3208 1846 
f 4026 2492 1850 
f 1850 2492 4169 
f 3409 3080 1850 
f 1850 3080 3863 
f 3586 3409 1850 
f 4169 3586 1850 
f 1850 3863 4026 
f 1851 2782 3053 
f 3435 2782 1851 
f 1851 3053 4300 
f 3834 3435 1851 
f 4300 3834 1851 
f 1852 4083 4093 
f 3776 2035 1853 
f 1853 3150 3776 
f 1856 1912 3116 
f 1857 1873 2061 
f 1857 2061 4001 
f 3715 3034 1858 
f 3269 2911 1859 
f 1859 2911 4237 
f 1859 2985 3649 
f 4237 2985 1859 
f 3841 3269 1859 
f 1859 3649 3841 
f 1860 2782 3435 
f 4187 2782 1860 
f 3324 2904 1860 
f 1860 2904 4187 
f 4000 3324 1860 
f 1860 3435 3558 
f 1860 3558 4000 
f 1862 2159 3156 
f 1864 2635 3389 
f 1866 2220 2703 
f 1868 1874 2061 
f 1869 2311 4065 
f 3902 3120 1869 
f 4065 3902 1869 
f 3874 2523 1870 
f 2750 2532 1871 
f 1871 2532 2972 
f 1873 1875 2075 
f 2228 1875 1873 
f 1874 1932 4001 
f 4001 2061 1874 
f 1875 2228 3988 
f 1876 2764 4201 
f 4281 2764 1876 
f 1876 2887 4256 
f 4285 2887 1876 
f 1876 4201 4285 
f 4256 4253 1876 
f 1876 4253 4281 
f 2640 1921 1878 
f 1878 2441 2479 
f 1878 2479 2640 
f 2434 2409 1879 
f 1879 2409 2853 
f 1880 3291 3358 
f 4309 3291 1880 
f 1882 2262 2908 
f 2940 2262 1882 
f 1882 2277 2940 
f 1884 2038 2403 
f 2197 2015 1885 
f 2280 2197 1885 
f 2707 2267 1886 
f 3167 2707 1886 
f 1886 2950 3167 
f 1887 1916 2138 
f 3038 2613 1888 
f 1888 2685 2820 
f 3883 3038 1888 
f 1889 1987 1988 
f 2029 1987 1889 
f 1889 1988 3106 
f 2435 2071 1890 
f 1890 2071 4303 
f 1892 2096 3578 
f 3709 3487 1892 
f 1892 3578 4253 
f 4256 3709 1892 
f 1892 4253 4256 
f 1893 2260 3486 
f 1893 2862 3236 
f 3533 2862 1893 
f 1893 3236 3720 
f 1893 3486 3533 
f 1894 2333 3144 
f 2451 2435 1894 
f 3459 2915 1896 
f 1896 2915 3460 
f 1896 3356 3459 
f 3460 3356 1896 
f 1897 1998 2998 
f 2998 2942 1897 
f 3127 2762 1898 
f 1898 3025 3138 
f 3897 3127 1898 
f 1898 3138 3897 
f 1900 1903 1904 
f 1900 1904 1913 
f 1914 1907 1900 
f 1900 1907 4307 
f 1900 1913 1914 
f 2491 2421 1901 
f 1902 3210 3463 
f 3074 1904 1903 
f 1903 3068 3074 
f 3088 1913 1904 
f 1904 3074 3088 
f 3020 2224 1905 
f 3156 2159 1906 
f 3182 2983 1906 
f 1909 2290 3305 
f 3305 3027 1909 
f 1910 1918 1920 
f 1910 1920 3095 
f 3096 3079 1910 
f 1910 3095 3096 
f 1915 1914 1913 
f 3088 1915 1913 
f 1914 1915 1924 
f 2444 2138 1916 
f 1916 2410 2444 
f 2491 2410 1916 
f 1916 2421 2491 
f 1917 2871 3251 
f 4142 2871 1917 
f 1917 3251 4112 
f 4112 3267 1917 
f 1917 3267 4142 
f 1931 1920 1918 
f 4305 1931 1918 
f 2367 2198 1919 
f 2716 2367 1919 
f 1920 1931 3103 
f 3103 3095 1920 
f 2598 2185 1921 
f 3436 3099 1922 
f 1922 3099 3940 
f 1922 3434 3492 
f 3940 3434 1922 
f 3492 3436 1922 
f 2809 2686 1923 
f 1923 2686 4284 
f 4284 3033 1923 
f 1923 3033 4319 
f 1924 1925 1940 
f 4099 1940 1925 
f 4210 2557 1926 
f 1926 2813 4210 
f 1927 1937 3098 
f 1928 2534 4127 
f 4127 3820 1928 
f 2572 2569 1929 
f 1929 2569 2866 
f 3106 3103 1931 
f 4305 3106 1931 
f 2730 2318 1932 
f 1932 2318 4001 
f 2761 2730 1932 
f 2850 2761 1932 
f 3988 2346 1933 
f 1933 2346 3997 
f 1933 2537 3988 
f 2958 2481 1934 
f 1934 2520 3839 
f 3837 2958 1934 
f 3839 3837 1934 
f 4154 3205 1935 
f 1935 3205 4160 
f 3868 3303 1935 
f 1935 3303 4154 
f 1935 3430 3868 
f 1936 1973 2319 
f 2589 1973 1936 
f 2927 2589 1936 
f 4126 2927 1936 
f 3445 3415 1936 
f 1936 3415 4126 
f 1937 1979 3759 
f 3748 3098 1937 
f 3759 3748 1937 
f 3448 2614 1939 
f 1939 2614 4168 
f 1939 3447 3544 
f 4168 3447 1939 
f 3544 3448 1939 
f 4099 1982 1940 
f 1941 3312 4319 
f 1942 2779 4171 
f 4268 2779 1942 
f 3822 2818 1942 
f 1942 2818 4235 
f 4235 3353 1942 
f 1942 3353 4268 
f 4171 3822 1942 
f 3452 2575 1943 
f 1943 2575 3453 
f 1943 2613 2888 
f 3453 2613 1943 
f 1943 2888 3452 
f 1944 2336 3244 
f 3471 2336 1944 
f 3533 3471 1944 
f 1945 1961 2109 
f 1945 2109 2679 
f 1946 2151 2996 
f 3175 2151 1946 
f 1948 1976 2565 
f 3574 1976 1948 
f 1948 2629 3574 
f 2697 2516 1949 
f 1949 2516 2837 
f 3589 2697 1949 
f 1949 2837 3245 
f 1949 3245 3317 
f 1952 2109 2155 
f 2679 2109 1952 
f 1952 2475 2679 
f 1954 2185 2598 
f 1955 2129 3420 
f 2916 2645 1956 
f 1956 2645 2965 
f 3007 2916 1956 
f 1956 2965 3698 
f 3936 3007 1956 
f 1956 3698 3936 
f 3479 2545 1958 
f 3444 2939 1958 
f 1958 2939 3479 
f 1960 2672 2763 
f 1962 1974 3482 
f 3496 1974 1962 
f 1962 1986 3496 
f 3526 1986 1962 
f 1962 3482 3526 
f 2800 1966 1963 
f 1963 1966 3537 
f 1963 1967 2800 
f 3498 1967 1963 
f 4125 3498 1963 
f 1963 3537 4125 
f 3497 1968 1964 
f 1964 1968 4105 
f 1964 1970 3504 
f 4105 1970 1964 
f 4108 3497 1964 
f 1964 3504 4108 
f 2612 2080 1965 
f 1965 2605 2612 
f 3512 1985 1966 
f 1966 1985 3517 
f 1966 2800 3480 
f 1966 3480 3512 
f 1966 3517 3537 
f 3499 2800 1967 
f 1967 3115 3499 
f 3895 3115 1967 
f 1967 3498 3895 
f 3406 2019 1968 
f 1968 2019 3500 
f 3500 2991 1968 
f 1968 2991 4105 
f 3497 3406 1968 
f 1970 1992 3502 
f 3524 1992 1970 
f 1970 2991 3503 
f 4105 2991 1970 
f 1970 3502 3504 
f 1970 3503 3524 
f 1972 2007 2055 
f 3284 2319 1973 
f 1973 2589 4224 
f 1974 1993 3482 
f 3539 1993 1974 
f 1974 3496 3539 
f 3515 1991 1975 
f 1975 1991 3516 
f 1975 2655 2793 
f 3516 2655 1975 
f 1975 2793 3515 
f 1976 2062 2505 
f 3574 2062 1976 
f 1976 2505 2565 
f 3507 1978 1977 
f 1977 1978 3520 
f 1977 3230 3509 
f 3952 3230 1977 
f 3518 3231 1977 
f 1977 3231 3952 
f 3509 3507 1977 
f 3520 3518 1977 
f 3490 3489 1978 
f 1978 3489 3520 
f 3507 3490 1978 
f 1979 3107 3759 
f 1981 2192 2702 
f 3645 2192 1981 
f 1981 2702 3948 
f 1981 2755 3065 
f 3948 2755 1981 
f 1981 3065 4242 
f 1982 3754 3764 
f 4099 3754 1982 
f 3525 3115 1983 
f 1983 3115 3983 
f 1983 3422 3525 
f 3983 3508 1983 
f 1988 1987 1984 
f 3108 1988 1984 
f 3119 3108 1984 
f 3512 3230 1985 
f 1985 3230 3952 
f 1985 3231 3517 
f 3952 3231 1985 
f 3510 3232 1986 
f 1986 3233 3514 
f 3514 3496 1986 
f 3526 3510 1986 
f 3108 3106 1988 
f 1989 1994 3761 
f 1989 3102 3753 
f 3761 3102 1989 
f 3753 3119 1989 
f 3522 2239 1990 
f 1990 3100 3522 
f 1991 1992 3176 
f 3262 1992 1991 
f 1991 3176 3485 
f 3536 3262 1991 
f 1991 3485 3516 
f 1991 3515 3536 
f 3524 3176 1992 
f 1992 3262 3502 
f 3523 3440 1993 
f 1993 3454 3519 
f 3519 3482 1993 
f 3539 3523 1993 
f 1994 2030 3761 
f 4278 3527 1999 
f 1999 4007 4247 
f 1999 4247 4278 
f 2359 2163 2000 
f 2056 2007 2002 
f 2625 2300 2003 
f 2003 2300 3222 
f 3792 2625 2003 
f 2867 2393 2004 
f 2004 2393 3784 
f 2004 2772 2867 
f 2005 2742 3259 
f 3636 2742 2005 
f 3259 3094 2005 
f 2007 2008 2055 
f 2056 2008 2007 
f 3147 2055 2008 
f 3730 3147 2008 
f 3249 2259 2009 
f 2012 2011 2010 
f 2047 2012 2010 
f 2011 2012 3151 
f 2012 2047 2067 
f 2012 2067 3152 
f 3152 3151 2012 
f 2013 2388 2928 
f 2759 2653 2013 
f 2014 2782 4187 
f 4287 2782 2014 
f 4187 3003 2014 
f 2014 3194 4287 
f 4159 3139 2016 
f 2016 3371 4156 
f 2016 4156 4239 
f 4239 4159 2016 
f 2215 2180 2017 
f 2017 2180 3247 
f 3247 2313 2017 
f 2018 2151 3175 
f 2019 2476 3500 
f 3534 2476 2019 
f 2019 3023 3392 
f 3978 3023 2019 
f 2019 3392 3534 
f 2019 3406 3978 
f 2611 2601 2020 
f 2888 2611 2020 
f 2021 3146 3364 
f 4190 3146 2021 
f 2021 3364 4246 
f 2021 3398 4020 
f 4246 3398 2021 
f 2021 4020 4190 
f 2022 2240 3358 
f 3251 2871 2023 
f 2023 3054 3251 
f 4114 3054 2023 
f 2023 3866 4114 
f 2024 2931 3316 
f 4215 2931 2024 
f 2024 3064 3162 
f 2024 3162 4215 
f 2026 2807 3109 
f 3336 2807 2026 
f 2026 3109 4274 
f 4023 3336 2026 
f 4275 4023 2026 
f 2026 4274 4275 
f 2030 2144 3761 
f 2031 2099 3307 
f 3563 2099 2031 
f 2031 3307 3642 
f 2031 3543 4076 
f 4076 3563 2031 
f 2032 2397 2777 
f 2331 2169 2033 
f 2539 2331 2033 
f 3484 2539 2033 
f 2033 3347 3484 
f 4102 3347 2033 
f 2034 2249 3552 
f 3833 2249 2034 
f 3906 2819 2034 
f 2034 2819 3993 
f 2034 3157 3833 
f 3993 3157 2034 
f 2034 3552 3906 
f 2035 3776 4107 
f 4209 4103 2036 
f 4222 3820 2037 
f 2805 2403 2038 
f 2039 2438 2787 
f 4289 2394 2040 
f 2040 3837 3839 
f 4224 3837 2040 
f 2040 3839 4289 
f 2574 2173 2043 
f 2043 2173 3170 
f 3170 2174 2043 
f 2248 2247 2044 
f 2848 2248 2044 
f 2045 2049 2461 
f 3778 2049 2045 
f 3773 2788 2045 
f 2045 2788 4107 
f 4107 3778 2045 
f 2302 2188 2048 
f 2823 2289 2051 
f 3417 2823 2051 
f 2409 2064 2054 
f 2054 2064 3561 
f 3561 2170 2054 
f 2054 2170 3631 
f 4041 2409 2054 
f 2054 3631 4041 
f 2058 2944 3960 
f 3960 3822 2058 
f 2058 3822 4171 
f 4171 3941 2058 
f 2456 2263 2059 
f 3450 2456 2059 
f 3132 3081 2059 
f 2059 3081 3450 
f 3850 3132 2059 
f 2060 3069 3077 
f 2060 3077 3730 
f 3574 2604 2062 
f 3151 2066 2065 
f 3083 3070 2066 
f 3153 3083 2066 
f 2066 3151 3153 
f 2069 2380 3235 
f 3235 3066 2069 
f 2071 2435 2451 
f 2072 2073 3169 
f 2073 2174 3169 
f 2074 2372 2497 
f 2579 2372 2074 
f 2084 2079 2077 
f 2077 2079 3187 
f 3187 3186 2077 
f 2214 2112 2078 
f 3554 2214 2078 
f 2079 3180 3785 
f 3785 3187 2079 
f 2082 2395 4202 
f 4258 2395 2082 
f 3194 2472 2082 
f 2082 2472 4258 
f 4084 3194 2082 
f 4202 4084 2082 
f 2088 2087 2084 
f 2085 3335 3391 
f 3246 2586 2086 
f 2086 2616 3246 
f 3956 2616 2086 
f 2086 3384 3956 
f 2087 2088 3191 
f 3193 3191 2088 
f 2091 2629 3997 
f 2735 2118 2092 
f 2092 2268 2735 
f 2744 2509 2095 
f 3630 2744 2095 
f 2095 2964 3085 
f 2095 3085 3630 
f 2846 2102 2096 
f 2096 2102 3578 
f 3579 2846 2096 
f 3278 2962 2097 
f 3873 2369 2098 
f 2098 2369 3884 
f 2595 2462 2098 
f 2098 2462 3873 
f 3884 2595 2098 
f 2099 2140 2427 
f 3563 2140 2099 
f 2099 2427 3695 
f 3340 3307 2099 
f 3695 3340 2099 
f 2100 2189 2480 
f 2997 2189 2100 
f 2100 2357 2997 
f 3801 2357 2100 
f 2100 2480 3400 
f 2100 3400 3801 
f 2608 2286 2101 
f 2102 2846 3211 
f 2102 3211 4195 
f 3802 3578 2102 
f 4195 3802 2102 
f 2392 2167 2103 
f 3137 2392 2103 
f 2104 2655 3315 
f 2104 3315 3419 
f 3458 3094 2105 
f 2105 3094 3972 
f 3947 3483 2105 
f 2105 3775 3947 
f 3972 3775 2105 
f 2107 2163 2996 
f 3632 3274 2107 
f 2107 3276 3632 
f 3149 2341 2113 
f 3540 3062 2113 
f 2115 2386 3593 
f 4308 3091 2116 
f 2117 4101 4262 
f 4262 4208 2117 
f 2118 2735 2896 
f 2118 2896 3131 
f 2120 2253 2600 
f 2844 2253 2120 
f 2120 2600 3711 
f 2120 2799 2844 
f 3995 2799 2120 
f 2120 3711 3995 
f 2121 3489 3490 
f 3520 3489 2121 
f 2812 2515 2122 
f 2122 2515 4292 
f 3015 2812 2122 
f 3698 3015 2122 
f 2122 3607 3698 
f 4292 3607 2122 
f 2123 2332 3676 
f 3714 2332 2123 
f 2124 2722 4148 
f 4234 2722 2124 
f 2124 3002 3635 
f 4232 3002 2124 
f 2124 3635 4234 
f 2124 4148 4232 
f 3431 2920 2125 
f 2125 2920 3648 
f 3648 3368 2125 
f 2125 3368 4254 
f 3570 3431 2125 
f 4254 3570 2125 
f 2126 3547 3571 
f 4031 3547 2126 
f 2126 3642 3794 
f 2126 3794 4031 
f 2127 2326 2933 
f 2923 2673 2130 
f 2130 2673 3254 
f 3254 2675 2130 
f 2130 2675 3618 
f 3618 3562 2130 
f 3352 2570 2132 
f 2132 2570 3910 
f 3416 3352 2132 
f 2132 3380 3416 
f 3424 3380 2132 
f 3910 3424 2132 
f 3165 2222 2133 
f 2133 2222 3304 
f 3183 2616 2133 
f 3304 3183 2133 
f 2134 2334 3650 
f 2134 2522 3628 
f 2135 2187 2919 
f 2136 2970 2986 
f 3164 2982 2136 
f 2136 2982 3375 
f 2136 2986 3164 
f 4210 2275 2137 
f 3582 2183 2139 
f 2139 2355 3582 
f 2140 3004 4173 
f 2140 3563 4131 
f 4193 3464 2141 
f 2141 3464 4246 
f 4280 4193 2141 
f 2141 4246 4279 
f 4279 4247 2141 
f 2141 4247 4280 
f 2561 2502 2142 
f 2604 2561 2142 
f 2506 2501 2145 
f 2145 2501 3528 
f 3528 3389 2145 
f 2145 3389 3990 
f 3990 3461 2145 
f 2146 3034 3057 
f 2147 2157 2158 
f 2148 2518 3045 
f 2148 3045 4081 
f 4081 4080 2150 
f 3216 2657 2152 
f 2152 2657 3811 
f 4082 3780 2153 
f 3780 3046 2154 
f 3774 2467 2159 
f 2160 3058 4083 
f 4168 2614 2161 
f 2162 2515 4286 
f 4293 2515 2162 
f 4286 4282 2162 
f 2163 2359 2996 
f 3144 2333 2164 
f 4208 3769 2165 
f 2165 3769 4209 
f 2510 2367 2166 
f 2166 2367 2716 
f 2166 2716 3264 
f 2167 2392 3397 
f 4052 3344 2167 
f 2167 3397 4109 
f 3808 2405 2168 
f 3908 3808 2168 
f 2168 3879 3908 
f 2170 3561 3968 
f 3968 3862 2170 
f 2173 2184 3170 
f 2173 2574 2977 
f 3171 3169 2174 
f 2174 3170 3171 
f 2179 2184 3177 
f 3177 2229 2179 
f 2179 3179 4312 
f 2180 2215 3219 
f 2182 2209 3014 
f 2559 2350 2182 
f 3174 2415 2186 
f 2186 2882 3174 
f 4111 2882 2186 
f 2187 2423 2921 
f 3559 2423 2187 
f 2921 2919 2187 
f 2187 3052 3559 
f 2188 2302 2900 
f 3383 3252 2189 
f 2189 3313 3383 
f 3492 2271 2190 
f 2190 2271 3964 
f 2190 3436 3492 
f 3979 3436 2190 
f 2190 3964 3979 
f 3646 2702 2192 
f 2192 3645 4273 
f 4273 3646 2192 
f 2193 2458 2559 
f 3762 2458 2193 
f 2193 2976 3762 
f 2194 3189 3193 
f 4313 3189 2194 
f 2194 3193 3238 
f 2194 3248 4313 
f 2195 2241 3806 
f 3876 2241 2195 
f 2946 2466 2195 
f 2195 2466 2988 
f 3806 2946 2195 
f 2195 2988 3876 
f 2197 2280 2452 
f 2199 3003 3986 
f 4244 3605 2199 
f 2199 3605 4296 
f 2199 3986 4244 
f 2200 2244 3968 
f 4096 2244 2200 
f 3968 3561 2200 
f 2201 2335 2466 
f 2201 2466 3652 
f 2202 2621 4182 
f 4272 2621 2202 
f 2202 2821 3265 
f 4270 2821 2202 
f 2202 3265 4272 
f 2202 4182 4270 
f 2203 2303 2975 
f 3172 2303 2203 
f 2203 2975 4127 
f 2203 4127 4225 
f 2203 4225 4289 
f 4262 4101 2205 
f 2206 4044 4147 
f 2207 3547 3564 
f 3571 3547 2207 
f 2208 2555 2607 
f 2208 2607 3914 
f 3063 3014 2209 
f 3564 3547 2210 
f 2210 3547 4031 
f 2210 4031 4032 
f 3246 2616 2211 
f 3620 2306 2212 
f 2864 2436 2212 
f 2212 3277 3620 
f 2233 2226 2214 
f 3554 2233 2214 
f 4134 3314 2216 
f 3203 2307 2218 
f 3770 3304 2222 
f 2223 2951 4233 
f 3894 3025 2223 
f 4233 3546 2223 
f 3793 2769 2224 
f 2224 3020 3793 
f 2228 2346 3988 
f 3177 2230 2229 
f 2229 2230 3186 
f 2229 3186 3187 
f 3221 2581 2232 
f 2234 2979 3218 
f 3362 2607 2236 
f 2236 2746 3362 
f 2237 2374 3226 
f 2237 2979 3227 
f 2913 2339 2241 
f 2241 2339 3806 
f 2241 2884 2913 
f 3592 2884 2241 
f 3876 3592 2241 
f 3529 2364 2242 
f 2242 2364 3596 
f 2691 2630 2242 
f 3596 2691 2242 
f 4134 2578 2243 
f 3946 2595 2243 
f 2243 2595 4228 
f 4228 4134 2243 
f 3617 3261 2244 
f 2244 3261 4058 
f 4096 3617 2244 
f 4095 3968 2244 
f 2244 4058 4095 
f 2245 2847 4058 
f 2245 3261 3263 
f 4058 3261 2245 
f 2245 3263 4164 
f 4164 3641 2245 
f 3538 2551 2246 
f 2246 3135 3538 
f 2247 2248 3810 
f 2248 2848 2885 
f 2489 2287 2249 
f 2249 2287 3640 
f 3342 2489 2249 
f 3833 3342 2249 
f 3640 3552 2249 
f 3064 2766 2254 
f 2254 2766 4265 
f 3162 3064 2254 
f 4265 3704 2254 
f 3766 3328 2256 
f 2626 2528 2257 
f 2257 2528 3044 
f 2259 2829 2863 
f 2260 3188 4174 
f 3249 2768 2261 
f 2261 2768 4311 
f 2262 2832 2908 
f 2263 2768 3249 
f 3258 3248 2264 
f 4311 3258 2264 
f 2265 2390 3442 
f 3442 2544 2265 
f 2267 2707 3043 
f 4318 2963 2269 
f 2270 2401 2959 
f 4006 2401 2270 
f 2959 2507 2270 
f 2270 2507 3247 
f 2270 3811 4006 
f 3553 2443 2271 
f 2271 2443 3961 
f 2271 3961 3964 
f 2272 2885 3541 
f 2272 3541 3847 
f 2272 3847 3848 
f 2274 2389 2804 
f 2274 2548 2760 
f 2274 2804 3359 
f 2275 3772 3773 
f 4210 3772 2275 
f 2278 3168 3915 
f 4240 3738 2278 
f 2278 3915 4160 
f 2278 4160 4240 
f 4135 2889 2279 
f 2279 2889 4232 
f 4148 4135 2279 
f 4232 4148 2279 
f 4200 3035 2282 
f 2284 3428 3737 
f 3760 3428 2284 
f 2284 3738 3760 
f 2287 2489 3549 
f 4188 3640 2287 
f 2288 2643 3214 
f 3419 3305 2290 
f 2291 2892 3474 
f 3682 2892 2291 
f 2291 3550 3682 
f 2294 3363 3576 
f 4162 3363 2294 
f 2294 3576 4086 
f 2294 4157 4162 
f 3763 2668 2296 
f 3731 3273 2296 
f 2296 3273 3763 
f 2296 3344 3731 
f 3404 2584 2298 
f 2298 2584 4264 
f 2298 3155 3260 
f 4264 3155 2298 
f 2298 3260 3735 
f 4317 3404 2298 
f 2298 3735 4317 
f 2299 2494 2526 
f 4177 2494 2299 
f 3675 3382 2299 
f 2299 3382 4198 
f 4123 2430 2300 
f 2300 2625 4123 
f 4264 2956 2303 
f 2303 3172 4264 
f 2305 2377 2845 
f 3203 3149 2307 
f 2308 2567 2823 
f 2308 2823 3417 
f 2311 3031 4065 
f 2312 3676 3696 
f 3708 3676 2312 
f 3247 2507 2313 
f 2315 2770 2865 
f 3049 2770 2315 
f 2319 2710 2883 
f 3284 2710 2319 
f 2322 2700 2968 
f 2322 2968 4290 
f 4290 3985 2322 
f 2324 2431 2900 
f 2325 2934 3675 
f 3725 2934 2325 
f 2325 3657 3670 
f 3703 3657 2325 
f 2325 3670 4214 
f 2325 3675 3703 
f 4214 3725 2325 
f 3028 2933 2326 
f 2969 2723 2327 
f 2327 2723 3063 
f 2328 2632 2793 
f 2329 2730 2761 
f 2930 2822 2329 
f 3681 3658 2330 
f 2332 3663 3696 
f 3696 3676 2332 
f 4194 3650 2334 
f 2334 3663 4194 
f 2988 2466 2335 
f 2335 2618 3123 
f 4229 2618 2335 
f 3876 2988 2335 
f 2335 3123 3876 
f 3471 2406 2336 
f 2336 2406 3836 
f 2336 2486 3788 
f 3836 2486 2336 
f 2337 2694 3385 
f 4275 2694 2337 
f 4257 3060 2337 
f 2337 3060 4275 
f 2337 3385 4297 
f 4297 4257 2337 
f 2338 2705 3267 
f 4139 2705 2338 
f 4119 2878 2338 
f 2338 2878 4139 
f 3267 2907 2338 
f 2338 2907 4119 
f 2913 2508 2339 
f 2339 2592 3806 
f 3203 2816 2341 
f 2341 3149 3203 
f 3546 2636 2342 
f 2342 2636 4231 
f 4231 3745 2342 
f 2344 2728 2758 
f 3789 2728 2344 
f 2344 2758 2836 
f 2344 2836 4295 
f 2344 2861 2960 
f 4276 2861 2344 
f 2344 2960 3789 
f 2344 3799 4276 
f 4295 3799 2344 
f 2345 3658 4205 
f 2348 3243 3565 
f 2350 2559 2872 
f 3795 2660 2351 
f 2351 2660 3939 
f 3466 2676 2351 
f 2351 2676 3795 
f 2351 2797 3466 
f 3939 2797 2351 
f 2352 2720 2736 
f 2353 2699 3234 
f 3234 2835 2353 
f 3239 3001 2354 
f 2354 3001 3901 
f 3801 2751 2357 
f 2357 2751 3843 
f 2361 2399 2842 
f 3819 2399 2361 
f 2361 2842 4213 
f 4213 3877 2361 
f 2362 2689 3809 
f 3745 3413 2362 
f 3809 3745 2362 
f 2364 3529 4172 
f 4172 3596 2364 
f 2369 2852 3884 
f 4135 2852 2369 
f 3873 3577 2369 
f 2369 3577 4136 
f 4136 4135 2369 
f 2370 3350 3466 
f 2370 3466 3940 
f 4011 2497 2372 
f 2372 2579 3973 
f 2896 2386 2373 
f 2377 2529 2845 
f 3387 2529 2377 
f 2377 2763 3387 
f 2378 2593 3334 
f 2378 3334 3626 
f 2378 3626 3892 
f 2378 3892 4195 
f 2380 2830 3565 
f 3250 3235 2380 
f 3565 3250 2380 
f 2381 3495 3717 
f 4296 3495 2381 
f 3717 3645 2381 
f 2381 3826 4296 
f 2382 3469 3585 
f 2382 3585 3782 
f 2608 2436 2383 
f 2385 3413 4231 
f 2740 2708 2387 
f 2387 2714 3724 
f 2875 2740 2387 
f 3867 2875 2387 
f 2387 3724 3867 
f 2388 2744 3630 
f 3085 2928 2388 
f 3630 3085 2388 
f 2999 2804 2389 
f 3443 2939 2390 
f 2390 2939 3444 
f 3444 3442 2390 
f 3824 3397 2392 
f 3040 2771 2393 
f 2393 2867 3040 
f 4289 4225 2394 
f 4258 3846 2395 
f 2395 3846 4259 
f 4251 4202 2395 
f 4259 4251 2395 
f 3404 2437 2396 
f 2397 2513 2777 
f 3904 2609 2398 
f 2398 2609 3949 
f 2398 2701 3904 
f 2398 3949 4237 
f 4123 2625 2399 
f 2399 3819 4123 
f 2400 2577 3399 
f 4178 2577 2400 
f 3963 3110 2400 
f 2400 3111 3962 
f 2400 3399 3963 
f 2400 3962 4178 
f 2401 2815 3531 
f 3161 2959 2401 
f 3531 3161 2401 
f 2805 2517 2403 
f 2406 2426 3756 
f 3816 2426 2406 
f 2406 3756 3836 
f 2407 2721 2833 
f 2407 2756 2826 
f 2966 2722 2408 
f 2408 2722 4234 
f 3838 2951 2408 
f 2408 2951 3899 
f 4152 2966 2408 
f 3899 3551 2408 
f 2408 3551 4152 
f 4234 3838 2408 
f 4041 2853 2409 
f 2477 2444 2410 
f 3367 2477 2410 
f 3847 3541 2411 
f 2411 3541 4111 
f 2412 2448 4228 
f 4238 2448 2412 
f 3884 2852 2412 
f 2412 2852 4238 
f 4228 3884 2412 
f 2415 3174 3470 
f 3542 3349 2415 
f 2415 3470 3542 
f 2418 2437 4317 
f 4317 2599 2418 
f 2419 2618 2811 
f 3123 2618 2419 
f 2878 2786 2419 
f 2419 2811 4139 
f 4139 2878 2419 
f 4263 3255 2420 
f 2420 3704 4263 
f 3977 2623 2422 
f 2422 2623 4047 
f 2422 2937 3977 
f 4047 4034 2422 
f 3567 2921 2423 
f 2423 3559 3844 
f 3844 3567 2423 
f 2424 3115 3895 
f 3983 3115 2424 
f 3241 3143 2424 
f 3937 3241 2424 
f 2424 3508 3983 
f 2424 3895 3937 
f 2425 2732 3699 
f 3699 2994 2425 
f 2968 2700 2426 
f 2426 2700 3756 
f 3816 2968 2426 
f 2427 3120 3695 
f 2428 2861 4276 
f 2428 3846 4258 
f 4276 3846 2428 
f 2429 2511 2855 
f 2429 3407 4229 
f 3819 2879 2430 
f 4123 3819 2430 
f 2433 2712 3225 
f 3550 2712 2433 
f 2433 2743 3682 
f 3682 3550 2433 
f 3478 2659 2434 
f 2437 3404 4317 
f 2828 2787 2438 
f 3535 2828 2438 
f 3265 2821 2443 
f 2443 2821 3962 
f 3553 3265 2443 
f 3962 3961 2443 
f 2445 2634 4250 
f 3573 2741 2445 
f 2445 2741 4179 
f 4250 3573 2445 
f 2447 3185 3348 
f 2447 3348 4091 
f 4091 3980 2447 
f 4152 2482 2448 
f 2448 3314 4228 
f 4238 4152 2448 
f 4002 3907 2449 
f 2450 2551 2731 
f 2455 2665 4010 
f 3691 2870 2455 
f 4010 3691 2455 
f 3450 3338 2456 
f 2456 3338 3654 
f 3654 3412 2456 
f 3781 2478 2457 
f 2457 2478 3883 
f 3615 3481 2457 
f 2457 3481 3781 
f 3883 3615 2457 
f 3287 2559 2458 
f 2458 3762 4226 
f 2668 2632 2460 
f 2462 2595 3946 
f 2462 2783 2993 
f 3318 2783 2462 
f 2462 2993 3873 
f 3372 3318 2462 
f 3946 3372 2462 
f 2463 3054 4114 
f 4117 3054 2463 
f 2463 3455 4117 
f 4215 3455 2463 
f 2463 3852 4215 
f 3958 2918 2465 
f 2465 3626 3958 
f 4282 3626 2465 
f 2466 2946 3134 
f 2466 3134 3652 
f 2813 2498 2467 
f 2467 2498 3623 
f 3772 2813 2467 
f 3774 3772 2467 
f 2663 2647 2468 
f 4304 2663 2468 
f 4075 3713 2469 
f 2471 3105 4168 
f 2472 3826 4258 
f 4296 3826 2472 
f 2474 2633 2661 
f 3777 2633 2474 
f 2474 2661 2981 
f 2474 2674 4140 
f 2474 2981 3860 
f 4140 3777 2474 
f 3534 3240 2476 
f 2478 2611 3038 
f 3882 2611 2478 
f 2478 3038 3883 
f 2478 3781 3882 
f 2480 2824 3400 
f 3890 2824 2480 
f 2481 2549 4144 
f 2481 2958 3832 
f 2482 3551 3886 
f 4152 3551 2482 
f 2482 3886 3900 
f 2483 2764 4281 
f 4282 2764 2483 
f 3892 3626 2483 
f 2483 3626 4282 
f 4281 3892 2483 
f 2484 2719 2724 
f 2484 2724 2725 
f 2484 2725 2726 
f 3903 2688 2487 
f 2487 2688 4298 
f 4298 4191 2487 
f 3225 2738 2490 
f 2490 2738 4222 
f 2492 3481 3615 
f 2492 3615 4169 
f 3911 2563 2493 
f 3709 2641 2493 
f 2493 2641 3911 
f 4150 2526 2494 
f 2494 4089 4150 
f 2495 2761 2850 
f 2501 2506 2540 
f 2977 2574 2503 
f 2504 3204 3513 
f 3425 2565 2505 
f 3641 2540 2506 
f 4094 3641 2506 
f 2765 2637 2508 
f 3374 2765 2508 
f 2508 2913 3374 
f 2509 2658 4010 
f 3234 2810 2511 
f 2512 2523 3724 
f 2615 2528 2514 
f 2514 2528 2626 
f 2626 2531 2514 
f 2515 2812 4286 
f 4293 4292 2515 
f 2516 2562 3933 
f 3934 2562 2516 
f 2516 2697 3934 
f 3933 3000 2516 
f 2517 2805 3545 
f 2520 3047 3293 
f 2520 3293 3839 
f 2586 2529 2521 
f 3867 3724 2523 
f 3874 3867 2523 
f 2524 2698 3197 
f 2526 4150 4184 
f 2528 2659 3044 
f 2529 2586 2845 
f 2529 3387 3807 
f 2763 2662 2530 
f 3387 2763 2530 
f 2531 2626 3924 
f 2867 2772 2531 
f 3924 2867 2531 
f 3043 2707 2532 
f 2532 2707 3124 
f 2532 2750 3043 
f 2533 3973 4004 
f 4225 4127 2534 
f 3920 3346 2535 
f 2535 3346 4244 
f 2535 3616 3647 
f 3791 3616 2535 
f 2535 3647 3926 
f 4244 3791 2535 
f 3926 3920 2535 
f 3969 2941 2538 
f 2538 3477 3969 
f 3484 3071 2539 
f 3608 2552 2540 
f 4164 3608 2540 
f 2540 3641 4164 
f 3432 2868 2543 
f 3877 3432 2543 
f 3442 2648 2544 
f 3894 2689 2545 
f 3736 3138 2545 
f 2545 3138 3894 
f 2545 3479 3736 
f 2546 2834 3284 
f 3599 2834 2546 
f 2546 2901 3885 
f 2546 3101 3599 
f 3885 3101 2546 
f 2547 2925 3866 
f 3929 2925 2547 
f 3860 2981 2547 
f 2547 2981 3929 
f 2773 2760 2548 
f 2786 2773 2548 
f 2549 3229 4144 
f 2550 2712 2825 
f 3225 2712 2550 
f 2550 2952 3225 
f 2553 2637 2765 
f 2935 2637 2553 
f 2553 2723 2969 
f 3063 2723 2553 
f 2553 2765 2976 
f 2969 2935 2553 
f 2553 3014 3063 
f 2555 3606 3921 
f 4024 3606 2555 
f 2556 2753 3386 
f 2811 2618 2558 
f 2558 2618 4229 
f 4267 2811 2558 
f 2558 3407 4137 
f 4229 3407 2558 
f 2558 4137 4239 
f 4239 4156 2558 
f 2558 4156 4267 
f 3287 2872 2559 
f 2561 2604 2930 
f 2562 2633 3777 
f 3934 2633 2562 
f 2562 3777 3933 
f 4067 3026 2563 
f 2563 3026 4070 
f 2563 3911 4067 
f 2564 2594 2644 
f 2564 2644 2851 
f 2566 2581 2781 
f 2566 2781 3755 
f 3426 3160 2568 
f 2568 3160 4314 
f 2569 2572 3829 
f 3430 3048 2570 
f 2570 3048 3910 
f 2570 3303 3868 
f 3868 3430 2570 
f 2571 4003 4073 
f 2572 2708 2990 
f 3427 2666 2575 
f 2575 2666 3453 
f 2575 2678 3245 
f 3452 2678 2575 
f 2575 3245 3427 
f 2577 2992 4172 
f 4178 2992 2577 
f 4172 3399 2577 
f 3598 3468 2578 
f 2578 3468 3622 
f 2579 2791 3973 
f 3964 3111 2580 
f 2581 2738 2781 
f 3221 2738 2581 
f 2583 2621 4013 
f 4013 3624 2583 
f 2584 2956 4264 
f 2584 3404 3875 
f 2589 2927 4224 
f 2591 4002 4016 
f 2592 3560 3806 
f 3596 2711 2593 
f 2593 2711 4243 
f 4243 3334 2593 
f 3597 3596 2593 
f 2594 2630 2691 
f 2691 2644 2594 
f 2595 3884 4228 
f 3375 2982 2596 
f 2596 2982 3913 
f 2599 2737 2993 
f 4317 2737 2599 
f 2599 2993 3669 
f 2601 2611 3882 
f 2727 2662 2602 
f 2602 2662 2763 
f 2602 2672 2727 
f 2763 2672 2602 
f 2603 3008 3449 
f 2604 2822 2930 
f 3574 2822 2604 
f 2860 2624 2606 
f 2606 2624 3122 
f 3449 2860 2606 
f 2606 3393 3449 
f 2607 3362 3914 
f 2609 2985 3949 
f 4236 2985 2609 
f 2609 3904 4235 
f 2609 4235 4236 
f 2888 2613 2611 
f 2611 2613 3038 
f 2614 3448 3476 
f 4107 2788 2617 
f 2836 2758 2619 
f 2619 2758 3863 
f 4295 2836 2619 
f 2619 3080 3092 
f 3863 3080 2619 
f 2619 3092 4320 
f 4320 4295 2619 
f 2620 3624 4293 
f 4142 2674 2622 
f 2622 2871 4142 
f 4035 3166 2623 
f 2623 3166 4047 
f 3977 3905 2623 
f 2623 3905 4035 
f 2898 2769 2627 
f 2627 2769 3213 
f 2628 3090 3101 
f 3381 3090 2628 
f 2628 3101 3885 
f 3885 3603 2628 
f 2631 3154 3684 
f 4015 3154 2631 
f 3684 3322 2631 
f 2631 3322 4015 
f 2922 2661 2633 
f 3934 2922 2633 
f 2634 2880 4251 
f 4259 4250 2634 
f 2634 4251 4259 
f 2636 3546 4233 
f 2636 3635 3890 
f 4234 3635 2636 
f 2636 3890 4231 
f 2636 4233 4234 
f 2639 3268 3421 
f 3421 3357 2639 
f 4256 2887 2641 
f 2641 2887 4283 
f 2641 3709 4256 
f 4283 3911 2641 
f 2643 2785 2906 
f 3148 2785 2643 
f 2643 2906 3214 
f 2644 2691 3597 
f 3319 2851 2644 
f 3597 3319 2644 
f 2645 2916 3005 
f 3369 2965 2645 
f 2645 2994 3369 
f 2646 3224 3944 
f 2651 2995 4265 
f 4265 3850 2651 
f 2654 3242 3987 
f 4098 3242 2654 
f 3978 3406 2654 
f 2654 3406 4098 
f 3987 3978 2654 
f 2658 3166 4010 
f 3206 2675 2660 
f 2660 2675 3939 
f 2661 2922 3075 
f 2661 2929 2981 
f 4061 2929 2661 
f 2661 3075 4061 
f 2662 2727 3594 
f 2664 2846 3579 
f 3912 2846 2664 
f 3427 2881 2666 
f 4241 3453 2666 
f 2666 3737 4241 
f 3957 2799 2669 
f 2669 2799 3995 
f 2669 2942 3201 
f 3572 2942 2669 
f 2669 3201 3673 
f 3995 3572 2669 
f 2669 3673 3957 
f 2670 3285 3814 
f 2674 3370 4140 
f 2675 3206 3405 
f 2675 3254 3939 
f 2675 3405 3618 
f 3466 3029 2676 
f 3452 2943 2678 
f 2678 2943 4038 
f 3317 3245 2678 
f 4038 3317 2678 
f 2680 2944 3827 
f 3960 2944 2680 
f 3827 3720 2680 
f 2680 3720 3960 
f 2682 2894 4113 
f 4266 2894 2682 
f 4113 3999 2682 
f 3428 2820 2685 
f 3737 3428 2685 
f 2685 3453 4241 
f 4241 3737 2685 
f 2686 2809 3699 
f 2686 3699 4284 
f 2687 3339 4016 
f 2688 3097 3403 
f 3903 3097 2688 
f 3154 3112 2688 
f 2688 3112 4298 
f 3403 3154 2688 
f 2691 3596 3597 
f 3690 2700 2693 
f 4245 3385 2694 
f 4000 3558 2694 
f 2694 3558 4040 
f 4274 4000 2694 
f 2694 4040 4245 
f 4275 4274 2694 
f 3971 2796 2695 
f 2695 3476 3971 
f 2697 3888 3934 
f 3412 3197 2698 
f 2699 2810 3234 
f 3424 2810 2699 
f 3421 3268 2701 
f 2702 3646 3948 
f 2704 2796 3971 
f 2704 3971 4249 
f 2704 4249 4291 
f 4267 2886 2705 
f 4142 3267 2705 
f 2705 4139 4267 
f 3167 3124 2707 
f 3284 2834 2710 
f 2711 3596 4172 
f 2711 4172 4243 
f 2987 2729 2713 
f 2713 2729 4269 
f 3409 2776 2713 
f 2713 2776 3429 
f 3429 2987 2713 
f 4269 3409 2713 
f 2722 2966 4238 
f 4238 4148 2722 
f 2727 2990 3594 
f 4026 2758 2728 
f 2728 3789 4026 
f 2729 2987 3295 
f 3295 3133 2729 
f 2729 3133 4291 
f 2729 3925 4269 
f 4291 3925 2729 
f 4065 3030 2732 
f 2732 3030 4284 
f 4284 3699 2732 
f 4054 3018 2734 
f 3392 3023 2734 
f 3873 2993 2737 
f 3735 3260 2737 
f 4317 3735 2737 
f 3225 2781 2738 
f 2741 3448 3544 
f 4180 3448 2741 
f 2741 3544 4179 
f 2741 3573 4180 
f 2742 3141 3259 
f 4018 3141 2742 
f 2742 3562 4018 
f 2747 2766 3659 
f 4265 2766 2747 
f 2747 2859 3850 
f 4079 2859 2747 
f 2747 3659 3864 
f 2747 3850 4265 
f 2747 3864 4079 
f 2748 3109 4045 
f 4274 3109 2748 
f 2748 3270 3991 
f 4045 3270 2748 
f 3991 3324 2748 
f 2748 3324 4274 
f 2749 2918 3958 
f 4182 2918 2749 
f 2749 3958 4243 
f 4270 4182 2749 
f 2749 4243 4270 
f 2751 3801 3832 
f 2751 3828 4022 
f 4126 3828 2751 
f 2751 3832 4126 
f 4022 3843 2751 
f 2752 2779 3443 
f 4171 2779 2752 
f 2752 3350 3941 
f 2752 3941 4171 
f 3830 3386 2753 
f 3893 2757 2755 
f 2755 2757 4027 
f 4027 3065 2755 
f 3948 3893 2755 
f 3073 2893 2757 
f 2757 2893 3481 
f 3893 3073 2757 
f 2757 3481 4027 
f 4026 3863 2758 
f 2760 2773 4119 
f 2760 3309 3325 
f 4119 3309 2760 
f 4286 4201 2764 
f 2764 4282 4286 
f 3762 2976 2765 
f 2765 3374 3762 
f 2769 2898 3329 
f 3793 3213 2769 
f 4158 2865 2770 
f 2770 3049 4158 
f 2773 2786 2878 
f 2773 2878 4119 
f 2775 3139 4159 
f 3915 3168 2775 
f 4158 3915 2775 
f 4159 4158 2775 
f 2776 2820 3429 
f 2776 3409 3586 
f 2776 3586 4169 
f 4030 3856 2778 
f 4268 3443 2779 
f 2780 2784 3285 
f 2780 3285 3310 
f 2780 3310 4136 
f 4136 3577 2780 
f 3225 2952 2781 
f 2781 2952 3755 
f 4287 3053 2782 
f 3669 2993 2783 
f 2784 3260 3814 
f 3814 3285 2784 
f 3122 2906 2785 
f 3421 3122 2785 
f 4004 3973 2791 
f 2794 3311 3573 
f 4203 3311 2794 
f 2794 3573 4250 
f 2794 4088 4203 
f 4250 4088 2794 
f 2795 2971 3462 
f 3940 3466 2797 
f 2797 3939 3940 
f 3957 3710 2799 
f 2913 2884 2804 
f 2804 2884 3359 
f 3374 2913 2804 
f 2804 2999 4012 
f 4012 3374 2804 
f 3847 3200 2806 
f 2806 3288 3847 
f 2807 2856 3330 
f 3336 2856 2807 
f 3330 2971 2807 
f 2807 2971 4045 
f 4045 3109 2807 
f 2808 3595 3612 
f 3813 3595 2808 
f 2808 3612 3853 
f 4070 3026 2809 
f 2809 3026 4255 
f 4255 3699 2809 
f 3910 3048 2810 
f 2810 3424 3910 
f 4267 4139 2811 
f 2812 3015 4201 
f 2812 4201 4286 
f 2813 3772 4210 
f 3544 3447 2817 
f 3967 3544 2817 
f 2818 3822 3823 
f 2818 3823 4236 
f 4236 4235 2818 
f 2819 2933 3028 
f 3906 2933 2819 
f 2820 3428 3429 
f 4178 3962 2821 
f 4270 4178 2821 
f 3535 3312 2828 
f 3848 2863 2829 
f 3427 3245 2837 
f 2838 2893 3297 
f 3481 2893 2838 
f 2838 3297 3396 
f 2838 3396 3927 
f 3781 3481 2838 
f 3927 3781 2838 
f 3214 2906 2839 
f 2840 2925 3845 
f 3866 2925 2840 
f 3845 3343 2840 
f 4114 3866 2840 
f 2842 4110 4213 
f 2843 2915 3368 
f 3460 2915 2843 
f 2843 3368 3601 
f 4248 3460 2843 
f 2843 3601 3602 
f 2843 3602 4248 
f 2846 3037 3211 
f 3237 2885 2848 
f 2849 3905 3977 
f 3319 3294 2851 
f 2852 4135 4148 
f 2852 4148 4238 
f 3840 3178 2854 
f 2854 3178 3974 
f 3459 3356 2854 
f 2854 3356 4036 
f 4055 3459 2854 
f 4036 3840 2854 
f 2854 3974 4055 
f 3336 2953 2856 
f 2856 2953 4199 
f 3871 3330 2856 
f 4199 3871 2856 
f 2859 3132 3850 
f 4079 3132 2859 
f 3449 3008 2860 
f 4166 3236 2862 
f 2862 3533 4166 
f 4159 4137 2865 
f 2865 4158 4159 
f 2869 3343 4223 
f 2870 3691 4035 
f 2872 3287 3493 
f 3493 3456 2872 
f 2873 3439 3812 
f 2973 2945 2874 
f 3442 2973 2874 
f 2880 4191 4298 
f 4111 3237 2882 
f 3592 3359 2884 
f 2885 3237 3541 
f 4156 3371 2886 
f 4267 4156 2886 
f 4285 4283 2887 
f 2889 3163 3301 
f 3310 3163 2889 
f 2889 3301 4232 
f 4136 3310 2889 
f 2889 4135 4136 
f 2892 3401 3474 
f 2893 3073 3297 
f 2894 2907 4112 
f 4120 2907 2894 
f 2894 4112 4113 
f 4266 4120 2894 
f 2897 3024 3967 
f 4179 3024 2897 
f 4203 3331 2899 
f 2899 3331 4320 
f 2899 3831 4203 
f 4260 3831 2899 
f 4320 4260 2899 
f 2903 3349 3433 
f 2904 3324 3991 
f 3991 3437 2904 
f 2904 3437 4187 
f 2907 3267 4112 
f 4120 4119 2907 
f 3449 3393 2911 
f 2911 3393 4237 
f 3085 2964 2912 
f 2912 2964 3727 
f 4254 3368 2915 
f 3459 3414 2915 
f 2915 3414 4254 
f 2919 2920 2970 
f 3332 2920 2919 
f 2919 2921 3332 
f 3431 2970 2920 
f 2920 3332 3648 
f 3648 3332 2921 
f 2921 3567 3569 
f 2921 3569 3648 
f 3934 3888 2922 
f 2925 3929 4060 
f 4060 4021 2925 
f 3583 3326 2926 
f 2927 3832 3837 
f 4126 3832 2927 
f 2927 3837 4224 
f 3929 2981 2929 
f 4217 3316 2931 
f 4215 3852 2931 
f 2932 3018 3253 
f 3906 3552 2933 
f 2934 3382 3675 
f 4198 3382 2934 
f 3726 3688 2934 
f 2934 3688 4198 
f 2934 3725 3726 
f 4226 2999 2936 
f 3865 3750 2936 
f 2939 3443 4268 
f 3897 3479 2939 
f 4268 3897 2939 
f 2942 2998 3201 
f 2943 3712 4038 
f 3899 3878 2948 
f 2948 3886 3899 
f 3900 3886 2948 
f 2949 2954 3889 
f 2951 3838 4233 
f 4043 2984 2953 
f 2953 2984 4199 
f 2953 3336 4042 
f 2953 4042 4043 
f 2954 3289 3918 
f 3918 3889 2954 
f 3837 3832 2958 
f 2961 3199 3438 
f 3278 2967 2962 
f 2965 3369 4283 
f 2965 3394 3698 
f 4285 3394 2965 
f 2965 4283 4285 
f 2966 4152 4238 
f 2968 3816 4174 
f 3431 2986 2970 
f 2971 3330 3462 
f 2971 3625 4045 
f 2973 3442 3444 
f 2975 3820 4127 
f 3502 3262 2980 
f 2982 3164 4104 
f 3634 3376 2984 
f 2984 3376 4199 
f 4236 3649 2985 
f 4237 3949 2985 
f 4057 3164 2986 
f 3429 3295 2987 
f 2989 3270 3625 
f 3991 3270 2989 
f 3647 3616 2989 
f 2989 3616 3991 
f 3825 3647 2989 
f 4243 4172 2992 
f 2992 4178 4270 
f 4270 4243 2992 
f 4255 3369 2994 
f 2994 3699 4255 
f 2995 3121 4265 
f 4226 4012 2999 
f 3000 3933 4230 
f 3950 3901 3001 
f 3002 3229 3635 
f 4232 3229 3002 
f 4185 3986 3003 
f 4187 4185 3003 
f 4138 3694 3004 
f 3004 3694 4173 
f 3007 3125 3872 
f 3931 3125 3007 
f 3007 3307 3340 
f 3872 3307 3007 
f 3936 3931 3007 
f 3010 3071 3158 
f 3383 3313 3011 
f 3945 3446 3012 
f 3012 3446 4019 
f 3012 3859 4029 
f 4217 3859 3012 
f 4029 3945 3012 
f 3012 4019 4217 
f 3698 3394 3015 
f 3015 3394 4201 
f 3839 3293 3019 
f 4289 3839 3019 
f 3021 3113 3129 
f 4316 3113 3021 
f 3021 3129 3493 
f 3021 3493 3790 
f 3021 3790 4316 
f 3686 3059 3022 
f 3978 3651 3023 
f 3024 3544 3967 
f 4179 3544 3024 
f 3894 3138 3025 
f 3026 4067 4255 
f 3030 3031 3042 
f 4065 3031 3030 
f 3042 3033 3030 
f 3030 3033 4284 
f 3721 3042 3031 
f 4077 3721 3031 
f 3033 3042 3045 
f 4078 3057 3034 
f 3034 3715 4078 
f 4200 3686 3035 
f 3926 3647 3036 
f 3319 3211 3037 
f 3037 3294 3319 
f 3039 3041 3718 
f 4080 3041 3039 
f 4078 3715 3039 
f 3039 3715 4080 
f 3039 3718 3721 
f 3039 3721 4078 
f 3045 3042 3041 
f 3041 3042 3718 
f 4081 3045 3041 
f 3041 4080 4081 
f 3721 3718 3042 
f 3046 3055 3056 
f 4092 3055 3046 
f 3046 3780 4092 
f 3047 3163 3310 
f 3310 3293 3047 
f 3049 3915 4158 
f 4160 3915 3049 
f 3052 3326 3583 
f 3891 3559 3052 
f 3052 3583 3891 
f 3283 3142 3053 
f 3053 3142 4261 
f 4287 3283 3053 
f 3053 4261 4300 
f 4113 3251 3054 
f 4117 4113 3054 
f 4077 4075 3057 
f 4078 4077 3057 
f 4200 3118 3059 
f 3059 3686 4200 
f 3060 3612 4023 
f 4277 3612 3060 
f 3060 4023 4275 
f 3060 4257 4277 
f 4230 3370 3061 
f 3062 3540 4304 
f 3065 4027 4242 
f 3235 3192 3066 
f 3066 3192 3880 
f 3880 3321 3066 
f 3732 3074 3068 
f 3068 3147 3732 
f 3069 3076 3077 
f 3083 3082 3070 
f 3087 3086 3072 
f 3072 3086 3739 
f 3153 3152 3072 
f 3739 3153 3072 
f 3733 3088 3074 
f 3074 3732 3733 
f 3075 3722 4061 
f 3742 3077 3076 
f 3076 3089 3742 
f 3734 3730 3077 
f 3742 3734 3077 
f 3409 3092 3080 
f 3081 3132 3181 
f 3081 3181 4121 
f 4121 3450 3081 
f 3082 3083 3084 
f 3082 3084 3091 
f 3082 3091 4308 
f 3739 3084 3083 
f 3083 3153 3739 
f 3743 3091 3084 
f 3084 3739 3743 
f 3086 3093 3743 
f 3743 3739 3086 
f 3088 3733 3744 
f 3089 3098 3747 
f 3747 3742 3089 
f 3599 3101 3090 
f 3091 3743 3751 
f 3092 3409 4186 
f 3092 4186 4260 
f 3092 4260 4320 
f 3093 3102 3751 
f 3752 3102 3093 
f 3751 3743 3093 
f 3094 3259 3972 
f 3095 3103 3752 
f 3748 3747 3098 
f 3099 3436 3979 
f 3440 3215 3100 
f 3761 3751 3102 
f 3102 3752 3753 
f 3103 3106 3108 
f 3103 3108 3753 
f 3753 3752 3103 
f 3379 3355 3104 
f 3828 3415 3104 
f 3105 3447 4168 
f 3107 3757 3759 
f 3108 3119 3753 
f 3110 3963 4290 
f 3111 3961 3962 
f 3964 3961 3111 
f 3112 3154 4015 
f 4015 4007 3112 
f 3112 4007 4298 
f 3202 3129 3113 
f 4266 3202 3113 
f 3113 3309 4120 
f 4316 3309 3113 
f 3113 4120 4266 
f 3116 3490 3507 
f 3117 3827 3979 
f 3979 3964 3117 
f 3902 3695 3120 
f 4263 3704 3121 
f 3121 3704 4265 
f 3931 3607 3125 
f 3125 3607 4252 
f 3125 3642 3872 
f 4252 3642 3125 
f 4235 3904 3126 
f 4268 3353 3127 
f 3127 3897 4268 
f 3129 3202 4227 
f 3129 3456 3493 
f 4227 3456 3129 
f 4106 3181 3132 
f 3132 4079 4315 
f 4315 4106 3132 
f 3133 3295 3426 
f 3138 3736 3897 
f 3142 3283 4278 
f 3142 3364 4261 
f 4279 3364 3142 
f 3142 4278 4279 
f 3143 3241 3513 
f 4261 3364 3146 
f 3146 4190 4299 
f 3146 4206 4261 
f 4299 4206 3146 
f 3147 3730 3732 
f 3151 3152 3153 
f 3814 3260 3155 
f 4264 3814 3155 
f 3157 3298 3685 
f 3157 3685 3833 
f 4240 3205 3160 
f 3160 3205 4314 
f 3160 3426 3916 
f 3160 3916 4240 
f 4144 3301 3163 
f 3164 4057 4104 
f 3166 3691 4010 
f 4035 3691 3166 
f 3169 3171 3179 
f 3169 3179 3783 
f 4312 3171 3170 
f 4312 3179 3171 
f 3172 3814 4264 
f 3173 3195 3198 
f 3179 3184 3783 
f 3180 3184 3785 
f 4309 3184 3180 
f 3181 4106 4121 
f 3184 3187 3785 
f 4309 3783 3184 
f 3391 3348 3185 
f 3256 3193 3189 
f 3189 3196 3256 
f 4313 3196 3189 
f 3191 3193 3256 
f 3192 3901 3938 
f 3194 4084 4287 
f 3258 3198 3195 
f 3197 3412 3654 
f 3654 3653 3197 
f 3205 4154 4314 
f 4240 4160 3205 
f 3621 3405 3206 
f 3208 3339 3784 
f 4016 3339 3208 
f 3602 3591 3209 
f 3209 3591 4297 
f 4248 3602 3209 
f 3209 4190 4248 
f 4299 4190 3209 
f 3209 4297 4299 
f 3216 3264 3438 
f 3224 3281 3944 
f 4232 4144 3229 
f 3951 3517 3231 
f 3960 3720 3236 
f 3236 3823 3960 
f 4166 3823 3236 
f 4111 3541 3237 
f 3243 3250 3565 
f 4113 4112 3251 
f 3492 3434 3254 
f 3254 3434 3939 
f 3608 3263 3261 
f 3617 3608 3261 
f 3263 3608 4164 
f 4166 3533 3269 
f 3269 3841 4166 
f 4045 3625 3270 
f 4072 3505 3280 
f 3280 4039 4072 
f 3281 3299 3965 
f 3965 3944 3281 
f 4084 3527 3283 
f 3283 3527 4278 
f 4287 4084 3283 
f 3285 3293 3310 
f 3790 3493 3287 
f 3848 3847 3288 
f 4013 3458 3290 
f 3290 3624 4013 
f 4032 3624 3290 
f 3916 3426 3295 
f 3295 3429 3760 
f 3295 3760 3916 
f 4154 3303 3296 
f 3296 3914 4154 
f 3297 3308 3396 
f 3301 4144 4232 
f 3984 3610 3302 
f 3872 3642 3307 
f 4316 3325 3309 
f 3309 4119 4120 
f 3311 3476 4180 
f 4271 3476 3311 
f 4180 3573 3311 
f 3311 4203 4271 
f 3312 3535 4070 
f 3314 4134 4228 
f 4217 4019 3316 
f 3322 3684 4066 
f 3322 3779 4280 
f 4280 4015 3322 
f 3323 4085 4102 
f 3323 4102 4146 
f 3324 4000 4274 
f 4186 3925 3327 
f 3327 3925 4249 
f 4260 4186 3327 
f 3327 4249 4260 
f 3328 3766 4110 
f 4203 4088 3331 
f 3331 4088 4295 
f 3331 4295 4320 
f 3958 3626 3334 
f 4243 3958 3334 
f 3335 3348 3391 
f 4091 3348 3335 
f 3336 4023 4042 
f 3337 3572 3995 
f 3338 3450 4028 
f 3758 3654 3338 
f 3343 3845 4223 
f 3989 3469 3346 
f 3346 3920 3989 
f 4030 3484 3347 
f 3347 3856 4030 
f 4102 4085 3347 
f 3542 3433 3349 
f 3351 3935 4121 
f 4121 4056 3351 
f 3817 3465 3354 
f 3967 3817 3354 
f 3355 3843 4022 
f 4020 3398 3356 
f 3356 3398 4036 
f 3356 3460 4020 
f 4086 3576 3361 
f 4162 3657 3363 
f 4279 4246 3364 
f 3648 3601 3368 
f 4255 4067 3369 
f 3369 4067 4283 
f 4230 4140 3370 
f 4012 3762 3374 
f 3376 3871 4199 
f 4032 3402 3377 
f 3377 3402 4292 
f 3377 3624 4032 
f 4293 3624 3377 
f 3377 4292 4293 
f 3588 3567 3378 
f 3378 3567 4288 
f 3601 3588 3378 
f 3602 3601 3378 
f 4288 3602 3378 
f 4245 3411 3385 
f 3385 3411 4297 
f 3386 3830 4009 
f 4285 4201 3394 
f 3395 3414 3771 
f 4254 3414 3395 
f 3771 3548 3395 
f 3395 3548 4124 
f 4124 3570 3395 
f 3395 3570 4254 
f 3397 3511 4109 
f 3398 3464 4036 
f 4246 3464 3398 
f 3399 3529 3963 
f 4172 3529 3399 
f 4252 3607 3402 
f 3402 3607 4292 
f 4031 3794 3402 
f 3402 3794 4252 
f 4032 4031 3402 
f 3406 3497 4098 
f 4269 4186 3409 
f 3411 4245 4299 
f 4299 4297 3411 
f 3413 3745 4231 
f 3414 3459 3771 
f 3415 3828 4126 
f 3423 3604 3984 
f 3760 3429 3428 
f 4213 3766 3432 
f 3432 3877 4213 
f 3940 3939 3434 
f 3644 3558 3435 
f 3834 3644 3435 
f 3437 3991 4185 
f 3437 4185 4187 
f 4173 3556 3441 
f 3945 3805 3446 
f 3446 3805 4079 
f 3446 3864 4019 
f 4079 3864 3446 
f 4180 3476 3448 
f 3450 3935 4028 
f 4121 3935 3450 
f 4248 4020 3460 
f 3990 3913 3461 
f 4193 4036 3464 
f 4154 3914 3467 
f 4314 4154 3467 
f 3533 3486 3471 
f 4271 3971 3476 
f 3477 3919 3969 
f 3897 3736 3479 
f 4157 4053 3488 
f 3495 3605 4244 
f 4296 3605 3495 
f 4273 3717 3495 
f 3937 3895 3498 
f 3498 3917 3937 
f 4063 3917 3498 
f 4125 4063 3498 
f 4165 4116 3501 
f 4108 3504 3502 
f 4163 3537 3517 
f 3527 4084 4202 
f 3985 3963 3529 
f 4163 4125 3537 
f 4130 4076 3543 
f 3899 3886 3551 
f 4173 3694 3556 
f 4147 4044 3557 
f 3558 3644 4040 
f 4294 3844 3559 
f 3559 3891 4294 
f 3563 4076 4131 
f 3588 3569 3567 
f 3567 3844 4288 
f 3569 3588 3601 
f 3569 3601 3648 
f 3578 3802 4253 
f 4151 4146 3587 
f 4167 4151 3587 
f 3590 3970 4196 
f 4196 4177 3590 
f 3591 3602 4288 
f 4288 4257 3591 
f 3591 4257 4297 
f 4042 3612 3595 
f 3595 3813 4043 
f 4043 4042 3595 
f 3604 3610 3984 
f 3931 3698 3607 
f 3608 3617 3619 
f 3610 3869 3909 
f 4277 3853 3612 
f 4042 4023 3612 
f 3616 3791 4185 
f 4185 3991 3616 
f 4252 3794 3642 
f 3643 3688 4046 
f 4198 3688 3643 
f 3643 4046 4216 
f 3644 3834 4301 
f 4074 4040 3644 
f 4302 4074 3644 
f 3644 4301 4302 
f 3645 3717 4273 
f 4273 3932 3646 
f 4166 3841 3649 
f 4236 4166 3649 
f 3651 3978 3987 
f 3658 3681 4205 
f 4019 3864 3659 
f 4207 3681 3660 
f 4216 4046 3667 
f 4218 4214 3670 
f 4212 3674 3671 
f 4220 3689 3677 
f 3677 4219 4220 
f 3679 3683 4211 
f 3679 3689 4220 
f 3688 3726 4046 
f 3697 3805 3818 
f 4315 3805 3697 
f 3697 3818 4310 
f 3697 4056 4121 
f 4310 4056 3697 
f 4121 4106 3697 
f 3697 4106 4315 
f 3698 3931 3936 
f 4221 4219 3701 
f 3702 3867 3874 
f 3713 4075 4077 
f 3721 4077 4078 
f 3728 4021 4060 
f 3734 3732 3730 
f 3734 3733 3732 
f 3733 3734 3741 
f 3733 3741 3744 
f 3742 3741 3734 
f 3916 3760 3738 
f 4240 3916 3738 
f 3741 3742 3747 
f 3746 3744 3741 
f 3747 3746 3741 
f 3744 3746 3754 
f 3746 3747 3748 
f 3746 3748 3757 
f 3757 3754 3746 
f 3759 3757 3748 
f 3749 3818 4029 
f 4310 3818 3749 
f 3749 4059 4310 
f 3754 3757 3764 
f 3762 4012 4226 
f 4213 4110 3766 
f 4181 4069 3767 
f 3769 4103 4209 
f 3769 4208 4262 
f 3774 3773 3772 
f 4071 3947 3775 
f 4097 4071 3775 
f 3775 4090 4122 
f 4122 4097 3775 
f 3776 3778 4107 
f 4230 3933 3777 
f 3777 4140 4230 
f 3779 4193 4280 
f 3780 4082 4092 
f 3927 3882 3781 
f 4242 4026 3789 
f 3791 3986 4185 
f 4244 3986 3791 
f 3799 4088 4276 
f 4295 4088 3799 
f 4195 3892 3802 
f 3802 3892 4281 
f 4281 4253 3802 
f 3945 3818 3805 
f 4315 4079 3805 
f 3818 3945 4029 
f 3960 3823 3822 
f 3823 4166 4236 
f 4271 4203 3831 
f 4260 4249 3831 
f 3831 4249 4271 
f 3834 4300 4301 
f 4259 3846 3835 
f 3835 3846 4276 
f 3835 4088 4250 
f 4276 4088 3835 
f 3835 4250 4259 
f 4234 4233 3838 
f 3840 4036 4193 
f 4294 4288 3844 
f 4294 3891 3853 
f 3853 4277 4294 
f 3855 3858 3881 
f 4283 4067 3911 
f 3925 4186 4269 
f 4291 4249 3925 
f 3963 3985 4290 
f 4271 4249 3971 
f 3999 4113 4117 
f 4003 4005 4073 
f 4007 4015 4247 
f 4280 4247 4015 
f 4248 4190 4020 
f 4040 4074 4245 
f 4310 4059 4048 
f 4149 4129 4064 
f 4299 4245 4074 
f 4302 4299 4074 
f 4076 4130 4131 
f 4093 4092 4082 
f 4116 4133 4141 
f 4137 4159 4239 
f 4175 4153 4143 
f 4175 4165 4153 
f 4300 4261 4206 
f 4206 4299 4302 
f 4301 4300 4206 
f 4302 4301 4206 
f 4279 4278 4247 
f 4288 4277 4257 
f 4277 4288 4294 
