v -25.061617179500619 0.0066858327315278548 18.545289213974911
v -24.999684561245729 -0.072408096473736805 16.385198718058628
v -24.948219999999999 -2.5462419999999999 18.513349999999999
v -24.94280537253184 2.292024935512051 18.313204365413821
v -24.825489999999999 -2.5341499999999999 20.017119999999998
v -24.825489999999999 2.3560400000000001 20.017119999999998
v -24.933616908560129 -0.089050770000000001 20.073614953580641
v -24.882493685812619 -2.4579716169072769 15.607721925002281
v -24.846785870546519 2.595604055778657 16.22392529260873
v -24.99400540269162 0.095305250565331123 13.219876642202109
v -24.905899999999999 1.3798595 1.7411805
v -24.94842251276005 0.12743423158900269 1.6196399774886261
v -24.99712497914064 0.092896798147088955 2.3990207808890931
v -24.895470617613171 -1.0143667057915 1.643486211166725
v -24.93486908983331 -1.1914284992839941 3.4352179073726909
v -24.988112895595592 -0.13156573173792729 4.8903977032538908
v -24.941205707241579 1.327349448292499 3.6670963749423411
v -24.940403914966751 -1.0599594767399541 2.2930319885326989
v -24.587240000000001 -4.9797599999999997 18.513349999999999
v -24.406816864710599 -5.1931337095483174 20.017119999999998
v -24.513439999999999 -2.5034109999999998 21.492999999999999
v -24.63205 -0.089050770000000001 21.492999999999999
v -24.812671289985389 1.2118600904058741 1.3196262921562509
v -24.711253539749482 0.36798483984985397 0.98634207991488421
v -24.704886878430479 -0.99136148656753109 1.070736679845752
v -24.485793901016681 -5.089766730335664 16.299990111345782
v -24.81395143487255 -2.241964208938604 1.482361
v -24.879619999999999 -2.2924389999999999 2
v -24.69200764219423 -3.5577346350044872 2.0321391307915082
v -24.837458884410019 -2.6227258330656511 4.7978873943791456
v -24.7104124109661 -3.451730008837528 3.1296631251312732
v -24.678648937128742 3.961315767650349 2.1167332853534782
v -24.811800000000002 2.6017299999999999 1.482361
v -24.879619999999999 2.6084209999999999 2
v -24.70823730581645 3.74541935087192 3.1148013357488731
v -24.827158364648501 2.9263664240956482 4.1695721243174262
v -24.513439999999999 2.3253089999999998 21.492999999999999
v -24.59100958398805 -2.4141559177553602 1
v -24.627649305591611 -3.471676278731175 1.462674027676325
v -24.605332390231329 4.0156791866146317 1.5069934531480731
v -24.549648138355131 2.738857970802417 0.94828769215680508
v -24.650503653372059 1.4918409086805271 0.97912354868596674
v -24.344464174429319 1.1998170303086151 0.57153973777471123
v -24.37211652109713 -0.43968978617720411 0.57601538023955112
v -24.017109999999999 2.2764199999999999 22.917020000000001
v -23.993337970858391 -0.089050770000000057 23.196453784093599
v -24.214518846648289 -2.1933684318918929 0.52119320270620439
v -24.41154491890461 -3.5497234311403751 0.98577897904285272
v -24.228844268812061 2.5570122564890321 0.53493497007857183
v -24.137725499976259 3.8250443821238691 0.62458516126756347
v -24.421810415652409 3.9098533998655838 1.013861999752625
v -23.92351 -7.3461689999999997 17.0061
v -24.003711556350709 -7.3093647444157774 18.513349999999999
v -24.511976461141209 -4.7581585515017366 2.5062804408767989
v -24.45279 -4.7059709999999999 1.482361
v -24.188965 -5.8993094999999993 1.7411805
v -24.530148938731269 4.9594002590923489 2.2993372660762841
v -24.437159668448128 5.110671172103844 1.5309983804886831
v -24.225441628162031 6.2054994899664253 2.2559737281138852
v -24.476426389287361 5.1691151306172918 4.3449752063566507
v -24.242037360974859 6.1227314705571452 3.259075813416286
v -24.158750000000001 -4.8945319999999999 21.492999999999999
v -23.678415189096501 4.3845845697781201 22.968373315851171
v -24.143545438102819 4.5285793620927013 21.614787039776662
v -23.75809645026737 -7.6472452792437844 20.017119999999998
v -24.212033148213219 -4.6961270670677706 0.9525351608535968
v -24.11354758924265 -5.7102179958140429 1.276743780267191
v -24.26477920008865 4.9959783387335053 1.026277945660157
v -23.98059634539764 6.2067109463119126 1.071033484667185
v -24.192857860632191 6.1534142196371731 1.6555813935868089
v -23.861017550977198 -1.446269386569967 0.2430255562942818
v -23.911044937236881 0.082962215567426237 0.2326281505787193
v -23.721811232549321 -2.9233667834484498 0.24559405761178679
v -24.060818388948331 -3.824879183709776 0.58578490000000005
v -23.713320614214489 3.663943030192145 0.26794820000000003
v -23.885234690923699 2.4940186440155032 0.26794820000000003
v -23.940573469147889 1.3676065998553151 0.26794820000000003
v -23.80404533100684 -5.0949371876812393 0.57212436718811033
v -23.857347368747941 -6.0088637431478613 0.91979772643253221
v -23.83910664053758 5.4691181688122796 0.62541604928630656
v -23.973303734432442 4.7591531924168509 0.59120847335678517
v -23.571400000000001 -7.2393609999999997 21.492999999999999
v -21.97560922462706 -5.5755767512243981 22.73729730552818
v -23.457529999999998 -0.089050770000000001 24.26604
v -23.221710719445522 2.4274429788134979 24.399540783522632
v -23.32353755226967 -0.53773756502125991 0.047092536996908213
v -23.489913167395581 0.72235062155787721 0.068145750000000005
v -23.160679999999999 -9.6825220000000005 18.513349999999999
v -23.610846605077729 -4.0388097138749606 0.26794820000000003
v -23.54816271166608 4.7773657498580864 0.26794820000000003
v -23.25492736116118 5.7812776433403341 0.24856528463613031
v -23.650790855499189 5.9858598853163381 0.56523992474728901
v -23.40615404513596 8.6606972060814247 1.486768318033685
v -23.897682851466872 7.2911053956585876 1.580323975522963
v -23.87809034138354 7.537028987205419 2.3043563499621591
v -23.936258151002701 7.3417387415338471 3.364754142281082
v -23.513302250003601 8.5342588449772414 3.4360280258544198
v -23.508451243675591 8.5690094360969464 2.3707017724885571
v -23.28873510270159 -1.4316855992360791 0.050273513069629593
v -23.24557316414317 -2.4392808020269401 0.053089029883239922
v -23.404389999999999 2.4631189999999998 0.068145750000000005
v -22.75704 -9.5153320000000008 21.492999999999999
v -23.04674 -9.6353310000000008 20.017119999999998
v -23.789600302686519 -7.181949595813415 1.4095603885319909
v -23.52824117476737 -7.3839812965923972 0.98881101092169188
v -23.399385872595069 -8.3274449531810877 1.454285114593868
v -23.516931743695189 -8.2380729534296151 2.1599193849136831
v -23.380248342905009 8.1945412470547847 1.0452130844637839
v -23.72789176815305 7.2468423228044481 1.08939935105491
v -22.956387423779621 -9.0215561407161768 1.011313466658412
v -23.052509763834831 -7.6820561948667896 0.55611230116073107
v -23.287749472508839 7.5674508081574006 0.63511576429754857
v -23.53558270942494 6.5421283876462777 0.58322113997962766
v -23.571400000000001 7.061248 21.492999999999999
v -23.094139999999999 6.9164810000000001 22.917020000000001
v -22.75704 9.3372189999999993 21.492999999999999
v -22.943496738334069 4.6991394820025336 0.051299100702691697
v -22.581456831082001 1.7903414991185631 25.431700879477219
v -22.615659999999998 -0.089050770000000001 25.518149999999999
v -22.585371757841099 1.0995500415239809 0
v -22.406655410237061 2.2444243599376041 0
v -22.29581997231611 3.3445841098448321 0
v -23.118478954005049 3.4579185152595908 0.050107947324640099
v -22.735232910370939 8.0537065548780067 0.34102395818692322
v -22.930113345763392 7.1388735765432507 0.25567627292100581
v -22.96131466472681 8.5197992903687183 0.65271328942656637
v -23.284179372021569 9.1585398662073825 18.508090909463601
v -23.04674 9.4572199999999995 20.017119999999998
v -22.108830000000001 11.72836 18.513349999999999
v -22.98940263310277 -9.445603102766329 1.449525641761011
v -23.096990000000002 -9.4091000000000005 2
v -22.572510000000001 -10.518015 2
v -22.47198772079938 -10.75062130239067 3.219167758818017
v -23.04355963127966 -9.5436081958774839 3.3083966258130721
v -23.096990000000002 9.7250700000000005 2
v -22.878530173538699 10.02776551913648 1.482361
v -22.528499090091081 10.92091705880649 2.372128051920058
v -23.171025498707198 9.4643308321778079 5.2694316754374926
v -22.65235514997822 10.640371260271699 3.5064609473370871
v -23.006799999999998 4.4872889999999996 24.26604
v -22.408776294459241 6.7797387699993861 24.290462919307451
v -22.233951743706669 9.1205513155052031 23.051691361103281
v -21.67193 8.8877500000000005 24.26604
v -21.9079503435471 5.5751488898007029 0
v -22.256942271152749 4.4597102329104761 0
v -22.712783334262461 5.7394346051379816 0.054830765264559801
v -21.691626781305171 -11.78948327963781 21.40638662324934
v -21.991355194881351 -11.843681809825931 20.06362879254571
v -21.723520000000001 11.522410000000001 21.492999999999999
v -22.000070000000001 11.67023 20.017119999999998
v -22.35681487811728 -10.323252568307691 0.98612591027810226
v -22.536046811170099 -10.444209508587941 1.5093301221200379
v -22.954967389264588 9.3589169388367299 1.025501001418117
v -22.421834923087161 10.55933481010727 1.0338108552156271
v -22.400266028230941 11.07817088400002 1.6098259125988359
v -21.662361622469231 6.2805435151854017 25.549654326910769
v -22.18111 4.3230399999999998 25.518149999999999
v -22.39192675899497 7.0074831089186667 0.055123016375749123
v -23.066996430198401 6.4506906423645489 0.24090721765798381
v -22.219538218676728 8.1355503345104587 0.11746554600085581
v -22.44057858489208 -9.4069886516009085 0.5787113595066653
v -22.523177200812821 9.5821774347719941 0.59265971851867427
v -21.347185444763941 -11.295089597096309 22.947850722584011
v -22.296279999999999 -9.3244710000000008 22.917020000000001
v -21.12024444175799 8.6592377732194556 22.620841072609458
v -21.60471608343083 6.6128454923794298 0
v -21.731724606321791 -9.9203674346676216 0.26098289236472999
v -22.053503745504351 -10.209393736642751 0.57345694770095101
v -22.367044848979269 -8.4631203804561022 0.26497377376532538
v -21.917489729053081 9.7247759137069387 0.23991939898801201
v -22.330274637431909 8.9260376283032912 0.27387332303489659
v -21.587154429136959 10.597314980536821 0.28166730484495539
v -21.981846795927321 10.744841794992009 0.62407201789824296
v -21.54223298005294 7.9681964974237456 0.008125752660277083
v -21.67193 -9.0658609999999999 24.26604
v -21.07548748980755 4.2949347235799973 26.729335973447721
v -21.744590363455998 -8.863673453153508 0.078442646173072145
v -21.201463102628939 -9.9494596942927842 0.067892196543552025
v -21.103349559771608 -11.34092250089833 0.29981062115355978
v -21.60751672758558 -11.2180091372507 0.60147390706536097
v -20.74071 -10.92815 0.068145750000000005
v -21.08941258563523 10.218003446438701 0.051868263039225801
v -21.590931594071169 9.1563492590735578 0.051796724085263257
v -21.020389118307921 13.54431281521045 18.513349999999999
v -22.172635126097131 11.444559057329471 16.26839438971831
v -22.048030000000001 -11.62693 2
v -22.180347548809522 -11.187977572221619 1.482361
v -21.360089776005189 -12.659041995280511 1.547820353659171
v -21.437131746971261 -12.656932912303411 2.6547215297076008
v -21.925828799444101 -11.874121265078809 4.6308308550806681
v -20.84641575102269 13.71614325731397 16.064789262845359
v -21.360674022246261 12.8956680213912 13.78600519075137
v -21.443805431969729 12.853291680995239 1.617997546721097
v -21.971381817939591 11.952612683381799 1.537970247104256
v -21.978220571486229 12.05515751259356 2.256504828215959
v -22.05706281711263 11.90292952331534 3.2684592364900258
v -21.321477938099729 13.132943163855209 3.3453775585954619
v -21.29252696521403 13.19849900111303 2.2973105874234232
v -20.480799999999999 -13.77388 21.492999999999999
v -20.48079884407743 13.595780438190429 21.493002321023699
v -20.741520000000001 13.76999 20.017119999999998
v -21.95235371332851 -11.23792899190425 1.035811776774662
v -21.534856331505232 -12.00616153344806 1.054205906181384
v -21.22611954660962 12.79361073928974 1
v -21.890193723032439 11.66210797887944 1.0118183741835971
v -21.03581941257249 -12.24814314829611 0.63307320305047887
v -20.7613607714298 -13.25770795093206 1.005800783214059
v -21.391087763006961 11.853591452588971 0.56710582833658874
v -21.249230000000001 -8.6437310000000007 0
v -20.34459469907787 9.8008142091773056 0
v -19.29273066255498 10.37377174369424 23.1982723870826
v -20.800873620037279 -10.827736247187991 24.316851986885681
v -20.94211546555842 -8.7757030386612946 25.433188527791259
v -20.89414 8.5655889999999992 25.518149999999999
v -19.570805235137492 8.0174406417226436 23.688488872567401
v -20.63563429886662 6.1227803084153001 26.713886743781131
v -19.975549999999998 8.1850889999999996 26.653030000000001
v -20.874423197117519 12.820251955673619 0.62426142877566071
v -20.94612319716488 11.748796306866531 0.24881521305563919
v -19.6360099085387 -12.820932986326079 24.327702617695049
v -20.066120000000002 -13.49681 22.917020000000001
v -20.222142070261331 -9.9139789220318875 0
v -20.04025270213301 10.649373640612071 0
v -19.74973806168326 5.4562830231673152 27.617627162744071
v -20.16920740911543 -11.68564806047768 0.054865039620879817
v -20.508217594539438 -12.242338179474331 0.26563989612967132
v -20.641865939764099 11.40903032345331 0.068145750000000005
v -20.13941337796367 12.28805750297477 0.076831989609692328
v -20.481578436810651 12.702108929665039 0.30291336661442397
v -19.866468818645149 -10.893028705149799 25.509251348864769
v -20.062042970115979 -8.3990282377191754 26.546171508262429
v -19.378550000000001 15.81451 18.513349999999999
v -20.771089541151991 -13.75880616478387 2.3908206338152662
v -20.623536436870271 -13.849253019467771 1.5375717169448579
v -20.133951537245501 -14.529352058086721 1.6280637270810261
v -19.32526 -15.70185 2
v -20.814823051625108 -13.715752672124699 3.9034931254412348
v -19.453010914727511 15.613905173847231 16.07206549959654
v -20.55769096307888 14.185503348058489 12.36178529692164
v -20.7549302272684 14.08620222505049 2.2392157012590772
v -20.75787623530692 13.990475772240179 1.589762251744598
v -20.024067099867182 14.98302365871171 1.580668173288353
v -20.024672446876941 15.04604669616541 3.745069911603959
v -20.088466643857899 14.98123125893442 2.4572602163307899
v -19.28322 15.736280000000001 20.017119999999998
v -19.04083 15.53735 21.492999999999999
v -19.381211314970159 -11.24916733050331 0
v -19.441889824614979 11.959243177447551 0
v -19.491646338570462 -15.02967573900804 1.002078481131929
v -20.43222532365122 14.07598992900561 1
v -19.993111380227869 -13.81918770570436 0.58578490000000005
v -20.4780349757817 -13.091851524487661 0.6076884790380811
v -20.211293207642221 13.66782900345595 0.50654608307622939
v -19.514439057955151 14.780569141049231 0.58578490000000016
v -19.697658323527261 15.10160501381514 1.0506370376356069
v -19.955269999999999 -13.175700000000001 0.26794820000000003
v -19.25376 -14.12158 0.26794820000000003
v -19.308275109230092 -14.634853893583109 0.53648611336934471
v -19.538698254827828 13.873510172752271 0.2235188514949043
v -18.83098969011138 -12.30885856190519 0
v -19.768340496771408 -12.550440392673631 0.068145750000000005
v -17.236160172239149 -11.53765373416957 0
v -18.23662370366409 -14.811872869635611 24.282590058003269
v -18.65531 -15.39907 22.917020000000001
v -19.068349999999999 -10.2813 26.653030000000001
v -19.0254002448333 -7.9696388351297553 27.561989527482432
v -18.931059999999999 7.7524490000000004 27.652239999999999
v -17.395627617568749 7.1164548208613212 25.1873044362837
v -19.408998200342811 -12.9985576340896 0.063942304798706051
v -18.726652401582889 14.07725659147159 0.04755480562290703
v -19.51231294399026 13.022341229147649 0.049767037419013921
v -19.056342434394629 14.62394136489671 0.2482349825564901
v -18.89872464566858 -12.629397377942119 25.416016928269759
v -18.208681520250469 -11.904717778635799 26.5419087115481
v -18.57553596949576 5.5911226993315966 28.374474940254519
v -18.913716708913281 3.6082169962086299 28.477610028706849
v -17.482140000000001 -14.43628 25.518149999999999
v -17.726410000000001 17.637360000000001 18.513349999999999
v -19.295455113161729 -15.58993568599182 1.4278888912599981
v -18.42050627250174 -16.611590127852889 1.548046322614723
v -18.454203194080851 -16.66623357704319 2.2018732147353042
v -18.55241224524157 -16.558527406801151 2.9996511970736952
v -17.680345397329141 17.59722483643344 16.304105000963311
v -19.32526 15.83254 13.254575000000001
v -19.32526 16.01782 2
v -19.430876202599041 15.76605965594071 1.504631643231952
v -18.451029999999999 16.881019999999999 1.482361
v -19.30921467418009 15.980675895715811 5.3316310506059352
v -18.537015143892191 16.868132584354179 3.177440524542662
v -18.586719384021979 16.829897286460451 2.1687918890284452
v -17.417490000000001 17.328430000000001 21.492999999999999
v -17.639209999999999 17.550160000000002 20.017119999999998
v -18.517078162301559 -16.213580249716891 1.0301305478500651
v -18.93131525748969 16.101442151346269 1.0770804224722881
v -18.616454668934288 -15.53031245232771 0.54329573716584423
v -19.025126623052309 15.569724065618139 0.68636122971664792
v -18.0747057262918 16.573404630589248 0.62700199875620222
v -18.258869495642639 16.814580311335749 1.0303438873773421
v -17.78169054799368 -10.02899862823064 27.723002319952901
v -15.910464399991779 15.821407012609111 22.849763527288069
v -17.116999907605749 13.761083007778209 23.152303645065551
v -16.970279999999999 -9.1598520000000008 28.499549999999999
v -17.777650000000001 -7.452801 28.499549999999999
v -17.6447761084417 7.2196497237071124 28.572381688791179
v -15.22045 6.2154689999999997 26.686119999999999
v -17.52957898687691 3.5659156240547638 29.172302927435119
v -18.39948959008743 -15.07454014986334 0.2229793409047364
v -17.51190346358965 -16.37227011589297 0.34893191597897127
v -18.037985258454921 -16.39436691032309 0.71149084818961628
v -18.459635314343199 15.508322203145291 0.2796637823402966
v -18.330971311057009 -14.34290935833749 0.051331969194824183
v -17.38472926371313 -15.64437835946695 0.069864705703227628
v -18.179379999999998 15.07742 0.068145750000000005
v -17.61972821969783 16.442699465679301 0.28362904899005859
v -17.23105937752192 5.3314492528905646 29.092401232542709
v -18.201280657485079 -13.259216165251649 0
v -17.49688038140199 -14.17552118920624 0
v -16.573603128759949 -16.662653128759949 24.294176394443689
v -17.037510000000001 -11.47316 27.652239999999999
v -16.171897006372092 -10.61699865670526 28.45583888451516
v -16.72020051320181 -13.875084893712019 26.594011169365299
v -15.3529675 -16.781402499999999 3.4694469519536142e-18
v -16.629480000000001 -16.471489999999999 0.068145750000000005
v -16.597933644530919 -15.05370428283234 0
v -16.076374851486619 -13.40244305554458 0
v -16.534050000000001 6.7595710000000002 29.1812
v -17.726410000000001 -17.815460000000002 18.513349999999999
v -17.425393439172129 -17.987828371265259 16.5479359581973
v -15.989822316268731 -19.38571701563054 18.453343575652742
v -17.51761376600356 -17.838478067066259 20.017119999999998
v -15.903560000000001 19.289490000000001 18.513349999999999
v -15.911923957270179 19.097149013304339 20.081810501528881
v -15.859830000000001 -19.41432 17.0061
v -17.456135015809959 -17.901424951359889 12.991957995408329
v -17.677669999999999 -17.519680000000001 2
v -17.716426336234228 -17.345000910387881 1.432756770201367
v -16.62953122805374 -18.3777969958699 1.482361
v -16.67303217972724 -18.432997509497739 2.1678725672211079
v -16.72749752466153 -18.398266126128512 3.469453772477153
v -15.733487515159959 19.34326199212283 16.19519384810495
v -17.522907419031199 17.790967428162851 13.23518847829849
v -15.73257534547 19.483167682751489 1.463491433178695
v -17.629480000000001 17.787459999999999 1.482361
v -17.677669999999999 17.835660000000001 2
v -15.859830000000001 19.483250000000002 2
v -16.08454830374091 19.240171126296701 4.3936981131833486
v -17.850373935929571 17.605343296455469 4.4155784929877271
v -15.73147669084233 18.807742012076901 21.596352094353659
v -17.724680913595112 -17.06143617741807 0.99311483213166762
v -16.747449881691391 -18.010405665795862 1.0157865307801881
v -17.288147723760069 17.82102242563661 0.99373087950961159
v -15.916682128185739 4.4929585534272052 29.651146916691172
v -17.067551847387769 -17.308199983399579 0.61011841260207644
v -15.26750725363263 19.210464336661421 0.60292031718323669
v -17.140384299856361 17.507829162190859 0.57146299855163207
v -15.73948363829615 19.231134676749221 1
v -15.99169 -16.080739999999999 25.518149999999999
v -17.044322659444859 16.955272230286319 22.974914344576121
v -16.667546936710799 -17.17044865828376 0.31532766218056951
v -15.84917579309063 -18.387300247049769 0.58578490000000016
v -16.324613720144178 17.714003591377761 0.26794820000000003
v -16.586980000000001 16.497920000000001 24.26604
v -14.59287505544447 18.220717946555919 24.310366206678729
v -15.156363322195361 18.697533854934161 22.877223319987969
v -15.77360304538122 -13.03412268695457 27.71021079862188
v -14.950134471717471 -12.09011872121588 28.531049705981829
v -15.27762104752229 -17.511869374498001 0.050089515699929851
v -15.358394870799721 -18.147767288977029 0.2292309981013228
v -15.00684347734515 18.161766551130189 0.058733406152028211
v -16.571373429823581 16.732471348382401 0.057631951108987993
v -15.156813638049821 18.76113650962321 0.26794820000000003
v -15.36554463225791 -15.45459463225791 26.52885996478749
v -15.97682823877952 15.887768450163319 25.542139525330189
v -14.624953170411541 17.2153275541597 25.436547262925099
v -14.475479376496949 14.38642510802908 24.141669208863728
v -15.22045 6.2154689999999997 29.686119999999999
v -15.28862 15.19957 26.653030000000001
v -13.63914808762769 16.722965763123032 26.615279386726041
v -13.89140975881018 20.7640236245728 18.27601467007786
v -13.85904 20.652470000000001 20.017119999999998
v -13.97329583439539 -20.749392698991581 13.11353830266934
v -13.770956703287389 -20.928572353625938 15.904468996158929
v -15.83674847743309 -19.36653174875298 13.06343057145401
v -15.61383442941875 -19.261524392039551 1.4756515944850011
v -15.859830000000001 -19.167280000000002 2
v -14.946503056016089 -19.84687586684479 2.1350819868792978
v -14.922440841126051 -19.88564191869132 3.4058520156438119
v -15.866921953806081 -19.184181678168169 3.4171162936842649
v -13.77291066368981 20.782688158694739 16.079079208074429
v -13.828861288497791 20.796369929619711 13.21093575524911
v -15.67165009194162 19.438703699476751 13.18353990050672
v -13.88926 20.94473 2
v -14.98690415187045 20.092450563148351 3.1968490565916752
v -14.48921 -14.57827 27.652239999999999
v -13.60643 -13.69548 28.499549999999999
v -13.68483 20.391739999999999 21.492999999999999
v -15.589533398974069 -19.034549446477119 0.99999999999999989
v -14.76199310846318 -19.899976787271999 1.5020993452191831
v -13.8812510156665 20.662115737023282 1.086677168297729
v -13.79481919352288 20.923142920356511 1.4899649545132829
v -14.166443249651101 4.8458908866696726 30.001986074546469
v -14.59151455363528 -19.345218915021 0.57241568748579175
v -14.732885213913191 -19.669879492973529 1
v -14.3455815545195 -19.067727775690368 0.28085334188096422
v -13.299890033093471 20.204089463510069 0.31445714762327392
v -13.38167132751029 20.58888858855758 0.61047168474018554
v -13.584312146361929 19.823871376135731 22.952725045435749
v -14.48921 14.40016 27.652239999999999
v -13.06235468824848 12.973302554014539 25.413894604431871
v -14.11764857243576 -18.501005739167962 0.055967495710666101
v -13.18939157103036 19.759088501776791 0.11432827483912909
v -14.529210000000001 7.6769790000000002 29.686119999999999
v -14.529210000000001 7.6769790000000002 26.686119999999999
v -16.711335601642919 9.5094191082931729 24.892726455601689
v -13.430951661282849 6.9300681153301769 29.971213969434849
v -13.562378624724429 -17.95962366112817 0
v -13.684585 18.60951 0
v -12.841862646373711 18.46149393965236 25.562251572335079
v -13.032299999999999 19.41517 24.26604
v -13.37823581568137 -16.352783311813059 0
v -11.818284654420021 -17.22148252276228 0
v -12.62203935024216 -18.737999215510321 0.001870837769967071
v -11.48728040612705 20.54548223263156 0.055396179230070577
v -11.573537576667711 19.639769486999299 0
v -11.815472062061319 17.948593865389341 0
v -13.69805 9.0636899999999994 26.686119999999999
v -13.69805 9.0636899999999994 29.686119999999999
v -13.01901057834325 15.756994713706209 27.636291145863431
v -13.60643 13.517379999999999 28.499549999999999
v -12.16622401111079 15.075417688820041 28.3579330900073
v -11.47484 6.5359489999999996 30.0061
v -12.79852 3.3403010000000002 30.0061
v -11.84510265982372 21.938889343501071 16.035334597882891
v -11.50801106767741 22.033933749474091 19.97207042883857
v -11.560695969225881 22.141187129255059 18.513349999999999
v -14.0245095944779 -20.533415569103909 2.3015248604856602
v -13.7509920339954 -20.640189310389388 1.5340361120800849
v -13.01626482914463 -21.15559324978987 2.217539019722186
v -13.913255006975859 -20.658962479780492 4.9155994000420513
v -12.726299588841149 -21.34938404825601 3.43196861746457
v -11.78492 22.206019999999999 2
v -12.776577197952211 21.587913922143859 3.4415048603236031
v -13.902192199774429 20.887651203379779 4.8845671499904544
v -11.730778123986081 21.61444335446733 21.28489975254876
v -13.944739352141211 -20.200216497983721 0.94320917586825725
v -12.907663660624401 -20.908965340204869 1.0080543815585179
v -12.64501449874461 -21.27595456157027 1.4868159161250041
v -11.70078595575559 21.963303989938581 1.039128960383366
v -11.752789999999999 22.14592 1.482361
v -13.437659987404439 -20.209521495405809 0.58065862974587801
v -11.41537088940732 21.760341208323482 0.6173510327755487
v -11.43907066839258 16.843157048839341 27.687456710028219
v -11.8817714602254 17.985694677083941 26.6343523626145
v -12.545470660661749 10.567047918475209 29.68674473324154
v -12.734959999999999 10.362259999999999 26.686119999999999
v -15.408556359872311 12.76239062253862 24.39615222051399
v -17.062361689502549 11.60438595009699 23.99913475985284
v -12.0336 8.8356740000000009 30.0061
v -11.37637 21.19463 22.917020000000001
v -11.649229999999999 11.560180000000001 26.686119999999999
v -12.736460621824 12.647401481666 29.122588869767782
v -11.52201503768908 13.914287076121671 29.060161614576479
v -13.417215759915109 -19.678235008977431 0.2489285681347734
v -12.37514592595732 -20.410061948859791 0.29315608936614979
v -12.3709157949752 -20.856678870797609 0.58578490000000005
v -11.272679651345509 21.376202399759379 0.29072462266092403
v -12.09350011911679 -19.991058912137209 0.072461003660685808
v -13.0458360389785 -19.23748951456685 0.049782321693331077
v -10.66095 19.856169999999999 25.518149999999999
v -11.0578 20.59864 24.26604
v -12.13346376707616 4.9458896774980508 27.753279649903359
v -11.649229999999999 11.560180000000001 29.686119999999999
v -10.061249999999999 11.011825 30.0061
v -9.3691639999999996 9.2801089999999995 30.0061
v -10.6905 15.910410000000001 28.499549999999999
v -9.6402762651765457 17.892328148762669 27.711298671779751
v -10.1083594775438 19.09397052284303 26.575556908262051
v -9.7536312788680668 22.931403860725549 16.29545560636215
v -9.5934679999999997 23.071619999999999 18.513349999999999
v -11.438638997489219 -21.97981912314053 1.491270832250009
v -11.78492 -21.890049999999999 2
v -10.598418881902999 -22.456609625793629 2.3273203784432939
v -10.673435344233789 -22.435909814404798 3.2251227502942088
v -11.69602179788561 -21.977221322020991 4.7411016797635099
v -9.6213821937804447 23.049417402397332 12.926470791656151
v -11.85208380428911 22.000899230939691 12.014459401208491
v -9.5670929999999998 23.25498 2
v -9.5134456963930951 23.243763515823979 3.8472300365140431
v -11.80019601590141 22.147417340036149 5.0035640429057677
v -9.4262770000000007 22.66799 21.492999999999999
v -9.5462720000000001 22.957689999999999 20.017119999999998
v -11.756929406206069 -21.635497954890809 1.0843614771928569
v -10.47126067910175 -22.248098796911648 1.0716419106653321
v -10.476204732298189 -22.458047857797592 1.649586250017862
v -9.5043885803840844 23.00815008806455 1.0427707497382761
v -9.5410079999999997 23.19201 1.482361
v -11.401598337807631 -21.49073920553964 0.66436940573760028
v -9.9545590615299453 13.142217605025399 29.649596249144341
v -11.41917571083887 -20.950511416329942 0.27171666140906769
v -10.3944885835951 -21.501119250360329 0.30845440477081698
v -10.35612201311648 -21.999924607425989 0.68635362749483519
v -9.1844020000000004 22.331099999999999 0.26794820000000003
v -9.2120142040402957 22.810800570019289 0.64743920279055345
v -11.462609023871639 6.5518886580729401 25.0061
v -10.49168405975116 7.8172179155374586 27.88243467151187
v -7.1689132823724284 5.5796995530467992 25.0061
v -9.3691639999999996 9.2801089999999995 25.0061
v -9.4331386855097712 16.740677050356911 28.45488494523072
v -9.2354199999999995 22.207229999999999 22.917020000000001
v -9.6934465996260002 14.818573006812951 29.21840767980521
v -10.99397207065236 -20.508459587961919 0.061845998710742957
v -10.024766994579609 -20.980990804572262 0.055787435719414302
v -9.1571158904091714 21.81104946279849 0.068145750000000005
v -11.68170007575989 -19.516374769892479 0.003741675539934142
v -9.4624901533354162 20.670028973998601 0
v -8.6546400000000006 20.80509 25.518149999999999
v -8.9771195658918188 21.5836246185563 24.25940427401045
v -7.0178812640021526 21.768284993826381 0
v -6.5130889684585922 18.78412312197888 0
v -9.476082826464852 18.15251890242105 0
v -8.6124248774713141 15.72433632559966 29.12213533975347
v -7.8280167145454316 12.763442935401599 29.99166743551919
v -6.625 11.38578 30.0061
v -8.0448094791349725 14.448670705631111 29.632566283051212
v -8.2772099894122508 19.893904081718901 26.612232408588351
v -7.3796966816493121 17.651941690603621 28.512894254578171
v -7.8297632040568654 18.81367692259002 27.67305384747856
v -7.3622180539778519 23.800651328449788 16.774871832274801
v -7.392628645704205 23.84014619107257 18.731156261788311
v -9.6663855961817688 -22.898139886334722 2.3706335108545509
v -9.5663995195612177 -22.882884558862951 1.611974062968734
v -8.4464990582423418 -23.341767876803701 2.110192233252945
v -9.6905990393491201 -22.91824411094845 4.2874760671980727
v -8.6252941027228864 -23.29458718541413 3.1302609576647669
v -7.0183758251056281 23.943498532530221 14.01471325724548
v -7.2571180000000002 24.081489999999999 2
v -7.1503069999999997 23.482340000000001 21.492999999999999
v -7.241333 23.782409999999999 20.017119999999998
v -9.4148402703266836 -22.745997642848621 1.083665904102987
v -7.9650078224352976 -23.41202152261133 1.4188185495122849
v -7.4129205724642224 23.741502548720451 1
v -6.9213421966986326 24.094240426192538 1.4795704708110571
v -9.3882262867408439 -22.414494696377581 0.63074556673398097
v -8.4689977065087323 -22.874191374663681 0.78688454033586952
v -7.6693112873969458 -23.356243525287809 1.0510899825593489
v -8.9533172524716136 21.526163873358829 22.279780240769739
v -4.3132939208912351 7.9123067565700236 25.0061
v -6.625 11.38578 25.0061
v -8.1317228553640444 10.2296309427362 28.09725286423161
v -9.3691639999999996 9.2801089999999995 27.5061
v -9.3146474558576617 -21.953527741927299 0.26794820000000003
v -8.339117099477475 -22.580742861204989 0.45830984949415071
v -7.1053876689912867 23.501575408926261 0.57652656084482612
v -8.0139802131878142 -21.865208736473079 0.061071243029005323
v -7.6755033085036866 -22.469912375368871 0.2347181580969547
v -8.9664191437748499 -21.500005685012901 0.064608496514502664
v -7.241692504414222 22.462555356558681 0.061697560472641577
v -6.6838096180483744 23.19544246861383 0.26794820000000003
v -6.8490278201544994 16.445953183846939 29.18067753476257
v -6.8878752944289978 -22.160580319073311 0.047723515280561471
v -6.7447063766435864 -21.32183086316218 0
v -8.1662580978698074 -20.858435739835279 0
v -7.8095304811702793 18.76481763701759 24.182497831466382
v -6.3045200000000001 15.131399999999999 29.686119999999999
v -5.0472604999999993 14.017094999999999 30.0061
v -7.0570252405851397 16.948108818508789 25.43430891573319
v -6.3045200000000001 15.131399999999999 26.686119999999999
v -7.5525023128910371 -23.979011901213781 18.52470933424916
v -7.3805593571846506 -23.948845401454399 15.81876322955236
v -4.8907090000000002 -24.676300000000001 18.513349999999999
v -5.117046584067884 -24.481187121662948 20.069422821198941
v -5.0818500526973338 24.449325309940519 18.492409344975609
v -5.1271192542001414 24.298371922717351 20.07939813474006
v -4.8839835000000003 -24.608617047008881 15.702159747894729
v -7.2085313617695244 -23.931257825026329 11.32824862916423
v -4.8772580000000003 -24.54093409401775 12.890969495789459
v -9.6446032601312908 -23.09195866119877 13.518089409358151
v -6.9607260420356596 -23.76435860249444 1.4700850111027259
v -7.2571180000000002 -23.765519999999999 2
v -5.9594355247097992 -24.092009108049862 2.0873914899102091
v -7.5323383557073793 -23.693837602769321 3.6274882080323678
v -6.149251522802416 -24.067694407801721 3.498551750956727
v -5.1419664077636069 24.376845101601582 16.242444477972281
v -4.8772580000000003 24.677620000000001 2
v -6.041857802908277 24.355170690444961 3.866605922982123
v -7.6483277617998482 23.911130402307791 3.8455944915594351
v -7.2708411980970178 -23.621609156646301 21.473980110648888
v -7.4097597107014153 -23.901485600075901 20.002985313172111
v -6.4193868432234824 -23.699465917419339 1
v -5.8437446318394741 -24.050227098928119 1.4886104986761799
v -5.2227060625444137 24.321368830256318 1.0144962998452509
v -4.8639599999999996 24.610779999999998 1.482361
v -7.3285227606087133 -23.165647563914401 0.64362557586094937
v -4.7436991404343933 -23.705226484169049 23.003364389012319
v -7.0367133862116491 -23.19551556511211 22.853839670188901
v -4.8054730000000001 -24.247800000000002 21.492999999999999
v -4.8054730000000001 24.069690000000001 21.492999999999999
v -4.6297098914358372 21.746818357029142 22.956381916973651
v -6.7677131503974737 21.30021770092257 22.884672238269481
v -6.9559934014429281 -22.811293686842792 0.26794820000000003
v -6.2123527486662899 -23.39159077144479 0.56158581442605149
v -4.6299471053283154 24.122813735475351 0.58578490000000005
v -6.7459579513695767 -22.616592252825392 24.141570706993349
v -4.5880580000000002 23.223739999999999 0.068145750000000005
v -4.9743819459934402 23.61406326031436 0.26409812031507002
v -5.976087391693599 -22.491896934959438 0.059427837417328121
v -4.5139131515462161 -22.310294712072231 25.423339242413441
v -6.5649800000000003 -21.730889999999999 25.518149999999999
v -4.2944528810155962 -23.086592007963912 24.3412680363042
v -3.9181042499999998 -22.428562500000002 0
v -5.1272105494180709 -22.715231922144071 0.060796638747457311
v -5.3714262423788011 -21.81249896102835 0
v -3.5066642330528222 -23.16730983777704 0.10881471371368211
v -1.163691479878505 -22.017043886942691 0.00020667834571827089
v -2.0830876982816271 -23.127511476618459 0.051056882344218631
v -2.8592970615806519 -20.446825994848759 0
v -5.3201520556754041 -20.5991506550724 0
v -3.3356859928021731 12.72179156164481 27.808371063822619
v -3.4293520000000002 12.70946 25.0061
v -3.4293520000000002 12.70946 30.0061
v -6.2553108920758884 -20.858269177950731 26.571467859822839
v -8.654638804032718 -20.983199323637599 25.518149294704831
v -4.7822880000000003 15.67606 26.686119999999999
v -5.7314547296471634 18.215581748487839 24.958311547680619
v -4.7822880000000003 15.67606 29.686119999999999
v -4.0684975409615856 -21.370421883470261 26.592848355518591
v -3.2239534426188192 16.034863148298989 29.692767065630541
v -2.1983055 14.73072 30.0061
v -2.4571909999999999 -25.037269999999999 18.513349999999999
v -2.967946532476768 -24.851338220411389 14.54204670343443
v -2.7898814601843678 24.809819799049219 18.513349999999999
v -4.7319067109476656 -24.29755534055656 1.4421131183749669
v -4.8772580000000003 -24.361640000000001 2
v -3.5412994261100041 -24.476552675073549 1.447814984302257
v -2.5356444858744371 -24.716499085818999 2.4561430081010802
v -3.5441219792650349 -24.582690624645629 3.4150937332124882
v -4.7244743718858979 -24.435011957612669 5.0802092955248384
v -2.4504320000000002 24.790559999999999 17.0061
v -4.9376833058611957 24.48215227692225 12.954004526272691
v -2.4504320000000002 25.037600000000001 2
v -2.3452514880901001 24.996889832044541 4.7867767533318837
v -4.5577737567880776 24.66678742503592 5.5366654164048903
v -2.597575700990447 -24.883966171992672 20.054253711441788
v -2.253716962924655 24.747105883834841 20.00170808745758
v -5.1569235324919998 -24.01872919071976 1.007117308054134
v -3.745006548331677 -24.24463277620535 0.98139814334540143
v -2.7892829236349139 24.71678873512603 1
v -2.1298058125832422 24.983485917366728 1.4782138439018899
v -4.9118308496824676 -23.726408807504601 0.56833492668472108
v -2.3654790000000001 -24.106159999999999 22.917020000000001
v -2.4143599999999998 -24.60249 21.492999999999999
v -2.4143599999999998 24.424379999999999 21.492999999999999
v -2.169710493763735 21.334966445028709 23.4636710527442
v -3.2140200000000001 16.06889 26.686119999999999
v -3.809344108092322 19.264028152599511 24.61599746784626
v -5.4551308788590669 -23.230152418897632 0.2999266781581571
v -4.1402279042462382 -23.461247453422452 0.26794820000000003
v -3.74956746720824 -23.87530794434381 0.53856897752431099
v -3.706412643467432 23.848223967314151 0.28605759548494331
v -3.2522471833313058 24.253764328364952 0.52999236936120064
v -2.52291387001774 -23.63874272957036 0.24234764507913281
v -2.8506566177712891 23.38122865250941 0.055077683853166338
v -4.0725383820010759 22.435449996913189 0
v -2.2992400000000002 -23.433630000000001 24.26604
v -2.4563208667894401 -22.455095219720569 25.63704073417961
v -2.2473259013275948 -21.486033663602019 26.741692323848461
v -1.5124468489535969 9.2605439087750483 25.0061
v 0 13.16095 25.0061
v 0 13.16095 30.0061
v -1.6147800000000001 16.30612 26.686119999999999
v -1.6147800000000001 16.30612 29.686119999999999
v 0 14.91095 30.0061
v 0 -25.157990000000002 18.513349999999999
v 0.38965795922840363 -25.044890706304791 15.486480625829341
v -1.508097975995718 -24.989234247439139 15.443234872923471
v 0.01193370661018955 24.9691447907603 18.291430126267951
v -2.4122181292230702 -24.671675101875469 1.6062947710592299
v -1.23253941086257 -24.756761623679171 1.9767574208378269
v -2.3382459012243428 -24.74900750735166 3.3282348073252521
v -1.17867685478355 -24.809895032989601 3.5665015924523278
v -0.0122331775593373 24.92456805305445 16.1423824117356
v -2.7172987883747819 24.822522338699091 12.660036765404451
v 0 25.157990000000002 2
v -0.20717868537272141 25.11022231543663 4.283289666337053
v 0.14584930949066199 -25.024386632649101 20.031796667188502
v -0.125914033828224 24.855451730048671 19.955204851810819
v -2.267809708803517 -24.425113182925511 0.95106738650938505
v -1.232017829200184 -24.67506921435665 1.389959187404272
v -1.24958378138208 24.8345855558679 1.0143351323173539
v -0.3448756172323264 25.05635260127341 1.442422521544606
v -2.8187061602517649 -24.075522299056189 0.58578490000000005
v -1.4266339804434509 -24.13544257452871 0.54688099600629281
v -0.97342566653003793 -24.457411671018779 0.91029735055164562
v -1.9280766687247659 24.45159487557585 0.56592226715990956
v 0.0118282753686356 -24.72712649099994 21.461900113782342
v 0 24.54299 21.492999999999999
v 0 21.582896308630861 23.377406542967961
v -2.529009329558876 23.900070406763191 0.22029890211877551
v -1.2891382231968169 24.09135810425828 0.26658184707081312
v -0.725031567676097 24.5538866260503 0.60833683499620173
v -1.1479649922255271 -23.670522213994801 0.2202750110769047
v -1.322557973889692 23.514134617714891 0.055439731386146669
v -1.2681415070119231 -23.107808556783191 0.043192530200280133
v -1.22539803642013 22.609765356032678 0.00012856586223462289
v -2.745592010253505 22.45497282607181 0
v 0.087555744461616403 23.511789695330169 0.04714381645941039
v 0.93099975081187503 22.481988840591718 0.00017770687951410271
v -0.30541256736383787 21.431763652445259 0.00045080612907008859
v -2.951633277156716 20.946241896937391 0.00047564520441384291
v 0 16.385449999999999 26.686119999999999
v -1.194302268608662e-15 19.18170365005237 24.906014630592072
v -1.7033558265732831 19.44217986482008 24.686922806358009
v 0 16.385449999999999 29.686119999999999
v 2.4571909999999999 -25.037269999999999 18.513349999999999
v 2.642599689404626 -24.885253797841081 20.017119999999998
v 2.6404993698007049 -24.88206113200069 13.45778089239238
v -2.0538665746555629 -24.89308398586709 11.231345265776969
v 0.35247802831957908 -24.978702273386261 11.355008306265139
v 2.4143599999999998 -24.60249 21.492999999999999
v 0.030905758400025449 -24.852799202184251 2.747600661312156
v -0.054294448523038358 -24.785614248194062 1.59184236787061
v 1.2797136180590021 -24.73521947983637 1.666338817078596
v 0.13186575735069189 -24.883762931803052 4.9297231481910249
v 1.2839538431022499 -24.79837093496193 3.1806425847003772
v -0.064682492430642682 -24.555922177167179 0.98050296757088773
v 1.248665357071836 -24.554896712650741 1.101820532958403
v 0 -24.256229999999999 0.58578490000000005
v 0.82174406779274367 -24.251812711439101 0.6326381851115237
v 0.044665658508029733 -23.79594125468623 0.24977455446681951
v -0.45443367200240398 -23.174249408528969 0.046677029418628703
v 0.91100598747046579 -23.225420429293919 0.0563663069123796
v 1.1762045000000001 -23.784224999999999 0.26794820000000003
v 0.30331262263164621 -22.550730719703999 7.9618570328654294e-05
v 1.305230042301361 -22.369961195909401 0.0001175160160932701
v 2.0365927355470421 -23.128833658667229 0.050930250222361251
v 0.18565875033126361 -21.404774264512628 0.00041140656592161861
v 1.726209992217355 -21.186041891315671 0.0004526180795036032
v 2.1824137656458191 -22.402643563047139 9.5688084456758938e-05
v 1.7454318879923389 12.931155845562181 27.600711335410288
v 1.1491511239296699 9.9519254868943428 25.0061
v 3.4293520000000002 12.70946 25.0061
v 2.1983055 14.73072 30.0061
v 3.4293520000000002 12.70946 30.0061
v 1.6147800000000001 16.30612 29.686119999999999
v 0 17.81404243966578 29.17777547434871
v 0 19.065399803964141 28.544083256041962
v 0 20.401779999999999 27.652239999999999
v 2.3568459828400208 19.1250639796996 28.409336125463959
v 1.938800823272971 17.865351032409698 29.095117615306869
v 2.0084499999999998 20.30311 27.652239999999999
v 0 21.532319999999999 26.653030000000001
v 2.270004143695648 22.50306310997258 25.380784026596931
v 0 22.405271754469339 25.65664515542532
v 2.3719253594507439 21.381804864082621 26.660844745291271
v 0 23.25360125112428 24.436885875982679
v 2.2283358692030482 23.244193175255781 24.288067095265468
v 0 24.054040085657292 22.889094995332751
v -0.14478924580434011 24.07664217616345 0.2371993160334398
v 1.3000578356198911 24.03148098538686 0.2420023778374038
v 1.1194362481231219 23.474579189242551 0.04891859581255481
v 2.4143599999999998 24.424379999999999 21.492999999999999
v 2.723441338707846 23.895041648464179 22.860210602966578
v 0.51064182818859805 24.54711398765243 0.58578490000000005
v -0.060565691550263062 24.885157781834149 0.99752756806606957
v 0.80059391614536046 24.85272854346573 1.004889214542344
v 2.0478718532368592 24.447287702701178 0.56713285207802411
v 1.581267441979787 24.816405615293611 1.009778429084687
v 2.1889691453003759 24.74902285171542 20.017119999999998
v 1.070337376774896 25.039484143546549 1.499293319519585
v 2.3739839330335659 24.80730022479937 16.217385442341591
v 2.2490765101119909 24.847986467770159 14.11872263288849
v -0.3563299077264761 24.969547986610021 12.383237451987119
v 2.4571909999999999 24.859169999999999 18.513349999999999
v 1.009386455847382 25.08466957507726 3.4413943842308039
v 1.428661598278085 25.082695474947592 2.310048714195498
v 3.879126232923142 15.797168351287681 29.708275426995211
v 4.9498891738097122 14.05193493218586 30.0061
v 3.693862575946941 17.639039896240192 29.069878522755069
v 3.980644074634907 20.013523590262821 27.649653823953969
v 4.0669143046663461 18.896722281189511 28.373322285361059
v 4.218121 21.116879999999998 26.653030000000001
v 4.5938903452853763 22.903280904699571 24.280575690504939
v 4.412102 22.09205 25.518149999999999
v 2.2640834956058029 23.41571773809201 0.048572363545948703
v 3.661311513280074 23.248293153607371 0.053423644966443973
v 3.5286742652972638 22.281247496625419 0
v 4.9328309347538566 22.985648327668059 0.048746048035915229
v 3.5541163723658942 20.367473731941971 0
v 2.2532220054648482 21.815017293528889 1.0903198611865039e-05
v 5.2891860381067826 21.741853539812261 0
v 2.2025763459697711 22.559527382492401 0.00013823121623907431
v 4.7081790000000003 23.580549999999999 22.917020000000001
v 3.6397417456534131 23.869257793296129 0.2814726874563675
v 4.4263488629379042 23.68795911312446 0.2487417539749685
v 2.9439215491307289 23.954676779081261 0.26794820000000003
v 3.0646974196618189 -23.95919275653911 0.52511143223501722
v 1.840092969973792 -24.14632316581903 0.57081505858863268
v 2.3639216014315179 -23.62005547992726 0.2250060929624112
v 3.0364278186335691 -22.9611337684665 0.045095117456678373
v 3.6031226355453558 -23.450099827754361 0.23069255665412161
v 2.1642616152132481 23.98594206706731 0.24072560906653401
v 4.7967631542020079 24.093699633644391 21.38710456362297
v 2.657935575947405 -24.420303002902809 1
v 2.046596721190773 -24.508460369558751 1.084339888767748
v 2.4241709999999999 24.770949999999999 1
v 2.764932891396275 24.45584089556872 0.65854181448586013
v 4.8054699999999997 -24.247800000000002 21.492999999999999
v 3.5694856255314131 -24.50917044179506 1.6504905390547771
v 2.3895277906059258 -24.67458843665386 1.6199554297048631
v 3.801433941230655 -24.135147727872141 0.85089389064715348
v 3.7797956237882131 -24.355041021180771 1.2418629731551061
v 2.1243615790120818 24.988341478122589 1.5041618301334909
v 3.3626488357268141 24.770539877984461 1.331890116638055
v 3.084015164603902 24.667691525300079 0.99306106747526501
v 2.425578249836907 -24.733047456875081 2.6193715995831681
v 2.4504320000000002 25.037600000000001 2
v 4.7095674135776058 -24.58330861946386 19.96086677022377
v 4.8666499999999999 24.37724 20.017119999999998
v 3.7380573061885771 -24.55466493271048 3.460180395263742
v 2.5501482179942698 -24.762983984986089 5.4104902485833586
v 4.7387733788349893 24.463325565446819 16.264807300650379
v 4.8772579999999941 24.478113849885791 14.11872263288849
v 2.3089067772334162 25.020301017841572 3.473161926284174
v 3.5487611488724009 24.853150461953302 3.3078309211151282
v 3.6571959999999999 24.824190000000002 1.7411805
v 4.8907090000000002 -24.676300000000001 18.513349999999999
v 4.9405325095845827 -24.55106256830814 14.468955320942399
v 5.1452039323937253 24.429316002326669 18.40450326862695
v 5.3756392391393408 16.75814037469528 29.252805311564082
v 6.3045200000000001 15.131399999999999 29.686119999999999
v 6.625 11.38578 30.0061
v 6.625 11.38578 25.0061
v 4.0265310082863524 9.5419546602747634 25.0061
v 5.4550979307039356 18.387134495321899 28.48001745497654
v 6.3295956284792467 20.38991422848347 26.813288748680701
v 5.8856539514700206 19.582616539435509 27.611463475573409
v 6.5649800000000003 21.552779999999998 25.518149999999999
v 7.3943319489574266 12.88401082364186 30.0061
v 6.809361 22.3584 24.26604
v 4.7261921160965814 -21.201699299276921 0
v 5.2918190804720719 -20.356460160124119 0
v 5.6179544940914852 -21.656930812276659 0
v 6.5516572839754819 -21.265140988150559 0
v 4.5636558705803214 -21.973904519414521 0
v 5.6884917058839104 -22.472713084759832 0.047764616490755307
v 6.4384857722362074 -22.317587690354578 0.051950080814079563
v 6.8947887609949774 23.019231397924049 22.943383045753791
v 4.5880580000000002 -22.90776 0.068145750000000005
v 4.6937169694508167 -23.37796787276999 0.26794820000000003
v 5.4350258807715361 -23.045796365527501 0.2090198891003405
v 3.2875202558588912 -22.146994766393561 0
v 5.8669193505808854 -23.39307679983639 0.49821141889020948
v 4.6992407999270362 -23.796565176996879 0.58578490000000005
v 4.6495164453792466 24.16987506654284 0.65027196418363087
v 5.0904488874515561 23.63200393559439 0.29585178080362412
v 4.0152230145938903 24.2693046393108 0.65716224153324787
v 4.6298319448883651 -24.136133400932781 1.0199516221780101
v 5.6408567109244174 -23.759353353142071 0.82897441910625813
v 3.9535561259226251 -23.860629545530351 0.55040954871789927
v 3.892049576218636 24.565599175644909 1.029641045697228
v 5.0909930719744887 24.370469018978969 1.0522624928376909
v 5.6493054454286016 23.881068805116211 0.58578490000000016
v 6.920317853036746 23.866760685434169 19.9704469348424
v 7.1503110000000003 23.482340000000001 21.492999999999999
v 5.9266114691601439 -23.921076023892699 1.2301937431378021
v 4.7984202152447573 -24.300569153344458 1.4729093150377071
v 4.8639599999999996 24.610779999999998 1.482361
v 6.1301488487849971 24.300043001822829 1.529776308379746
v 6.1676254170316076 24.053451544672431 0.96829781395571735
v 6.0572945000000002 -24.030975000000002 1.7411805
v 4.8772580000000003 -24.369992376424641 2.5073534482908122
v 4.9008222834535209 24.6655011304406 2.3775982440197421
v 6.1134874291536683 24.36460041548904 2.203920076832524
v 7.242729894601859 -23.96513773615165 19.958277418076658
v 6.0524915937197186 -24.089475748992569 3.34938970366106
v 5.1047844877345874 -24.349305501362 4.7126603663213018
v 7.3244696334995689 23.821731754348189 16.314823320484681
v 6.9938565474335492 23.94992188789325 13.99761191865375
v 7.2771299999999997 -24.078530000000001 18.513349999999999
v 7.2602663503533948 -23.977899106392719 14.969099860087811
v 7.2771299999999997 23.90042 18.513349999999999
v 6.8366931309964789 16.416184160668131 29.192276197925889
v 7.2957238258546857 17.524371886280871 28.589567765934898
v 7.8414989999999998 18.842009999999998 27.652239999999999
v 8.6534884869221962 20.805502016698 25.518149999999999
v 8.2741389999999999 19.886489999999998 26.653030000000001
v 6.3045200000000001 15.131399999999999 26.686119999999999
v 7.7660289999999996 14.440160000000001 26.686119999999999
v 7.7503675859613157 18.621981264190371 24.280919853157421
v 7.7660289999999996 14.440160000000001 29.686119999999999
v 7.8769689170197719 10.42510910563891 27.988107525565269
v 6.327751455028463 8.5885613538709364 25.0061
v 9.3691600000000008 9.2801089999999995 25.0061
v 10.061249999999999 11.011825 30.0061
v 9.3691600000000008 9.2801089999999995 30.0061
v 7.3146714598997402 21.479955733202669 0
v 6.4161707297532997 22.61296361628229 0.048602128937355348
v 7.771871382173388 22.221809510748169 0.055362842599270483
v 8.9998090000000008 21.885449999999999 0.068145750000000005
v 9.4016876642505114 20.623300114137951 0
v 8.4023095886378094 19.209318582028299 0
v 5.9122543698704906 19.478895719457739 0
v 9.2258579677808417 22.18414446411062 22.966899636148209
v 8.9767268787915633 21.58270575539667 24.26577853437238
v 8.0874588495622373 -21.998982425292919 0.10838776479905959
v 7.2988767199375264 -22.619895374648721 0.24066288534509739
v 7.2183961896317266 -22.087196670977651 0.053293196513771103
v 7.6629175619461414 -21.25431380469389 0
v 7.1465978810156532 22.948217154975101 0.22421053948086669
v 5.9174513882973363 23.30300403117516 0.2339937892772237
v 5.6745008322535782 22.79930597197518 0.048674088486635292
v 7.0549139725244254 -23.151054491288349 0.5396107200798107
v 6.2778799848429783 -22.911727725742359 0.2400187711855751
v 8.1246554662688872 -22.852872265220309 0.60932967549741734
v 8.2416358376234076 -22.445030434963869 0.3349135399472668
v 7.2289484757769769 23.419048179728112 0.54880963267079563
v 8.7117510309181458 22.48257599371674 0.26106094909304323
v 9.1527399999999997 13.60899 29.686119999999999
v 8.0943414225677888 -23.202667817004841 1.0476790322854339
v 6.8274215528790272 -23.5778302480165 0.97540754666551155
v 7.2318378938606038 23.806295981072179 1
v 8.3105866674961764 23.416008252560701 0.99471017166711828
v 9.0140112517065791 22.831461801082181 0.58578489999999994
v 9.5462679999999995 22.957689999999999 20.017119999999998
v 9.4262809999999995 22.66799 21.492999999999999
v 7.2373310000000002 -23.700310000000002 1.482361
v 7.1062355877133134 24.051023948549702 1.4964225076916919
v 8.247063946312652 23.65582830305927 1.488350284365251
v 7.1712246390672458 -23.7952008143744 2.496019403748289
v 8.3845331698464669 -23.367343133419659 2.3169796608113362
v 8.24770166258687 -23.35396334400512 1.5909838266272569
v 7.2571180000000002 24.081489999999999 2
v 8.3399848634081657 -23.402263990600009 3.469968255428983
v 7.0493706988722407 -23.85810504291204 4.4629948042383836
v 9.3318320494739329 23.095414406971649 16.805155557444959
v 9.6638481823099607 23.01504025831894 13.79446536217999
v 6.141763494160613 24.33692658202451 3.4546901371590302
v 7.004235516395136 24.098033529049129 4.8428543802636446
v 8.4121035000000006 23.668234999999999 2
v 8.2447347553570545 23.709051366810819 3.1582798321491201
v 9.5934720000000002 -23.24973 18.513349999999999
v 9.5462679999999995 -23.1358 20.017119999999998
v 9.5256139655186285 23.09037365912701 18.576874906970321
v 9.1527399999999997 13.60899 26.686119999999999
v 11.1956428696062 16.015086757341901 24.678688074934389
v 9.3992107866352779 16.836686667665891 24.8408068809815
v 9.1050999349668551 -20.538498375343309 0
v 8.7052655780009438 -21.499364601318689 0.046365547821864521
v 9.4587143581178221 -21.280892379012698 0.059621550524255648
v 8.5564163830670026 -19.601616868133512 0
v 10.115654321371309 -20.22315324789615 0
v 10.091520488553151 -21.061705032610529 0.071356939710093062
v 8.966547770619945 -21.736205015466311 24.305924036468511
v 9.2517231562842923 -22.377619211321178 22.917020000000001
v 11.32054332810841 -21.325180085874681 23.05065130514981
v 10.829201765923781 -20.864907899717181 24.292897351870181
v 9.1843990000000009 -22.015129999999999 0.26794820000000003
v 10.278093562135981 21.810921881366461 0.26686338482523309
v 11.08614 20.898689999999998 0.068145750000000005
v 10.334115949170879 12.732826567048759 26.686119999999999
v 10.451309999999999 12.645910000000001 29.686119999999999
v 9.91675022906146 -22.117172639263959 0.57937548088479451
v 9.2106898190184872 -22.461348541896811 0.60572298654609158
v 9.7547304829494195 -21.787017118485259 0.29686469120515679
v 10.315338501527849 22.235867134225771 0.57329203267748996
v 9.4262809999999995 -22.8461 21.492999999999999
v 8.7468698826238409 21.02774815153499 22.623215753822439
v 9.2287478943465651 -22.77582121739734 1
v 10.34033530381339 -22.28684964194656 1.021008172692093
v 9.5833407564170354 22.97420084647003 1.0501789492454581
v 10.3621262393691 7.9860575603571666 27.744675273396759
v 7.017024220407162 5.8125618294834247 25.0061
v 11.47484 6.5359489999999996 25.0061
v 12.0336 8.8356740000000009 30.0061
v 11.47484 6.5359489999999996 30.0061
v 11.442290824836361 -22.239045183352051 20.017119999999998
v 11.886244735990751 -21.63766641265611 21.518057520606359
v 11.42128945361917 22.071472435593869 20.010450471811939
v 11.611470000000001 21.63447 21.492999999999999
v 9.3505364962565771 -22.94370206326408 1.481243244980281
v 9.4370118099755409 23.230759331152409 1.49337027139269
v 11.535807360221931 22.252217807151549 1.5076091017502029
v 11.33136262467786 22.124486019728511 1
v 11.649229999999999 11.560180000000001 29.686119999999999
v 12.729245853768139 10.274704576248361 29.69844929768372
v 10.524127783180869 -22.487227848388819 2.0529026955739762
v 9.5670889999999993 -22.939 2
v 10.90731356671091 -22.21943418743373 1.459660346974996
v 9.5670889999999993 23.25498 2
v 10.83458411206048 -22.365040258514451 3.5500191111369048
v 9.6555887383161085 -22.92037916736124 3.41144987901317
v 11.817410000000001 22.019770000000001 18.513349999999999
v 11.78492 21.95898 17.0061
v 11.78492 22.206019999999999 2
v 10.72539600344974 22.686739414039181 3.2391226622798128
v 9.3620955783633359 23.281349561044511 4.8535086810995276
v 11.817410000000001 -22.197880000000001 18.513349999999999
v 11.63005931429702 -22.19606955252987 16.139672539956841
v 9.5636310774078055 -23.13174337264423 13.632771326422571
v 11.649229999999999 11.560180000000001 26.686119999999999
v 13.01442428999392 14.84485094520441 24.550549374417681
v 10.981751865875991 -19.925688323645058 25.411257719316719
v 13.032299999999999 -19.59327 24.26604
v 11.07465425797692 19.80772975131169 0
v 12.93333526203206 19.637507358048008 0.050734018557637608
v 12.245671538730241 18.800774348920172 0
v 11.968379049735949 20.931583660542291 0.26794820000000003
v 11.304751561383339 -21.01226720693252 0.26794820000000003
v 11.49209884629701 -21.48979725071883 0.71374363508091165
v 10.509443090457941 -21.875102887534329 0.62002161434429248
v 12.27861327543706 -20.912002531469572 0.58578490000000005
v 10.2764467367812 -21.580251085142809 0.32463756511168562
v 10.916503831928351 -20.507137494947099 0.049580479970612247
v 11.820046272065399 -20.110484128688949 0.068145750000000005
v 12.59891993191639 -20.179479095300181 0.24724433773562629
v 11.54864487650036 21.66550586561727 0.58578490000000005
v 12.536295000000001 21.073530000000002 0.58578490000000005
v 13.21391938062632 20.169033859381791 0.26225548821172101
v 13.56381 20.457660000000001 0.58578490000000005
v 13.92649106327068 -20.361279211770508 21.560374928588558
v 13.426977001543669 -20.081655812675649 23.012141801020501
v 12.1149082179045 4.9906867610826779 27.683141482792522
v 13.471122651624979 6.8485687484227329 29.970894817642229
v 12.79852 3.3403010000000002 30.0061
v 14.106145 4.9582095000000006 30.0061
v 12.476832281566271 -21.21128835242315 1.0994643332696219
v 11.474955507254609 -21.777722585968561 1.0811148752401101
v 12.587394738567459 21.418771239122488 1.0278786625533389
v 14.183394483173659 8.2539391294020099 29.686119999999999
v 13.85904 -20.830580000000001 20.017119999999998
v 13.85904 20.652470000000001 20.017119999999998
v 13.68483 20.391739999999999 21.492999999999999
v 10.170390995888599 19.173500409479789 23.303663744436701
v 12.65462 12.56556 29.1812
v 13.60643 13.517379999999999 28.499549999999999
v 14.48921 14.40016 27.652239999999999
v 13.990222031384979 13.901153543936751 24.578549739398269
v 11.976737849515191 -21.704208598792128 1.5377816407935581
v 12.76235504225936 21.522883820134279 1.4451933368982079
v 11.78492 -21.890049999999999 2
v 12.841608125139899 -21.260494976317641 2.2307060420748952
v 13.607329951738331 -20.723704654378011 1.5171295149913271
v 14.03290767340048 -20.85341787195026 18.528583818425929
v 13.88270170421506 20.779232585795359 18.541084200496911
v 12.953094821843971 -21.216367924509711 3.6093034782871718
v 11.91229831825064 -21.840953372295179 3.6553133415459378
v 14.09014759156611 20.562588772199241 16.162508400071228
v 13.63226712392107 20.906399291907551 13.68500182723087
v 11.861459999382379 22.00469849222258 11.44230788345857
v 12.0680125473865 22.003503285761369 3.9946957761267998
v 12.83709 21.575375000000001 2
v 14.13971767192761 11.16354222712858 29.08713952959306
v 14.87457 12.11819 28.499549999999999
v 14.80060640063426 9.6960919808155204 29.234281042222921
v 13.82722314395923 -17.702276754183892 0
v 12.95025624782186 -19.336367747989431 0.05355731499826568
v 11.824571571979609 -19.155498377091941 0
v 14.159593237784611 -18.546350297177291 0.064061438721062555
v 15.358967205725619 -16.279258801632299 0
v 15.362202305453099 -17.451874570671649 0.051717142043121091
v 10.615132989934891 -16.625330528675839 0
v 13.27981530614908 -15.87003036119005 0
v 13.6344905016564 18.18613389876263 0
v 14.17083012111387 18.828218754930511 0.06133343808767043
v 15.12094855161984 18.003040138604199 0.053331964140054547
v 13.567227024049309 -19.539002370538199 0.23960920871053601
v 15.22045 6.2154689999999997 29.686119999999999
v 13.42076343283779 -20.22742828516893 0.58578490000000005
v 14.4544867164189 -19.470944142584461 0.58578490000000005
v 14.531202288075701 -18.927926590381659 0.27953516959999641
v 14.41749771021624 19.272347530986259 0.25559002079455351
v 15.202909152682251 -18.885755860429381 22.774739414021681
v 14.70316272336496 -19.715155818135631 1.0451052725462751
v 13.587117280446421 -20.508201822709399 1.021505683443195
v 13.51889010688752 20.85470182960205 0.99999999999999989
v 14.795340021004931 19.909813390743778 1.0078262341509721
v 14.62741059396323 19.66884131587916 0.58578490000000005
v 15.83963 12.9102 27.652239999999999
v 15.74542663732921 -19.410428428973621 20.096992615176589
v 15.701063788822649 -19.090425502775918 21.39447815834977
v 15.95543256919702 19.079219236017298 19.990189874237348
v 15.6264 18.95177 21.492999999999999
v 12.26574256333409 18.424172018891849 23.033651036364962
v 15.791661284699179 8.5320752338316659 29.129314852765539
v 13.96725911789625 20.80213555058555 1.482361
v 15.03294189946447 20.022823597127271 1.549872408937488
v 16.149986910460189 10.733272772125 28.364039579521862
v 14.69466109344944 -19.93025795620947 1.4504754909886639
v 13.88926 -20.62876 2
v 13.88926 20.94473 2
v 15.771472203961549 4.6678420660095279 29.686119999999999
v 16.10483156538443 19.106296225017921 18.520337298654589
v 14.04617619069284 -20.542361700309019 3.821040493913729
v 14.919307828448179 -19.869227036067599 2.2676084593346761
v 15.91967846818682 19.190894544723282 16.463787284206969
v 16.064986593680811 19.106176809746419 13.60995906124638
v 13.51655586151163 21.126508604385119 4.5276114337059354
v 14.59041105332841 20.40306004661678 3.3156378025476769
v 14.79704821893813 20.266941892781109 2.274795605665719
v 16.743922855819111 13.58645685476171 26.653030000000001
v 15.28862 15.19957 26.653030000000001
v 16.57616113863093 -17.089386283050981 0.24316379458138371
v 15.225440000000001 -18.394269999999999 0.26794820000000003
v 15.992105527752461 -16.874990797409289 0.051892954434706672
v 15.02138927105435 18.680179414421609 0.2075252197757998
v 15.69332624373696 18.18334081232857 0.2363504230663955
v 15.85167750833592 17.333277250132731 0.052602975566598917
v 15.22045 6.2154689999999997 26.686119999999999
v 16.585926010040559 6.7810587892120164 29.15276538899634
v 15.76511 4.6932410000000004 26.686119999999999
v 18.529753365957049 5.6669426338982101 24.817945791690921
v 17.777650000000001 7.2746880000000003 28.499549999999999
v 18.931059999999999 7.7524490000000004 27.652239999999999
v 17.24342330731201 7.0534098886646719 25.292181475857362
v 16.196615170227929 -18.07240010148146 0.58578490000000005
v 15.325606138783771 -18.84169412386785 0.59274277983079116
v 15.45032744095834 19.016214056142339 0.55967569144286511
v 15.99169 15.90263 25.518149999999999
v 16.012302182221969 -18.67925608289104 1.0203482787372271
v 16.025840019568928 18.942871556636849 0.972229137728856
v 16.319714471278221 18.28675138033503 0.59540614744966303
v 15.54732833668208 19.413680126388432 1.0618521781097101
v 17.58035332013301 17.603504422840171 20.017119999999998
v 17.417490000000001 17.328430000000001 21.492999999999999
v 15.82291481300607 15.733857577401549 22.928583745372421
v 15.816599999999999 -19.114599999999999 1.482361
v 16.668479898038161 -18.34867436241489 1.517175376769218
v 16.7881308595421 -17.879063645940551 0.91718656918501651
v 16.013301041661741 19.259541156170819 1.523224887546119
v 16.624620707200311 18.463444252770248 1.0618803828648271
v 16.15795 3.1249609999999999 29.686119999999999
v 17.04832496060817 8.8762387965637508 28.48226269304816
v 15.792507820397439 -19.225528002638899 2.5052821388709301
v 16.76414222023163 -18.351859964875249 2.255348002715504
v 15.859830000000001 19.483250000000002 2
v 16.649477106233121 18.764178986910519 2.205215658703731
v 16.9267719893232 18.441334570718269 1.578002220413484
v 17.726410000000001 17.637360000000001 18.513349999999999
v 17.037510000000001 11.29505 27.652239999999999
v 15.78893083160429 -19.252990312725881 4.0122959773863824
v 16.726300499873151 -18.40196519531694 3.2155447697160269
v 17.677669999999999 17.601129514628258 16.246226993753272
v 15.73499647461596 19.554048597499001 3.3232760212480521
v 16.74771474338959 18.65804083962681 3.2439900042769581
v 17.34865870535215 14.500169489665749 25.423424277108651
v 16.586980000000001 16.497920000000001 24.26604
v 18.071300000000001 9.5702590000000001 27.652239999999999
v 18.340690080448049 14.52227695670938 24.25392610299232
v 17.064830000000001 16.97578 22.917020000000001
v 17.45186758918658 -16.295948000922039 0.27538124494145477
v 16.82291650020899 -16.21915825019305 0.064701713466114336
v 18.1690455984278 -14.77285218082749 0.068145750000000005
v 18.40560042823515 -15.215067623389769 0.26399488917836139
v 18.179505240304731 11.696469640040601 26.588214235927389
v 18.6268252517511 12.816914837865101 25.42751739535754
v 17.109416019601511 -17.202789691075111 0.56170778812209732
v 16.451084559485551 17.56582079508113 0.25763711735160139
v 17.0298351054563 17.591245728446928 0.56191170320272354
v 17.58579112397419 16.49818170627119 0.29293555826799672
v 16.584232553882298 16.720839106859351 0.057829652242201941
v 18.96439443686662 10.156774236103191 26.707555794889529
v 18.65531 15.22096 22.917020000000001
v 18.55905100270741 -15.66468491216372 0.57994592911051579
v 17.682976122784581 -17.107531977012801 0.99318639626472227
v 17.47780407928321 17.622392803878419 0.96909695348752245
v 17.75342979964298 16.916551573262009 0.61707686692970243
v 18.161237146942419 16.92857458117355 1.0405278100263959
v 18.35604292308869 16.224572918064261 0.59333399015348376
v 19.094786274010801 15.951744238482901 19.95513356206251
v 19.04083 15.53735 21.492999999999999
v 18.54340062758207 -16.471588903373359 1.5255341187703051
v 17.400660048177478 -17.676878817530959 1.478773823698958
v 18.50378238879744 -16.24094255802882 1.050733835660937
v 17.879436163341129 17.511676097986811 1.482361
v 17.677669999999999 -17.519680000000001 2
v 17.677669999999999 17.835660000000001 2
v 18.496781156081141 16.92948528365142 2.1471547055064968
v 18.75816954703939 16.533307094420671 1.4680160343960289
v 19.32526 -15.70185 2
v 19.114565842101769 -15.970765098855519 4.2141416558274383
v 17.60789879935793 -17.624956919795849 4.5536468254404756
v 19.1275318712153 16.003812238558261 16.10270173135299
v 17.902673722719118 17.404366738120881 13.11846598538955
v 17.937292620886119 17.5101692619765 4.37146667425686
v 18.44937303417899 16.96724949535308 3.0305320344070452
v 19.378550000000001 15.81451 18.513349999999999
v 19.799375308422189 -5.6200924735725808 27.578094911793048
v 18.65428223373296 -5.260437084034117 28.409469523016099
v 17.79142238276652 -7.4585057427739621 28.48943262834387
v 18.931059999999999 -7.9305620000000001 27.652239999999999
v 19.6984594950919 10.98361095877585 25.518149999999999
v 20.130774793868959 13.179709260917949 22.948996526898959
v 19.50422 12.943250000000001 24.26604
v 19.316229699758889 -14.07299417016395 0.28426117056329142
v 18.305329720769851 14.748537604829419 0.055657014100351579
v 18.29415181990792 15.563590052190071 0.2388146482329418
v 19.193359685418152 14.52781797907193 0.2719880122966214
v 19.043250630127329 13.91787837935955 0.069445022691703523
v 19.063306750918422 -3.7767696529051769 28.378014500693681
v 19.338798618517188 -14.70142158272296 0.58578490000000005
v 18.950680681386071 15.44477022273362 0.5418806997085398
v 20.545161693535029 13.50240640275036 21.45906389720998
v 19.287098318878691 -15.291498549504499 0.99025731614438195
v 18.958284101105399 16.02420271022504 1
v 19.822001097885568 14.946160959715209 1.068221677476918
v 19.693258667509149 14.596534727031671 0.63014772710696065
v 20.02831540185964 -4.0946218577736699 27.696264957590099
v 20.370181264413251 -2.6333390603911919 27.601913788486449
v 19.975549999999998 -8.3632019999999994 26.653030000000001
v 19.8917242131519 8.1503673766029703 26.733221829961511
v 20.741520000000001 13.76999 20.017119999999998
v 20.89414 8.5655889999999992 25.518149999999999
v 20.609688779348041 -13.845178717210869 1.4671571162508801
v 19.406425216938 -15.471560575728359 1.47288503424963
v 20.264058663472198 -13.482917214065941 0.60837119451664923
v 20.606350398323059 -13.52188241144033 1.0127036782131871
v 19.57847311490427 15.56857412316692 1.511538794732344
v 19.32526 16.01782 2
v 19.992161745310199 15.11437793647082 2.257106476014433
v 20.246188281124631 14.67472933343246 1.5408019998148259
v 20.649355366817499 13.992842296905669 16.557126814056431
v 20.564310142145182 14.156111754986981 13.60500629923108
v 19.122500755336731 16.048879608339039 13.702334693280219
v 19.554059587126119 15.67351131530129 4.175189204866447
v 20.844059999999999 13.8385 18.513349999999999
v 20.516693004054421 11.17787936821663 24.324345566810749
v 19.79771975786127 13.49514513566246 0.21632646524854751
v 19.505894404835399 12.993214386329161 0.04706768877560108
v 20.40659470433808 12.46679148946486 0.20997904556045299
v 19.87537264342718 12.30843362352228 0.042436463342715433
v 19.299278451073128 11.786235032041819 0
v 20.758917966599839 -6.2017376919475318 26.622489690700029
v 21.092206430283309 -4.3867971337382476 26.733528964473479
v 20.115263228164881 13.85295333918908 0.53201088654750983
v 20.75595874379572 12.86021531869134 0.54616050816669515
v 20.89414 -8.7436910000000001 25.518149999999999
v 21.723520000000001 11.522410000000001 21.492999999999999
v 21.43267737796528 10.936918260740221 22.947256599714599
v 20.358497702260049 9.8388723540461314 0
v 20.548889379154861 11.313844285450489 0.051184435067831442
v 21.25325889740942 10.16041424506604 0.068145750000000005
v 19.761772886257969 10.902178408700189 0
v 21.71664608111908 8.7428813800102372 0.04837969823070825
v 21.143675431490891 7.6578714490837889 0
v 20.454851233169499 13.94696325024363 0.92342367999556851
v 21.400877144666691 -2.1963342678535378 26.75642212064254
v 21.874392978745838 -12.05374438646583 20.02747376520233
v 21.723520000000001 -11.700519999999999 21.492999999999999
v 20.480799999999999 -13.77388 21.492999999999999
v 22.000070000000001 11.67023 20.017119999999998
v 20.796359924941289 13.8278618818695 1.394211822860917
v 21.238359539751631 12.71063746795307 0.95803987874784102
v 21.67193 8.8877500000000005 24.26604
v 21.731118503205479 -6.2976111499628793 25.518149999999999
v 20.786740000000002 14.04725 2
v 21.402112074883739 12.916352304953129 1.5925823084430031
v 21.091453197518931 11.42563739071414 0.2318254148677743
v 21.96748246332497 11.846509576746611 16.01878401431296
v 21.388169740664729 13.026237873273949 3.0681734011049389
v 21.46337090970875 12.914247041707471 2.2496519190671931
v 22.108830000000001 11.72836 18.513349999999999
v 22.290209678826329 -7.0782066127990291 24.396318228370301
v 21.67193 -9.0658609999999999 24.26604
v 19.028616093960949 7.7928591066427364 24.062086649921191
v 21.559800390197498 11.48286975570468 0.54509576109956037
v 21.709881105345591 10.36688618951975 0.28275644854021192
v 22.238662072324821 -4.1428443321285719 25.511664194907191
v 22.233754487731151 9.1204696079002847 23.05211756796816
v 22.765720792523329 9.3408148018073582 21.44877560210794
v 22.50676 -2.305771 25.518149999999999
v 21.621379999999998 -0.089050770000000001 26.653030000000001
v 21.786615825586441 11.79196935935002 0.95665356753769959
v 22.289182221819789 10.75561029777816 0.97128184918408245
v 22.00475489199561 10.658816429657071 0.58343642726612455
v 22.615659999999998 -0.089050770000000001 25.518149999999999
v 22.969547570959929 -4.9848801991390754 24.183110431886639
v 22.277958483671181 -9.3168821038074849 22.956606917526891
v 20.857533935182989 -8.7285297655789549 22.801862885644901
v 21.11981920534382 8.6590616349691398 22.62113408360344
v 23.04674 -9.6353310000000008 20.017119999999998
v 22.75704 -9.5153320000000008 21.492999999999999
v 23.04674 9.4572199999999995 20.017119999999998
v 22.27589090696458 9.0551368859710237 0.26794820000000003
v 22.533133280615171 8.2169264073060049 0.25128490413736831
v 22.130714221722162 7.8097253277008516 0.058329612434390707
v 22.104746609153061 11.658694235297739 1.477092565707651
v 22.048030000000001 11.942909999999999 2
v 22.535820151537791 10.906992738018509 2.2776859588523859
v 22.654476814856981 10.53645206275421 1.5960535253881889
v 21.496404851982 6.6161501647954921 0
v 22.4573513530536 6.8630680457728026 0.058157606294523247
v 22.007258287227621 5.5194923151301474 0
v 22.88878182039738 5.7057176983028137 0.093656076075934042
v 22.940877351613281 4.7695283972605393 0.052931861867486482
v 22.287406967949689 4.6003120637434876 0
v 23.09986856426006 9.4748890721385468 16.708146234709069
v 22.008929754963201 11.973722899329459 4.0909203660304092
v 22.52620615752706 10.906924514979931 3.516570560197334
v 23.160679999999999 9.5044090000000008 18.513349999999999
v 22.379966196016461 9.8471782698405512 0.57741869046065064
v 22.933530782957039 8.5169856811956173 0.61734293308230848
v 23.344570000000001 -2.3882910000000002 24.26604
v 23.094139999999999 -7.0945900000000002 22.917020000000001
v 23.482521285737789 -7.2557987734349547 21.71639579597516
v 22.842186036586021 7.4936172548149278 0.27342679876798681
v 23.188156203229919 6.3193218717225061 0.28271825238953618
v 23.457529999999998 -0.089050770000000001 24.26604
v 22.849440000000001 9.6225299999999994 1
v 22.581086444351079 10.205732877331879 1.0163502519170591
v 23.799417621028539 -7.523298651237651 20.030555592490909
v 23.571400000000001 7.061248 21.492999999999999
v 22.9763861311326 9.8495715264020482 1.5756958000336629
v 23.306749341934129 8.8567450124276945 1.417176423179118
v 23.35582607370759 8.2072723962655978 1
v 23.325062941915611 7.2189902145471603 0.552684333394872
v 23.676550524858101 -4.867571784686378 22.848885658651291
v 24.017109999999999 -2.454529 22.917020000000001
v 23.08736695957203 9.7403081149019339 2.3102836135472011
v 23.5124592488921 8.5613489275340093 2.155602121134613
v 23.160679999999999 -9.6825220000000005 18.513349999999999
v 23.54283417698198 5.1379828113781976 0.3265140257889973
v 23.39234464928645 3.8140665851106998 0.14541055353786919
v 22.932324609236879 3.7177468214301221 0.03086213639019509
v 23.15628128130275 9.5310635114312525 3.5200519396620868
v 23.51893721552203 8.5229290737250007 3.3896119127739941
v 23.902333617895039 -7.5998427789318121 18.440370390319138
v 23.749877283064809 7.0068507555800386 1
v 23.6419857934292 6.2222264127311142 0.62667339738064909
v 23.35965887133305 -1.681670096647492 0.059843522381892569
v 23.890762025993439 -1.678395551507726 0.26007000807351732
v 23.390827697712201 -2.238571198396226 0.068145750000000005
v 23.72772133623689 -2.732654702009468 0.23641368596740231
v 23.812651441920771 3.014471939839221 0.27022233240041671
v 23.982190678267859 2.1355385449711819 0.32883107720639171
v 23.39276880945738 2.5414629279702439 0.068145749999999991
v 23.462389962822339 1.3654150256621569 0.069831717479015287
v 22.54113005602002 2.369526681860906 0
v 24.133320000000001 -0.089050770000000001 22.917020000000001
v 24.05507181701304 1.15935849340148 0.34795562902951749
v 24.127952955758211 0.18317844183177739 0.36708018085264332
v 23.520389925644679 0.2677110513243145 0.07151768495803057
v 23.985446061076669 -0.67783937005680928 0.28828910932634899
v 23.328490044953899 -1.1247689948987569 0.051541294763785127
v 22.69338749823681 0.90443232193900169 0
v 24.108918185812509 -3.3345966125348951 0.56707011573412269
v 23.95305267049082 -4.5513764638076726 0.58578490000000005
v 23.642113646837849 -3.7306800485539431 0.2620250599027874
v 23.983734758673901 5.0270469565707243 0.6683184539403777
v 23.805482193946389 3.8693652082920642 0.36114209292299237
v 24.08918818219205 -5.1815003432137194 21.4823941583067
v 20.7024453503372 6.6389270821202739 23.30537757577876
v 23.831389216937009 7.4734954512840801 1.489958498825704
v 24.15298742441114 6.3087275946264221 1.648447699511107
v 24.130090871415639 5.4889447289356061 1
v 24.45750699058334 -2.7302558263977872 21.556013238410241
v 23.92351 7.4150999999999998 2
v 24.47051228997621 -4.9272353945103431 20.017119999999998
v 24.345159345701909 -1.247588286484123 0.58578490000000005
v 24.214753218324631 -2.2121170302791828 0.52207981301060535
v 24.282545102965049 2.8303863709741699 0.62106968738889134
v 24.43874615199994 1.3643968688921819 0.69499812364846103
v 24.587240000000001 -4.9797599999999997 18.513349999999999
v 23.92351 -7.3461689999999997 17.0061
v 24.478361177777941 -5.1100464536881489 15.729391108690161
v 23.90479698799129 7.4394198724965577 3.6995756964459572
v 24.201891172694118 6.277954570975762 3.5658622998407821
v 24.219969959821299 6.225852212359551 2.3465755411333662
v 24.407182783230169 -3.5109698467960802 0.98697775482130812
v 24.18873015714767 -4.9431640480872838 1.002520943021872
v 23.652360294119401 -5.6679240856378579 0.56604252422381518
v 24.44392327159494 3.8992407412057202 1.0629687665816021
v 24.166484859967941 3.8542691892401248 0.66729909916594932
v 24.499738942072518 0.059800485829220817 0.70353407760498399
v 24.63205 -0.089050770000000001 21.492999999999999
v 24.510372056646009 -4.226760250564789 1.450074887742665
v 24.22391563409759 -5.6430287116991602 1.5254581418505899
v 23.940590991110099 -5.98389471000411 1.031943568923738
v 24.394526528766551 5.2545531362929667 1.482361
v 24.59273262091542 -2.2387832728954882 0.97188537647533413
v 24.622647595779231 2.3849512320583099 1
v 24.759921559006571 0.2126332373477893 1.0737689499317731
v 24.642347175956171 -0.88780029704656893 0.95005123686116422
v 24.699625000000001 -3.5058539999999998 2
v 24.519629999999999 -4.7192689999999997 2
v 24.665818273294441 -3.232647083086678 1.491996844867445
v 24.519629999999999 5.0352399999999999 2
v 24.64723417391734 3.8144471423282589 1.597650006237193
v 24.825489999999999 -2.5341499999999999 20.017119999999998
v 24.948219999999999 -2.5462419999999999 18.513349999999999
v 24.94768762495206 -0.13818813628146029 19.962468844016371
v 24.513439999999999 2.3253089999999998 21.492999999999999
v 24.825489999999999 2.3560400000000001 20.017119999999998
v 24.882375570732801 -2.4603108819257979 15.60376952690768
v 24.589022419973649 -4.2754613205651726 3.457363150299666
v 24.195085258533322 -6.0177612302642256 2.171814757957963
v 24.480731742538211 5.1461109166889738 4.6982702087718531
v 24.675175335601601 3.96064936419865 3.5796319001229859
v 24.690264462333271 3.8785727042959959 2.3863576938229949
v 24.826136309272378 -1.8123347749312759 1.4608243720717109
v 24.827732111739191 2.384460112401519 1.522303284148748
v 24.711006666076631 1.444387258533105 1.1017657300239589
v 24.92805292321189 0.35029724458964129 1.525277275971455
v 24.89100805978013 -0.73116813354647126 1.503918966520404
v 24.89081537643354 1.0644097062873661 1.5088980492957971
v 24.94178824169526 -1.033070515169116 2.3713961464608202
v 24.879619999999999 -2.2924389999999999 2
v 24.879619999999999 2.6084209999999999 2
v 24.9488310608786 1.198257217424803 2.0799879004525108
v 25.068940000000001 -0.089050770000000001 18.513349999999999
v 24.948219999999999 2.3681290000000002 18.513349999999999
v 24.9834043956633 0.25825135358323942 16.429931628640819
v 24.991391194148569 -0.20284661108113489 13.27382360675427
v 24.941400379099569 -1.060166744989427 3.5377343712517049
v 24.8516479308648 -2.519543452010371 4.3405932827518807
v 24.882821971553241 2.3122243516200851 16.032862003547208
v 24.89479312897333 2.271295772934701 3.716854071295101
v 24.947646996533159 1.2090105204260739 2.890871393358339
v 25 0.15798899999999999 2
v 24.983289237570268 0.46623243632382322 3.9387907952352359
v -19.307624592358309 15.916854198063749 9.3149589289583101
v -20.832651588479099 13.87560096149419 7.7736800282599416
v -17.786336533562039 17.592005743863751 9.5175623271347494
v -17.793963652719079 17.631186989571951 6.6263796070345986
v -4.2229299234393087 -15.151903475870689 0
v -1.1576767485370429 -16.52833199300731 0.0016842167580582361
v -3.506047207015154 -17.633842978137451 0.00080548214389357907
v -2.4547743937462099 -12.83727965846758 0
v -7.103986833772435 -15.152631905226499 0
v -7.1888597293539753 -12.18982006999439 0
v -6.1350358542284988 -17.957438528138422 0
v 8.1975650032489948 -18.050197194729641 0
v 8.0911721220109385 -13.943908990989931 0
v 9.9975954093113018 -18.662140521411722 0
v -9.3960832034117612 23.1914896081582 9.5730703893321731
v -7.2272749873079949 24.020485896471779 6.1596895587290854
v -9.4317644673700212 23.23083448085557 6.4077494660142591
v -7.3808730479321429 23.903591727856689 10.116446789772249
v -11.487939124099309 22.23945720442784 8.5010894547902112
v 16.10210637766961 19.129956114007911 10.121901493263881
v 15.85982999999999 19.393369911441681 7.459640531553946
v 14.06493165364347 20.693334017991269 9.356566645863051
v 17.677669999999999 17.704873555020519 9.944440058317026
v 3.9327675781252291 6.7976385206046643 25.0061
v 1.869688925949756 -19.118726285075599 0.00104613271187255
v -0.89643134306040628 -19.891700784780141 0.00078231497413556767
v 1.664695797298863 -14.597973598776321 0.0023391988144845998
v 4.6867894825540173 -13.64329427928975 0
v 3.450107449453633 -10.932666600879291 0
v -4.1429244072385192 19.173744940547589 0
v 2.839258457360113 24.877459927153009 8.2240337958098273
v 0.099695405895012995 25.049430640421939 8.2967617793423756
v 2.0477210202239831 24.905412935540319 11.231345265776969
v 2.1673815544668309 25.003002035683139 4.9463238525683479
v 3.797416929064525 24.684606116431461 11.305353407182951
v 5.032154580899884 24.53600148222916 8.2455691225549685
v 4.8084973581539314 24.644903539867951 4.6068712022699962
v -2.4504320000000002 -24.822194315368321 8.1086389768803748
v -2.436695628086706 -24.77102453978268 4.9594117772399517
v -10.02562421754066 -16.849322007881209 0
v -10.146291461521759 -13.6584517174106 0
v -0.26476029891960301 6.4900278655282158 25.0061
v -2.660093139233584 24.905815943703811 8.115924279066201
v 24.980760485762001 -0.29369605648045888 5.6476486097540963
v 24.88479711321963 -2.285110783037533 7.9560345286862733
v -24.884613028311961 2.4393826354562358 6.094194603412677
v -24.530001204636541 4.8834809691505754 6.971444791538409
v -24.998021561170841 0.00059325056173031854 9.1144856779487178
v -24.884954707183859 2.3562910692309211 10.71899499981239
v -5.0679290074625536 24.511862441172291 9.1675308074740904
v -9.7633539127909348 -18.87776535157786 0
v -7.5003991887106816 -19.5877103406911 0
v -15.94963452812188 -19.21420032564081 9.7942970602987103
v -23.929614500007212 7.3434476899544832 4.8720560517088396
v -4.8417175981861256 -24.490283969353001 9.4940590216585541
v -3.5795872193547149 -24.712811233124281 11.63865057752831
v 1.2524378057496459 20.32568368071404 0.00078123770453266284
v -1.653687287826858 19.21789537114525 0.001016580512251942
v -9.6468687339815666 -23.046674062264909 10.83242552464756
v -7.3303997950146647 -23.834520123612311 7.7840483426926443
v 0 -24.946871164101768 8.3696450559728586
v 2.678669691427717 -24.807986553380761 9.3021604284333712
v 4.9300683459607821 -16.21472127773977 0
v 4.5041556490107739 -18.83930926226267 0
v 3.4408844721226739 -20.806222303879 0
v 23.234139388293229 9.2920041687912889 5.0225133112504157
v 23.94360964764406 7.2761603749601713 5.5654557437306469
v 24.51553930238137 4.9536060781611209 7.9507477349902693
v 19.36267773583161 15.81564243780784 11.216370860793051
v 5.3187589431923126 24.411054594342222 11.474425623449539
v 4.8338582154682657 -24.459658676662009 7.562950828765219
v 7.1235559935884103 -23.88637294325769 7.3088465037015222
v 4.9253040545429361 -24.497817151554361 11.002930045891739
v 7.3988574746841227 -23.87322470277886 11.622992448191191
v 9.4714285102886269 -23.022794059896491 5.0108311054412233
v 9.6220948763416132 -23.049432764542331 10.28837120651885
v 9.6067323063557701 -23.009147293405199 7.3999287268309386
v 7.6317034766102703 23.79371026214935 11.339491281555359
v 6.9561126918726766 24.061539524037649 7.7918511870999971
v 9.4646453163380535 23.177966569991071 8.9043445057160415
v -13.71101647203113 20.929568832974969 9.4104757936261496
v -16.009747326300939 19.204200536641189 10.69682342128471
v 24.897231437759419 2.1864796767530188 5.8539570644129828
v 24.993373618093091 -0.10159635325349491 9.5747481604031464
v -15.58210472805307 19.60497328634484 7.1178074594067624
v 14.09973412301173 -20.54153983774923 6.1839400738634751
v 11.982685250951819 -21.830610434349921 5.5897098446672047
v 11.746753625220499 -22.01895460136986 8.7336321906697201
v 15.792271533018621 -19.282431705737391 5.9511732492444462
v 13.88926 -20.74839114332687 9.2668268291664866
v -8.3287902949138406 -23.421766541002789 4.4112760416998622
v -6.8905272627117924 -23.910866663094861 5.2510623306873399
v -9.6818564831101259 -22.960485614330569 6.6022081881945152
v -22.06609563422526 11.86294904663068 4.5369184729800516
v 24.855275158018291 2.6357811834242288 10.307109750870341
v 11.785168827066069 22.088569178165301 8.8333695148697711
v 11.77247587359604 22.138232167066811 6.4751898627074382
v -10.36945699338218 -19.89446183690038 0
v -9.1759127556818889 -20.492574065665149 0
v 6.6217857093345813 -19.563578073046159 0
v -15.777325049323061 -19.276852252257019 4.9389075449543052
v 19.225100179460679 -15.900827493743 7.3738950544687656
v -12.11538069745278 -21.84181826156901 11.101720375335701
v -14.06902732173792 -20.593535511261461 7.958981721551126
v -11.730428984039779 -22.009213911080401 7.6729472181945262
v 10.731692866577911 -19.696936767586209 0
v 19.205579641450409 16.078488696145762 6.3357911583792568
v 3.403346205901673 24.3511374314063 0.64563304133456412
v -15.86347978872247 -19.245526288948909 7.3666023026265073
v 17.58159259574963 17.84441762969324 6.757538400539195
v 16.217389540416029 19.114237692378609 4.729820265776973
v 15.11948469287325 19.983577434001671 4.9613845010617998
v 17.449765620331959 -17.810713579568841 7.1311553219464772
v 17.534042157402901 -17.789067000841829 10.456107986842991
v 15.72136523885179 -19.37860146870489 8.5984929120429072
v 19.087190271622141 -16.122999563569511 11.62669993447633
v 20.655317586270119 -14.05164759811414 10.696951952721649
v 20.900189431656369 -13.627448775849761 7.1910358139819497
v 20.808523711859571 13.896184723156891 8.9685832426251526
v -6.1877212299939242 -22.967686142183151 0.25344540474072969
v -0.051699850295586047 -1.6822425096730369 9.4211981025820837
v -0.39789029724695502 -1.636665164381137 9.4291820934039965
v -0.36111216314293282 -1.641507151593703 10.26531250735801
v 0.041529432314189957 -1.683581485534974 10.18629403809096
v 0.38195196366646023 -1.6387635092065731 9.9166989640341043
v 1.0975255292159001 -1.246392510885902 10.534568579124111
v 0.94876236460795016 -1.3605467554429509 11.23382783113369
v 1.3275929041742081 -0.96470658821317024 10.638510597175079
v 0.7917430958619941 -1.478120528338899 9.9252927392162071
v 0.46167963691449743 -1.614826816515478 10.93223467937038
v 0.79999920000000002 -1.474701 12.040515051646439
v 1.1272161650346439 -1.2236092357973449 11.829596345099111
v -0.01875522404613782 -1.686579800373305 11.723226728966649
v -0.020569186650882861 -1.6863409850024269 10.905093638717959
v -0.4145077394008716 -1.634364559457085 11.408795171987499
v -0.79999920000000002 -1.474701 10.270482389272431
v 0.39065889248631591 -1.637617207496779 11.729937588301221
v 0.41410829999999998 -1.63453 12.422982596738541
v -0.79657785365012557 -1.4761180594998591 11.552863025324751
v -1.1039730308713269 -1.2414449845093609 11.74021651411006
v -0.41410829999999998 -1.63453 12.48324896271691
v -1.107430389000764 1.060690094490701 11.6652067879134
v -1.1329313991147201 1.0402864299273069 12.67531010019807
v -1.3312139114156349 0.7818772965525902 11.447220692889649
v -0.79999920000000002 1.2965880000000001 12.86025530322774
v -0.82870794304599549 1.2745592254427831 11.32364690285258
v -1.141783683395887 -1.206851295736312 10.248969340006401
v 0.84439585619492019 1.2625215858471659 11.154098824568051
v 0.82160789035262094 1.280007233385037 12.28162437114816
v 0.4223647164429371 1.4530002781228899 11.061103257586931
v 1.111463005103603 1.057595790053097 11.94671607667903
v 0.81550269588209512 1.2846918673449319 13.700311729281429
v 0.42078237435777799 1.4536556677683969 12.342797810992201
v 0.39438086588932819 1.459017242575708 13.792765304827499
v 0.014224333800443341 1.5090672756938219 11.27592288410302
v 0 1.5109399999999999 12.69526089997389
v -0.40098764464109699 1.458147417997097 11.439567235549481
v 0 1.5109399999999999 14.2096189402374
v -0.42208578826593512 1.4531158072747481 12.76105189727693
v -0.45431725900604941 1.4397658670938991 14.08046990383291
v -1.3583772624195749 -0.92458872219776256 11.592186885130991
v 1.3856390000000001 -0.88906149999999995 11.93214936936314
v 1.544909120535273 -0.50453486280115512 11.29836052580646
v -25.061617179500619 -7.1578442160949578 8.246897129248266
v -24.999684561245729 -5.1912906167976596 9.1440669800991614
v -24.948219999999999 -5.9853910596345417 5.9788992834753394
v -24.94280537253184 -7.9743612916733646 10.393973759673505
v -24.825489999999999 -7.3351745286233854 5.3159098294050358
v -24.825489999999999 -9.5263396454820928 9.6877233737778479
v -24.933616908560129 -8.4812652824154995 7.4765064850534007
v -24.882493685812619 -3.427320884671933 7.3597479901456442
v -24.846785870546519 -6.2425785654543162 11.601523309585421
v -24.99400540269162 -2.4366511676416609 10.712299461535894
v -24.905899999999999 7.249690018313335 17.003987563628861
v -24.94842251276005 7.9195255588792337 15.938782653688296
v -24.99712497914064 7.2382370336590336 15.558686328500595
v -24.895470617613171 8.4098179804433322 14.907331557018932
v -24.93486908983331 6.8873525400563294 13.946211204133251
v -24.988112895595592 5.1115301147445589 14.24169730893529
v -24.941205707241579 5.5514560204912424 16.094091662150873
v -24.940403914966751 7.849555140370545 14.575527446600903
v -24.587240000000001 -4.8949958494591153 3.8033423106634379
v -24.406816864710599 -6.1437540826575159 2.9387872645006041
v -24.587240000000001 -9.2777880470747576 12.547891109969234
v -24.466290000000001 -10.611372758693301 11.852581888516442
v -24.513439999999999 -8.6683796593843727 4.6820875042747332
v -24.63205 -9.7501907782789274 6.840517494624609
v -24.812671289985389 7.7018341766168286 17.042683970267866
v -24.711253539749482 8.3779073854698947 16.43759817395345
v -24.704886878430479 8.9115461187555365 15.184532099885834
v -24.81395143487255 9.1039174340345816 13.882059440978093
v -24.879619999999999 8.6637663172392969 13.604994767593784
v -24.69200764219423 9.2019796321895821 12.459423994878424
v -24.837458884410019 6.3104571371858613 12.056059918480212
v -24.7104124109661 8.1732989668552243 12.062420232065559
v -24.52997922027183 -7.3090729127781531 13.453658799801552
v -24.499697845552959 -5.1514357197345895 14.748325109206652
v -24.678648937128742 5.7572646364760267 19.143525559558306
v -24.811800000000002 6.9335858544115423 18.212305903270551
v -24.879619999999999 6.4678202548964938 17.986347256367214
v -24.70823730581645 4.9617326175514718 18.50330692279142
v -24.827158364648501 4.3857670584096802 17.298461377519832
v -24.513439999999999 -10.832001691059618 8.9989470737360193
v -24.59100958398805 9.6123011203225968 13.944253865345919
v -24.627649305591611 9.6725190555179879 12.791522166273904
v -24.605332390231329 6.2780111984115514 19.465334606248565
v -24.549648138355131 7.3496021839915784 18.574202009977594
v -24.650503653372059 7.8807904755349716 17.445556183246193
v -24.344464174429319 8.3760172378054012 17.367115362320721
v -24.37211652109713 9.1066357763055894 15.899396321128306
v -22.598621670313669 -10.90745727850442 6.2604923035989835
v -24.017109999999999 -12.083164948941148 8.3171746800089892
v -23.993337970858391 -11.273072777856351 6.0772447976768706
v -24.214518846648289 9.9414237524256066 14.356177834163272
v -24.41154491890461 10.133832507692514 12.935432361371852
v -24.228844268812061 7.8006184052097174 18.596844997009796
v -24.137725499976259 7.1522996934944469 19.690291601312943
v -24.421810415652409 6.7662868154119371 19.591685899521941
v -23.92351 -8.9906370137334317 15.338811818594257
v -23.871469999999999 -11.675407349958231 13.975544143612058
v -23.98948 -10.347083470666663 14.681349779892185
v -24.511976461141209 9.3159771680509991 11.17379880725743
v -24.45279 10.207973867072294 11.67924559068009
v -24.188965 10.511293594558689 10.496434763844253
v -24.531573334094102 7.8071736214083307 10.511517593858507
v -24.287718139654721 9.3208925894078849 10.166580096789337
v -24.530148938731269 5.1468019596667967 19.953989738936865
v -24.437159668448128 5.7659138548884616 20.433497813346847
v -24.158750000000001 -7.5969814263119737 2.5444333080095038
v -24.143545438102819 -11.928106216742847 10.914093867146491
v -23.678415189096501 -13.073687564152799 10.178856705777877
v -23.571400000000001 -12.954051004556785 13.23286073875178
v -24.212033148213219 10.677225592932668 11.925447013543211
v -24.11354758924265 10.841771558393503 10.873583778175558
v -24.26477920008865 6.2685230722685343 20.55711471334277
v -23.98059634539764 5.6860144320754502 21.619451848825584
v -24.192857860632191 5.1873114088356216 21.309884257647173
v -23.861017550977198 9.8553493293954393 15.148721471278165
v -23.911044937236881 9.1794362415465471 16.520508224638867
v -23.721811232549321 10.514901469781462 13.827050448982366
v -24.060818388948331 10.614715912869316 12.868670830031293
v -23.885234690923699 8.067529462619504 18.66015864515807
v -23.940573469147889 8.5722449804978105 17.653150035839374
v -23.80404533100684 11.196007866159441 11.739364136236897
v -23.857347368747941 11.294695419556534 10.766533585565362
v -23.83910664053758 6.4148907955932115 21.159715782326359
v -23.973303734432442 6.7635888286426269 20.540336974401349
v -23.457529999999998 -12.22927928630982 5.5979914341537738
v -23.221710719445522 -13.476202995364428 7.7879102707356385
v -23.32353755226967 9.6234236562867235 16.048738304993329
v -23.489913167395581 9.0399898837017254 17.165819550356119
v -23.284179372021569 -11.225293387036109 16.445291679751247
v -23.610846605077729 10.994717488490673 12.819831889328883
v -23.406845108094519 11.353099610206874 12.117112635237747
v -23.230904612974939 11.685330960648049 11.446349592450613
v -23.487925911568841 11.782854537059496 10.534627176461941
v -23.789600302686519 11.382478053717318 9.4983490201133876
v -23.92351 10.817517287151219 9.3078299446316191
v -23.516931743695189 11.184880626374992 8.2179621931500861
v -23.758169379087601 8.6359918941864304 7.6479453252644589
v -24.136931315314101 8.2206625044196091 8.9133315782918334
v -23.485038846939531 10.191327584329905 7.5988218474888116
v -23.28873510270159 10.021134402612914 15.248126433521278
v -23.24557316414317 10.47009416608414 14.346078125166372
v -22.75704 -13.973853560731909 15.267571219203408
v -23.04674 -12.708191046866233 16.036154601404856
v -23.52824117476737 11.8491516682537 9.5062600487853768
v -23.399385872595069 11.85576054487246 8.4542400227198282
v -23.380248342905009 4.8184034726051266 23.408134945582844
v -23.72789176815305 5.2035399816862684 22.541096568950472
v -23.897682851466872 4.7448218902177288 22.360697236670525
v -23.40615404513596 4.2147823807570433 23.627027567443754
v -23.094139999999999 -14.162253860271083 12.465373732912058
v -23.006799999999998 -14.279816395689455 9.6892239200363175
v -23.052509763834831 12.369542368671409 9.4336629598020139
v -22.956387423779621 12.562788629990957 8.0321908450287758
v -23.059277665261789 10.946028413826728 13.405191529573123
v -22.892374628496949 11.413114502091094 12.472825880969074
v -22.581456831082001 -14.113482313601306 6.7558599668947847
v -22.615659999999998 -13.348661448770713 5.0369539786622797
v -22.919189068881781 12.274531267858995 10.28632177173214
v -22.18111 -15.325602914774747 8.981348406545095
v -22.073382931339228 -1.8374326564684749 -2.464972604375216
v -23.04674 -4.1533226791656288 -1.032522292218637
v -23.160679999999999 -2.7878122743242666 -0.40091122704404825
v -22.108830000000001 -12.381463596579227 18.740345845701192
v -22.98940263310277 12.361032663194493 7.4567429618159373
v -23.096990000000002 11.852554346274733 7.242723577617574
v -22.572510000000001 12.349429900304612 6.2513572674009614
v -22.47198772079938 11.363722738598558 5.4971311027695569
v -23.04355963127966 10.743121701857454 6.5362156918169045
v -22.408776294459241 -15.328836662303811 11.727723100117114
v -22.233951743706669 -15.270235364251338 14.375462557556155
v -21.67193 -16.25154686859484 13.623221372340694
v -22.134362998446839 11.596584495652666 12.2169869848072
v -22.67779628821576 11.91117663884995 11.459629061234608
v -21.691626781305171 -4.4301036035719443 -3.580820962749268
v -22.75704 -5.5265228609023049 -1.5865464751559539
v -21.991355194881351 -3.2053976514890996 -3.0276199111203681
v -21.723520000000001 -14.952979994034827 17.221124682533375
v -22.000070000000001 -13.699782440096248 18.01457815791953
v -22.35681487811728 13.168562046772557 6.8797644612099802
v -22.536046811170099 12.7550168406314 6.5371953569860768
v -22.878530173538699 3.6061752658483996 24.851156881157799
v -22.954967389264588 4.3142999823309296 24.457915393545207
v -22.421834923087161 3.7689954243146753 25.527361539146998
v -22.400266028230941 3.0215631290230167 25.733102108456183
v -21.662361622469231 -16.230873356556643 10.717233760424584
v -22.33509062101151 12.52213377790391 10.228532782387711
v -22.367044848979269 12.979793494874469 8.8658456765918636
v -22.44057858489208 13.122235609377059 7.881453056751222
v -21.347185444763941 -6.0296921305649667 -3.8295240531741541
v -22.296279999999999 -6.8851117682508018 -2.0539831687847503
v -20.2834840338578 -7.5093517760349577 -1.4342769053515667
v -21.122275070194981 -7.9252902645277468 -0.12935476902739751
v -21.12024444175799 -14.678354216765191 14.156102436654665
v -21.618010874595001 -15.176955953468422 6.3981948840323541
v -21.621379999999998 -14.363240382357716 4.528444193189606
v -21.731724606321791 13.636315286705562 7.5648598807457308
v -22.053503745504351 13.486469584055683 7.1664599511661109
v -21.249230000000001 13.297606017972683 8.8231081422992101
v -21.744590363455998 13.326028964334769 8.5913322428663434
v -21.917888749999999 12.203496725593162 11.006075453455697
v -21.67193 -8.2070074652483918 -2.4272469612415808
v -21.07548748980755 -16.395805901198983 8.4135219042683911
v -21.201463102628939 13.821973198513621 7.6253703440217269
v -21.103349559771608 14.238116672149769 6.277490710230115
v -21.60751672758558 13.913356465693642 6.2522074878711082
v -20.74071 14.260271826918308 6.7503108654071537
v -20.741520000000001 -2.220889158542005 -4.8881144491319155
v -20.786740000000002 0.48449346017196893 -3.5659724086686708
v -20.844059999999999 -0.84582179154222414 -4.2755714387952626
v -21.9315563124634 1.6750189346790556 -0.79028599148786505
v -22.048030000000001 12.846305454334491 5.2599909571843506
v -22.180347548809522 13.112389991660681 5.8843533416770732
v -21.360089776005189 13.713014703486904 4.5398960462174021
v -21.443805431969729 2.2188729208058087 27.316392684807024
v -21.971381817939591 2.6939875550924768 26.547046787493887
v -21.978220571486229 2.0056724044567278 26.316765134606108
v -21.29252696521403 1.4568910366381407 27.320624626611625
v -20.480799999999999 -3.6183798590826588 -5.393674178938781
v -20.48079884407743 -15.882004658837579 19.074709896694163
v -20.741520000000001 -14.640629496299635 19.891756592281435
v -21.95235371332851 13.533985420605537 6.0397838643689408
v -21.534856331505232 13.861765863203729 5.3447446112805812
v -21.22611954660962 2.7981021210517767 27.539946517560047
v -21.890193723032439 3.2945330674796387 26.523091323241207
v -21.03581941257249 14.346682671937584 5.3171123081158642
v -20.7613607714298 14.465824810673256 4.2475553481957986
v -21.391087763006961 3.6063059072341703 26.893540868427849
v -21.981846795927321 4.052179792289464 25.876797327213914
v -19.29273066255498 -15.962813321489604 15.430158348746739
v -20.800873620037279 -7.4629833988191061 -4.0251250646146293
v -20.94211546555842 -9.380446482005782 -2.6908151732949062
v -20.89414 -17.226577186809941 12.774173057706978
v -20.63563429886662 -17.201003722344744 10.054532150891282
v -19.975549999999998 -18.070664109459795 11.925497541734293
v -20.490839999999999 -15.256530788594027 4.080724555217178
v -20.874423197117519 3.1220739239491722 27.732122216449191
v -20.94612319716488 3.9378125952473448 26.942471984759369
v -20.39217 -16.156464139851728 5.8762719486064867
v -19.6360099085387 -6.5795849559981701 -5.8118981806876278
v -20.066120000000002 -5.0155967448040366 -5.7840403141952379
v -19.74973806168326 -17.710304792917245 9.0537435640139385
v -19.971006043133059 -17.026991863610956 7.3641447036984768
v -20.508217594539438 14.672565769049013 5.4869391013931459
v -20.481578436810651 3.4622947922599292 27.770490333618536
v -19.866468818645149 -8.4997286223629374 -4.6177789981828514
v -20.062042970115979 -10.544227593354083 -2.8527674667401861
v -18.161379501593949 -9.2104534632829367 -1.3036423255681449
v -19.378550000000001 0.039576154665177332 -6.0421177860366022
v -19.28322 -1.3398420071472179 -6.6459800887696936
v -19.32526 1.3674583666437887 -5.3276643540266591
v -19.525355304329938 3.8608347464561206 -3.7218920406673721
v -20.790666410189139 5.2595434601385493 -1.0661401364315815
v -20.7549302272684 1.1110712774421403 28.140259132801447
v -20.75787623530692 1.7345729923418913 28.345682959002229
v -20.024067099867182 1.2979685474676326 29.237092274590815
v -20.67431558894712 -0.13131237636814624 27.614365019879365
v -20.024672446876941 -0.66523834556909067 28.32362334616106
v -20.088466643857899 0.51510131269865755 28.842712108573998
v -19.04083 -2.7484090874785845 -7.1294402210523522
v -19.04083 -16.751968678376475 20.810467647089798
v -19.28322 -15.521672166958261 21.649613291952576
v -20.623536436870271 14.255479108080344 3.4804435053263658
v -20.43222532365122 2.2235018402669917 28.686389234636824
v -20.4780349757817 14.747419993589707 4.5742140598314505
v -19.993111380227869 15.09290187303001 3.9337923563735142
v -20.211293207642221 2.8475341375111358 28.542598409932449
v -19.514439057955151 2.2781054022901368 29.501879557158436
v -19.697658323527261 1.7186814377589119 29.580596578031493
v -19.2424 -16.014023101629416 3.7010672995347713
v 1.9056016219635969 5.136932963447034 25.098026071974996
v 3.8770555170529222 3.6678678362640627 28.036365731901697
v 5.6187913008207513 4.902510035601173 25.573007106854604
v -0.243053969969724 3.5509106072795484 28.263420973048284
v -19.149740000000001 -16.859126580628622 5.3872181091926059
v -19.538698254827828 3.0083992329566627 28.853293724166491
v -18.913716708913281 -17.651056978296765 7.016243069238266
v -18.23662370366409 -5.6471668451369474 -7.5715780460416937
v -18.65531 -4.1632442277861621 -7.4846544074960342
v -19.068349999999999 -9.7963624133818659 -4.5833926130157483
v -19.0254002448333 -11.644763575707879 -2.924056026640887
v -18.931059999999999 -18.770099946413982 11.090999187221721
v -18.726652401582889 3.0744171082709513 29.114287189064711
v -19.51231294399026 3.5451191215328213 28.170205132065536
v -19.056342434394629 2.6500546763302086 29.513102059983922
v -18.89872464566858 -7.6383563712668021 -6.128310914455998
v -18.208681520250469 -8.9696096776891441 -5.9849321732004057
v -18.57553596949576 -18.447342282161699 8.835166264097353
v -17.482140000000001 -6.9200465662504822 -7.7894210848701206
v -17.726410000000001 0.85634266509007551 -7.6717306643142464
v -17.425393439172129 2.6906499804744954 -6.9451772362340627
v -17.456135015809959 5.8309673222420173 -5.2745929624524912
v -19.32526 0.45942235484761451 29.974305223255872
v -19.430876202599041 1.0150871808121096 29.971193806572963
v -18.451029999999999 0.53541274835444375 30.977943521855359
v -19.30921467418009 -2.5024013956176172 28.448282545500149
v -18.537015143892191 -0.974208180193333 30.206901803077216
v -18.586719384021979 -0.055347437107347741 30.624668415847058
v -17.417490000000001 -1.9458733951019496 -8.7306597652940425
v -17.51761376600356 -0.47770890918585346 -8.3661084012005773
v -17.417490000000001 -17.554504370753108 22.411687191331481
v -17.639209999999999 -16.334423937782638 23.271215960124358
v -18.93131525748969 1.2470404981868013 30.462599060061784
v -17.830986778602011 -17.540181312596346 5.3090595782694736
v -17.825596465750671 3.0892443223691233 29.190835605338258
v -18.179379999999998 2.6078620375180446 29.999203680437912
v -16.854655437973459 2.5376518088067819 30.291373215768822
v -19.025126623052309 1.8345909983485309 30.162315827033851
v -18.0747057262918 1.43793517259589 31.086200208705836
v -18.258869495642639 0.96928441048374514 31.121083604063958
v -17.78169054799368 -10.865963685567754 -4.8372623949915123
v -16.970279999999999 -11.949636393314393 -4.4081987362690658
v -17.777650000000001 -12.714520907801308 -2.8821008376730699
v -15.22045 -11.567934002614265 -1.122601719993666
v -17.6447761084417 -19.353970247833519 10.202387197999222
v -17.52957898687691 -18.253155983198631 6.6671522244345525
v -18.459635314343199 2.2256897139531269 30.28965316276069
v -17.08541310269354 -3.3871313913274146 -9.0331550587186342
v -17.42315095835907 2.2777144204965749 30.674292401302402
v -17.61972821969783 1.8034749799454666 31.12320658664364
v -17.23105937752192 -18.972813172018903 8.2813352394536359
v -16.573603128759949 -4.8282391878917101 -9.2313609544231774
v -17.037510000000001 -10.155611799498464 -6.0966311144671366
v -16.171897006372092 -11.25764983020823 -5.6912971881599432
v -16.72020051320181 -8.1333195827889053 -7.7697795368301747
v -16.620530586567639 -13.49629757605739 -2.7377985980800386
v -16.534050000000001 -19.692102649357594 9.5182829317424691
v -15.989822316268729 1.6135789474968973 -9.048647901735059
v -15.859829999999999 2.9202261181863007 -8.4257472119679413
v -16.72749752466153 14.566675748485153 -1.4519844132609574
v -17.868906673548381 12.434198712933229 -1.363445889913443
v -17.677669999999999 15.486691255779659 -0.0081078822478417578
v -16.62953122805374 16.333958380130515 -0.54332123495497697
v -16.67303217972724 15.745847219928665 -0.89982995679043576
v -15.73257534547 -0.61367164377632177 33.312709823471522
v -17.629480000000001 0.12926089975031951 31.788297857609447
v -17.677669999999999 -0.3551037874966364 31.599448118215509
v -15.859829999999999 -1.0933453966948967 33.072388081197147
v -16.08454830374091 -3.124386293602917 31.782523409618989
v -17.850373935929571 -2.4114240626807786 30.311188763278359
v -15.6264 -1.2184975710948227 -10.181920309183369
v -15.825329999999997 0.2095427885935176 -9.737313271900792
v -15.731476690842328 -18.309741480916028 23.687877847900893
v -15.911923957270179 -17.08542199161948 24.625232869695896
v -17.288147723760069 0.55105615978240308 32.037244819188679
v -15.26750725363263 0.27786723712772876 33.454513153794693
v -17.140384299856361 1.0688958746039479 31.946458183002051
v -15.73948363829615 -0.086382508523786261 33.295071439497548
v -15.991689999999998 -6.1832074274707072 -9.2595628382946913
v -14.78757282907829 -5.2409785197774887 -7.4404279446888495
v -17.044322659444859 -18.712128699283664 21.414078671042915
v -16.324613720144178 1.2478557698233601 32.266774408150638
v -16.586980000000001 -19.661463259852564 20.426687961773752
v -14.59287505544447 -20.473031046506637 21.947002174336806
v -15.156363322195361 -19.405454715637177 23.01542752124795
v -15.773603045381218 -9.5080113042662457 -7.5181017339778862
v -14.950134471717471 -10.664821819368381 -7.0419615956620909
v -15.00684347734515 1.2342623289543551 32.760816629480402
v -16.571373429823581 1.8756764960992154 31.483525019867731
v -15.156813638049821 0.7786631365772313 33.202907743408389
v -15.783149999999999 -12.843341786111226 -4.1463675657223611
v -15.36554463225791 -7.3673379830052887 -9.1526634373844402
v -15.87857999999996 2.0604485643382224 31.243489325839604
v -15.976828238779518 -20.528899166597871 19.309427983073633
v -14.624953170411541 -21.029344244658542 20.543574499630051
v -15.22045 -14.249923993415939 -2.4668225683811773
v -14.796079063947751 -12.246108969654435 -5.4318086900877738
v -14.16349699107481 -11.490609639833401 -6.615618357002095
v -15.28862 -21.213667976399154 18.196420152623798
v -13.63914808762769 -21.862512502461751 19.575245935999771
v -13.92755 2.2532793744151811 -10.458899362588525
v -13.8813595729588 0.83600229049052477 -11.030331099337218
v -13.770956703287389 4.5835770879604327 -9.285871976427746
v -13.97329583439539 6.9983741404917241 -7.8751435548017561
v -15.83674847743309 6.4235467784415921 -6.6164185267432671
v -15.61383442941875 16.735931496349821 -1.3303642710718702
v -15.859829999999999 16.224937345714082 -1.4810567851961203
v -14.946503056016089 16.408683477695039 -2.1491398970870108
v -14.922440841126051 15.289989356809901 -2.7531951401558601
v -15.866921953806081 14.965613303281822 -2.1311392512743872
v -13.88926 -1.7481960251953552 34.37894632511609
v -14.98690415187045 -2.4362911593991372 33.080734867367539
v -14.48921 -8.7642939333196175 -8.8725890945798653
v -13.60643 -9.9173411539376772 -8.4630350356023349
v -13.68483 -0.57328500607730304 -11.469248684868266
v -13.68483 -18.927092759777757 25.150276110905708
v -13.85904 -17.724487197836325 26.044670749579005
v -15.589533398974069 17.059460950226818 -0.91432249705963642
v -14.76199310846318 16.998360968891856 -1.9129891215874117
v -13.8812510156665 -0.80505646608165193 34.535525980823152
v -13.79481919352288 -1.2825537953733441 34.588180795121772
v -13.795731082135941 -13.252575343228536 -4.5503828094511292
v -15.76511 -14.931990613360083 -1.1059629671151345
v -14.106145 -15.099328064118135 -1.486214941776737
v -16.747449881691391 16.586456037133448 -0.0058149020161444298
v -15.84917579309063 17.139752578315665 -0.15008501454114942
v -14.59151455363528 17.580922691213839 -1.0004707163120816
v -14.732885213913191 17.344135581595978 -1.4823054389126149
v -12.76256181870993 -2.8064892396004519 -10.217200327037538
v -13.27564128374296 -4.5353628451164276 -8.7335275218922455
v -14.3455815545195 17.71724199717243 -0.62175316904951927
v -13.299890033093471 0.090535144622097385 34.472063437571883
v -13.38167132751029 -0.34651919938106246 34.683436267447995
v -13.584312146361929 -19.977635132390333 23.988539176144897
v -14.48921 -21.748763853165645 17.034030641802449
v -13.18939157103036 0.46884287928605095 34.163906530203541
v -13.25790743415941 -14.153235785706116 -3.3460733422275784
v -13.684585 1.086147771862922 33.187414668601136
v -12.841862646373711 -21.700097756517589 21.601318306071306
v -13.032299999999999 -20.968606016505387 23.034699728662474
v -12.896631625651681 -12.337981619861814 -6.1691466091617215
v -12.65462 -10.953214928248903 -7.9175494516551375
v -11.48728040612705 0.16916569345413357 34.893345819049721
v -11.573537576667711 0.62451567797176255 34.108463212621331
v -13.426894873466869 2.5136889841973433 30.339183853307251
v -11.815472062061319 1.3822868542560331 32.596557849339433
v -11.59516 -13.097050396469951 -5.4811601696237489
v -11.649229999999999 -9.1731059850163685 -5.9007635678728363
v -13.01901057834325 -22.342467467439228 18.254182609659306
v -13.60643 -22.110705739354525 15.865171011426742
v -12.16622401111079 -22.682216275606763 17.321506307961251
v -11.47484 -14.392385965264154 -2.8967061088175594
v -12.79852 -15.824268383984791 -0.039813716752409078
v -11.745608980491101 5.3739782750606189 -10.236881074460857
v -11.75928 1.4268915925740542 -12.166168107403969
v -11.817410000000001 2.8199894418868738 -11.589599522810605
v -11.84510265982372 -14.741194900271264 28.978858334437135
v -13.77291066368981 -14.262239189984001 27.925617527094577
v -13.89140975881018 -16.217929077863435 26.924542678999618
v -11.50801106767741 -18.303210489299591 27.299880256749326
v -11.560695969225881 -17.047176702512466 28.049378557904586
v -14.0245095944779 16.567504431018346 -2.8374827605917172
v -13.7509920339954 17.301479307809327 -2.5890466702245458
v -13.01626482914463 16.921368895710401 -3.3560756919171588
v -13.913255006975859 14.286784772512471 -4.1210191116321653
v -12.726299588841149 15.922505430992222 -4.0734778805770979
v -11.78492 -2.3133467964829162 35.50653537694884
v -12.776577197952211 -3.3250903067197846 34.308050310161249
v -13.902192199774429 -4.3014139304126662 33.035419637511644
v -11.611470000000001 -0.016450481105098391 -12.580245158624585
v -11.730778123986081 -19.288912946351342 26.336613060765565
v -13.944739352141211 17.632536408494911 -1.9309784820439742
v -12.907663660624401 17.892136667618718 -2.5936530081227129
v -12.64501449874461 17.628563640553622 -3.1362605596575026
v -11.70078595575559 -1.3455766525945803 35.720089035106312
v -11.752789999999999 -1.8236500332040246 35.684746556045937
v -11.649229999999999 -11.855095975818042 -7.2449844162603476
v -13.437659987404439 17.960824710957866 -1.776847784463472
v -11.41537088940732 -0.87756632503492249 35.727628546734024
v -11.43907066839258 -22.874889996300194 19.202282174040313
v -11.8817714602254 -22.445359189940291 20.695575274836091
v -10.41959520016591 -2.6464509369499893 -11.175029719895818
v -11.37637 -20.559915714332174 25.229991301303698
v -12.736460621824 -22.27788598955577 14.808245839266107
v -11.52201503768908 -22.789734241226714 15.968809339851671
v -13.417215759915109 18.019334822079674 -1.1532399498955979
v -12.37514592595732 18.307707908993336 -1.8273079778540087
v -12.3709157949752 18.24621598785043 -2.357701265338255
v -11.272679651345509 -0.41344093909975238 35.530562410221577
v -12.09350011911679 18.317264373453668 -1.3538330158715333
v -13.0458360389785 17.999884474493712 -0.66998276961399306
v -14.11764857243576 17.664356001094983 -0.014340144899781748
v -10.66095 -22.28558864367924 22.867914801818827
v -11.0578 -21.498887698985776 24.092717960133832
v -12.22156872854138 -13.008230744518118 -0.18644641834679909
v -11.649229999999999 -22.294525678995026 13.583770030737341
v -10.6905 -23.182959344960114 18.004531847322784
v -9.6402762651765457 -23.366310519240621 20.12955468290027
v -10.1083594775438 -22.889385415792212 21.712714875137465
v -9.7487907035351551 5.2290350146097762 -11.377729809810781
v -9.5260779929665294 3.4819934488126978 -12.450150770981775
v -9.7536312788680668 -15.418461782777605 29.749609640510467
v -9.5934679999999997 -17.464079123472597 28.88118244005485
v -9.6446032601312908 7.6863488025632973 -10.150658386562327
v -12.11538069745278 9.2864197274757974 -7.9503258292840648
v -11.438638997489219 17.939964099769202 -3.7675092597056707
v -11.78492 17.444938745502103 -3.9152040809478095
v -10.598418881902999 17.406175839527467 -4.5683701217399495
v -10.673435344233789 16.594268475177895 -4.9521461147457586
v -11.69602179788561 15.033462158684346 -5.2213502938256013
v -9.6213821937804447 -12.459479353078583 31.364666561634305
v -11.85208380428911 -11.174330884190498 30.835943056295495
v -13.828861288497791 -11.704258953003787 29.222988393138294
v -9.5670929999999998 -2.7833580968577691 36.444302117199285
v -9.5134456963930951 -4.4297497757790554 35.606579575485327
v -11.80019601590141 -4.9722647239864832 34.108326992482702
v -9.4262770000000007 0.44664256263672131 -13.504208590389034
v -9.5462720000000001 1.8958812851041342 -13.1018965352614
v -9.4262770000000007 -19.947020328491782 27.185236016426479
v -9.5462720000000001 -18.757395459209608 28.105529738444275
v -11.756929406206069 18.149458474610682 -3.277361937926127
v -10.47126067910175 18.435319999176787 -3.8193257446420663
v -10.476204732298189 18.012712322962884 -4.26598111465524
v -9.5043885803840844 -1.8170003696131629 36.652546171081553
v -9.5410079999999997 -2.2923753623005871 36.619947525871844
v -11.401598337807631 18.460067408942255 -2.9597607327766546
v -10.451309999999999 -11.368609008578117 -8.2156234138313842
v -10.43799062299184 -8.6821928254317964 -6.8802337062344243
v -12.0474196470939 -6.809592826607445 -7.558169416782377
v -10.061249999999999 -12.38686267637754 -6.898127001497361
v -9.9545590615299453 -22.970742878123954 15.01447170044116
v -8.75542896020273 -1.276719925653881 -12.556355405522154
v -9.3691639999999996 -13.162795342017354 -5.3499858271669645
v -11.41917571083887 18.569035833280907 -2.3008615566045503
v -10.3944885835951 18.782905256550336 -2.8095643366965692
v -10.35612201311648 18.668566132342832 -3.4248213329577073
v -9.1844020000000004 -0.82094331400500997 36.394443192981036
v -9.2120142040402957 -1.3751481734339621 36.653253996196725
v -11.44203686851513 -9.9124300617492764 -0.69915857982007346
v -10.3381295313111 -11.681259015554618 -3.1949239974088428
v -9.3691639999999996 -8.6928120240145645 -3.1096177465211134
v -9.4331386855097712 -23.515049694623162 18.766801052844414
v -9.2354199999999995 -21.013635058024573 26.135252322865618
v -9.6934465996260002 -23.33639236254869 16.70633205814535
v -10.99397207065236 18.558587744267477 -1.811631190150349
v -10.024766994579609 18.775732850328449 -2.2313578390190347
v -9.1571158904091714 -0.40929966555199593 36.019045954102182
v -11.68170007575989 18.166005783383724 -0.89867565859162113
v -12.62203935024216 17.81890875674965 -0.20197223690095534
v -9.4624901533354162 0.16288358408060122 35.029511756641533
v -8.6546400000000006 -22.710774659496533 23.716246115842669
v -8.9771195658918188 -21.93430100195868 24.976264216560811
v -17.774758993522688 9.6461649846940372 -2.9358813325284991
v -19.233700338827688 6.8537648392069084 -2.5779030147125219
v -19.437894428353459 10.125820637284837 -0.5847509728530067
v -7.0178812640021526 -0.32921596215926241 36.011348974146799
v -6.5130889684585922 1.0079082388742413 33.343518217071136
v -9.476082826464852 1.2909134254939594 32.7788661520704
v -8.6124248774713141 -23.656173857351334 17.559218538692637
v -9.1305664762852512 -10.931123185068177 -9.0884953092336751
v -6.625 -12.219301066889875 -7.232445993817425
v -7.4000429366091804 -11.581155492268506 -8.5056743073508478
v -9.1527399999999997 -8.2550882795547604 -7.7323928722242989
v -10.814016016190511 -5.3663568802839157 -9.1526762105254278
v -8.2772099894122508 -23.280602313108393 22.411419483820062
v -7.3796966816493121 -23.975223466243545 19.55547615987367
v -7.8297632040568654 -23.744951850720366 20.970373909437249
v -7.3805593571846506 6.0135024235960008 -11.947583511582547
v -7.5525023128910371 3.6079124467472816 -13.18701531790208
v -7.3622180539778519 -16.236545145393809 30.31190021452349
v -7.392628645704205 -18.003153504346521 29.470649051428307
v -9.6663855961817688 17.565292104132816 -4.9825041734077651
v -9.5663995195612177 18.236695609606265 -4.6289306793211118
v -8.4464990582423418 17.996903735278071 -5.2624092517225982
v -9.6905990393491201 15.860649426736289 -5.8593638589078374
v -8.6252941027228864 17.063825276008224 -5.677295753081431
v -7.0183758251056281 -13.832978651595388 31.676359372179391
v -7.2571180000000002 -3.1536954213246893 37.183199299631781
v -7.2708411980970178 0.81113147241845651 -14.188988878422581
v -7.4097597107014153 2.2516011636133455 -13.780083526856419
v -7.1503069999999997 -20.31190907778657 27.913262199429592
v -7.241333 -19.126930731903659 28.842826666848929
v -9.4148402703266836 18.647665925525889 -4.2698332859402122
v -7.9650078224352967 18.646468306966732 -5.0154294701101705
v -7.4129205724642224 -2.1073593509907651 37.327325268650981
v -6.9213421966986326 -2.694146288161845 37.427788879191482
v -9.3882262867408439 18.904037472027863 -3.770529104437971
v -8.4689977065087323 18.970427703531982 -4.2514581556144986
v -7.6693112873969458 18.950223769972077 -4.8007946578520233
v -9.2354199999999995 -1.0328854463675854 -13.730347538542066
v -8.9533172524716136 -20.138777077171898 25.811911801216645
v -6.5937381520468454 -9.9785072694100627 -6.1238383825783309
v -6.56247630409369 -7.7377134719302481 -5.0152307713392332
v -6.2126640263648074 -9.0808797188541526 -2.3353449218124638
v -9.3146474558576617 19.021829977254523 -3.1958662570946732
v -8.339117099477475 19.132685844314896 -3.8418905137499113
v -7.1053876689912867 -1.6212704881274744 37.302578481384657
v -6.7459579513695767 -2.02400717893169 -14.485784084400759
v -8.9439739340301418 -2.6682564130761532 -13.762954532231714
v -7.0367133862116491 -0.61337966641583952 -14.426341291802935
v -8.0139802131878142 19.167203870415623 -3.0242132546822891
v -7.6755033085036857 19.282915853866854 -3.6426228914864147
v -8.9664191437748499 19.000403725712111 -2.6993078951005618
v -7.241692504414222 -0.69545760737486906 36.604379313038898
v -6.6838096180483744 -1.2082323694908244 37.167162476130073
v -7.7660289999999996 -10.564652922838352 -9.8196769274966833
v -7.7660289999999996 -7.8826629320366779 -8.475456079109172
v -6.8878752944289978 19.311484907606864 -3.2822936994099621
v -6.7447063766435864 18.9783280693065 -2.5110708361624692
v -8.1662580978698074 18.770692940700794 -2.0967971419794491
v -6.5649800000000003 -3.6515242852984753 -14.310778087137386
v -8.654638804032718 -3.9865441198707137 -13.64234480104
v -8.1170953616149841 -2.9165550500944399 -11.654442455740295
v -6.3045200000000001 -10.254926516425225 -10.437643181243935
v -4.7096787749488529 -10.986156155021185 -9.6928172302903342
v -6.2553108920758884 -4.9841853049362008 -14.002621926021224
v -7.8414989999999989 -6.7740181415162608 -12.843588174794004
v -8.2367619016115547 -5.5303302034724933 -13.287639511074197
v -7.3620842056525788 -4.8561267969534452 -10.587673699875317
v -7.363747 -8.0483230441311964 -12.192100738712892
v -6.3045200000000001 -7.5729365256235512 -9.0934223328564237
v -6.1666505934050013 -6.6534066635766109 -13.291272554801065
v -8.9517580364782283 -5.1119680459274059 -9.969016738543683
v -6.8486330000000004 -9.2149446996289157 -11.385746928327052
v -5.19503 -8.9498329831737689 -11.914697934279594
v -4.9553077186299959 -7.6689588571299199 -12.915607935139484
v -4.8907090000000002 3.9305040535737321 -13.805298733811497
v -5.117046584067884 2.4519552101525153 -14.3281036475076
v -5.0818500526973338 -18.062671647932589 30.122229345587343
v -5.1271192542001414 -19.413796101073462 29.276189715264412
v -4.8839835000000003 6.4133718142052221 -12.485170217766921
v -7.2085313617695244 10.020126965223508 -9.9197791616582904
v -4.8772580000000003 8.8962395748367076 -11.165041701722334
v -6.9607260420356596 18.758509210829889 -5.353388792819409
v -7.2571180000000002 18.285287370343877 -5.5918680036307471
v -5.9594355247097992 18.353450825207759 -5.9229059978322276
v -7.5323383557073793 16.798199351373732 -6.2570187062482745
v -6.149251522802416 17.080983484361198 -6.5334724180388406
v -5.1419664077636069 -16.01873409456492 31.065582175277026
v -4.8772580000000003 -3.4208055461077733 37.716137530703982
v -6.041857802908277 -4.9450639853601501 36.591492057982748
v -7.6483277617998482 -4.7273170981581352 36.203936189941501
v -6.4193868432234824 19.149686942302424 -5.0847422580572683
v -5.8437446318394741 18.870037617682094 -5.6172550570672222
v -5.2227060625444137 -2.3801417763261234 37.839228380186356
v -4.8639599999999996 -2.9280887666561699 37.888323172288409
v -7.3285227606087133 19.229094568464227 -4.4478284541351769
v -4.7436991404343933 -0.51866625148742063 -14.949019234304519
v -4.8054730000000001 1.0747073503649811 -14.757323713757938
v -4.8054730000000001 -20.575085116220038 28.438351139795383
v -6.9559934014429281 19.406172265985262 -3.9627061499993044
v -6.2123527486662899 19.403677031507577 -4.6130610752580434
v -4.6299471053283154 -1.9079079158975669 37.853815055115732
v -4.5880580000000002 -1.0422890230273363 37.281986581060409
v -4.9743819459934402 -1.3923633430220139 37.543133186350985
v -5.976087391693599 19.449475516830663 -3.5837340465517489
v -4.5139131515462161 -3.3071478198021662 -14.786281767604649
v -4.2944528810155962 -1.9919414352007916 -14.995441401863324
v -3.9181042499999998 19.474225315908978 -3.5004852269966644
v -5.1272105494180709 19.548322328324378 -3.7840081037218347
v -5.3714262423788011 19.198183498236617 -2.9497264785900565
v -3.5066642330528222 19.707958515941851 -4.2096798844748804
v -1.163691479878505 19.289649913100419 -3.1326815670276424
v -2.0830876982816271 19.741761228882616 -4.1482205220208463
v -2.8592970615806519 18.586261473830678 -1.7288194032560238
v -5.3201520556754041 18.654514135162731 -1.8649971412800479
v -4.9959141520468453 -9.6819542273111328 -6.7155211344157237
v -3.4293520000000002 -7.1562116646892244 -6.1754434168463597
v -2.2005956361885328 -8.5711734223721532 -3.3523111346584855
v -3.4870022188486178 -11.636894751738685 -8.3944633138797613
v -3.8586102270079605 -10.005859465246068 -11.00748505756313
v -4.1674137133991236 -6.3207136964294159 -13.819079422558293
v -4.0684975409615856 -4.7738172819818541 -14.47006477203071
v -2.1983054999999978 -10.72052170535477 -10.222811193761476
v -3.5596049286846121 -8.8143821838136986 -12.233901624994473
v -3.4762639906449349 -7.5610941201309174 -13.191529144315428
v -2.4571909999999999 4.0922451867878769 -14.128004709471391
v -2.967946532476768 7.5592659592297924 -12.182346090024026
v -2.7898814601843678 -18.242920592987577 30.435127261076012
v -4.7319067109476656 19.022427380134868 -5.8175314305651433
v -4.8772580000000003 18.552393014390798 -6.1247972947363145
v -3.5412994261100041 19.097533913974083 -5.9801093061014505
v -2.5356444858744371 18.303605680822923 -6.6464257806187312
v -3.5441219792650349 17.386350890949352 -6.9564819818585697
v -4.7244743718858979 15.831572219370154 -7.5705520975243772
v -2.4504320000000002 -16.88681431396973 31.093268022895085
v -4.9376833058611957 -13.126065116144986 32.633189619248569
v -2.4504320000000002 -3.5821030864419519 38.03795844966691
v -2.3452514880901001 -6.0552310539512222 36.752882558129983
v -4.5577737567880776 -6.5777188376090772 36.121766782660373
v -2.597575700990447 2.6459910092475138 -14.681389896808227
v -2.253716962924655 -19.545407306645835 29.712167239770817
v -5.1569235324919998 19.286377542013167 -5.3733516371549612
v -3.745006548331677 19.41059182589844 -5.5637846097396206
v -2.7892829236349139 -2.544359359294341 38.199227865353279
v -2.1298058125832422 -3.0913809110882786 38.223379250147978
v -4.9118308496824676 19.547666475828649 -4.9154113815442102
v -2.3654790000000001 -0.26182692552402509 -15.268763817165816
v -2.4143599999999998 1.2336345812698357 -15.074415390370419
v -2.4143599999999998 -20.734012347124892 28.755442816407861
v -1.870759392627193 -9.7591554047160649 -11.436976978344148
v -5.4551308788590669 19.565263159923937 -4.3514931713229252
v -4.1402279042462382 19.697399400493385 -4.543762648816136
v -3.74956746720824 19.640994909749015 -5.0351893766136442
v -3.7064126434674316 -1.5169162752990584 37.742632615707478
v -3.2522471833313058 -1.9167050853429517 37.995883609211873
v -2.52291387001774 19.799817161408402 -4.6909719002789192
v -2.8506566177712891 -1.1011727255215589 37.428636366612992
v -4.0725383820010759 -0.62815499764719751 36.607792260977462
v -2.2992400000000002 -1.7691892537097988 -15.27198451062511
v -2.4563208667894401 -3.4333149533682534 -15.011486938517795
v -2.2473259013275948 -4.8550807046750597 -14.640114372870006
v -2.059821042959264 -7.4063418524019111 -13.417587042472373
v -2.0084499999999998 -6.1193377809899294 -14.149806699980783
v -1.7998459958736528 -8.6129739429620873 -12.545319307216278
v -1.6446155951509569 -9.5255955159181696 -7.6258089651631593
v 0.11523418902688831 -6.9607130130252708 -6.5655024072324366
v -3.357701001041776 -9.635057175153829 -7.4283991522460688
v 0 -11.423898706482017 -8.8194331111745896
v -0.050369676931675267 -10.611981007867788 -10.417574564251918
v 0 4.1463366337269916 -14.235927986701252
v 0.38965795922840363 6.8016709458826012 -12.778557289446869
v -1.508097975995718 6.8153943139104651 -12.709423320026389
v 0.011933706610189554 -18.115914291460204 30.676999712407955
v -2.4122181292230702 19.043282724730258 -6.2255587157915855
v -1.23253941086257 18.75021537734801 -6.4676203215285639
v -2.3382459012243428 17.538524687953895 -7.0662495270828174
v -1.17867685478355 17.352797070793208 -7.2274438318733907
v -0.012233177559337283 -16.174699144690774 31.600079838309366
v -2.7172987883747819 -13.015769763125112 33.069198516504215
v 0 -3.6360466690877433 38.145586707997779
v -0.20717868537272138 -5.6558965736702715 37.079800699904197
v 0.14584930949066199 2.7289862354691312 -14.796862911110182
v -0.12591403382822403 -19.552380484236608 29.829864937758909
v -2.267809708803517 19.518575929793883 -5.7115430792972646
v -1.232017829200184 19.238206826988861 -6.131658773759959
v -1.24958378138208 -2.6099565671966585 38.298114635504135
v -0.34487561723232646 -3.0920332268684221 38.304558969682859
v -2.8187061602517649 19.688494802503868 -5.235336550854008
v -1.4266339804434509 19.750123457385708 -5.2714732642644648
v -0.97342566653003781 19.569496306270434 -5.7221498424506869
v -1.9280766687247657 -2.0374689427681054 38.156644219142869
v 0 -0.20975629059365322 -15.372655169442837
v 0.011828275368635621 1.3172840990107701 -15.171904959008497
v 0 -20.787158358733976 28.861479760677526
v -2.529009329558876 -1.481359244434326 37.818447895123001
v -1.2891382231968169 -1.608447013140704 37.968720291961674
v -0.725031567676097 -2.121221659437079 38.229087853993924
v -1.1479649922255271 19.833789571068049 -4.7094924883904383
v -1.322557973889692 -1.1610480512428651 37.547291632131994
v -1.2681415070119231 19.739963574921784 -4.127082368721279
v -1.22539803642013 -0.70637604840661228 36.763572003473811
v -2.745592010253505 -0.63690266230537274 36.625245605109313
v 0 -3.2151767557034057 -15.181378858051517
v 0 -1.7185793387680093 -15.372961433778791
v 0.087555744461616403 -1.1525808331243845 37.548912459943971
v 0.93099975081187503 -0.64916669498209023 36.649318206189776
v -0.30541256736383787 -0.17883264699730372 35.710298023389264
v -2.951633277156716 0.03869463565200526 35.276232064125431
v 0 -4.6752708050714826 -14.800996700872791
v 0 -7.4254057913105465 -13.476843220080166
v 0 -6.0751263572864653 -14.238017350778247
v 0 -8.5923276108777493 -12.612672483007003
v 0 -9.6738867379664502 -11.577126167501348
v 2.4571909999999999 4.0922451867878769 -14.128004709471391
v 2.642599689404626 2.6797653745536971 -14.665902393654651
v 2.6404993698007049 8.5423621028513708 -11.723981367682118
v -2.0538665746555629 10.537727174758949 -10.736228699965654
v 0.35247802831957908 10.465536124847324 -10.868181309084051
v 2.4143599999999998 1.2336345812698357 -15.074415390370419
v 0.030905758400025463 18.104115997289973 -6.8988721145204401
v -0.054294448523038386 19.107256250271536 -6.3209441918954212
v 1.2797136180590021 19.018076107137485 -6.3092713305061281
v 0.13186575735069189 16.167179804751655 -7.9043050990248709
v 1.2839538431022499 17.692590092067785 -7.0442480857662169
v -0.064682492430642669 19.550872677605842 -5.8416751909673508
v 1.248665357071836 19.441955695319166 -5.8951176293341874
v 0 -0.83431111752625098 -13.911062288193449
v 0 19.769465155528149 -5.3968886325847016
v 0.82174406779274367 19.725599204500753 -5.4139333122365478
v 0.044665658508029726 19.863614040793788 -4.8348346594014409
v -0.45443367200240398 19.766618836946698 -4.1880415806739499
v 0.91100598747046591 19.780885039509755 -4.2381298121151527
v 1.1762045000000001 19.842117117716914 -4.8325034978743595
v 0.30331262263164621 19.528894493151576 -3.6097388827907775
v 1.305230042301361 19.447862558748913 -3.4481485124833089
v 2.0365927355470421 19.742466872468835 -4.1493458078483627
v 0.18565875033126361 19.015125022986332 -2.5854063006651451
v 1.726209992217355 18.917079974607812 -2.3898787545975484
v 2.1824137656458191 19.462526179274036 -3.4773566591427567
v 0 -4.538926709741018 -11.693995418524633
v 0 -7.0110298073167643 -10.214538848844704
v 1.3063627430203679 -9.7217763791913399 -11.501384554821861
v 1.614780366818922 -7.0465749935662556 -10.143618928030879
v 2.1983055 -10.72052170535477 -10.222811193761476
v 3.4293520000000002 -7.1562116646892244 -6.1754434168463597
v 1.211478362034206 -8.5620610098336982 -3.3704922239114232
v 1.785641722776836 -9.5350649240376359 -7.6097872760007057
v 0 -9.1889070474806225 -7.6992490708516641
v 3.4293520000000002 -11.626194982692015 -8.4158114974922107
v 2.0084499999999998 -24.393720005495329 22.311248247203359
v 0 -24.051206168941153 23.857877524040227
v 0 -24.437931429198795 22.39945889800083
v 2.270004143695648 -23.348786889057457 25.295778479477434
v 0 -23.55158809156061 25.084747240384949
v 2.3719253594507439 -23.990750663925766 23.719815913526922
v 0 -22.841241430578286 26.389692931175382
v 2.2283358692030482 -22.703982426560781 26.447963911961939
v 0 -21.816177070405306 27.798806835568783
v -0.14478924580434011 -1.5755853093090035 37.968729838276047
v 1.3000578356198911 -1.5596436924768486 37.926203759126565
v 1.1194362481231219 -1.1374944339240471 37.514851159848163
v 2.4143599999999998 -20.734012347124892 28.755442816407861
v 2.723441338707846 -21.719111515287814 27.669605097337641
v 0.51064182818859805 -2.0980256642150699 38.233138064926919
v -0.06056569155026309 -2.6175907409971551 38.350857062881211
v 0.80059391614536046 -2.609641342281499 38.318566872419453
v 2.0478718532368592 -2.0366212711206577 38.152251189801476
v 1.581267441979787 -2.5977369379954998 38.283903567781351
v 2.1889691453003759 -19.560044447768718 29.706975331275935
v 1.070337376774896 -3.1353172196621588 38.263996320654158
v 2.3739839330335659 -16.189206983950594 31.461635911957369
v 2.2490765101119909 -14.331239866291581 32.438364711495154
v -0.35632990772647616 -12.834190414166276 33.32466542450527
v 2.4571909999999999 -18.265033115984295 30.479246176074028
v 1.009386455847382 -4.8917954915914024 37.434187698732501
v 1.428661598278085 -3.8794916950171991 37.939349005267765
v 3.094621573022192 -9.8269259403171034 -11.291590107120221
v 4.7356280104469866 -11.000158428241857 -9.6648798889885938
v 3.980644074634907 -24.261651942945893 22.053517760327153
v 4.218121 -23.86505846585645 23.486475550114008
v 4.5938903452853763 -22.544531341848259 26.146546180325135
v 4.412102 -23.287427480510132 24.866784062030042
v 2.2640834956058029 -1.110810640165236 37.462384356448609
v 3.661311513280074 -1.0401291305703897 37.310533605305686
v 3.5286742652972638 -0.55906092572709587 36.469935740201322
v 4.9328309347538566 -0.91826315760458632 37.077825914975449
v 3.5541163723658942 0.29845060546775104 34.759028379688047
v 2.2532220054648482 -0.35016522010017948 36.053122608727591
v 5.2891860381067826 -0.31737272497960445 35.987719342444066
v 2.2025763459697711 -0.68387437872965151 36.718655091952627
v 4.7081790000000003 -21.628983516527082 27.36299582092154
v 3.6397417456534131 -1.522242085287373 37.7634911622781
v 4.4263488629379042 -1.4117455847345051 37.616076614813743
v 2.9439215491307289 -1.5484252324713026 37.845915416579025
v 3.0646974196618189 19.69061248147656 -5.1041521478610079
v 1.840092969973792 19.733601791175769 -5.2919246985459409
v 2.3639216014315179 19.806947187619311 -4.6664952694798867
v 3.0364278186335691 19.672541565466314 -3.9968080964838162
v 3.6031226355453558 19.725710864400536 -4.517103437826588
v 2.1642616152132481 -1.5380974776494507 37.886064204485024
v 4.7967631542020079 -20.491173032777429 28.507264623276768
v 2.657935575947405 19.472675021835016 -5.7291682074790415
v 2.046596721190773 19.43677643273416 -5.8457710780853631
v 2.4241709999999999 -2.5686275931005502 38.247647855446992
v 2.764932891396275 -2.1221730385940618 38.118939771355492
v 4.8054699999999997 1.0747073503649811 -14.757323713757938
v 4.2031671962498276 -1.2959858578698249 -13.380109420488278
v 1.945655692947833 -2.7351514127404761 -12.71366328467801
v 3.5694856255314131 18.930957804916904 -6.1000830494435299
v 2.3895277906059258 19.032375529927624 -6.2342842080814762
v 3.801433941230655 19.478204830877619 -5.4074298293888461
v 3.7797956237882131 19.227208158639886 -5.7791966305489417
v 2.1243615790120818 -3.1167539728726954 38.216093497241566
v 3.3626488357268141 -2.8651524852024153 38.098570003013883
v 3.084015164603902 -2.5161568124197129 38.158444276165213
v 2.425578249836907 18.165094753093861 -6.7343583943719416
v 2.4504320000000002 -3.5821030864419519 38.03795844966691
v 4.7095674135776058 2.5947619063421521 -14.370758823510361
v 4.8666499999999999 -19.393458360985772 29.37460270225845
v 3.7380573061885771 17.333485992372744 -6.9516292504779464
v 2.5501482179942698 15.683257761579446 -8.0117481767260443
v 4.7387733788349893 -16.077475997587491 31.132875230597069
v 4.8772579999999941 -14.165509704888969 32.107699825149325
v 2.3089067772334162 -4.8913537159922926 37.362408225879619
v 3.5487611488724009 -4.6686525949665816 37.287056647940901
v 3.6571959999999999 -3.2550959265490618 37.963140810977663
v 4.8907090000000002 3.9305040535737321 -13.805298733811497
v 4.9405325095845827 7.4900638140421725 -11.881150338822156
v 5.1452039323937253 -17.975118266147891 30.143729484848873
v 4.6133208322265453 -9.9919141731656822 -10.962405516931231
v 3.2140200000000001 -7.1528719912386149 -9.9315352650153095
v 4.7822909999999998 -7.3288887498626369 -9.5803465556531009
v 3.7378225291349332 -4.317461167416706 -11.596890022863434
v 4.88841042085543 -9.7309923421983733 -6.7899086200422758
v 6.625 -7.7493177488870844 -4.992077913171574
v 4.192560522807586 -8.5606150873156128 -3.3733771291155268
v 6.625 -12.219301066889875 -7.232445993817425
v 6.3295956284792467 -23.682595070444254 22.764762858788735
v 5.8856539514700206 -24.034431818432179 21.685400382065687
v 6.5649800000000003 -23.045794821540152 24.38467848125017
v 6.3045200000000001 -10.254926516425225 -10.437643181243935
v 7.2604571139221141 -11.422429236099472 -8.7805122848314987
v 6.809361 -22.287389725705243 25.665937528871545
v 4.7261921160965814 18.924500285065179 -2.4036736188559313
v 5.2918190804720719 18.545770927491077 -1.6480326485087158
v 5.6179544940914852 19.128477515270927 -2.81064907264353
v 6.5516572839754819 18.952926832012132 -2.460390277042146
v 4.5636558705803214 19.270505070446056 -3.0940225092738789
v 5.6884917058839104 19.451306620295636 -3.5613577669020025
v 6.4384857722362074 19.378057232730342 -3.4245515779985176
v 6.8947887609949774 -21.401039935640579 26.849366278205633
v 4.5880580000000002 19.628018999435479 -3.959420505828728
v 4.6937169694508167 19.660084017640717 -4.46931098156678
v 5.4350258807715361 19.563928442551408 -4.1459465409916323
v 3.2875202558588912 19.348062243326645 -3.2487646125749361
v 5.8669193505808854 19.460999379789417 -4.5859931851044049
v 4.6992407999270362 19.563501476077768 -4.9859498144453731
v 4.6495164453792466 -1.9866460769143899 37.866992776032355
v 5.0904488874515561 -1.4287897528044065 37.544944112713623
v 4.0152230145938903 -2.0373577300965482 37.952795130861965
v 4.6298319448883651 19.327509437025757 -5.4840613269180807
v 5.6408567109244174 19.329417220896765 -5.061649375303336
v 3.9535561259226251 19.62383247537149 -5.0273723845991611
v 3.892049576218636 -2.5031143026156131 38.050783533074508
v 5.0909930719744887 -2.4359051259718432 37.866201750424999
v 5.6493054454286016 -1.7995883907706527 37.63769589393231
v 6.3045200000000001 -7.5729365256235512 -9.0934223328564237
v 7.1517297960670536 -5.3965202991190875 -10.290455678114689
v 6.0121439274160631 -3.288621042434039 -11.87728261892034
v 7.242729894601859 2.3200907154510917 -13.816955895914244
v 7.1503110000000003 0.81153131193151162 -14.23223477339215
v 6.920317853036746 -19.123000484018217 28.939148867280498
v 7.1503110000000003 -20.31190907778657 27.913262199429592
v 5.9266114691601439 19.043192145733794 -5.3860046967626829
v 4.7984202152447573 18.996246093061 -5.8340247323439378
v 4.8639599999999996 -2.9280887666561699 37.888323172288409
v 6.1301488487849971 -2.831244843712887 37.589279783975172
v 6.1676254170316076 -2.2187938171023998 37.620411543385657
v 6.0572945000000002 18.635614521588209 -5.7132136986770909
v 4.8772580000000003 18.102563203860434 -6.3595959856243454
v 4.9008222834535209 -3.7529469707359739 37.53611149110931
v 6.1134874291536683 -3.4628535972861427 37.344927860281857
v 6.0524915937197186 17.224093501290877 -6.4861092864712049
v 5.1047844877345874 16.121756934010218 -7.329241833774617
v 7.3244696334995689 -15.83470889342088 30.536881645216582
v 6.9938565474335492 -13.820568248016473 31.689764489066505
v 7.2771299999999997 3.6626590880601979 -13.270894348210991
v 7.2602663503533948 6.7861168397145795 -11.592845688414165
v 7.2771299999999997 -17.835442536520453 29.622126874846995
v 7.8414989999999998 -23.739039644968997 21.005029722016587
v 8.6534884869221962 -22.710959273308312 23.71661445739603
v 8.2741389999999999 -23.313753169307283 22.386510995186519
v 6.8486289999999999 -9.2149446996289157 -11.385746928327052
v 7.3637499999999996 -8.0483230441311964 -12.192100738712892
v 7.8414989999999998 -6.7740181415162608 -12.843588174794004
v 7.9629896277229424 -10.462363642708508 -9.877211860554322
v 7.9970800000000004 -10.456056545452219 -5.1710318701692692
v 9.3691600000000008 -8.6928120240145645 -3.1096177465211134
v 6.9235499206016451 -9.5481982995302435 -1.4029506970149548
v 9.5159000000000002 -12.165388849397214 -7.3400116723818449
v 9.3691600000000008 -13.162795342017354 -5.3499858271669645
v 7.3146714598997402 -0.2000232277157451 35.753583577130783
v 6.4161707297532997 -0.75114430810396804 36.744711512772561
v 7.771871382173388 -0.58192252903083463 36.391991750053286
v 8.9998090000000008 -0.44263658329782929 36.085559786130418
v 9.4016876642505114 0.18382155329595629 34.987736311832251
v 8.4023095886378094 0.81738937152819136 33.723641539733421
v 5.9122543698704906 0.69659896873443261 33.964642601178326
v 9.2258579677808417 -21.047883266776449 26.092264181862951
v 8.9767268787915633 -21.939587851116507 24.972586618071276
v 8.0874588495622373 19.184843518312455 -3.1650077711769296
v 7.2988767199375264 19.344804712386221 -3.7793708678743805
v 7.2183961896317266 19.273624354600081 -3.2191845900604523
v 7.6629175619461414 18.948075456768208 -2.4507108111556928
v 7.1465978810156532 -1.0583559066322517 36.965741562289281
v 5.9174513882973363 -1.2260727378834977 37.278536229787655
v 5.6745008322535782 -0.83470373285427812 36.911268713874009
v 9.19355643019294 -8.6176088369946555 -11.258701204108871
v 8.4344436091161228 -9.645500253780078 -10.616028020849104
v 7.0549139725244254 19.315544731675466 -4.3881759833347989
v 6.2778799848429783 19.476142925153813 -4.0399794055221445
v 8.1246554662688872 19.119608629842659 -4.1528412925516989
v 8.2416358376234076 19.182192575770909 -3.6652734268455465
v 7.2289484757769769 -1.5595133727986989 37.241218638060246
v 8.7117510309181458 -0.88265853093423075 36.532948221398456
v 9.5062791206239634 -11.102125141683512 -8.7779765667702812
v 8.0943414225677888 18.884459925176717 -4.6619701302132874
v 6.8274215528790272 19.117170779293588 -4.9649811459412376
v 7.2318378938606038 -2.1363915785260241 37.385250380996652
v 8.3105866674961764 -1.9567848558004322 37.038704686372967
v 9.0140112517065791 -1.3292871849586212 36.699350734234109
v 9.5462679999999995 1.8958812851041342 -13.1018965352614
v 9.4262809999999995 0.44664256263672131 -13.504208590389034
v 8.2492338088254371 -2.5771068660476009 -11.84113970865846
v 9.5462679999999995 -18.757395459209608 28.105529738444275
v 9.4262809999999995 -19.947020328491782 27.185236016426479
v 7.2373310000000002 18.718836028785624 -5.3016301026178709
v 7.1062355877133134 -2.6898477894942143 37.381602539261976
v 8.247063946312652 -2.5055545068191387 37.031915901020142
v 7.1712246390672458 17.855146868138167 -5.8406557605621394
v 8.3845331698464669 17.82349606268167 -5.3779294362441341
v 8.24770166258687 18.466538785604122 -5.0406683704302786
v 7.2571180000000002 -3.1536954213246893 37.183199299631781
v 8.3399848634081657 16.808375220679128 -5.9257723349994542
v 7.0493706988722407 16.124863147866325 -6.7782417115358768
v 9.3318320494739329 -15.947620637022812 29.667851421427248
v 9.6638481823099607 -13.220060111890897 30.945008043529004
v 6.141763494160613 -4.5686379435168991 36.759750481618937
v 7.004235516395136 -5.7026104712672021 35.924181117112497
v 8.4121035000000006 -2.9685267590912292 36.813750708415526
v 8.2447347553570545 -4.0223138016225359 36.331245771284159
v 9.5934720000000002 3.2912956750123397 -12.52994991341885
v 9.5256139655186285 -17.529273198220295 28.869484313964239
v 9.6593090000000004 -7.1592539137194757 -12.074965603296789
v 9.9999298052286782 -9.7922192884636274 -10.026227420758037
v 8.2741389999999999 -5.4127238047053545 -13.329630172019087
v 8.6546400000000006 -3.9865444473420948 -13.642345721729885
v 10.19225 -5.8192117085215767 -12.518605338767294
v 8.966547770619945 -2.5654168001715814 -13.772363222186033
v 10.829201765923781 -2.9441762369795264 -12.987589594027373
v 10.981751865875991 -4.3648261859697683 -12.649038200607883
v 9.1050999349668551 18.627337448858039 -1.8107742055624723
v 8.7052655780009438 19.016425608288458 -2.690560584427276
v 9.4587143581178221 18.906683147427419 -2.5011868116625973
v 8.5564163830670026 18.207545564038 -0.97320526392785389
v 10.115654321371309 18.486039617274077 -1.5288567137420213
v 10.091520488553151 18.797979681737051 -2.3104923735447809
v 9.2517231562842923 -1.0363404473341125 -13.723454119189473
v 11.32054332810841 -1.6273765929852622 -12.842453714524151
v 9.1843990000000009 19.049432323790878 -3.2509384702819286
v 10.278093562135981 -0.58689540221074843 35.929891767502831
v 11.08614 -0.00049546184620774536 35.203399638355933
v 11.494685382593101 -7.7318428757130366 -11.027042362764927
v 10.842742509066779 -8.7549162346766423 -10.59912811569631
v 11.649229999999999 -11.855095975818042 -7.2449844162603476
v 11.150533530384299 -10.47395691638787 -8.9794186576185133
v 9.91675022906146 18.816739988100046 -3.4817065972362293
v 9.2106898190184872 18.947401547221872 -3.8012043280193506
v 9.7547304829494195 18.921369713424482 -3.0599630320635036
v 10.315338501527849 -1.0512483471278924 36.172488813443209
v 9.2287478943465651 18.735826121545024 -4.2590069778852637
v 10.34033530381339 18.497949623253341 -3.8312812287431726
v 9.5833407564170354 -1.8084115158097731 36.618876243622097
v 10.497135184599021 -12.132115226760163 -3.1891008264892804
v 11.47484 -9.9224026472613645 -0.65633802817170839
v 11.10088 -12.852693449913909 -5.9687012501183112
v 11.47484 -14.392385965264154 -2.8967061088175594
v 11.442290824836361 1.4940691116274367 -12.300200721110404
v 11.886244735990751 -0.11722598451658905 -12.435100608990066
v 11.42128945361917 -18.354342214501052 27.316242632254085
v 11.611470000000001 -19.48392728474996 26.261272584662031
v 9.3505364962565771 18.38081924383868 -4.6247242949886207
v 9.4370118099755409 -2.3195801671263716 36.64965633459498
v 11.535807360221931 -1.8938509947679485 35.768463432735871
v 11.33136262467786 -1.382816907504707 35.881717886745228
v 10.524127783180869 17.665223550163308 -4.4727833870923845
v 9.5670889999999993 17.914945565140794 -4.8529618812316144
v 10.90731356671091 18.075588956476739 -3.9675605032874515
v 9.5670889999999993 -2.7833580968577691 36.444302117199285
v 10.83458411206048 16.272057434387307 -5.0343664554989296
v 9.6555887383161085 16.644770578647826 -5.4687483702536106
v 11.817410000000001 -16.99277289034713 27.940832049446605
v 11.78492 -15.618058024010699 28.561844950177019
v 11.78492 -2.3133467964829162 35.50653537694884
v 10.72539600344974 -3.6365160085449406 35.381078757112562
v 9.3620955783633359 -5.3462008418889297 35.189294463397445
v 11.817410000000001 2.8199894418868738 -11.589599522810605
v 11.63005931429702 4.9412379578845496 -10.524398745766838
v 9.5636310774078055 7.6016500308564137 -10.23761172714056
v 12.015820473013321 -9.285502356507866 -9.7236800646834531
v 11.84719007533019 -6.3648234479701129 -11.582082383634877
v 12.833414763951261 -13.795623277324198 -4.0412550821144819
v 12.734959999999999 -12.391856802787657 -6.1740389930333315
v 13.032299999999999 -3.4899532461476195 -11.838715483600069
v 12.85279597657221 -5.0726241300201806 -11.562378569122533
v 11.07465425797692 0.54925711497529728 34.258619128534079
v 12.93333526203206 0.58017323494954132 34.083708301730361
v 12.245671538730241 1.0004472634056696 33.358404358401501
v 11.113328838331061 1.5019584411058182 32.357789049927128
v 11.968379049735949 -0.19385696695233695 35.143280254851376
v 11.304751561383339 18.600075965619734 -2.3543824792304644
v 11.49209884629701 18.415504947538693 -2.981041917795034
v 10.509443090457941 18.671937411386008 -3.2835095068321873
v 12.27861327543706 18.271005060545221 -2.4071604333971575
v 10.2764467367812 18.803894452561007 -2.8875591801510279
v 10.916503831928351 18.568960682100474 -1.8049533880705368
v 11.820046272065399 18.374633484466258 -1.4586652097063038
v 12.59891993191639 18.245434768759242 -1.6005958315123063
v 11.54864487650036 -0.80685309270758898 35.656990018023208
v 12.536295000000001 -0.541604325939264 35.127765569229325
v 13.21391938062632 0.15291074527778792 34.464114030741179
v 13.56381 -0.26564922797379031 34.57717984401765
v 12.65462 -10.953214928248903 -7.9175494516551375
v 13.92649106327068 -0.72697303474669916 -11.312976023955681
v 13.426977001543669 -2.1501396426134369 -11.713492070407348
v 13.83157898984433 -6.961476793889398 -10.296703576004617
v 12.99925 -8.1592108413626239 -10.079851129072694
v 14.106145 -15.099328064118133 -1.4862149417767387
v 12.79852 -15.824268383984791 -0.039813716752409078
v 12.476832281566271 17.94587944109281 -2.9048871599889132
v 11.474955507254609 18.216088030674122 -3.4030555669143574
v 12.587394738567459 -1.0915281651110949 35.238319534286724
v 13.85904 0.86297302373084783 -11.041037546396122
v 13.85904 -17.724487197836325 26.044670749579005
v 13.68483 -18.927092759777757 25.150276110905708
v 11.649229999999999 -9.1731059850163685 -5.9007635678728363
v 12.70020270601052 -9.6926835768676618 -4.8641021424369697
v 13.60643 -9.9173411539376772 -8.4630350356023349
v 14.17410287567732 -7.6840376905616301 -5.7240902743409734
v 13.462098752500321 -8.2705107546555023 -7.4761998804743399
v 13.619815776659021 -6.7040976971978754 -6.8675287962189309
v 12.729245853768139 -21.729560408423236 12.429034857765384
v 12.65462 -22.29361313579378 14.708817726644009
v 11.649229999999999 -22.294525678995026 13.583770030737341
v 11.976737849515191 17.774889787821863 -3.5419546366581987
v 12.76235504225936 -1.5112561923054555 35.144408139152631
v 11.78492 17.444938745502103 -3.9152040809478095
v 12.841608125139899 16.956601317601017 -3.4557572807581582
v 13.607329951738331 17.354014771382769 -2.6561337090158279
v 14.03290767340048 2.2039524515762285 -10.394480738106388
v 13.88270170421506 -16.461715087932792 26.819368776568894
v 13.872259145952921 4.1033932301835323 -9.4680318646458907
v 14.041752122661791 6.7653197610831208 -7.9395281314842059
v 12.052383964825969 7.7603183962651068 -8.7894956531186672
v 12.953094821843971 15.704367641506257 -4.0340209820973758
v 11.91229831825064 15.943095237431093 -4.6130140943590074
v 11.861459999382379 -10.664531684989717 31.095705582738542
v 13.63226712392107 -12.177373693922402 29.108937776764702
v 12.0680125473865 -4.0058557687628991 34.43171556060944
v 12.83709 -2.0307714108391366 34.942740851032468
v 14.48921 -8.7642939333196175 -8.8725890945798653
v 13.67713020461672 -12.96107253600527 -5.0383395274821332
v 14.54615976056466 -13.611117716238782 -3.7413691159262523
v 15.22045 -14.249923993415939 -2.4668225683811773
v 14.89413762907308 -4.1790064885291045 -10.583043027322908
v 14.451138102380281 -5.5622267782609427 -10.505833753820454
v 14.13971767192761 -21.581316215705414 13.497564530498325
v 14.87457 -21.483765616402753 14.614299819683476
v 13.60643 -22.110705739354525 15.865171011426742
v 13.68398543381606 -10.283224158147792 -3.6858553312411573
v 16.338770865947598 -7.3509349942486173 -4.6553778616460235
v 14.183394483173659 -20.813086376312128 10.628001723362933
v 14.80060640063426 -21.055334498718516 12.119738676647854
v 13.6344905016564 1.2758514325270194 32.808917846646722
v 14.17083012111387 0.93331826014456964 33.355457670415674
v 15.12094855161984 1.3102123177274212 32.621335989911493
v 14.93006770570719 1.6930691068534971 31.976484970849967
v 13.76172059423596 2.0160180850697094 31.332137036390751
v 14.159593237784611 17.677437743127335 -0.058504710785973302
v 13.567227024049309 17.965279826523165 -1.0245906765893977
v 12.95025624782186 18.040814370680106 -0.76007105529750341
v 11.824571571979609 18.007651638534913 -0.57437682136617418
v 13.42076343283779 17.964265402496391 -1.7951533412175191
v 14.4544867164189 17.625304817184194 -1.1188590416802757
v 14.531202288075701 17.655779216153249 -0.49618073759551429
v 14.41749771021624 0.56065113660784938 33.665466064948141
v 15.202909152682251 -2.4737539168373708 -10.537987757078859
v 14.70316272336496 17.324098745169238 -1.5429928051239283
v 13.587117280446421 17.700539690115892 -2.2413989340660514
v 13.51889010688752 -0.8138601137310949 34.746535057279431
v 14.795340021004931 -0.39747716131274813 33.898301216428699
v 14.62741059396323 0.087799612290487605 33.871978572227832
v 15.83963 -21.081152088077825 15.70201137290416
v 14.48921 -21.748763853165645 17.034030641802449
v 15.74542663732921 0.15523472236861247 -9.8072155916033168
v 15.701063788822649 -1.1480978926114882 -10.102503082445079
v 15.95543256919702 -16.995479596358461 24.650256494404722
v 15.6264 -18.281880194760234 23.862947735220814
v 14.529210000000001 -10.913069931905321 -2.4291867838125167
v 17.133821481821869 -8.5180592438649771 -2.9225273526310147
v 15.791661284699179 -20.439929882496781 11.126144168550582
v 15.22045 -19.899701694059672 8.8056162288281374
v 15.99169 -6.1832074274707072 -9.2595628382946913
v 15.32006562918872 -7.4533452904835462 -9.1448989813450652
v 13.96725911789625 -1.2215356756567455 34.483407741671101
v 15.03294189946447 -0.9327015249230951 33.756455374242776
v 16.149986910460189 -20.742074882278651 13.436907082727117
v 14.69466109344944 17.058080715202571 -1.916929098543843
v 13.88926 16.87978797421454 -2.787615029115063
v 13.88926 -1.7481960251953552 34.37894632511609
v 15.722568293691721 -15.139658875098029 -0.75912991781169303
v 15.861603513766021 1.5478593840164239 -9.2003735993096996
v 15.859830000000001 2.9202261181863007 -8.4257472119679413
v 14.04617619069284 15.213071049804205 -3.5263354366761366
v 14.919307828448179 16.300220222699558 -2.2285033835456964
v 13.51655586151163 -4.0893224104088377 33.408899795680298
v 14.59041105332841 -2.681663816418808 33.305192606315053
v 14.79704821893813 -1.6901634116616879 33.649877357907222
v 14.70137645216464 -6.5896354382785525 -8.0199606381371069
v 16.743922855819111 -20.490874536186734 16.754302382770565
v 15.28862 -21.213667976399154 18.196420152623798
v 15.22045 -11.567934002614265 -1.122601719993666
v 17.064830000000001 -3.3769556847303703 -9.0534576327155669
v 16.586980000000001 -4.7970915220642789 -9.2307126566779765
v 15.02138927105435 0.86895581770076247 33.157606313649723
v 15.69332624373696 1.0658064512037519 32.700518447956497
v 15.85167750833592 1.6109671104664227 32.022896842760758
v 16.625989803383529 -13.492609202771044 -2.7384794069955305
v 17.79142238276652 -12.702919866572506 -2.882667531376006
v 18.931059999999999 -11.74295649585043 -2.9295603219891291
v 18.51826600812802 -8.924369423033756 -1.3256118930906808
v 16.585926010040559 -19.67631031340439 9.5502337425817991
v 15.225440000000001 17.427020490093412 -0.013901710917211929
v 15.325606138783771 17.337134164494035 -0.55942926675341198
v 15.45032744095834 0.40356621388456482 33.300230826940805
v 15.99169 -20.514111679367925 19.333463232407482
v 17.417490000000001 -1.9458733951019496 -8.7306597652940425
v 16.012302182221969 16.882072074717009 -0.60580894225005721
v 16.025840019568928 0.067607648317354774 33.049808562558852
v 16.319714471278221 0.69847628440580267 32.632083753919026
v 15.54732833668208 -0.22347194911806056 33.430552133319381
v 17.639209999999999 -0.5270902363228388 -8.2675827569414722
v 17.417490000000001 -17.554504370753108 22.411687191331481
v 17.58035332013301 -16.358326166224959 23.318905696165167
v 15.816599999999999 16.664100366565926 -1.2020206623781533
v 16.668479898038161 16.289785359770111 -0.53288510150320434
v 16.013301041661741 -0.5668720062587288 33.086023469913528
v 16.624620707200311 0.20227845999272853 32.58103179486455
v 17.325394421710939 -14.215339859568852 -1.1934688249168666
v 17.04832496060817 -20.015678022627174 11.723752246394701
v 17.777650000000001 -19.313520160533884 10.284225191540846
v 15.792507820397439 15.79931619256123 -1.759533900346069
v 16.76414222023163 15.631288879426831 -0.86648869730963796
v 15.859830000000001 -1.0933453966948967 33.072388081197147
v 16.649477106233121 -0.95461076180595061 32.337589272321573
v 16.9267719893232 -0.2492259755986643 32.330005234763149
v 17.037510000000001 -20.357445986986797 14.258072661689722
v 17.650592660573579 2.7979699814601098 -6.6589485289033021
v 17.677669999999999 5.2498445572182586 -5.3514580724225453
v 15.75025145830354 7.5028039452912605 -6.1254305361841581
v 15.78893083160429 14.464355985516478 -2.4593382541189168
v 16.726300499873151 14.795327005119315 -1.3415214437389089
v 15.91967846818682 -13.892926205763171 26.330181808236617
v 16.10483156538443 -15.69356878217819 25.33306539094977
v 17.677669999999999 -12.986096266135222 25.006420201492528
v 16.064986593680811 -11.303653514085939 27.533169567492937
v 15.73499647461596 -2.3080727283115263 32.542756719171223
v 16.74771474338959 -1.8357138575196084 31.777254745405983
v 17.726410000000001 0.85634266509007551 -7.6717306643142464
v 17.726410000000001 -15.029130594286494 24.022972130916884
v 17.34865870535215 -19.801021646802081 18.122112312533499
v 16.586980000000001 -19.661463259852564 20.426687961773752
v 18.071300000000001 -19.584612646549751 12.716115262281452
v 17.0341259420954 2.6668956498637817 30.033505850816521
v 18.305329720769851 2.7663904498302236 29.710779789493891
v 17.96308596730146 3.2776834084530639 28.814861863107435
v 19.043250630127329 3.1262604990791991 28.961995170466057
v 17.842950674946 3.9937487575529307 27.386167983415344
v 16.528466550334759 3.5706692194976757 28.23029645214006
v 18.677994185317729 3.6039992504768943 28.163796360591412
v 15.59295140532357 -4.2318946203938275 -7.83554497658427
v 18.340690080448049 -18.76539995375683 18.665897590243929
v 17.064830000000001 -18.669560338925624 21.458353477072485
v 18.179505240304731 -19.586076053619109 15.093702352352372
v 18.6268252517511 -19.050458882161745 16.615454251538576
v 18.931059999999999 -18.770099946413982 11.090999187221721
v 16.451084559485551 1.3234706446939017 32.138919606746924
v 17.0298351054563 1.0400579382915001 32.025311998369702
v 17.58579112397419 1.7702948635282647 31.168637523356168
v 16.584232553882298 1.8807118524686532 31.473037250094258
v 18.96439443686662 -19.002870121780457 13.663745994392556
v 18.65531 -17.883271795869835 19.889550251852953
v 18.65428223373296 -13.616329689620096 -0.88177212633650015
v 17.47780407928321 0.66207950034909502 31.870708412356791
v 17.75342979964298 1.2930531158675254 31.397419620288076
v 18.161237146942419 0.90910219290889815 31.218430953920794
v 18.35604292308869 1.6243365468083981 30.789431567912917
v 19.080808792039239 -1.1851656693578332 -6.8261155018920014
v 19.04083 -2.7484090874785845 -7.1294402210523522
v 19.094786274010801 -15.562800338737215 21.870012089679143
v 19.04083 -16.751968678376475 20.810467647089798
v 17.879436163341129 0.25283238999558089 31.541747969334914
v 17.400660048177478 16.023102360996393 0.084904596993919057
v 17.677669999999999 15.486691255779659 -0.0081078822478417578
v 17.677669999999999 -0.3551037874966364 31.599448118215509
v 18.496781156081141 -0.080626621253432562 30.723394804133974
v 18.75816954703939 0.70403807872156954 30.673516944988002
v 19.274204951263719 2.3480516507907518 -4.8793556973080214
v 17.60789879935793 13.250911323969584 -1.2464468646913609
v 19.1275318712153 -12.142069432412695 23.642733769303998
v 17.902673722719118 -10.101724151328861 26.231982121179499
v 17.937292620886119 -2.3293432701194368 30.245868836125528
v 18.44937303417899 -0.88728415288832618 30.36133780923177
v 19.378550000000001 0.039576154665177332 -6.0421177860366022
v 19.378550000000001 -14.212359603125437 22.393350312672609
v 19.799375308422189 -12.711931470033633 -0.83078581622114989
v 19.6984594950919 -18.310029029758375 14.935876621365475
v 20.130774793868959 -16.997228104144202 18.050351063502561
v 19.50422 -18.068709418806687 17.248824841572755
v 18.29415181990792 2.2374446385788982 30.357365854646329
v 19.193359685418152 2.6718899000732153 29.416524967832895
v 17.292290152732068 2.2895812194957319 30.679303336538286
v 18.950680681386071 2.0197446303615232 30.115345421932016
v 20.545161693535029 -15.809825379468046 19.006440732827755
v 18.958284101105399 1.3505590943969343 30.428084961030955
v 19.822001097885568 1.772611207836496 29.433750899127581
v 19.693258667509149 2.3209061482496867 29.317475592675525
v 19.975549999999998 -10.655811520331994 -2.8686194005568453
v 19.8917242131519 -18.126797494540025 11.858524683027685
v 20.741520000000001 -2.220889158542005 -4.8881144491319155
v 20.480799999999999 -3.6183798590826588 -5.393674178938781
v 18.111933259888801 -5.4490622352370393 -5.250872327029537
v 17.28784858457421 -4.6058420388159576 -6.5559240871589139
v 20.741520000000001 -14.640629496299635 19.891756592281435
v 20.89414 -17.226577186809941 12.774173057706978
v 19.57847311490427 1.0974002672189243 29.791547486813883
v 19.32526 0.45942235484761451 29.974305223255872
v 19.992161745310199 0.63437857546933285 29.051428404266368
v 20.246188281124631 1.4717473267034626 28.979341156893696
v 20.844059999999999 -0.84582179154222414 -4.2755714387952626
v 20.776752283339551 1.0023677313824373 -3.310845416934491
v 19.976503793089439 4.1947917306709446 -2.8614826010130301
v 19.001391449804419 4.5139228217446083 -4.0883251908092362
v 19.122500755336731 -10.016342808305987 24.758564986311796
v 20.564310142145182 -9.0812322122079543 23.110047125918314
v 19.554059587126119 -1.3309138995853094 28.691849515096884
v 20.516693004054421 -17.329818398213423 15.64446420057866
v 19.79771975786127 3.1843645926499118 28.518259361899105
v 19.505894404835399 3.560583300002035 28.145375338672437
v 20.40659470433808 3.6508173015849161 27.601758744489715
v 19.299278451073128 4.1434772605995907 27.087429612417324
v 19.87537264342718 3.8715557927339868 27.535258751352064
v 20.758917966599839 -11.597003714355694 -0.92259321384050885
v 21.092206430283309 -12.509499433614117 0.65020382089989681
v 20.115263228164881 2.7418193576231116 28.696688841853739
v 20.75595874379572 3.1739893578176868 27.802844291573571
v 20.89414 -9.4707455046176197 -2.7002655116208842
v 21.723520000000001 -14.952979994034827 17.221124682533375
v 21.43267737796528 -15.990737141374884 16.046083007655611
v 20.358497702260049 5.0160390976441036 25.34649387546893
v 20.548889379154861 4.3093843764718054 26.642179466138529
v 21.25325889740942 4.8110425866592443 25.603416940622211
v 19.761772886257969 4.5395997086832187 26.297085940715931
v 21.71664608111908 5.4638724478210436 24.345003935011043
v 21.143675431490891 5.9932880599115732 23.396686343122802
v 19.627094351719361 5.5976921330945455 24.185979499376035
v 18.652050476602781 4.7205749039401042 25.93600415653993
v 21.235364746802361 14.116484381918909 4.9764099737837295
v 20.606350398323059 14.578023251383764 4.0082912567689082
v 20.264058663472198 14.922035865903066 4.2242967313065467
v 20.639760459743741 14.642905875046063 4.9295086805612733
v 20.454851233169499 2.3497742653917788 28.6053516429224
v 21.874392978745838 -3.0789516793432807 -3.1992150399407766
v 21.723520000000001 -4.5473977718202363 -3.5400972564959297
v 19.491418915657349 -6.3404088066714097 -3.3789380269964973
v 22.000070000000001 -13.699782440096248 18.01457815791953
v 20.490839999999999 -15.256530788594027 4.080724555217178
v 21.400877144666691 -13.511454456162172 2.5982124954724632
v 21.621379999999998 -14.363240382357716 4.528444193189606
v 21.291625602826262 13.769616097495531 4.4424844019431884
v 20.609688779348041 14.316603938824072 3.5156368427117783
v 20.796359924941289 1.982257417220783 28.287927671361256
v 21.238359539751631 2.872792463185371 27.484569913079714
v 21.67193 -16.25154686859484 13.623221372340694
v 21.731118503205479 -10.566769348364451 -0.51347828678714613
v 20.786740000000002 1.3423827805832733 28.212622217864521
v 21.402112074883739 2.2133382572188647 27.384156569949997
v 21.64788619106886 13.759884572417949 7.1472079065582781
v 20.977111449049861 14.307911995791216 6.2406024396666728
v 20.650595423321541 14.233179250332542 6.8399327520433522
v 21.362529302496771 13.799553781000066 7.4940808588644447
v 20.994969999999999 13.778938922445496 7.7867095038531824
v 21.091453197518931 4.0978004022873282 26.661181672217701
v 22.108830000000001 -1.7913198518810307 -2.3891133190651832
v 22.048030000000001 -0.4584057731932894 -1.6846994695874731
v 22.071138860275951 2.6168602413606155 -0.024388422717640523
v 21.00291672304515 3.4159628341069737 -1.629034786276204
v 21.388169740664729 0.84492791958247337 26.821220464589636
v 21.46337090970875 1.6268635304829067 27.087858915151415
v 20.582512440893719 -0.29135045375668472 27.670440358202804
v 22.290209678826329 -9.2140912556393815 -0.70866480758168571
v 21.67193 -8.2070074652483918 -2.4272469612415808
v 21.123797473505679 14.291601472454744 5.5325472459039151
v 20.425777192643729 14.705636488348922 5.4737367292808834
v 21.6308290814274 13.880069557493441 6.4135755798341272
v 21.559800390197498 3.7920934452101838 26.571979038707099
v 21.709881105345591 4.5266667074107145 25.691840778336026
v 22.238662072324821 -11.526465220232879 1.4157821773353589
v 22.233754487731151 -15.270579780744542 14.3751985391788
v 22.765720792523329 -13.935928280485372 15.290601639906786
v 22.50676 -12.355407599367927 3.0552134889064178
v 21.903432190933849 13.594421111775647 5.9874939748093743
v 21.786615825586441 3.2856627622262629 26.663904858509362
v 22.289182221819789 3.7369502795669236 25.730848768116864
v 22.00475489199561 4.1270535712624747 25.818098673657538
v 22.615659999999998 -13.348661448770713 5.0369539786622797
v 22.969547570959929 -9.961448532836684 1.2582948104146006
v 22.277958483671181 -6.9239027246014819 -2.0649365741959098
v 20.857533935182989 -7.049187236134995 -1.4696148288582478
v 21.11981920534382 -14.678537244713452 14.15581367915091
v 23.04674 -4.1533226791656288 -1.032522292218637
v 22.75704 -5.5265228609023049 -1.5865464751559539
v 23.04674 -12.708191046866233 16.036154601404856
v 21.40615756388609 13.541098180580672 8.2132706754359557
v 21.98298736489707 13.388860856860639 8.0714485785974279
v 21.879970159969371 13.07262565277766 9.1349082766632712
v 22.27589090696458 5.12766548609543 24.525776462955065
v 22.533133280615171 5.5181424172540092 23.783885474867308
v 22.130714221722162 5.8730998644909276 23.506307243590371
v 21.914265984584841 13.289743257160334 5.3586719281071513
v 22.603400941770929 12.643890663598569 6.6192667322319148
v 22.399423893856131 13.122339824467392 6.9187467980340234
v 22.06654326157545 13.479911822437757 7.1520307702029715
v 22.104746609153061 2.8801091010288795 26.311562358381018
v 22.048030000000001 12.846305454334491 5.2599909571843506
v 21.505592655670711 12.960740546928355 4.2989881007586179
v 22.048030000000001 2.2852820139485313 26.331349278783321
v 22.535820151537791 2.5011988867924515 25.280818951074359
v 22.654476814856981 3.2766055083999919 25.254978332993005
v 22.108830000000001 -12.381463596579227 18.740345845701192
v 23.160679999999999 -2.7878122743242666 -0.40091122704404825
v 22.59150729074576 12.0113313586568 6.1201818276735498
v 22.558443167977291 10.981962694445608 5.5040322783567541
v 22.008929754963201 0.4021997356369128 25.422009658534346
v 22.52620615752706 1.3936707555475607 24.725646456614115
v 23.160679999999999 -11.384969829915145 16.752141071690069
v 23.09986856426006 -9.7578965858011344 17.534614533636098
v 22.38323924146292 13.013013726175426 8.6686521817634929
v 22.549522463908701 13.019211970637375 7.9940772696650964
v 22.379966196016461 4.4961070531464093 25.095193255822018
v 22.933530782957039 5.0564391167882237 23.888116519864553
v 23.344570000000001 -11.199050402104055 3.5424783397175945
v 23.094139999999999 -7.8842626114585324 -0.060476994558474217
v 23.482521285737789 -6.7386751807575012 0.33337092855715511
v 22.18971335405023 12.553518039169166 10.202477100359364
v 22.867493386704911 12.347870085705997 10.131697133839111
v 22.509963539933612 12.747186978624029 9.3816895449219473
v 22.530200689196519 12.228566739702295 10.817278419659502
v 22.4573513530536 6.297425788954599 22.660075863386606
v 22.842186036586021 5.8224433848644432 23.127328306993444
v 23.188156203229919 6.34030763503279 22.073348897203978
v 23.457529999999998 -12.22927928630982 5.5979914341537738
v 22.806708882844429 12.725357902805499 7.6568365223345012
v 23.110306469437571 12.364228624556143 8.6262683743910014
v 22.73654978196797 12.758901947822414 8.6736265229651561
v 22.849440000000001 4.2189797349428932 24.705010916627032
v 22.581086444351079 3.943044842096981 25.219066226662875
v 22.546529163508922 -10.946907472900488 6.2668213514912372
v 23.871469999999999 -11.675407349958231 13.975544143612058
v 23.571400000000001 -12.954051004556785 13.23286073875178
v 23.126749916534191 12.189238070938028 7.7373498088335602
v 22.9763861311326 3.6025782927174914 24.650031184817777
v 23.306749341934129 4.1891534530469015 23.833475944204295
v 23.35582607370759 4.8531193272024709 23.439775340753155
v 23.112129098293678 11.951154145404415 10.926857047019656
v 23.328393256314339 12.00369637501063 10.191825166821774
v 23.179417724698059 12.226610176035669 9.6762155702953887
v 22.94502232772869 12.463308815976115 9.3554361769751679
v 23.325062941915611 5.6958412116423212 22.756684715887978
v 23.676550524858101 -8.8212188425372702 1.9609990604202689
v 24.017109999999999 -9.9633515227884661 4.0877220583445935
v 23.464108833002491 11.244514345034105 8.082580279826491
v 23.096990000000002 11.852554346274733 7.242723577617574
v 23.444375084387531 11.800916237834846 8.5733688756452118
v 23.08736695957203 2.994817290216226 24.223200641517632
v 23.5124592488921 3.6613625347064884 23.238523757143049
v 22.93232911559755 11.367989587070539 12.558369483677213
v 22.593537718911389 11.155995459135376 13.038695333600051
v 23.21288838628017 11.116630891408048 12.949222740696914
v 23.525814155502371 11.287902317626855 12.157259562584439
v 23.19972386500109 11.663204130124111 11.583832605309462
v 22.589675297424439 11.90317639467273 11.503815885725565
v 23.555098787280031 10.207221794343351 7.8279620332620254
v 23.98948 -10.347083470666663 14.681349779892185
v 24.01786519060223 -8.2069823295615727 15.322997788638233
v 23.15628128130275 2.0070454290725084 23.494071395577592
v 23.51893721552203 2.5753768209578194 22.651249306343111
v 23.652360294119401 11.45818532484012 11.229840874546587
v 23.69095312171196 11.610577538920232 10.057929986246549
v 23.454122804264049 11.937241049392178 9.4146731946645517
v 23.749877283064809 5.3909965926241616 22.366602399066355
v 23.6419857934292 6.0763187964024832 21.832428655212507
v 23.35965887133305 10.124590303948489 15.020353058204677
v 23.890762025993439 9.9441212564937587 14.933564285145755
v 23.390827697712201 10.366700830644325 14.51876532213506
v 23.72772133623689 10.437655639432268 14.001659895817243
v 23.107436353138169 10.822629187449703 13.649186085286756
v 22.628784197855659 10.594522324774607 14.216301841201386
v 24.133320000000001 -11.023259907179396 6.2024517037843472
v 24.05507181701304 8.5940290879929844 17.431127705426061
v 24.127952955758211 9.0143323281702514 16.54985678915709
v 23.520389925644679 9.240687381369332 16.757862416336529
v 23.985446061076669 9.4705706477608143 15.815413938365516
v 23.462389962822339 8.7503424414495914 17.739961544560629
v 23.328490044953899 9.8824797772526551 15.521940794274293
v 24.108918185812509 10.411764182971579 13.31536741394423
v 23.95305267049082 10.940240176270787 12.219184685508894
v 23.642113646837849 10.86194798259856 13.097952784884427
v 24.08918818219205 -7.4589168959651211 2.2926367644570682
v 24.46423010624904 -10.620026685113721 11.847786205812374
v 24.158750000000001 -11.903394995322239 11.136591436037948
v 21.564493133555128 -13.247305532635471 10.137818171128645
v 20.7024453503372 -14.385079649646105 12.043228673027972
v 23.940590991110099 11.183249445560753 10.73860622471032
v 23.83043376363279 11.312313881647126 9.5147901934115318
v 23.831389216937009 4.7438841531196383 22.564243723790614
v 24.15298742441114 5.1240970819737868 21.451930316800961
v 24.130090871415639 6.0711302349269927 21.009599475587052
v 24.45750699058334 -8.6230701026215453 4.4510544167215773
v 23.92351 10.817517287151219 9.3078299446316191
v 24.195085258533322 10.179383099828419 10.197583462997995
v 24.22391563409759 10.589316003449914 10.822208430626041
v 23.92351 4.31407421379435 22.28350224536608
v 24.587240000000001 -9.2777880470747576 12.547891109969234
v 24.345159345701909 9.459899860732623 15.172760293279117
v 24.214753218324631 9.949031878048304 14.339019383072657
v 23.812651441920771 7.8322950055548679 19.124423176456176
v 24.282545102965049 7.6011225272806495 18.80264584901477
v 23.982190678267859 8.1737258478157191 18.312398621695031
v 24.43874615199994 8.1919019693246646 17.458930743510429
v 23.96522982536813 8.1207334948049663 8.0880384889633561
v 24.304327845052779 9.0468375719605181 10.098320716138867
v 24.56435480465559 -6.9717638848383228 13.368352543727715
v 24.407182783230169 10.115396347471055 12.969540796680233
v 24.18873015714767 10.743229223849811 11.682199466554628
v 23.983734758673901 6.5746166356277103 20.745282157914566
v 24.44392327159494 6.7271407820490898 19.560194771498622
v 24.166484859967941 7.1010187105187903 19.697279492755996
v 24.499738942072518 8.7688260739149424 16.288801193950373
v 24.63205 -9.7501907782789274 6.840517494624609
v 24.47051228997621 -6.2628961021992344 3.1764994710015628
v 24.513439999999999 -10.832001691059618 8.9989470737360193
v 24.510372056646009 10.02211585032358 12.122124956906587
v 24.394526528766551 5.744925798781626 20.58392093623883
v 24.59273262091542 9.5588556447995323 14.113633845766257
v 24.622647595779231 7.4619478255142306 18.234639645540923
v 24.759921559006571 8.3693570096703187 16.259540685836281
v 24.642347175956171 8.9730354654496178 15.331191420648334
v 24.699625000000001 9.2074655641546741 12.520205806030912
v 24.519629999999999 9.7511648110700513 11.435416844468042
v 24.665818273294441 9.5392018787288801 12.992074688949289
v 24.519629999999999 5.3804266898755166 20.155915345529657
v 24.64723417391734 6.2871313121808114 19.244813020478578
v 24.825489999999999 -7.3351745286233854 5.3159098294050358
v 24.587240000000001 -4.8949958494591153 3.8033423106634379
v 24.948219999999999 -5.9853910596345417 5.9788992834753394
v 24.825489999999999 -9.5263396454820928 9.6877233737778479
v 24.948219999999999 -8.1873910446048672 10.372330561170676
v 24.94768762495206 -8.3598838738960612 7.4823794827708081
v 24.589022419973649 8.2494285052574927 11.179173452394913
v 24.882821971553241 -5.9447936537168218 11.433793218374872
v 24.86043021474585 -4.0606108410993249 12.636706209363302
v 24.690264462333271 5.5532962984857956 18.9487419532838
v 24.675175335601601 4.4497367534906127 18.48744352474575
v 24.882375570732801 -3.4227392910262058 7.3594276603304385
v 24.826136309272378 8.9306654934564875 14.275796716320299
v 24.827732111739191 6.9952304898582058 18.000170264961653
v 24.711006666076631 7.792411503222195 17.348180052656645
v 24.92805292321189 7.9040264630672832 16.180302880647353
v 24.89100805978013 8.407696823156618 15.223046535744288
v 24.89081537643354 7.5986944840318733 16.82605613816666
v 24.94178824169526 7.7674496103919326 14.564453176915144
v 24.879619999999999 8.6637663172392969 13.604994767593784
v 24.879619999999999 6.4678202548964938 17.986347256367214
v 24.9488310608786 7.028168524156392 16.689825071812308
v 25.068940000000001 -7.0863936195815249 8.1756200449238907
v 24.9834043956633 -5.3794414651055922 9.4196317882335485
v 24.991391194148569 -2.351285591159094 10.421580480491579
v 24.941400379099569 6.7368882344781378 14.017623851847905
v 24.8516479308648 6.6730432446645604 12.353206049117398
v 24.89479312897333 5.0840153628491551 16.915681416063972
v 24.947646996533159 6.2984231155687036 16.336102989892364
v 25 7.5657941822151278 15.795669223987172
v 24.983289237570268 5.6944059286936577 15.202516825098439
v -20.832651588479099 -3.7423564959898958 25.472134861494879
v -20.55769096307888 -7.9829663814165217 23.693377642214671
v -19.307624592358309 -6.0348864100372666 26.606402034052394
v -17.793963652719079 -4.3994527595519131 29.343691288986228
v -17.786336533562039 -6.9666043827321147 28.013200689761938
v 0.90882602749804087 1.889330787556414 31.580939291569791
v 4.5864251652518071 2.091754846604359 31.181027018557501
v 8.461984380174389 2.1445082479580728 31.075773410431182
v 7.2694333923867234 3.5898324824381262 28.192061902022019
v -9.3960832034117612 -9.5252093886708984 32.994248884173217
v -7.2272749873079949 -6.8451096791759616 35.264814692057115
v -9.4317644673700212 -6.7130524433852985 34.447719861414825
v -7.3808730479321429 -10.330060249570156 33.387393174662108
v -11.487939124099309 -8.1402814079353689 32.623461465360393
v 16.10210637766961 -8.1959965647123916 29.117334753918094
v 15.85982999999999 -5.9339729200641633 30.545714706163132
v 14.06493165364347 -8.212298155413075 30.857915736650604
v -10.737732954335719 2.3465482303961593 30.672663154188168
v -8.4510646798049152 2.9359928218237812 29.496603062397856
v -11.44616270763637 3.567651598016603 28.236317211762984
v -9.4956357941049134 4.862615951326358 25.652603800244385
v -1.653687287826858 0.81263751902754844 33.730853657682168
v 1.2524378057496459 0.31647720093834197 34.721318161315253
v -3.0350797238982752 2.0554239456201735 31.253514447177043
v 15.560200250557211 -6.1305755778192799 -6.2492326949053947
v -4.1429244072385192 0.8333289817053352 33.691838822937541
v 2.839258457360113 -9.0746139925053146 35.105968429034277
v 0.099695405895012967 -9.2166881064965303 35.227122182358492
v 2.0477210202239831 -11.775665418613418 33.78346140009522
v 2.1673815544668309 -6.2006043455426312 36.686858002092336
v 3.797416929064525 -11.742890740205558 33.552899744968869
v 5.032154580899884 -8.9408679825901451 34.791056306784895
v 4.8084973581539314 -5.7366803207752115 36.518818918116992
v -2.4504320000000002 13.297652387430395 -9.2736512720808157
v -2.436695628086706 16.090123170445885 -7.8168200440748343
v 10.643958567554821 3.9295662592029945 27.51422493057969
v 12.4611617100648 2.6650303136382778 30.037227570422552
v -2.660093139233584 -8.9906700281079797 35.179759635328992
v 24.555945045534369 6.0287028632418229 9.7685136694306145
v 24.88479711321963 3.3358077396298973 10.942804240049714
v 24.980760485762001 4.5071966517164599 13.757449187554354
v -24.884613028311961 2.8833655705798362 16.000726941356941
v -24.998021561170841 1.2759926055091877 12.467144624506776
v -24.841643458129411 3.2137202972430372 10.471463501553149
v -24.47721552761147 6.0490166212512007 9.3120153588339374
v -3.5677172474891772 -9.861930699515371 -0.77699168324154932
v 8.5088090480804013 4.976105360619747 25.426169684040943
v -0.89643134306040628 18.336825126574006 -1.2328898522735336
v 1.869688925949756 17.990239795138418 -0.54197143825710903
v -5.0679290074625536 -9.7542825854591477 34.35636937852329
v 13.88926 10.436872592968816 -6.1506382472411012
v 9.6220948763416132 10.554651367977636 -8.665488862610438
v 11.746753625220499 11.482852784001537 -7.0476072898523903
v -15.94963452812188 9.2778855386752337 -5.0154222687670575
v -6.1832330590799769 2.3464294497579088 30.672900145366569
v -4.6204560622641342 3.3928210834987054 28.585139126395674
v -4.8417175981861256 11.910371220743597 -9.5976946994502086
v -3.5795872193547149 10.092822120775434 -10.757568224380538
v -5.3587728532714349 4.7622736703991695 25.852806760512223
v -2.949433443284061 4.2158796158149485 26.939799573592577
v -9.6468687339815666 10.067032521047823 -8.90679897767318
v -7.3303997950146647 13.145284584772645 -8.2452333407044058
v 0 13.120178230001835 -9.5020618965674117
v 2.678669691427717 12.224282068515452 -9.7957350529917946
v 3.6647760785936532 -9.9496010266466968 -0.60207181041069724
v 1.812088749295427 -4.8145988446546655 -11.473302171271307
v 4.5041556490107739 17.86597563847268 -0.29170480764198992
v 3.4408844721226739 18.747297477641336 -2.0501185044394159
v -0.013286747144880207 -9.9854303926542336 -0.53058504458329736
v 20.655317586270119 6.15771140738602 -0.80457319646088798
v 5.3187589431923126 -11.771469517755277 33.232588797568695
v 4.8338582154682657 13.623053116600875 -8.7050371588362871
v 7.1235559935884103 13.593347323772555 -8.0786641820776737
v 4.9253040545429361 10.564820979465498 -10.280514635305206
v 7.3988574746841227 9.7306238634558273 -9.9999646728138636
v 9.4714285102886269 15.260818509639526 -6.2769474721778558
v 9.6067323063557701 13.118858451090867 -7.3352389189673985
v 7.6317034766102703 -11.374222958974235 32.741145542808084
v 6.9561126918726766 -8.3226517767550696 34.570187935198277
v 9.4646453163380535 -8.9213113632421432 33.281797758041108
v -14.06902732173792 11.536695032645746 -5.4261869421288118
v -13.71101647203113 -8.3663433414561847 31.044953606291674
v 24.897231437759419 3.2114562721530882 15.882276642891121
v 24.993373618093091 0.91030794712671337 12.169555984759358
v -20.786740000000002 -1.4422811901724781 26.759104821750604
v -15.58210472805307 -5.7231891834342461 30.888053798082705
v 14.09973412301173 13.100278453976847 -4.5843536536279288
v 11.982685250951819 14.209116819953566 -5.4705195785252876
v 15.792271533018621 12.744198084774965 -3.3544185116750604
v 15.72136523885179 10.420594272204118 -4.6265880532672234
v -8.3287902949138406 15.975587778614448 -6.3649827336761788
v -6.8905272627117924 15.443974498477163 -7.1785226902754324
v -9.6818564831101259 13.810213936607584 -6.9342980138221435
v 19.087190271622141 6.2546379791458353 -3.072950482994063
v 23.234139388293229 0.77096615980997607 22.607139840992946
v 17.534042157402901 8.0476641361013854 -4.0378978462612913
v 11.785168827066069 -8.3697297294694391 32.339682145216948
v 11.77247587359604 -6.2837776632904703 33.440718775825935
v -10.36945699338218 18.338761668158604 -1.2350076889576425
v -9.7633539127909348 17.883206797474323 -0.32608442318489672
v -7.5003991887106816 18.201314415999079 -0.96077287479206497
v -9.1759127556818889 18.606759977352311 -1.769718025932038
v 6.6217857093345813 18.190501383570012 -0.93919870803237337
v -15.777325049323061 13.646660241190645 -2.8958609442740713
v -11.730428984039779 12.426737064204019 -6.5636341940416187
v 10.731692866577911 18.250255896074837 -1.0584209360133041
v 9.9975954093113018 17.786591000094543 -0.13331654442693086
v -15.863479788722469 11.462272889932937 -3.9556416065205582
v 3.403346205901673 -2.0637177786571206 38.031119304392561
v 17.58159259574963 -4.6122513073355806 29.475549974939327
v 16.217389540416029 -3.3684509274566099 31.519331871486703
v 15.11948469287325 -3.9649967828843038 32.192760875762829
v 17.449765620331959 11.029859985955689 -2.5674262514031039
v 19.225100179460679 9.9570819100866998 -0.96875973254716286
v 15.706020723152569 2.1363035245922992 31.092143477872629
v 15.234110163389881 2.7008385372239552 29.965782987963966
v -6.1877212299939242 19.489213049559606 -4.0960221633700833
v -0.73586022501817738 0.43124642128122526 13.523135107696049
v -1.1141392311832261 0.75753543053802208 13.387329309400238
v -0.79999920000000002 1.2626065926696342 13.910099484163922
v -0.3754369974158876 0.80158504768609673 13.863512881848289
v 1.0975255292159001 0.56518464921561296 10.716041833482331
v 0.94876236460795016 -0.0088012839176017654 10.300668698052776
v 1.3275929041742081 0.34604480188548536 10.921294432639137
v 0.7917430958619941 1.2137064280443139 10.781878187824251
v 0.46167963691449743 0.37475817399788736 10.208479105944171
v 0.79999920000000002 -0.67882746247003667 9.8371599243025951
v 1.1272161650346439 -0.6027744372923165 10.156142231309296
v -0.018755224046137831 -0.30023546033050985 9.7899095097798643
v -0.020569186650882865 0.43106578586621624 10.15670686214731
v 0.041529432314189985 1.0724337717190791 10.481248981789562
v -0.41450773940087166 -0.042530969274807762 9.9774782457088378
v -0.36111216314293287 0.98293912487622193 10.483457204690795
v 0.38195196366646023 1.293369115727995 10.642114542819748
v 0.39065889248631591 -0.32817379223075477 9.8306749454433344
v 0.41410829999999998 -0.94913701372556214 9.5228997155745176
v 0.088362753430605234 -1.253030263924203 9.3226168197892534
v -1.1039730308713269 -0.5148774381731589 10.180245875548213
v -0.79855155818231771 -1.4200252794078168 9.4649988340108031
v -0.79657785365012557 -0.24223323096602373 10.054397084684274
v -0.41410829999999993 -1.0030149438375551 9.4958959470396245
v -0.79999920000000002 0.90357583215633974 10.63026485999926
v -1.1666084921947211 -0.27017415658232014 12.806080351173289
v -1.3856390000000001 0.029775627799714488 12.637120987888729
v -0.87319332400826277 -0.314809508468537 13.056671460789698
v -0.82870794304599538 -1.269820700101064 12.616199096936048
v -1.141783683395887 0.80279204085548528 10.879361031735987
v 0.4223647164429371 -1.1150622849243161 12.893363683207349
v 0.79999920000000002 0.19941096737486363 13.377222877488581
v 0.84439585619492019 -1.1128515350915404 12.681407507844641
v 1.152997531782145 -0.50267714092691995 12.709390791341107
v 0.4046206236204386 0.25964663521097731 13.587594050333131
v 0.3853839742786197 1.3816452161776711 14.152775789446013
v 1.1511742197039809 0.70276913999386903 13.316221783267627
v 0 1.0574854659877118 14.047060437161225
v 0 -0.24492938633129385 13.394286488063287
v 0.014224333800443356 -1.3322324566527306 12.847232385105281
v -0.41410829999999993 -0.411935221320128 13.249598131087591
v -0.40098764464109699 -1.4557141160919898 12.728385485901665
v -1.3583772624195749 -0.52451437499897358 10.529842488046636
v -1.4103729715265849 0.59365574215592054 11.19680817562635
v 1.3856390000000001 -0.84435851257304839 10.409275486500277
v 1.544909120535273 -0.4500496418337967 11.037025076216352
v -24.889784982433859 1.8653298420881645 15.34651845567809
v -24.867832823778237 2.2381537144287198 15.794457337306463
v -24.884690819835821 1.9505096623109772 15.51201601165997
v -24.819240347044644 2.8297311402139944 16.466901233433479
v -24.805989599309882 2.9489851901915327 16.621751167978655
v -24.696627238486986 3.9534100109025037 18.015411400880854
v -24.660330272723051 4.2857704681580406 18.472207919959789
v -24.471312508613074 4.7437316994585297 20.017119999999998
v -24.477372243768578 4.7197845773379132 19.977492299589745
v -24.514547630605421 4.5884220957818806 19.742251819006327
v -24.627470413393251 4.356291023176099 18.754714552170636
v -24.483378811374497 -5.0756620189801964 14.857551060221624
v -24.614152106915721 -4.202705257840714 14.371124537604596
v -24.551659291647891 -4.6203693504330801 14.627729119078754
v -24.501350945876489 -4.9567703733728781 14.842491487175563
v -24.785623545295461 -3.1002235264014546 13.645066779503502
v -24.87629606167587 -2.3547075869784768 13.343171704749249
v -24.892967417702707 -2.2030049083182921 13.070889264921291
v -24.956498331351952 -0.75300099187832237 12.421701401848248
v -24.919398623981085 -1.6001494599685036 12.861818125295242
v -24.839561855013589 2.6446004432813623 16.228381896378924
v -24.839695046263454 2.6433602680053014 16.226690596527614
v -24.842516397181672 2.6241951134702814 16.19458192878994
v -24.890278834347683 2.2459040977574016 10.841094284221017
v -24.884429334100492 2.3595850811188472 10.794767343337341
v -24.971925241138589 0.55310088325519891 12.713507834265053
v -24.968032391068043 0.61557275601376948 12.835036786008425
v -24.847369690615768 2.591943589893746 16.139723386868958
v -24.88154029533375 2.3790117339482628 10.746641745672168
v -24.466932445587606 4.7441772619202895 20.037229705065357
v -23.002056972352598 -0.59773513630246122 22.514749534247322
v -23.139947352231911 -0.089050769999999863 22.442876875063885
v -22.952301555101624 -0.089050769999999904 22.891194595773129
v -23.012869484022051 -0.089050769999999849 22.743699782278345
v -24.172104592194625 -6.3299109283776529 15.560017096230487
v -24.436332709321633 -5.2651595264643278 14.959461339384301
v -24.473549707507974 -5.1152555640561497 14.879012159451639
v -24.562214067131954 -4.4647366115610092 3.9767559314503127
v -24.525569547447567 -4.6999085243930043 3.6477381309452399
v -24.528426584490038 -4.6816394332287814 3.6757252897787822
v -24.5110646623889 -4.7587309589127402 3.5314665448757991
v -24.350682274498297 -5.4073769260476485 2.8277159660630353
v -24.241729422353291 -5.771878355362114 2.388767027479771
v -24.304355161170882 -5.5610206278980741 2.629168437386773
v -22.167090032175853 -3.8390293510984308 22.847398585552853
v -22.214264694879148 -3.6479319198559188 22.835528069854835
v -22.607520853752991 -2.053198254053394 22.720393732507713
v -22.439272636655122 -2.7536619938584086 22.768163941214294
v -22.346822211617518 -3.1233630578836244 22.795656746639835
v -24.413875679025477 4.7371510438968096 20.276584117818203
v -24.445599356911153 4.7420422877165489 20.132995433631638
v -23.785144014472113 6.1150851435959446 21.538497611374577
v -23.781770701197036 6.3607745063521355 21.308578430890641
v -23.792133709162094 6.4307338994100762 21.195732836388309
v -24.238915030876989 4.6996890188304414 21.045813241364495
v -24.221042668947756 4.7028389333497183 21.117460926659085
v -24.265635988224272 4.6957627891135232 20.937914906226414
v -24.09538513397419 4.7417665759296437 21.604535623818478
v -23.797351839059257 6.4846447315194595 21.12035330573503
v -23.798121780250593 6.5035719485221479 21.095162408027733
v -23.815066937330801 6.8681144290734535 20.600307945434569
v -23.85298302032415 7.1466697427270551 20.108047328836591
v -23.847306185906909 7.0991589514108426 20.188395973687122
v -21.992656968172064 -4.4810485522764063 22.869990999115021
v -22.149866700744763 -3.9162398517062154 22.847822654643693
v -24.055377518818418 4.6882422889074746 21.74808903932157
v -23.688049097133579 5.8739034906752714 21.960267439840674
v -23.764888242103925 6.0464825000607885 21.638545189314968
v -23.626109909088992 5.6928439989828297 22.24726246184316
v -23.891027403524802 4.4875127748722088 22.32517721034661
v -23.675265559702208 4.463363086076801 22.924950702646573
v -22.830778064823104 -0.089050769999999876 23.187128183950072
v -23.742212867726991 7.6314174628530758 19.530289486861008
v -23.620850674943956 8.1733546366005534 18.694194388861071
v -23.824312802603043 7.313373175620967 19.895950719732184
v -23.758858556944126 7.5660454942829611 19.608085810664306
v -23.781040483536596 7.4809247748851595 19.703549929758072
v -23.598392076281751 8.2806959896401739 18.510433843800875
v -23.567983651809183 8.3552665806638267 18.39592791297871
v -23.180863732775329 9.2855820294998512 16.72888322466493
v -23.241713666501838 9.1405285331195945 17.003898315103264
v -23.44728893345976 8.6512463563242505 17.941440796422942
v -23.293928229442521 9.0165700440375378 17.245498965755147
v -23.529234115158488 -4.3543797898904311 0.26573889257720262
v -23.627568950258382 -4.8806760554351829 0.41869346393543139
v -23.631474328069498 -4.9787962588448282 0.43757005358074935
v -23.661295272253355 -5.7000326110589548 0.57897553374032928
v -23.641042420547919 -5.2317938187198756 0.48505123957462848
v -23.670471720488742 -5.7491761307507421 0.60558633938689854
v -23.694712216928139 -6.1964313085926648 0.77341633068417104
v -23.636167590125314 -5.1028868015487934 0.46085887816631738
v -23.171861160870979 -9.5717976510364977 17.429451632587917
v -23.172636013379012 -9.5694745195769357 17.428615408804838
v -23.719928078669003 -7.9075664576285218 16.545877629997037
v -23.211740424515469 -9.4502232927209739 17.358508324947184
v -23.245497170371042 -9.3467181065766045 17.290186307084884
v -23.923636201973931 -7.3311558742039917 16.124753066663239
v -23.855200010190408 -7.5256768461060117 16.318807860051805
v -23.86653591214915 -6.9348554030706975 1.4734453427041689
v -24.018803551476495 -6.6684154655562988 1.9070884732012179
v -23.827405506391038 -7.0605305759851538 1.4409526621878745
v -23.828004834667613 -7.1581971246748726 1.5788950774786996
v -24.014398584706619 -6.6772154359689173 1.8960507586505719
v -23.761531428620913 -7.5528780915870941 2.0637110152903015
v -23.496775412450805 -8.3065341063808518 2.8966131828053903
v -23.571541269994665 -8.0934139868440909 2.6437172944370722
v -23.684321635451283 -7.772406345707954 2.2909600513659978
v -24.22482447952483 -5.835265335289149 2.3232903885896352
v -23.851988835297782 7.1904725887006133 20.042919611784235
v -23.85159485612127 7.2078247290896629 20.017119999999998
v -23.656539991332661 -6.8479052276153523 0.96190685995403769
v -23.726309149339933 -6.5563859684229842 0.94727632780911919
v -23.808766770317103 -6.8500693635001788 1.2710005843142704
v -23.799702186589016 -7.0070287057996445 1.3365310185542634
v -23.82255617168919 -7.0322271075274516 1.3960486632451816
v -23.838873553015716 -6.9580952758248742 1.3893586265216393
v -23.505814568772355 5.1325316033130441 22.953203042772625
v -23.529372027243877 5.3219240491473618 22.762183011906398
v -23.660317052118135 4.463010984700948 22.966782628171952
v -23.614618043058115 5.6560747944658942 22.303600024943091
v -23.602214995791826 4.3962372208247436 23.115604131625602
v -23.477134545867816 4.180575555501588 23.420841196298504
v -23.01147575108833 4.442473518947204 24.268944538384403
v -23.054931761566216 4.4799286168111028 24.17304183014339
v -23.241953658006715 3.7177981511184783 24.010266634188962
v -23.422250310414135 4.0969049766132555 23.551809560713899
v -23.105374237217621 3.5424885226292786 24.327273511002392
v -23.302067425056986 4.8566890669507838 23.495220331055553
v -23.361247421666313 4.9514337957225827 23.330720555570185
v -23.503789101867063 -6.8083543415721932 0.74528368432059255
v -23.361872846595251 -6.7959651353696353 0.5782684885099264
v -21.19572316875967 -7.244603615785457 22.917546791462275
v -21.220361768687482 -7.1418512556153386 22.924824344229815
v -21.331860786206221 -6.754092678365784 22.923830975821694
v -21.267002248147978 -6.9735690641544377 22.925445825340919
v -23.498116801824061 -4.116899113804994 0.2336554609102886
v -23.486729264958814 -4.0192333445873896 0.22438914658924242
v -23.472904107763615 -3.9024785748645461 0.21323918046521934
v -23.390894231074402 -3.2082242242841472 0.14749664840812143
v -22.629625921705834 0.064462615555319014 0.0080829395628713024
v -22.674531101923872 -0.12600696149365198 0.0093452952448670763
v -22.859848050659284 -0.88000878310787367 0.025417767801644422
v -22.812438871636807 -0.69679839818221789 0.021386542649557097
v -22.989953486696489 -1.3855163082029545 0.034830352325167388
v -22.021274427888752 -0.089050770000000015 25.133516322325161
v -22.072986097690912 -0.089050770000000015 25.03250059228958
v -22.406552659455667 -0.089050770000000001 24.220200441161218
v -23.235417476415005 -2.4511883447703045 0.052568236166915021
v -23.239487841988257 -2.4737227628888485 0.052961729239728493
v -23.233383756531996 -2.4399989059165401 0.052330197607865947
v -23.22975796796597 -2.4195793003861494 0.052185723210030094
v -23.169254253535122 -2.0827805415371388 0.047429249429174335
v -23.372584295295454 -3.055095570251237 0.13237251516582008
v -23.295414739741773 -2.7347156040490423 0.087288840792391589
v -23.355654532001346 -6.7975065447427951 0.57388071320838274
v -22.920781068704446 -6.8868208666530029 0.26254587186898887
v -22.986708062799689 -6.8755326445956459 0.31029003781480974
v -22.24172993860104 4.2126124624350947 25.452985695618636
v -22.493180520812242 4.354887794900085 25.051518606486454
v -23.054918011244876 3.3420392644523771 24.445390925930706
v -22.841820419546476 3.1194652957402011 24.807909510140323
v -22.768285511854909 4.4383487689732695 24.628059556497604
v -22.956145416878119 4.4459351801424489 24.349688541021063
v -22.676425687445398 2.9158208491473161 25.081993611370152
v -22.20128546685542 4.1954047330460842 25.513793399097043
v -22.457909571136739 2.5719336980768812 25.458379127276512
v -22.486049058202735 2.6128044897311553 25.410560886878855
v -22.221417286461641 -11.601044914973944 18.805828963246309
v -22.371245008309856 -11.331463243714277 18.567960227773764
v -22.842352721693661 -10.296127291192688 17.899347521022428
v -23.11321267192718 9.4194688977379499 16.47663931596713
v -23.366572862478503 -8.6676554964890435 3.3209638715118666
v -23.427781986709032 -8.5031999057761443 3.1299837916331454
v -23.084387417635405 9.4751507556613621 16.371830369415754
v -23.047403519143774 9.5592881385860355 16.212544716164871
v -22.646802357609701 10.472383212110163 14.423790171325251
v -22.959896759278166 9.7588920342556698 15.816387645848822
v -22.849327465905734 10.011014600033958 15.319004930093092
v -22.756710875201247 10.222183322210183 14.903025689264494
v -22.127095211065829 -11.770530911606361 18.955671456369554
v -22.048504834760983 -11.92028116646655 19.035935543930723
v -22.542412454004374 0.42462204541820442 0
v -22.154143639079138 2.1975028278832296 0
v -22.348936512415573 1.2796102849509001 0
v -22.414935497641185 0.97154169060686701 0
v -22.40799322065369 1.0013264279831156 0
v -22.33826966729584 -7.1814182655852878 0.08357644583809383
v -22.915418074406801 -6.8880414291403405 0.25903880407232216
v -20.676447984528103 -8.6535199041223372 23.142672240677847
v -20.840813550115126 -8.721603945980144 22.813384139435229
v -20.939415537042262 -8.3135034124923379 22.841841090993892
v -22.086376789396532 1.8708963823164015 26.002604725586394
v -22.006303993091279 1.7077221571673782 26.106779009968079
v -21.836984977787743 1.5001886510634659 26.317823803654282
v -21.619214345094075 1.2197784689945972 26.582112457126833
v -21.630133705178803 1.233763747705471 26.568864812046449
v -21.621379999999998 -0.089050770000000001 26.653030000000001
v -21.435149507667344 -0.089050770000000001 26.242354461750381
v -21.944469579034738 -0.089050770000000043 25.278666642270732
v -22.019895301348843 -0.089050769999999627 25.136210365560906
v -21.618945037534463 4.3160484208705174 0
v -21.443325106115676 4.949173776253021 0
v -21.403736991264843 5.0897755933421296 0
v -21.16053049633345 5.954515583408841 0
v -21.171056808116624 5.9161664602610715 0
v -21.02667494840167 6.4421738437172653 0
v -22.151852530047151 4.1995912930221806 25.571383664896487
v -22.29850990002565 2.2413188901685355 25.696408122145861
v -22.279864356024977 -7.2103927075541598 0.064930041734203428
v -22.169357371017089 -7.2846202943116962 0.053838507984126413
v -21.495117724256264 -7.7457985848435253 0
v -21.76110981494617 -7.5655982595911402 0.021286406640628072
v -20.540814650241128 -8.5973395880413861 23.395470468779394
v -20.617881746545091 -8.6292613555217557 23.260002696330879
v -21.873719693305894 4.1541482092990361 25.882696638518699
v -22.13229875379438 4.2047749545737449 25.591823740081207
v -21.14274116795254 4.0038869702173567 26.706200103628575
v -21.510455721929695 4.104367050691299 26.287644264793713
v -21.175476420098235 -13.21741650930826 20.033268360358935
v -21.354339414006983 -12.945494515718906 19.86570056806687
v -21.948477236389223 11.952495924801093 11.506872354660633
v -22.044806876685275 11.778977673869459 11.85307604044508
v -22.624353677220498 10.521066042165913 14.330688575058012
v -22.136838123991357 11.579145505001884 12.251781266142135
v -22.434386076140513 10.933453396482637 13.5144220846793
v -22.3864482805166 11.037499692994365 13.309696270562172
v -22.343731578533095 11.130234198060679 13.125889319553686
v -22.129167817789948 11.595800434376127 12.218551344189345
v -21.141512631919674 -13.257535441282158 20.073353761671019
v -20.65284376965927 -13.888837598620519 20.519097120417591
v -20.969050300192254 -13.461252881339426 20.276899787112811
v -20.409477663019644 -8.5452605611405019 23.625109334680928
v -21.316758702860007 0.69724151697216208 26.878510415336098
v -21.263322044674478 0.60696245575191476 26.930763269215245
v -20.833952442600715 -0.089050770000000001 27.348985463432463
v -21.046365308587152 0.25996555072669753 27.141826193792152
v -21.150081910995553 -0.089050770000000015 26.781732715396259
v -20.987694424729593 3.9897243850680919 26.847911268932446
v -21.026219512849639 3.9986102015544627 26.81200748863542
v -20.835832198601842 -8.2381310205402087 0
v -21.195502399049577 -7.9663888302061432 0
v -21.020228840559188 -8.0968058810159125 1.6702402179186258e-17
v -20.384595626166966 -8.5839674245056177 0
v -20.085049435193859 -8.8092931816641471 0
v -19.360584959747968 -9.3542525614980185 0
v -20.074798463281152 9.3845009316413766 0
v -19.915750458143766 9.853453463180827 0
v -20.644521275658871 7.7358355213404915 0.0055805753058404874
v -20.321355929766376 8.6622588480221836 0.0024344160029904161
v -19.710445130202437 10.452014211464727 0
v -19.90425731684925 9.8873409533178407 0
v -20.91010211654995 3.9749584790630155 26.916095067908458
v -20.220487850272168 3.7876378162635103 27.530143389372444
v -20.64879994099535 3.905424662265935 27.14855715630372
v -20.199318867957842 3.7820689029193977 27.548702156058784
v -19.963183015623923 3.7038419651559678 27.758643912667583
v -19.200876657859002 -8.0423200562889754 25.691417169517099
v -19.318039774451712 -8.092612263693491 25.51936526496581
v -19.584150302962559 -8.2072869325479534 25.055437780337122
v -20.401613756913243 -8.5420410601716128 23.638912509275766
v -20.181474916552112 -8.451895106322473 24.020745075046801
v -19.487884485077824 -15.690164773631111 14.609689996626512
v -19.584022810731195 -15.553704687146517 14.194665000867532
v -19.525355304329938 -15.630551080228219 14.05752562822034
v -19.68845040316447 -15.405302024382232 13.742963111785871
v -20.730570217429804 14.082350096132243 3.564665525851324
v -20.677981985715668 14.16879846872536 3.5243101892668767
v -20.08821598602713 14.960625366769014 3.7294659916882638
v -20.626574829589696 14.238937080168801 3.4742359011919159
v -20.609792649938452 14.261762673824915 3.4622371041211988
v -20.596837764245603 14.279247136298697 3.461211197878395
v -20.192668232636343 14.82292748009902 3.5387847326019926
v -19.639915737727801 -14.907684222270227 21.493000000000002
v -20.099254192535184 -14.438817931296443 21.070570587289364
v -19.313940820077558 -15.124468845336365 21.872322211283485
v -18.970644455879743 -9.6475750841807209 0
v -18.133953628301853 -10.276953937869546 0
v -18.721361463296439 -9.835091713914057 0
v -17.906526697838277 -10.448029858049873 0
v -19.067761912413612 -9.5745210103797582 0
v -19.776038580681998 3.6733092845288664 27.889037760191616
v -19.626288858138015 3.6293765438248395 27.996537983359254
v -18.939177782963263 3.4128348347472146 28.479976808829164
v -19.327877148535183 3.5380141445614504 28.20622766463687
v -19.505552397560923 3.5951190057685212 28.081107840308995
v -19.312048425691881 -15.125727344196285 21.874524310898629
v -18.851893138487743 -15.560402587637832 22.190888227668296
v -18.990824330917121 -15.429164396136843 22.095370863970182
v -18.690471493823154 -7.8309047892612451 26.436931264433678
v -18.700144162828018 13.022367922402026 0
v -18.633967272315132 13.190868844469319 0.0031488843263203985
v -18.591485959157243 13.299228824399671 0.005270489939715072
v -18.875948108958951 -16.473437078500481 17.429670283498528
v -18.841684313613538 -16.52844798039963 17.682632377121351
v -18.796197673186249 -16.635141284763503 18.513349999999999
v -18.520125624760627 -16.846228711169829 19.280023996856578
v -18.707161909986905 -16.703218943722593 18.760609126419084
v -18.936885353069105 -16.365693993702031 16.912441160142311
v -19.053181235764708 -16.233110317627624 16.421782308399745
v -19.327030552671268 -15.886638906300066 15.143226024857949
v -19.249158173277404 -15.98184560437028 15.404299585965685
v -19.241214418385898 -15.992086662195312 15.447281079062927
v -19.661425218672228 -15.281474281801552 4.0682228069943438
v -19.479336956751979 -15.526130741339419 3.9456003085020295
v -19.259456621724087 -15.770796695477436 3.8229730512896936
v -17.428535816652378 -17.49435281722268 21.492999999999999
v -17.437402670096063 -17.48954721021078 21.477248143331895
v -17.417490000000001 -17.506540000000001 21.492999999999999
v -18.281446940918169 -17.023347187027504 19.890180293731806
v -18.242568328995485 -17.04845116471402 20.017119999999998
v -17.875323624381206 -17.250963287896901 20.678671375844946
v -18.751212627039614 3.3716947976949947 28.577541408711845
v -18.039811708396439 14.707230003460237 0.041262119229212114
v -17.866267174359436 15.146592835950498 0.052038772784106985
v -18.274088587178106 14.10829137328348 0.023669957446302514
v -18.402737435769449 13.783909156403411 0.016370725041269428
v -18.385141389319525 -15.859049837093261 22.606211073838519
v -17.423012238745088 -17.497138025166734 21.49935292564167
v -17.749700196400696 -7.4412240527441105 27.806271498998445
v -17.440006389684108 -7.3129439280562964 28.19116255483285
v -17.404422733410559 -7.2982046090971391 28.234877106971968
v -18.069956368673854 -7.5738793060859155 27.342053885095496
v -18.179930791587594 -7.6194321522326183 27.182643972088243
v -18.631757432840114 3.3457041974862234 28.639267876954836
v -17.620578199801056 3.1029017895932562 29.163586221102946
v -17.690696609595737 3.1211818734605168 29.127113790235786
v -17.800666625837945 3.1498513930015029 29.0699123530298
v -18.049520536370114 3.2147283685139825 28.940469784744476
v -17.537579224630136 -16.220215456000645 23.453381041880178
v -17.651138122197782 -16.155872349420594 23.374048981548079
v -18.0358474163171 -16.082539978307452 22.917020000000001
v -17.413441591624963 -17.501963920870853 21.510360480482017
v -17.664926320385238 15.588627656706272 0.063153403305345954
v -17.538058883390004 15.793339729305037 0.085070307703303247
v -17.453772778982898 15.924495610235974 0.095517248799967189
v -17.684375678998887 15.560890563361399 0.062887895262313684
v -17.728781072605681 15.486495433618389 0.061683936790705933
v -17.813888826388119 15.280457168254385 0.055949385874066976
v -17.756739189803827 15.429376862042936 0.060370765539163686
v -16.670611042876981 -16.75145722909571 24.033151646896954
v -16.945784041278028 2.9781971237273113 29.412397021842974
v -17.125312177121163 3.0113746429916404 29.346201221730738
v -15.850055198868803 -13.489273015283896 0
v -16.012733302810691 -14.952214215948104 0
v -15.282576980119476 -15.668997993118946 0
v -16.072123551592735 -15.48630233079356 4.7924980838511707e-17
v -14.507605291660255 -15.844223129637808 2.0582376656305724e-18
v -14.522566878985247 -15.844223129637804 0
v -16.64763535122534 -7.142938828523036 29.084644987252982
v -16.714732530448256 -7.0125218830548723 29.08216313374071
v -18.040577343240333 -17.161401012816459 4.7493545840487661
v -17.849100719107764 -17.3797704905122 4.9906856124835945
v -17.73231827087065 -17.487420374957161 5.1128213023183919
v -17.817342975726842 -17.408999196779575 5.0159311362675485
v -16.81810617245505 -18.049786705976153 21.493000000000002
v -16.46271590729415 -18.558807602665901 20.840349335413535
v -16.545924461169882 -18.439628386342118 20.993158692776916
v -15.853432622999506 -19.374567349926767 19.749957251576227
v -16.014444835193558 -19.200866826108559 20.017119999999998
v -15.90434223377294 -19.319645884090079 19.834430085212137
v -16.245653288625423 -18.869707452880206 20.441721009272026
v -16.239246872947636 2.8538363174776418 29.660521753734862
v -17.412532372950118 -17.501582381544782 21.497463313405657
v -16.812876606870702 -17.770221640433032 21.627266409245987
v -16.522339216453197 -16.611389347317189 24.281734278673895
v -15.969724687082406 -8.4605981387913918 29.109718792286184
v -15.874675773364348 -8.5742506041180793 29.128645904480713
v -15.810407459507704 -8.6719898398936905 29.130340441187428
v -16.563997616802926 16.729305269798459 0.057018373558889383
v -16.104961873219821 17.033676015278431 0.050157776723878604
v -15.982435931179907 17.090339848833796 0.046790987143771508
v -15.605970560227494 17.244525976716282 0.035202188398758952
v -15.435893760182511 17.311932249491147 0.029826065612038329
v -16.573310296297873 16.723156340581301 0.057237907750286775
v -16.591401700003953 16.711224695226647 0.057706611703742472
v -17.375782360038706 16.046673634873901 0.10587870273083824
v -16.983753502433142 16.422839161218601 0.093692621760284742
v -16.781619754375299 16.59158267196382 0.080600796377365905
v -16.854721709910624 16.542005310806509 0.088427426024343656
v -15.904987649465371 -15.994038030141811 25.350661229253873
v -16.420275454253968 -16.509325628543316 24.456501812568408
v -15.888567850912953 -15.977618241376458 25.376203341170626
v -15.103911087435426 2.7267145619698878 29.91415513272457
v -15.895663399795776 2.8153658184165984 29.737278109319313
v -15.757329131329678 2.7998767487698091 29.768181907463308
v -14.983572248882 -10.034085967251503 29.118667410594281
v -15.787851171256184 -8.7068598620792059 29.130634141749418
v -14.32487259492922 -11.280946078588816 29.028255712385697
v -14.787455799791179 -10.402762806436426 29.092493733768393
v -14.250880610377434 -11.422398508928543 29.017480353373962
v -15.289731299215601 -15.378781897263792 26.178873092758593
v -15.721040861191048 -15.810091273722374 25.629191619650744
v -15.789462381438765 -15.878512779256315 25.530368664478569
v -14.668542767262826 -20.350682812950964 17.935348184291669
v -15.042420565783871 -20.096584736888641 18.480910348003057
v -14.958335152121595 -20.153731631886561 18.358213741995232
v -15.391496497470808 -19.778504307266264 19.030794447668004
v -15.33593726351409 -19.827087637045121 18.94429817072443
v -13.818347806191399 -20.929945618451249 16.694015871490716
v -13.98526958437305 -20.816216909284513 16.93773107878237
v -14.498539077897597 -20.466511335604689 17.687133574491806
v -14.683264268978876 2.6810623655809693 30.005240413777951
v -14.528872711468297 -14.617931988210307 27.14821277407103
v -14.841317116138608 -14.930372829116282 26.750351230698854
v -13.881631155634464 2.6806315385739237 30.006099999999996
v -14.55398826099522 2.6809928879175904 30.005379035640566
v -12.885233589303372 2.6816419210583446 30.0040840844506
v -13.111689251911962 2.6814122869818182 30.00454225045474
v -13.667686368595639 2.6808484861787365 30.005667146049451
v -14.789812102393755 17.514143193092885 0
v -15.110228490983127 17.440876634905642 0.016631214471827832
v -13.838940143261812 -12.406484609249906 28.84576927244845
v -14.042632266464814 -11.930622022390025 28.927102617257358
v -14.188853162522641 -11.580635292802286 28.988278492923602
v -13.262835817127842 -13.351885817127842 28.74561904188316
v -13.812102693703318 -12.470437247365 28.834393757836196
v -14.192356928485117 17.645499042593901 0
v -14.136403594084019 17.657274987613466 0
v -13.609656888328734 17.683136140202574 0
v -14.102007048263632 17.6589321781758 0
v -11.962896588430615 17.717585421956176 0
v -12.894640891730402 17.718286367497083 2.7547960849983878e-17
v -12.50237530988681 17.71799126849892 0
v -13.528504666574616 -13.617555064721627 28.427348826183525
v -13.781478457881837 -13.870532246711559 28.124285667247467
v -14.208143597908977 -14.297203597908975 27.556625287083651
v -14.086596606703381 -14.175654897722483 27.71140265015487
v -13.430885044960638 -21.142001955690702 16.154327530889464
v -13.194150885527609 -21.271565335288962 15.824586152419872
v -12.469728995135084 -21.68320422143217 14.807945867191947
v -12.489337303470386 -21.672062167244306 14.835463424028971
v -13.024519490779904 -21.367955173960297 15.586530623107336
v -12.859654035356886 2.8488382260334544 29.670493947844552
v -12.865202815473744 2.8125695899736072 29.742857145461397
v -12.030503652203226 5.1866454554746895 25.006100000000004
v -12.386808353963382 4.334261396949139 26.706777024929909
v -12.328274096992947 4.4742922954266557 26.427387318565682
v -10.622019345853158 5.1866454554746895 25.0061
v -12.013611977542086 5.1866454554746895 25.0061
v -12.584466450885232 3.8570722710938528 27.658864965537671
v -12.798519999999998 3.3403010000000002 28.689927218641504
v -12.683424261993345 3.6181668474627506 28.135529165245227
v -9.9547036779097571 -22.969880989493507 15.011673598301272
v -9.9527142855226405 -22.970860937588576 15.014044980224499
v -10.503350968431345 -22.699972901152066 14.37883169900082
v -9.9505089241769369 -22.971952060827967 15.016964866483118
v -9.7164802632670497 -23.089157937334473 15.412951858550421
v -13.105778052215953 -21.259479829667971 12.174158569028029
v -12.562759585405843 -21.596961201050359 12.801600888147661
v -12.651320128834181 -21.541867801576149 12.695679605415917
v -12.710091488748832 -21.492137451162584 11.745694800064838
v -12.383978518386998 -21.695407352315542 12.16215273725812
v -11.928158289216279 -21.989213247519434 13.391423382404115
v -11.880325292026939 -22.026870833569621 13.976414028198906
v -11.98379646792784 -21.945410859510737 12.710976494108849
v -11.937998409632558 -21.968636055573306 12.757875263748881
v -11.276707161438857 -22.303993143535713 13.435133860080361
v -11.715991619539514 -22.096604724109987 13.600574306948477
v -11.649229999999999 -22.130388389425264 13.666036097126181
v -7.4792272957251651 5.1866454554746886 25.006099999999996
v -8.7521275707079287 5.1866454554746904 25.006099999999996
v -9.514700850784541 5.1866454554746904 25.0061
v -9.0294735276603078 -23.349399399342683 16.129279442588242
v -8.8047579626330581 -23.446633925453806 16.428042309984349
v -8.4533514153324969 -23.606330484603884 17.062975054622907
v -7.8832110465160117 -23.839147431495483 18.772257104942042
v -8.0926069166035752 -23.783291238154753 18.465159605419409
v -8.4247585982646047 -23.618063511174569 17.106546609037391
v -8.0927425649979803 -23.783116465511718 18.461443147303751
v -8.0406849047746185 -23.777977306462457 17.759879648071667
v -7.9502137900530716 -23.37717614436577 21.479974996470016
v -7.8367605608943789 -23.500784208623063 21.111646373752212
v -7.434607904239817 -23.914981140338167 19.745651573531777
v -7.5149328282383392 -23.863793543720092 20.003681114963911
v -7.4831034966483418 -23.941320045775303 19.243419806410653
v -7.7800091058422849 -23.562264553819375 20.927576726560812
v -7.8282504782118041 -23.5100033868186 21.084044557126106
v -8.1261029739149517 -23.083406104727068 22.102194594663004
v -8.7225682945130796 -21.775884034063765 24.36825498329522
v -8.4540737897605887 -22.457914309897777 23.301359281123663
v -8.5032281322087631 -22.333053549866033 23.496677876386446
v -8.2165053531745684 -22.932987370822978 22.421712653619057
v -8.3494420903696636 -22.711797619139926 22.891561225198142
v -8.7493126848088298 -21.68573779166886 24.48565905204034
v -8.8287218568401666 -21.403471692462954 24.84157443274049
v -8.7517151699931937 -21.677197985338562 24.496427074987693
v -8.3864957584728064 -20.335844984084201 24.596663142637993
v -8.3981087246951933 -20.363880762384536 24.199763368562564
v -6.5784291025055648 -20.483824640184316 26.791629111865838
v -6.9727015086832864 -20.435575229428814 26.718197717036947
v -7.3497112207300903 -20.370068393679482 26.664195635786388
v -8.3319388106572472 -20.204139516370077 26.461209351159287
v -8.3634321335236628 -20.280164233403152 25.384929050116408
v -8.3547289551584516 -20.259154806252237 25.682359069494982
v -6.2340359875343294 -20.526194133047461 26.85307058949002
v -7.2890653563700987 -23.984894174620642 19.320240037623773
v -7.376401402155718 -23.943895483361423 19.563137659425248
v -7.368909242053749 -23.947506626767041 19.541080289285048
v -5.9755927158175286 -20.559201069178847 26.884580514352738
v -5.5707557409330528 -20.608122277850558 26.936257779571985
v -4.1160901096103535 -20.756918676415047 27.117883635355614
v -4.7147436042000734 -20.713138917629813 27.027908582246113
v -3.1540293043638794 -20.829311043352845 27.186706040853984
v -3.7775009370950463 -20.784292330860534 27.140462591474126
v -2.3134998409356351 -20.889637286471523 27.252769307122382
v -2.1062732442371894 -20.892706181239372 27.279357146523608
v 1.7367707376489998e-16 -24.222370000000005 22.917020000000004
v 0 -24.222370000000002 22.917020000000001
v 0 -24.412254401803548 22.369015625607229
v 0 -24.458249264644689 22.236274938130336
v -1.497963947433994e-17 -24.401111728957488 22.401173261537668
v 0.0055185557499464665 -24.457867293469917 22.238124728738306
v -3.5736110260113932e-16 -24.222370000000005 22.917020000000004
v 0 -22.704719999999998 25.518149999999999
v 0 -23.645132157764543 24.069309015718606
v 0 -23.546579999999999 24.26604
v -1.1190630668743565e-16 -23.811579136293982 23.737045586286708
v 0 -22.947859559061403 25.156525177230918
v 0 -21.710429999999999 26.653030000000001
v 0 -22.251556938011234 26.03538913122912
v -1.3034002049816449 -20.912724024762632 27.301475576847675
v -1.3757165585237514 -20.911019708285149 27.299395028556383
v 0 -21.541028568623709 26.802752791095859
v 0 -20.944351167076604 27.330116729036906
v -0.18033672411474436 5.184448913923668 25.0061
v -0.44621005977838085 5.1846291492337846 25.0061
v -1.6041056901568191 5.1854140857055162 25.0061
v -2.4985918060781493 5.1857397564037129 25.0061
v 0.010765165410277873 -24.539166573716919 21.584006488001663
v 1.0343459998978881 -24.511439712258419 21.580775629268786
v 2.1907665855429053 -24.471686922920256 21.582599360942066
v 2.247610309736324 -24.466663434699676 21.584682681350586
v 0.10456463027194858 5.1842557795356985 25.006099999999996
v 1.9395852808814149 5.1830789499781371 25.0061
v 1.8627559269354301 5.1829545261855889 25.0061
v 1.6633605943043104 5.1831990730657411 25.0061
v 3.2603124555314751 -24.386331889693967 21.550166253454904
v 4.0153799503448413 -24.320658076689508 21.520956082742437
v 4.795806936800882 -24.211004643886106 21.517102170175463
v 2.5214366997857223 -24.443973061720918 21.5829264930934
v 4.4126537797048986 -24.265636774194757 21.518491508280039
v 2.396433301845903 -24.453753211880876 21.588247022701037
v 5.5047515174984829 -24.166700525446128 21.052668159147281
v 5.6463772355450725 -24.168265073561194 20.875170300776993
v 6.0512888717851832 -24.103315620872547 20.708518066107878
v 5.1331837698928826 -24.165712266654076 21.492999999999999
v 7.2325877398121063 -23.931700956844757 20.126699622781125
v 6.6501976410462778 -24.00850197620754 20.450085565042137
v 7.4821180155509044 -23.878951359714367 19.964392452633895
v 7.751790452211667 -23.591585581518697 20.836677683336333
v 7.3558339461925062 -23.924417134275803 19.961166597294483
v 7.8260187149862714 -23.512488224113561 21.076772370541732
v 7.9542260865957219 -23.37280637957916 21.492999999999999
v 7.8345923507339528 -23.503147238839013 21.104606905590181
v 8.4208066038145635 -20.418672570562837 23.165629389731791
v 8.102520670950712 -20.492557440551025 23.189633286498598
v 8.0033681121454059 -21.92454125171091 22.351571155986594
v 8.0455216524280839 -20.68218664951867 23.08807326765665
v 8.0369963418748114 -20.933400475876507 22.939147104493987
v 8.025493327377303 -21.261508462066029 22.744715119269532
v 8.0515555075665759 -20.504388168693204 23.193476889321545
v 7.3430433413324678 -23.965144065461299 19.545618946483742
v 9.0206320102464606 -20.548613497318637 25.788281576009844
v 9.4880327220839433 -19.993612199417509 26.133260939990393
v 9.0988237628838391 -20.079784385035673 26.234405889110498
v 8.8287193783940872 -21.403460914819359 24.841592497808545
v 8.9390442694884804 -20.967728938706465 25.357902960899622
v 8.8785919211101643 -21.206487378918652 25.074991737051977
v 8.3981105773681488 -20.363881098860492 24.199760958787799
v 8.4103294407514539 -20.393378054482689 23.643034938484146
v 8.9693598805250918 -20.840181542951726 25.503693829542957
v 10.764095188391963 -19.713882735165488 25.753600201947076
v 9.0009799868626335 -20.66036852851407 25.6792019917125
v 10.466623627767415 -19.779092319065533 25.842105535413204
v 8.4195502099122628 -20.407643961220952 23.360317314673942
v 10.379941832110555 -22.762119792875996 14.623084169159396
v 10.127983650782667 -22.888457957742443 14.768783958117952
v 10.309677680886423 -22.793935234428393 14.537842744934135
v 11.11598275983569 -19.638750125057047 25.614427871720547
v 11.272512285112551 -19.605303670218273 25.552955832661855
v 11.563267091313223 -19.525190212911458 25.456592301628081
v 12.948690055867772 -19.147889416753717 24.867404765711534
v 11.045440538028044 17.719772376957142 0
v 11.112632935749987 17.719772376957145 0
v 11.152034711996285 17.719772376957142 0
v 12.887215289550584 -15.834913014732571 27.748767639150479
v 12.938911288084869 -15.970318865618038 27.653938228822678
v 12.99925 -15.92868 27.652239999999999
v 13.149339075536952 -16.060413765033601 27.476675549578474
v 12.033739514532657 5.1866454554746895 25.006099999999996
v 11.043025584861079 5.1866454554746886 25.0061
v 10.426384628996059 5.1866454554746895 25.0061
v 12.372866952030996 4.3679189374441316 26.639623486260387
v 12.317575351911991 4.5014047431804896 26.373292551631259
v 7.462212443069979 5.1866454554746886 25.0061
v 9.1264148940745145 5.1866454554746895 25.0061
v 8.2174575062167108 5.1866454554746886 25.0061
v 13.252354674736381 -13.341404674736383 28.753125236093283
v 13.60643 -13.69548 28.499549999999999
v 13.522106323284088 -13.611156754122414 28.421420485864019
v 13.593885399825917 -13.682935848608896 28.333156162438573
v 13.588791356779755 -21.043119894651781 16.380517682855061
v 13.902837284916238 -20.871916209624253 16.817605310718427
v 12.607865381127485 -21.590521788848552 15.008915788973908
v 13.019097967591128 -21.361035141842024 15.583934596222326
v 13.567153740257682 -21.05519469009036 16.350262746802095
v 11.902813853029039 -22.010169405208504 14.00993926621916
v 12.430542433759566 -21.696064612971377 14.757666219858733
v 10.415102006084652 -22.739599920505771 14.405492571330473
v 11.26412116464402 -22.304313009772169 13.430112062290162
v 11.738410597291285 -22.062582515525833 12.94181346074881
v 10.4489477087889 -22.727736546810856 14.583070879928487
v 10.476730408942986 -22.713776119588889 14.562336605626919
v 11.649229999999998 -22.124151194229199 13.669162196718929
v 12.795016583529339 -14.414822173270435 28.499549999999996
v 14.48921 -14.57827 27.652239999999999
v 12.742065593680861 -14.9507654946323 28.250759930146948
v 12.725823580681338 -15.054855627648191 28.20659076958162
v 13.052859829685156 -19.12001672718965 24.808541857602808
v 13.379200851276927 -19.033856418182914 24.622764642028478
v 14.051839135454088 -18.809485113856642 24.295269484307266
v 14.986178059054568 17.474888239937432 0.015677190334631937
v 14.451192932980007 17.599166640690335 0
v 13.673727962633061 17.676696063912811 0
v 13.399155728145576 17.690530053993282 0
v 11.304475306264257 17.719772376957142 0
v 12.709961449575802 17.719772376957142 4.0415467536303313e-17
v 11.517460485815743 17.719772376957142 0
v 14.134768601661694 17.653467088707366 0
v 14.231096384550607 17.648935996511568 0
v 12.792646204998046 3.354481603507192 28.661634072678591
v 12.614838703484276 3.7837471258369639 27.805163325579443
v 12.847793018232158 2.9660330096401037 29.436666867283908
v 12.885366607877922 2.6806315385739228 30.006100000000007
v 13.881631155634466 2.6806315385739228 30.006099999999996
v 13.669302975485671 2.6806315385739228 30.0061
v 12.865058208982484 2.8348900742741523 29.698323305984268
v 14.676651715835279 2.6806315385739237 30.006100000000004
v 13.901368105740898 -16.261639041543393 26.89784194194565
v 13.941102131880248 -16.312653214935537 26.840781577098838
v 14.517508161153318 -18.654755479734302 23.983831586008939
v 15.031475749652405 -18.483894325151184 23.632362018537844
v 15.007100324872161 -18.492130766973659 23.648815915250296
v 14.295800472671699 -14.384859561928113 27.451295580718089
v 14.073294324779406 -14.162350632643813 27.743640024426217
v 14.113880575376797 -14.20293739306582 27.689564622337279
v 14.139779894728669 -14.228837039474268 27.65453745827493
v 14.952197852764749 -17.020270978039004 25.520354072347423
v 15.99169 -16.080739999999999 25.518149999999999
v 14.172553040741008 -16.567905434639762 26.495452679351523
v 14.757704380124222 -16.911805350054131 25.759918416209125
v 15.32006562918872 -15.409115629188721 26.602271162823481
v 14.024862212322814 -16.412573014359424 26.724282684529836
v 13.971671819239234 -16.349516732820565 26.798002297770193
v 14.032814153287873 -16.490211408734716 26.668311565673672
v 15.046517994963878 2.7188410420003697 29.929864383013285
v 14.820560311598914 2.6954981979403314 29.976438035103978
v 15.096214265968664 -20.061761844839477 18.558527133774568
v 15.345672454146865 -19.836800196939421 18.950312926234933
v 15.279713680608282 -19.896281969293426 18.846720760115605
v 15.780570448151568 -19.435077447996989 19.638122838336741
v 14.69604871414238 -20.331050365330068 17.975948663026141
v 14.29684792809546 -20.603252683333178 17.392985150640367
v 14.785994560791439 -20.270521998883897 18.106896588949173
v 15.576278570455132 -16.868457395144034 25.064443049459477
v 15.176086271947113 -15.26513712094536 26.3052759243756
v 14.536086848488873 -14.625145445099269 27.13828559743472
v 14.983928184120909 -15.072981358433976 26.554905453923038
v 15.215418578766013 2.7362894589339302 29.89505129435506
v 15.713700161609582 2.7877648571359548 29.792347558643794
v 16.199052067035531 2.8410064051999049 29.686119999999992
v 16.057159043906022 -18.091175239552168 22.840017793212901
v 15.667427046080517 -18.248799109784294 23.128055243886127
v 15.3624410182786 -18.372148221785061 23.353459806115755
v 16.372662082135289 -16.831878254466297 24.308406687403675
v 16.586980000000001 -16.676030000000001 24.26604
v 16.136912599903287 -16.793978961133842 24.585975841491081
v 15.981423941749162 -16.768982431956012 24.769046719673412
v 16.39048730506688 -16.848505414602634 24.272235679504796
v 16.679340557627153 -16.768392490462929 24.005296587945637
v 15.505089377831878 17.303838708529547 0.032820669748480469
v 15.271988364197565 17.407634770021694 0.026682883102098348
v 15.231121660187897 17.41750886814296 0.025124180703619801
v 16.753755671182795 -7.028685952278189 29.06049195107504
v 17.423332267724597 -7.306037236034066 28.231249554393703
v 17.663995234942732 -7.405723793191517 27.933198921491218
v 17.673232287626874 -7.4095499322564855 27.921759232907277
v 18.019515187022815 -7.5529860528680119 27.414903908437289
v 17.678754907729417 -7.411837492445069 27.914678664613202
v 18.762003211071988 -7.8605342670468756 26.325938074588681
v 15.794336090523796 -15.883386648517826 25.488770110575352
v 15.733039404849384 -15.822089972417373 25.581743902771343
v 16.798767202131234 -18.07748564473534 21.457485680118342
v 16.948351370288517 -17.798714223226877 21.764524732578455
v 16.999622527718785 -17.703593410514546 21.869549135608953
v 16.047942956675406 -19.141717452564674 20.0842336217056
v 16.467762553131696 -18.551579189349102 20.849617924417128
v 16.213305324879883 -18.909268648742756 20.385709325924019
v 16.544993771053917 -18.440961303445938 20.991450100222831
v 16.15795 3.1249610000000003 29.119573675406436
v 15.871341541539035 4.2691477254738812 26.836691849097743
v 16.042521686763376 3.5857692554799141 28.200168854123941
v 15.852437730986873 4.3446147553403662 26.686119999999999
v 16.218522957391098 4.4676031952334672 26.440733414028433
v 16.302706309063662 4.4958850769932859 26.38430539188322
v 18.535922701144077 5.2496220161799236 24.88044914012146
v 16.701349961056113 4.6304320233369225 26.115857269077033
v 16.837707795685652 4.6764544048993475 26.024033394412879
v 17.053471858220139 4.7492773273254709 25.878737069570068
v 18.239136156196349 5.1494530478820106 25.080306306959933
v 15.814086507295411 -19.398303804978482 19.694044052691801
v 15.842106384650185 -15.931156907467528 25.41631294131864
v 16.053328928524529 -16.142379293612922 25.097679213392347
v 16.512136619779486 -16.601186764584 24.30811440532025
v 16.406073944919424 -16.495124140647025 24.49063826121067
v 16.172301905437795 3.0282068811011094 29.312617533316338
v 16.179522652820186 2.9795278360918998 29.40974198398462
v 16.875492354462576 -15.162195456274 0.014524568629105235
v 17.10832094374793 -15.078582713191427 0.02349531713699583
v 17.722288715688382 -14.801995152726969 0.044329928031381492
v 17.516019892596351 -14.923613458145446 0.038773376550613206
v 16.35774789139251 -15.35137347023643 0
v 18.080330616260888 -14.589688988412167 0.055374336681485878
v 17.77023954675261 -14.773856547645261 0.045821588895119926
v 15.211915692003972 -15.686080430784846 0
v 15.34598227111163 -15.655324374858342 -8.8853778642202208e-17
v 15.989669173642984 -15.492047136870228 0
v 17.992818407998815 14.830425802279423 0.041974356108606087
v 18.179723454370333 14.370502811461847 0.035230433135050858
v 18.412603452394947 13.801468558879733 0.028899993701855704
v 18.704452672797576 13.057426333952415 0.0050304663737930451
v 17.466189383007929 -5.9316678532316205 28.904821711252918
v 16.913363197785472 -6.7829194444319523 29.025616928274662
v 16.638563461582677 -16.727614722909735 24.090544977177888
v 16.556636969586172 -16.645687066139736 24.231533519545192
v 18.209527633229857 -4.5823081499931568 28.720981370824958
v 17.837880197063093 -5.2667373374297464 28.82426390021255
v 17.619519100642027 -5.7122418114838123 28.862615167197973
v 18.685414281187263 -3.7276687500351087 28.578906981549611
v 18.598694646773207 -3.8805415095617537 28.605143695480944
v 18.986012768190161 -3.2509838488963534 28.459743941060111
v 19.177158117791123 -2.9090561754281037 28.387028507357105
v 19.128609157435076 -15.94737410562823 3.734471961840057
v 18.944431267448351 -16.148919509626626 3.6334568443785851
v 19.158642943876114 -15.914508208303115 3.7509444410576935
v 19.193104326502187 -15.870524140552806 3.3887968449831054
v 18.447222335286298 -14.371831359634955 0.066744314788258777
v 18.979697494834827 -14.122858341740711 0.18470482382880876
v 19.200292868391244 -13.968342919964536 0.22162454647058599
v 19.198792584127155 -13.969341352174215 0.22136125525977696
v 17.591277819575517 15.749119693008277 0.10491225880468429
v 17.746354728301853 15.483085292077911 0.083097131372177613
v 17.765839921200946 15.443102553056018 0.078860315393993421
v 17.817506298223041 15.268365851632341 0.05194720315746721
v 17.88372725346159 15.103304750941797 0.048196474485591889
v 17.393020138825126 16.05803370713765 0.13203140975503655
v 17.45122910872923 15.997353539928683 0.13166053653930024
v 17.419332674688071 16.034941854606043 0.132960762300113
v 19.6084840852828 -2.152813292415436 28.168676355448714
v 19.331458309199494 -2.6806710995178946 28.304711604791262
v 19.274314002589715 -8.0727389764020234 25.575500261978494
v 19.159459496491348 -8.0251649879211477 25.743011520070191
v 20.643907604135737 -13.882866559207143 20.569682836791021
v 20.099254192535184 -14.438817931296445 21.070570587289364
v 19.601603392172045 -14.959342578961092 21.492999999999999
v 19.795892458187605 -14.343496172518057 21.627360398987992
v 19.923102082854086 -13.883364716866062 21.736939579993503
v 19.941548479120023 -13.558088755102819 21.850997148453761
v 19.968946938738053 -1.5536170340369413 27.944659557407288
v 20.461816585430459 -0.70105729797624439 27.640134465383138
v 20.775309391055991 -13.738624063964981 1.9655991152712242
v 20.723477382418206 -13.816569866542366 2
v 20.390306226741412 -14.269163207139094 2.2043115901941928
v 20.645960534486012 -13.921658762332264 2.0345875125474548
v 19.776312643557894 -15.106752361623379 2.7943544144100931
v 20.000845844420532 -14.806599049369295 4.3062315952476871
v 19.256892963673124 -15.787055146572037 3.3041464223957413
v 19.775722927683184 -15.102745905641077 4.1578019665949881
v 19.744532655168545 -15.148388608927769 2.8218822634921521
v 18.955245818617954 12.4529399492957 0
v 18.730835978968546 12.990419711382632 0.0030041556207707257
v 18.761726180216058 12.915727191417083 0.0025698997988099432
v 20.428389053930523 -13.152452472175842 0.57930817304633508
v 20.189397187959894 -13.352655248096198 0.50826084893660994
v 20.026534413091117 -13.494959083735209 0.46983373621230218
v 20.155353216408788 -13.382692736468085 0.50035106205950197
v 19.523505855692608 -13.749279398732309 0.27299317411176627
v 19.650649440380807 -8.2286204439146289 24.940124202016971
v 19.321109805503188 -8.0921222351034583 25.507250266858332
v 20.533130112346843 8.0133019646723902 0
v 20.073487948940752 9.3330274217318703 0
v 19.833969885015239 10.041561806275503 0
v 19.676231037998715 10.515173704615815 0
v 19.563874618125194 10.830151078208543 0
v 19.992606206959483 9.5652552337171848 -7.7864925925504603e-17
v 21.010300110814079 -12.833258076729559 0.99910568926254473
v 20.91951904554 -12.883087062421952 0.93206318090350071
v 20.739483270232292 -12.977132282653297 0.7959154281094668
v 20.633660480320248 -0.41976610738836145 27.511651079471743
v 20.591260892086972 -0.51195261991470253 27.541987827155559
v 20.819818193713864 -13.637530033030961 20.45302908703227
v 21.185718767154224 -13.205318301951872 20.02117970468408
v 21.031548711366085 -13.387427992164769 20.203137344513092
v 20.279659955633683 -11.087633856878961 22.483173189098224
v 20.055550053469641 -12.475481751402514 22.150931360240083
v 20.12778347065742 -11.816846066658613 22.327259360138275
v 20.007933598980433 -12.941959900663939 22.020895839924229
v 20.803292449692435 -0.089050770000000015 27.376083816001934
v 20.733877382577646 -0.21775405042017437 27.431847080920772
v 21.306535605146198 -0.089050770000000001 26.452823465676808
v 20.998580053525504 -0.089050770000000015 27.014601997190386
v 21.065529913187412 -13.127470276411959 1.5164281932712724
v 21.054315636277519 -13.031349499608869 1.3579643492571547
v 22.019764013888466 -11.962421651276655 19.088587330355132
v 21.359040328020587 -12.941980275911128 19.858688955353788
v 20.774953462794937 13.991616514334114 3.5517365006394934
v 20.650157312689178 14.196056483123826 3.4843413565903019
v 20.6104578008255 14.26073155012398 3.4703934539102685
v 20.537213559281863 14.36018905172137 3.4279058332506915
v 20.508527829170824 14.398781901084517 3.4330830005538568
v 20.474938783382211 14.443958596418073 3.4399296554515577
v 20.55896966468622 14.330644402206191 3.4406651051671071
v 19.996036267766446 -8.3716838069003963 24.344532467853274
v 19.927062697860837 -8.3431141283265067 24.464426272792952
v 21.871613234802005 -0.089050769999999987 25.419105896265329
v 21.720520772504379 -0.089050770000000001 25.697623638419497
v 20.761361410371872 -8.688693615832209 22.953907544546279
v 20.590853304145124 -8.6180663826048551 23.310586304282211
v 20.824770689733921 -8.7149587666736714 22.824438541904094
v 20.808005080556676 -8.8019290273872102 22.809906905292088
v 20.592595813175759 -9.9346823241158351 22.621554041203769
v 20.728137329655823 -9.2123522891135092 22.74269818750756
v 22.075020851686293 -11.860697014854795 19.032966798829705
v 22.253950680500825 -11.555061829501811 18.746024910936789
v 21.602636806490057 4.3343037386092353 0
v 21.53865137091443 4.5624291824580858 0
v 21.046053453965282 6.3228302433868739 0
v 21.171572441655005 5.8711651926379318 0
v 21.118202225027716 6.0614444999034074 0
v 22.403160540173825 -11.284160910150218 18.513349999999999
v 22.779001075581554 -10.434267396628732 17.996309098701566
v 23.078231900882663 -9.7664254995941313 17.581027806771658
v 23.098487387856704 -9.7215970332085195 17.556879324849266
v 23.183589070059053 -9.5264041481128903 17.383798260975798
v 23.114853478354959 -9.6842709726445566 17.525809463124432
v 22.583601802567959 10.595282304563211 14.214785529213888
v 22.621709459063162 10.51293649683028 14.379081918746264
v 23.086585025296525 9.5098948273904078 16.300093178294276
v 22.557564733007712 10.651545106349712 14.102529963897476
v 22.979126130182699 9.7416778104547586 15.860290699437993
v 22.797401246180272 10.133875896118674 15.103877329122454
v 22.764046192588648 10.205909789866263 14.962417038426009
v 22.741835437736356 10.253876349137084 14.868220222661272
v 22.552489285850353 10.662761445521065 14.080151119359321
v 22.137827267623269 11.57953415490017 12.235145884796522
v 22.052443337894637 11.76834157556454 11.853877430601985
v 22.101781844783613 11.659195564762715 12.076053239318838
v 22.296809063212162 11.228295643508226 12.932043308369273
v 22.271990721360456 11.283123047505049 12.823407886126169
v 22.40290843857267 10.993864980891336 13.398178092029841
v 22.453228113829713 10.882688519087511 13.618969754225208
v 21.975100976236781 11.897468758670975 11.593425764958315
v 22.814297709039074 -0.072574761418383288 23.244974166702772
v 22.804360620337675 -0.072661122546483825 23.270120154478867
v 22.572818188742474 -0.074589748942124418 23.846000261146344
v 22.635913254196019 -0.074137504141271779 23.697872772834398
v 21.998774531241605 -0.086879598889658891 25.185833458772766
v 22.416765964317907 -0.077939058180765394 24.21119214897227
v 23.85285444549347 7.2043044491838319 20.017119999999998
v 23.853522086722087 7.1878011262738086 20.040357846716709
v 23.855159029106996 7.1473298622974966 20.097344733300773
v 23.832464203321685 7.2813551445106928 19.934598092163725
v 23.409903923576174 8.7282665454858677 17.792886400199759
v 23.447853464164591 8.6406317397710986 17.959642012425999
v 23.215734629367439 9.1770470322751212 16.94326220624254
v 23.222701307871361 9.161005900305895 16.974296841097104
v 23.389339533812759 8.7758941941008324 17.7037853355179
v 23.604800304991006 8.2631817002173911 18.513349999999999
v 23.156094157849363 9.3112277876306084 16.683919832291426
v 23.136274149776916 9.3756170226696351 16.557820229156597
v 23.127563766895186 9.3991539116258647 16.512000310214084
v 23.49662720464616 -8.6064401357462526 16.850617610350476
v 23.667156012644298 7.968336138323874 19.009268329598619
v 23.710948784333411 7.7726013860429175 19.310925803661313
v 23.810534699439884 7.3642219084867833 19.845847326328226
v 23.805711640095282 7.3828186682550152 19.824800055608844
v 23.809070950222793 7.369711930217445 19.840092702748574
v 23.617101247986632 8.2054193195908596 18.609526823859856
v 23.656616648276497 -5.7910027141106619 0.60892986719512265
v 23.644360948009254 -5.6968731013843579 0.56548504129481181
v 23.688645268216291 -6.7171565228800567 0.93165263827030065
v 23.69095312171196 -6.7838914402480643 0.95490674277924092
v 23.690723878791999 -6.7839271294269246 0.9546465922923898
v 23.690765291124166 -6.7844636147120756 0.95490372130524326
v 23.643937205354717 -5.6755913176732058 0.56128780113636234
v 23.172648437819472 -2.1165489785763256 0.049414783055937078
v 23.176668191014652 -2.1318837595315232 0.049715260727297025
v 23.213428916340526 -2.3252826241298794 0.05228186164200628
v 23.068037779411174 -1.724869700617442 0.036959026124658914
v 23.274719687057438 -2.6407786831011939 0.060786179713834342
v 23.365268415764216 -3.0175794541901864 0.12759287254144236
v 22.971831832586492 -0.071970369377657814 22.845944563664421
v 22.750383272408023 -0.51983983478997708 0.0089661722794734042
v 22.708130129269129 -0.33359529923425452 0.0063753416179112184
v 22.739458886107219 -0.47796752129819525 0.0082732877611479162
v 22.645692118332036 -0.050835226541107753 0
v 23.586918939823853 -4.7323178784787094 0.34320736512955441
v 23.552286414679632 -4.5276476540860076 0.29345936791367161
v 23.427157005417662 -3.5254762065430003 0.17685799919276826
v 23.459467745967775 -3.8358190269231049 0.19349702245254818
v 23.368250334004362 -3.0307298360078851 0.12934240117090579
v 23.470054409905885 -3.9133843256320531 0.20478110101162814
v 23.801414794176232 6.472816746727994 21.11532406393151
v 23.809810755129533 6.6755486722100521 20.844819822650788
v 23.855125514116658 7.1470124607956773 20.09786135446317
v 24.188523031036933 4.8126870322880713 21.246670362428031
v 24.13104321928077 4.827030497279468 21.492999999999999
v 24.294224655330826 4.7460789247842916 20.839752607304938
v 24.25626503470917 4.7882458047828464 20.964992183807752
v 24.158750000000001 4.7164190000000001 21.492999999999999
v 24.305530132448041 4.7456146632051492 20.788604273013547
v 23.800961257704742 6.1447895095895806 21.492999999999999
v 23.794187782081053 6.2982416982514957 21.348254961442382
v 23.740629579287258 6.2201494743121364 21.51863034949119
v 24.120581450746958 4.71214158684705 21.517260898306468
v 23.612655315687441 6.2994109163292542 21.585477848457568
v 23.293463759591624 6.4858452401476958 21.753951490069674
v 23.148819948138119 6.5062973431418101 21.840212996096909
v 21.990287326154263 6.3764714657156825 22.565450095381902
v 21.283633458302852 6.178494905925195 23.027161567612637
v 20.927757065648212 6.0604576766231446 23.262669496172009
v 21.068109273332663 6.1070097549948477 23.169788770215629
v 22.334740671973957 6.475586822590448 22.339966524561731
v 22.679800753981414 6.5484462017571534 22.118390901883618
v 23.068085299503416 6.5183682073960458 21.887312786831593
v 23.833276568806578 -7.106085218515271 1.4537463318017656
v 23.695486758046933 -6.7953301761611646 0.97148406069254012
v 23.660980446062702 -5.8224380493971397 0.62408787683894495
v 24.12535127610953 -6.2954304165356874 2.1276968682197914
v 23.990913194789965 -6.6628571688921054 1.8032368493114357
v 23.886355985954683 -6.9643504216122833 1.5733280209456533
v 23.837032337776542 -7.1107789860514607 1.4659352738138489
v 23.677414080975637 -8.0267826282160151 16.570016293181784
v 24.376086419991058 -5.5082689687561066 15.116860214539741
v 23.968129040542038 -7.1527191114117921 16.075536579162463
v 23.937274252277284 -7.2764821089674969 16.110948443910296
v 23.707463946041255 -7.9400536483378668 16.51793996760556
v 24.208850786946151 -5.9649984170856483 2.3050021572628405
v 23.642048970161785 -5.5941489327382579 0.54458654209819246
v 23.632946860604243 -5.1779316422257544 0.46054652684323155
v 23.616808402086473 -4.8791702745069632 0.39297869609648256
v 23.127993951201852 -0.072221997702430624 22.449960136363128
v 24.465282927577494 4.7247246776642422 20.05836962934691
v 24.414237873247465 4.7313995558472817 20.291698047979153
v 23.910814886187396 3.2758936039324418 21.781618414592781
v 24.027231526825581 3.9823400514352811 21.643311667983408
v 23.802715971214564 2.8315206186174464 21.89041865593753
v 24.100989836419327 4.4475960971151887 21.554045465113393
v 24.472192062044144 4.7238207407125339 20.026787531824979
v 24.507445242093358 4.6092370161334077 19.808240919645684
v 24.657763716961998 4.312621182165536 18.53746082952517
v 24.48020767047025 4.6976531909516623 19.97703632716772
v 24.660409256564066 4.3083854573873639 18.513349999999999
v 23.367676819803485 0.93249119012828074 22.265955600791248
v 23.34685017511746 0.83734959022625388 22.282189392468439
v 23.220374200033213 0.25446931937550576 22.380933551745432
v 23.661733959214413 2.2697618883407999 22.035171663731635
v 23.640830776432651 2.177395069282599 22.051487950452984
v 23.773469329593311 2.7128380286018192 21.920661228153925
v 24.684614485008154 -3.791249988894934 13.99979307855379
v 24.520930486689835 -4.8539577019976461 14.581793740129681
v 24.418147720479947 -5.3224363363580949 15.026269268830545
v 24.430044552083721 -5.2697371196074343 14.998513298495912
v 24.444018557285403 -5.2056832818479046 14.932478704078541
v 24.463008970380976 -4.86131184592743 3.3561877585675464
v 24.360513536499873 -5.3694516976014475 2.9081177876180644
v 24.23546311556397 -5.8596856449855359 2.361511549598367
v 24.314844526264547 -5.548601990469888 2.7154507448708989
v 24.762633081717055 3.3244695289058903 17.041472565886412
v 24.840866151458467 2.6006951288632463 16.039618175582866
v 24.832119792705804 2.6801806671067419 16.144005464659696
v 24.782907706793502 3.1310446397398843 16.750680130851986
v 24.878784487665701 2.3539028449801425 15.631949721786494
v 24.920298440539238 -1.4633373425337648 12.533137377377583
v 24.865336085173173 -2.5600754636760579 13.265719237286905
v 24.914724699688659 -1.5738301895478091 12.599660603820789
v 24.858011154736957 -2.6107659629793747 13.411878187223277
v 24.937953440296141 0.91772954786712002 13.492368216158567
v 24.886822137596191 2.173802196032423 15.486890070855452
v 12.460276493735844 -13.922384343956853 0
v 12.391322758489856 -13.550863313695908 0
v 13.273837748090997 -15.844223129637804 0
v 12.87164110879492 -15.844223129637809 0
v 12.79852 -15.744832039908843 0
v 12.802241084359583 -15.807912464488162 0
v 12.804383033293432 -15.844223129637809 0
v 12.296532870419483 -13.04013772720532 0
v 10.317817746355111 -10.87900984652955 0
v 11.821897101830851 -10.48281187508616 0
v 12.227069940503773 -12.665873168582575 2.8315112899281599e-16
v 13.322114804301439 -15.844223129637802 0
v 1.8421347462526014 17.717809074974422 0.0011945471286345269
v 1.581912307199518 17.717754273622646 0.0013243220956929945
v 2.5094678757479558 17.718414951502211 0.00086168301922337736
v 4.2370802677466735 17.719627734094946 0
v 7.3002832674876856 17.719772376957142 0
v 6.091081149920349 17.719772376957142 1.9416378458924537e-16
v 5.1632048815922316 17.719772376957145 0
v 4.5571057922966975 17.719772376957142 1.7770270833523647e-16
v 0.99728969601127659 17.717676409992485 0.0015201152234985324
v -0.054890815876521108 17.717714772811085 0.0014905796226420986
v 1.1591854587498931 17.71769998012924 0.00146589499447487
v -2.40094094438901 17.718623478519284 0.00046666907135071512
v -1.003657306293388 17.71794369584536 0.0010764791220168625
v 5.967700454985355 -10.251361093819266 0
v 4.9208070644561897 -10.251361093819266 9.1880957703309868e-17
v 3.7970576913817848 -10.251361093819265 0
v 6.8289987999967288 -10.251361093819266 0
v 8.0308911161790419 -10.251361093819266 0
v 7.083285228305952 -10.251361093819268 0
v 7.385618950474373 -10.251361093819265 -1.0401866584979185e-16
v 10.360361979847923 -10.251361093819265 0
v 10.318818474956014 -10.251361093819266 0
v 3.719871814758072 -10.251370409161121 1.8585973909180016e-05
v 3.0913039284779495 -10.25144626921475 0.00016994198417609029
v 3.1214095413637937 -10.25144263585476 0.00016269270282945537
v -0.17713885674686436 -10.253175252749291 0.0036196106449953233
v 0.17918491115461699 -10.252992361968516 0.0032547068838033925
v 0.61245180553402545 -10.252769978485469 0.0028110072667668125
v 0.65157538994341868 -10.252749086456088 0.0027693234811317041
v -15.812137933754245 -13.148288408207305 0
v -12.22564198998464 -12.672776045113757 0
v -12.525957155585164 -14.281370677245341 0
v -12.266179785950259 -12.884783627822131 -1.517642627064302e-16
v -12.647567615580973 -14.935159703376623 0
v -12.747255178141115 -15.471089215080143 0
v -12.871641108794918 -15.844223129637808 6.6905370320894756e-17
v -12.804118307370228 -15.844077548197122 1.8765955982475044e-16
v -12.801998840789821 -15.803805912269635 0
v -12.798680812433657 -15.74755815832288 0
v -13.350146754637713 -15.844223129637804 0
v -11.365784102116205 -10.259442893635843 0
v -11.764323671678033 -10.260139166527127 0
v -10.19522216263225 -10.257397850663255 0
v -8.6758232066549734 -10.251361093819265 -3.7925952914275101e-17
v -7.9884773464209591 -10.251361093819265 0
v -9.9500462657281901 -10.256969513444949 1.0485359877409552e-16
v -8.0131002946772618 -10.251361093819265 -4.7707374075072188e-17
v 8.4323208628936737 17.719772376957145 0
v 8.3046174547469604 17.719772376957142 0
v 7.7156633257046394 17.719772376957145 0
v 10.042808169931115 17.719772376957145 -1.2288818274063671e-16
v 9.5589467681679388 17.719772376957142 -2.556403792655856e-17
v 24.3122260713711 5.7565591867275332 8.4806818671011435
v 24.325504051398301 5.7029847901505883 8.515025230202582
v 24.498308899337601 5.0057327689037727 8.9628202383253033
v 24.850879102107502 2.6636658646065743 10.313062712226696
v 24.790026886435278 3.0690465207206361 10.060140028778779
v 24.55556658442913 4.6337396225104168 9.0375039279527272
v 24.853307431034416 2.6476246851177354 10.323229519405121
v 11.778940190662874 -10.251361093819266 0
v 24.671848738277028 -3.7489970204805965 5.3950384416615167
v 24.579939064409558 -4.3485284287916981 4.176125809727389
v 24.876675942200574 -2.3408344114948294 7.9095755824010991
v 24.873893794038874 -2.3600406198578341 7.8365068830953692
v 24.764781704829549 -3.1098543146989432 6.6535570670825717
v 24.816969748667933 -2.7512523683808996 7.2036016604246784
v -11.6996907485207 17.717403235011083 0
v -11.741479495837019 17.717418851231585 1.3978068095775805e-16
v -24.833847316092456 2.7201643136151206 10.179410201368597
v -24.854514044076119 2.5746210838225223 10.30597953994728
v -24.87042399450301 2.4597465079352574 10.565581735982935
v -24.861368074845732 -2.3123931877537283 7.8203957600754661
v -24.843325762547767 -2.6015152086163402 7.4831681829907479
v -24.840640399596786 -2.6448183930566502 7.4425685340144279
v -24.671755759566736 -3.6972388023398506 5.4709515937251094
v -24.746227943901868 -3.2348406951669428 6.4450106616852514
v -24.803902799749721 -2.8745804268625927 7.0652024837775098
v -24.584586595747155 -4.318641456020071 4.2638536953160724
v -24.564848690655499 -4.4473671000193677 4.0005352276636037
v -17.035846720665564 -11.102975945453824 0
v -16.400030278645374 -11.581252122609568 0
v -15.76511 -12.725372845484916 0
v -15.66975149461628 -12.130585109302439 0
v -21.888422353010757 12.048988736726269 11.314349856532388
v -21.184466091816883 13.269134397732723 8.8799147307382142
v -21.164940727840513 13.302977108492813 8.8123917402794358
v -21.065165103926017 13.476665872003771 8.4423970400031649
v -21.129882140172747 13.363743076468284 8.6911514559265477
v -21.795357328884933 12.210295470735581 10.992510594345049
v -21.830602498177786 12.149206106587901 11.114396118874039
v 12.515896062663527 -21.616159731193385 11.992199991644718
v 13.543785687673994 -20.975747331427971 10.740076192560322
v 12.424814231608588 -21.673068407255045 12.11717415486287
v 13.927452462501885 -20.736904169094863 10.289663877047099
v 11.946996337863297 -21.957715033572047 12.73132098216038
v 12.037653532286193 -21.913564242353122 12.644046291863052
v 12.106374355287301 -21.870879365397709 12.550698808288365
v -18.429379945496621 -16.832376867485618 11.829750141766539
v -18.013219813205517 -17.282471998275845 11.411343355094015
v -18.335852341308922 -16.933531004189177 11.735717523372168
v -17.598858585380249 -17.730621533568328 10.994744828018646
v -19.412705972007426 -15.753503671360223 12.826086102805791
v -17.231995702123822 -18.059271419463148 10.66004714978714
v -16.171545561246873 -19.009263351876129 9.6925682400912567
v -16.139363604833505 -19.03809319090626 9.6632080923487003
v -16.70810211715062 -18.528595389884476 10.182083687177894
v -0.43171112256464961 -10.253067176805644 0.0034039774776823584
v -0.19693579561872654 -10.253166848169775 0.0036028418244862842
v -4.1596419613965345 -10.251361093819265 0
v -3.5841453984513554 -10.251624469117042 0.00052548650268460469
v -0.59641119887330951 -10.25299180201727 0.0032535896688510339
v -2.8886438890739088 -10.251942764531693 0.0011605496452074995
v -24.995334140231755 0.063969985645590796 11.861616723088403
v -24.947150836976025 -1.0531123991125817 10.219420756289713
v -24.99526868949782 0.065513492941092114 11.928521665481862
v -24.895939872895045 -1.7308455417892037 8.5673778312300861
v -24.946745898939827 -1.0586100953247259 10.207358594339835
v -6.3955631858376139 17.719772376957142 0
v -5.9636578560629854 17.719772376957142 -1.5639578332809799e-16
v -4.9291308682254877 17.719430784117989 0
v -8.4914362244519115 17.719772376957142 0
v -6.6003358929119775 17.719772376957145 -3.3632864263849005e-17
v -8.8711738241147859 17.719772376957145 0
v -9.3552659363088058 17.719772376957145 0
v -24.08760468870922 6.618497836706446 7.8615557342440265
v -24.015879525206099 6.9098146287218922 7.6912272629193223
v -23.891195214746279 7.41344615150682 7.4825039373086328
v -24.464040083587392 5.1260941536976077 8.7709493760560999
v -24.524875615346382 4.8833755685454232 9.076745093007407
v -24.255621617317047 5.9523684261502563 8.2689950725855503
v -23.175444714876225 9.435472543871672 6.2633680580555922
v -23.547565057192713 8.3856266908043064 6.8697855685270355
v -23.376190893057835 8.8690834074725853 6.5925118180483961
v -23.146866042930689 9.5160840547968082 6.2177689279532444
v -23.813127471783222 7.634956007611553 7.2986719528285589
v -24.82253750334813 2.7998376375490248 10.110156675446365
v -24.880230887069605 2.3889660643814428 10.725619929482665
v -24.776821291720999 3.1194566271320099 9.9738535165054003
v -21.722503564004654 -5.4272809406425608 22.916751259299268
v -21.739444965357194 -5.3767457817345052 22.912664959782227
v -6.5229250035748514 5.1866454554746904 25.0061
v -6.96471760032217 5.1866454554746895 25.0061
v -4.2047057128597167 5.1865100106338256 25.006099999999996
v -4.2133434435597916 5.186513926917625 25.0061
v -5.3861959966103479 5.1866454554746886 25.0061
v -2.648140152312489 5.1858042752159523 25.0061
v -2.5353790460607475 5.1857531501567493 25.0061
v 2.3459037920511356 5.1835214506720897 25.0061
v 1.9661485766164193 5.1831219687701511 25.006100000000004
v 6.5720880484455941 5.1866454554746895 25.006099999999996
v 23.203501091101614 9.3569990700411942 6.2758585423185416
v 23.27522366051485 9.152101148322247 6.3949923169760465
v 23.549383850436779 8.3683979289237698 6.8781076572935849
v 23.527322218738068 8.4314590803606499 6.8394245122709574
v 23.946477488316855 7.2316533046346612 7.5735137887458075
v 23.973785484143527 7.1221095340486658 7.6053086588562229
v 5.3156431246044225 5.1866454554746904 25.0061
v 4.3071844058631674 5.1855846115662576 25.006099999999996
v 5.9500145193688185 5.1866454554746904 25.006100000000004
v 3.5433413624732539 5.1847810900888582 25.0061
v -20.806093879629504 -13.745700190639575 4.837957056127852
v -20.487123690593979 -14.173654732318148 4.6234650486783728
v -20.025283583924484 -14.793294366279406 4.3128999394443301
v -21.524496656486964 -12.556923592503182 5.4337751959310028
v -21.452636382514786 -12.675834341160741 5.3741767977300174
v -21.079038363460494 -13.294045456803437 5.0643276658533471
v -24.9569835148944 0.8599947371333343 11.307816886521945
v 20.670641129681609 -14.029983012519512 10.821292216897518
v 20.6869233158308 -14.000660304494287 10.759812632535162
v 20.716044194243597 -13.951624392001426 10.660946959885733
v -5.8217137124048852 -10.251361093819265 0
v -5.2681914494087705 -10.251361093819266 0
v -5.7667748525379681 -10.251361093819266 3.4081718450813127e-16
v 24.493294316625843 -4.7250154836887068 3.4865381664697206
v 24.514662846210733 -4.6317089565213374 3.6458598711457859
v 24.566324720457427 -4.4056813791006002 4.0205928819492947
v 24.879756327594531 -2.3207249198112039 7.9897557551875913
v 14.264807538812896 -20.478541671978682 9.7938777639854706
v 13.972743157870152 -20.702145764045099 10.218690717388585
v -13.603400874508635 -20.92745564703975 10.63072377294359
v -13.10622373405946 -21.241301000858453 11.228455698453386
v -14.028695861522277 -20.659197793763855 10.130584811105448
v -13.69805 -20.886267988331237 11.497087876254412
v -14.012344472221873 -20.685818936113002 11.011007372882133
v -15.152668741751349 -19.798736504777555 9.0165251113145697
v -14.595587039266169 -20.234140886193352 10.115815307967468
v -14.529209999999999 -20.286019907875399 10.246797223587079
v -14.446650169663046 -20.349880502490919 10.368865840812918
v -14.19504959639913 -20.530286110221919 9.8701657449342921
v -14.935361021696107 -19.95812129462718 8.8044509522388346
v -14.861756013401964 -20.014970166642058 8.9080643253926883
v 20.866049546358493 6.0394851516086989 23.304513886725875
v 19.092582690444775 5.436737246230896 24.507116755993319
v 19.561812792713816 5.5962144083440615 24.188927856407332
v 19.610077771623398 5.6126182192435135 24.156198966138959
v -20.828705889653339 13.885909079572601 7.5474038832501789
v -20.373888655968013 14.529734001958627 6.1225391154365552
v -20.300084070790341 14.635111371977807 5.8504691484043203
v -20.426206250959467 14.453589116676868 6.3809150904804346
v -20.62533501170569 14.172722641744574 6.9588263136935842
v -20.542129695787484 14.29018108339929 6.7128509283717372
v -20.174085690560243 14.814645807385428 5.4025114244270345
v -20.131360357035415 14.876080955242911 5.2254255845831761
v -20.005365225614234 15.056011347118361 4.6440780256261469
v -19.986189862047297 15.092136415819137 4.0650641296403904
v -19.983203538715482 15.098525337597883 3.9320780897501528
v -20.011033976777949 15.04674870479818 4.7357370695509617
v -19.985748863930791 15.095401084610037 3.9151652506614996
v -20.052125903698546 15.008202400559242 3.7953497094860023
v -19.983007832732572 15.098944080040994 3.9233601497714661
v 24.992284222726084 -0.15723609776476741 11.60748977685672
v 24.948702713163687 -0.91496760019397294 10.31054034230681
v 24.992294137911969 -0.15672968987410102 11.588988678347009
v 24.952970453446468 0.64498784734738945 11.213683465964094
v 24.875030959742762 2.2415561510391271 10.271285086026122
v 24.961602501423339 0.41838078824522063 12.624564856873896
v 24.856260315117201 2.6152362542416161 10.328581719189749
v 24.959900155536833 0.45430862628824897 12.683190175230068
v 24.855311829543787 2.6351238118586888 10.332024100676376
v -3.5520897636357209 17.719148043747708 0
v -4.0437308068737297 17.719138431840769 0
v 14.886756857136103 -20.002378121373553 8.8892411700567955
v 15.070018338694615 -19.862268265695949 8.634522022540434
v 15.429092977454101 -19.588201928184635 8.1633095886683229
v 14.874176978987668 -20.012009258941944 8.9075388315944206
v 15.462559560836837 -19.5642016647977 8.2131401778212023
v 15.261190041988486 -19.722655521830969 8.7663602841571375
v 15.527890029235827 -19.512794357679855 8.0336585517967389
v -2.4909225220040438 17.718665854235667 0.00043019128636060657
v -3.304000774130269 17.719102445057764 0.00010058495015311801
v -19.323164038002282 11.512079738784291 0
v -19.459553070275671 11.182990108146592 0
v -19.211771702861142 11.780855474020715 0
v -19.122236278323307 11.996893224996784 0
v -18.868814569889327 12.60836802640851 0
v 20.039972890379012 15.008041683062453 4.8004799193322345
v 20.049880251457832 14.99231093901062 4.891289393252082
v 20.277138089290556 14.664693045388891 5.7751457343442105
v 20.185290845446254 14.797234568092469 5.4131183924789958
v 20.040997892795328 15.006276964374385 4.8148290913366028
v 20.033369389760004 15.018225659730387 4.7227146558059081
v 19.992281721142177 15.085948300074115 3.9741986843241865
v 19.995792630740905 15.078878448752292 4.1160930797943545
v 20.726718655033487 14.038256811851678 7.2531868745101429
v 20.600898259476796 14.212608749929599 6.8891644171195505
v 20.568441517727596 14.257525706671625 6.7983006374466548
v 20.503922240733157 14.346929110370608 6.611752477425771
v 20.277228985027651 14.664565481971527 5.7754914888846507
v 20.364410352296176 14.542348821723364 6.1002162986069921
v 20.871890792535883 13.797850451117835 7.7578783914544136
v 20.97001283070594 13.635387696283184 8.0928835148839227
v 20.898592110179489 13.75367117525616 7.8423943803718963
v 21.055654554688658 13.493633738027809 8.3755525124506924
v 21.997108480621101 11.983038639829454 4.7230735213639123
v 21.975314929294925 12.019169733504558 4.6914170101641863
v 21.70872867019477 12.45931151873854 4.4195084909475399
v 21.547044630948637 12.723232171990015 4.2530178221897419
v 21.167748951746585 13.342365414190152 3.8624462383665428
v -9.7078266654558867 17.719772376957145 0
v -1.5705180753804644 0.095388345468413502 12.007751096059307
v -1.5400079989557356 0.32029716147352361 11.455214292767343
v -1.5358337353538829 0.34833627464693562 11.495929668133011
v -1.5579459258026993 0.19513634196972557 11.479037335756557
v -1.5945843821267927 -0.065504870585914962 11.740503935369409
v -1.5481671465903959 0.26366324019178528 11.453446467488124
v -1.5542043796545362 0.22182121570815333 11.449441107016986
v -1.584023451549641 -0.17855845175503443 11.766607213071893
v -1.5648839127923539 -0.35576572261512573 11.821881256430043
v -1.5822278516497807 -0.17949473469218669 11.57602666357468
v -1.545479 -0.50315900000000002 11.475237200555791
v -1.5625798462360967 -0.33328926317562313 11.281875823706665
v -1.5944765096084605 -0.081533683008580798 11.733386751028716
v -1.5358779133820093 0.34822961649375322 11.455772964384865
v -1.549205502152345 -0.47485372641833501 11.064242303212303
v -24.890284248273741 -1.8253753516514819 8.3747838262859613
v -20.896330099195684 6.9229256362999019 0.0030711852822030801
v -20.788731878320267 7.3173089279824692 0.0043160750668262042
v 20.541291390471109 -14.212795796964343 11.146545096280368
v 20.287851668000325 -14.560006571265344 11.748088334199116
v 19.839310517280175 -15.182534275441739 13.103974666949215
v 20.108987486449269 -14.808251137064635 12.288772982433773
v 19.442433126538276 -15.68396958235312 12.874709930133017
v 19.052165023803987 -16.175159758797633 12.447704715363546
v 19.784701954691233 -15.253191161770962 13.249200059832146
v 19.320952850273009 -15.836864275227489 12.741795269001329
v 23.139657882388796 9.50186372148994 6.1502264873878083
v 22.69646979313611 10.506398465390888 5.5944078314194545
v 22.651341595792104 10.609059741009794 5.5386078531322331
v 22.661918848923495 10.585001023214742 5.5512231605352582
v -22.955550810771356 9.9208886832297623 5.8971592026626425
v -23.035467231118794 9.7517729447664401 5.9994612669211875
v 20.712669129666697 7.4978091953915431 0
v 20.756344813594652 7.372407488317763 0
v 20.901792688354501 6.8454684937603494 0
v 17.254811012814699 -18.042988927810907 10.678778925291017
v 17.55711649116412 -17.776325453074477 10.952497658043608
v 17.948316697543142 -17.359079054457354 11.342876318697208
v 18.257960570717284 -17.028819017782244 11.651869555735754
v 18.725818656858575 -16.529810919512453 12.118748216862381
v 18.592479102446912 -16.672028256683809 11.985688967615509
v 24.883755514718739 -2.2968459790874807 8.0924605942416843
v 24.930466066178678 -1.2998012403428232 9.7402870932163452
v -9.8105146292575984 17.719772376957138 0
v -11.057950256825498 17.717163420188516 7.0847169408202933e-17
v -22.770918924086388 -10.136191945708289 5.0651632157029773
v -21.988341087013204 -11.781123412677932 5.8226084054062408
v -22.452780914135715 -10.821242434005494 5.9060833282396867
v -22.345965610104553 -11.051249139365908 6.1884234227077934
v -21.759968361293158 -12.163086825453613 5.6311672797736874
v -22.901607837228894 -9.8673556120586472 4.7429698708946768
v -22.969612379286094 -9.7206038551126319 4.5626309573168573
v -23.035663041921644 -9.5784047913631607 4.4079003382759376
v -23.22647209281946 -9.0531453205153287 3.772630887460859
v -19.685935761072784 -15.394915404679653 13.132406285487201
v -19.798424266890901 -15.24728487866903 13.258518219059498
v -19.644233797519348 -15.449645302479601 13.085654453906798
v -19.59575633909607 -15.513267371816047 13.031305452448191
v 20.538836380191317 -14.106971461063827 4.6568868898359321
v 20.125291352208098 -14.644764398571725 4.3873435726747845
v -19.195036544691256 -15.843107572316773 3.7867306385491601
v -18.391235698416892 -16.75882008467153 4.3017439068101808
v -18.914691469248076 -16.157792048905563 3.6290099029963323
v -19.111221035641542 -15.937189622995334 3.7395764528829516
v -15.992833328617166 -19.128752041272094 7.4455611860811173
v -16.038739519729386 -19.085126873030635 7.3742283829256641
v -16.474922057903317 -18.671740504823035 6.7475480339429339
v -16.161431362972063 -18.968632171217962 7.1881638799487488
v -16.966954606217183 -18.206224112511702 6.057108874195813
v -17.584241254112509 -17.624000122604823 5.2821363549029208
v -17.551520487459648 -17.654817381725884 5.3209341177921115
v -17.717373760131487 -17.501204205685358 5.1298513658689231
v -21.901783447414545 12.136845885504405 4.6144723818895361
v -21.543412940315136 12.744042161737459 4.2570461037998069
v -21.151078036906618 13.407820285892427 3.9174961538739761
v -21.419117196942373 12.954112666206854 4.1613397573161093
v -21.047191451640185 13.574434200127497 3.8169303158579213
v -20.891067346008391 13.774854639783845 7.7860656662354648
v -20.866388777260969 13.82055086186614 7.6851480547107665
v -22.077863131560751 11.833353710797683 4.8233275080033922
v -22.000263870688691 11.970265220685778 4.7128380338206455
v -21.999382627037939 11.971806892371577 4.7119844580530934
v -22.362925208008324 11.212235574213951 5.1702515978240164
v -22.675355021079724 10.53152644925733 5.5477154305498502
v -20.856486334610253 13.837753582578825 7.647259991633935
v -21.84670528671883 3.4949526173253611 0
v 22.118145667849426 2.4415534896103126 0
v 22.182596592062236 2.1370556466116959 0
v 22.362129878202477 1.28885216397963 0
v 22.458267293803097 0.83465176205531166 0
v 20.179843281874874 14.840857027227855 3.5000807259344611
v 20.034045200228864 15.032449790467471 3.8033388157011294
v 19.990577184359442 15.089380693101536 3.9053093525021789
v -15.938474739038654 -19.218258037912754 9.4798330895069078
v -15.97119041399494 -19.149200010531768 7.4788685338340439
v -15.873106384407345 -19.242026047577298 7.6378634780570982
v -15.630149313905617 -19.427129103238066 7.9086691248084557
v -15.072429776920652 -19.853176932609419 8.6137908995199997
v -15.220449999999998 -19.746300602580384 8.8825012828511092
v 14.522566878985248 -15.844223129637808 1.2099403056709146e-16
v 19.216012070573086 11.805340851276952 0
v 19.254566056667375 11.697259503587352 0
v 19.145972902166339 12.001687026584149 0
v -1.2056184939398695 -1.1236624127292139 10.02162410663129
v -1.1838363910546721 -1.1520486301100388 9.9778052105774737
v -1.1458372188012251 -1.2015687691692831 9.9005004395191776
v -1.0210220179086285 -1.3017616604070017 9.7147944722101922
v -1.0918077477395598 -1.2448472961880117 9.8039409679969349
v 15.22045 -19.75471308856546 8.8782849214602422
v 15.727527674888927 -19.385550917462471 9.2982495497276503
v 16.195816200633274 -18.973900730108426 9.721537479061972
v 16.759099584135363 -18.478745181755933 10.23069747773935
v 17.234904066157004 -18.060488176312269 10.660784829583761
v 20.70613863898518 -13.880471936090803 4.7704090821866929
v 21.929463492402768 -11.914170037910182 7.4318949332844841
v 21.660815583636953 -12.372047776989955 8.0189676778818626
v 21.462149352171476 -12.712410775909653 8.5600513844285704
v 22.033474989244066 -11.736895071465126 7.2045999761012185
v 21.953603501671751 -11.847112610258501 5.8050497526861218
v 21.5122644532963 -12.577278793615166 5.4305531610711544
v 20.847668237511144 -13.732587872695129 10.222549589610031
v 20.96969075821303 -13.529605883819725 9.8284623351177061
v 21.167505925419398 -13.201361090949217 9.321119793243497
v 20.723312986842767 -13.852703732172952 4.784326583279789
v 21.143419565114858 -13.173457845841355 5.1247665121087049
v 22.329813093004155 -11.071660382990073 6.2026531611828597
v 22.264496825710982 -11.21851803959531 6.4291106140248484
v 21.127916652825085 13.368536640292112 8.6255978847337609
v 21.240857047901411 13.172883278233812 9.02417744963007
v 21.786180140743181 12.228619698381234 10.923927229157464
v 21.75756178055499 12.278127302777175 10.826922882294209
v 21.343722670405295 12.994610092796568 9.3913823963397309
v 22.576585763208069 10.766511106277587 5.4435112544714421
v 22.480814693954027 10.967641206578133 5.3214059215101601
v -21.9833238956275 3.0024304723821476 -7.693996128482326e-17
v -21.996999191163312 2.9379904773262524 0
v 22.096535883669688 2.5479459638359501 0.0022404990792404215
v 22.080829154002704 2.6267880655699494 0.0039019610928394629
v 21.926059212132337 3.2123109620522152 0.016099244936551967
v 22.06999262628548 2.6776555110765665 0.0049712945860120161
v 22.990447951183153 -1.4343607949312773 0.027720578958254725
v 21.655204468686147 4.1572734046604483 0.005377989430506532
v -1.5442581809185949 0.30891148478990393 12.31543403208495
v -1.568520713647916 0.11163597085236249 12.031367899388194
v -1.5428004329555931 -0.50962587762045963 11.911323918072243
v 21.863181892894829 12.093639583746931 11.197040814235532
v 21.812855749563546 12.181954583612443 11.015405042588771
v 0.4976402608095214 1.4161110439367144 14.119965454144728
v 0.49458213915791172 1.4174593540585507 14.122002209209358
v 0.41061054927414942 1.454486195066045 14.178563012071828
v 0.016709995705709944 1.5087400224437053 14.270769642679095
v 0.042686780101907365 1.5047232601376612 14.264930902066052
v 0.24110014483664255 1.4776091104582434 14.222121435164389
v 0.34644942433548953 1.4632126198953752 14.199391381169034
v 0.39634799263108467 1.4564096605723842 14.185945654242976
v 15.547529430827936 17.28495314642948 0.034298976272173459
v 15.827853568228802 17.158677937501082 0.043999118645156279
v 16.094382749953677 17.038382345145681 0.050346307358384454
v 16.17666791219753 16.986037047838764 0.051646535958987598
v 16.582459264913936 16.719920284881152 0.057712882368719076
v 16.587677755045828 16.716495007850806 0.057781595473557414
v 1.5575057427937022 -0.40956906497167089 11.163563269973116
v 1.5294470484360707 -0.54186501969719114 10.951056880114843
v 1.5455406444136197 -0.46045220715456642 11.037145681684889
v 1.5449890378192654 -0.46279374334830653 11.031290210407089
v 1.4071140585182946 -0.80229626838669843 10.488726880410486
v 1.335762136449077 -0.95406052688424015 10.281869367760031
v 1.3857399493904321 -0.84809633976425947 10.407674698495907
v 1.3860684177814337 -0.84739013948467845 10.409053867517949
v 1.3732644687715956 -0.87454891594846351 10.376171907545805
v 1.391235203848824 -0.87555055745889165 12.157156146324445
v 1.2985272009136684 -1.0021665770177988 12.226566445903265
v 1.2644923519870519 -1.0462677640315463 12.25317654987477
v 1.1432035682278145 -1.2034456701220246 12.363915147081666
v 1.0096798817995425 -1.3060379092965952 12.440870716383143
v 1.1289076818341186 -1.2143027996277032 12.380917643732849
v 0.8042873802445426 -1.4714104409585176 12.524787322414653
v 0.83694215587916454 -1.4451216041350101 12.521270352322135
v 0.94915014669027142 -1.3547751975048332 12.470243849341148
v 0.42613010014557745 -1.6295507887890919 12.633660754832215
v 0.20715312273275152 -1.6617764698472191 12.652603399747543
v 0.42165353342805972 -1.6301873991787017 12.635511034002304
v 0.48086032796763861 -1.6060700314693095 12.618907497691826
v 20.9010562748669 13.784769436130869 3.6195761642822046
v 21.152628701017676 13.36752485398787 3.8471261438463449
v -1.3293670452662756 -0.94320085479862903 10.280207100994954
v -0.3937325459360565 -1.6372125488303713 9.1822992409126201
v -0.18452761772292581 -1.6647552073118641 9.1477602699813296
v 0.38237618348699953 -1.6387076589847926 9.1847703575203337
v 0.12142987527616252 -1.6648750810007344 9.1231860564068494
v -0.048092668085162181 -1.6827174095167008 9.1209497353148379
v 0.066386518983796647 -1.6707037601792427 9.110041381886596
v -0.12977415510028753 -1.6719637178119526 9.1387206729218189
v 1.1758858033582078 -1.1509112251355209 9.9512562750029243
v 1.098687576432507 -1.2455008074692604 9.8209735859428182
v 1.1464078507802715 -1.1870382976541851 9.8903824439769714
v 1.0049195196666101 -1.3165611557080454 9.7018153820196531
v 1.0806961289664221 -1.259135297345831 9.7988673410014542
v -0.53912471786773075 -1.5749693591488023 9.2671499545259728
v -0.8245771361689086 -1.4558409835199311 9.4693234645572524
v -0.79898093669548997 -1.4664274105760935 9.4420906694791356
v -0.77594507118818468 -1.4760480650040686 9.4264466450213309
v -0.43106065209882882 -1.6211809504596852 9.1939233192948375
v -0.45070405858627194 1.4410575749902501 14.158833557899239
v -0.41816541281030106 1.4455996432268918 14.175786214864784
v -0.0052082440818078434 1.5102543014343348 14.273222434219678
v 0 1.5098752341422925 14.273799448133
v -0.40429706437062518 1.4477791031383804 14.183136999945713
v -0.37252471544527777 1.4527528926772677 14.190308901801476
v 0.58744495200886349 -1.5583015133341145 9.3001237161918571
v 0.39201809782160424 -1.634927389505161 9.1884502371097803
v 0.45579154426038182 -1.6099242382447803 9.2110228484074632
v 0.79514575754370187 -1.4764371525878517 9.4382230221569507
v 0.6252175308944522 -1.5434139581149742 9.3257260094861394
v 0.07623315460443629 -1.6784533988616706 12.664240325868745
v 0.16102157726026878 -1.6676529729575684 12.656738682630703
v 0.59675307703928993 -1.5578123902693977 12.586933519085132
v -0.90115099561772738 -1.3967420853416466 12.490407708768331
v -0.79804070426185025 -1.4755121733532273 12.529010588913199
v -0.82486508426099914 -1.4550239896836232 12.52667302713234
v -0.76312867699391151 -1.4899721007736653 12.53807043819582
v -0.53139341658803541 -1.5859526355191351 12.601207316425807
v -1.2817676553051069 0.84631749373324117 11.116087300689451
v -1.1376922799089952 1.0278126498233258 10.990034415068742
v -1.1446199871148672 1.0191168753033066 10.991918155720565
v -1.1987610306629004 0.95093370524870346 11.036666626747095
v -0.97227388747741195 1.1563747620159179 10.907794330251654
v -1.0789335001230798 1.0734653419446001 10.959770328206224
v -1.132294436830334 1.0411165428303089 13.506373811186227
v -1.2205982977798489 0.92603567202221626 13.316467895699144
v -1.3588897839220977 0.74580907174146338 13.028051978966987
v -0.92901177922292366 1.1972918718012058 13.763687124091922
v -1.1306289129982585 1.0423965263440704 13.509497433552509
v -1.3776453814336631 0.72136608056363705 12.988935956708083
v -0.80942071754741474 1.289358687114154 13.914928808195315
v -0.81956838117561293 1.2815465314367107 13.901751566335971
v -1.3427323045676722 0.76686609885417589 11.173195948163968
v -0.84871174393415127 1.2592099215966814 10.850978981571981
v -0.85187652283175597 -1.4344290133854665 9.5034452310008959
v -1.5301594747006899 0.36203553166709529 11.445173399561494
v -1.0942725015886898 -1.2488887397896498 12.395039165548136
v -0.94890843831453187 -1.3601791298811872 12.467742842240991
v -0.41777782566304383 -1.6330101491374931 12.632162181545148
v -1.3900908206183347 0.69414787194728511 12.957568638848432
v -1.4079994282938648 0.62788796821884618 11.209136836835205
v -1.4140048123367119 0.61493605017607145 11.217281983286686
v -1.3904935039415134 0.69312886244263028 12.956485656562279
v -1.5374731741199597 0.32518975354544333 12.375147957782303
v -1.4849309534350821 0.45672044642835691 12.582964274315414
v 0.81577290520919166 1.2844845304949584 13.907124747549815
v 0.80397830584191421 1.2893621698140614 13.920094178314914
v 0.98563353922648833 1.1450548983809288 13.683718606942804
v 0.95174200448735402 1.1728747795817416 13.729848651651384
v -0.50495245284106871 1.418117675983033 14.122660743814517
v -1.4686682410093579 -0.67171364211409079 12.055806961000579
v -1.4826609448747941 -0.64113362957352993 12.03884702181254
v -1.5364300587450057 -0.52359531408942905 11.952551502098485
v -1.5468296507089814 -0.48021778504575946 11.034919261093409
v -1.5345964731571256 -0.51193836486213373 10.978156199548899
v -1.4534398729616111 -0.72536951815522832 10.670329026389187
v -1.5047535034347792 -0.59044871883973282 10.865588471392043
v -1.3531211952188553 -0.93143837610465197 12.191933862376979
v -1.4027180615527335 -0.8433679482458778 10.484863052628418
v 0.50439214167821478 1.4190253711473566 10.758754830786817
v 0.83520383426777034 1.2695748022988151 10.846653298629585
v 0.76099543759075372 1.3032300349515622 10.813249243285485
v 0.79233317234675826 1.2890877271303809 10.819986043476256
v 0.85655648236100679 1.252439907653137 10.85623570894783
v 0.97896236130975767 1.1542122341941892 10.910767431320002
v 1.1403942357915546 1.0273231528389859 11.005909450221434
v 1.0984277460196978 1.0601818527064049 10.964910220915938
v 1.1238934024281024 1.0316166162602041 13.495556287117068
v 1.1594004025105913 1.0044386117456245 13.448140589302874
v 0.41864974454032527 1.4539777634784832 10.738672119248719
v 0.27881162596591547 1.4726927993327243 10.720426375139901
v 0.20418822131632683 1.4829411320298298 10.717192214060832
v 0.0075515123306131235 1.509945795217664 10.704934437203939
v -0.22638243006109171 1.4794937862344171 10.712490877158155
v -0.15879902279963101 1.4883016196597143 10.706952751545058
v -0.017710308632324322 1.506675441221573 10.699843809920345
v -0.40891279606149766 1.4571040212445079 10.734870134475036
v -0.38465656338170601 1.4600787805647939 10.72606818235959
v 0.38205927617211694 1.4588879386206053 10.725088840877126
v 1.5970039331544943 -0.11134668736459884 11.646094477142441
v 1.5964388407055734 -0.11561300008915953 11.639786183182778
v 1.5960440068807666 -0.11858639827045218 11.650607690171611
v 1.5754417638553921 -0.27396841033272712 11.745373362552943
v 1.582703665507551 -0.21919919239151803 11.711955298717394
v 1.5850295584557375 -0.20175656679510548 11.499802105228138
v 1.5958296215632577 -0.1202115495480257 11.634830886395067
v 1.5890039552790094 0.04232568288507476 11.664063011013917
v 1.5667412104178553 0.20567473998900518 12.060968995575539
v 1.5542056053439084 0.20795550356572559 11.550591361613201
v 1.535214385257786 0.34983155952552308 11.90988141863647
v 1.5969951001119451 0.0060942975875849332 11.704881177461852
v 1.5353402932322366 0.34952758235416792 11.509575147310926
v 1.5481824912458699 -0.48064136286915904 11.870270685291162
v 1.4809878983800249 0.48074951103357155 12.605656116182464
v 1.5594960560804243 0.2258018427882017 12.132412328140525
v 1.5210765790357239 0.34270287521776138 12.428205368360604
v 1.5361970956956035 0.29063489935643816 12.361275079190134
v -0.61453338028501303 1.3685051622699513 10.780845568882812
v -0.5623367105997098 1.3910016011757611 10.767486076442111
v -0.81292331051696121 1.2757577013205574 10.827896765685201
v -0.80033455517341967 1.2931889384077022 13.925139604862853
v -0.59555056620995872 1.3797996470359883 14.062246342214827
v -1.1997689493645149 -1.1175438873982431 12.326763861292699
v -1.1202984498871964 -1.2164152339516319 12.388100028803606
v -1.3007592982225233 -0.99499116202884175 12.247239687451927
v -1.340977337014382 -0.94618422277095526 12.213073407919198
v -1.3545908784850658 -0.90855271064609411 10.3318419468252
v 1.3258303095234798 0.76633480535881715 13.071932663462276
v 1.1731358517613706 0.98486940570458792 13.425596320884093
v 1.3041572571024194 0.79600283550924145 11.115313040557727
v 1.3985385067759428 0.67980547193739405 11.244525395381952
v 1.387043748932645 0.70755704200163072 11.84028654716545
v 1.3381947721171676 0.75363324533818221 11.141033368377011
v 1.1968082092367014 0.9476404261697019 11.043257482928423
v 1.3278981302244786 0.76376782343783534 13.06734385538673
v 1.390292117441752 0.68629671755070709 12.92987101480276
v 1.4017359191395453 0.67208602151987151 12.904756864185792
v 1.4166246967465566 -0.80533969467604249 12.134880515314279
v 1.5382610414097202 -0.50371397329080647 11.9419709345495
v 1.5355256354076874 -0.51007437489514484 11.961770672715627
v 1.5322920372876048 -0.51810433154410129 11.966478521685515
v 1.4002669585774661 -0.85063542930262637 12.156353017346305
v -0.10784358755477794 -1.6606695643944289 12.666807889957623
v 0.010419503892680773 -1.6718672313356189 12.677566817328314
v -0.33643661047692625 -1.6402361010116127 12.64540880318077
v -0.40418103145614009 -1.63418843354289 12.638081781239121
v 1.4723342706838338 0.5016417958989442 11.328972025590643
v 1.5129925447442689 0.40348131642986212 11.415950546583636
v 1.4862587766270838 0.46802413230289952 11.344906241078892
v 1.5034930036259126 0.42641587360088357 11.364464707256523
v 1.4113103425395326 0.64897067751422599 12.878136588172175
v 0.8077776467646024 -1.4668195788404936 9.4488926559083204
v 16.774756911848144 16.579318231896337 0.078808647617290575
v 17.162522785578016 16.253511370630438 0.11246106042162125
v 16.705127369241072 16.644245807910764 0.074303963510011409
v 23.644032492155311 -5.6637917251993146 0.55975209038139762
v -23.571400000000001 -6.5463254170774281 0.44816400529567169
v -15.22045 -19.899701694059672 8.8056162288281374
v -14.529210000000001 -20.554565764768615 10.11220129264699
v -13.69805 -21.175914377064714 11.351916300025183
v -12.545470660661749 -21.8500879053659 12.695633336856847
v 10.451309999999999 -22.781012646234952 14.554409028308374
v 19.2424 -16.014023101629416 3.7010672995347713
v -22.211090372268561 -2.9384278754276481 23.215867533890318
v 1.409828405363299 -0.39726338833543112 12.357763204163005
f 1 2 3
f 4 2 1
f 1 3 5
f 6 4 1
f 5 7 1
f 1 7 6
f 8 3 2
f 2 4 9
f 10 8 2
f 11 12 13
f 13 12 14
f 15 16 13
f 13 16 17
f 18 15 13
f 13 17 11
f 14 18 13
f 3 8 19
f 20 5 3
f 3 19 20
f 7 5 21
f 22 6 7
f 21 22 7
f 23 24 12
f 12 24 25
f 12 11 23
f 12 25 14
f 26 19 8
f 14 27 28
f 28 27 29
f 28 30 15
f 31 30 28
f 28 15 18
f 28 18 14
f 29 31 28
f 32 33 34
f 34 33 11
f 34 35 32
f 36 35 34
f 34 17 36
f 11 17 34
f 20 21 5
f 6 22 37
f 25 38 27
f 27 38 39
f 14 25 27
f 39 29 27
f 40 41 33
f 33 41 42
f 33 32 40
f 33 42 23
f 23 11 33
f 43 44 24
f 24 44 25
f 42 43 24
f 23 42 24
f 45 37 22
f 22 46 45
f 38 47 48
f 25 47 38
f 38 48 39
f 41 49 43
f 50 49 41
f 41 43 42
f 51 50 41
f 41 40 51
f 19 26 52
f 53 20 19
f 52 53 19
f 54 55 56
f 29 55 54
f 54 31 29
f 57 58 32
f 59 58 57
f 60 61 57
f 57 61 59
f 57 35 60
f 32 35 57
f 21 20 62
f 63 64 37
f 37 45 63
f 65 62 20
f 20 53 65
f 48 66 55
f 55 66 67
f 39 48 55
f 67 56 55
f 55 29 39
f 58 68 40
f 69 68 58
f 40 32 58
f 58 59 70
f 58 70 69
f 71 47 44
f 44 47 25
f 44 72 71
f 43 72 44
f 47 71 73
f 47 73 74
f 74 48 47
f 75 76 49
f 49 76 77
f 77 43 49
f 49 50 75
f 74 78 66
f 66 78 79
f 66 48 74
f 79 67 66
f 68 80 81
f 69 80 68
f 81 50 68
f 68 50 51
f 51 40 68
f 62 65 82
f 62 82 83
f 84 45 46
f 85 63 45
f 45 84 85
f 86 71 72
f 87 86 72
f 77 87 72
f 72 43 77
f 53 52 88
f 88 65 53
f 74 89 78
f 80 90 81
f 91 90 80
f 92 91 80
f 80 69 92
f 93 94 95
f 95 94 59
f 96 97 95
f 95 97 98
f 95 61 96
f 59 61 95
f 98 93 95
f 71 86 99
f 71 100 73
f 99 100 71
f 75 101 76
f 76 101 77
f 102 82 65
f 65 88 103
f 65 103 102
f 104 105 106
f 104 106 107
f 108 109 94
f 94 109 69
f 94 93 108
f 70 59 94
f 69 70 94
f 105 110 106
f 111 110 105
f 109 112 113
f 108 112 109
f 109 113 69
f 114 115 116
f 74 73 89
f 90 117 75
f 91 117 90
f 75 50 90
f 90 50 81
f 118 85 84
f 84 119 118
f 101 120 87
f 121 120 101
f 101 87 77
f 101 122 121
f 123 122 101
f 101 75 123
f 124 125 112
f 112 125 113
f 126 124 112
f 112 108 126
f 127 128 129
f 106 130 131
f 131 130 132
f 131 133 134
f 132 133 131
f 107 106 131
f 135 136 93
f 137 136 135
f 135 97 138
f 98 97 135
f 138 139 135
f 135 139 137
f 135 93 98
f 115 140 141
f 142 116 115
f 115 141 143
f 143 142 115
f 117 144 145
f 146 144 117
f 117 145 122
f 117 122 123
f 123 75 117
f 117 91 146
f 147 102 103
f 103 148 147
f 128 116 149
f 150 129 128
f 149 150 128
f 130 110 151
f 106 110 130
f 151 152 130
f 130 152 132
f 136 153 93
f 154 153 136
f 155 154 136
f 136 137 155
f 156 141 140
f 140 157 156
f 125 158 159
f 160 158 125
f 125 124 160
f 159 113 125
f 110 161 151
f 111 161 110
f 154 162 153
f 153 162 126
f 108 93 153
f 126 108 153
f 163 164 102
f 102 147 163
f 116 142 165
f 165 149 116
f 144 158 166
f 146 158 144
f 161 167 168
f 169 167 161
f 161 168 151
f 111 169 161
f 162 170 171
f 172 170 162
f 162 171 126
f 162 154 173
f 162 173 172
f 158 174 166
f 160 174 158
f 146 159 158
f 156 143 141
f 163 175 164
f 142 143 165
f 176 156 157
f 167 177 178
f 169 177 167
f 179 180 167
f 167 180 168
f 181 179 167
f 178 181 167
f 182 183 170
f 170 183 171
f 172 182 170
f 184 185 129
f 129 150 184
f 186 187 188
f 132 187 186
f 186 188 189
f 186 189 190
f 190 133 186
f 186 133 132
f 185 184 191
f 185 191 192
f 193 194 195
f 195 194 155
f 195 196 197
f 137 196 195
f 195 197 198
f 155 137 195
f 195 198 193
f 199 147 148
f 150 149 200
f 201 184 150
f 200 201 150
f 202 203 187
f 187 203 188
f 151 202 187
f 187 152 151
f 132 152 187
f 204 205 194
f 194 205 155
f 193 204 194
f 202 180 203
f 203 180 206
f 203 207 188
f 206 207 203
f 205 208 173
f 204 208 205
f 173 154 205
f 205 154 155
f 177 209 178
f 182 210 183
f 183 210 174
f 183 174 160
f 160 171 183
f 199 163 147
f 149 165 211
f 211 200 149
f 175 163 212
f 212 213 175
f 143 156 214
f 143 214 215
f 215 165 143
f 156 176 216
f 217 214 156
f 156 216 217
f 180 179 206
f 180 202 151
f 151 168 180
f 218 219 208
f 208 219 172
f 204 218 208
f 172 173 208
f 220 212 163
f 163 199 221
f 163 221 220
f 222 178 209
f 182 223 210
f 224 216 176
f 179 181 225
f 226 206 179
f 225 226 179
f 219 227 172
f 228 227 219
f 219 218 229
f 219 229 228
f 213 212 230
f 230 231 213
f 214 217 215
f 232 191 184
f 184 201 232
f 233 234 235
f 188 234 233
f 233 236 237
f 235 236 233
f 233 237 189
f 189 188 233
f 191 232 238
f 191 238 239
f 191 239 192
f 240 241 198
f 242 241 240
f 198 197 240
f 240 243 244
f 244 242 240
f 245 232 201
f 246 245 201
f 200 246 201
f 222 247 181
f 181 247 225
f 181 178 222
f 227 248 223
f 228 248 227
f 227 223 182
f 227 182 172
f 234 207 249
f 188 207 234
f 234 249 235
f 241 250 204
f 242 250 241
f 193 198 241
f 241 204 193
f 224 217 216
f 220 230 212
f 207 251 249
f 252 251 207
f 206 252 207
f 250 253 218
f 254 253 250
f 250 218 204
f 242 255 250
f 250 255 254
f 252 256 251
f 251 256 257
f 258 249 251
f 257 258 251
f 254 259 253
f 253 259 229
f 229 218 253
f 260 261 247
f 247 261 225
f 247 262 260
f 263 220 221
f 221 264 263
f 231 230 265
f 231 265 266
f 217 224 267
f 217 267 268
f 268 215 217
f 256 261 269
f 226 261 256
f 256 252 226
f 269 257 256
f 270 271 259
f 259 271 229
f 259 254 272
f 259 272 270
f 230 220 273
f 274 265 230
f 230 273 274
f 275 267 224
f 224 276 275
f 261 260 269
f 261 226 225
f 271 248 228
f 228 229 271
f 277 273 220
f 220 263 277
f 278 238 232
f 232 245 278
f 235 279 236
f 236 279 280
f 281 282 236
f 280 281 236
f 238 278 283
f 238 283 284
f 284 239 238
f 285 286 242
f 287 286 285
f 285 288 289
f 243 288 285
f 285 289 290
f 244 243 285
f 285 290 287
f 285 242 244
f 245 246 291
f 292 278 245
f 291 292 245
f 235 249 279
f 279 249 293
f 279 293 280
f 286 294 255
f 287 294 286
f 286 255 242
f 249 295 293
f 258 295 249
f 294 296 255
f 297 296 294
f 294 287 298
f 298 297 294
f 299 266 265
f 274 299 265
f 300 291 246
f 246 200 301
f 301 300 246
f 266 299 302
f 302 303 266
f 267 275 304
f 267 304 305
f 267 305 268
f 306 275 276
f 295 307 308
f 258 307 295
f 295 308 309
f 309 293 295
f 296 310 254
f 297 310 296
f 254 255 296
f 277 274 273
f 307 311 312
f 257 311 307
f 312 308 307
f 307 258 257
f 310 313 272
f 297 314 310
f 272 254 310
f 315 304 275
f 275 306 315
f 311 316 317
f 269 316 311
f 311 317 312
f 311 257 269
f 270 272 313
f 318 277 263
f 299 274 319
f 299 319 320
f 320 302 299
f 274 277 321
f 321 319 274
f 322 323 324
f 324 323 312
f 317 325 324
f 312 317 324
f 304 315 326
f 304 326 305
f 327 328 329
f 329 330 327
f 331 283 278
f 278 292 332
f 332 331 278
f 333 329 328
f 334 333 328
f 335 336 337
f 280 336 335
f 335 282 281
f 337 338 335
f 335 338 339
f 335 281 280
f 283 331 340
f 283 340 341
f 341 284 283
f 342 343 344
f 344 343 287
f 344 345 342
f 346 345 344
f 344 289 347
f 290 289 344
f 344 347 346
f 287 290 344
f 292 291 348
f 348 332 292
f 336 349 350
f 293 349 336
f 350 337 336
f 280 293 336
f 342 351 343
f 343 351 287
f 352 315 306
f 349 353 350
f 309 353 349
f 349 293 309
f 354 355 351
f 351 355 297
f 351 342 356
f 351 356 354
f 298 287 351
f 351 297 298
f 357 321 277
f 277 318 357
f 291 358 348
f 300 358 291
f 353 359 360
f 308 359 353
f 353 360 350
f 309 308 353
f 354 361 355
f 355 361 314
f 355 314 297
f 352 326 315
f 358 362 363
f 300 362 358
f 364 348 358
f 363 364 358
f 319 321 365
f 366 320 319
f 319 365 366
f 359 323 367
f 312 323 359
f 368 360 359
f 367 368 359
f 359 308 312
f 369 370 361
f 361 370 314
f 361 354 371
f 361 371 369
f 321 357 372
f 372 365 321
f 322 367 323
f 362 373 374
f 375 373 362
f 374 363 362
f 362 300 375
f 326 352 376
f 376 305 326
f 373 377 378
f 375 377 373
f 378 374 373
f 379 340 331
f 331 332 380
f 380 379 331
f 381 382 333
f 333 334 383
f 383 381 333
f 337 384 385
f 385 384 386
f 385 387 388
f 386 387 385
f 385 338 337
f 339 338 385
f 385 388 339
f 340 379 389
f 340 389 390
f 340 390 391
f 391 341 340
f 392 342 345
f 393 392 345
f 346 393 345
f 365 372 394
f 395 366 365
f 365 394 395
f 332 348 396
f 396 380 332
f 337 397 384
f 384 397 398
f 398 386 384
f 399 356 342
f 342 392 400
f 342 400 399
f 401 376 352
f 350 360 397
f 397 360 402
f 397 337 350
f 397 402 403
f 397 403 398
f 399 354 356
f 348 364 396
f 360 368 404
f 404 402 360
f 405 371 354
f 354 399 406
f 354 406 405
f 364 363 407
f 407 396 364
f 377 408 378
f 409 408 377
f 377 375 409
f 368 367 410
f 368 410 404
f 411 369 371
f 371 405 411
f 305 376 412
f 412 413 305
f 305 413 414
f 305 414 268
f 415 412 376
f 376 401 415
f 367 416 410
f 322 416 367
f 411 417 369
f 363 374 418
f 419 407 363
f 418 419 363
f 420 421 416
f 416 421 422
f 422 410 416
f 322 420 416
f 417 411 423
f 417 423 424
f 417 424 425
f 413 412 426
f 413 426 414
f 427 426 412
f 415 427 412
f 428 378 408
f 408 429 430
f 409 429 408
f 430 428 408
f 431 415 401
f 401 432 431
f 374 378 418
f 433 389 379
f 379 380 434
f 379 435 433
f 434 435 379
f 436 437 438
f 398 437 436
f 436 387 386
f 439 387 436
f 438 440 436
f 436 440 439
f 436 386 398
f 389 433 390
f 441 400 392
f 442 441 392
f 392 443 442
f 393 443 392
f 380 396 444
f 444 434 380
f 437 445 446
f 398 445 437
f 446 447 437
f 437 447 438
f 448 399 400
f 400 441 449
f 400 449 448
f 445 450 446
f 402 450 445
f 403 402 445
f 398 403 445
f 451 406 399
f 399 448 451
f 378 428 452
f 453 418 378
f 452 453 378
f 426 427 454
f 454 455 426
f 426 455 456
f 426 457 414
f 456 457 426
f 427 415 458
f 458 454 427
f 396 407 459
f 459 444 396
f 460 461 429
f 429 461 462
f 462 430 429
f 409 460 429
f 450 463 464
f 404 463 450
f 465 446 450
f 450 402 404
f 464 465 450
f 466 405 406
f 406 451 466
f 407 419 459
f 463 467 464
f 468 467 463
f 463 410 468
f 404 410 463
f 423 411 405
f 405 466 423
f 431 458 415
f 419 418 469
f 470 459 419
f 469 470 419
f 428 430 452
f 471 431 432
f 455 454 472
f 472 460 455
f 455 460 409
f 409 456 455
f 454 458 473
f 473 472 454
f 461 460 472
f 461 472 462
f 418 453 469
f 458 431 474
f 474 473 458
f 475 452 430
f 430 462 475
f 453 452 476
f 477 469 453
f 476 477 453
f 478 433 435
f 435 434 479
f 435 479 478
f 447 480 481
f 481 480 482
f 483 484 481
f 481 484 440
f 482 483 481
f 481 440 438
f 438 447 481
f 433 478 485
f 486 390 433
f 485 486 433
f 487 449 441
f 488 487 441
f 442 489 441
f 441 489 488
f 434 444 490
f 491 479 434
f 490 491 434
f 447 492 480
f 480 492 493
f 480 493 494
f 494 482 480
f 495 448 449
f 449 487 496
f 449 496 495
f 446 497 492
f 492 497 493
f 492 447 446
f 495 451 448
f 498 462 472
f 472 473 498
f 444 459 490
f 465 499 497
f 497 499 500
f 497 446 465
f 501 493 497
f 497 500 501
f 502 466 451
f 451 495 503
f 451 503 502
f 504 431 471
f 505 431 504
f 506 507 504
f 504 507 505
f 505 474 431
f 452 475 508
f 508 476 452
f 459 470 509
f 509 490 459
f 510 475 462
f 462 498 510
f 499 467 511
f 464 467 499
f 511 512 499
f 499 512 500
f 499 465 464
f 513 423 466
f 466 502 513
f 467 514 511
f 422 514 467
f 468 422 467
f 513 515 423
f 423 515 424
f 470 469 516
f 517 509 470
f 516 517 470
f 515 513 518
f 515 518 519
f 515 519 520
f 515 520 424
f 475 510 521
f 521 508 475
f 469 477 516
f 522 498 473
f 473 474 523
f 523 522 473
f 524 510 498
f 498 522 524
f 477 476 525
f 525 516 477
f 524 521 510
f 476 508 526
f 526 527 476
f 476 527 525
f 528 478 479
f 479 491 529
f 479 529 528
f 530 531 532
f 494 531 530
f 530 483 482
f 533 483 530
f 532 534 530
f 530 534 533
f 530 482 494
f 478 528 535
f 478 535 485
f 536 496 487
f 488 536 487
f 491 490 537
f 538 529 491
f 537 538 491
f 531 539 540
f 493 539 531
f 531 540 532
f 494 493 531
f 541 495 496
f 496 536 542
f 496 542 541
f 493 543 539
f 539 543 544
f 539 545 540
f 544 545 539
f 541 503 495
f 490 509 546
f 546 537 490
f 547 548 507
f 507 548 549
f 507 506 547
f 549 550 507
f 507 550 505
f 549 523 474
f 474 550 549
f 505 550 474
f 501 551 543
f 543 551 552
f 543 493 501
f 543 552 544
f 553 502 503
f 503 541 553
f 509 517 546
f 551 554 555
f 556 554 551
f 551 555 552
f 500 512 551
f 551 512 556
f 501 500 551
f 557 513 502
f 502 553 558
f 502 558 557
f 508 521 559
f 559 526 508
f 554 560 555
f 561 560 554
f 562 561 554
f 556 562 554
f 513 557 518
f 517 516 563
f 563 546 517
f 516 525 563
f 521 524 559
f 564 524 522
f 522 523 565
f 565 564 522
f 527 526 566
f 563 525 527
f 566 563 527
f 564 559 524
f 526 559 567
f 526 567 566
f 568 569 570
f 568 570 571
f 572 528 529
f 529 538 573
f 573 572 529
f 574 570 569
f 575 576 569
f 569 576 574
f 577 575 569
f 540 578 579
f 579 578 580
f 579 534 532
f 581 534 579
f 532 540 579
f 580 582 579
f 579 582 581
f 528 572 583
f 528 583 535
f 584 542 536
f 585 584 536
f 586 585 536
f 488 586 536
f 571 587 588
f 538 537 573
f 540 545 578
f 578 545 589
f 590 580 578
f 589 590 578
f 591 541 542
f 542 584 592
f 542 592 591
f 544 593 545
f 545 593 589
f 591 553 541
f 594 595 587
f 587 571 596
f 587 596 594
f 597 573 537
f 598 597 537
f 537 546 599
f 537 599 598
f 552 555 593
f 593 555 600
f 593 601 589
f 600 601 593
f 544 552 593
f 602 558 553
f 553 591 602
f 594 603 595
f 604 557 558
f 558 602 605
f 558 605 604
f 564 567 559
f 600 555 560
f 560 561 606
f 560 606 600
f 557 604 518
f 607 608 603
f 603 594 609
f 603 609 607
f 610 611 612
f 613 611 610
f 614 615 610
f 610 615 613
f 616 614 610
f 617 616 610
f 612 617 610
f 618 523 548
f 548 523 549
f 547 619 548
f 548 619 618
f 620 565 523
f 618 620 523
f 607 621 608
f 608 621 622
f 567 564 623
f 567 623 624
f 567 624 566
f 564 565 625
f 625 623 564
f 621 607 626
f 627 625 565
f 565 620 628
f 628 627 565
f 629 571 570
f 630 629 570
f 570 574 630
f 631 583 572
f 572 573 631
f 580 632 633
f 633 632 634
f 633 635 636
f 634 635 633
f 633 637 582
f 636 637 633
f 633 582 580
f 583 631 638
f 583 638 639
f 583 639 535
f 640 592 584
f 641 640 584
f 584 642 641
f 585 642 584
f 643 596 571
f 571 629 643
f 573 597 644
f 644 631 573
f 590 645 632
f 632 645 646
f 632 580 590
f 646 634 632
f 647 591 592
f 592 640 648
f 592 648 647
f 601 649 645
f 645 649 646
f 589 601 645
f 645 590 589
f 647 602 591
f 650 594 596
f 596 643 651
f 596 651 650
f 652 644 597
f 653 652 597
f 598 653 597
f 623 625 654
f 623 654 655
f 655 624 623
f 627 654 625
f 656 657 649
f 649 657 658
f 649 601 656
f 658 646 649
f 659 605 602
f 602 647 660
f 602 660 659
f 650 609 594
f 656 611 657
f 657 611 613
f 613 661 657
f 657 661 658
f 659 604 605
f 611 656 606
f 606 612 611
f 604 662 663
f 659 662 604
f 604 663 518
f 664 607 609
f 609 650 664
f 665 626 607
f 607 664 665
f 626 665 666
f 667 668 619
f 619 668 618
f 547 667 619
f 669 628 620
f 618 669 620
f 654 627 670
f 654 670 655
f 627 628 671
f 671 670 627
f 672 671 628
f 628 669 672
f 673 643 629
f 674 673 629
f 675 674 629
f 630 675 629
f 676 638 631
f 631 644 676
f 634 677 635
f 635 677 678
f 679 636 635
f 635 680 679
f 678 680 635
f 676 681 638
f 638 681 682
f 638 682 639
f 683 648 640
f 684 683 640
f 640 641 684
f 685 651 643
f 643 673 685
f 644 652 686
f 644 686 676
f 634 687 677
f 677 687 688
f 688 678 677
f 689 647 648
f 683 690 648
f 648 690 689
f 646 691 687
f 687 691 692
f 687 634 646
f 692 693 687
f 687 693 688
f 689 694 647
f 647 694 660
f 651 685 695
f 652 696 686
f 697 696 652
f 652 653 697
f 658 661 691
f 691 661 692
f 691 646 658
f 694 698 660
f 699 698 694
f 694 689 700
f 700 699 694
f 613 615 661
f 661 615 701
f 661 701 692
f 702 662 698
f 698 662 659
f 699 702 698
f 659 660 698
f 615 614 703
f 615 703 701
f 702 704 662
f 662 704 705
f 705 663 662
f 702 706 704
f 704 706 707
f 708 709 704
f 704 709 705
f 707 708 704
f 670 671 710
f 670 710 711
f 712 655 670
f 670 711 712
f 671 672 713
f 713 710 671
f 673 674 714
f 715 685 673
f 714 715 673
f 716 714 674
f 717 718 674
f 674 718 716
f 675 717 674
f 719 695 685
f 715 719 685
f 720 721 722
f 678 721 720
f 720 723 680
f 724 723 720
f 720 680 678
f 722 724 720
f 721 725 726
f 688 725 721
f 726 722 721
f 721 678 688
f 693 727 725
f 725 727 728
f 728 726 725
f 688 693 725
f 701 729 727
f 727 729 728
f 727 693 692
f 692 701 727
f 730 731 729
f 729 731 732
f 701 730 729
f 729 732 728
f 733 734 731
f 731 734 735
f 731 730 733
f 731 735 732
f 734 736 737
f 733 736 734
f 734 737 738
f 734 738 735
f 668 669 618
f 739 669 668
f 740 741 668
f 668 741 739
f 667 740 668
f 742 672 669
f 743 742 669
f 739 743 669
f 744 713 672
f 672 742 744
f 710 713 745
f 710 745 746
f 710 746 747
f 710 747 711
f 744 745 713
f 748 746 745
f 745 744 749
f 745 749 748
f 750 747 746
f 746 748 750
f 750 751 747
f 747 751 711
f 752 753 751
f 751 753 697
f 751 750 754
f 751 754 752
f 697 711 751
f 752 755 753
f 753 755 697
f 756 757 755
f 755 757 697
f 755 752 756
f 706 758 759
f 702 758 706
f 706 759 760
f 706 760 707
f 761 696 757
f 757 696 697
f 757 756 762
f 757 762 761
f 758 763 759
f 700 763 758
f 758 702 699
f 758 699 700
f 761 686 696
f 763 764 765
f 700 764 763
f 766 759 763
f 767 766 763
f 763 765 767
f 768 676 686
f 686 761 768
f 689 690 764
f 764 690 769
f 700 689 764
f 769 765 764
f 681 676 770
f 681 770 771
f 681 772 682
f 771 772 681
f 676 768 773
f 773 770 676
f 690 683 769
f 683 774 775
f 684 774 683
f 683 775 769
f 776 744 742
f 777 776 742
f 742 743 777
f 778 749 744
f 744 776 778
f 778 748 749
f 779 750 748
f 748 778 780
f 748 780 779
f 779 754 750
f 781 752 754
f 754 779 781
f 782 756 752
f 752 781 783
f 752 783 782
f 784 785 786
f 786 785 787
f 786 788 789
f 790 788 786
f 791 784 786
f 789 791 786
f 787 790 786
f 792 762 756
f 756 782 792
f 793 794 785
f 785 794 787
f 785 784 795
f 785 795 793
f 796 797 798
f 798 797 732
f 735 799 798
f 798 799 800
f 800 796 798
f 732 735 798
f 759 766 801
f 759 784 760
f 801 784 759
f 802 761 762
f 762 792 802
f 796 803 797
f 797 803 804
f 804 726 797
f 797 726 728
f 728 732 797
f 766 805 806
f 767 805 766
f 766 795 801
f 806 795 766
f 719 715 807
f 802 768 761
f 808 809 803
f 803 809 804
f 803 796 810
f 810 811 803
f 803 811 808
f 805 812 813
f 767 812 805
f 805 813 814
f 805 814 806
f 809 815 722
f 808 815 809
f 809 722 726
f 809 726 804
f 775 816 812
f 812 816 813
f 769 775 812
f 812 767 769
f 715 714 817
f 817 807 715
f 818 773 768
f 768 802 818
f 819 820 815
f 815 820 724
f 808 819 815
f 815 724 722
f 770 773 821
f 770 821 822
f 822 771 770
f 816 823 824
f 775 823 816
f 816 824 825
f 825 813 816
f 826 817 714
f 827 826 714
f 714 716 827
f 773 818 828
f 828 821 773
f 829 778 776
f 776 777 830
f 830 829 776
f 831 743 741
f 741 743 739
f 741 832 831
f 833 832 741
f 740 833 741
f 831 777 743
f 834 780 778
f 778 829 834
f 834 779 780
f 835 781 779
f 779 834 836
f 779 836 835
f 837 783 781
f 781 835 837
f 838 830 777
f 777 831 838
f 839 782 783
f 783 837 839
f 840 841 842
f 842 841 843
f 842 844 840
f 845 844 842
f 842 843 846
f 846 845 842
f 847 792 782
f 782 839 847
f 848 849 800
f 850 849 848
f 848 851 844
f 799 851 848
f 848 844 845
f 800 799 848
f 848 845 850
f 852 853 849
f 849 853 800
f 850 852 849
f 794 854 855
f 856 854 794
f 794 793 856
f 794 855 787
f 847 802 792
f 853 857 810
f 858 857 853
f 810 859 853
f 853 859 800
f 852 858 853
f 860 861 854
f 854 861 862
f 856 860 854
f 862 855 854
f 863 818 802
f 802 847 864
f 802 864 863
f 865 866 857
f 857 866 811
f 858 865 857
f 857 811 810
f 860 867 861
f 861 867 868
f 861 868 869
f 869 862 861
f 870 871 866
f 866 871 808
f 865 870 866
f 808 811 866
f 867 872 873
f 825 872 867
f 860 813 867
f 867 813 825
f 867 873 868
f 817 826 874
f 863 828 818
f 871 875 876
f 870 875 871
f 876 819 871
f 871 819 808
f 821 828 877
f 821 877 878
f 821 878 822
f 879 874 826
f 880 879 826
f 827 880 826
f 828 863 881
f 881 877 828
f 882 834 829
f 829 830 882
f 883 836 834
f 834 882 883
f 884 835 836
f 836 883 884
f 885 837 835
f 835 884 886
f 835 886 885
f 882 830 887
f 887 830 888
f 883 882 887
f 884 883 887
f 887 888 889
f 889 884 887
f 830 838 890
f 890 888 830
f 885 839 837
f 891 831 832
f 892 893 832
f 832 893 891
f 832 833 892
f 894 838 831
f 831 895 894
f 891 895 831
f 896 897 898
f 790 897 896
f 898 899 896
f 896 899 900
f 896 901 902
f 900 901 896
f 896 902 790
f 903 847 839
f 839 885 904
f 904 903 839
f 905 906 907
f 907 906 846
f 843 908 907
f 907 908 905
f 846 843 907
f 897 909 898
f 910 909 897
f 897 790 911
f 911 910 897
f 906 912 913
f 914 912 906
f 906 913 846
f 905 915 906
f 906 915 914
f 909 916 917
f 910 916 909
f 909 917 898
f 903 864 847
f 918 890 838
f 894 918 838
f 919 920 912
f 912 920 852
f 852 913 912
f 914 919 912
f 916 921 922
f 869 921 916
f 923 917 916
f 922 923 916
f 916 910 862
f 916 862 869
f 924 863 864
f 864 903 925
f 864 925 924
f 919 926 920
f 920 926 865
f 920 865 858
f 920 858 852
f 921 927 928
f 868 927 921
f 921 928 922
f 869 868 921
f 926 929 870
f 930 929 926
f 919 931 926
f 926 931 930
f 926 870 865
f 927 932 928
f 873 932 927
f 868 873 927
f 924 881 863
f 933 934 929
f 929 934 875
f 930 933 929
f 929 875 870
f 877 881 935
f 877 935 936
f 877 936 878
f 873 937 932
f 932 937 938
f 932 939 928
f 940 939 932
f 938 940 932
f 941 942 879
f 880 941 879
f 881 924 943
f 943 935 881
f 888 890 944
f 888 944 945
f 888 945 946
f 946 889 888
f 918 944 890
f 889 886 884
f 889 885 886
f 885 889 904
f 947 948 908
f 949 948 947
f 947 908 950
f 951 952 947
f 947 952 949
f 947 950 951
f 953 954 955
f 955 956 953
f 948 957 905
f 949 957 948
f 905 908 948
f 898 917 899
f 899 917 958
f 958 959 899
f 899 959 900
f 944 918 960
f 944 960 945
f 918 894 961
f 961 960 918
f 962 963 957
f 957 963 915
f 964 962 957
f 949 964 957
f 957 915 905
f 917 923 965
f 965 958 917
f 954 966 955
f 967 925 903
f 903 904 967
f 963 968 914
f 969 968 963
f 963 962 969
f 914 915 963
f 923 970 965
f 922 970 923
f 971 895 893
f 893 895 891
f 972 973 893
f 893 973 971
f 893 892 972
f 974 894 895
f 895 975 974
f 971 975 895
f 966 942 976
f 977 955 966
f 976 977 966
f 978 924 925
f 925 979 978
f 967 979 925
f 968 980 919
f 969 980 968
f 968 919 914
f 970 981 982
f 922 981 970
f 982 983 970
f 970 983 965
f 984 961 894
f 894 974 985
f 985 984 894
f 986 987 980
f 980 987 930
f 980 931 919
f 930 931 980
f 980 988 986
f 969 988 980
f 981 989 982
f 928 989 981
f 922 928 981
f 942 941 976
f 978 943 924
f 987 990 991
f 986 990 987
f 991 933 987
f 987 933 930
f 935 943 992
f 992 993 935
f 935 993 936
f 994 982 989
f 995 994 989
f 940 996 989
f 989 996 995
f 928 939 989
f 989 939 940
f 997 976 941
f 941 998 997
f 941 880 999
f 943 978 992
f 960 961 1000
f 960 1000 1001
f 1001 945 960
f 984 1000 961
f 1002 956 1003
f 1004 959 1005
f 900 959 1004
f 1004 1005 1006
f 1004 901 900
f 956 955 1003
f 959 1007 1005
f 958 1007 959
f 1008 1009 1010
f 1011 1009 1008
f 1012 952 1008
f 1008 952 1013
f 1008 1014 1015
f 1013 1014 1008
f 1008 1015 1011
f 1010 1012 1008
f 958 1016 1007
f 1007 1016 1017
f 1018 1005 1007
f 1019 1018 1007
f 1017 1019 1007
f 955 977 1020
f 1021 1003 955
f 1020 1021 955
f 973 975 971
f 1022 975 973
f 1023 974 975
f 975 1024 1025
f 1022 1024 975
f 1025 1023 975
f 1026 1027 1009
f 1009 1027 1010
f 1011 1026 1009
f 965 983 1016
f 1016 983 1028
f 1016 958 965
f 1016 1028 1017
f 1029 985 974
f 974 1023 1029
f 977 976 1030
f 1030 1020 977
f 1031 978 979
f 979 1032 1031
f 1033 1032 979
f 967 1033 979
f 1000 984 1034
f 1000 1034 1035
f 1000 1035 1036
f 1000 1036 1037
f 1037 1001 1000
f 985 1034 984
f 1027 1038 988
f 1026 1038 1027
f 1027 988 969
f 969 1010 1027
f 983 982 1039
f 983 1039 1028
f 1038 1040 988
f 1041 1040 1038
f 1026 1042 1038
f 1038 1042 1041
f 982 994 1039
f 976 997 1043
f 1043 1030 976
f 1044 992 978
f 978 1031 1044
f 1043 997 998
f 1040 1045 1046
f 1041 1045 1040
f 1046 990 1040
f 1040 990 986
f 986 988 1040
f 993 992 1044
f 1044 1047 993
f 993 1047 1048
f 1049 936 993
f 1048 1049 993
f 1050 1051 994
f 994 1051 1039
f 995 1050 994
f 1034 985 1052
f 1053 1035 1034
f 1034 1052 1053
f 985 1029 1054
f 1054 1052 985
f 1055 1056 1057
f 1058 1056 1055
f 1059 1060 1055
f 1055 1060 1058
f 1057 1061 1055
f 1055 1061 1062
f 1062 1059 1055
f 1006 1005 1063
f 1063 1005 1064
f 1064 1065 1063
f 1058 1066 1056
f 1056 1066 1015
f 1014 1057 1056
f 1015 1014 1056
f 1005 1018 1064
f 1067 1029 1023
f 1023 1025 1067
f 1066 1068 1015
f 1069 1068 1066
f 1066 1058 1070
f 1070 1069 1066
f 1018 1019 1071
f 1018 1071 1064
f 1021 1020 1072
f 1073 1074 1068
f 1068 1074 1026
f 1011 1015 1068
f 1069 1073 1068
f 1068 1026 1011
f 1017 1075 1019
f 1019 1075 1076
f 1019 1076 1077
f 1019 1077 1071
f 1078 1036 1035
f 1035 1053 1078
f 1020 1030 1079
f 1080 1072 1020
f 1079 1080 1020
f 1081 1031 1032
f 1032 1082 1081
f 1083 1082 1032
f 1032 1033 1083
f 1084 1054 1029
f 1029 1067 1084
f 1073 1042 1074
f 1074 1042 1026
f 1039 1085 1075
f 1075 1085 1086
f 1028 1039 1075
f 1017 1028 1075
f 1086 1076 1075
f 1087 1053 1052
f 1052 1054 1087
f 1088 1089 1042
f 1042 1089 1041
f 1042 1073 1088
f 1039 1090 1085
f 1085 1090 1086
f 1091 1067 1025
f 1092 1044 1031
f 1031 1081 1092
f 1093 1045 1089
f 1089 1045 1041
f 1094 1093 1089
f 1088 1094 1089
f 1047 1044 1095
f 1047 1095 1096
f 1096 1048 1047
f 1090 1051 1050
f 1039 1051 1090
f 1090 1050 1097
f 1098 1099 1090
f 1090 1099 1086
f 1090 1097 1098
f 1092 1095 1044
f 1100 1101 1036
f 1036 1101 1037
f 1036 1078 1100
f 1087 1078 1053
f 1054 1084 1087
f 1102 1103 1060
f 1060 1103 1058
f 1104 1102 1060
f 1060 1059 1104
f 1064 1105 1065
f 1065 1105 1106
f 1106 1107 1065
f 1108 1067 1091
f 1109 1067 1108
f 1091 1110 1108
f 1108 1110 1111
f 1112 1109 1108
f 1113 1112 1108
f 1114 1113 1108
f 1108 1111 1114
f 1109 1084 1067
f 1115 1116 1103
f 1103 1116 1070
f 1103 1102 1115
f 1070 1058 1103
f 1071 1117 1105
f 1105 1117 1106
f 1064 1071 1105
f 1100 1118 1101
f 1101 1118 1037
f 1116 1119 1073
f 1115 1119 1116
f 1116 1073 1069
f 1116 1069 1070
f 1117 1120 1121
f 1122 1120 1117
f 1077 1076 1117
f 1117 1076 1122
f 1071 1077 1117
f 1117 1121 1106
f 1123 1081 1082
f 1082 1124 1123
f 1125 1124 1082
f 1082 1001 1125
f 1083 1001 1082
f 1119 1126 1073
f 1127 1126 1119
f 1128 1127 1119
f 1115 1128 1119
f 1122 1129 1120
f 1120 1129 1130
f 1130 1121 1120
f 1110 1091 1131
f 1132 1087 1084
f 1084 1109 1112
f 1112 1132 1084
f 1126 1133 1094
f 1134 1133 1126
f 1088 1073 1126
f 1126 1094 1088
f 1127 1134 1126
f 1086 1135 1129
f 1129 1135 1136
f 1122 1086 1129
f 1129 1136 1137
f 1129 1137 1130
f 1138 1092 1081
f 1081 1123 1138
f 1078 1087 1139
f 1139 1100 1078
f 1133 1093 1094
f 1140 1093 1133
f 1141 1140 1133
f 1134 1141 1133
f 1095 1092 1142
f 1095 1142 1096
f 1135 1143 1144
f 1098 1143 1135
f 1135 1099 1098
f 1086 1099 1135
f 1135 1144 1136
f 1138 1142 1092
f 1145 1146 1118
f 1118 1146 1037
f 1118 1100 1145
f 1087 1132 1147
f 1147 1139 1087
f 1148 1149 1146
f 1146 1149 1125
f 1146 1145 1148
f 1146 1125 1037
f 1150 1102 1151
f 1151 1102 1104
f 1151 1152 1153
f 1151 1153 1150
f 1104 1059 1151
f 1100 1139 1154
f 1155 1145 1100
f 1100 1154 1155
f 1132 1112 1113
f 1113 1147 1132
f 1150 1156 1102
f 1102 1156 1115
f 1157 1158 1159
f 1121 1158 1157
f 1157 1159 1160
f 1157 1160 1107
f 1157 1107 1106
f 1106 1121 1157
f 1161 1154 1139
f 1139 1147 1161
f 1162 1124 1149
f 1149 1124 1125
f 1149 1148 1162
f 1163 1164 1156
f 1156 1164 1128
f 1150 1163 1156
f 1156 1128 1115
f 1158 1165 1166
f 1166 1165 1167
f 1159 1158 1166
f 1168 1159 1166
f 1167 1168 1166
f 1169 1123 1124
f 1124 1162 1170
f 1124 1170 1169
f 1155 1148 1145
f 1171 1172 1164
f 1164 1172 1128
f 1164 1163 1173
f 1173 1171 1164
f 1165 1174 1167
f 1137 1174 1165
f 1165 1158 1130
f 1130 1137 1165
f 1172 1175 1134
f 1171 1175 1172
f 1172 1134 1127
f 1172 1127 1128
f 1174 1176 1177
f 1137 1176 1174
f 1177 1178 1174
f 1174 1178 1167
f 1169 1138 1123
f 1171 1179 1175
f 1175 1180 1181
f 1181 1141 1175
f 1175 1141 1134
f 1142 1138 1182
f 1142 1182 1183
f 1142 1183 1096
f 1176 1144 1184
f 1136 1144 1176
f 1176 1184 1185
f 1176 1185 1177
f 1137 1136 1176
f 1138 1169 1186
f 1186 1182 1138
f 1187 1188 1189
f 1189 1190 1187
f 1191 1155 1154
f 1154 1161 1191
f 1147 1113 1161
f 1192 1162 1148
f 1148 1155 1193
f 1148 1193 1192
f 1194 1153 1152
f 1195 1196 1197
f 1197 1198 1195
f 1187 1199 1188
f 1200 1163 1153
f 1153 1163 1150
f 1194 1200 1153
f 1168 1201 1196
f 1196 1201 1197
f 1196 1159 1168
f 1202 1170 1162
f 1162 1192 1202
f 1191 1193 1155
f 1200 1203 1163
f 1163 1203 1173
f 1201 1204 1205
f 1168 1204 1201
f 1201 1205 1206
f 1201 1206 1197
f 1199 1187 1207
f 1199 1207 1208
f 1209 1187 1190
f 1210 1161 1113
f 1114 1210 1113
f 1211 1169 1170
f 1170 1202 1211
f 1212 1191 1161
f 1161 1210 1212
f 1213 1214 1203
f 1203 1214 1171
f 1203 1215 1216
f 1200 1215 1203
f 1203 1216 1213
f 1203 1171 1173
f 1204 1217 1205
f 1178 1217 1204
f 1167 1178 1204
f 1204 1168 1167
f 1213 1179 1214
f 1214 1179 1171
f 1217 1218 1219
f 1178 1218 1217
f 1220 1205 1217
f 1217 1219 1220
f 1211 1186 1169
f 1182 1186 1221
f 1182 1221 1222
f 1223 1183 1182
f 1182 1222 1223
f 1218 1224 1219
f 1185 1224 1218
f 1177 1185 1218
f 1218 1178 1177
f 1186 1211 1225
f 1225 1221 1186
f 1193 1191 1226
f 1226 1192 1193
f 1198 1227 1228
f 1228 1227 1229
f 1230 1231 1228
f 1229 1230 1228
f 1187 1209 1232
f 1233 1207 1187
f 1187 1232 1233
f 1212 1226 1191
f 1197 1234 1227
f 1227 1234 1235
f 1227 1198 1197
f 1227 1235 1229
f 1236 1232 1209
f 1114 1212 1210
f 1237 1202 1192
f 1192 1226 1238
f 1192 1238 1237
f 1233 1208 1207
f 1239 1240 1241
f 1242 1240 1239
f 1241 1243 1239
f 1239 1243 1244
f 1215 1200 1194
f 1206 1245 1234
f 1234 1245 1235
f 1197 1206 1234
f 1208 1233 1246
f 1247 1248 1249
f 1250 1211 1202
f 1202 1237 1250
f 1220 1251 1245
f 1245 1251 1252
f 1245 1205 1220
f 1206 1205 1245
f 1245 1252 1235
f 1226 1212 1253
f 1253 1238 1226
f 1232 1236 1254
f 1254 1233 1232
f 1220 1255 1251
f 1251 1255 1256
f 1256 1252 1251
f 1240 1257 1241
f 1229 1257 1240
f 1242 1231 1240
f 1240 1231 1230
f 1240 1230 1229
f 1250 1225 1211
f 1221 1225 1258
f 1221 1258 1222
f 1255 1259 1260
f 1220 1219 1255
f 1255 1260 1256
f 1225 1250 1261
f 1261 1258 1225
f 1262 1254 1236
f 1236 1263 1262
f 1264 1253 1212
f 1212 1114 1264
f 1235 1265 1257
f 1257 1265 1266
f 1266 1241 1257
f 1229 1235 1257
f 1267 1246 1233
f 1233 1254 1267
f 1238 1253 1268
f 1269 1237 1238
f 1238 1268 1269
f 1270 1271 1246
f 1246 1267 1270
f 1252 1272 1265
f 1265 1272 1273
f 1273 1274 1265
f 1265 1274 1266
f 1235 1252 1265
f 1271 1270 1275
f 1276 1267 1254
f 1254 1262 1276
f 1263 1277 1262
f 1278 1277 1263
f 1279 1268 1253
f 1264 1279 1253
f 1248 1247 1280
f 1280 1281 1248
f 1248 1281 1278
f 1282 1250 1237
f 1237 1269 1282
f 1241 1283 1243
f 1243 1283 1284
f 1285 1244 1243
f 1284 1285 1243
f 1252 1286 1272
f 1272 1286 1273
f 1256 1287 1286
f 1286 1287 1288
f 1286 1252 1256
f 1286 1288 1289
f 1289 1273 1286
f 1282 1261 1250
f 1290 1291 1292
f 1292 1291 1293
f 1292 1294 1295
f 1293 1294 1292
f 1258 1261 1296
f 1259 1297 1287
f 1287 1297 1298
f 1260 1259 1287
f 1256 1260 1287
f 1287 1298 1288
f 1261 1282 1299
f 1299 1296 1261
f 1283 1300 1301
f 1266 1300 1283
f 1283 1241 1266
f 1301 1284 1283
f 1302 1270 1267
f 1267 1276 1302
f 1303 1262 1277
f 1277 1281 1304
f 1278 1281 1277
f 1304 1303 1277
f 1279 1269 1268
f 1303 1276 1262
f 1291 1305 1306
f 1285 1305 1291
f 1290 1244 1291
f 1291 1244 1285
f 1291 1306 1293
f 1307 1275 1270
f 1270 1302 1307
f 1300 1308 1301
f 1309 1308 1300
f 1300 1274 1273
f 1266 1274 1300
f 1300 1273 1309
f 1281 1280 1310
f 1310 1304 1281
f 1279 1311 1269
f 1308 1312 1313
f 1289 1312 1308
f 1308 1313 1314
f 1308 1314 1301
f 1309 1289 1308
f 1305 1315 1306
f 1301 1315 1305
f 1305 1285 1284
f 1305 1284 1301
f 1276 1303 1316
f 1317 1302 1276
f 1276 1316 1317
f 1312 1318 1319
f 1289 1318 1312
f 1319 1313 1312
f 1280 1320 1310
f 1294 1321 1322
f 1293 1321 1294
f 1323 1295 1294
f 1294 1322 1323
f 1303 1304 1316
f 1324 1325 1318
f 1318 1325 1319
f 1298 1324 1318
f 1288 1298 1318
f 1289 1288 1318
f 1326 1310 1320
f 1317 1307 1302
f 1315 1327 1328
f 1314 1327 1315
f 1315 1328 1306
f 1301 1314 1315
f 1329 1330 1331
f 1331 1330 1332
f 1333 1334 1335
f 1335 1334 1336
f 1335 1337 1323
f 1336 1337 1335
f 1323 1322 1335
f 1335 1322 1333
f 1307 1317 1338
f 1339 1340 1341
f 1341 1340 1342
f 1336 1339 1341
f 1342 1343 1341
f 1341 1344 1336
f 1345 1346 1347
f 1332 1345 1347
f 1321 1348 1349
f 1328 1348 1321
f 1321 1349 1322
f 1306 1328 1321
f 1293 1306 1321
f 1350 1316 1304
f 1304 1310 1350
f 1279 1351 1311
f 1327 1352 1353
f 1314 1352 1327
f 1327 1354 1328
f 1353 1354 1327
f 1355 1317 1316
f 1316 1350 1355
f 1352 1356 1353
f 1319 1356 1352
f 1352 1313 1319
f 1314 1313 1352
f 1310 1326 1357
f 1357 1350 1310
f 1358 1359 1330
f 1330 1359 1332
f 1329 1343 1330
f 1330 1343 1342
f 1342 1358 1330
f 1333 1360 1334
f 1334 1360 1361
f 1361 1339 1334
f 1334 1339 1336
f 1362 1326 1363
f 1363 1364 1362
f 1356 1325 1365
f 1319 1325 1356
f 1366 1367 1356
f 1356 1367 1353
f 1365 1366 1356
f 1368 1369 1346
f 1346 1369 1370
f 1345 1368 1346
f 1348 1354 1371
f 1328 1354 1348
f 1348 1371 1372
f 1372 1349 1348
f 1362 1357 1326
f 1339 1373 1340
f 1340 1373 1342
f 1355 1338 1317
f 1338 1355 1374
f 1350 1357 1355
f 1368 1375 1369
f 1369 1375 1376
f 1369 1376 1377
f 1377 1370 1369
f 1354 1378 1371
f 1353 1378 1354
f 1358 1379 1359
f 1359 1379 1345
f 1359 1345 1332
f 1371 1380 1360
f 1360 1380 1361
f 1372 1371 1360
f 1333 1349 1360
f 1360 1349 1372
f 1373 1381 1382
f 1361 1381 1373
f 1373 1339 1361
f 1373 1382 1358
f 1373 1358 1342
f 1383 1384 1375
f 1375 1384 1376
f 1375 1368 1385
f 1385 1383 1375
f 1378 1386 1387
f 1367 1386 1378
f 1387 1371 1378
f 1353 1367 1378
f 1388 1355 1357
f 1357 1362 1389
f 1389 1388 1357
f 1390 1374 1355
f 1355 1388 1390
f 1391 1374 1392
f 1393 1362 1364
f 1383 1394 1384
f 1395 1376 1384
f 1386 1396 1397
f 1366 1396 1386
f 1398 1387 1386
f 1386 1397 1398
f 1386 1367 1366
f 1362 1393 1389
f 1382 1399 1379
f 1379 1399 1385
f 1358 1382 1379
f 1379 1368 1345
f 1385 1368 1379
f 1371 1400 1380
f 1380 1400 1401
f 1401 1361 1380
f 1390 1392 1374
f 1381 1402 1403
f 1404 1402 1381
f 1403 1382 1381
f 1381 1361 1401
f 1381 1401 1404
f 1405 1406 1399
f 1399 1406 1385
f 1399 1382 1403
f 1399 1403 1405
f 1387 1407 1400
f 1400 1407 1408
f 1400 1371 1387
f 1400 1408 1404
f 1404 1401 1400
f 1409 1390 1388
f 1388 1389 1409
f 1392 1390 1409
f 1409 1410 1392
f 1411 1389 1393
f 1412 1411 1393
f 1413 1414 1406
f 1406 1414 1394
f 1405 1413 1406
f 1406 1394 1383
f 1406 1383 1385
f 1415 1410 1411
f 1415 1411 1412
f 1416 1417 1407
f 1407 1417 1408
f 1397 1416 1407
f 1407 1387 1398
f 1398 1397 1407
f 1402 1418 1403
f 1408 1418 1402
f 1404 1408 1402
f 1389 1411 1409
f 1409 1411 1410
f 1419 1413 1418
f 1418 1413 1405
f 1418 1417 1419
f 1408 1417 1418
f 1405 1403 1418
f 1420 239 284
f 1421 239 1420
f 1420 284 1422
f 1423 288 1420
f 1420 288 1421
f 1422 1423 1420
f 1424 1425 1426
f 1427 1425 1424
f 1424 1428 1429
f 1430 1428 1424
f 1424 1429 1427
f 1424 1426 1430
f 1431 1432 1061
f 1061 1057 1433
f 1061 1433 1431
f 1434 1435 1436
f 1437 1435 1434
f 1438 485 1434
f 1434 485 1437
f 1434 1436 1438
f 1439 1440 1441
f 1442 1440 1439
f 1439 1441 1096
f 1096 1442 1439
f 833 740 1443
f 1443 892 833
f 1444 1445 1425
f 1425 1445 1426
f 1446 1444 1425
f 1427 1446 1425
f 1447 1446 1448
f 1449 518 663
f 705 709 663
f 663 709 1449
f 1450 1451 1452
f 1453 1451 1450
f 1450 1452 1454
f 1450 1454 1455
f 1455 1456 1450
f 1450 1456 1453
f 723 1457 1458
f 1458 1457 637
f 680 723 1458
f 1458 637 636
f 1458 636 679
f 679 680 1458
f 1428 1459 1460
f 1430 1459 1428
f 1460 1429 1428
f 740 667 1461
f 740 1461 1443
f 667 547 1461
f 1462 682 772
f 1452 1451 772
f 772 1451 1462
f 771 1452 772
f 1413 1463 1414
f 1414 1463 1464
f 1465 1466 60
f 17 16 1465
f 1465 16 1467
f 1467 1468 1465
f 1465 60 36
f 36 17 1465
f 30 16 15
f 1445 1444 736
f 1445 614 616
f 736 614 1445
f 616 1426 1445
f 1469 639 682
f 1462 1469 682
f 1459 1470 514
f 1471 1470 1459
f 514 421 1459
f 1430 1471 1459
f 1472 383 334
f 1466 1473 60
f 215 211 165
f 576 575 1474
f 1474 1475 576
f 576 1475 630
f 630 574 576
f 211 414 457
f 457 200 211
f 301 200 457
f 457 456 301
f 414 211 215
f 414 215 268
f 300 456 375
f 301 456 300
f 409 375 456
f 892 1443 972
f 1435 1469 642
f 1437 1469 1435
f 1435 642 585
f 488 1436 1435
f 1435 585 586
f 1435 586 488
f 639 1469 1437
f 1437 535 639
f 1476 1477 708
f 789 788 1476
f 1476 708 707
f 707 789 1476
f 624 655 599
f 624 599 563
f 624 563 566
f 1478 1479 575
f 575 1479 1474
f 575 577 1478
f 1457 717 1475
f 1475 717 630
f 1474 1457 1475
f 1449 519 518
f 598 599 655
f 712 653 655
f 655 653 598
f 718 717 1480
f 718 1480 1481
f 1481 716 718
f 717 1457 1480
f 717 675 630
f 723 1480 1457
f 1474 637 1457
f 641 1462 1451
f 684 641 1451
f 1451 1453 684
f 711 697 712
f 1444 1446 1482
f 1482 1483 1444
f 1444 1483 1484
f 1444 1484 737
f 737 736 1444
f 1325 1485 1486
f 1487 1396 1486
f 1486 1396 1366
f 1365 1325 1486
f 1486 1366 1365
f 1183 1488 1442
f 1223 1488 1183
f 1183 1442 1096
f 1447 1482 1446
f 190 189 237
f 771 1454 1452
f 1454 1489 1455
f 822 1489 1454
f 1454 771 822
f 1490 1491 1492
f 1492 1491 1493
f 1481 1490 1492
f 1492 1493 827
f 1492 716 1481
f 827 716 1492
f 1491 1490 876
f 1491 934 1494
f 876 934 1491
f 1495 1493 1491
f 1494 1496 1491
f 1491 1496 1495
f 1497 1498 1489
f 1499 1498 1497
f 1497 1489 878
f 1497 936 1499
f 878 936 1497
f 1456 937 872
f 872 937 873
f 872 824 1456
f 825 824 872
f 1498 1456 1455
f 938 1456 1498
f 1455 1489 1498
f 1499 996 1498
f 1498 996 938
f 880 1493 999
f 827 1493 880
f 1481 820 1490
f 1490 820 876
f 1083 1033 945
f 945 1033 946
f 945 1001 1083
f 933 1494 934
f 876 875 934
f 967 889 1033
f 1033 889 946
f 381 383 1472
f 1037 1125 1001
f 1500 1501 390
f 390 1501 391
f 390 486 1500
f 1431 1482 1432
f 1432 1482 1447
f 1111 1351 1264
f 1264 1114 1111
f 1502 1503 1463
f 1463 1503 1464
f 1463 1413 1419
f 1419 1502 1463
f 284 341 1422
f 288 1423 347
f 347 289 288
f 1351 1279 1264
f 1438 489 443
f 443 489 442
f 443 1500 1438
f 1504 1500 443
f 443 393 346
f 346 1504 443
f 341 1501 1422
f 391 1501 341
f 1505 1506 1045
f 1507 1506 1505
f 1505 1045 1093
f 1505 1093 1508
f 1509 1507 1505
f 1477 709 708
f 1449 709 1477
f 1479 1510 1511
f 1512 1510 1479
f 1511 637 1479
f 1479 637 1474
f 1479 1478 1512
f 1469 1462 642
f 641 642 1462
f 723 820 1480
f 1480 820 1481
f 775 774 823
f 823 774 1453
f 1453 824 823
f 1495 999 1493
f 1485 1325 1324
f 1485 1324 1298
f 196 139 1513
f 137 139 196
f 1513 197 196
f 581 1511 1510
f 1510 534 581
f 533 534 1510
f 1510 1512 533
f 96 1473 97
f 97 1473 138
f 1437 485 535
f 684 1453 774
f 1503 1502 1514
f 790 902 788
f 96 61 1473
f 1473 61 60
f 820 723 724
f 820 819 876
f 425 424 520
f 1499 1049 1515
f 1515 1049 1441
f 1516 1499 1515
f 1515 1441 1516
f 1517 514 1470
f 1470 1471 1518
f 1518 1517 1470
f 421 514 422
f 614 736 733
f 733 730 614
f 614 730 703
f 1483 1482 1519
f 1483 841 1484
f 1519 841 1483
f 637 1511 582
f 1520 388 387
f 439 1520 387
f 346 347 1423
f 1423 1422 1504
f 1423 1504 346
f 1504 1422 1501
f 1501 1500 1504
f 1180 1521 1181
f 410 422 468
f 1478 577 1522
f 1522 1523 1524
f 1522 1524 1478
f 486 485 1438
f 1438 1500 486
f 1436 489 1438
f 488 489 1436
f 563 599 546
f 1525 1433 1057
f 1057 1014 1525
f 937 1456 938
f 317 316 325
f 325 316 262
f 712 697 653
f 138 1513 139
f 581 582 1511
f 1453 1456 824
f 1507 1496 1506
f 1506 1496 1494
f 1046 1045 1506
f 1494 990 1506
f 1506 990 1046
f 707 760 784
f 801 795 784
f 784 791 707
f 1519 950 908
f 843 1519 908
f 484 483 533
f 1512 1524 484
f 484 1524 439
f 439 440 484
f 533 1512 484
f 851 1484 844
f 737 1484 851
f 738 737 851
f 799 738 851
f 1487 1502 1396
f 1396 1502 1397
f 1184 1526 1224
f 1185 1184 1224
f 1496 1507 1495
f 1426 616 617
f 1426 617 1430
f 1527 793 795
f 806 1527 795
f 822 878 1489
f 1417 1416 1419
f 791 789 707
f 967 904 889
f 1520 1523 1528
f 1012 964 952
f 952 964 949
f 952 951 1013
f 936 1049 1499
f 1048 1441 1049
f 996 1499 1516
f 1516 1050 996
f 996 1050 995
f 996 940 938
f 1433 950 1431
f 951 950 1433
f 1433 1525 951
f 1442 1529 1440
f 1440 1529 1530
f 1531 1441 1440
f 1530 1531 1440
f 1140 1508 1093
f 1532 1521 1533
f 1181 1521 1532
f 1533 1534 1532
f 1532 1534 1508
f 1532 1508 1181
f 1442 1526 1529
f 1529 1526 1184
f 1184 1530 1529
f 1533 1521 1535
f 1535 1521 1536
f 1521 1537 1536
f 1488 1526 1442
f 1538 1526 1488
f 1222 1538 1488
f 1223 1222 1488
f 36 60 35
f 1013 1525 1014
f 1419 1416 1502
f 1502 1416 1397
f 1502 1487 1514
f 514 1517 511
f 439 1524 1523
f 1523 1520 439
f 1512 1478 1524
f 260 262 316
f 269 260 316
f 1520 339 388
f 1336 1344 1337
f 1519 1431 950
f 1333 1322 1349
f 1482 1431 1519
f 1050 1516 1097
f 840 1484 841
f 841 1519 843
f 1097 1516 1441
f 1441 1048 1096
f 1441 1531 1097
f 617 561 1471
f 1471 561 562
f 1430 617 1471
f 1471 562 1518
f 813 860 814
f 787 911 790
f 561 617 612
f 561 612 606
f 126 171 124
f 124 171 160
f 1508 1140 1181
f 1517 512 511
f 1518 512 1517
f 1518 556 512
f 252 206 226
f 656 601 1539
f 1539 601 600
f 606 656 1539
f 600 606 1539
f 990 1494 991
f 1143 1531 1530
f 1098 1531 1143
f 1143 1530 1144
f 840 844 1484
f 860 1527 814
f 856 1527 860
f 562 556 1518
f 1494 933 991
f 910 911 787
f 910 855 862
f 787 855 910
f 793 1527 856
f 1540 1541 1542
f 1543 1544 1540
f 1542 1543 1540
f 769 767 765
f 806 814 1527
f 1158 1121 1130
f 810 796 859
f 859 796 800
f 1545 1546 1547
f 1548 1546 1545
f 159 91 113
f 113 91 92
f 92 69 113
f 962 964 1012
f 962 1012 1010
f 962 1010 969
f 91 159 146
f 1546 1549 1550
f 1548 1549 1546
f 1551 1547 1546
f 1546 1550 1551
f 1552 1549 1553
f 1553 1549 1543
f 1553 1554 1552
f 1542 1554 1553
f 1553 1543 1542
f 1541 1555 1542
f 1549 1544 1543
f 1548 1544 1549
f 1552 1556 1549
f 1549 1556 1550
f 1557 1556 1552
f 1550 1556 1557
f 1554 1555 1558
f 1558 1555 1559
f 1560 1554 1558
f 738 799 735
f 1140 1141 1181
f 1561 1562 1563
f 1564 1562 1561
f 1561 1565 1564
f 1098 1097 1531
f 1184 1144 1530
f 1555 1554 1542
f 1566 1559 1555
f 1567 1568 1569
f 1570 1568 1567
f 1568 1571 1572
f 1572 1569 1568
f 1573 1572 1571
f 1560 1552 1554
f 1574 1569 1572
f 1572 1575 1574
f 1574 1575 1576
f 1575 1572 1573
f 1573 1577 1575
f 1575 1577 1578
f 1578 1576 1575
f 1579 1578 1577
f 1578 1565 1576
f 1565 1578 1564
f 1579 1564 1578
f 701 703 730
f 1580 1559 1566
f 1581 1582 1547
f 1551 1581 1547
f 850 845 913
f 913 845 846
f 913 852 850
f 1076 1086 1122
f 1013 951 1525
f 1273 1289 1309
f 1583 1584 1585
f 1586 1584 1583
f 1583 1585 1587
f 1588 1586 1583
f 1587 1589 1583
f 1583 1589 1588
f 1590 1585 1584
f 1584 1586 1591
f 1592 1590 1584
f 1584 1591 1592
f 1593 1594 1595
f 1595 1594 1596
f 1597 1598 1595
f 1595 1598 1599
f 1600 1597 1595
f 1595 1599 1593
f 1596 1600 1595
f 1585 1590 1601
f 1602 1587 1585
f 1585 1601 1602
f 1603 1591 1586
f 1586 1588 1604
f 1604 1603 1586
f 1589 1587 1605
f 1606 1588 1589
f 1605 1606 1589
f 1607 1608 1594
f 1594 1608 1609
f 1594 1593 1607
f 1594 1609 1596
f 1596 1610 1611
f 1611 1610 1612
f 1611 1613 1597
f 1614 1613 1611
f 1611 1597 1600
f 1611 1600 1596
f 1612 1614 1611
f 1591 1603 1615
f 1591 1615 1616
f 1617 1618 1619
f 1619 1618 1593
f 1619 1620 1617
f 1621 1620 1619
f 1619 1599 1621
f 1593 1599 1619
f 1602 1605 1587
f 1588 1606 1622
f 1588 1622 1604
f 1609 1623 1610
f 1610 1623 1624
f 1596 1609 1610
f 1624 1612 1610
f 1625 1626 1618
f 1618 1626 1627
f 1618 1617 1625
f 1618 1627 1607
f 1607 1593 1618
f 1628 1629 1608
f 1608 1629 1609
f 1627 1628 1608
f 1607 1627 1608
f 1606 1605 1630
f 1631 1622 1606
f 1606 1632 1631
f 1630 1632 1606
f 1623 1633 1634
f 1609 1633 1623
f 1623 1634 1624
f 1626 1635 1628
f 1636 1635 1626
f 1626 1628 1627
f 1637 1636 1626
f 1626 1625 1637
f 1638 1615 1603
f 1603 1604 1639
f 1603 1640 1638
f 1639 1640 1603
f 1641 1642 1643
f 1612 1642 1641
f 1644 1614 1641
f 1641 1614 1612
f 1645 1644 1641
f 1643 1645 1641
f 1615 1638 1616
f 1646 1647 1617
f 1617 1620 1646
f 1605 1602 1648
f 1649 1604 1622
f 1650 1649 1622
f 1622 1631 1650
f 1604 1649 1651
f 1651 1639 1604
f 1634 1652 1642
f 1642 1652 1653
f 1624 1634 1642
f 1653 1643 1642
f 1642 1612 1624
f 1647 1654 1625
f 1655 1654 1647
f 1625 1617 1647
f 1647 1656 1655
f 1657 1633 1629
f 1629 1633 1609
f 1629 1658 1657
f 1628 1658 1629
f 1633 1657 1659
f 1633 1659 1660
f 1660 1634 1633
f 1635 1661 1662
f 1662 1628 1635
f 1660 1663 1652
f 1652 1663 1664
f 1652 1634 1660
f 1664 1653 1652
f 1654 1665 1666
f 1655 1665 1654
f 1666 1636 1654
f 1654 1636 1637
f 1637 1625 1654
f 1649 1650 1651
f 1667 1631 1632
f 1630 1667 1632
f 1668 1650 1631
f 1631 1667 1668
f 1669 1657 1658
f 1670 1669 1658
f 1662 1670 1658
f 1658 1628 1662
f 1640 1639 1671
f 1660 1672 1663
f 1663 1672 1673
f 1674 1675 1663
f 1663 1675 1664
f 1673 1674 1663
f 1643 1676 1677
f 1677 1676 1678
f 1679 1680 1677
f 1677 1680 1645
f 1677 1681 1679
f 1678 1681 1677
f 1677 1645 1643
f 1657 1669 1682
f 1657 1683 1659
f 1682 1683 1657
f 1639 1651 1684
f 1685 1671 1639
f 1684 1685 1639
f 1676 1686 1687
f 1664 1686 1676
f 1676 1687 1678
f 1676 1643 1653
f 1676 1653 1664
f 1688 1689 1690
f 1690 1689 1655
f 1690 1691 1688
f 1655 1656 1690
f 1692 1651 1650
f 1650 1668 1693
f 1693 1692 1650
f 1664 1675 1686
f 1686 1675 1694
f 1686 1695 1687
f 1694 1695 1686
f 1651 1692 1684
f 1696 1697 1672
f 1672 1697 1673
f 1659 1696 1672
f 1660 1659 1672
f 1698 1668 1667
f 1667 1699 1698
f 1683 1696 1659
f 1674 1700 1675
f 1675 1700 1694
f 1701 1693 1668
f 1668 1698 1701
f 1702 1703 1704
f 1671 1685 1705
f 1687 1706 1707
f 1707 1706 1708
f 1707 1709 1710
f 1708 1709 1707
f 1710 1681 1707
f 1707 1681 1678
f 1678 1687 1707
f 1692 1693 1711
f 1712 1684 1692
f 1692 1711 1713
f 1713 1712 1692
f 1697 1714 1715
f 1715 1674 1697
f 1697 1674 1673
f 1716 1717 1703
f 1703 1702 1718
f 1703 1718 1716
f 1685 1684 1719
f 1720 1705 1685
f 1719 1720 1685
f 1706 1695 1721
f 1687 1695 1706
f 1721 1722 1706
f 1706 1722 1708
f 1723 1724 1691
f 1725 1724 1723
f 1726 1725 1723
f 1727 1711 1693
f 1693 1701 1727
f 1700 1728 1729
f 1715 1728 1700
f 1700 1674 1715
f 1700 1729 1694
f 1695 1730 1721
f 1694 1730 1695
f 1688 1691 1724
f 1731 1732 1717
f 1717 1732 1733
f 1717 1716 1731
f 1733 1734 1717
f 1684 1712 1735
f 1735 1719 1684
f 1736 1698 1699
f 1699 1737 1736
f 1730 1738 1739
f 1729 1738 1730
f 1730 1739 1721
f 1694 1729 1730
f 1736 1701 1698
f 1740 1741 1728
f 1728 1741 1729
f 1742 1740 1728
f 1715 1742 1728
f 1727 1713 1711
f 1731 1743 1732
f 1732 1743 1733
f 1712 1713 1735
f 1744 1727 1701
f 1701 1736 1744
f 1738 1741 1745
f 1729 1741 1738
f 1746 1747 1738
f 1738 1747 1739
f 1748 1746 1738
f 1745 1748 1738
f 1749 1718 1702
f 1750 1751 1702
f 1702 1751 1749
f 1752 1750 1702
f 1753 1754 1755
f 1708 1754 1753
f 1753 1709 1708
f 1756 1757 1758
f 1758 1757 1726
f 1758 1759 1756
f 1760 1716 1718
f 1718 1749 1760
f 1720 1719 1761
f 1761 1762 1720
f 1763 1764 1754
f 1754 1764 1755
f 1721 1763 1754
f 1754 1722 1721
f 1708 1722 1754
f 1765 1766 1757
f 1757 1766 1726
f 1756 1765 1757
f 1763 1747 1764
f 1764 1747 1767
f 1764 1768 1755
f 1767 1768 1764
f 1766 1769 1770
f 1765 1769 1766
f 1770 1725 1766
f 1766 1725 1726
f 1741 1740 1745
f 1760 1731 1716
f 1719 1735 1771
f 1771 1761 1719
f 1743 1731 1772
f 1772 1773 1743
f 1743 1773 1733
f 1713 1727 1774
f 1727 1744 1775
f 1776 1774 1727
f 1727 1775 1776
f 1777 1736 1737
f 1747 1746 1767
f 1747 1763 1721
f 1721 1739 1747
f 1778 1779 1769
f 1765 1778 1769
f 1780 1744 1736
f 1736 1777 1780
f 1781 1772 1731
f 1731 1760 1782
f 1731 1782 1781
f 1783 1775 1744
f 1744 1780 1784
f 1744 1784 1783
f 1785 1767 1746
f 1779 1778 1786
f 1773 1772 1787
f 1787 1788 1773
f 1773 1788 1789
f 1789 1733 1773
f 1751 1750 1790
f 1791 1749 1751
f 1751 1790 1791
f 1792 1790 1750
f 1793 1792 1750
f 1752 1794 1750
f 1750 1794 1793
f 1795 1796 1759
f 1797 1796 1795
f 1798 1799 1795
f 1795 1799 1800
f 1800 1797 1795
f 1801 1760 1749
f 1749 1791 1801
f 1802 1803 1762
f 1761 1802 1762
f 1755 1768 1804
f 1796 1805 1765
f 1797 1805 1796
f 1756 1759 1796
f 1796 1765 1756
f 1783 1776 1775
f 1781 1787 1772
f 1806 1807 1768
f 1767 1806 1768
f 1805 1808 1778
f 1809 1808 1805
f 1805 1778 1765
f 1797 1810 1805
f 1805 1810 1809
f 1811 1780 1777
f 1801 1782 1760
f 1812 1813 1814
f 1815 1813 1812
f 1816 1784 1780
f 1780 1811 1816
f 1809 1817 1808
f 1808 1817 1786
f 1786 1778 1808
f 1818 1783 1784
f 1784 1816 1818
f 1819 1781 1782
f 1782 1801 1820
f 1782 1820 1819
f 1788 1787 1821
f 1788 1821 1822
f 1788 1822 1789
f 1776 1783 1823
f 1824 1825 1817
f 1817 1825 1786
f 1817 1809 1826
f 1817 1826 1824
f 1787 1781 1827
f 1828 1821 1787
f 1787 1827 1828
f 1829 1823 1783
f 1783 1818 1829
f 1830 1827 1781
f 1781 1819 1830
f 1790 1792 1831
f 1831 1791 1790
f 1832 1831 1792
f 1833 1832 1792
f 1793 1833 1792
f 1834 1835 1797
f 1836 1835 1834
f 1834 1837 1838
f 1799 1837 1834
f 1834 1838 1839
f 1800 1799 1834
f 1834 1839 1836
f 1834 1797 1800
f 1840 1801 1791
f 1791 1831 1841
f 1791 1841 1840
f 1803 1802 1842
f 1842 1843 1803
f 1835 1844 1810
f 1836 1844 1835
f 1835 1810 1797
f 1845 1818 1816
f 1846 1847 1848
f 1824 1847 1846
f 1844 1849 1810
f 1850 1849 1844
f 1844 1836 1851
f 1851 1850 1844
f 1852 1822 1821
f 1828 1852 1821
f 1840 1820 1801
f 1822 1852 1853
f 1853 1854 1822
f 1822 1854 1855
f 1822 1855 1789
f 1823 1829 1856
f 1857 1829 1818
f 1818 1845 1857
f 1849 1858 1809
f 1850 1858 1849
f 1809 1810 1849
f 1830 1828 1827
f 1859 1819 1820
f 1820 1840 1859
f 1858 1847 1826
f 1860 1847 1858
f 1850 1861 1858
f 1858 1861 1860
f 1826 1809 1858
f 1862 1856 1829
f 1829 1857 1862
f 1860 1848 1847
f 1824 1826 1847
f 1863 1830 1819
f 1819 1859 1863
f 1852 1828 1864
f 1852 1864 1865
f 1865 1853 1852
f 1828 1830 1866
f 1866 1864 1828
f 1854 1853 1867
f 1854 1867 1855
f 1856 1862 1868
f 1831 1832 1869
f 1869 1841 1831
f 1870 1869 1832
f 1833 1870 1832
f 1871 1872 1873
f 1874 1875 1873
f 1873 1875 1871
f 1876 1877 1878
f 1878 1877 1836
f 1878 1879 1876
f 1880 1879 1878
f 1878 1838 1881
f 1839 1838 1878
f 1878 1881 1880
f 1836 1839 1878
f 1882 1840 1841
f 1841 1869 1883
f 1841 1883 1882
f 1843 1842 1884
f 1884 1885 1843
f 1876 1886 1877
f 1877 1886 1836
f 1887 1888 1886
f 1886 1888 1850
f 1886 1876 1889
f 1886 1889 1887
f 1851 1836 1886
f 1886 1850 1851
f 1890 1866 1830
f 1830 1863 1890
f 1891 1859 1840
f 1840 1882 1891
f 1842 1892 1884
f 1887 1893 1888
f 1888 1893 1861
f 1888 1861 1850
f 1891 1863 1859
f 1892 1894 1895
f 1896 1884 1892
f 1895 1896 1892
f 1864 1866 1897
f 1898 1865 1864
f 1864 1897 1898
f 1899 1900 1893
f 1893 1900 1861
f 1893 1887 1901
f 1893 1901 1899
f 1902 1867 1853
f 1853 1865 1902
f 1866 1890 1903
f 1903 1897 1866
f 1900 1899 1904
f 1904 1848 1900
f 1900 1848 1860
f 1860 1861 1900
f 1891 1890 1863
f 1894 1905 1906
f 1906 1895 1894
f 1867 1902 1907
f 1907 1855 1867
f 1908 1902 1865
f 1909 1908 1865
f 1865 1898 1909
f 1891 1903 1890
f 1905 1910 1911
f 1911 1906 1905
f 1869 1870 1912
f 1913 1883 1869
f 1869 1912 1913
f 1914 1912 1870
f 1915 1914 1870
f 1870 1833 1916
f 1916 1915 1870
f 1874 1917 1918
f 1918 1917 1919
f 1918 1920 1921
f 1919 1920 1918
f 1918 1875 1874
f 1871 1875 1918
f 1918 1921 1871
f 1922 1876 1879
f 1923 1922 1879
f 1880 1923 1879
f 1897 1903 1924
f 1925 1898 1897
f 1897 1924 1925
f 1926 1882 1883
f 1883 1913 1926
f 1885 1884 1927
f 1927 1928 1885
f 1874 1929 1917
f 1917 1929 1930
f 1930 1919 1917
f 1931 1889 1876
f 1876 1922 1932
f 1876 1932 1931
f 1933 1907 1902
f 1902 1908 1933
f 1934 1855 1907
f 1934 1907 1935
f 1936 1937 1929
f 1929 1937 1938
f 1929 1874 1936
f 1929 1938 1939
f 1929 1939 1930
f 1931 1887 1889
f 1882 1926 1940
f 1940 1941 1882
f 1882 1941 1891
f 1884 1896 1927
f 1942 1938 1937
f 1943 1901 1887
f 1887 1931 1944
f 1887 1944 1943
f 1896 1895 1945
f 1945 1927 1896
f 1891 1924 1903
f 1910 1946 1911
f 1947 1899 1901
f 1901 1943 1947
f 1907 1933 1948
f 1948 1935 1907
f 1947 1949 1899
f 1899 1949 1904
f 1895 1906 1950
f 1951 1945 1895
f 1950 1951 1895
f 1952 1933 1908
f 1908 1909 1952
f 1953 1909 1898
f 1898 1925 1953
f 1949 1947 1954
f 1949 1954 1955
f 1949 1956 1904
f 1957 1956 1949
f 1949 1955 1957
f 1958 1948 1933
f 1933 1952 1958
f 1959 1925 1924
f 1891 1959 1924
f 1960 1911 1946
f 1946 1961 1962
f 1962 1960 1946
f 1935 1948 1963
f 1963 1964 1935
f 1906 1911 1950
f 1912 1914 1965
f 1966 1913 1912
f 1965 1967 1912
f 1912 1967 1966
f 1968 1969 1970
f 1970 1928 1971
f 1970 1972 1968
f 1971 1972 1970
f 1915 1965 1914
f 1973 1974 1975
f 1930 1974 1973
f 1973 1920 1919
f 1976 1920 1973
f 1975 1977 1973
f 1973 1977 1976
f 1973 1919 1930
f 1978 1932 1922
f 1979 1978 1922
f 1922 1980 1979
f 1923 1980 1922
f 1981 1926 1913
f 1913 1966 1981
f 1928 1927 1982
f 1982 1971 1928
f 1974 1983 1984
f 1930 1983 1974
f 1984 1985 1974
f 1974 1985 1975
f 1986 1931 1932
f 1932 1978 1987
f 1932 1987 1986
f 1988 1952 1909
f 1909 1953 1988
f 1983 1989 1984
f 1938 1989 1983
f 1939 1938 1983
f 1930 1939 1983
f 1990 1944 1931
f 1931 1986 1990
f 1911 1960 1991
f 1992 1950 1911
f 1991 1992 1911
f 1926 1981 1993
f 1926 1993 1940
f 1927 1945 1994
f 1994 1982 1927
f 1959 1953 1925
f 1961 1995 1996
f 1996 1962 1961
f 1989 1997 1998
f 1942 1997 1989
f 1999 1984 1989
f 1989 1938 1942
f 1998 1999 1989
f 2000 1943 1944
f 1944 1990 2000
f 1945 1951 1994
f 1997 2001 1998
f 2002 2001 1997
f 1997 2003 2002
f 1942 2003 1997
f 1954 1947 1943
f 1943 2000 1954
f 1948 1958 1963
f 1951 1950 2004
f 2005 1994 1951
f 2004 2005 1951
f 1960 1962 1991
f 1964 1963 2006
f 1952 1988 1958
f 1953 1959 1988
f 1995 2007 1996
f 1950 1992 2004
f 2008 1991 1962
f 1962 1996 2008
f 1992 1991 2009
f 2010 2004 1992
f 2009 2010 1992
f 1967 1965 2011
f 2012 1966 1967
f 2011 2012 1967
f 2013 1968 1972
f 1972 1971 2014
f 1972 2014 2013
f 2015 2011 1965
f 1965 1915 2016
f 1965 2016 2015
f 1985 2017 2018
f 2018 2017 2019
f 2020 2021 2018
f 2018 2021 1977
f 2019 2020 2018
f 2018 1977 1975
f 1975 1985 2018
f 1968 2013 2022
f 2023 2024 1968
f 2022 2023 1968
f 2025 1987 1978
f 2026 2025 1978
f 1979 2027 1978
f 1978 2027 2026
f 2028 1981 1966
f 1966 2012 2029
f 1966 2029 2028
f 1971 1982 2030
f 2031 2014 1971
f 2030 2031 1971
f 1985 2032 2017
f 2017 2032 2033
f 2017 2033 2034
f 2034 2019 2017
f 2035 1986 1987
f 1987 2025 2036
f 1987 2036 2035
f 1984 2037 2032
f 2032 2037 2033
f 2032 1985 1984
f 2035 1990 1986
f 2038 1988 1959
f 1959 2039 2038
f 2040 2039 1959
f 1891 2040 1959
f 2041 1958 1988
f 2038 2041 1988
f 2042 1996 2007
f 1981 2028 2043
f 2043 1993 1981
f 1982 1994 2030
f 2044 1963 1958
f 1958 2041 2044
f 1999 2045 2037
f 2037 2045 2046
f 2037 1984 1999
f 2047 2033 2037
f 2037 2046 2047
f 2048 2000 1990
f 1990 2035 2049
f 1990 2049 2048
f 2050 1963 2051
f 2006 1963 2050
f 2051 2052 2050
f 1963 2044 2051
f 1991 2008 2053
f 2053 2009 1991
f 1994 2005 2054
f 2054 2030 1994
f 2055 2008 1996
f 1996 2042 2055
f 2045 2001 2056
f 1998 2001 2045
f 2056 2057 2045
f 2045 2057 2046
f 2045 1999 1998
f 2058 1954 2000
f 2000 2048 2058
f 2001 2059 2056
f 2060 2059 2001
f 2002 2060 2001
f 2058 2061 1954
f 1954 2061 1955
f 2005 2004 2062
f 2063 2054 2005
f 2062 2063 2005
f 2064 2065 2066
f 2066 1872 2064
f 2061 2058 2067
f 2061 2067 2068
f 2061 2068 2069
f 2061 2069 1955
f 2008 2055 2070
f 2070 2053 2008
f 2004 2010 2062
f 2041 2038 2071
f 2072 2044 2041
f 2041 2071 2073
f 2041 2073 2072
f 2074 2038 2039
f 2075 2074 2039
f 2040 2075 2039
f 2038 2074 2071
f 2010 2009 2076
f 2076 2062 2010
f 2009 2053 2077
f 2077 2078 2009
f 2009 2078 2076
f 2012 2011 2079
f 2080 2029 2012
f 2079 2080 2012
f 2081 2013 2014
f 2014 2031 2082
f 2014 2082 2081
f 2015 2079 2011
f 2083 2084 2085
f 2034 2084 2083
f 2083 2020 2019
f 2086 2020 2083
f 2085 2087 2083
f 2083 2087 2086
f 2083 2019 2034
f 2013 2081 2088
f 2013 2088 2022
f 2089 2036 2025
f 2026 2089 2025
f 2090 2028 2029
f 2029 2080 2091
f 2029 2091 2090
f 2031 2030 2092
f 2093 2082 2031
f 2092 2093 2031
f 2084 2094 2095
f 2033 2094 2084
f 2084 2095 2085
f 2034 2033 2084
f 2096 2035 2036
f 2036 2089 2097
f 2036 2097 2096
f 2033 2098 2094
f 2094 2098 2099
f 2094 2100 2095
f 2099 2100 2094
f 2096 2049 2035
f 2090 2101 2028
f 2028 2101 2043
f 2030 2054 2102
f 2102 2092 2030
f 2051 2044 2052
f 2052 2044 2103
f 2052 2104 2105
f 2103 2104 2052
f 2044 2072 2103
f 2047 2106 2098
f 2098 2106 2107
f 2098 2033 2047
f 2098 2107 2099
f 2108 2048 2049
f 2049 2096 2108
f 2109 2110 2101
f 2101 2110 2043
f 2101 2090 2111
f 2101 2111 2109
f 2054 2063 2102
f 2106 2112 2113
f 2114 2112 2106
f 2106 2113 2107
f 2046 2057 2106
f 2106 2057 2114
f 2047 2046 2106
f 2115 2058 2048
f 2048 2108 2116
f 2048 2116 2115
f 2117 2071 2074
f 2074 2118 2117
f 2075 2118 2074
f 2117 2073 2071
f 2112 2119 2113
f 2120 2119 2112
f 2121 2120 2112
f 2114 2121 2112
f 2058 2115 2067
f 2110 2109 2122
f 2110 2122 2123
f 2124 2043 2110
f 2110 2123 2124
f 2073 2117 2125
f 2126 2072 2073
f 2073 2125 2126
f 2127 2128 2129
f 2129 2128 2130
f 2123 2127 2129
f 2130 2123 2129
f 2128 2131 2132
f 2133 2131 2128
f 2128 2132 2130
f 2128 2127 2133
f 2132 2117 2118
f 2134 2132 2118
f 2118 2075 2134
f 2117 2132 2125
f 2131 2135 2132
f 2136 2135 2131
f 2131 2133 2137
f 2131 2137 2136
f 2080 2079 2138
f 2139 2091 2080
f 2080 2138 2139
f 2140 2081 2082
f 2082 2093 2141
f 2141 2140 2082
f 2142 2138 2079
f 2143 2144 2079
f 2079 2144 2142
f 2015 2143 2079
f 2095 2145 2146
f 2146 2145 2147
f 2146 2087 2085
f 2148 2087 2146
f 2085 2095 2146
f 2147 2149 2146
f 2146 2149 2148
f 2081 2140 2150
f 2081 2150 2088
f 2151 2097 2089
f 2152 2151 2089
f 2153 2152 2089
f 2026 2153 2089
f 2139 2090 2091
f 2093 2092 2141
f 2095 2100 2145
f 2145 2100 2154
f 2155 2147 2145
f 2154 2155 2145
f 2156 2096 2097
f 2097 2151 2157
f 2097 2157 2156
f 2099 2158 2100
f 2100 2158 2154
f 2156 2108 2096
f 2159 2111 2090
f 2090 2139 2160
f 2090 2160 2159
f 2161 2141 2092
f 2107 2113 2158
f 2158 2113 2162
f 2158 2163 2154
f 2162 2163 2158
f 2099 2107 2158
f 2164 2116 2108
f 2108 2156 2164
f 2159 2109 2111
f 2165 2115 2116
f 2116 2164 2166
f 2116 2166 2165
f 2125 2132 2135
f 2136 2125 2135
f 2162 2113 2119
f 2119 2120 2167
f 2119 2167 2162
f 2115 2165 2067
f 2168 2122 2109
f 2109 2159 2169
f 2109 2169 2168
f 2170 2171 2172
f 2173 2171 2170
f 2174 2175 2170
f 2170 2175 2173
f 2176 2174 2170
f 2177 2176 2170
f 2172 2177 2170
f 2178 2179 2104
f 2104 2179 2180
f 2103 2178 2104
f 2180 2105 2104
f 2072 2126 2181
f 2072 2181 2178
f 2072 2178 2103
f 2168 2127 2122
f 2122 2127 2123
f 2132 2134 2130
f 2182 2126 2125
f 2125 2136 2182
f 2183 2133 2127
f 2127 2168 2184
f 2127 2184 2183
f 2183 2137 2133
f 2126 2182 2185
f 2185 2181 2126
f 2186 2136 2137
f 2137 2183 2187
f 2137 2187 2186
f 2186 2182 2136
f 2188 2139 2138
f 2189 2188 2138
f 2138 2142 2189
f 2190 2150 2140
f 2140 2141 2190
f 2147 2191 2192
f 2192 2191 2193
f 2192 2194 2195
f 2193 2194 2192
f 2192 2196 2149
f 2195 2196 2192
f 2192 2149 2147
f 2150 2190 2197
f 2150 2197 2198
f 2150 2198 2088
f 2199 2157 2151
f 2200 2199 2151
f 2151 2201 2200
f 2152 2201 2151
f 2202 2160 2139
f 2139 2188 2202
f 2141 2161 2203
f 2203 2190 2141
f 2155 2204 2191
f 2191 2204 2205
f 2191 2147 2155
f 2205 2193 2191
f 2206 2156 2157
f 2157 2199 2207
f 2157 2207 2206
f 2163 2208 2204
f 2204 2208 2205
f 2154 2163 2204
f 2204 2155 2154
f 2206 2164 2156
f 2209 2159 2160
f 2160 2202 2210
f 2160 2210 2209
f 2211 2203 2161
f 2182 2186 2212
f 2212 2185 2182
f 2213 2214 2208
f 2208 2214 2215
f 2208 2163 2213
f 2215 2205 2208
f 2216 2166 2164
f 2164 2206 2217
f 2164 2217 2216
f 2209 2169 2159
f 2213 2171 2214
f 2214 2171 2173
f 2173 2218 2214
f 2214 2218 2215
f 2216 2165 2166
f 2171 2213 2167
f 2167 2172 2171
f 2165 2219 2220
f 2216 2219 2165
f 2165 2220 2067
f 2221 2168 2169
f 2169 2209 2221
f 2222 2184 2168
f 2168 2221 2222
f 2223 2183 2184
f 2184 2222 2223
f 2224 2187 2183
f 2183 2223 2225
f 2183 2225 2224
f 2224 2186 2187
f 2186 2224 2226
f 2186 2226 2212
f 2227 2228 2179
f 2179 2228 2180
f 2179 2178 2229
f 2229 2227 2179
f 2181 2185 2230
f 2181 2230 2227
f 2229 2178 2181
f 2181 2227 2229
f 2185 2212 2231
f 2185 2231 2230
f 2232 2202 2188
f 2233 2232 2188
f 2234 2233 2188
f 2189 2234 2188
f 2235 2197 2190
f 2190 2203 2235
f 2193 2236 2194
f 2194 2236 2237
f 2238 2195 2194
f 2194 2239 2238
f 2237 2239 2194
f 2235 2240 2197
f 2197 2240 2241
f 2197 2241 2198
f 2242 2207 2199
f 2243 2242 2199
f 2199 2200 2243
f 2244 2210 2202
f 2202 2232 2244
f 2203 2211 2245
f 2203 2245 2235
f 2193 2246 2236
f 2236 2246 2247
f 2247 2237 2236
f 2248 2206 2207
f 2242 2249 2207
f 2207 2249 2248
f 2205 2250 2246
f 2246 2250 2251
f 2246 2193 2205
f 2251 2252 2246
f 2246 2252 2247
f 2248 2253 2206
f 2206 2253 2217
f 2254 2209 2210
f 2210 2244 2255
f 2210 2255 2254
f 2211 2256 2245
f 2215 2218 2250
f 2250 2218 2251
f 2250 2205 2215
f 2253 2257 2217
f 2258 2257 2253
f 2253 2248 2259
f 2259 2258 2253
f 2254 2221 2209
f 2173 2175 2218
f 2218 2175 2260
f 2218 2260 2251
f 2261 2219 2257
f 2257 2219 2216
f 2258 2261 2257
f 2216 2217 2257
f 2175 2174 2262
f 2175 2262 2260
f 2261 2263 2219
f 2219 2263 2264
f 2264 2220 2219
f 2265 2222 2221
f 2221 2254 2266
f 2221 2266 2265
f 2261 2267 2263
f 2263 2267 2268
f 2269 2270 2263
f 2263 2270 2264
f 2268 2269 2263
f 2271 2223 2222
f 2222 2265 2271
f 2271 2225 2223
f 2272 2224 2225
f 2225 2271 2273
f 2225 2273 2272
f 2274 2226 2224
f 2224 2272 2274
f 2274 2212 2226
f 2212 2274 2275
f 2212 2275 2231
f 2232 2233 2276
f 2277 2244 2232
f 2276 2277 2232
f 2278 2276 2233
f 2279 2280 2233
f 2233 2280 2278
f 2234 2279 2233
f 2281 2255 2244
f 2277 2281 2244
f 2282 2283 2284
f 2237 2283 2282
f 2282 2285 2239
f 2286 2285 2282
f 2282 2239 2237
f 2284 2286 2282
f 2283 2287 2288
f 2247 2287 2283
f 2288 2284 2283
f 2283 2237 2247
f 2289 2254 2255
f 2255 2281 2289
f 2252 2290 2287
f 2287 2290 2291
f 2291 2288 2287
f 2247 2252 2287
f 2260 2292 2290
f 2290 2292 2291
f 2290 2252 2251
f 2251 2260 2290
f 2289 2266 2254
f 2293 2294 2292
f 2292 2294 2295
f 2260 2293 2292
f 2292 2295 2291
f 2289 2265 2266
f 2296 2297 2294
f 2294 2297 2298
f 2294 2293 2296
f 2294 2298 2295
f 2297 2299 2300
f 2296 2299 2297
f 2297 2300 2301
f 2297 2301 2298
f 2289 2271 2265
f 2302 2273 2271
f 2271 2289 2302
f 2303 2272 2273
f 2302 2303 2273
f 2303 2274 2272
f 2274 2303 2275
f 2304 2275 2303
f 2305 2304 2303
f 2302 2305 2303
f 2304 2231 2275
f 2306 2230 2231
f 2304 2306 2231
f 2228 2307 2308
f 2309 2307 2228
f 2228 2227 2310
f 2228 2310 2309
f 2228 2308 2180
f 2230 2306 2311
f 2230 2311 2309
f 2310 2227 2230
f 2309 2310 2230
f 2312 2313 2314
f 2315 2316 2313
f 2313 2312 2317
f 2313 2317 2315
f 2315 2318 2316
f 2319 2320 2318
f 2318 2315 2319
f 2267 2321 2322
f 2261 2321 2267
f 2267 2322 2323
f 2267 2323 2268
f 2324 2256 2320
f 2320 2319 2325
f 2320 2325 2324
f 2321 2326 2322
f 2259 2326 2321
f 2321 2261 2258
f 2321 2258 2259
f 2324 2245 2256
f 2326 2327 2328
f 2259 2327 2326
f 2329 2322 2326
f 2330 2329 2326
f 2326 2328 2330
f 2331 2235 2245
f 2245 2324 2331
f 2248 2249 2327
f 2327 2249 2332
f 2259 2248 2327
f 2332 2328 2327
f 2240 2235 2333
f 2240 2333 2334
f 2240 2335 2241
f 2334 2335 2240
f 2235 2331 2336
f 2336 2333 2235
f 2249 2242 2332
f 2242 2337 2338
f 2243 2337 2242
f 2242 2338 2332
f 2306 2304 2339
f 2306 2339 2340
f 2340 2311 2306
f 2305 2339 2304
f 2341 2317 2312
f 2342 2315 2317
f 2317 2341 2342
f 2343 2319 2315
f 2315 2342 2344
f 2315 2344 2343
f 2345 2346 2347
f 2347 2346 2348
f 2347 2349 2350
f 2351 2349 2347
f 2352 2345 2347
f 2350 2352 2347
f 2348 2351 2347
f 2353 2325 2319
f 2319 2343 2353
f 2354 2355 2346
f 2346 2355 2348
f 2346 2345 2356
f 2346 2356 2354
f 2357 2358 2359
f 2359 2358 2295
f 2298 2360 2359
f 2359 2360 2361
f 2361 2357 2359
f 2295 2298 2359
f 2322 2329 2362
f 2322 2345 2323
f 2362 2345 2322
f 2363 2324 2325
f 2325 2353 2363
f 2357 2364 2358
f 2358 2364 2365
f 2365 2288 2358
f 2358 2288 2291
f 2291 2295 2358
f 2329 2366 2367
f 2330 2366 2329
f 2329 2356 2362
f 2367 2356 2329
f 2281 2277 2368
f 2281 2368 2369
f 2370 2289 2281
f 2369 2370 2281
f 2363 2331 2324
f 2371 2372 2364
f 2364 2372 2365
f 2364 2357 2373
f 2373 2374 2364
f 2364 2374 2371
f 2366 2375 2376
f 2330 2375 2366
f 2366 2376 2377
f 2366 2377 2367
f 2372 2378 2284
f 2371 2378 2372
f 2372 2284 2288
f 2372 2288 2365
f 2338 2379 2375
f 2375 2379 2376
f 2332 2338 2375
f 2375 2330 2332
f 2277 2276 2380
f 2380 2368 2277
f 2381 2336 2331
f 2331 2363 2381
f 2382 2383 2378
f 2378 2383 2286
f 2371 2382 2378
f 2378 2286 2284
f 2333 2336 2384
f 2333 2384 2385
f 2385 2334 2333
f 2379 2386 2387
f 2338 2386 2379
f 2379 2387 2388
f 2388 2376 2379
f 2389 2380 2276
f 2390 2389 2276
f 2276 2278 2390
f 2336 2381 2391
f 2391 2384 2336
f 2392 2339 2393
f 2393 2339 2305
f 2393 2394 2392
f 2395 2394 2393
f 2305 2395 2393
f 2392 2340 2339
f 2307 2311 2396
f 2309 2311 2307
f 2307 2397 2398
f 2396 2397 2307
f 2307 2398 2308
f 2311 2340 2399
f 2311 2399 2396
f 2400 2342 2341
f 2341 2401 2400
f 2402 2344 2342
f 2342 2400 2402
f 2340 2392 2403
f 2340 2403 2404
f 2404 2399 2340
f 2405 2343 2344
f 2344 2402 2405
f 2406 2407 2408
f 2408 2407 2409
f 2408 2410 2406
f 2411 2410 2408
f 2408 2409 2412
f 2412 2411 2408
f 2413 2353 2343
f 2343 2405 2413
f 2414 2415 2361
f 2416 2415 2414
f 2414 2417 2410
f 2360 2417 2414
f 2414 2410 2411
f 2361 2360 2414
f 2414 2411 2416
f 2418 2419 2415
f 2415 2419 2361
f 2416 2418 2415
f 2355 2420 2421
f 2422 2420 2355
f 2355 2354 2422
f 2355 2421 2348
f 2413 2363 2353
f 2419 2423 2373
f 2424 2423 2419
f 2373 2425 2419
f 2419 2425 2361
f 2418 2424 2419
f 2426 2427 2420
f 2420 2427 2428
f 2422 2426 2420
f 2428 2421 2420
f 2403 2392 2394
f 2394 2429 2403
f 2430 2429 2394
f 2395 2431 2394
f 2394 2431 2430
f 2368 2380 2432
f 2432 2433 2368
f 2368 2433 2369
f 2434 2381 2363
f 2363 2413 2435
f 2363 2435 2434
f 2436 2437 2423
f 2423 2437 2374
f 2424 2436 2423
f 2423 2374 2373
f 2426 2438 2427
f 2427 2438 2439
f 2427 2439 2440
f 2440 2428 2427
f 2441 2442 2437
f 2437 2442 2371
f 2436 2441 2437
f 2371 2374 2437
f 2438 2443 2444
f 2388 2443 2438
f 2426 2376 2438
f 2438 2376 2388
f 2438 2444 2439
f 2380 2389 2432
f 2434 2391 2381
f 2442 2445 2446
f 2441 2445 2442
f 2446 2382 2442
f 2442 2382 2371
f 2384 2391 2447
f 2384 2447 2448
f 2384 2448 2385
f 2449 2432 2389
f 2450 2449 2389
f 2390 2450 2389
f 2391 2434 2451
f 2451 2447 2391
f 2452 2400 2401
f 2453 2402 2400
f 2400 2452 2454
f 2400 2454 2453
f 2455 2403 2429
f 2456 2455 2429
f 2457 2456 2429
f 2430 2457 2429
f 2403 2455 2458
f 2458 2404 2403
f 2453 2405 2402
f 2396 2399 2397
f 2397 2399 2459
f 2397 2460 2461
f 2459 2460 2397
f 2461 2398 2397
f 2399 2404 2462
f 2462 2463 2399
f 2399 2463 2459
f 2464 2465 2466
f 2351 2465 2464
f 2466 2467 2464
f 2464 2467 2468
f 2464 2469 2470
f 2468 2469 2464
f 2464 2470 2351
f 2471 2413 2405
f 2405 2453 2472
f 2472 2471 2405
f 2473 2474 2475
f 2475 2474 2412
f 2409 2476 2475
f 2475 2476 2473
f 2412 2409 2475
f 2465 2477 2466
f 2478 2477 2465
f 2465 2351 2479
f 2479 2478 2465
f 2455 2456 2480
f 2481 2458 2455
f 2480 2481 2455
f 2474 2482 2483
f 2484 2482 2474
f 2474 2483 2412
f 2473 2485 2474
f 2474 2485 2484
f 2477 2486 2487
f 2478 2486 2477
f 2477 2487 2466
f 2471 2435 2413
f 2404 2458 2488
f 2404 2488 2462
f 2489 2490 2482
f 2482 2490 2418
f 2418 2483 2482
f 2484 2489 2482
f 2486 2491 2492
f 2440 2491 2486
f 2493 2487 2486
f 2492 2493 2486
f 2486 2478 2428
f 2486 2428 2440
f 2433 2432 2494
f 2494 2495 2433
f 2433 2495 2496
f 2496 2431 2433
f 2433 2431 2369
f 2497 2434 2435
f 2435 2471 2498
f 2435 2498 2497
f 2489 2499 2490
f 2490 2499 2436
f 2490 2436 2424
f 2490 2424 2418
f 2491 2500 2501
f 2439 2500 2491
f 2491 2501 2492
f 2440 2439 2491
f 2499 2502 2441
f 2503 2502 2499
f 2489 2504 2499
f 2499 2504 2503
f 2499 2441 2436
f 2500 2505 2501
f 2444 2505 2500
f 2439 2444 2500
f 2432 2449 2494
f 2497 2451 2434
f 2506 2507 2502
f 2502 2507 2445
f 2503 2506 2502
f 2502 2445 2441
f 2447 2451 2508
f 2447 2508 2509
f 2447 2509 2448
f 2444 2510 2505
f 2505 2510 2511
f 2505 2512 2501
f 2513 2512 2505
f 2511 2513 2505
f 2514 2494 2449
f 2450 2514 2449
f 2451 2497 2515
f 2515 2508 2451
f 2456 2457 2516
f 2516 2480 2456
f 2458 2481 2517
f 2517 2488 2458
f 2457 2518 2516
f 2430 2518 2457
f 2518 2519 2520
f 2496 2519 2518
f 2520 2516 2518
f 2430 2496 2518
f 2481 2480 2517
f 2519 2521 2522
f 2496 2521 2519
f 2523 2520 2519
f 2522 2523 2519
f 2524 2525 2476
f 2526 2525 2524
f 2524 2476 2527
f 2528 2529 2524
f 2524 2529 2526
f 2524 2527 2528
f 2521 2530 2531
f 2496 2530 2521
f 2531 2522 2521
f 2525 2532 2473
f 2526 2532 2525
f 2473 2476 2525
f 2466 2487 2467
f 2467 2487 2533
f 2533 2534 2467
f 2467 2534 2468
f 2480 2516 2535
f 2536 2517 2480
f 2535 2536 2480
f 2537 2462 2488
f 2488 2517 2538
f 2488 2538 2537
f 2539 2540 2532
f 2532 2540 2485
f 2541 2539 2532
f 2526 2541 2532
f 2532 2485 2473
f 2487 2493 2542
f 2542 2533 2487
f 2530 2495 2531
f 2496 2495 2530
f 2540 2543 2484
f 2544 2543 2540
f 2540 2539 2544
f 2484 2485 2540
f 2493 2545 2542
f 2492 2545 2493
f 2460 2463 2546
f 2459 2463 2460
f 2460 2547 2461
f 2546 2547 2460
f 2463 2462 2548
f 2463 2548 2549
f 2463 2549 2546
f 2495 2494 2550
f 2551 2531 2495
f 2550 2551 2495
f 2552 2497 2498
f 2498 2553 2552
f 2543 2554 2489
f 2544 2554 2543
f 2543 2489 2484
f 2545 2555 2556
f 2492 2555 2545
f 2556 2557 2545
f 2545 2557 2542
f 2537 2548 2462
f 2558 2559 2554
f 2554 2559 2503
f 2554 2504 2489
f 2503 2504 2554
f 2554 2560 2558
f 2544 2560 2554
f 2555 2561 2556
f 2501 2561 2555
f 2492 2501 2555
f 2494 2514 2550
f 2552 2515 2497
f 2559 2562 2563
f 2558 2562 2559
f 2563 2506 2559
f 2559 2506 2503
f 2508 2515 2564
f 2564 2565 2508
f 2508 2565 2509
f 2566 2556 2561
f 2567 2566 2561
f 2513 2568 2561
f 2561 2568 2567
f 2501 2512 2561
f 2561 2512 2513
f 2569 2550 2514
f 2514 2570 2569
f 2571 2570 2514
f 2514 2450 2571
f 2515 2552 2564
f 2516 2520 2535
f 2517 2536 2572
f 2572 2538 2517
f 2520 2523 2573
f 2573 2535 2520
f 2574 2549 2548
f 2548 2537 2575
f 2575 2574 2548
f 2523 2522 2576
f 2577 2573 2523
f 2576 2577 2523
f 2536 2535 2572
f 2578 2534 2579
f 2468 2534 2578
f 2578 2579 2580
f 2581 2469 2578
f 2578 2469 2468
f 2580 2581 2578
f 2522 2531 2576
f 2534 2582 2579
f 2533 2582 2534
f 2583 2584 2585
f 2586 2584 2583
f 2587 2529 2583
f 2583 2529 2588
f 2583 2589 2590
f 2588 2589 2583
f 2583 2590 2586
f 2585 2587 2583
f 2533 2591 2582
f 2582 2591 2592
f 2593 2579 2582
f 2594 2593 2582
f 2592 2594 2582
f 2595 2537 2538
f 2538 2572 2595
f 2531 2551 2596
f 2597 2576 2531
f 2596 2597 2531
f 2535 2573 2598
f 2599 2572 2535
f 2598 2599 2535
f 2546 2549 2547
f 2549 2574 2600
f 2600 2601 2549
f 2602 2603 2584
f 2584 2603 2585
f 2586 2602 2584
f 2542 2557 2591
f 2591 2557 2604
f 2591 2533 2542
f 2591 2604 2592
f 2551 2550 2605
f 2605 2596 2551
f 2606 2552 2553
f 2553 2607 2606
f 2608 2537 2595
f 2609 2537 2608
f 2608 2595 2610
f 2611 2609 2608
f 2608 2610 2612
f 2608 2613 2611
f 2612 2613 2608
f 2537 2609 2575
f 2614 2615 2616
f 2603 2617 2560
f 2602 2617 2603
f 2603 2560 2544
f 2544 2585 2603
f 2557 2556 2618
f 2557 2618 2604
f 2617 2619 2560
f 2620 2619 2617
f 2602 2621 2617
f 2617 2621 2620
f 2556 2566 2618
f 2550 2569 2622
f 2622 2605 2550
f 2623 2564 2552
f 2552 2606 2623
f 2622 2569 2570
f 2570 2624 2622
f 2625 2624 2570
f 2570 2626 2625
f 2571 2626 2570
f 2619 2627 2628
f 2620 2627 2619
f 2628 2562 2619
f 2619 2562 2558
f 2558 2560 2619
f 2565 2564 2623
f 2629 2509 2565
f 2630 2629 2565
f 2631 2632 2566
f 2566 2632 2618
f 2567 2631 2566
f 2573 2577 2598
f 2610 2595 2572
f 2572 2599 2633
f 2633 2610 2572
f 2574 2575 2634
f 2574 2634 2635
f 2636 2600 2574
f 2574 2635 2636
f 2577 2576 2637
f 2638 2598 2577
f 2637 2638 2577
f 2615 2614 2639
f 2640 2641 2615
f 2615 2639 2640
f 2642 2575 2609
f 2643 2642 2609
f 2611 2643 2609
f 2575 2642 2634
f 2614 2644 2645
f 2645 2639 2614
f 2580 2579 2646
f 2646 2579 2647
f 2646 2648 2649
f 2647 2648 2646
f 2650 2581 2646
f 2646 2581 2580
f 2649 2650 2646
f 2599 2598 2633
f 2576 2597 2637
f 2651 2652 2653
f 2653 2652 2590
f 2589 2654 2653
f 2590 2589 2653
f 2579 2593 2647
f 2652 2655 2590
f 2656 2655 2652
f 2652 2651 2657
f 2657 2656 2652
f 2593 2594 2658
f 2593 2658 2647
f 2597 2596 2659
f 2659 2637 2597
f 2660 2661 2655
f 2655 2661 2602
f 2586 2590 2655
f 2656 2660 2655
f 2655 2602 2586
f 2592 2662 2594
f 2594 2662 2663
f 2594 2663 2664
f 2594 2664 2658
f 2610 2633 2612
f 2665 2666 2641
f 2641 2640 2665
f 2596 2605 2667
f 2668 2659 2596
f 2667 2668 2596
f 2669 2606 2607
f 2607 2670 2669
f 2671 2634 2642
f 2672 2671 2642
f 2642 2643 2672
f 2634 2671 2635
f 2673 2645 2644
f 2644 2674 2673
f 2598 2638 2675
f 2676 2633 2598
f 2675 2676 2598
f 2660 2621 2661
f 2661 2621 2602
f 2618 2677 2662
f 2662 2677 2678
f 2604 2618 2662
f 2592 2604 2662
f 2678 2663 2662
f 2679 2640 2639
f 2639 2645 2679
f 2680 2681 2621
f 2621 2681 2620
f 2621 2660 2680
f 2618 2682 2677
f 2677 2682 2678
f 2600 2636 2683
f 2605 2622 2684
f 2684 2667 2605
f 2685 2622 2624
f 2625 2685 2624
f 2686 2627 2681
f 2681 2627 2620
f 2687 2686 2681
f 2680 2687 2681
f 2682 2632 2631
f 2618 2632 2682
f 2682 2631 2688
f 2689 2690 2682
f 2682 2690 2678
f 2682 2688 2689
f 2622 2685 2684
f 2638 2637 2675
f 2633 2676 2691
f 2691 2612 2633
f 2692 2693 2666
f 2666 2665 2692
f 2694 2635 2671
f 2672 2694 2671
f 2635 2694 2636
f 2679 2665 2640
f 2645 2673 2679
f 2637 2659 2695
f 2696 2675 2637
f 2695 2696 2637
f 2647 2697 2648
f 2648 2697 2698
f 2699 2649 2648
f 2698 2699 2648
f 2700 2636 2694
f 2701 2700 2694
f 2702 2701 2694
f 2703 2702 2694
f 2672 2703 2694
f 2700 2683 2636
f 2704 2673 2674
f 2705 2706 2657
f 2657 2651 2705
f 2658 2707 2697
f 2697 2707 2698
f 2647 2658 2697
f 2676 2675 2691
f 2692 2708 2693
f 2659 2668 2709
f 2709 2695 2659
f 2706 2710 2660
f 2706 2660 2656
f 2706 2656 2657
f 2707 2711 2712
f 2713 2711 2707
f 2664 2663 2707
f 2707 2663 2713
f 2658 2664 2707
f 2707 2712 2698
f 2668 2667 2714
f 2714 2709 2668
f 2670 2715 2716
f 2710 2717 2660
f 2718 2717 2710
f 2713 2719 2711
f 2711 2719 2720
f 2720 2712 2711
f 2683 2700 2721
f 2722 2679 2673
f 2673 2704 2723
f 2723 2722 2673
f 2717 2724 2687
f 2725 2724 2717
f 2680 2660 2717
f 2717 2687 2680
f 2718 2725 2717
f 2678 2726 2719
f 2719 2726 2727
f 2713 2678 2719
f 2719 2727 2728
f 2719 2728 2720
f 2667 2684 2714
f 2665 2679 2729
f 2729 2692 2665
f 2730 2684 2685
f 2731 2730 2685
f 2685 2625 2732
f 2732 2731 2685
f 2724 2686 2687
f 2733 2686 2724
f 2734 2733 2724
f 2725 2734 2724
f 2735 2736 2737
f 2735 2737 2738
f 2726 2739 2740
f 2689 2739 2726
f 2726 2690 2689
f 2678 2690 2726
f 2726 2740 2727
f 2741 2714 2684
f 2684 2730 2741
f 2742 2737 2736
f 2675 2696 2691
f 2743 2744 2708
f 2708 2692 2743
f 2679 2722 2745
f 2745 2729 2679
f 2746 2747 2748
f 2748 2747 2749
f 2750 2751 2748
f 2748 2751 2746
f 2752 2750 2748
f 2749 2752 2748
f 2701 2721 2700
f 2696 2695 2753
f 2696 2753 2691
f 2754 2755 2744
f 2744 2743 2754
f 2692 2729 2756
f 2757 2743 2692
f 2692 2756 2757
f 2722 2723 2758
f 2758 2745 2722
f 2759 2760 2761
f 2712 2760 2759
f 2759 2761 2762
f 2759 2762 2699
f 2759 2699 2698
f 2698 2712 2759
f 2763 2756 2729
f 2729 2745 2763
f 2695 2709 2753
f 2764 2715 2755
f 2755 2754 2764
f 2721 2701 2765
f 2760 2766 2767
f 2767 2766 2768
f 2761 2760 2767
f 2769 2761 2767
f 2768 2769 2767
f 2709 2714 2770
f 2770 2771 2709
f 2709 2771 2753
f 2772 2716 2715
f 2715 2764 2773
f 2715 2773 2772
f 2757 2754 2743
f 2766 2774 2768
f 2728 2774 2766
f 2766 2760 2720
f 2720 2728 2766
f 2775 2776 2725
f 2775 2725 2718
f 2774 2777 2778
f 2728 2777 2774
f 2778 2779 2774
f 2774 2779 2768
f 2714 2741 2770
f 2772 2742 2716
f 2780 2741 2730
f 2731 2780 2730
f 2781 2734 2776
f 2776 2734 2725
f 2737 2742 2782
f 2737 2782 2783
f 2737 2783 2738
f 2777 2740 2784
f 2727 2740 2777
f 2777 2784 2785
f 2777 2785 2778
f 2728 2727 2777
f 2786 2770 2741
f 2741 2780 2786
f 2742 2772 2787
f 2787 2782 2742
f 2788 2765 2701
f 2701 2702 2788
f 2789 2757 2756
f 2756 2763 2789
f 2745 2758 2763
f 2790 2764 2754
f 2754 2757 2791
f 2754 2791 2790
f 2747 2792 2793
f 2794 2792 2747
f 2747 2746 2794
f 2793 2749 2747
f 2769 2795 2792
f 2792 2795 2793
f 2792 2761 2769
f 2794 2761 2792
f 2796 2773 2764
f 2764 2790 2796
f 2789 2791 2757
f 2795 2797 2798
f 2769 2797 2795
f 2795 2798 2799
f 2795 2799 2793
f 2800 2788 2702
f 2703 2800 2702
f 2801 2763 2758
f 2771 2770 2802
f 2802 2803 2771
f 2771 2803 2804
f 2771 2804 2805
f 2771 2805 2753
f 2806 2772 2773
f 2773 2796 2806
f 2807 2789 2763
f 2763 2801 2807
f 2797 2808 2798
f 2779 2808 2797
f 2768 2779 2797
f 2797 2769 2768
f 2808 2809 2810
f 2779 2809 2808
f 2811 2798 2808
f 2808 2810 2811
f 2770 2786 2812
f 2812 2802 2770
f 2813 2786 2780
f 2814 2813 2780
f 2815 2814 2780
f 2780 2731 2815
f 2816 2783 2782
f 2782 2817 2816
f 2809 2818 2810
f 2785 2818 2809
f 2778 2785 2809
f 2809 2779 2778
f 2786 2813 2812
f 2791 2789 2819
f 2819 2790 2791
f 2749 2820 2821
f 2821 2820 2822
f 2821 2823 2752
f 2824 2823 2821
f 2821 2752 2749
f 2822 2824 2821
f 2788 2800 2825
f 2788 2825 2826
f 2807 2819 2789
f 2793 2827 2820
f 2820 2827 2828
f 2820 2749 2793
f 2820 2828 2822
f 2829 2825 2800
f 2703 2829 2800
f 2830 2796 2790
f 2790 2819 2831
f 2790 2831 2830
f 2832 2833 2834
f 2835 2833 2832
f 2834 2836 2832
f 2832 2836 2837
f 2832 2837 2838
f 2832 2839 2835
f 2838 2839 2832
f 2840 2841 2842
f 2843 2840 2842
f 2799 2844 2827
f 2827 2844 2828
f 2793 2799 2827
f 2803 2802 2845
f 2845 2846 2803
f 2803 2846 2847
f 2847 2804 2803
f 2848 2806 2796
f 2796 2830 2848
f 2849 2850 2851
f 2852 2853 2841
f 2841 2840 2852
f 2811 2854 2844
f 2844 2854 2855
f 2844 2798 2811
f 2799 2798 2844
f 2844 2855 2828
f 2819 2807 2856
f 2856 2831 2819
f 2825 2829 2857
f 2857 2826 2825
f 2811 2858 2854
f 2854 2858 2859
f 2859 2855 2854
f 2860 2861 2862
f 2863 2860 2862
f 2862 2864 2863
f 2833 2865 2834
f 2822 2865 2833
f 2835 2823 2833
f 2833 2823 2824
f 2833 2824 2822
f 2802 2812 2866
f 2866 2845 2802
f 2866 2812 2813
f 2813 2867 2866
f 2868 2867 2813
f 2869 2868 2813
f 2813 2814 2869
f 2858 2870 2871
f 2872 2870 2858
f 2811 2810 2858
f 2858 2810 2872
f 2858 2871 2859
f 2873 2857 2829
f 2829 2874 2873
f 2703 2874 2829
f 2861 2875 2876
f 2877 2875 2861
f 2860 2877 2861
f 2828 2878 2865
f 2865 2878 2879
f 2879 2834 2865
f 2822 2828 2865
f 2880 2850 2826
f 2826 2857 2880
f 2831 2856 2881
f 2882 2830 2831
f 2831 2881 2882
f 2883 2851 2850
f 2850 2880 2883
f 2875 2884 2840
f 2877 2884 2875
f 2875 2840 2843
f 2875 2843 2876
f 2855 2885 2878
f 2878 2885 2886
f 2886 2887 2878
f 2878 2887 2879
f 2828 2855 2878
f 2851 2883 2888
f 2889 2880 2857
f 2857 2873 2889
f 2874 2890 2873
f 2891 2890 2874
f 2874 2703 2891
f 2892 2881 2856
f 2846 2845 2893
f 2893 2894 2846
f 2846 2894 2891
f 2846 2891 2847
f 2895 2848 2830
f 2830 2882 2895
f 2896 2897 2863
f 2898 2897 2896
f 2863 2864 2896
f 2834 2899 2836
f 2836 2899 2900
f 2901 2837 2836
f 2900 2901 2836
f 2884 2902 2840
f 2903 2902 2884
f 2904 2903 2884
f 2877 2905 2884
f 2884 2905 2904
f 2855 2906 2885
f 2885 2906 2886
f 2902 2907 2908
f 2903 2907 2902
f 2852 2840 2902
f 2908 2852 2902
f 2859 2909 2906
f 2906 2909 2910
f 2906 2855 2859
f 2906 2910 2911
f 2911 2886 2906
f 2845 2866 2893
f 2895 2912 2848
f 2913 2866 2867
f 2914 2915 2907
f 2907 2903 2914
f 2870 2916 2909
f 2909 2916 2917
f 2871 2870 2909
f 2859 2871 2909
f 2909 2917 2910
f 2913 2893 2866
f 2912 2895 2918
f 2918 2919 2912
f 2920 2921 2897
f 2897 2921 2905
f 2898 2920 2897
f 2897 2905 2860
f 2897 2860 2863
f 2899 2922 2923
f 2879 2922 2899
f 2899 2834 2879
f 2923 2900 2899
f 2924 2883 2880
f 2880 2889 2924
f 2925 2873 2890
f 2890 2894 2926
f 2891 2894 2890
f 2926 2925 2890
f 2892 2882 2881
f 2925 2889 2873
f 2927 2928 2929
f 2930 2928 2927
f 2927 2929 2898
f 2931 2932 2933
f 2901 2932 2931
f 2931 2837 2901
f 2934 2888 2883
f 2883 2924 2934
f 2921 2935 2904
f 2936 2935 2921
f 2921 2920 2937
f 2904 2905 2921
f 2937 2936 2921
f 2922 2938 2923
f 2939 2938 2922
f 2922 2887 2886
f 2879 2887 2922
f 2922 2886 2939
f 2888 2934 2940
f 2941 2895 2882
f 2882 2942 2941
f 2892 2942 2882
f 2935 2943 2903
f 2936 2943 2935
f 2935 2903 2904
f 2938 2944 2945
f 2911 2944 2938
f 2938 2945 2946
f 2938 2946 2923
f 2939 2911 2938
f 2947 2948 2928
f 2928 2948 2949
f 2928 2950 2929
f 2949 2950 2928
f 2928 2930 2947
f 2932 2951 2933
f 2923 2951 2932
f 2932 2901 2900
f 2932 2900 2923
f 2889 2925 2952
f 2953 2924 2889
f 2889 2952 2953
f 2954 2955 2943
f 2943 2955 2903
f 2943 2956 2954
f 2936 2956 2943
f 2944 2957 2958
f 2911 2957 2944
f 2958 2945 2944
f 2941 2918 2895
f 2959 2960 2961
f 2959 2961 2962
f 2962 2963 2959
f 2959 2963 2964
f 2925 2926 2952
f 2954 2965 2955
f 2955 2915 2914
f 2914 2903 2955
f 2919 2918 2966
f 2966 2967 2919
f 2968 2969 2957
f 2957 2969 2958
f 2917 2968 2957
f 2910 2917 2957
f 2911 2910 2957
f 2918 2941 2966
f 2953 2934 2924
f 2970 2971 2948
f 2948 2971 2972
f 2947 2970 2948
f 2948 2972 2949
f 2951 2973 2974
f 2946 2973 2951
f 2951 2974 2933
f 2923 2946 2951
f 2975 2976 2977
f 2977 2976 2978
f 2979 2980 2977
f 2978 2979 2977
f 2934 2953 2981
f 2934 2981 2940
f 2982 2983 2984
f 2984 2983 2985
f 2986 2982 2984
f 2985 2987 2984
f 2988 2989 2990
f 2990 2989 2962
f 2978 2988 2990
f 2961 2979 2990
f 2990 2979 2978
f 2962 2961 2990
f 2991 2952 2926
f 2992 2941 2942
f 2942 2993 2992
f 2994 2993 2942
f 2892 2995 2942
f 2942 2995 2994
f 2996 2997 2971
f 2971 2997 2972
f 2971 2970 2996
f 2973 2998 2999
f 2946 2998 2973
f 2973 3000 2974
f 2999 3000 2973
f 3001 2953 2952
f 2952 2991 3001
f 2997 3002 2954
f 3003 3002 2997
f 2954 2956 2997
f 2997 2956 2972
f 2997 3004 3003
f 2996 3004 2997
f 2998 3005 2999
f 2958 3005 2998
f 2998 2945 2958
f 2946 2945 2998
f 3006 2966 2941
f 2941 2992 3006
f 3007 3008 2976
f 2976 3008 2978
f 2975 2987 2976
f 2976 2987 2985
f 2985 3007 2976
f 3009 3010 3011
f 3011 3010 3012
f 3012 2982 3011
f 3011 2982 2986
f 3002 3013 2965
f 3014 3013 3002
f 3002 2965 2954
f 3003 3014 3002
f 2967 2966 3006
f 3006 3015 2967
f 2958 2969 3005
f 3016 3017 2989
f 2989 3017 2970
f 2988 3016 2989
f 2970 2962 2989
f 3018 3000 3019
f 3018 3019 3020
f 2982 3021 2983
f 2983 3021 2985
f 3001 2981 2953
f 2981 3001 3022
f 2981 3022 2940
f 2991 3023 3001
f 3024 2992 2993
f 2994 3024 2993
f 3016 3025 3017
f 3017 3025 3004
f 3017 3004 2996
f 2996 2970 3017
f 3000 3026 3019
f 2999 3026 3000
f 3007 3027 3008
f 3008 3027 2988
f 3008 2988 2978
f 3019 3028 3010
f 3010 3028 3012
f 3020 3019 3010
f 3021 3029 3030
f 3012 3029 3021
f 3021 2982 3012
f 3021 3030 3007
f 3021 3007 2985
f 3031 3032 3025
f 3025 3032 3004
f 3025 3016 3033
f 3033 3031 3025
f 3026 3034 3035
f 3035 3019 3026
f 3036 3001 3023
f 3023 3037 3038
f 3038 3036 3023
f 2992 3024 3039
f 3040 3006 2992
f 2992 3039 3040
f 3041 3022 3001
f 3001 3036 3041
f 3024 3022 3039
f 2940 3022 3024
f 3031 3042 3032
f 3032 3042 3014
f 3032 3014 3003
f 3003 3004 3032
f 3015 3006 3043
f 3015 3043 3044
f 3045 3035 3034
f 3034 3046 3045
f 3037 3047 3038
f 3040 3043 3006
f 3030 3048 3027
f 3027 3048 3033
f 3007 3030 3027
f 3027 3016 2988
f 3033 3016 3027
f 3019 3049 3028
f 3028 3049 3050
f 3050 3012 3028
f 3041 3039 3022
f 3029 3051 3052
f 3053 3051 3029
f 3052 3030 3029
f 3029 3012 3050
f 3029 3050 3053
f 3054 3055 3048
f 3048 3055 3033
f 3048 3030 3052
f 3048 3052 3054
f 3035 3056 3049
f 3049 3056 3057
f 3049 3019 3035
f 3049 3057 3053
f 3053 3050 3049
f 3058 3041 3036
f 3036 3038 3058
f 3039 3041 3058
f 3058 3040 3039
f 3059 3038 3047
f 3060 3059 3047
f 3061 3062 3055
f 3055 3062 3042
f 3054 3061 3055
f 3055 3042 3031
f 3055 3031 3033
f 3043 3040 3059
f 3043 3059 3060
f 3043 3060 3044
f 3063 3064 3056
f 3056 3064 3057
f 3046 3063 3056
f 3056 3035 3045
f 3045 3046 3056
f 3051 3065 3052
f 3057 3065 3051
f 3053 3057 3051
f 3038 3059 3058
f 3058 3059 3040
f 3066 3061 3065
f 3065 3061 3054
f 3065 3064 3066
f 3057 3064 3065
f 3054 3052 3065
f 3067 3068 3069
f 3070 1837 3069
f 3069 1837 3067
f 3071 3070 3069
f 1813 3072 3073
f 3073 3072 2349
f 3073 3074 3075
f 2470 3074 3073
f 3075 1813 3073
f 3073 2349 2470
f 3076 3077 3078
f 3079 3077 3076
f 3080 2022 3076
f 3076 2022 3079
f 3076 3078 3080
f 3081 3082 3083
f 3081 3083 2738
f 3084 3085 3086
f 3086 3085 3087
f 3072 1813 1815
f 3088 3089 3072
f 3072 3089 2349
f 3090 3088 3072
f 1815 3090 3072
f 2613 3091 2611
f 2753 3091 2613
f 2613 2612 2691
f 2691 2753 2613
f 3092 2067 2220
f 2264 2270 2220
f 2220 2270 3092
f 3093 3094 3095
f 3096 3094 3093
f 3093 3095 3097
f 3093 3097 3098
f 3098 3099 3093
f 3093 3099 3096
f 2285 3100 3101
f 3101 3100 2196
f 2239 2285 3101
f 3101 2196 2195
f 3101 2195 2238
f 2238 2239 3101
f 3102 3075 3074
f 2470 2469 3074
f 3074 2469 2581
f 3074 2581 3103
f 3103 3102 3074
f 3075 1814 1813
f 2431 2395 2369
f 2431 2496 2430
f 3104 2241 2335
f 3095 3094 2335
f 2335 3094 3104
f 2334 3095 2335
f 3062 3105 3042
f 3106 3105 3062
f 3061 3107 3062
f 3062 3107 3106
f 1957 3084 1956
f 1599 1598 3108
f 3108 1598 3109
f 1621 1599 3108
f 1613 1598 1597
f 3110 1598 1613
f 1613 3111 3110
f 1644 3111 1613
f 1613 1614 1644
f 2180 3112 2105
f 3113 1814 3075
f 3113 3075 3102
f 3114 3115 2299
f 3114 2174 2176
f 2299 2174 3114
f 3116 2198 2241
f 3104 3116 2241
f 3117 2625 2626
f 2626 2571 3118
f 2626 3119 3117
f 3118 3119 2626
f 3120 1916 1833
f 1833 2065 2064
f 1793 2065 1833
f 1833 2064 3120
f 3121 3122 3085
f 3090 3122 3121
f 3121 2068 3090
f 2069 2068 3121
f 3121 3085 2069
f 2144 2143 3123
f 3123 3124 2144
f 2144 3124 2189
f 2189 2142 2144
f 3125 3122 3126
f 3126 3122 1815
f 1941 2075 2040
f 1940 2075 1941
f 1941 2040 1891
f 2075 1993 2134
f 1940 1993 2075
f 3077 3116 2201
f 3079 3116 3077
f 3077 2201 2152
f 2026 3078 3077
f 3077 2152 2153
f 3077 2153 2026
f 2198 3116 3079
f 3079 2088 2198
f 3089 3088 2269
f 2350 2349 3089
f 3089 2269 2268
f 2268 2350 3089
f 2124 2134 1993
f 1993 2043 2124
f 2134 2124 2130
f 3014 3105 3013
f 2804 3091 2805
f 2643 3091 2804
f 2847 2643 2804
f 3127 3128 2143
f 2143 3128 3123
f 2143 2015 3127
f 3100 2279 3124
f 3124 2279 2189
f 3123 3100 3124
f 3092 2068 2067
f 2280 2279 3129
f 2280 3129 3130
f 3130 2278 2280
f 2279 3100 3129
f 2279 2234 2189
f 2285 3129 3100
f 3123 2196 3100
f 2200 3104 3094
f 2243 2200 3094
f 3094 3096 2243
f 2461 3131 2398
f 2398 3131 2308
f 2289 2370 2302
f 2370 2395 3132
f 2369 2395 2370
f 2370 3132 2302
f 2395 2305 3132
f 3115 3133 3134
f 3115 3134 2300
f 2300 2299 3115
f 3125 3085 3122
f 3122 3090 1815
f 2302 3132 2305
f 3135 2308 3131
f 2868 2869 3136
f 3014 3042 3105
f 2334 3097 3095
f 3097 3137 3098
f 2385 3137 3097
f 3097 2334 2385
f 3117 2732 2625
f 3138 3139 3140
f 3140 3139 3141
f 3130 3138 3140
f 3140 3141 2390
f 3140 2278 3130
f 2390 2278 3140
f 3139 3138 2446
f 3139 2507 3142
f 2446 2507 3139
f 3118 3141 3139
f 3142 3143 3139
f 3139 3143 3118
f 3144 3145 3137
f 3146 3145 3144
f 3144 3137 2448
f 3144 2509 3146
f 2448 2509 3144
f 3099 2510 2443
f 2443 2510 2444
f 2443 2387 3099
f 2388 2387 2443
f 3145 3099 3098
f 2511 3099 3145
f 3098 3137 3145
f 3146 2568 3145
f 3145 2568 2511
f 2450 3141 2571
f 2390 3141 2450
f 3130 2383 3138
f 3138 2383 2446
f 2506 3142 2507
f 2446 2445 2507
f 1915 1916 3120
f 3147 2016 1915
f 3120 3147 1915
f 2753 2805 3091
f 3091 2643 2611
f 2024 2023 3148
f 2643 2847 2672
f 3149 3150 3107
f 3107 3150 3106
f 3107 3061 3066
f 3066 3149 3107
f 1837 3070 1881
f 1881 1838 1837
f 3151 3067 1837
f 1837 1799 3151
f 3092 3090 2068
f 3080 2027 1980
f 1980 2027 1979
f 1980 3148 3080
f 3152 3148 1980
f 1980 1923 1880
f 1880 3152 1980
f 3153 3154 2627
f 3119 3154 3153
f 3153 2627 2686
f 3153 2686 3155
f 3117 3119 3153
f 3153 3156 3117
f 3155 3156 3153
f 3088 3090 3092
f 3088 2270 2269
f 3092 2270 3088
f 3128 3157 3158
f 3159 3157 3128
f 3158 2196 3128
f 3128 2196 3123
f 3128 3127 3159
f 3085 3125 3087
f 3084 2069 3085
f 3116 3104 2201
f 2200 2201 3104
f 2285 2383 3129
f 3129 2383 3130
f 1598 3110 3109
f 2338 2337 2386
f 2386 2337 3096
f 3096 2387 2386
f 3136 2869 2814
f 2814 3160 3136
f 2815 3160 2814
f 3118 2571 3141
f 3161 2969 2968
f 3161 2968 2917
f 2148 3158 3157
f 3157 2087 2148
f 2086 2087 3157
f 3157 3159 2086
f 2731 2732 3162
f 3162 3160 2731
f 2731 3160 2815
f 3079 2022 2088
f 2243 3096 2337
f 2351 2470 2349
f 2383 2285 2286
f 2383 2382 2446
f 1957 1955 2069
f 2069 3084 1957
f 1644 1680 3111
f 3146 2629 3163
f 3163 2629 3083
f 3164 3146 3163
f 3163 3083 3164
f 3165 2059 3166
f 3166 3167 3168
f 3168 3165 3166
f 1715 1714 1742
f 2174 2299 2296
f 2296 2293 2174
f 2174 2293 2262
f 3133 2407 3134
f 3169 2407 3133
f 1794 2065 1793
f 2196 3158 2149
f 3170 1921 1920
f 1976 3170 1920
f 1880 1881 3070
f 3070 3071 3152
f 3070 3152 1880
f 2003 2060 2002
f 3127 2015 2016
f 2016 3147 3171
f 2016 3171 3127
f 2023 2022 3080
f 3080 3148 2023
f 3078 2027 3080
f 2026 2027 3078
f 3112 2180 3135
f 2130 2124 2123
f 3172 3173 2654
f 2654 2589 3172
f 2510 3099 2511
f 1872 3174 2064
f 3170 3174 1872
f 1872 1871 3170
f 2148 2149 3158
f 3096 3099 2387
f 3119 3143 3154
f 3154 3143 3142
f 2628 2627 3154
f 3142 2562 3154
f 3154 2562 2628
f 2268 2323 2345
f 2362 2356 2345
f 2345 2352 2268
f 2956 2936 2972
f 3169 2527 2476
f 2409 3169 2476
f 2021 2020 2086
f 3159 3171 2021
f 2021 3171 1976
f 1976 1977 2021
f 2086 3159 2021
f 2417 3134 2410
f 2300 3134 2417
f 2301 2300 2417
f 2360 2301 2417
f 2872 2810 2818
f 2785 2784 2818
f 3143 3119 3118
f 3175 2354 2356
f 2367 3175 2356
f 2385 2448 3137
f 3064 3063 3066
f 2352 2350 2268
f 3120 2064 3174
f 3174 3147 3120
f 3170 3147 3174
f 2587 2541 2529
f 2529 2541 2526
f 2529 2528 2588
f 2750 2823 2839
f 2752 2823 2750
f 2509 2629 3146
f 2630 3083 2629
f 2568 3146 3164
f 3164 2631 2568
f 2568 2631 2567
f 2568 2513 2511
f 2528 2527 3173
f 3173 3172 2528
f 3117 3156 2732
f 2732 3156 3162
f 3082 3176 3177
f 3178 3083 3082
f 3177 3178 3082
f 2733 3155 2686
f 3179 3180 3162
f 2781 3180 3179
f 3162 3156 3179
f 3179 3156 3155
f 3179 3155 2781
f 2784 3177 3176
f 3162 3180 3160
f 3160 3180 3136
f 2847 2891 2703
f 2672 2847 2703
f 2588 3172 2589
f 3066 3063 3149
f 3149 3063 3046
f 2937 2929 2950
f 2972 2936 2950
f 2950 2936 2937
f 2949 2972 2950
f 2929 2920 2898
f 2937 2920 2929
f 2059 3165 2056
f 1976 3171 3147
f 3147 3170 1976
f 3159 3127 3171
f 1799 1798 3151
f 3170 1871 1921
f 2835 2839 2823
f 2631 3164 2688
f 2406 3134 2407
f 2407 3169 2409
f 2688 3164 3083
f 3083 2630 2738
f 3083 3178 2688
f 3135 2180 2308
f 2177 2120 3167
f 3167 2120 2121
f 3167 2121 3168
f 2376 2426 2377
f 2348 2479 2351
f 3181 2650 2649
f 3182 2650 3181
f 3181 2649 2699
f 3181 2746 3182
f 2794 2746 3181
f 2699 2762 3181
f 3181 2762 2794
f 2120 2177 2172
f 2120 2172 2167
f 3155 2733 2781
f 3165 2057 2056
f 3168 2057 3165
f 2581 2650 3103
f 3168 2114 2057
f 1806 1767 1785
f 2213 2163 3183
f 3183 2163 2162
f 2167 2213 3183
f 2162 2167 3183
f 2562 3142 2563
f 2739 3178 3177
f 2689 3178 2739
f 2739 3177 2740
f 2406 2410 3134
f 2426 3175 2377
f 2422 3175 2426
f 1680 1644 1645
f 2121 2114 3168
f 3142 2506 2563
f 2478 2479 2348
f 2478 2421 2428
f 2348 2421 2478
f 2354 3175 2422
f 2332 2330 2328
f 2367 2377 3175
f 2760 2712 2720
f 2373 2357 2425
f 2425 2357 2361
f 3184 3185 3186
f 3186 3187 3184
f 3188 3189 3190
f 3191 3189 3188
f 2539 2541 2587
f 2539 2587 2585
f 2539 2585 2544
f 3189 3192 3193
f 3191 3192 3189
f 3194 3190 3189
f 3189 3193 3194
f 3195 3192 3196
f 3196 3192 3197
f 3196 3198 3195
f 3199 3198 3196
f 3196 3197 3199
f 3192 3200 3197
f 3191 3200 3192
f 3195 3201 3192
f 3192 3201 3193
f 3202 3201 3195
f 3193 3201 3202
f 3202 3195 3203
f 3204 3205 3206
f 3206 3205 3207
f 3198 3208 3206
f 3206 3208 3204
f 3207 3198 3206
f 2960 2979 2961
f 2301 2360 2298
f 3185 3209 3210
f 3211 3209 3185
f 3185 3184 3211
f 2733 2734 2781
f 2689 2688 3178
f 3211 3212 3209
f 2784 2740 3177
f 3208 3198 3199
f 3213 3204 3208
f 3214 3215 3216
f 3216 3215 3217
f 3218 3219 3215
f 3215 3214 3218
f 3215 3220 3217
f 3221 3219 3218
f 3218 3222 3221
f 3221 3222 3187
f 3207 3195 3198
f 3222 3214 3223
f 3224 3222 3223
f 3223 3225 3224
f 3214 3222 3218
f 3224 3187 3222
f 3224 3184 3187
f 3184 3224 3211
f 3225 3212 3224
f 3211 3224 3212
f 2260 2262 2293
f 3226 3204 3213
f 3213 3227 3226
f 3228 3229 3190
f 3194 3228 3190
f 3207 3203 3195
f 2416 2411 2483
f 2483 2411 2412
f 2483 2418 2416
f 2794 2762 2761
f 2663 2678 2713
f 2963 2962 2970
f 2947 2964 2963
f 2963 2970 2947
f 2947 2930 2964
f 2905 2877 2860
f 2588 2528 3172
f 2886 2911 2939
f 2 3230 10
f 2 9 3231
f 3230 2 3232
f 2 3231 3232
f 4 3233 9
f 3234 3233 3235
f 3233 4 3235
f 4 3236 3235
f 3237 3238 4
f 4 6 3237
f 3236 4 3239
f 4 3238 3239
f 3236 3239 3240
f 8 3241 26
f 8 3242 3243
f 3241 8 3244
f 8 3243 3244
f 3245 8 3246
f 8 3247 3246
f 3245 3242 8
f 8 3248 3249
f 8 10 3248
f 3247 8 3249
f 9 3233 3250
f 3251 9 3250
f 3251 3252 9
f 3253 3254 1468
f 3255 10 3230
f 3255 3230 3256
f 3231 9 3257
f 3257 9 3252
f 3258 1468 3254
f 3259 3237 6
f 6 37 3259
f 3260 3261 22
f 22 21 3260
f 22 3262 46
f 3262 22 3261
f 3262 3261 3263
f 26 3264 52
f 3264 26 3241
f 3265 3264 3266
f 3264 3241 3266
f 54 3267 31
f 3267 54 3268
f 3267 3268 3269
f 3268 54 3270
f 54 3271 3270
f 54 3272 3273
f 54 56 3272
f 3271 54 3273
f 3274 3275 21
f 21 62 3274
f 3260 21 3276
f 3276 21 3277
f 3277 21 3278
f 21 3275 3278
f 3279 3259 37
f 37 64 3279
f 3259 3279 3280
f 3281 114 3282
f 114 3283 3282
f 3284 64 3285
f 3279 64 3286
f 64 3284 3286
f 64 3287 3285
f 3283 114 3288
f 3289 114 3290
f 3288 114 3289
f 114 3291 3290
f 3290 3291 3292
f 62 3293 3294
f 62 83 3293
f 3274 62 3294
f 3287 64 3295
f 3296 3281 3297
f 3298 114 3296
f 114 3281 3296
f 3295 64 3299
f 64 63 3299
f 63 3300 3299
f 46 3301 84
f 3301 46 3262
f 3302 127 3303
f 3304 127 3305
f 127 3302 3305
f 3304 3305 3306
f 127 3307 3303
f 3307 127 3308
f 127 3309 3310
f 3308 127 3311
f 3311 127 3312
f 127 3310 3312
f 78 3313 3314
f 78 89 3313
f 3315 78 3314
f 3316 78 3317
f 79 3316 3318
f 79 78 3316
f 3319 79 3318
f 3317 78 3320
f 78 3315 3320
f 52 3321 88
f 3322 3323 3324
f 3323 3325 3324
f 3321 52 3322
f 52 3323 3322
f 52 3326 3327
f 3323 52 3327
f 3326 52 3264
f 3328 3329 56
f 3330 104 3331
f 3329 3328 3332
f 107 3331 104
f 3331 107 3333
f 107 3334 3335
f 3333 107 3336
f 107 3335 3336
f 3272 56 3337
f 56 3329 3337
f 116 3291 114
f 3291 116 3338
f 3304 3339 128
f 128 127 3304
f 3339 3338 116
f 116 128 3339
f 104 3340 105
f 3341 3342 79
f 3340 104 3343
f 67 3328 56
f 3330 3344 104
f 3328 67 3345
f 79 3345 67
f 3345 79 3342
f 3344 3343 104
f 3346 115 3347
f 3300 63 3348
f 115 114 3298
f 3347 115 3349
f 115 3298 3349
f 3350 63 3351
f 3352 140 3353
f 3351 63 3354
f 3355 3351 3354
f 63 85 3354
f 85 3356 3354
f 3353 140 3357
f 3348 63 3350
f 3357 140 3358
f 140 115 3358
f 115 3346 3358
f 3359 105 3340
f 3319 3341 79
f 3359 3360 111
f 111 105 3359
f 3361 3362 82
f 82 102 3361
f 3362 3363 83
f 83 82 3362
f 3363 3362 3364
f 3365 89 3366
f 89 3367 3366
f 3365 3313 89
f 3368 3367 89
f 89 73 3368
f 3369 3370 86
f 86 87 3369
f 3371 86 3370
f 3371 3370 3372
f 3371 3373 99
f 99 86 3371
f 84 3374 119
f 3374 84 3375
f 84 3376 3375
f 3301 3376 84
f 3377 3378 100
f 3377 100 3379
f 3380 3379 100
f 3380 100 3381
f 100 99 3381
f 99 3373 3381
f 73 3378 3382
f 73 100 3378
f 3382 3378 3383
f 3368 73 3382
f 111 3360 3384
f 3385 111 3386
f 111 3384 3386
f 3387 157 3388
f 3356 85 3389
f 85 3390 3389
f 3388 157 3391
f 157 140 3391
f 3391 140 3392
f 140 3352 3392
f 3390 85 3393
f 3394 157 3387
f 85 118 3395
f 3393 85 3396
f 85 3395 3396
f 88 3397 103
f 3397 88 3398
f 3398 88 3399
f 88 3321 3399
f 3400 3309 127
f 127 129 3400
f 3401 3402 131
f 131 134 3401
f 3402 3334 107
f 107 131 3402
f 185 3400 129
f 3400 185 3403
f 3404 3405 3406
f 3406 3405 3407
f 3407 3405 3408
f 3403 185 3404
f 185 3405 3404
f 148 3397 3409
f 148 103 3397
f 3410 148 3409
f 120 3369 87
f 3369 120 3411
f 3412 3413 120
f 120 121 3412
f 3413 3414 120
f 3414 3413 3415
f 3411 120 3414
f 3416 169 3417
f 111 3417 169
f 3417 111 3385
f 3418 3419 102
f 102 164 3418
f 3361 102 3420
f 102 3419 3420
f 119 3421 118
f 3421 119 3422
f 119 3423 3422
f 119 3424 3425
f 119 3426 3424
f 3423 119 3425
f 119 3427 3426
f 3428 3427 3429
f 3427 119 3429
f 119 3374 3429
f 144 3430 145
f 3430 144 3431
f 144 3432 3431
f 3433 3432 144
f 3432 3433 3434
f 3435 3433 144
f 144 166 3435
f 3436 157 3394
f 3395 118 3437
f 118 3421 3437
f 3438 3439 209
f 209 177 3438
f 169 3438 177
f 3438 169 3416
f 3440 209 3441
f 209 3439 3441
f 164 3442 3443
f 164 175 3442
f 3418 164 3443
f 3444 176 3445
f 3446 176 3447
f 176 3444 3447
f 176 157 3445
f 157 3436 3445
f 3448 148 3449
f 148 3410 3449
f 3450 3451 185
f 185 192 3450
f 3452 3453 3454
f 3455 3454 3453
f 3456 3455 3453
f 3405 185 3452
f 3452 185 3453
f 3453 185 3457
f 185 3451 3457
f 199 3448 3458
f 199 148 3448
f 3459 199 3460
f 199 3458 3460
f 3461 3442 175
f 175 213 3461
f 3424 3426 3462
f 3462 3426 3463
f 3426 3464 3463
f 3463 3464 3465
f 3464 3426 3466
f 3426 3427 3466
f 3467 176 3468
f 176 3446 3468
f 3440 3469 209
f 3469 3440 3470
f 3469 3470 3471
f 209 3469 3472
f 3473 209 3472
f 3473 3474 222
f 222 209 3473
f 3475 210 3476
f 3475 3477 174
f 174 210 3475
f 3477 3475 3478
f 210 3479 3480
f 210 223 3479
f 3476 210 3480
f 176 3467 3481
f 3482 176 3483
f 176 3481 3483
f 224 3482 3484
f 224 176 3482
f 3485 224 3484
f 213 3486 3487
f 213 231 3486
f 3488 213 3487
f 3461 213 3489
f 3489 213 3490
f 213 3488 3490
f 3491 3492 3493
f 3494 3493 3492
f 3495 3496 240
f 240 197 3495
f 240 3497 243
f 240 3496 3498
f 240 3498 3499
f 240 3499 3500
f 3497 240 3501
f 240 3500 3501
f 3502 199 3503
f 199 3459 3503
f 199 3504 221
f 3504 199 3502
f 262 3505 3506
f 262 247 3505
f 3506 3505 3507
f 3508 262 3506
f 3474 3505 247
f 247 222 3474
f 3505 3474 3509
f 276 3485 3510
f 276 224 3485
f 3511 276 3510
f 3512 276 3513
f 3513 276 3514
f 276 3511 3514
f 264 3504 3515
f 264 221 3504
f 3516 264 3515
f 3516 3515 3517
f 3518 3486 231
f 231 266 3518
f 271 3519 248
f 3519 271 3520
f 3521 3520 271
f 271 270 3521
f 3522 327 3523
f 327 3524 3523
f 327 3525 3526
f 3524 327 3526
f 3522 3527 328
f 328 327 3522
f 3527 3528 334
f 334 328 3527
f 3529 3493 3530
f 3530 3528 3531
f 3491 3493 3529
f 3493 334 3530
f 334 3528 3530
f 236 3532 237
f 3532 236 3533
f 3534 3533 236
f 236 282 3534
f 3535 3536 3537
f 330 3525 327
f 3525 330 3538
f 330 3539 3538
f 3537 3539 330
f 3539 3537 3540
f 3537 3536 3540
f 3541 276 3512
f 3542 313 3543
f 3542 3544 270
f 270 313 3542
f 3521 270 3545
f 270 3544 3545
f 3546 264 3516
f 3547 3535 3537
f 3548 266 3549
f 266 303 3550
f 3551 266 3548
f 266 3550 3549
f 266 3551 3552
f 3518 266 3552
f 306 3541 3553
f 306 276 3541
f 3554 306 3555
f 3555 306 3556
f 3556 306 3557
f 306 3553 3557
f 264 3558 263
f 3558 264 3559
f 264 3560 3559
f 3546 3560 264
f 3547 3537 3561
f 310 3562 313
f 3562 310 3563
f 3564 3563 310
f 310 314 3564
f 313 3562 3565
f 313 3565 3566
f 3543 313 3567
f 3567 313 3568
f 313 3566 3568
f 3558 3569 318
f 318 263 3558
f 3570 306 3554
f 3570 3554 3571
f 3572 3573 324
f 324 325 3572
f 3574 322 3575
f 3576 322 3577
f 322 3574 3577
f 322 324 3575
f 324 3573 3575
f 3578 3579 303
f 303 302 3578
f 3579 3550 303
f 335 3580 282
f 3580 335 3581
f 335 3582 3583
f 335 339 3582
f 3581 335 3583
f 330 3584 3537
f 3584 330 3585
f 3584 3585 3586
f 3587 3588 330
f 330 329 3587
f 3588 3587 3589
f 330 3588 3590
f 3585 330 3590
f 3570 3591 352
f 352 306 3570
f 3561 3537 3592
f 3584 3592 3537
f 3592 3584 3593
f 3594 318 3569
f 3578 302 3595
f 302 3596 3595
f 3597 3596 302
f 302 320 3597
f 3598 370 3599
f 370 369 3599
f 3599 369 3600
f 3600 369 3601
f 369 3602 3601
f 3603 370 3598
f 3603 3604 370
f 3605 314 3606
f 3607 370 3604
f 3564 314 3605
f 3606 314 3608
f 3608 314 3607
f 314 370 3607
f 357 318 3609
f 318 3594 3610
f 3611 357 3609
f 3609 318 3610
f 3612 352 3591
f 3612 3591 3613
f 3612 3613 3614
f 3597 320 3615
f 3597 3615 3616
f 3615 320 3617
f 3615 3617 3618
f 3619 3617 320
f 320 366 3619
f 357 3620 372
f 3620 357 3621
f 3621 357 3622
f 357 3611 3622
f 3623 3624 329
f 329 333 3623
f 3624 3623 3625
f 3587 329 3626
f 329 3627 3626
f 3624 3627 329
f 3628 3623 333
f 333 382 3628
f 3623 3628 3629
f 3623 3629 3630
f 3612 3631 401
f 401 352 3612
f 372 3632 394
f 3632 372 3633
f 372 3620 3633
f 3631 3634 432
f 432 401 3631
f 3634 3631 3635
f 3636 432 3637
f 3637 432 3638
f 432 3634 3638
f 369 3639 3640
f 369 417 3639
f 3602 369 3640
f 366 3641 3642
f 3619 366 3643
f 366 3642 3643
f 366 3644 3645
f 366 395 3644
f 3641 366 3645
f 3646 417 3647
f 3639 417 3646
f 417 3648 3647
f 3647 3648 3649
f 417 3650 3651
f 417 425 3650
f 3651 3650 3652
f 3648 417 3651
f 394 3653 395
f 3654 3655 3656
f 3653 394 3654
f 394 3655 3654
f 3655 394 3632
f 3628 382 3657
f 382 3658 3657
f 382 3659 3660
f 382 381 3659
f 3661 3658 3660
f 3658 382 3660
f 3644 395 3653
f 3662 432 3663
f 432 3636 3663
f 471 3664 504
f 3664 471 3665
f 3664 3665 3666
f 3667 504 3668
f 504 3664 3668
f 3669 3665 471
f 3662 3670 432
f 3670 3669 471
f 471 432 3670
f 3669 3670 3671
f 3672 577 3673
f 3674 577 3672
f 3673 577 3675
f 577 3676 3675
f 3659 381 3677
f 3678 3659 3679
f 3680 1522 3681
f 3682 3659 3678
f 3659 3677 3679
f 3659 3682 3683
f 3681 1522 3684
f 577 3684 1522
f 3684 577 3685
f 3685 577 3686
f 3686 577 3674
f 3683 3682 3687
f 3683 3687 3688
f 504 3689 506
f 3689 504 3690
f 3690 504 3691
f 504 3667 3691
f 3692 569 3693
f 569 3694 3693
f 3695 3696 568
f 569 568 3696
f 3694 569 3697
f 569 3696 3698
f 3697 569 3699
f 569 3698 3699
f 3692 3676 577
f 577 569 3692
f 3700 3701 587
f 3702 588 3703
f 3695 568 3704
f 587 3703 588
f 3703 587 3705
f 3705 587 3706
f 587 3701 3706
f 3707 3700 587
f 3708 3709 603
f 3709 3708 3710
f 595 3707 587
f 3707 595 3711
f 595 3712 3711
f 603 3712 595
f 3712 603 3709
f 608 3708 603
f 3708 608 3713
f 622 3713 608
f 3713 622 3714
f 3713 3714 3715
f 3714 622 3716
f 3714 3716 3717
f 621 3718 3719
f 3720 621 3719
f 3720 3721 622
f 622 621 3720
f 3722 622 3723
f 622 3721 3723
f 3718 621 3724
f 571 3704 568
f 3704 571 3725
f 571 588 3702
f 571 3702 3725
f 3725 3702 3726
f 3725 3726 3727
f 3724 621 3728
f 621 3729 3728
f 621 3730 3731
f 621 626 3730
f 3729 621 3731
f 626 3732 3733
f 626 666 3732
f 3730 626 3733
f 3732 666 3734
f 666 3735 3734
f 651 3736 650
f 3736 651 3737
f 3738 651 3739
f 3737 651 3740
f 651 3738 3740
f 651 695 3739
f 695 3741 3739
f 650 3742 664
f 3742 650 3736
f 3743 665 664
f 3744 3745 3746
f 3745 664 3746
f 664 3742 3746
f 664 3747 3743
f 664 3745 3747
f 3748 666 665
f 665 3749 3748
f 665 3743 3749
f 666 3750 3751
f 666 3748 3750
f 3735 666 3751
f 3750 3752 3753
f 3750 3748 3752
f 3754 1461 3755
f 3755 1461 3756
f 1461 3757 3756
f 3741 695 3758
f 3759 695 3760
f 695 719 3761
f 3758 695 3759
f 695 3761 3760
f 3762 1461 3754
f 3763 1461 3762
f 3764 3763 3765
f 3763 3762 3765
f 3766 719 3767
f 719 807 3768
f 3769 719 3766
f 3767 719 3770
f 719 3768 3770
f 3761 719 3771
f 3771 719 3769
f 817 3772 807
f 3772 817 3773
f 817 874 3774
f 817 3774 3773
f 3775 807 3772
f 3776 3774 874
f 3774 3776 3777
f 3775 3768 807
f 3778 942 3779
f 3776 874 3780
f 942 3781 3779
f 3782 3781 942
f 942 966 3782
f 3781 3782 3783
f 3782 966 3784
f 3785 3782 3784
f 3786 3787 3788
f 3786 3788 3789
f 3782 3785 3786
f 3785 3787 3786
f 3787 3785 3790
f 879 3780 874
f 3780 879 3791
f 879 942 3778
f 879 3778 3791
f 3792 3793 3794
f 956 3795 953
f 3795 956 3796
f 3795 3796 3797
f 3798 3799 3795
f 3799 953 3795
f 3800 3801 3802
f 3801 3800 1002
f 3801 3793 3792
f 3801 3792 3802
f 3793 3801 3803
f 3800 3796 956
f 956 1002 3800
f 953 3804 954
f 3804 953 3799
f 954 3784 966
f 3784 954 3804
f 941 3805 998
f 3805 941 3806
f 941 999 3806
f 999 3807 3806
f 3801 1002 3808
f 3808 1002 3809
f 1002 3810 3809
f 3811 3810 1002
f 1002 1003 3811
f 1004 3812 901
f 3812 1004 3813
f 3814 3813 1004
f 1004 1006 3814
f 3815 3816 3817
f 3818 3817 3816
f 3819 973 3820
f 973 3821 3820
f 3819 3822 1022
f 1022 973 3819
f 3822 3819 3823
f 3824 3821 973
f 973 972 3824
f 3821 3824 3825
f 3824 3826 3825
f 3827 3828 3829
f 3829 3828 3830
f 3831 3832 1043
f 1043 998 3831
f 998 3833 3834
f 3831 998 3835
f 998 3834 3835
f 3836 3833 998
f 3833 3836 3837
f 3838 999 3839
f 3807 999 3838
f 999 3840 3839
f 998 3805 3841
f 998 3841 3842
f 3836 998 3843
f 998 3842 3843
f 3827 3844 3828
f 3845 3815 3817
f 3815 3845 3846
f 3815 3846 3847
f 3844 3846 3845
f 3845 3828 3844
f 3811 1003 3848
f 3848 1003 3849
f 1003 3850 3849
f 3851 3852 1063
f 1063 1065 3851
f 1063 3853 3854
f 3855 1063 3856
f 1063 3854 3856
f 3855 3856 3857
f 3855 3814 1006
f 1006 1063 3855
f 3853 1063 3858
f 3858 1063 3859
f 1063 3852 3859
f 1022 3860 1024
f 3860 1022 3861
f 1022 3822 3861
f 3862 1024 3860
f 3863 3864 1024
f 3864 3863 3865
f 3863 1024 3862
f 3863 3862 3866
f 1024 3867 1025
f 3867 1024 3864
f 3845 3818 3868
f 3845 3817 3818
f 3869 3845 3868
f 3870 3850 1003
f 1003 1021 3870
f 1021 3871 3872
f 1021 1072 3871
f 3870 1021 3872
f 3828 3873 3874
f 3828 3845 3873
f 3830 3828 3874
f 3874 3873 3875
f 3873 3876 3875
f 3877 3878 3879
f 3877 3879 3880
f 3881 3869 3882
f 3881 3845 3869
f 3882 3869 3883
f 3884 3881 3882
f 3884 3879 3878
f 3878 3881 3884
f 3867 3885 1091
f 1091 1025 3867
f 3885 3867 3886
f 3887 3888 1030
f 1030 1043 3887
f 3888 3887 3889
f 1030 3890 1079
f 3890 1030 3888
f 3891 1043 3832
f 3891 3832 3892
f 1043 3891 3893
f 3887 1043 3893
f 3894 3878 3877
f 3895 3896 3845
f 3845 3881 3895
f 3896 3895 3897
f 3873 3845 3896
f 1131 3885 3898
f 1131 1091 3885
f 3899 1131 3898
f 3900 1131 3899
f 1072 3901 3902
f 3871 1072 3903
f 1072 3902 3903
f 3904 3905 3906
f 3906 3905 3907
f 3908 3905 3904
f 3905 3878 3907
f 3878 3894 3907
f 3909 3905 3908
f 1065 3910 3911
f 1065 1107 3910
f 3851 1065 3912
f 1065 3911 3912
f 3913 3914 1189
f 1190 3914 3915
f 1190 1189 3914
f 1190 3915 3916
f 3917 1190 3918
f 1190 3916 3918
f 3919 1190 3917
f 3881 3920 3921
f 3881 3878 3920
f 3895 3881 3921
f 3922 3923 1072
f 1072 1080 3922
f 3901 1072 3923
f 3901 3923 3924
f 3925 3926 1080
f 1080 1079 3925
f 3926 3925 3927
f 3922 1080 3928
f 1080 3926 3928
f 1110 3929 3930
f 1110 1131 3929
f 3930 3929 3931
f 3932 1110 3930
f 1110 3932 3933
f 3934 1110 3933
f 1110 3935 1111
f 1110 3934 3936
f 1110 3936 3937
f 1110 3937 3938
f 3935 1110 3939
f 1110 3938 3939
f 3890 3925 1079
f 3925 3890 3940
f 3941 3878 3942
f 3878 3905 3943
f 3920 3878 3941
f 3878 3943 3942
f 3942 3943 3944
f 3929 1131 3945
f 1131 3946 3945
f 3946 1131 3900
f 1152 3947 3948
f 1152 1151 3947
f 3949 1152 3950
f 1152 3948 3950
f 1059 3947 1151
f 3947 1059 3951
f 3952 1152 3953
f 1152 3949 3953
f 1059 3954 3955
f 3951 1059 3956
f 1059 3955 3956
f 3957 1195 3958
f 1198 3958 1195
f 3958 1198 3959
f 3960 3959 1198
f 1189 3961 3962
f 3913 1189 3962
f 3905 3909 3963
f 3964 3905 3963
f 3964 3943 3905
f 3965 3966 1188
f 1188 3961 1189
f 3961 1188 3967
f 1188 3966 3967
f 1199 3965 1188
f 3965 1199 3968
f 3965 3968 3969
f 3968 1199 3970
f 1199 3971 3970
f 3972 1180 3973
f 3974 1180 3972
f 1180 1175 3973
f 3973 1175 3975
f 1175 1179 3975
f 3952 3976 1152
f 1194 3976 3977
f 1194 1152 3976
f 3978 1194 3977
f 3978 3977 3979
f 1195 3980 1196
f 3980 1195 3981
f 3981 1195 3982
f 1195 3983 3982
f 1195 3957 3984
f 3983 1195 3984
f 1196 3985 1159
f 1196 3980 3986
f 3985 1196 3987
f 1196 3986 3987
f 1199 3988 3989
f 1199 1208 3988
f 3971 1199 3989
f 1190 3990 1209
f 3990 1190 3919
f 3990 3919 3991
f 3992 1249 3993
f 1249 3994 3993
f 3994 1249 3995
f 3995 1249 3996
f 1249 3997 3996
f 3988 1208 3998
f 1208 3999 3998
f 4000 4001 1179
f 1179 1213 4000
f 4002 1179 4003
f 4004 1179 4002
f 1179 4001 4003
f 4005 1180 3974
f 3975 1179 4006
f 4005 3974 4007
f 4006 1179 4008
f 1179 4004 4008
f 4009 4010 1228
f 1228 1231 4009
f 4010 4009 4011
f 4010 3960 1198
f 1198 1228 4010
f 4012 1215 4013
f 1215 1194 4014
f 4013 1215 4015
f 1215 4014 4015
f 4014 1194 4016
f 3978 4016 1194
f 1209 4017 1236
f 4017 1209 4018
f 1209 3990 4018
f 4019 4020 1239
f 1239 1244 4019
f 1242 4021 4022
f 1242 1239 4021
f 4023 1242 4022
f 4021 1239 4020
f 4021 4020 4024
f 1215 4025 1216
f 4025 1215 4026
f 1215 4027 4026
f 4027 1215 4012
f 1208 4028 4029
f 1208 1246 4028
f 3999 1208 4029
f 1247 3992 4030
f 1247 1249 3992
f 4031 1247 4032
f 1247 4030 4032
f 4033 4034 1249
f 1249 1248 4033
f 4034 4033 4035
f 3997 1249 4036
f 1249 4034 4036
f 1271 4028 1246
f 4028 1271 4037
f 4028 4037 4038
f 4037 1271 4039
f 4037 4039 4040
f 1216 4041 1213
f 4041 1216 4042
f 4025 4042 1216
f 4000 1213 4041
f 4043 1247 4044
f 1247 4031 4044
f 1255 4045 1259
f 4045 1255 4046
f 1255 4047 4046
f 4048 1255 4049
f 1255 1219 4050
f 4047 1255 4048
f 1255 4050 4049
f 4047 4048 4051
f 1236 4052 1263
f 4052 1236 4053
f 1236 4017 4053
f 1271 4054 4055
f 1271 1275 4054
f 4039 1271 4055
f 4056 1278 4057
f 4058 1278 4056
f 1278 1263 4057
f 1263 4052 4057
f 1248 4059 4060
f 1248 1278 4059
f 4060 4059 4061
f 4033 1248 4060
f 1280 4043 4062
f 1280 1247 4043
f 4063 1280 4062
f 4064 4065 1292
f 1292 1295 4064
f 1292 4066 1290
f 4066 1292 4067
f 4066 4067 4068
f 4067 1292 4065
f 4069 4070 1320
f 1320 4070 4071
f 1320 4071 4072
f 4073 1320 4074
f 1320 4072 4074
f 4075 1258 4076
f 1258 1296 4077
f 4078 1258 4075
f 4076 1258 4079
f 1258 4077 4079
f 4080 4076 4079
f 4080 4081 4082
f 4076 4080 4082
f 1258 4078 4083
f 1258 4083 4084
f 4085 1258 4086
f 1258 4084 4086
f 4087 4088 4083
f 4084 4083 4088
f 4089 4087 4083
f 4090 4089 4083
f 4085 4091 1222
f 1222 1258 4085
f 4063 4069 1320
f 1320 1280 4063
f 1275 4092 4093
f 1275 1307 4092
f 4094 1275 4095
f 1275 4093 4095
f 4096 1275 4097
f 4054 1275 4096
f 1275 4094 4097
f 1269 4098 1282
f 4098 1269 4099
f 4100 4099 1269
f 1269 1311 4100
f 1282 4101 1299
f 4101 1282 4098
f 4102 1296 4103
f 4104 1296 4105
f 4105 1296 4106
f 1296 4102 4106
f 1296 1299 4103
f 1299 4107 4103
f 4108 1296 4104
f 4108 4109 1296
f 4109 4077 1296
f 4077 4109 4110
f 1320 4111 1326
f 4111 1320 4073
f 4112 1299 4113
f 4107 1299 4112
f 1299 4101 4114
f 4113 1299 4115
f 4115 1299 4116
f 1299 4114 4116
f 4107 4112 4117
f 4118 4119 1370
f 4120 4121 4122
f 4122 4121 4123
f 4124 1370 4119
f 4125 1331 4126
f 1331 4127 4126
f 4125 4128 1329
f 1329 1331 4125
f 4127 1331 4129
f 4130 4129 1331
f 1331 1332 4130
f 4131 4092 1307
f 1307 1338 4131
f 4132 4133 1341
f 1341 1343 4132
f 4133 4132 4134
f 4133 4135 1344
f 1344 1341 4133
f 4136 4137 1347
f 1347 1346 4136
f 4138 1347 4139
f 1332 4138 4140
f 1332 1347 4138
f 4130 1332 4140
f 4139 1347 4141
f 1347 4137 4141
f 1311 4142 4143
f 4100 1311 4144
f 1311 4143 4144
f 4145 4146 4147
f 4148 4145 4147
f 4146 4149 4147
f 4149 4150 4147
f 1311 4151 4152
f 4142 1311 4152
f 4151 1311 4153
f 4154 4149 4146
f 4153 1311 4155
f 4155 1311 4156
f 1311 4157 4156
f 4158 1311 4159
f 1311 1351 4160
f 4159 1311 4161
f 1311 4160 4161
f 1311 4158 4162
f 1311 4162 4163
f 4157 1311 4164
f 1311 4163 4164
f 4165 4166 4121
f 4121 1377 4165
f 4166 4123 4121
f 1377 4118 1370
f 4118 1377 4167
f 1377 4121 4120
f 1377 4120 4167
f 1395 4168 4169
f 4170 1395 4169
f 1395 4171 1376
f 4171 1395 4170
f 4171 4165 1377
f 1377 1376 4171
f 4111 4172 1363
f 1363 1326 4111
f 1363 4173 1364
f 4173 1363 4174
f 1363 4175 4174
f 4175 1363 4176
f 1363 4172 4176
f 4177 4168 1395
f 1346 4178 4179
f 1346 1370 4178
f 4136 1346 4180
f 1346 4179 4180
f 4181 4131 1338
f 1338 1374 4181
f 4149 4182 4183
f 4149 1391 4182
f 4150 4149 4183
f 1391 4149 4184
f 4184 4149 4185
f 4186 1391 4184
f 4185 4149 4187
f 4149 4154 4187
f 1392 4182 1391
f 4182 1392 4188
f 4189 1410 4190
f 4191 1410 4189
f 1410 4192 4190
f 1410 4188 1392
f 4188 1410 4191
f 1391 4181 1374
f 1391 4193 4194
f 4181 1391 4195
f 1391 4194 4195
f 4196 4193 1391
f 4193 4196 4197
f 4196 1391 4198
f 1391 4186 4198
f 1364 4199 1393
f 4199 1364 4200
f 1364 4173 4201
f 4200 1364 4202
f 1364 4201 4202
f 4200 4202 4203
f 4204 4205 1384
f 1384 1394 4204
f 1395 4205 4206
f 1395 1384 4205
f 4206 4205 4207
f 4177 1395 4206
f 4208 1415 4209
f 4208 4209 4210
f 4208 4210 4211
f 4209 1415 4212
f 4208 4192 1410
f 1410 1415 4208
f 1393 4213 1412
f 4213 1393 4214
f 4213 4214 4215
f 1393 4199 4216
f 4214 1393 4216
f 1415 4217 4218
f 1415 1412 4217
f 4212 1415 4218
f 1432 4219 1061
f 4219 1432 4220
f 4221 1062 4222
f 1061 4219 4223
f 1061 4223 4224
f 1062 1061 4222
f 4222 1061 4225
f 1061 4224 4225
f 4226 4220 1432
f 1432 4227 4226
f 4227 4228 4229
f 4227 4229 4226
f 4230 1062 4221
f 4231 4232 4233
f 4232 788 4233
f 788 4234 4233
f 902 4235 4236
f 4237 902 4236
f 902 4234 788
f 4234 902 4238
f 902 4237 4238
f 4239 4240 1477
f 1477 1476 4239
f 788 4239 1476
f 4239 788 4241
f 788 4232 4241
f 4242 1477 4240
f 4242 4240 4243
f 4244 1448 4245
f 1448 4246 4245
f 4244 4247 1447
f 1447 1448 4244
f 1432 4248 4227
f 4248 1432 4249
f 4248 4249 4250
f 4251 4227 4252
f 4227 4248 4252
f 1447 4249 1432
f 4249 1447 4247
f 4253 4254 4255
f 4246 1448 4253
f 1448 4254 4253
f 1448 4256 4257
f 1448 1446 4256
f 4258 1448 4257
f 4258 4254 1448
f 4254 4258 4259
f 4260 3572 325
f 4261 1460 4262
f 4261 4262 4263
f 421 4264 1459
f 4264 421 4265
f 4264 4262 1460
f 1460 1459 4264
f 421 420 4266
f 4265 421 4267
f 421 4266 4267
f 4265 4267 4268
f 4265 4268 4269
f 4266 420 4270
f 322 4270 420
f 4270 322 3576
f 4261 4271 1460
f 4271 4261 4272
f 1460 4273 1429
f 4273 1460 4271
f 4274 4275 4276
f 4275 4274 4277
f 4275 1429 4276
f 1429 4273 4276
f 902 4278 4279
f 902 901 4278
f 4235 902 4280
f 902 4279 4280
f 4278 901 3812
f 4278 3812 4281
f 4278 4281 4282
f 1487 4283 4284
f 4285 1487 4284
f 4286 1514 4287
f 1514 1487 4288
f 1487 4285 4288
f 1514 4288 4287
f 4289 1514 4286
f 4251 4228 4227
f 4228 4251 4290
f 4291 4292 1394
f 1394 1414 4291
f 1414 4293 4294
f 1414 1464 4293
f 4295 4291 4296
f 4291 1414 4294
f 4296 4291 4294
f 4297 3650 425
f 3650 4297 4298
f 1465 4299 1466
f 4299 1465 4300
f 1465 1468 4301
f 1465 4301 4300
f 30 4302 16
f 4302 30 4303
f 30 4304 4303
f 4305 4304 30
f 4304 4305 4306
f 4304 4306 4307
f 4305 30 4308
f 30 3267 4309
f 30 31 3267
f 4308 30 4309
f 4310 4311 262
f 262 4260 325
f 4260 262 4311
f 4260 4311 4312
f 4312 4311 4313
f 239 3450 192
f 3450 239 4314
f 4315 239 4316
f 239 1421 4317
f 4314 239 4315
f 4316 239 4318
f 239 4317 4318
f 4314 4315 4319
f 4314 4319 4320
f 4321 1509 4322
f 4323 1509 4321
f 1509 4324 4322
f 1495 3840 999
f 3840 1495 4325
f 1509 4326 1507
f 4326 1509 4323
f 4326 4323 4327
f 4326 4325 1495
f 1495 1507 4326
f 334 4328 4329
f 4329 4328 4330
f 4331 334 4329
f 4332 4328 334
f 334 3493 4332
f 1472 4331 4333
f 1472 334 4331
f 4334 4335 4336
f 4335 1472 4333
f 4335 4333 4336
f 1427 4256 1446
f 4256 1427 4337
f 4256 4337 4338
f 1427 4339 4340
f 4341 4337 4342
f 4337 1427 4342
f 1427 4340 4342
f 4343 1467 4344
f 3248 10 4345
f 4346 4344 1467
f 4344 4346 4347
f 4348 519 4349
f 519 4350 4349
f 4351 520 4352
f 520 519 4348
f 4353 520 4351
f 520 4348 4352
f 4354 520 4353
f 1473 4355 4356
f 1473 1466 4355
f 4357 1473 4356
f 4355 1466 4358
f 1466 4359 4358
f 4355 4358 4360
f 4361 4362 4363
f 4364 138 4361
f 138 4362 4361
f 138 4357 4365
f 138 1473 4357
f 4362 138 4365
f 1466 4299 4366
f 4301 1468 4367
f 4359 1466 4366
f 4359 4366 4368
f 3363 4369 83
f 3293 83 4370
f 83 4369 4370
f 4371 506 4372
f 4372 506 3689
f 506 4373 547
f 4373 506 4374
f 4374 506 4375
f 506 4371 4375
f 547 3757 1461
f 3757 547 4376
f 3757 4376 4377
f 4373 4376 547
f 1461 4378 1443
f 4378 1461 4379
f 1461 3763 4379
f 3824 972 4380
f 1486 4381 4382
f 1486 1485 4381
f 4383 1486 4382
f 4383 4382 4384
f 4385 1486 4383
f 1487 4385 4386
f 1487 1486 4385
f 4283 1487 4386
f 1443 4380 972
f 4380 1443 4387
f 1443 4388 4387
f 4380 4387 4389
f 4388 1443 4390
f 4390 1443 4378
f 4391 237 4392
f 4392 237 4393
f 237 3532 4393
f 4391 4394 190
f 190 237 4391
f 4394 4391 4395
f 4395 4391 4396
f 1467 3253 1468
f 3253 1467 4397
f 3255 4345 10
f 4397 1467 4343
f 4398 1536 4399
f 4400 4399 1536
f 4401 4339 1427
f 1427 1429 4401
f 4339 4401 4402
f 4402 4401 4403
f 4401 1429 4275
f 4204 1394 4404
f 4404 1394 4405
f 4405 1394 4406
f 1394 4292 4406
f 4293 1464 4407
f 1509 4408 4409
f 4324 1509 4409
f 4410 1523 4411
f 4412 1523 4410
f 3677 381 4413
f 381 4414 4413
f 1523 1522 3680
f 1523 3680 4411
f 381 1472 4415
f 4416 381 4415
f 4414 381 4417
f 381 4416 4417
f 4414 4417 4418
f 1523 4412 4419
f 4420 1523 4421
f 1523 4419 4421
f 1111 4160 1351
f 4422 4423 4424
f 4422 4424 4425
f 4160 1111 4422
f 1111 4423 4422
f 4423 1111 3935
f 288 4426 1421
f 4427 288 4428
f 288 4427 4429
f 4426 288 4430
f 288 4429 4430
f 4430 4429 4431
f 4428 288 4432
f 288 4433 4432
f 4434 288 4435
f 4435 288 4436
f 4433 288 4437
f 288 4434 4437
f 288 243 4438
f 243 4439 4438
f 4436 288 4440
f 288 4438 4440
f 4441 1412 4213
f 4442 1503 4443
f 4444 1503 4445
f 4443 1503 4444
f 1503 1514 4445
f 4441 4446 1412
f 4445 1514 4447
f 4448 1412 4446
f 4449 4447 1514
f 4217 1412 4448
f 4450 4350 519
f 519 1449 4450
f 4350 4450 4451
f 4452 1509 4453
f 1509 1505 4454
f 4455 1509 4452
f 4453 1509 4454
f 4456 1534 4457
f 1508 4454 1505
f 4454 1508 4458
f 1508 1534 4458
f 1534 4456 4458
f 1449 4242 4459
f 1449 1477 4242
f 4450 1449 4460
f 1449 4459 4460
f 223 4461 4462
f 223 248 4461
f 3479 223 4462
f 4461 248 4463
f 4464 248 3519
f 4464 3519 4465
f 4464 4463 248
f 1526 4466 1224
f 4467 4468 4469
f 1526 4468 4467
f 4466 1526 4470
f 1526 4467 4470
f 1224 4466 4471
f 4472 1224 4473
f 1224 4471 4473
f 1538 4468 1526
f 1538 4474 4475
f 1538 4475 4476
f 1538 4476 4477
f 4468 1538 4478
f 4478 1538 4479
f 1538 4477 4479
f 4480 1538 4481
f 4482 4480 4481
f 4474 1538 4480
f 1538 4483 4481
f 4484 1297 4485
f 1297 4486 4485
f 4486 1297 4487
f 1297 4488 4487
f 4489 520 4354
f 4490 4491 4492
f 4491 4490 4493
f 4493 4490 4494
f 4491 4493 4495
f 4493 4496 4495
f 4497 4498 4499
f 4498 4500 4501
f 4502 4497 4499
f 4499 4498 4501
f 4503 4492 4491
f 4501 4500 4504
f 1467 4302 4505
f 1467 16 4302
f 4346 1467 4505
f 4506 174 4507
f 174 3477 4507
f 4398 4508 1536
f 1535 1536 4509
f 4510 1535 4511
f 1535 4509 4511
f 4509 1536 4508
f 4512 4513 4510
f 4514 4512 4510
f 4513 1535 4510
f 4513 4512 4515
f 4381 1485 4516
f 1485 4517 4516
f 1485 4518 4519
f 1485 1298 4518
f 4517 1485 4519
f 4520 138 4521
f 138 4364 4521
f 4019 1244 4522
f 4522 1244 4523
f 1244 4524 4523
f 4525 1533 4526
f 4527 1533 4528
f 1533 1535 4529
f 4526 1533 4527
f 1533 4529 4528
f 4528 4529 4530
f 4529 1535 4513
f 4442 4531 1464
f 1464 1503 4442
f 4531 4442 4532
f 425 4489 4533
f 425 520 4489
f 4534 4297 4533
f 4297 425 4533
f 4367 1468 3258
f 4535 190 4536
f 4535 4536 4537
f 4537 4536 4538
f 190 4394 4539
f 4536 190 4539
f 134 4540 4541
f 134 133 4540
f 4542 134 4541
f 190 4540 133
f 4540 190 4535
f 3401 134 4543
f 134 4542 4543
f 4332 3493 3494
f 4544 3494 4545
f 4332 3494 4546
f 3494 4544 4546
f 4332 4546 4547
f 1180 4548 1521
f 4548 1180 4005
f 4548 4005 4549
f 3716 622 3722
f 3534 282 4550
f 282 3580 4551
f 4550 282 4552
f 282 4551 4552
f 4550 4552 4553
f 3508 4310 262
f 1528 4554 4555
f 4556 1528 4557
f 1528 4555 4557
f 1520 4556 4558
f 1520 1528 4556
f 4559 1520 4560
f 1520 4558 4560
f 1520 3582 339
f 3582 1520 4561
f 1520 4559 4561
f 4506 3435 166
f 166 174 4506
f 197 4562 4563
f 197 1513 4562
f 4564 197 4563
f 4564 4563 4565
f 3495 197 4566
f 197 4564 4566
f 4567 1421 4568
f 1513 4569 4570
f 4571 1513 4570
f 4572 1513 4573
f 1513 138 4520
f 4569 1513 4572
f 1513 4520 4573
f 4571 4562 1513
f 4568 1421 4426
f 4568 4426 4574
f 145 4575 122
f 4575 145 3430
f 4576 1337 4577
f 1344 4577 1337
f 4577 1344 4578
f 4579 4578 1344
f 1219 1224 4580
f 4580 1224 4581
f 4050 1219 4580
f 4581 1224 4582
f 1224 4472 4582
f 4335 4583 1472
f 4554 1528 4584
f 4584 1528 4585
f 4586 1528 4587
f 4588 4415 4583
f 4585 1528 4586
f 4415 1472 4583
f 1528 1523 4420
f 1528 4420 4587
f 1059 4230 4589
f 1059 1062 4230
f 3954 1059 4589
f 4590 1231 4591
f 4009 1231 4592
f 1231 4590 4592
f 4593 1566 4594
f 1566 4595 4594
f 4596 4595 1566
f 4595 4596 4597
f 4455 4408 1509
f 4598 4457 4599
f 4457 1534 4599
f 1533 4599 1534
f 4599 1533 4600
f 4600 1533 4601
f 1533 4525 4601
f 4601 4525 4602
f 1521 4603 1537
f 4603 1521 4548
f 1537 4604 4605
f 4606 1537 4605
f 4607 4604 1537
f 1537 4608 4607
f 4608 1537 4609
f 4400 1536 4610
f 4610 1536 4611
f 1537 4606 4612
f 1536 1537 4611
f 1537 4612 4611
f 4609 1537 4603
f 4609 4603 4613
f 4609 4613 4614
f 4059 1278 4058
f 4607 4608 4615
f 4607 4615 4616
f 4617 4483 4618
f 4483 1538 4618
f 1538 4619 4620
f 4618 1538 4621
f 1538 4620 4621
f 4622 1297 4623
f 1297 4484 4623
f 4407 1464 4531
f 4317 1421 4567
f 122 4575 4624
f 4625 122 4624
f 4625 3412 121
f 121 122 4625
f 3497 4439 243
f 1323 4576 4626
f 1323 1337 4576
f 1323 4626 4627
f 4628 1323 4629
f 1323 4627 4629
f 4579 1344 4135
f 4630 4132 1343
f 4023 4591 1231
f 1231 1242 4023
f 4066 4524 1244
f 1244 1290 4066
f 4631 1323 4628
f 4490 4492 4632
f 4490 4632 4633
f 4634 4500 4498
f 1538 4091 4635
f 1538 1222 4091
f 4636 4619 4635
f 4619 1538 4635
f 1573 4637 4638
f 4639 1573 4638
f 4640 1577 4641
f 1573 4641 1577
f 4641 1573 4639
f 4641 4639 4642
f 4642 4639 4643
f 4643 4639 4644
f 4449 1514 4289
f 4631 4064 1295
f 1295 1323 4631
f 3910 1107 4645
f 1107 4646 4645
f 4647 1107 4648
f 1107 1160 4649
f 4646 1107 4647
f 1107 4649 4648
f 4649 1160 4650
f 4651 4652 1582
f 4652 4651 4653
f 4652 4653 4654
f 1582 4655 1547
f 4655 1582 4652
f 4656 1547 4655
f 4657 4656 4658
f 4656 4657 4659
f 4656 4655 4658
f 4660 1581 4661
f 1551 4661 1581
f 4661 1551 4662
f 1551 4663 4662
f 4664 4663 1551
f 1551 1550 4664
f 4663 4664 4665
f 4664 1550 4666
f 4664 4666 4667
f 4664 4667 4668
f 1329 4630 1343
f 4630 1329 4128
f 4669 1557 4670
f 4669 4670 4671
f 4672 1557 4669
f 1297 4045 4673
f 1297 1259 4045
f 4488 1297 4674
f 1297 4673 4674
f 4622 4518 1298
f 1298 1297 4622
f 4675 1566 4593
f 1540 4676 1541
f 4676 1540 4677
f 4678 4679 1540
f 1540 1544 4678
f 4679 4680 1540
f 4680 4679 4681
f 1540 4680 4682
f 4677 1540 4682
f 4683 4684 1545
f 1545 1547 4683
f 4684 4683 4685
f 1545 4686 1548
f 4686 1545 4687
f 1545 4684 4687
f 4688 4689 1555
f 1555 1541 4688
f 4689 4688 4690
f 4690 4688 4691
f 4688 1541 4676
f 4688 4676 4692
f 4693 1579 4694
f 4640 4695 1577
f 4695 4640 4696
f 4695 4694 1579
f 1579 1577 4695
f 4694 4695 4697
f 4697 4695 4698
f 1548 4678 1544
f 4678 1548 4699
f 4678 4699 4700
f 4699 4701 4700
f 1548 4702 4703
f 4699 1548 4703
f 4704 4670 1557
f 1557 1552 4704
f 4670 4704 4705
f 1557 4666 1550
f 4666 1557 4672
f 4666 4672 4706
f 4707 4708 1558
f 1558 1559 4707
f 4708 4707 4709
f 1560 4708 4710
f 1560 1558 4708
f 4711 1560 4710
f 4712 4713 1561
f 1561 1563 4712
f 4713 4712 4714
f 4714 4712 4715
f 4713 4716 1565
f 1565 1561 4713
f 4716 4713 4717
f 1562 4718 4719
f 4720 1562 4719
f 4718 1562 4721
f 4718 4721 4722
f 1562 4723 1563
f 4723 1562 4720
f 1562 4724 4725
f 1562 1564 4724
f 4721 1562 4725
f 4712 1563 4726
f 4727 1565 4716
f 1566 4689 4728
f 1566 1555 4689
f 4596 1566 4728
f 4729 4492 4503
f 4707 1559 4730
f 4707 4730 4731
f 4732 1560 4711
f 4723 4733 4492
f 4492 1563 4723
f 4492 4726 1563
f 4726 4492 4729
f 4726 4729 4734
f 4734 4729 4735
f 4632 4492 4733
f 4632 4733 4736
f 4737 4632 4738
f 4632 4736 4738
f 4739 4637 1573
f 1573 1571 4739
f 4637 4739 4740
f 4739 1571 4741
f 4739 4741 4742
f 4743 1579 4693
f 4634 4744 4500
f 4745 4634 4746
f 4744 4634 4745
f 4747 4504 4748
f 4504 4500 4749
f 4504 4749 4750
f 4748 4504 4750
f 4500 4751 1580
f 4751 4500 4744
f 4752 4749 4500
f 4500 1580 4752
f 4753 4754 1567
f 1567 1569 4753
f 4754 4753 4755
f 4754 4755 4756
f 1567 4754 4757
f 4758 1567 4757
f 1567 4759 1570
f 4759 1567 4758
f 4759 4758 4760
f 1568 4741 1571
f 4741 1568 4761
f 4762 4761 1568
f 1568 1570 4762
f 4753 1569 4763
f 1574 4764 1569
f 4764 1574 4765
f 1574 4766 4765
f 4766 1574 4767
f 4766 4767 4768
f 4766 4768 4769
f 4770 4767 1574
f 1574 1576 4770
f 4767 4770 4771
f 4764 4763 1569
f 4763 4764 4772
f 4773 4774 4775
f 4776 4651 1582
f 4775 4774 4777
f 4774 4776 4777
f 4651 4776 4778
f 4778 4776 4779
f 4776 4774 4779
f 4780 4781 4782
f 4781 4783 4782
f 4781 4780 4784
f 4785 4782 4783
f 4776 1582 4786
f 4787 4783 4781
f 4787 4781 4788
f 4787 4788 4789
f 4788 4790 4789
f 4791 4770 1576
f 1576 1565 4791
f 4770 4791 4792
f 4791 1565 4727
f 4791 4727 4793
f 4743 4724 1564
f 1564 1579 4743
f 4724 4743 4794
f 4794 4743 4795
f 1580 4730 1559
f 4730 1580 4796
f 4730 4796 4797
f 4751 4796 1580
f 4796 4751 4798
f 4798 4751 4799
f 4675 4752 1580
f 1580 1566 4675
f 4752 4675 4800
f 4762 1570 4801
f 4762 4801 4802
f 4803 4804 4805
f 4805 1570 4803
f 4804 4803 4806
f 4803 1570 4759
f 4803 4759 4807
f 4808 1570 4809
f 1570 4805 4810
f 4801 1570 4808
f 1570 4810 4809
f 4656 4683 1547
f 4811 4786 1582
f 1582 1581 4811
f 4786 4811 4812
f 4813 4812 4814
f 4812 4811 4814
f 4660 4811 1581
f 4811 4660 4815
f 4816 4704 1552
f 1552 1560 4816
f 4704 4816 4817
f 4816 1560 4732
f 4816 4732 4818
f 4818 4732 4819
f 4820 4805 4804
f 4820 4785 4783
f 4783 4805 4820
f 4785 4820 4821
f 4821 4820 4822
f 4823 4821 4822
f 4787 4810 4805
f 4805 4783 4787
f 4810 4787 4824
f 4702 1548 4686
f 4702 4686 4825
f 1159 4650 1160
f 4826 1159 4827
f 4650 1159 4828
f 1159 4826 4828
f 1159 3985 4827
f 4178 1370 4829
f 4829 1370 4124
f 1590 4309 1601
f 4308 4306 4305
f 4309 1590 4308
f 1590 4306 4308
f 4306 1590 4307
f 4303 1590 4302
f 1590 4505 4302
f 1590 4303 4304
f 4307 1590 4304
f 4347 4505 1590
f 1590 1592 4347
f 4505 4347 4346
f 1591 3249 1592
f 3249 1591 3247
f 1591 3246 3247
f 1591 3243 3242
f 1591 1616 3243
f 3246 1591 3245
f 1591 3242 3245
f 1601 4309 3267
f 3269 1601 3267
f 1601 3273 1602
f 3273 1601 3271
f 1601 3270 3271
f 3270 1601 3268
f 1601 3269 3268
f 1646 3284 1647
f 3284 1646 3286
f 1646 3239 3238
f 1646 3238 3237
f 3280 1646 3259
f 1646 3237 3259
f 1646 3280 3279
f 3286 1646 3279
f 3240 3239 1646
f 1646 1620 3240
f 1605 3335 3334
f 1605 1648 3335
f 4543 1605 3401
f 3401 1605 3402
f 1605 3334 3402
f 1605 4537 1630
f 4535 4537 4540
f 4537 1605 4540
f 1605 4541 4540
f 4541 1605 4542
f 1605 4543 4542
f 1602 3332 1648
f 3332 1602 3329
f 1602 3337 3329
f 3273 3337 1602
f 3337 3273 3272
f 3284 3285 1656
f 1656 1647 3284
f 1635 3302 1661
f 3302 1635 3305
f 3306 3305 1635
f 1635 1636 3306
f 3319 4830 3341
f 3318 4830 3319
f 3341 4830 3342
f 1648 3332 3328
f 4830 1648 3345
f 1648 3328 3345
f 3342 4830 3345
f 3333 1648 3331
f 3336 1648 3333
f 3330 1648 3344
f 1648 4830 3344
f 3344 4830 3343
f 1648 3330 3331
f 3340 4830 3359
f 3359 4830 3360
f 4830 3384 3360
f 4830 3340 3343
f 3335 1648 3336
f 3383 1704 3382
f 1704 3366 3367
f 3368 3382 3367
f 3382 1704 3367
f 1640 3325 1638
f 3325 1640 3324
f 3322 3324 1640
f 1640 1671 3322
f 3289 3290 1666
f 1666 1665 3289
f 3289 1665 3288
f 1665 3283 3288
f 3283 1665 3282
f 3282 1665 3281
f 1665 1655 3281
f 1655 3297 3281
f 3380 3381 3379
f 3377 1704 3378
f 3381 1704 3379
f 1704 3377 3379
f 1704 3383 3378
f 3325 3327 1638
f 3327 3325 3323
f 1638 3265 1616
f 3265 1638 3264
f 3264 1638 3326
f 1638 3327 3326
f 1690 3299 3300
f 1691 1690 3348
f 1690 3300 3348
f 3351 1691 3350
f 1691 3348 3350
f 3299 1690 3295
f 3355 1691 3351
f 3303 1661 3302
f 1662 3303 3307
f 1662 1661 3303
f 3308 1662 3307
f 3317 1717 3316
f 1717 4830 3318
f 3320 1717 3317
f 1717 3318 3316
f 1703 3366 1704
f 1703 3314 3313
f 3366 1703 3365
f 1703 3313 3365
f 1717 3314 1703
f 3314 1717 3320
f 3314 3320 3315
f 3295 1690 3287
f 1690 1656 3287
f 1656 3285 3287
f 3347 3349 1689
f 1689 3358 3346
f 1689 1688 3358
f 3347 1689 3346
f 3349 3296 1655
f 1655 1689 3349
f 3296 3349 3298
f 1717 3386 4830
f 3386 1717 3385
f 1717 1734 3441
f 3385 1717 3417
f 3417 1717 3416
f 1717 3441 3439
f 3416 1717 3438
f 1717 3439 3438
f 3386 3384 4830
f 3441 1734 3440
f 1734 3470 3440
f 1636 3292 3291
f 3306 1636 3304
f 1636 3291 3338
f 3304 1636 3339
f 1636 3338 3339
f 1666 3292 1636
f 3292 1666 3290
f 1669 3310 3309
f 1669 1670 3310
f 3403 3404 3400
f 3404 1669 3309
f 3404 3309 3400
f 3406 1669 3404
f 3406 3407 1682
f 1682 1669 3406
f 1667 4395 1699
f 4395 1667 4394
f 1667 4539 4394
f 1667 4538 4536
f 1667 1630 4538
f 4539 1667 4536
f 3454 3455 1696
f 1696 1683 3454
f 3454 1683 3452
f 1683 3408 3405
f 3452 1683 3405
f 3407 3408 1683
f 1683 1682 3407
f 3312 1670 3311
f 1662 3311 1670
f 3311 1662 3308
f 3358 1688 3357
f 1704 3372 1702
f 3372 1704 3381
f 3372 3381 3371
f 3371 3381 3373
f 1671 3399 3321
f 1671 1705 3399
f 3322 1671 3321
f 1705 3409 3397
f 3399 1705 3398
f 1705 3397 3398
f 1723 1691 3356
f 3356 1691 3354
f 3389 1723 3356
f 3393 1723 3390
f 1723 3389 3390
f 3354 1691 3355
f 3455 3456 1697
f 1697 1696 3455
f 3456 3453 1714
f 1714 1697 3456
f 3393 3396 1726
f 1726 1723 3393
f 3310 1670 3312
f 3457 1714 3453
f 3388 3391 1724
f 1724 1725 3388
f 3391 3392 1724
f 1724 3357 1688
f 3357 1724 3353
f 3353 1724 3352
f 1724 3392 3352
f 1699 4396 1737
f 4396 1699 4395
f 1770 3388 1725
f 3388 1770 3387
f 3387 1770 3394
f 3394 1770 3436
f 1770 3445 3436
f 3445 1770 3444
f 1752 3372 3370
f 1752 1702 3372
f 3411 3370 3369
f 1752 3370 3411
f 1752 3411 3414
f 1752 3414 3415
f 3409 1705 3410
f 1705 3449 3410
f 1705 3458 3448
f 1705 1720 3458
f 3449 1705 3448
f 4565 4563 1753
f 1753 1755 4565
f 1753 4563 4571
f 4571 4563 4562
f 4570 1753 4571
f 1753 4572 1709
f 4572 1753 4569
f 1753 4570 4569
f 1758 3422 3423
f 3425 1758 3423
f 3422 1758 3421
f 1758 3437 3421
f 1759 3425 3424
f 1759 1758 3425
f 3462 1759 3424
f 1758 3396 3395
f 1758 1726 3396
f 3437 1758 3395
f 3460 3458 1720
f 1720 1762 3460
f 4546 4544 1713
f 1713 1774 4546
f 1713 4545 1735
f 4545 1713 4544
f 1737 4392 1777
f 4392 1737 4391
f 1737 4396 4391
f 1769 3468 3446
f 1769 1779 3468
f 3447 1769 3446
f 1769 3444 1770
f 3444 1769 3447
f 4319 4315 1740
f 1740 1742 4319
f 4315 4316 1740
f 4316 4318 1740
f 1740 4574 1745
f 4568 4574 4317
f 4567 4568 4317
f 4574 1740 4317
f 1740 4318 4317
f 4429 4427 1746
f 1746 1748 4429
f 1746 4428 1785
f 4428 1746 4427
f 1779 3481 3467
f 3468 1779 3467
f 3481 1779 3483
f 1779 3484 3482
f 1779 1786 3484
f 3483 1779 3482
f 4547 4546 1774
f 1774 1776 4547
f 3460 1762 3459
f 1762 3503 3459
f 3498 1804 3499
f 1755 3498 3496
f 1755 1804 3498
f 4566 1755 3496
f 4566 3496 3495
f 4565 1755 4564
f 1755 4566 4564
f 3461 3489 3442
f 3489 3068 3442
f 3068 3443 3442
f 3443 3068 3420
f 3418 3443 3420
f 3419 3418 3420
f 3463 3465 1798
f 1798 1795 3463
f 3462 3463 1795
f 1795 1759 3462
f 3502 1762 3504
f 1762 1803 3515
f 3503 1762 3502
f 1762 3515 3504
f 4431 1748 4430
f 4431 4429 1748
f 1748 4574 4426
f 1748 1745 4574
f 4430 1748 4426
f 3501 3500 1804
f 1804 1768 3501
f 3500 3499 1804
f 3497 1768 4439
f 1768 1807 4438
f 3501 1768 3497
f 1768 4438 4439
f 1777 4550 1811
f 1777 4393 3532
f 4550 1777 3533
f 1777 3532 3533
f 4550 3533 3534
f 4392 4393 1777
f 3765 1812 3764
f 1815 3765 3762
f 1815 1812 3765
f 1815 3755 3756
f 1815 3754 3755
f 1815 3762 3754
f 1812 4379 3763
f 1812 3763 3764
f 1812 4387 4388
f 1812 1814 4387
f 1812 4378 4379
f 1812 4388 4390
f 1812 4390 4378
f 4434 4435 1807
f 1807 1806 4434
f 4435 4436 1807
f 4438 1807 4440
f 4440 1807 4436
f 4329 4330 1776
f 1776 1823 4329
f 1776 4330 4328
f 4547 1776 4332
f 1776 4328 4332
f 1785 4432 4433
f 4437 1785 4433
f 1785 4434 1806
f 4434 1785 4437
f 4432 1785 4428
f 3514 1825 3513
f 1825 3514 3511
f 3510 1825 3511
f 3513 1825 3512
f 1825 1824 3512
f 3512 1824 3541
f 1824 3553 3541
f 1825 3484 1786
f 3484 1825 3485
f 1825 3510 3485
f 3515 1803 3517
f 3490 3068 3489
f 3516 1803 3546
f 3517 1803 3516
f 3546 1803 3560
f 1803 1843 3560
f 1843 3559 3560
f 1811 4551 1816
f 4551 1811 4552
f 4552 1811 4553
f 4553 1811 4550
f 1845 4551 3580
f 1845 1816 4551
f 3583 1845 3581
f 1845 3580 3581
f 3555 1846 3554
f 1846 3571 3554
f 3555 3556 1846
f 3570 1846 3591
f 3571 1846 3570
f 1846 1848 3591
f 1848 3613 3591
f 3556 3557 1846
f 3557 3553 1824
f 1824 1846 3557
f 1842 1802 3535
f 3535 1802 3536
f 3592 3593 3561
f 1842 3535 3547
f 3593 1842 3561
f 1842 3547 3561
f 3536 1802 3540
f 1802 3526 3525
f 1802 1761 3526
f 3538 1802 3525
f 3540 1802 3539
f 1802 3538 3539
f 4336 4333 1823
f 1823 1856 4336
f 1823 4333 4331
f 4329 1823 4331
f 4561 1845 3582
f 1845 3583 3582
f 1845 4558 1857
f 4558 1845 4560
f 4561 4560 1845
f 4560 4561 4559
f 4334 4336 1856
f 1856 1868 4334
f 3558 1843 3569
f 3559 1843 3558
f 1843 1885 3569
f 3569 1885 3594
f 1885 3610 3594
f 3609 3610 1885
f 1874 3565 3562
f 1874 1873 3565
f 3605 1874 3562
f 3564 3605 3562
f 3563 3564 3562
f 3565 1873 3566
f 3543 1873 3544
f 1873 1872 3545
f 3543 3544 3542
f 3567 1873 3543
f 1873 3545 3544
f 3567 3568 1873
f 3568 3566 1873
f 3608 1936 3606
f 3605 3606 1936
f 1936 1874 3605
f 1857 4555 1862
f 4555 1857 4557
f 4558 4557 1857
f 4557 4558 4556
f 3607 1936 3608
f 1842 3586 1892
f 3586 1842 3584
f 1842 3593 3584
f 3600 1937 3599
f 1936 3599 1937
f 3599 1936 3598
f 3598 1936 3603
f 3603 1936 3604
f 1936 3607 3604
f 1862 4584 1868
f 4584 1862 4554
f 1862 4555 4554
f 1892 3590 1894
f 3590 1892 3586
f 3590 3586 3585
f 3601 1937 3600
f 1894 3626 1905
f 3626 1894 3587
f 1894 3589 3587
f 1894 3590 3588
f 3589 1894 3588
f 4831 4584 4585
f 4831 1868 4584
f 4586 4831 4585
f 4335 1868 4583
f 1868 4831 4588
f 4334 1868 4335
f 1868 4588 4583
f 3572 1934 3573
f 1934 3572 4260
f 1934 4260 4312
f 1934 3575 3573
f 3575 1934 3574
f 1905 3625 1910
f 3624 3626 3627
f 3625 1905 3624
f 1905 3626 3624
f 3633 3621 1970
f 3621 3633 3620
f 1928 3609 1885
f 3609 1928 3611
f 1928 3622 3611
f 3621 3622 1928
f 1928 1970 3621
f 1969 3633 1970
f 3633 1969 3632
f 3632 1969 3655
f 1969 3656 3655
f 3641 2024 3642
f 3645 2024 3641
f 3656 1969 3654
f 3642 2024 3643
f 4312 4313 1855
f 1855 1934 4312
f 1855 3508 3506
f 1855 4310 3508
f 1855 4313 4311
f 1855 4311 4310
f 3577 3574 1934
f 1934 1935 3577
f 4587 4831 4586
f 3601 3640 1942
f 1942 1937 3601
f 3640 3601 3602
f 1910 3629 1946
f 3629 1910 3630
f 3625 3630 1910
f 3630 3625 3623
f 3647 2003 3646
f 1942 3646 2003
f 3646 1942 3639
f 1942 3640 3639
f 3506 3507 1789
f 1789 1855 3506
f 4832 4588 4831
f 4588 4832 4416
f 4588 4416 4415
f 4417 4416 4832
f 4831 4419 4832
f 4419 4831 4421
f 4587 4421 4831
f 4421 4587 4420
f 1964 3577 1935
f 3576 3577 4270
f 3577 1964 4270
f 1964 4266 4270
f 4267 4266 1964
f 3649 2003 3647
f 3652 2060 3651
f 2060 3649 3648
f 2060 2003 3649
f 2060 3648 3651
f 4417 4832 4418
f 4832 4413 4414
f 4832 4833 4413
f 4418 4832 4414
f 4832 4410 4833
f 4410 4832 4412
f 4832 4419 4412
f 1946 3657 1961
f 3657 1946 3628
f 1946 3629 3628
f 1968 3654 1969
f 1968 2024 3645
f 3654 1968 3644
f 1968 3645 3644
f 3654 3644 3653
f 4834 4413 4833
f 4413 4834 3677
f 4834 3679 3677
f 3678 3679 4834
f 4410 4411 4833
f 4833 3681 4834
f 3681 4833 3680
f 4833 4411 3680
f 1961 3660 1995
f 3660 1961 3661
f 3661 1961 3657
f 3661 3657 3658
f 4267 1964 4268
f 4268 1964 4269
f 2006 4269 1964
f 2006 4263 4262
f 2006 4262 4264
f 2006 4264 4265
f 2006 4265 4269
f 2050 4271 4272
f 2050 4276 4273
f 2050 4273 4271
f 2006 4272 4261
f 2006 2050 4272
f 2006 4261 4263
f 2007 3678 4834
f 3678 2007 3682
f 2007 3687 3682
f 3688 3687 2007
f 4834 3681 3684
f 3685 4834 3684
f 4834 3686 2007
f 3686 4834 3685
f 2007 3660 3659
f 2007 1995 3660
f 3688 2007 3683
f 2007 3659 3683
f 3672 2042 3674
f 2042 2007 3674
f 2007 3686 3674
f 4274 4276 2050
f 2050 2052 4274
f 3476 2066 3475
f 2066 2065 3478
f 3480 2066 3476
f 2066 3478 3475
f 2066 3480 3479
f 2066 3479 4462
f 2066 4465 1872
f 2066 4462 4461
f 2066 4461 4463
f 2066 4463 4464
f 2066 4464 4465
f 3673 2042 3672
f 2055 2042 3676
f 3692 3693 3676
f 3693 2055 3676
f 3676 2042 3675
f 3673 3675 2042
f 2055 3697 2070
f 3697 2055 3694
f 2055 3693 3694
f 4277 4274 2052
f 2052 2105 4277
f 3699 3698 2053
f 2053 2070 3699
f 2053 3725 2077
f 3695 2053 3696
f 3725 2053 3704
f 2053 3695 3704
f 2053 3698 3696
f 2063 3710 3708
f 2063 2062 3710
f 3715 2063 3713
f 2063 3708 3713
f 2102 2063 3714
f 3714 2063 3715
f 3717 2102 3714
f 3709 2062 3712
f 2062 2076 3711
f 3710 2062 3709
f 2062 3711 3712
f 3697 3699 2070
f 3703 2078 3702
f 2078 2077 3726
f 3705 2078 3703
f 2078 3726 3702
f 2078 3711 2076
f 3711 2078 3700
f 3700 2078 3701
f 3711 3700 3707
f 2078 3706 3701
f 3706 2078 3705
f 3725 3727 2077
f 3727 3726 2077
f 2092 3731 2161
f 3731 2092 3729
f 2092 3728 3729
f 3720 2092 3721
f 3719 2092 3720
f 2092 2102 3721
f 2102 3723 3721
f 2092 3719 3718
f 3728 2092 3724
f 2092 3718 3724
f 2161 3734 2211
f 3734 2161 3733
f 3734 3733 3732
f 3733 2161 3730
f 2161 3731 3730
f 2211 3753 2256
f 3753 2211 3750
f 2211 3751 3750
f 2211 3734 3735
f 3751 2211 3735
f 3739 2314 3738
f 3738 2314 3740
f 3759 2312 3741
f 3758 3759 3741
f 2312 2314 3741
f 2314 3739 3741
f 3760 2312 3759
f 3740 2314 3737
f 2314 2313 3736
f 3736 2313 3742
f 2314 3736 3737
f 2313 3746 3742
f 3744 2313 3745
f 3745 2313 3747
f 2313 2316 3747
f 3746 2313 3744
f 3747 2316 3743
f 2316 3749 3743
f 2316 2318 3749
f 3749 2318 3748
f 2318 3752 3748
f 2318 2320 3752
f 3752 2320 3753
f 2320 2256 3753
f 2341 3760 3761
f 2341 2312 3760
f 3766 2341 3769
f 3769 2341 3771
f 2341 3761 3771
f 3767 2341 3766
f 3770 2341 3767
f 2401 3770 3768
f 2401 2341 3770
f 3773 2401 3772
f 3772 2401 3775
f 2401 3768 3775
f 3777 2401 3774
f 2401 3773 3774
f 2452 3777 3776
f 2452 2401 3777
f 3791 2452 3780
f 2452 3776 3780
f 2452 3791 3778
f 3779 2452 3778
f 3783 2452 3781
f 2452 3779 3781
f 2454 2452 3782
f 3782 2452 3783
f 3786 2454 3782
f 2454 3789 2453
f 3789 2454 3786
f 3789 3788 2472
f 2472 2453 3789
f 3838 4835 3806
f 3838 3806 3807
f 3841 3806 4835
f 3806 3841 3805
f 2471 3794 2498
f 3794 2471 3792
f 2471 3802 3792
f 2471 3797 3796
f 2471 2472 3797
f 3802 2471 3800
f 2471 3796 3800
f 2498 3803 2553
f 3803 2498 3793
f 2498 3794 3793
f 3838 3839 2616
f 2616 4835 3838
f 4321 2614 4323
f 2614 4327 4323
f 2614 3839 3840
f 2614 2616 3839
f 2614 3840 4325
f 4327 2614 4326
f 2614 4325 4326
f 3841 4835 3842
f 3843 3842 4835
f 4835 2616 3843
f 2547 4229 4228
f 2547 2549 4229
f 2547 4228 4290
f 2547 4290 4251
f 2547 4251 4252
f 2547 4250 2461
f 2547 4252 4248
f 2547 4248 4250
f 2549 4223 4219
f 2549 2601 4223
f 2549 4219 4220
f 2549 4220 4226
f 2549 4226 4229
f 4321 4322 2644
f 2644 2614 4321
f 4409 2644 4324
f 2644 4322 4324
f 2553 3848 2607
f 2553 3809 3810
f 3848 2553 3811
f 2553 3810 3811
f 3809 2553 3801
f 2553 3803 3801
f 3809 3801 3808
f 2615 3843 2616
f 3843 2615 3836
f 2615 3837 3836
f 2641 3837 2615
f 3837 2641 3834
f 3837 3834 3833
f 2666 3834 2641
f 3834 2666 3835
f 3835 2666 3831
f 3831 2666 3832
f 2666 3892 3832
f 3815 2565 3816
f 3847 2565 3815
f 2565 2623 3816
f 3816 2623 3818
f 2623 3868 3818
f 3829 2630 3827
f 3874 2630 3830
f 2630 3829 3830
f 2630 2565 3827
f 3827 2565 3844
f 2565 3847 3844
f 3844 3847 3846
f 2654 3854 2653
f 3854 2654 3856
f 2651 3854 3853
f 2651 2653 3854
f 2651 3853 3858
f 3859 2651 3858
f 3857 3856 2654
f 4223 2601 4224
f 4225 2601 4222
f 4225 4224 2601
f 2601 4589 4230
f 2601 2600 4589
f 2601 4221 4222
f 2601 4230 4221
f 4409 4452 2674
f 2674 2644 4409
f 4452 4409 4455
f 4409 4408 4455
f 4453 2674 4452
f 2607 3872 2670
f 2607 3849 3850
f 3872 2607 3870
f 2607 3850 3870
f 3848 3849 2607
f 2600 3955 3954
f 2600 2683 3955
f 2600 3954 4589
f 4458 2674 4454
f 2674 4453 4454
f 2606 3882 2623
f 3921 3941 2736
f 3879 2606 3880
f 3882 2606 3884
f 2606 3879 3884
f 3941 3921 3920
f 3880 2606 3877
f 2606 2669 3907
f 3942 2736 3941
f 3877 2606 3894
f 2606 3907 3894
f 3868 2623 3869
f 2623 3883 3869
f 2735 3876 3873
f 3897 2735 3896
f 2735 3873 3896
f 2738 3876 2735
f 3876 2738 3875
f 3874 3875 2738
f 2738 2630 3874
f 3921 2736 3895
f 3883 2623 3882
f 2736 2735 3897
f 2736 3897 3895
f 3893 3892 2666
f 2666 2693 3893
f 3892 3893 3891
f 3955 2683 3956
f 3911 2705 3912
f 2651 3912 2705
f 2651 3859 3852
f 3912 2651 3851
f 2651 3852 3851
f 2674 4458 4456
f 4598 2674 4457
f 2674 4456 4457
f 2704 4598 4599
f 2704 2674 4598
f 4600 2704 4599
f 4600 4601 2723
f 2723 2704 4600
f 4601 4602 2758
f 2758 2723 4601
f 4527 2758 4526
f 4526 2758 4525
f 2758 4602 4525
f 2705 4647 2706
f 4647 2705 4645
f 4647 4645 4646
f 2705 3911 3910
f 4645 2705 3910
f 2693 3889 3887
f 2693 2708 3889
f 3893 2693 3887
f 2706 4648 2710
f 4648 2706 4647
f 2670 3904 2669
f 3904 2670 3908
f 3908 2670 3909
f 2670 2716 3909
f 2716 3963 3909
f 2670 3924 2715
f 3924 2670 3901
f 2670 3902 3901
f 3903 3902 2670
f 3903 2670 3871
f 2670 3872 3871
f 2710 4826 2718
f 4826 2710 4828
f 2710 4648 4649
f 4828 2710 4650
f 2710 4649 4650
f 2683 3948 3947
f 3956 2683 3951
f 2683 3947 3951
f 3950 3948 2683
f 2683 2721 3950
f 3944 2742 3942
f 3907 2669 3906
f 2742 2736 3942
f 2742 3963 2716
f 3904 3906 2669
f 3963 2742 3964
f 3964 2742 3943
f 2742 3944 3943
f 3888 2708 3890
f 2708 2744 3940
f 3889 2708 3888
f 2708 3940 3890
f 3973 4836 3972
f 2849 3972 4836
f 3972 2849 3974
f 2849 4007 3974
f 4007 2849 4549
f 4007 4549 4005
f 2744 3928 3926
f 2744 2755 3928
f 3927 2744 3926
f 2744 3927 3925
f 3940 2744 3925
f 2755 3924 3923
f 2755 2715 3924
f 3928 2755 3922
f 2755 3923 3922
f 2721 3953 3949
f 2721 2765 3953
f 3950 2721 3949
f 3986 2775 3987
f 3987 2775 4827
f 3987 4827 3985
f 3953 2765 3952
f 3952 2765 3976
f 2765 3977 3976
f 2775 3981 2776
f 3981 2775 3980
f 2775 3986 3980
f 4826 4827 2775
f 2775 2718 4826
f 2776 3982 3983
f 3984 2776 3983
f 3982 2776 3981
f 2781 3984 3957
f 2781 2776 3984
f 3960 3957 3958
f 2781 3957 3960
f 4011 2781 4010
f 2781 3960 4010
f 3960 3958 3959
f 4006 4836 3975
f 4836 3973 3975
f 3979 3977 2765
f 2765 2788 3979
f 3979 2788 3978
f 3978 2788 4016
f 2788 4014 4016
f 2758 4528 2801
f 4528 2758 4527
f 4048 4049 2853
f 2841 4581 2842
f 4581 2841 4580
f 4582 2842 4581
f 2853 4580 2841
f 4580 2853 4049
f 4580 4049 4050
f 4475 2862 4476
f 4476 2862 4477
f 4006 4008 2849
f 2849 4836 4006
f 4002 2849 4004
f 2849 4008 4004
f 4051 4048 2853
f 2772 3995 2787
f 2772 2806 3993
f 3995 2772 3994
f 2772 3993 3994
f 4051 2853 4047
f 2853 4046 4047
f 2782 4036 4034
f 2782 2787 4036
f 4035 2782 4034
f 2817 4035 4033
f 2817 2782 4035
f 4060 2817 4033
f 3993 2806 3992
f 2806 4030 3992
f 3995 3996 2787
f 4036 2787 3997
f 2787 3996 3997
f 4467 4469 2876
f 4478 2876 4469
f 4478 4469 4468
f 4015 4014 2788
f 2788 2826 4015
f 2843 4471 4466
f 2843 2842 4471
f 4470 2843 4466
f 4471 2842 4473
f 4470 4467 2876
f 2876 2843 4470
f 2801 4530 2807
f 4530 2801 4528
f 4012 2826 4027
f 2826 4026 4027
f 4015 2826 4013
f 2826 4012 4013
f 4582 4473 2842
f 4473 4582 4472
f 4002 4003 2850
f 2850 2849 4002
f 2826 2850 4025
f 4025 2850 4042
f 4026 2826 4025
f 4042 2850 4041
f 2850 4003 4001
f 2850 4001 4000
f 2850 4000 4041
f 4548 2849 4603
f 2849 2851 4613
f 4549 2849 4548
f 2849 4613 4603
f 2853 4673 4045
f 2853 2852 4673
f 4046 2853 4045
f 4479 4477 2862
f 2862 2861 4479
f 2864 4475 4474
f 2864 2862 4475
f 4480 2864 4474
f 4032 4030 2806
f 2806 2848 4032
f 2908 4673 2852
f 4673 2908 4674
f 4674 2908 4487
f 4674 4487 4488
f 4061 2817 4060
f 2912 4032 2848
f 4032 2912 4031
f 2912 4044 4031
f 2912 4062 4043
f 4044 2912 4043
f 2807 4512 2856
f 4512 2807 4515
f 4513 2807 4529
f 4515 2807 4513
f 2807 4530 4529
f 4478 4479 2861
f 2861 2876 4478
f 2864 4617 2896
f 4617 2864 4483
f 2864 4481 4483
f 4617 4618 2898
f 2898 2896 4617
f 4620 2927 4621
f 2898 4621 2927
f 4621 2898 4618
f 4482 4481 2864
f 4614 4613 2851
f 2851 2888 4614
f 2856 4514 2892
f 4514 2856 4512
f 4075 2980 4083
f 4075 4083 4078
f 2979 4083 2980
f 4083 2979 4090
f 4087 4089 2960
f 4089 4090 2979
f 2979 2960 4089
f 4158 2931 4162
f 4162 2931 4163
f 2867 4126 2913
f 4125 4126 4128
f 4126 2867 4128
f 2867 4134 4132
f 4128 2867 4630
f 2867 4132 4630
f 4133 2867 4135
f 2867 2868 4626
f 4134 2867 4133
f 2867 4576 4577
f 2867 4626 4576
f 2867 4577 4578
f 2867 4578 4579
f 2867 4579 4135
f 2907 4623 4484
f 2907 2915 4623
f 4485 2907 4484
f 2907 4487 2908
f 4487 2907 4486
f 2907 4485 4486
f 4063 2912 4069
f 4069 2919 4070
f 4062 2912 4063
f 2912 2919 4069
f 4070 2919 4071
f 4071 2919 4072
f 4058 4056 4059
f 4056 2817 4061
f 4056 4061 4059
f 2930 4620 4619
f 2930 2927 4620
f 4636 2930 4619
f 2931 4159 2837
f 4159 2931 4158
f 4164 4163 2931
f 2931 2933 4164
f 2888 4615 4608
f 2888 2940 4615
f 4614 2888 4609
f 2888 4608 4609
f 4180 4179 2894
f 2894 2893 4180
f 2894 4167 2926
f 4167 2894 4118
f 4118 2894 4119
f 4119 2894 4178
f 4124 4119 4178
f 2894 4179 4178
f 4829 4124 4178
f 2893 4141 4137
f 2893 2913 4141
f 4180 2893 4136
f 2893 4137 4136
f 4084 4088 2959
f 4086 4084 2959
f 2959 2964 4086
f 4088 4087 2960
f 2960 2959 4088
f 2955 4382 4381
f 2955 2965 4382
f 4516 2955 4381
f 2955 4519 2915
f 4519 2955 4516
f 4519 4516 4517
f 4074 2919 4073
f 2919 2967 4073
f 4073 2967 4111
f 2967 4176 4111
f 4111 4176 4172
f 4074 4072 2919
f 4139 4140 4138
f 4141 2913 4139
f 2913 4140 4139
f 2913 4126 4127
f 4140 2913 4129
f 2913 4127 4129
f 4140 4129 4130
f 4076 4082 2977
f 2977 2980 4076
f 4082 4081 2975
f 2975 2977 4082
f 4117 4112 3009
f 3009 3011 4117
f 3011 2986 4107
f 4107 2986 4103
f 4117 3011 4107
f 4102 4103 2986
f 4113 3009 4112
f 2984 4079 4077
f 2984 2987 4079
f 4110 2984 4077
f 4110 4105 2984
f 4105 4110 4104
f 4108 4104 4109
f 4104 4110 4109
f 4105 4106 2986
f 2986 2984 4105
f 4143 3018 4144
f 4152 3018 4143
f 4152 4143 4142
f 4153 4155 2974
f 4155 4156 2933
f 2933 2974 4155
f 4164 2933 4157
f 2933 4156 4157
f 4169 2991 4170
f 2926 4167 4120
f 2926 4120 4122
f 2926 4122 4123
f 2991 2926 4165
f 4165 2926 4166
f 2991 4165 4171
f 2926 4123 4166
f 4170 2991 4171
f 4207 3023 4206
f 3023 4169 4168
f 3023 2991 4169
f 4206 3023 4177
f 3023 4168 4177
f 4404 4405 3037
f 4406 3037 4405
f 4202 4201 2967
f 2967 3015 4202
f 4176 2967 4175
f 2967 4174 4175
f 4174 2967 4173
f 2967 4201 4173
f 4198 4184 3005
f 3005 2969 4198
f 4184 4198 4186
f 4187 3005 4185
f 4146 2999 4154
f 4145 2999 4146
f 2999 3005 4154
f 3005 4187 4154
f 4185 3005 4184
f 2974 3000 4151
f 3000 3018 4152
f 4151 3000 4152
f 4153 2974 4151
f 4100 3018 4099
f 4144 3018 4100
f 3018 3020 4098
f 4098 3020 4101
f 3018 4098 4099
f 3020 4114 4101
f 3037 4207 4205
f 3037 3023 4207
f 4204 4404 4205
f 4404 3037 4205
f 4115 4116 3010
f 3010 3009 4115
f 4116 4114 3020
f 3020 3010 4116
f 3026 4147 3034
f 4147 3026 4148
f 4145 4148 3026
f 3026 2999 4145
f 2940 4605 4604
f 2940 3024 4605
f 4616 2940 4607
f 2940 4604 4607
f 3024 4612 4606
f 3024 2994 4612
f 4605 3024 4606
f 4291 3047 4292
f 3047 3037 4406
f 4295 3047 4291
f 3047 4406 4292
f 4296 3047 4295
f 4203 4202 3015
f 3015 3044 4203
f 4189 4190 3046
f 3046 3034 4189
f 3034 4183 4182
f 4189 3034 4188
f 3034 4182 4188
f 4189 4188 4191
f 3034 4147 4150
f 4183 3034 4150
f 3047 4532 3060
f 3047 4294 4293
f 3047 4293 4407
f 4532 3047 4531
f 3047 4407 4531
f 4296 4294 3047
f 3490 3487 3069
f 3069 3068 3490
f 3487 3490 3488
f 3071 3487 3486
f 3071 3069 3487
f 3552 3071 3486
f 3552 3486 3518
f 3173 3857 2654
f 3173 4281 3812
f 3173 3812 3813
f 3173 3813 3814
f 3173 3814 3855
f 3173 3855 3857
f 4281 3173 4282
f 3930 3933 3932
f 3930 3931 2751
f 2751 3933 3930
f 3933 2751 3934
f 2751 3936 3934
f 2750 3936 2751
f 3936 2750 3937
f 2839 3937 2750
f 3937 2839 3938
f 3939 3938 2839
f 3082 3081 3913
f 3962 3082 3913
f 3913 3081 3914
f 3081 3915 3914
f 3916 3915 3081
f 3081 2738 3916
f 3638 1956 3637
f 3671 3663 3086
f 3663 3671 3662
f 3662 3671 3670
f 3671 3086 3666
f 3666 3665 3669
f 3666 3669 3671
f 3084 3637 1956
f 3637 3084 3636
f 3084 3086 3663
f 3084 3663 3636
f 3668 3666 3086
f 3086 3087 3668
f 3666 3668 3664
f 3690 3691 3087
f 3087 3691 3667
f 3087 3667 3668
f 4243 4241 3115
f 3115 3114 4243
f 4241 4243 4240
f 4241 4240 4239
f 4243 3114 4242
f 3114 4459 4242
f 4231 3115 4241
f 4231 4241 4232
f 4402 3112 4339
f 3112 4340 4339
f 4340 3112 4342
f 3635 1956 3634
f 1956 3638 3634
f 3612 1904 3631
f 1904 1956 3635
f 3614 1904 3612
f 1904 3635 3631
f 3108 3232 3231
f 3250 3108 3251
f 3251 3108 3252
f 3252 3108 3257
f 3108 3231 3257
f 3108 3250 3233
f 3234 3108 3233
f 3256 3232 3108
f 3108 3109 3256
f 3232 3256 3230
f 3234 3235 1621
f 1621 3108 3234
f 4402 4403 2105
f 2105 3112 4402
f 2105 4403 4401
f 2105 4275 4277
f 2105 4401 4275
f 3125 4377 4376
f 3125 3126 4377
f 3125 4373 4374
f 3125 4376 4373
f 1815 4377 3126
f 1815 3756 3757
f 1815 3757 4377
f 4375 3125 4374
f 3113 4389 1814
f 3113 3826 3824
f 3113 3824 4380
f 3113 4380 4389
f 3825 3826 3113
f 3113 3820 3821
f 3113 3102 3820
f 3113 3821 3825
f 3420 3068 3362
f 3068 3364 3362
f 3420 3362 3361
f 3363 3068 4369
f 3068 3067 4370
f 3364 3068 3363
f 3068 4370 4369
f 4460 4459 3114
f 3114 2176 4460
f 3823 3102 3822
f 3102 3861 3822
f 2746 3931 3929
f 2746 2751 3931
f 3945 2746 3929
f 3103 3861 3102
f 3861 3103 3866
f 3861 3866 3860
f 3860 3866 3862
f 3898 3182 3899
f 3182 2746 3899
f 3899 2746 3900
f 3900 2746 3946
f 2746 3945 3946
f 3103 3865 3863
f 3886 3182 3898
f 3886 3898 3885
f 3866 3103 3863
f 4387 1814 4389
f 2059 4533 3166
f 4533 2059 4534
f 3167 4533 4489
f 3167 3166 4533
f 3167 4353 4351
f 3167 4354 4353
f 3167 4489 4354
f 2059 4298 4297
f 2059 4297 4534
f 4352 3167 4351
f 3823 3820 3102
f 3820 3823 3819
f 4300 3110 4366
f 4300 4366 4299
f 4366 3110 4368
f 4344 1592 4343
f 4347 1592 4344
f 1592 3109 4343
f 4343 3109 4397
f 3253 3109 3254
f 4397 3109 3253
f 3109 3110 3254
f 3110 4300 3254
f 3254 4300 4301
f 3258 3254 4367
f 3254 4301 4367
f 4358 3111 4360
f 1680 4360 3111
f 4360 1680 4356
f 4360 4356 4355
f 1679 4363 4362
f 4365 1679 4362
f 1679 4356 1680
f 4356 1679 4357
f 1679 4365 4357
f 3244 1616 3241
f 1616 3266 3241
f 3266 1616 3265
f 1734 3472 3469
f 1734 3469 3471
f 3470 1734 3471
f 4537 4538 1630
f 1734 3509 3474
f 1734 1733 3509
f 1734 3473 3472
f 1734 3474 3473
f 1735 3529 1771
f 3529 1735 3491
f 3491 1735 3492
f 3492 1735 3494
f 1735 4545 3494
f 3530 3531 1771
f 1771 3523 1761
f 3523 1771 3531
f 3523 3531 3522
f 3527 3522 3528
f 3522 3531 3528
f 3526 1761 3524
f 1761 3523 3524
f 3530 1771 3529
f 1789 3509 1733
f 1789 3507 3505
f 1789 3505 3509
f 3013 4284 4283
f 3013 3105 4284
f 4386 3013 4283
f 4383 3013 4385
f 4384 3013 4383
f 3013 4386 4385
f 3013 4382 2965
f 4382 3013 4384
f 4231 4233 3115
f 3115 4238 3133
f 4238 3115 4234
f 3115 4233 4234
f 2969 4194 4193
f 2969 3161 4194
f 4197 2969 4193
f 4194 3161 4195
f 4198 2969 4196
f 2969 4197 4196
f 3917 2783 3919
f 3918 2783 3917
f 2783 3991 3919
f 2783 4018 3990
f 2783 2816 4018
f 3991 2783 3990
f 3918 3916 2738
f 2738 2783 3918
f 3131 4250 4249
f 3131 2461 4250
f 3131 4244 4245
f 3131 4247 4244
f 3131 4249 4247
f 3131 4245 4246
f 4253 3131 4246
f 4255 3131 4253
f 3135 4255 4254
f 3135 3131 4255
f 4259 3135 4254
f 3256 3109 3255
f 3255 3109 4345
f 1592 3249 3248
f 3109 1592 4345
f 1592 3248 4345
f 4626 2868 4627
f 4627 2868 4629
f 2868 4068 4067
f 2868 3136 4068
f 4628 4629 4631
f 2868 4067 4065
f 4631 4629 4064
f 4629 2868 4064
f 2868 4065 4064
f 4284 3105 4285
f 3105 4288 4285
f 4287 4288 3105
f 3105 3106 4287
f 4319 1742 4320
f 1742 1714 3451
f 4314 4320 3450
f 4320 1742 3450
f 1742 3451 3450
f 3451 1714 3457
f 3799 3790 3804
f 3790 3785 3784
f 3804 3790 3784
f 3798 3790 3799
f 2024 3616 3615
f 2024 3148 3616
f 3618 2024 3615
f 2024 3618 3617
f 3643 2024 3619
f 2024 3617 3619
f 4399 2994 4398
f 2994 2995 4509
f 4610 2994 4399
f 4398 2994 4508
f 2994 4509 4508
f 4610 4399 4400
f 4509 2995 4511
f 4611 2994 4610
f 4615 2940 4616
f 4612 2994 4611
f 3548 3071 3552
f 3548 3552 3551
f 3150 3060 4443
f 4443 3060 4442
f 4444 3150 4443
f 3060 4532 4442
f 4213 3060 4441
f 4441 4448 4446
f 4215 3060 4213
f 3060 3150 4441
f 3150 4448 4441
f 3060 4216 3044
f 4216 3060 4214
f 3060 4215 4214
f 2995 4514 4510
f 2995 2892 4514
f 4511 2995 4510
f 3549 3071 3548
f 3998 2818 3988
f 2818 3989 3988
f 2872 3998 3999
f 2872 2818 3998
f 4029 2872 3999
f 4096 2916 4055
f 4096 4055 4054
f 2916 4040 4039
f 2916 4039 4055
f 4038 2872 4028
f 2872 4029 4028
f 3087 4375 4371
f 3087 3125 4375
f 3087 3689 3690
f 3087 4371 4372
f 3087 4372 3689
f 4490 4497 4494
f 4497 4502 4494
f 4633 4497 4490
f 4494 4502 4493
f 4502 4499 4493
f 4498 4633 4634
f 4737 4633 4632
f 4633 4737 4746
f 4633 4746 4634
f 4497 4633 4498
f 4501 4496 4499
f 4496 4493 4499
f 4504 4747 4501
f 4747 4496 4501
f 4131 4195 4092
f 4195 3161 4093
f 4195 4093 4092
f 4195 4131 4181
f 4095 4093 3161
f 3161 2917 4095
f 3277 4837 3263
f 3276 3277 3263
f 3260 3276 3263
f 3261 3260 3263
f 3278 4837 3277
f 4422 4425 2838
f 2838 2837 4422
f 4422 2837 4161
f 4422 4161 4160
f 4424 2838 4425
f 4444 4445 3106
f 3106 3150 4444
f 4218 4448 3150
f 3150 3149 4218
f 4448 4218 4217
f 3244 3243 1616
f 3111 4368 3110
f 4368 3111 4359
f 3111 4358 4359
f 1752 3412 4625
f 1752 4625 4624
f 1752 3415 3413
f 1752 3413 3412
f 1794 3431 3432
f 1794 3432 3434
f 1752 3431 1794
f 1752 3430 3431
f 1752 4624 4575
f 1752 4575 3430
f 4506 4507 3435
f 1794 3434 3433
f 4507 1794 3435
f 1794 3433 3435
f 4573 4521 1710
f 1710 1709 4573
f 4521 4573 4520
f 4573 1709 4572
f 1710 4361 1681
f 4361 1710 4364
f 1710 4521 4364
f 4361 4363 1679
f 1679 1681 4361
f 2060 4298 2059
f 2060 3652 3650
f 2060 3650 4298
f 4085 4635 4091
f 4086 2964 4085
f 2964 4635 4085
f 2930 4635 2964
f 4635 2930 4636
f 3169 4238 4237
f 3169 3133 4238
f 3169 4237 4236
f 4507 3478 2065
f 2065 1794 4507
f 3478 4507 3477
f 3152 3549 3550
f 3152 3071 3549
f 3152 3550 3579
f 3595 3152 3578
f 3152 3579 3578
f 3152 3616 3148
f 3152 3595 3596
f 3616 3152 3597
f 3152 3596 3597
f 2781 4592 3180
f 4592 2781 4009
f 2781 4011 4009
f 3180 4023 4022
f 3180 4592 4590
f 3180 4590 4591
f 3180 4591 4023
f 4341 4342 3112
f 3112 3135 4341
f 2102 3717 3716
f 3723 2102 3722
f 2102 3716 3722
f 1872 4465 3519
f 1872 3519 3520
f 3545 1872 3521
f 1872 3520 3521
f 2915 4519 4518
f 4623 2915 4622
f 2915 4518 4622
f 3151 3466 3427
f 3151 3427 3428
f 3466 3151 3464
f 3151 1798 3464
f 1798 3465 3464
f 1904 3613 1848
f 3613 1904 3614
f 3067 3375 4837
f 3067 3429 3374
f 3067 3374 3375
f 3262 3263 3376
f 3301 3262 3376
f 3263 4837 3376
f 4837 3375 3376
f 3151 3429 3067
f 3429 3151 3428
f 4480 4482 2864
f 4210 3149 4211
f 3046 4211 3149
f 4211 3046 4192
f 3046 4190 4192
f 4211 4192 4208
f 2818 3970 3971
f 2818 2784 3970
f 3989 2818 3971
f 2177 4460 2176
f 4460 2177 4450
f 2177 4451 4450
f 2177 4349 4350
f 2177 4350 4451
f 3787 3790 3798
f 3797 2472 3795
f 2472 3788 3795
f 3788 3787 3798
f 3795 3788 3798
f 4715 3213 4714
f 4717 4714 3213
f 4714 4717 4713
f 3173 4279 4278
f 3173 2527 4279
f 3173 4278 4282
f 3082 3967 3176
f 3967 3082 3961
f 3082 3962 3961
f 3969 3176 3965
f 3965 3176 3966
f 3176 3967 3966
f 2784 3969 3968
f 2784 3176 3969
f 3970 2784 3968
f 3136 4024 4020
f 3136 3180 4024
f 3136 4020 4019
f 3136 4019 4522
f 3136 4522 4523
f 3180 4022 4021
f 3180 4021 4024
f 4057 4053 2817
f 4053 4057 4052
f 4053 4018 2816
f 2816 2817 4053
f 4018 4053 4017
f 3136 4066 4068
f 3136 4523 4524
f 3136 4524 4066
f 1620 3235 3236
f 1620 1621 3235
f 3240 1620 3236
f 4097 2916 4096
f 4287 3106 4286
f 4286 3106 4289
f 3106 4445 4447
f 4289 3106 4449
f 3106 4447 4449
f 3149 4210 4209
f 4218 3149 4212
f 3149 4209 4212
f 4837 4370 3067
f 4370 4837 3294
f 4370 3294 3293
f 4837 3278 3275
f 3294 4837 3274
f 4837 3275 3274
f 4106 4102 2986
f 4280 4279 2527
f 2527 3169 4280
f 4113 4115 3009
f 4080 4079 2987
f 3169 4236 4235
f 3169 4235 4280
f 4159 4161 2837
f 3167 4349 2177
f 3167 4352 4348
f 3167 4348 4349
f 4056 4057 2817
f 3044 4216 4199
f 4203 3044 4200
f 3044 4199 4200
f 4780 4774 4784
f 4774 4773 4784
f 4781 4773 4788
f 4773 4775 4788
f 4784 4773 4781
f 4076 2980 4075
f 4778 4823 3229
f 4778 4779 4821
f 4823 4778 4821
f 4782 4779 4780
f 4779 4774 4780
f 4821 4779 4782
f 4821 4782 4785
f 3229 4822 3190
f 4822 3229 4823
f 4804 4806 4820
f 4806 3190 4822
f 4806 4822 4820
f 4657 3228 4659
f 3194 4659 3228
f 4659 3194 4685
f 4659 4685 4656
f 4656 4685 4683
f 4687 4685 3194
f 3194 3193 4687
f 4685 4687 4684
f 4687 3193 4686
f 3193 4825 4686
f 2975 4080 2987
f 4080 2975 4081
f 4338 4341 3135
f 4341 4338 4337
f 3203 4701 3202
f 4701 3203 4700
f 4703 3202 4701
f 4703 4701 4699
f 4700 3203 4681
f 4678 4700 4679
f 4700 4681 4679
f 4257 3135 4259
f 4257 4259 4258
f 2870 4040 2916
f 4040 2870 4037
f 2870 2872 4037
f 2872 4038 4037
f 2917 4097 4094
f 2917 2916 4097
f 4095 2917 4094
f 4742 4802 3220
f 4802 4742 4741
f 4802 4741 4761
f 4802 4761 4762
f 4808 3220 4801
f 3220 4802 4801
f 4735 3227 4734
f 3213 4734 3227
f 4734 3213 4715
f 4734 4715 4712
f 4734 4712 4726
f 2650 3865 3103
f 3865 2650 3864
f 2650 3182 3886
f 3864 2650 3867
f 2650 3886 3867
f 4771 3199 4767
f 3199 4768 4767
f 3200 4772 4764
f 4765 3200 4764
f 4765 4769 3197
f 3197 3200 4765
f 4769 4765 4766
f 4769 4768 3199
f 3199 3197 4769
f 2838 3939 2839
f 3939 2838 3935
f 3935 2838 4423
f 2838 4424 4423
f 3186 4722 4721
f 3186 3185 4722
f 4725 3186 4721
f 4725 4794 3186
f 4794 4725 4724
f 4795 3186 4794
f 4795 4697 3187
f 3187 3186 4795
f 4697 4795 4694
f 4694 4795 4693
f 4693 4795 4743
f 4722 3185 4719
f 4722 4719 4718
f 4807 4760 3188
f 3188 3190 4807
f 4760 4807 4759
f 3188 4757 3191
f 4757 3188 4758
f 3188 4760 4758
f 3297 1655 3296
f 4257 4338 3135
f 4338 4257 4256
f 4793 3208 4792
f 4793 4792 4791
f 3199 4792 3208
f 4792 3199 4771
f 4792 4771 4770
f 4695 4696 4698
f 4696 3221 4698
f 3187 4698 3221
f 4698 3187 4697
f 3191 4772 3200
f 4772 3191 4755
f 4772 4755 4753
f 4772 4753 4763
f 4756 4755 3191
f 3202 4825 3193
f 4825 3202 4703
f 4825 4703 4702
f 4643 3219 4642
f 4696 4642 3219
f 3219 3221 4696
f 4642 4696 4641
f 4641 4696 4640
f 4736 4719 3185
f 3185 3210 4736
f 4719 4736 4720
f 4720 4736 4723
f 4723 4736 4733
f 4798 3209 4796
f 3209 4797 4796
f 3212 4797 3209
f 4797 3212 4731
f 4797 4731 4730
f 4731 3212 4709
f 4731 4709 4707
f 4798 4799 3210
f 3210 3209 4798
f 4793 4717 3213
f 3213 3208 4793
f 4717 4793 4716
f 4716 4793 4727
f 4736 3210 4738
f 4738 4745 4737
f 4745 4738 3210
f 4745 4746 4737
f 4690 3205 4728
f 4690 4728 4689
f 4690 4691 3205
f 4597 4728 3205
f 3205 3204 4597
f 4728 4597 4596
f 3205 4692 3207
f 4692 3205 4688
f 3205 4691 4688
f 4799 4745 3210
f 4745 4799 4744
f 4744 4799 4751
f 4495 3227 4735
f 4495 4735 4491
f 4491 4735 4503
f 4503 4735 4729
f 3219 4740 3215
f 4740 3219 4637
f 3219 4638 4637
f 4740 4742 3220
f 3220 3215 4740
f 4742 4740 4739
f 4644 4638 3219
f 4638 4644 4639
f 4748 4495 4747
f 4495 4748 3227
f 4495 4496 4747
f 4752 4800 4749
f 4800 3226 4750
f 4800 4750 4749
f 3227 4750 3226
f 4750 3227 4748
f 4667 4706 3214
f 3214 3216 4667
f 4706 4667 4666
f 4667 3216 4668
f 3216 4665 4664
f 3216 3217 4665
f 4668 3216 4664
f 4671 3214 4706
f 4669 4671 4672
f 4671 4706 4672
f 4644 3219 4643
f 4671 4705 3223
f 3223 3214 4671
f 4705 4671 4670
f 4817 3223 4705
f 4817 4705 4704
f 3225 4817 4816
f 3225 3223 4817
f 4818 3225 4816
f 4819 3225 4818
f 4653 4778 3229
f 4778 4653 4651
f 4812 4777 4776
f 4812 4776 4786
f 4777 4812 4790
f 4812 4813 4790
f 4777 4788 4775
f 4788 4777 4790
f 4653 3229 4654
f 3225 4710 3212
f 4710 3225 4819
f 4710 4819 4711
f 4711 4819 4732
f 4710 4709 3212
f 4709 4710 4708
f 3226 4597 3204
f 4597 3226 4594
f 4597 4594 4595
f 3226 4800 4675
f 4593 4594 4675
f 4594 3226 4675
f 4662 4838 4815
f 4662 4815 4660
f 4662 4660 4661
f 4662 4665 3217
f 3217 4838 4662
f 4665 4662 4663
f 4808 4809 3217
f 3217 3220 4808
f 3190 4806 4803
f 4807 3190 4803
f 4658 4654 3229
f 3229 3228 4658
f 4652 4654 4655
f 4654 4658 4655
f 4657 4658 3228
f 4692 4682 3203
f 3203 3207 4692
f 4682 4692 4676
f 4682 4676 4677
f 4681 3203 4682
f 4681 4682 4680
f 4838 4814 4811
f 4815 4838 4811
f 4813 4814 4838
f 4838 4790 4813
f 4790 4838 4789
f 4824 4789 4838
f 4789 4824 4787
f 4809 4824 4838
f 4838 3217 4809
f 4824 4809 4810
f 4756 3191 4757
f 4756 4757 4754
