v -544.62458614989555 -173.28236715817729 89.351341022860481
v -541.79914217023008 -174.33503875189646 89.697148764432001
v -541.80552577105868 -172.35746273994155 91.267226807974851
v -538.97025093543073 -172.23863599202275 91.165351991288617
v -544.44561684882228 -174.35271695221499 88.190259050647228
v -541.76655277572661 -175.79109588568187 87.754276016154364
v -539.22136706140077 -174.55712069828184 89.347038963491045
v -555.7939264237425 -166.98424162284377 86.962887554133914
v -552.1011596937276 -170.46394526878305 88.444184999209867
v -552.07029347168827 -168.3000929559187 89.61527611057825
v -550.41539863575156 -163.78888565948802 91.781722156932233
v -555.41550273698931 -164.08924737584567 87.92788628289577
v -556.03810420677985 -169.88043868991841 84.564509665366529
v -551.82655227890575 -172.30850810167721 86.7858828581994
v -556.17540791419083 -168.95815727347141 85.393660735871762
v -549.04006016802532 -163.24853299758911 89.176336216658669
v -554.18828651103581 -161.29154410823475 89.208402729980037
v -554.83338426018281 -171.25305025527248 84.170265755157203
v -541.71723304342947 -176.72225730371107 85.404330570545881
v -539.01369582538598 -175.8339957035956 87.678235257565362
v -543.97728291356236 -175.71621828756525 86.009087872974717
v -544.5082194508841 -175.05140913219299 87.130110016610175
v -541.42359201323779 -170.86099540738942 88.695315165499863
v -541.43104572519076 -172.31100701331974 87.549494330767246
v -545.64863022324698 -170.16915772702768 87.461833274900712
v -538.74672958513611 -170.54142939348304 88.73769226161096
v -541.40421305396853 -177.14277098871415 82.801342143002032
v -537.14185092254172 -177.22647082941268 83.950744979143664
v -546.20204958565 -175.56483143639466 84.182508974399553
v -538.80566564050628 -176.72019260053347 85.69612029237399
v -536.89393313043229 -172.43995178452371 87.214564467853776
v -541.40386853726852 -173.40055880653779 86.090380484899327
v -545.75495230359468 -171.52949068986993 86.154564762101785
v -525.78769271028307 -168.10382615450683 87.472308084156566
v -530.25593442821798 -168.43648389366368 89.607928045845057
v -529.50699688392797 -170.03118188089343 92.003249346692058
v -524.3816299325822 -169.76196225216566 89.471070363447694
v -525.48550135555945 -172.26413698471498 87.935199651649597
v -550.69313387553996 -167.41714974727049 87.100584487100321
v -550.71995446024107 -169.01827042607871 86.230476984619358
v -555.11739935006585 -165.71641649480915 83.997197900253923
v -554.33365541639978 -163.41978431029571 85.136335871901167
v -550.51955501995667 -170.38156931610186 84.998756461273146
v -554.4218271315965 -167.586648052686 83.510209780362501
v -552.97665494476303 -160.78693348872628 86.485736685364344
v -553.44698217028792 -169.16595797304524 82.800747916507902
v -536.68009844146627 -173.65881068143224 85.628989656561743
v -541.3006213181842 -174.11318836511461 84.339669297759954
v -545.75369710887514 -172.4142516576336 84.783749362111166
v -561.87594384839224 -164.43369125016949 81.485332536499612
v -560.24965613465395 -167.45236927815975 82.343136472533658
v -560.55669779241259 -165.30118125269166 83.570308200078159
v -560.37646497310175 -162.9870512313216 84.386981809102963
v -561.81781454277882 -162.18421216500465 82.182052387522333
v -562.73957655879326 -165.69289671265764 78.378787591984207
v -559.47265446091501 -169.31656539948196 80.775793421663238
v -562.857445121311 -164.44176988647186 79.442444328807539
v -541.1250794828353 -176.91856298195665 80.129646953630782
v -536.44390480842867 -177.42942951967498 81.492331209007631
v -544.14290033247346 -176.30303633586792 80.878702807479613
v -535.77844787679385 -177.46885314963032 82.553400729744283
v -545.72902440698863 -175.95281493177148 82.262357218202595
v -536.27791703260868 -174.39130428527113 83.901117533461672
v -541.14194173152396 -174.39155086193983 82.420624575337655
v -545.08586642248417 -173.09610028789731 83.461279975669527
v -558.43399951199376 -158.48123120139024 86.312590262771295
v -560.56263923989172 -160.3938069274225 83.688914811103402
v -558.05826937309791 -162.74998962706573 86.151873198008971
v -535.78207189183274 -177.0553430275952 84.943782676793617
v -531.88145185311976 -177.69504098002113 82.777089569717759
v -531.32757224113914 -177.10668693239916 85.147864102468702
v -534.4528292081194 -176.79051082238777 85.845120024652289
v -534.01411879627597 -176.1153829086312 87.155618177058628
v -558.26988158947086 -170.7859038347558 78.95812219646912
v -555.36736595408547 -171.52199161642102 82.755704159339189
v -561.18917946285205 -168.37114468150423 76.53188039104279
v -562.26862165168143 -166.97735802594752 77.237845847899123
v -526.46095644068646 -170.42851709448223 85.827927044592784
v -531.66904486063424 -172.40444463353447 87.023887348175279
v -535.43134117870818 -170.29001068853896 88.692832250533158
v -556.32252285335528 -158.69472251258514 84.19888951485332
v -560.81925236141501 -155.88934969728345 82.268631826135817
v -562.1341188904014 -158.50642698202168 81.191910708480563
v -527.27942026896949 -172.59941194097715 84.100891019901141
v -531.79165580760662 -173.64112362091416 85.690885790887606
v -534.07705601081045 -172.98968514872888 86.496107299003967
v -534.59581639497435 -172.01612106857218 87.466704115913259
v -531.95515002098045 -174.46944373053972 84.078782018562535
v -537.0439842510408 -174.63857225955536 82.147606122430801
v -540.93702926622507 -174.21951624814753 80.444758305565088
v -544.83474902948706 -173.28396056362317 80.187043535107804
v -546.01193098245915 -173.06285714176821 81.620349569342295
v -556.81076908478417 -171.67604650708705 76.692943848703067
v -555.33873147822396 -172.2899376679388 79.50947284222238
v -560.06402648417281 -169.46922645004298 75.660599240296364
v -553.82306818546613 -172.7671805448598 82.01526393535481
v -532.47165774738903 -177.62430693158996 80.100540733106158
v -558.12369980295182 -166.1550256792932 80.789942576105645
v -558.34987235132064 -164.56434568541982 81.703457494074627
v -559.56388972497416 -163.82803679419126 79.761205555043887
v -558.21368451779063 -162.85201966761579 82.31231138303562
v -559.49054356343038 -162.1055741679352 80.361464565680933
v -557.54830323234717 -167.53159511420679 79.624886460667113
v -560.38628730448067 -164.7136225427372 76.994678467278035
v -527.54873240944016 -173.54705296483084 82.557650076778188
v -532.21425120214246 -174.88053190362217 82.320103248519217
v -558.98000879952667 -160.95266541416672 80.921814471501463
v -539.88927021955624 -176.22716839632744 77.615672778837265
v -536.8410004135693 -176.94100632099884 78.852137410715983
v -544.20811532657228 -175.95810406806308 78.920414905195898
v -536.73521272035168 -177.28861338818197 80.166403879931266
v -553.69667219990572 -169.81174360692629 80.841411568786526
v -556.65715103399498 -168.61413919262435 78.276106486190386
v -559.61528184180872 -166.13051309918984 75.985668620949781
v -558.58846743027073 -156.39599830113391 80.417844796769543
v -559.70813849306023 -158.7132812320117 79.52469067959575
v -536.82815227419076 -174.55731732372502 80.394804854427164
v -539.7514086726502 -173.74483739590011 78.628449090911005
v -544.27658748493491 -172.94167543380894 78.474547340029304
v -555.38761602646275 -171.84120468341249 74.228376867407135
v -553.00586284581425 -173.28656457442602 77.581120061902325
v -558.77678956088744 -170.21001053103473 73.821959670360513
v -553.08044583174012 -173.40482676983839 79.375162070866509
v -528.90417344155412 -174.27846375135172 79.839169699177319
v -532.51183603322693 -174.84855028348298 80.219353697543966
v -527.25487852950857 -173.94854521779968 80.536442448020821
v -554.02253184994663 -169.92887807805704 79.1426247163526
v -555.50200105654812 -169.33962563758303 76.82179056398374
v -558.11768964691476 -167.51124471666614 74.506416727583414
v -559.78212671514575 -166.24038134778047 73.921476448260989
v -532.55692134430342 -176.96344966004091 77.574627867801297
v -528.99660405287318 -176.73503603860348 77.538726168458282
v -527.28677298711364 -176.74257943110189 78.404958112470197
v -519.7107603724013 -169.5166159616922 87.163435057323909
v -521.14460896337539 -173.5389289133266 84.073427892822664
v -518.55870307943576 -171.51157051860599 82.841435300265289
v -521.31945099234827 -167.77116841534993 85.33668812246809
v -517.94414076091414 -166.24166234865098 82.282258483136133
v -516.04183949014816 -167.94079709011058 83.74666312292436
v -554.40499781426195 -169.42916782279664 74.791703666831637
v -557.22327633891848 -167.8852587760592 73.184953568872317
v -552.61957207482408 -170.61293846922891 78.085356140549521
v -543.03616551353309 -175.04884652166405 76.220243645187509
v -540.45055249380459 -174.7278705450517 75.159209534161135
v -537.19929149401355 -175.94917608218589 76.421622100117602
v -544.04604632092605 -175.54794215919719 77.621593328284973
v -535.78822020382313 -176.4714089542602 77.184417379072627
v -529.09405921016071 -174.15981279435582 78.550458400752106
v -533.15912842526996 -174.3276521506813 78.29103743070111
v -539.9687105748701 -172.47149068906802 76.565202326503012
v -543.51875013447511 -172.33640943662556 76.984925487788487
v -537.44443383894054 -173.56798611113575 77.705212448411359
v -536.68836782267158 -174.15272191135179 78.842781164281305
v -557.11594061033202 -170.04472661348683 69.736680073524241
v -552.89383983124583 -172.10868654526683 73.085247848097922
v -551.53120757638192 -173.55394189471798 76.488450461516749
v -559.47624112959932 -169.41919589323481 70.698021624252817
v -521.56106504521847 -174.94032199432331 82.094227331664456
v -526.3522921252785 -175.3948507872974 84.860279312070361
v -526.22315415635683 -174.60044120303832 85.979178208880398
v -552.67973247989778 -169.57417844628668 73.936214313046563
v -556.98518867503299 -167.1643717039812 69.592506800081182
v -551.33914751765144 -170.88073085536303 76.98473650053765
v -526.88263679020747 -176.4696216279138 82.577674799643574
v -522.31136639642659 -175.82412022319656 79.884309775342672
v -518.38054482960081 -173.51272493589539 77.282456876433486
v -517.5801455328633 -172.45697432145261 79.378727311646273
v -526.41740082939441 -176.00791854116466 83.653705181353018
v -527.9257102195819 -176.10068230019206 75.698513349959484
v -529.74145215966178 -175.65434156449385 74.71689043682872
v -522.76718473033225 -171.55770026104011 82.510896248914676
v -519.04473614515632 -168.43364169832768 81.041167054756613
v -534.29141747209962 -173.44464337493807 76.761482595816318
v -529.89087597377591 -173.21070944177399 75.832286020745983
v -529.22342803131642 -173.7368094426451 76.977202090139741
v -566.34035143428559 -161.83682114471145 71.684270384082296
v -565.03804081315741 -164.52228001147947 74.139945163757687
v -565.90087721882708 -162.21671805513159 74.932215973989884
v -564.39959358035946 -163.3649213469298 77.112858296815645
v -566.05551447136997 -159.84755453677616 75.700987107731564
v -566.59390457555173 -159.26032679961779 72.973772018882059
v -564.65733929191288 -160.61446381773186 77.839055036836641
v -566.98399297916535 -159.9351028057562 70.221736128136072
v -563.84929371722262 -166.42718295538933 72.798451919665567
v -565.35779373083381 -164.15482325663859 69.822094931541059
v -566.20686010216139 -162.60417766269947 69.779490509996236
v -523.02880527359514 -172.58708311149078 80.883912802263112
v -519.50313149711451 -170.39573515331759 78.530084696909569
v -535.02709440409762 -172.15274872968467 75.289352377014268
v -540.42055557160313 -170.91488408419758 75.07218174593946
v -537.02637410075715 -173.04801758071739 76.742102512319576
v -565.60676104464744 -157.481944759675 76.208123073562177
v -562.06902754597866 -168.02488033593556 71.555810020042301
v -564.32013318004101 -165.57089372779205 69.349098500452769
v -554.98292320735811 -169.76313563210024 67.97710775318798
v -550.8578184474178 -171.43158473243471 71.366660662389904
v -526.24683911595969 -176.60494530159878 80.840186312585615
v -523.30661226850259 -176.11378322563817 77.541337208652166
v -519.14728492085806 -173.9482316835294 76.318070631340632
v -523.64116684173518 -173.2505524235454 79.411573808408704
v -551.17664000912669 -169.06960336389477 72.67265344258854
v -555.12434420621707 -167.17292687672764 68.787712597731115
v -563.31332617892031 -153.17922032922198 78.040178285732566
v -565.47293852642088 -153.48141536187538 71.896203242081313
v -563.86109455492829 -158.06417019177954 78.7248408011137
v -566.59969078462041 -156.3198677492162 71.561961884345564
v -561.15736739113481 -167.82539448793807 67.401090164062666
v -563.53063085093027 -166.23413773159515 68.161697685441297
v -562.40111978586856 -167.12123980420967 67.701123997119282
v -528.48350787243555 -171.84722721077171 73.563831377738879
v -560.77790709862779 -163.09172790296273 77.818953616013147
v -562.6488748060093 -163.27221940618108 73.199414358450426
v -563.20594184593494 -161.61911012050564 73.934449737951653
v -563.99096881223522 -160.58605424196693 69.471556070282134
v -564.27360751148956 -158.83760242328492 69.620827869352809
v -563.3211207003493 -159.86623766889338 74.508924113616857
v -562.12694896189805 -160.59262248061265 76.327112733447095
v -561.79562731878536 -164.55793852445314 72.104538879550717
v -563.32406394106306 -162.24439649843302 68.003225461509672
v -524.41711871504867 -173.48133683831213 77.70039209620839
v -522.63003313085346 -172.48207812502565 76.462962961803598
v -520.06588250002744 -171.15820591459249 76.963568855680791
v -560.8544120071864 -154.09727408968268 76.636800078685766
v -563.88789407019283 -151.1445804837268 73.446237609664678
v -564.0059439052643 -157.00469608786125 70.230722870630814
v -562.9155209100561 -157.91737241207144 74.874698652333791
v -545.68132387660376 -172.61756070935917 73.123345690878097
v -548.89337025422856 -170.23164667737544 69.943521866652119
v -544.47015643965665 -170.8375581931567 71.483610319008193
v -560.19965586836963 -165.99529701072845 71.374405997028234
v -562.20146216878868 -163.7773399198002 68.368594717760487
v -534.93556693811388 -170.39369296549631 73.918716872787655
v -539.91828715385282 -169.59721452964646 74.180740507268879
v -524.44167720951748 -175.82337525431694 75.34170067449493
v -520.31307549618771 -174.12190603386711 74.117106792434029
v -527.94172455510022 -176.96797058659257 80.181416156375008
v -520.22819309943725 -174.42436109685073 75.636595652941097
v -560.23323768410216 -167.46912153947341 63.566620056810841
v -562.4454823419012 -155.22071431034857 73.107780617683446
v -561.47292332221127 -159.17004459157377 77.166315264522765
v -549.89042538791648 -168.07484972277859 71.408777697069667
v -553.29124085196906 -166.75889655030201 68.121380011805599
v -558.94455162128872 -166.43089191453529 69.548116573760794
v -560.90002649951339 -164.85704845703214 67.680682429339996
v -552.49572832785407 -169.20750786597253 67.066373857647136
v -525.46625530542724 -173.33083313781984 76.249680966032187
v -561.4460825668358 -152.2062960203111 72.085901475257586
v -559.01452413564948 -164.98465869314174 63.516701105282998
v -561.14869889252009 -164.07355676121261 64.105929479775554
v -557.57587438277324 -168.1210904979263 63.300653597887774
v -534.94462012230485 -168.6858485122043 73.146022640538135
v -539.68829788538949 -167.79591553894628 73.482369172132863
v -526.05613736287376 -175.02055147989006 73.165026687241976
v -522.80741278927258 -174.16600582107515 72.479641846007013
v -520.46534371791745 -173.53697060138049 72.208248306794388
v -548.4182426035228 -166.96158180793302 70.866728235831289
v -551.59244341403337 -165.94631625249514 67.632218857223975
v -523.16772776723633 -171.76591609737039 73.724596476107621
v -526.42417723392407 -172.6454160042633 74.446655712013893
v -521.85602835315342 -171.58093626833556 74.145290445646793
v -547.11524835547834 -168.5779590016821 68.900054632583505
v -543.39432866612754 -168.71131519378892 70.340436360029273
v -557.36755113788547 -165.43612200941007 63.666541962379178
v -550.18788087823987 -168.10837017249708 66.394865690129919
v -535.16701219412028 -166.97828704127417 72.805540925810973
v -539.4965577874342 -165.9274541182065 73.246599057634313
v -554.87613705391323 -168.17585350693108 63.120085607093912
v -525.44449238805385 -170.23881938453772 71.229784791814069
v -523.23507966500858 -171.08516189966713 72.350302190895547
v -524.43229806088345 -170.87979839493994 71.957406628013644
v -547.32319550279794 -165.48072706344189 70.429415727211335
v -550.12668584276503 -164.78250606488118 67.348775905269676
v -555.37814444461094 -165.47119029277388 63.537504667466727
v -530.20142174379203 -174.53823113290079 73.056051958343602
v -526.80520197109956 -173.27634926565472 70.800863516260861
v -523.74124142858898 -172.05340480259437 68.995196715086664
v -522.40810801429154 -172.79950315041742 70.117586427856224
v -535.37030320773954 -165.09837520340841 72.894577821870058
v -539.35418620108362 -164.10052227053424 73.487162362546769
v -545.62773363308611 -166.5665861638941 68.298448545147224
v -542.51678280869578 -166.36280967896352 69.761969248026702
v -539.24742832352354 -160.98716528982072 75.314513474400968
v -539.26953147361144 -162.42121362321581 74.19014274711202
v -535.34476337700403 -161.77625148704189 74.354079821313576
v -535.2532678533297 -160.52686194793858 75.72502450822688
v -536.1473813363134 -158.45403254214693 73.827062882875964
v -535.46850974424092 -163.33458801886292 73.438041704929077
v -553.47646965198385 -165.0641531638617 63.480053276906716
v -526.30311446282144 -169.28934371935992 70.448015843122832
v -529.35866906042327 -170.57747894532423 72.48656890931575
v -546.50665217561232 -163.82491929865319 70.342631797581973
v -548.9791082480034 -163.33502218663699 67.287410784327236
v -552.29176057159168 -167.62882585914235 63.036074337416451
v -548.19480522472804 -166.52913370015651 66.00277728845947
v -515.63467672145623 -169.36266952532742 81.293157662790918
v -513.59922602050813 -169.97362664858179 76.66322729162809
v -511.98760634318575 -166.1994847784504 79.971059757079701
v -512.00805155910734 -167.21937243173096 76.312814278985897
v -514.34213299024304 -164.60942935085723 79.022682757805882
v -512.17679641202255 -161.84734595368479 75.322616808277274
v -509.57217919616687 -163.05940980392111 75.566446645671959
v -510.59138178920762 -165.13869136544292 74.618645612262796
v -531.26699365769048 -165.11735891766668 71.10399710805612
v -533.4756432344999 -160.74923425954609 74.298342546936809
v -531.6054266183703 -159.34459489440664 75.162414923519464
v -534.21919032192216 -158.80496090673753 74.818720510312119
v -528.86692315890014 -171.62272768036433 69.652828599291951
v -524.87615659604205 -171.54523411911839 68.593359413447175
v -545.96481937753254 -162.12824880939641 70.644849772651526
v -548.27672200528309 -161.92512496237046 67.484988197444466
v -531.7442696548045 -163.35634044767571 71.608321426968672
v -515.86862703998065 -171.80647764521061 76.697043724418791
v -514.32112235919362 -171.07936964327942 74.525104402860791
v -511.9883878260448 -167.60041311644051 73.971516415228564
v -531.96573192518838 -161.74723702904163 72.490119818077389
v -551.76853222471652 -164.22442651903339 63.331333485615311
v -513.46819840446722 -164.33361206544313 73.897766769044892
v -515.92596312176158 -168.19481850518778 76.01348085950778
v -517.48534963345901 -168.31423010175774 78.52732395713214
v -564.80780793565248 -164.60168420630032 64.671817865561238
v -566.4760373685607 -162.48044311618963 64.69948232977849
v -564.87485729425066 -163.53095255326295 61.26444034006834
v -562.66056232614608 -166.39728922891084 64.579317404267584
v -563.94133403486796 -164.66434220330842 61.719440580159194
v -544.51851164540574 -164.31513066037036 68.174893511267058
v -541.88916974626056 -163.92962847622064 69.783200710741326
v -567.58085394421073 -160.13188106476008 65.115523243616096
v -566.73919060886612 -159.96660753772233 60.419802960614867
v -565.69197232359375 -162.33585066087753 60.935228758992295
v -561.17668525118006 -165.94619653256956 58.478636127400968
v -562.949426211792 -165.2344936317474 60.6721010233911
v -549.9744270415755 -166.51093022289908 63.054192910631123
v -545.87986484345504 -160.37816954100256 71.220408359228685
v -547.81768693042386 -159.95155751867907 67.942664101342842
v -546.63387322833387 -164.56180053183405 65.913673190652204
v -568.06710873950362 -157.65348755638081 65.511256282282261
v -567.42145068721561 -157.71681655043849 61.509455189730922
v -558.38923122811514 -167.01025252496615 57.879073584790767
v -516.49059815831959 -169.06585940563946 74.515563902952877
v -517.94938400713534 -169.64878850098523 76.680496956816768
v -515.28849504012317 -167.30989829695872 73.055199524111501
v -517.64673039908814 -169.11086846988533 77.508069982148001
v -541.67069275309416 -159.58367946143008 71.328168192500968
v -543.80992536885913 -159.86798812680402 69.064747691054748
v -516.16723986964439 -172.20989153114343 75.336092592536488
v -515.58344757499628 -171.85988164407985 72.58433332378921
v -513.83455630910726 -169.72433786372247 71.399109799661645
v -511.99364559647728 -167.65509863216843 71.370626288506585
v -550.36681905079774 -163.04285737789533 63.589212815004842
v -530.45651825775724 -169.67093895743363 68.915339408066259
v -525.54663758063464 -167.41683643609605 65.26667290248578
v -523.30611569773725 -169.19902164070049 65.871199272901322
v -567.90983201593235 -155.22110839388611 65.859390698716069
v -567.31475480458789 -156.18848620607076 60.417007026169976
v -567.12415340616189 -157.28427564687584 70.047028664376953
v -567.13229467973349 -158.6730990624595 70.246556930032639
v -555.81945086346627 -167.54859666660781 58.535247655974388
v -531.8276185345851 -160.34773195600806 73.605469926640438
v -530.36195985453185 -158.89799392106448 73.535067829377752
v -530.84485939367971 -155.42685838943544 73.58854138373772
v -533.29735879117345 -157.22711916854664 73.987717982933063
v -528.40631857327799 -157.1908238714187 73.787479160509079
v -562.61508917138849 -162.85835700600202 64.169397674588225
v -563.95366263936398 -161.28861895377727 64.697593260985713
v -562.99268529185667 -161.17855723774687 60.352470258205294
v -561.57266567976546 -162.81791380117534 60.519632930188948
v -543.85326354611107 -161.95544898699077 68.536823566004443
v -541.47634677213819 -161.6015068636423 70.410671550386951
v -564.77599577853562 -159.55299836342817 65.0086624026126
v -559.84152127038885 -164.01883992189278 60.556129953581717
v -517.43859059226679 -169.5794715683987 72.915629090050814
v -518.27824032917351 -170.11203266011597 75.739566379316841
v -546.35926292746331 -127.68807937419049 84.873234698447376
v -543.56594515444499 -125.40188625815058 88.309767229059304
v -546.00509418230536 -124.04113380400855 88.432752757701351
v -542.58067980170267 -123.42088137829796 89.485408457147742
v -548.33343318562697 -122.39943294508964 87.989768966282725
v -548.50373317203491 -126.46081511538043 84.153594801854183
v -544.55717867977205 -120.83632629628741 90.294906995872651
v -535.79714581383996 -104.59193389669912 98.96870940497449
v -536.10484305599482 -105.44401121493239 100.45132481925722
v -533.7382273527387 -106.85036974110059 100.46739837883331
v -536.23067143644369 -111.07597773632813 97.52139014209537
v -531.27033506599741 -107.97411227314146 99.992364543465058
v -533.44570423276377 -106.0341857792103 99.049123568979951
v -533.00197069308433 -110.98667858751686 97.886419682959513
v -543.67961742796774 -128.98051345638206 84.879781992707862
v -541.10631794450694 -126.38907787127872 87.758844375734881
v -537.57974045274 -103.21430541963436 98.500003310809973
v -538.45132947233367 -103.64042532881459 99.848390361424549
v -539.6740221824524 -106.51482563973357 98.160473806682006
v -537.83042714388159 -107.90866772373253 98.589965310650086
v -565.13988876252779 -157.71928748058863 65.305952599752018
v -557.71212016172444 -164.3784795082988 57.91876768854506
v -536.11195902033023 -200.7777497940321 52.472973125727876
v -538.66952181427905 -199.46188422115273 52.390869898432001
v -538.29257671611867 -203.31470604125289 50.658279156476077
v -536.43533194660392 -195.87497953614849 54.903828612735886
v -533.29906854757076 -201.34658844584399 52.343611283207814
v -531.43470671218279 -197.59600634835166 54.979305123116646
v -535.41647785895543 -204.16303792174551 50.518685448977294
v -537.41418656084682 -203.71391533614241 50.585950677101188
v -533.79921063600125 -196.65862628271424 55.307754112409953
v -532.05650026841158 -188.79052142500572 55.160420150835655
v -533.48778101759831 -190.24120284899877 58.57225581712607
v -531.24285484904738 -191.57606372175724 58.627914357078893
v -528.65250462655843 -192.78299366423533 58.192900809485892
v -530.40445383510621 -189.77284790334988 55.201370626719196
v -538.70310724346507 -210.16987626340338 46.525435313897802
v -536.88429794107321 -206.71054332891541 48.81819149294747
v -540.51922955419718 -207.56168025527251 47.911510103156509
v -538.847158511266 -205.52568488370116 49.340330195828543
v -541.40083604084134 -209.70839585545389 46.554938485417324
v -542.31686018727328 -208.06693274612076 47.113668344150341
v -540.70465290225332 -205.253046277946 48.988070208826031
v -542.78577836630575 -206.11783602989524 47.900416204583784
v -545.91814048280548 -217.25244613151051 41.503156217636409
v -548.26988153490697 -215.82069089668508 41.486682607910424
v -545.65976032573292 -216.53907957832877 40.192604527309399
v -546.5356423829727 -212.82057991313019 43.489823748011361
v -543.45074366706376 -218.3829302758258 41.041665884809419
v -544.31053548448074 -214.98019654320748 43.047954940707143
v -533.46213140122882 -158.4702483665703 71.959493687638513
v -536.19968498440915 -159.92574231214402 72.158663891182954
v -538.41363991120193 -193.36183478831734 54.836617220854286
v -541.54935947468391 -199.13280526682399 51.079045975738886
v -540.94278799542087 -203.12023641562416 49.959102672927855
v -535.64629859208901 -188.62437002627968 58.019477882499032
v -533.56386579270657 -187.66144971518892 54.7744070780236
v -550.46212195749183 -214.25204319521558 40.924990741664786
v -547.75867504129474 -215.30242783318494 40.157623264263506
v -544.3513887375218 -209.07484706091358 45.996620208435544
v -542.53365186229303 -211.58130711491671 45.299700623407972
v -546.95856704223388 -207.6086732220611 45.10658912165303
v -544.67686959632442 -206.71134962720555 46.671391442938742
v -539.73136537097162 -110.98240118000049 96.400610111278866
v -538.51180871483507 -115.12553474536716 94.709284932444646
v -540.94196649565913 -114.19826996029673 94.449884459317943
v -541.96609587643786 -109.45170867599914 95.729851378288856
v -543.13451921569617 -112.69341219920555 93.949139302875793
v -542.65124004170445 -117.08735311385803 92.552852244104031
v -540.02092240067088 -118.22294020332262 92.681522588242544
v -537.19284320315285 -118.55165073767286 92.622199644051022
v -534.73360632017136 -113.99924490189233 95.780474822453897
v -545.12266645277737 -115.52755730021613 91.889035934825017
v -546.67517481164396 -118.67537440336858 90.038751262032633
v -541.66849604237007 -121.16755381858692 90.878215505132388
v -545.59721885708393 -162.41192666442535 66.171063628227046
v -548.06053189343891 -164.8868917430072 63.173653437320056
v -550.19903372401177 -120.76166516572334 87.152026364282406
v -550.50979506382373 -124.776654068854 83.180896581288579
v -549.33959336439341 -161.54602858158609 63.749385180781026
v -530.52972291991841 -159.83649344117097 72.281679324585483
v -567.11228051359058 -152.87774335270754 66.153737425532654
v -567.21642462701254 -154.94296209271181 60.444490201418489
v -553.25387109402266 -167.46722050217434 59.164917562577664
v -517.27357138999105 -172.10471013894011 70.663372893942778
v -513.86531339617352 -168.71545665385062 68.618460713062262
v -518.45272221514904 -173.37748959212917 74.149957405411499
v -516.74352964794195 -172.54499001814816 74.392221557771634
v -565.01596262382236 -155.98830178032324 65.445325956662899
v -528.80902005244718 -108.76616464272797 99.047075975195582
v -531.28933825210959 -107.01607617212591 98.634057859099386
v -555.8184184323477 -164.76927390802243 58.405329576687031
v -540.1294835469489 -102.03911579232636 98.970388989681041
v -542.31017497321034 -105.84852343425146 96.364382400752021
v -530.80072471133587 -201.95129030579471 51.505784754507644
v -533.36108508294194 -205.70266347612218 49.13222695843772
v -526.18705818683566 -193.59686402833594 57.277367824770117
v -528.67990877447892 -190.56548492341736 54.895471430424607
v -516.87665528959349 -168.10696402031394 70.839842736656493
v -518.75944409038959 -169.79084822878457 71.562190372138772
v -520.15090443029874 -170.77475396947236 73.334416833596549
v -516.2723647252111 -168.02895645345319 71.564148172760397
v -519.10256419574182 -170.54331107967272 74.216459799239601
v -541.30191225518888 -214.99695134483269 43.276353021979652
v -540.98763012715165 -219.18364028713427 40.108427083217968
v -539.52974208481282 -216.66159716307283 41.79236756628967
v -537.94077991063796 -213.91280506835028 43.627705845675138
v -543.62435086492428 -217.4644239836621 39.816320076827786
v -541.29269642648558 -218.24206164710651 38.962343472376972
v -541.20833085286461 -129.38894993844855 84.870880053829381
v -539.01344484634706 -127.47762492417945 86.390952829502581
v -538.08089043497057 -125.28930853550993 87.911878878778438
v -539.67555319736766 -124.05560238027812 89.148007368390864
v -533.15073736417298 -116.3290456128471 93.726772078786752
v -531.57478118249696 -113.20718994127159 95.971174114873719
v -538.88845651809208 -121.68323408932267 90.708178768861302
v -534.55860648481303 -119.24917899201205 91.656135278392952
v -528.43464003928773 -162.24166667919135 68.806979191714888
v -544.4680013883841 -109.39856649150491 93.840277219832871
v -546.88361247214812 -113.33050692487316 91.039519309914539
v -549.67765051293861 -213.87754974265215 39.684954433398403
v -552.33229107323984 -212.49970138669858 39.919623855262429
v -551.33276929156148 -212.32675542478603 38.795256309808451
v -548.72415706948993 -211.24719549586177 42.931807333912879
v -544.57624818279101 -203.64359677497308 47.822198073520731
v -546.61699406133653 -202.21939257390312 46.546913439432373
v -544.63209083358117 -199.74603514681931 48.682465671478496
v -539.38397230621695 -190.17717499146889 55.040575494680368
v -542.43628266947974 -190.65704964836226 52.822607569387245
v -542.84416860281624 -195.76950663512659 50.864748544575811
v -538.05997991635445 -178.96364744552193 56.674150728869037
v -540.15052226583873 -186.57572058431239 55.07037750353259
v -529.02316206156536 -160.71175670397278 69.753747793834805
v -533.60122576160245 -160.25588243176665 70.491796119340194
v -536.14020806786868 -162.00860107523323 70.852958984269023
v -527.57867435276034 -166.16767892314661 65.638997015392391
v -564.43560420715266 -154.18323166658172 65.791612658684443
v -553.93078350482233 -164.70416484957929 58.872185852132048
v -548.75102114773813 -159.83527025243373 63.968961260744351
v -545.09970174814782 -160.14134523913702 66.703140200756579
v -531.3753327664873 -156.38390241602963 71.699692547780742
v -545.44833992910003 -130.12083482972304 82.575999461995536
v -542.87311252955158 -131.22138955831355 82.826397292879136
v -550.62172194780328 -116.58798795289502 87.139307116290553
v -551.80274636950924 -118.94978970596581 85.826804613185686
v -552.04263327666376 -120.69350115031433 83.726934344616495
v -548.20970593921845 -116.74790154748186 89.434422606508264
v -564.532194165394 -148.721345576635 67.93115130718121
v -550.84297116213406 -166.76959852857115 59.731482952981153
v -531.156301908876 -97.921005541214399 101.24443891025885
v -531.97890667789284 -98.809480345324914 103.21469306859714
v -529.91101697700901 -100.03827526466111 103.2286982161188
v -531.67836060488639 -103.03623052193572 101.13891089254938
v -527.612225333786 -101.06655751537461 102.7597645410392
v -529.50405534777974 -98.902833364911842 101.25566428760595
v -529.52199235679029 -104.01813223711071 100.72387542176681
v -533.84339449831577 -97.450087149764954 102.76088826247846
v -534.13079468580997 -101.94763250922944 100.86847947041176
v -532.52635955030405 -96.889617748938406 100.92353398151538
v -536.06913525588868 -144.79929514294304 64.148480393736349
v -536.85853693106935 -144.19763447437711 66.562126747463651
v -539.16626395343428 -142.26291174642733 66.229982318599738
v -538.95922144960593 -142.49066617480077 68.463641247401981
v -541.09444821405577 -140.74805546691061 70.149987707162438
v -541.95238534364773 -140.0493492434814 68.466178200536547
v -542.18756523986656 -139.30537049568858 66.304021525106364
v -539.25925764714839 -141.73897490020798 64.351846939245021
v -536.67988182199792 -143.88837169661483 62.643691423432976
v -519.93975329187117 -169.41621963871142 70.160596470464455
v -521.1646914139651 -170.7232115786264 72.40758432791111
v -517.48597600735661 -168.27107873318977 70.156010676334148
v -535.7238241830197 -100.3008763070503 100.63612891040697
v -529.13871854239574 -107.7081339838338 97.808116591688247
v -526.46185837240046 -109.19188150182488 97.672809746141922
v -528.7237108499902 -112.62121115832861 95.381916859132588
v -543.8710952202174 -213.90196587630226 41.978211471000868
v -546.13860187873627 -212.74564296378719 41.908226951586379
v -544.51852871617791 -210.18885809438947 43.658830638909251
v -541.69975577867092 -209.1717881397561 45.02029135349801
v -541.70675303607186 -214.80594829519151 41.583598586241138
v -539.64250687191816 -210.44804418405937 44.494122176699904
v -537.44746699966618 -202.33239338961755 49.678252800024559
v -539.54638006240407 -201.09573878520519 49.643273446080869
v -537.03820667041873 -201.18721237721104 47.537753493278402
v -540.61245030472344 -203.48930558826174 48.142248280258485
v -535.31235443553851 -201.97182555401514 47.21869382834798
v -535.2602671505 -203.32673981421726 49.273910308954029
v -538.31968836307988 -204.10920187798737 48.506452683028016
v -546.62963828650572 -162.87102340549171 63.524283569111184
v -528.31002057598766 -201.759061292703 50.682283531227448
v -528.4241605412393 -197.45813561356044 54.655251513233949
v -530.78702941209303 -206.04059860661914 47.810837129406139
v -523.8335049392806 -194.05393488750622 55.924297206636446
v -526.74688907020584 -191.18964979537628 54.156752482331783
v -546.15963143147405 -208.3823886249271 43.531325838487248
v -542.87011336129137 -207.37943729892351 45.542115573585292
v -541.46535926328431 -199.67089763553423 49.170655547900644
v -538.69438819367269 -200.21142952086242 47.510168171321283
v -519.1416961458699 -171.77001254055423 68.866681907168399
v -516.43262197731917 -169.61309301169803 67.416515097061676
v -515.46589810673072 -169.46964111680475 67.972533113317567
v -539.21545566783061 -218.63399276967954 37.75094454905377
v -538.64048483715294 -219.62652062510284 38.739666272526428
v -535.61638858546291 -209.89177259600672 46.312505046499652
v -533.49674127120818 -210.72820832972624 44.680971622241941
v -538.99425576979024 -101.84496115949173 97.764750422150826
v -540.1414926011538 -100.44331494944893 96.691251462563187
v -541.43101313736577 -100.41468241294888 97.740777509903154
v -538.95586677400286 -129.85011980758409 84.143933560337558
v -540.52651485714171 -131.91777764856462 82.633285919183805
v -563.08313224488995 -153.87309186697763 69.485268272733364
v -552.15891510233382 -164.18696934418321 59.292176587969699
v -532.26790651659633 -121.29352119013036 88.953592105263709
v -532.07362364997391 -119.1388573485078 90.580004981557252
v -535.89878172635076 -123.11440248323878 89.094725300989239
v -549.45867588111071 -127.09782591460484 80.949018505545808
v -548.40755669839757 -129.41899776035564 78.717140429802939
v -546.49862283529308 -131.12406973308015 79.779477095590778
v -547.09708612856889 -110.05877603150816 91.038277588198696
v -545.49150640412142 -107.12338358708509 92.95392888603071
v -544.06358166514303 -104.74313711257417 94.638984829265794
v -545.61027340249939 -196.47495130831618 47.972572754921202
v -547.74820116267756 -199.8523343878957 45.450704904940693
v -548.0803510514761 -204.82138626435761 44.852027452444545
v -549.94422841367361 -203.97238672070111 42.966617507891478
v -553.82256755497804 -210.68163892666161 38.486923527654938
v -552.3515433700984 -208.39878212662822 40.168839093665895
v -550.82061670177018 -209.66815144218879 41.679893055780589
v -525.62115720952102 -101.71480587576787 102.00583704179726
v -525.99909916176819 -100.25639202489089 100.23331418038848
v -527.37993787595838 -104.71146992980081 99.90697681674277
v -527.7810884615493 -99.687376725902269 100.92403152204957
v -545.02861692159229 -193.71222262346063 49.245687545772455
v -533.96610801011707 -95.543842481220452 100.21049622977307
v -535.49553192530038 -95.834381098053058 101.92069298136175
v -534.818208627285 -207.22494293278925 46.2746758921405
v -537.70418667872127 -212.20491742006854 42.952595432613791
v -539.56126940749436 -206.28082101153919 47.057777872731094
v -537.08477368121828 -206.23752942447055 47.317072281201533
v -533.69451308108557 -202.49775466748829 46.605721081043271
v -533.08040186080086 -204.03537331394392 48.447993176918786
v -531.54868904227965 -157.87383659763648 69.687746240467476
v -543.12047596549473 -198.12006923607487 48.280904582523611
v -540.15588996873112 -199.1262355976327 47.150186611641757
v -543.42123727463081 -203.33776662635151 46.807302958320513
v -549.7330219898131 -209.3240348277985 40.658500956589499
v -548.00453023884586 -211.11210862527514 41.570108940669414
v -519.62607470311946 -167.22752954769345 67.573825908951704
v -521.62163491258411 -168.93018106946883 69.18660269985665
v -518.20619743948885 -167.18560190068013 67.957283182717106
v -548.72853710381673 -165.49575492407953 60.201812945870593
v -528.79248024443962 -155.04652742538613 73.353568977727861
v -529.18983332997288 -158.3598248378855 72.288622338807656
v -528.17485058698173 -156.81419948786899 71.766618331651699
v -527.08977773669392 -155.20609227842075 71.046006773139993
v -526.29682981808276 -154.45167865302642 72.162400621639293
v -550.461333792343 -163.1484699590743 59.576857073049851
v -545.9179925312792 -160.74869782497953 63.616732061341267
v -544.02444735169081 -188.71616715192448 51.173679662319216
v -542.79659672254581 -187.11077190382659 53.089963038980613
v -536.5403422770579 -127.73981375746658 85.778090876661594
v -535.40187634044798 -128.79019233751359 83.915426138160967
v -535.38907702566007 -131.03419876459802 82.174336130863068
v -538.10604817232343 -131.99800036910705 82.246186752803197
v -520.9828584728715 -170.7916888262391 67.264558142188889
v -518.43607251362721 -167.98016586167512 64.430480536494798
v -516.92090594479339 -168.29050201271301 65.273209863019517
v -521.03032949092824 -173.08928208112525 70.896351307402256
v -552.97235203124148 -117.13768513292436 84.125407325793461
v -523.90179590124444 -102.02665620948645 100.99916219354496
v -532.30778992012313 -127.9037742041895 83.652723915546403
v -536.03912549873826 -125.39783448745581 87.419473644745395
v -551.97759718860493 -123.20875452995924 81.645256236370543
v -550.9023760089309 -125.41951036155123 79.470774583933746
v -529.87777813893854 -154.00780267729064 71.154849006512265
v -528.76214729518495 -152.87519318540711 72.852236553186543
v -536.92632848237076 -93.976908111894289 100.46613791481309
v -538.48277330272151 -97.359923146853788 98.674373285410738
v -535.01961307273518 -94.219105789427715 99.20104052370138
v -537.24489384754531 -98.839671128772352 99.842721701756233
v -526.89297495067467 -108.06360626477515 96.471482730279291
v -527.35347256263049 -106.59263436531151 98.118037592398451
v -539.42903604254673 -215.55797558809502 40.625818315710433
v -533.3164859550958 -208.8087102957858 44.138969393378304
v -534.89667507046386 -211.55160129063887 42.303362248778541
v -536.83993723080073 -214.36459243009404 40.639685056272924
v -531.9532305380344 -202.84024592489735 45.611142890951399
v -531.00316027573399 -204.42730300688277 47.236595208146696
v -523.51172356625932 -168.00576814869967 68.501082763230798
v -519.9952257706434 -165.93537508943766 66.100479581174156
v -524.22333089207984 -109.21212761716268 95.808727385385424
v -526.89866052013895 -113.49510829503609 93.001692837619714
v -525.8759492263124 -197.73400575513909 53.402017045267741
v -523.98500354283658 -198.05238118849189 51.596221809119669
v -527.22326204474075 -203.71634410279802 47.578520108527577
v -525.19030473238331 -191.45769554217546 53.210565157957504
v -521.69467345622525 -194.13421523556104 54.19283418764325
v -529.23182730525173 -159.32525492633377 70.957888722530512
v -528.34847628909711 -157.33954353410752 70.703768200219372
v -552.71243481733143 -210.61284799986623 37.422790729030829
v -550.74509708557537 -207.19203605584897 39.692305656543752
v -548.13327468806483 -206.32131423081097 42.521745603370555
v -548.98704630648513 -204.12054043880164 41.718075040662264
v -546.34493881429648 -203.46178613166862 44.57199172156173
v -547.18727816534238 -201.09392823174579 43.811100905850481
v -541.44829526168758 -197.92551741122955 46.470776335157211
v -544.43938436097631 -196.51106880061758 47.012968765230951
v -544.55660294052814 -200.60225803252612 46.622237839752906
v -536.26474499253879 -219.62359574871829 36.754897072404042
v -536.08011589981754 -215.25847138986373 41.628390399141168
v -549.36173774763938 -161.94106449368482 59.898157396079618
v -542.60929479200399 -98.417398948150861 95.872000006680565
v -543.4943938332417 -101.54505563090936 95.068777244764675
v -530.13785732184783 -119.11473490705765 89.045752231083128
v -528.45403481896892 -115.91730278671807 91.414667314484859
v -530.42708131019629 -115.91808535806933 92.984116459521601
v -547.10601981031095 -163.79774082918726 60.638624391650715
v -546.90296070679892 -105.93019939899796 90.829259085915041
v -548.85507146054954 -109.37251088110034 88.604221117124183
v -548.97198474006768 -113.69496733120732 88.933431681520574
v -554.8678512473623 -208.87729080884327 36.689510140183501
v -546.65555461564759 -194.67059890159493 46.175162231103073
v -541.16933254372907 -136.11425227424417 78.350188109810205
v -539.85592144464488 -134.20839368604223 80.598226291117044
v -542.29964657278231 -133.64116613229663 80.534446576473044
v -544.53741693073687 -132.55359028525558 80.278764225543583
v -543.05686691899177 -135.99656217851401 77.163949735814825
v -533.16030088993637 -101.59203070206758 98.735931471902859
v -530.19449529597841 -102.98711715927919 98.578287171325357
v -531.85438929594216 -102.64503129432265 98.602611203938267
v -544.79068802303925 -122.45182022912428 85.001048579469455
v -543.0334345841635 -123.32643539625077 84.962115122717591
v -544.64670258736396 -124.07577926590437 83.603138726799216
v -542.89928291805302 -120.99880160186302 86.015786127438957
v -546.46596931416252 -123.09822537561404 83.018221923102203
v -546.35052207113836 -121.36339053698633 84.721360818667961
v -545.69772326945963 -119.36350573041955 85.630865723518568
v -544.82246777246996 -119.70910334227835 85.873376512713051
v -544.09133328621613 -119.99090084231057 86.216923668867011
v -539.0609839804082 -136.87371529091806 78.235325224109943
v -536.87856379573736 -134.4111048120634 80.117286674399878
v -524.82931327590484 -166.79196916692956 67.967814938733142
v -521.71292328918173 -165.57808820178937 65.946642489817691
v -537.0733228092306 -107.50653606337093 94.424001591159339
v -534.96724880646366 -104.83696382061615 96.50745843447325
v -534.09868333457575 -107.0271724696985 95.61284834623153
v -533.03056885264527 -104.88555872676419 97.086221942805352
v -532.26956881906369 -107.312381097692 95.609359727719976
v -534.2670934374579 -111.35061002465737 92.745000433749908
v -531.40273408439202 -105.19410500987006 97.049345759001767
v -536.32591190167432 -111.06240109748286 92.815577759375145
v -536.89056068914533 -103.96249111439759 95.89191479314141
v -541.37632673974144 -124.10543536797769 84.521671705298715
v -543.08444159317492 -124.88119934132848 83.575019807528605
v -541.27296854265626 -122.90590211455581 85.181192667195873
v -541.65956745976075 -121.78263458753432 85.802184434993563
v -542.45716930631761 -121.18873660874037 86.134693247638239
v -527.52363712669978 -157.4871549443094 67.827515516450688
v -520.43955729857453 -168.27286670100932 64.643497565917443
v -546.1320955370411 -191.46264824791564 47.369671577364457
v -530.28436377714638 -154.94309907937537 69.179419743306056
v -533.24100941041274 -194.09059192941504 52.211528976531994
v -531.06497380681617 -194.74977288362402 52.097397420352621
v -534.95461105650872 -197.64699526659484 49.905175354264301
v -536.38043032938276 -196.19085314291584 50.190326855964777
v -534.57258978932464 -192.56349497775381 52.464414910174369
v -533.37639951415736 -198.34318123737501 49.626729899205799
v -545.49522045301785 -133.65642056396149 77.328666868689396
v -538.30844278571169 -195.87366401359316 49.304899360031939
v -535.9882428762071 -191.45904585285788 52.06363899392764
v -539.22153652355792 -116.62687146145012 89.043217113065722
v -540.84052123015056 -114.94135911800902 89.545166473113781
v -538.20555589362039 -113.78744905489577 90.890622024249666
v -540.56927152405922 -117.5425388231634 88.206687498225293
v -536.41772612419868 -114.34073830590231 90.712998241358903
v -537.52132788914764 -117.26727561444231 88.673745224652322
v -538.88103507408789 -118.16108254761446 88.011314970640058
v -539.93185661336338 -118.60348843794043 87.854595499073724
v -548.49898076179829 -160.34287920515851 60.048925832858046
v -547.6704962348133 -120.01618422514463 84.165781195622031
v -546.28593272930971 -118.53590257179275 85.319370879158868
v -547.79260381329391 -121.93801067668727 82.412783944599056
v -541.52366035369619 -116.86709464930033 88.403741661332376
v -542.46133811143022 -114.52249715852551 88.933967948597683
v -541.11436715565253 -111.61506521028831 90.742105117321103
v -538.58632476716605 -110.81259033866147 92.312977896629789
v -528.41628835551626 -103.81382219002406 97.817420036052027
v -534.61271453137749 -100.44755817390281 98.449725823309961
v -530.35252661491393 -107.48893707778102 95.224891630921206
v -532.30981002618591 -109.41977355121917 93.984946032335557
v -525.81234618021381 -105.32565774291939 98.671823513333905
v -523.60344259217368 -104.90086746956587 97.5419740821429
v -524.72254737642572 -100.487947074453 99.485902453845725
v -521.9054615096926 -102.11686704883937 99.440273021157708
v -539.82876228651867 -105.41804393781666 93.285232821561181
v -537.817093135601 -101.87096132050783 95.674335440097622
v -538.54977075668955 -106.52490924113023 93.994533459277676
v -525.34566044018891 -106.52589362010806 97.033377150782059
v -526.30333643014376 -106.62301768681949 97.653910339965961
v -523.03836791401375 -164.8586745648071 65.752796373754961
v -526.00873332363062 -165.1888021254961 67.608025979309346
v -539.47947583843302 -124.04918422246483 84.133942548256371
v -541.30191419591461 -125.56046021534178 83.196319576779885
v -540.55436550610534 -122.94950390625534 85.104067982035502
v -544.93770884408309 -187.03580652208453 49.564701937958382
v -544.30301163018964 -186.04811845183841 51.668281081695739
v -526.95386390320687 -158.53414013912052 66.43423135808149
v -529.24267786153212 -195.26493649701121 51.456390476950119
v -531.7489507251579 -199.16841682852848 48.825821054641409
v -553.07508636867328 -167.90288667635494 55.200615989937333
v -555.32939143731767 -167.67600620757864 53.839772366428164
v -525.22636494710719 -108.11575399728463 95.084168213679789
v -537.33161329221264 -218.69209756329673 36.207013214197374
v -535.32348000140121 -215.4382725885778 38.20418578057668
v -531.09924985540124 -208.06752674450885 43.175849283728539
v -533.54435153926534 -212.01385319171669 40.723442873867199
v -529.10350513792275 -204.46876022516398 45.653497497579622
v -539.24077597347809 -95.327333889327605 97.34401368348054
v -535.72466937530953 -92.966958162000594 98.001026336173652
v -537.69643522873855 -92.609236882557298 99.155389516345565
v -534.96627595006623 -115.72683503700608 89.380675075256448
v -536.58738652938916 -118.27082512402319 87.676075077354994
v -537.8778472887285 -118.09132256185811 88.132135660269
v -541.23111380285764 -98.605117133717755 94.975762027419648
v -533.6328483826685 -134.03993268015398 79.730534814962468
v -535.00562040206432 -136.18147833054303 78.536148993497235
v -553.16761331003386 -121.2371850393374 80.043421072086318
v -539.98585514530737 -195.61290554409055 48.109660230576779
v -537.9493188885458 -192.27169504383977 50.384247720454262
v -535.67070039990767 -181.56209601282461 54.110413415954241
v -536.78421167668398 -187.90729216194813 52.327415581336858
v -538.16193681612253 -183.3805584157202 52.444114682182509
v -545.94365287813991 -161.7891414094816 60.638305127216263
v -550.81557841626181 -167.52057979756569 56.370468427005967
v -543.72164237167385 -116.0441988035291 87.578552851066974
v -544.14115995528289 -113.7069507420082 87.996268156437552
v -542.37588727649199 -110.25324115232139 90.15865242261917
v -543.38803044585165 -117.80026865470296 87.315471373798744
v -542.36011349686817 -116.85985622434006 87.957448109919738
v -559.87525247984559 -166.10022367825962 55.602243927148734
v -557.44648557615778 -166.85454501281029 52.367602055464587
v -543.64005271130964 -180.15009855300411 53.476971409011483
v -544.92235909026169 -183.05638897167208 51.768543501254726
v -543.32172402459219 -185.10870123545516 52.966019131120653
v -540.75606453700402 -181.55672116272103 54.84900968111392
v -523.06704458244883 -162.03787528637548 63.78391485298792
v -524.68446556828292 -160.9675378726289 64.374625132897677
v -553.57674480391256 -209.12089126820447 35.936568947930169
v -552.04166865300022 -206.3928159645352 37.670524651879177
v -550.09231626406029 -203.32118744781295 39.998583133246257
v -542.54595506438602 -196.64494712817736 45.504443445993473
v -545.36446427508656 -194.91419672826737 45.422217697920885
v -521.86720290189578 -164.3897565719804 61.392230633411096
v -519.41980045808793 -165.09628761832181 61.430442077516588
v -553.66421625414421 -115.39300602612768 82.1113992712921
v -553.06998267063773 -119.18743508613086 82.084414198939839
v -551.74314920486211 -114.51639275865467 85.337101113592809
v -548.87580612247859 -118.91413818856847 83.060700320909589
v -547.06688198317215 -117.39361713764009 84.809899640984327
v -548.65242676703235 -120.97329098615434 81.651413651089243
v -546.69492937377481 -117.51946268480251 85.265397749874538
v -525.45690315303625 -102.32560578328275 98.059806060835399
v -547.3807403226308 -131.82007637669261 76.167219290438666
v -548.68354330024647 -166.55048353050239 57.280498748379109
v -543.69754550873631 -129.06546212737018 79.047817328429218
v -544.9619456462799 -125.71835202264865 81.97541301003271
v -543.16179872669409 -126.7480662940539 81.875556775225149
v -541.37347612211488 -127.62466367278903 81.411907867452129
v -542.17515443845764 -129.50683511013588 79.546185022932363
v -546.58141655718657 -124.83306021424174 81.315083027536446
v -545.28174611286522 -127.82491280928878 78.808546741150849
v -529.81168166507587 -109.90420395305023 92.682374729142339
v -531.10796289059067 -109.58364609960086 93.567876785057678
v -528.70675390840506 -107.54670527213707 94.490459357739851
v -527.06106367589337 -104.82214202832861 96.373894213430304
v -537.3096144490961 -98.372303026106067 96.487088325319789
v -536.01830270916525 -99.024997491440047 97.784344053784508
v -563.20502199323346 -164.20968526246898 57.442206599602834
v -561.59742460111863 -164.90648752155707 55.383491199605182
v -527.62550995993411 -150.29626547647632 72.186812005613959
v -528.93763211956048 -150.95077010276702 70.571372040623714
v -539.51226292353692 -101.86079950864053 93.892902484780535
v -540.61313537621277 -103.73958605733773 92.593138559629935
v -539.81244077379347 -109.16117148470499 92.343866744832013
v -541.28532179970591 -108.04666823077977 91.535882786626587
v -542.30904439449114 -106.99453243444646 90.565234171726189
v -527.12327578116208 -194.69219234224408 51.099495526083004
v -529.90170283496047 -198.87202087987515 48.375582982962499
v -522.51089455926717 -108.88675703471813 93.893780260213035
v -524.48180384729471 -111.81177146395125 92.202096585096456
v -529.00406586137149 -209.44771158364523 41.649243471315145
v -527.16534199868215 -206.14971450510438 43.94461049174938
v -529.80919850514204 -208.04036767439356 44.80058525830583
v -532.27176262571243 -211.89961668794177 42.405684417710539
v -523.82108232265546 -191.50909926507885 52.102148881886748
v -519.86406878764478 -193.83423933707883 52.158687684958416
v -537.93136110376167 -124.39329648304805 83.079142644451366
v -539.37834848114062 -127.15262443294036 81.474006522018456
v -539.03013573962437 -122.32663832454671 85.312056259455787
v -539.67999369508198 -122.8114484807368 84.988695415742782
v -532.8066561400733 -114.89839272015288 89.293476137365488
v -533.95482581103636 -116.86078156263362 87.980538588441703
v -535.49498744448931 -118.52612618206948 87.401904038101861
v -532.31113552557406 -111.45353777831122 92.305836393011219
v -531.84985424550689 -113.14956239053251 90.516290888786102
v -535.72347944867408 -218.41381945485648 34.397973679017582
v -534.69475359525643 -219.37770693326917 34.950963458068486
v -533.24604956719304 -216.98680302569576 36.37257418969417
v -533.48407105900412 -214.75704162289037 40.049008822896212
v -539.83188447544399 -131.07197176439715 78.576644035510654
v -540.97184132190785 -194.23792048018765 47.238409561771107
v -538.95184805150825 -190.46123439162324 49.512650868583961
v -538.41402333867632 -190.05092602392236 50.581756573648669
v -544.86982182670113 -111.82230545662998 87.525042016394195
v -544.94437508770909 -114.16599703868519 87.070779419173363
v -544.62432205078778 -116.06723416176648 87.128903366202792
v -545.41234122159563 -116.40834529252605 86.306335864237283
v -546.59652609485386 -126.65736633383017 77.974042892430759
v -547.93425957929776 -123.65304257688996 80.612990765406977
v -528.28714279105122 -118.9004695152515 86.790160124654577
v -526.43613778285635 -115.38207201394349 89.5014585553633
v -530.67801265040475 -121.37470515071479 87.635940316590251
v -541.70824641770935 -97.074061944965564 93.182886595597637
v -543.19438909454971 -96.595830734197762 93.753677169359023
v -544.28813488679225 -99.566648624770977 93.045987027292071
v -544.9239415443692 -102.10427338471379 93.060190987759526
v -524.25851587650936 -163.15514090594363 61.656502179373682
v -545.78701291546122 -100.88707007775005 90.544153886023665
v -548.20935299347343 -105.05517269473309 87.759506707445752
v -546.8042377578297 -165.04903010737752 57.876733105226492
v -555.42245639292355 -207.16552926884674 34.605959907509231
v -552.77206394764733 -205.06292279597682 39.008237154567198
v -547.21014944320405 -192.95885000172717 44.09160865749994
v -548.51331357962999 -195.48576154153679 42.733600765855002
v -549.29440164099469 -198.97935711801898 42.988691397258464
v -526.4998095385979 -153.20479513532848 70.336663299510008
v -525.24644889907518 -150.96998241113965 70.5446609536002
v -564.60538472645419 -162.28214938429272 56.2195784811815
v -553.03350294780137 -165.1760120429966 54.339982139147011
v -554.69230596717409 -165.01481046626992 53.336104327135359
v -534.1895359210705 -125.46230322082089 81.669078498185485
v -530.47379263560538 -127.45698266465952 81.503861760736953
v -532.85877850440068 -129.56061370449555 78.93316387646027
v -531.21588881736091 -123.48116600502837 86.366473443823523
v -532.46218938321886 -123.44818503175298 87.327179228970294
v -531.91790550392705 -130.78134919617983 79.924986585140744
v -531.42064683005867 -131.58585613646085 80.967487233865825
v -537.36345686240293 -176.74142694484576 53.562157000151139
v -539.48471302214944 -174.0088191755776 55.799735629106877
v -542.20453488123576 -173.56570264459995 55.060968940239739
v -542.62810313312934 -176.80497035722109 54.433223229181365
v -551.37289793374782 -164.88998555915043 55.202522841766182
v -556.25290714821199 -164.41578452348861 52.249250192271838
v -559.09285904535091 -163.60559376260724 56.490900417991384
v -538.27726909939747 -139.30082522315541 76.074958663681741
v -540.22814450042029 -139.52369224567005 75.152721094441375
v -537.90749044246286 -141.42751565576319 73.285679247239713
v -533.7677266424181 -142.23448703048967 73.542073460830963
v -532.41019390550923 -138.09146725211278 76.717258289127813
v -535.19438592227141 -142.43019049294438 72.950770279259544
v -549.61869422490111 -117.78464629652109 81.960508264408048
v -549.13064875353894 -116.37821798587534 82.434721574679088
v -549.55616047678268 -119.63841514795641 80.453994034025953
v -548.30472592743274 -115.88947043210578 83.360003623339423
v -547.84959097870444 -116.39664905319037 84.166923212759386
v -545.33205132092394 -180.71536201265877 51.928041280817617
v -545.89456572081485 -183.04609905186436 49.884564429274207
v -529.24869820551964 -164.07275872152763 66.022050980189888
v -526.4569758820511 -161.70927123736604 62.452542320743284
v -546.68248649305667 -189.79782191393298 45.081579092139677
v -522.93670298633663 -100.5660287721864 98.087626850479182
v -536.52673226386071 -125.49306312078745 82.401342156991234
v -536.9931331464486 -126.38824709743253 81.549493039052464
v -538.32449374170062 -129.41776460386765 79.632477580185707
v -536.0621715994771 -129.25006627612322 79.359841869236732
v -520.10094250954819 -101.81763635085673 97.484910145487675
v -521.74599466968687 -100.33979928205082 96.756095140798621
v -542.09314106210468 -139.20974044877448 73.914040382824822
v -538.74381848946621 -141.96764478333426 71.31412754306335
v -521.96411964620881 -104.96062843622587 95.308559506880385
v -523.61954104812844 -106.39258368396868 95.382364819113633
v -524.39967645105207 -106.47140704038539 96.344026407794018
v -527.45877284381879 -107.8180878512901 93.232854021729111
v -529.2237290061264 -111.6025280724173 90.089423474495021
v -549.76348953101387 -164.08951131086775 56.013266422403966
v -561.0836433163679 -162.34528267050462 56.999119193174522
v -559.35411449403216 -162.87948203463071 54.070804061015622
v -557.62458567169642 -163.41368139875692 51.142488928856721
v -523.47038045431702 -107.73066998863885 93.046723477719837
v -547.46101562004071 -125.69251353985965 76.72647493594954
v -548.95546309545875 -122.49410396801088 79.718036262227599
v -533.03918390296769 -213.97679581262099 37.047222746791199
v -530.46675523424176 -202.88609350935687 44.39287453530801
v -527.51118405657735 -204.2071296920596 43.883624338110501
v -529.12745544241045 -206.61420588882561 42.586354612009792
v -524.94292444545169 -193.44980673363159 50.806359828592186
v -526.96959950381574 -196.92381393597691 48.493233705326574
v -538.15591695603746 -97.103774822057972 95.128652462315316
v -540.41859455346616 -100.97970219760936 92.45932608631631
v -536.1058890966998 -91.743635564343819 96.568473983690097
v -538.17529673105912 -90.990659417088324 97.23839046594091
v -540.10602824291254 -94.356211293782962 95.077421308066278
v -549.11115878980195 -129.11492379612082 75.809458342024712
v -532.50264387692948 -116.5768528310544 87.111293495310846
v -533.99372683842159 -118.89163047812835 86.48009979452199
v -527.58247461069845 -156.32876310254588 69.224986577161886
v -527.07539760485008 -153.85560891866771 69.126724836268892
v -536.10438717887109 -123.35220306131046 83.880758497752566
v -537.48011464739136 -121.82526665168504 85.022258695408723
v -545.45246985248048 -185.498936502041 47.610260729997634
v -541.81844219754612 -192.80425275508478 45.753174388751063
v -543.20044816462064 -195.48012673949228 44.325249773522955
v -540.54272907208815 -190.65226951573899 47.217228931725877
v -545.86809153090121 -177.84865530576783 52.072195998405462
v -544.45839642347289 -177.22947837499586 53.381043723849096
v -553.77216568967958 -119.44645046698429 78.121323362677913
v -551.47839856078122 -123.80997684189745 75.727118742608738
v -551.31052045872593 -124.7525547766774 76.6808871791185
v -545.80524973843058 -112.75107665207918 86.243223732733867
v -545.6643560814972 -110.62359801373023 86.352405051439348
v -544.57374480424494 -109.7054995094844 87.716159562662625
v -543.6644013646312 -109.20570766591563 88.970820712553689
v -545.61269133288215 -113.6184403993427 86.625471891609067
v -539.7203252517719 -189.05617716915017 48.159129769217088
v -539.65840835387462 -188.27220191789718 49.624367781817469
v -548.08444982678986 -199.3667977444079 42.143921860115185
v -547.35373687007848 -196.27823971914489 42.002332537014183
v -550.47469723370716 -201.39054225795849 38.24257604818564
v -554.0123251912828 -207.77650113605739 34.300181183257713
v -545.85527281800387 -193.39928425382448 43.578250696033379
v -545.03616089733885 -162.73969338289712 58.433670748791371
v -565.89752727352163 -159.80133401068451 55.724082677613637
v -548.4268680193976 -163.06777376872435 56.314199552216294
v -560.09502973407518 -161.98922731220662 53.50430712858185
v -534.07956814367913 -123.18719154568524 83.32128309357023
v -544.66739624740683 -136.00529668031902 74.826902161544382
v -543.50856686383668 -138.77535794182108 72.255635031183687
v -540.86592143125279 -133.00786006931412 76.600346562502722
v -538.80066250274558 -134.33051944515014 75.942131945670354
v -542.4387664987064 -132.3506530264311 76.170158062203797
v -541.53457799803607 -134.76393657187018 74.022618767582046
v -540.2123949612635 -134.9822636046631 74.866390970761884
v -526.32350738273703 -149.11229956745589 71.217839061648917
v -552.39250019464612 -112.91501575689587 83.361440232795502
v -553.7924959101905 -113.69745931119175 79.928967886317267
v -553.71819097191189 -117.41972824655595 80.116361316985007
v -527.35687905599821 -155.44660043153519 67.291640728502458
v -527.28606580156736 -154.39011581411663 67.920666898651575
v -537.34316670307862 -131.81494447997164 77.797060772116822
v -550.13924290105251 -116.41263811904508 80.586694710523403
v -550.13617046106128 -118.06522576580164 79.071216496989223
v -546.97955984301791 -161.0219212308692 56.941296539167958
v -529.31616385484938 -139.11322216854964 75.878723730696493
v -530.50093623081625 -135.33089650853495 78.216254549793874
v -529.99073216037641 -141.35819419865845 74.575424357035885
v -530.83418904547398 -141.62980804496834 73.863223273553999
v -548.14423541368205 -124.40206134422323 75.624593151030126
v -549.69468981866976 -121.2981265543621 78.434007666912692
v -544.07937804121639 -130.86145477299988 76.00027986874187
v -542.68457837735775 -134.03107947814667 73.3768247941087
v -523.179808128074 -102.50268065683352 95.472723023622351
v -524.27186457029904 -102.69656992451735 96.667063292368766
v -547.01952695670013 -178.56454543926148 50.102356065607786
v -546.80072981640114 -176.02147781415391 51.2839065651822
v -545.51913583152827 -175.11584989214131 53.005740091550074
v -546.3477473946823 -174.49427509566857 52.416035465760288
v -524.23117540247983 -104.69203320036794 93.599062801585433
v -526.47190152302153 -108.34079192562525 91.194470321175089
v -525.40378338762753 -104.65952024619222 95.278728148585486
v -525.81694316034066 -205.80601432435643 41.303868702120269
v -525.04380236156169 -202.55211327919895 46.284461980189519
v -522.4723034157945 -191.26706477487173 50.571934430848955
v -518.42163891377061 -193.16712146037332 49.910745220856619
v -522.2670583383607 -198.02588533018206 49.308971950560547
v -548.07966915181851 -168.14530405422082 54.684210565002388
v -550.04362781126315 -168.90433962294296 53.312552482610229
v -521.07974497356952 -108.16924072754351 91.654120053645642
v -523.15413111221437 -110.76181250927429 91.33078941075631
v -537.90653867653839 -94.838877342736339 94.461212735194152
v -524.35101961901307 -194.44295431875952 48.491539214702655
v -526.24130238285795 -197.62128347457175 46.423151098008262
v -528.86423417102219 -199.64330078113102 46.771553916201555
v -530.05159989979063 -136.42049678527002 74.41625096256891
v -531.65900730910823 -133.25552819911678 76.466544855737624
v -528.77846835460025 -138.66355658353658 74.68862122509988
v -534.81223139403755 -132.84497400035789 76.954141313855146
v -535.32828514352127 -134.08875185672673 75.927182735467099
v -534.46137646368356 -217.81135361906632 32.40298628148669
v -533.26865573900466 -218.69694965389795 32.696732821304366
v -566.93864705395947 -157.90847284810877 58.672453954575545
v -546.81792079911918 -181.31736943589425 47.688205947715872
v -529.19785444643139 -202.66652464839905 42.965458386408358
v -528.34824552823659 -200.25246868600212 45.402009266932239
v -546.15308168624085 -166.89155678189005 55.610492814839191
v -524.97166886122238 -114.71275851340656 87.186393792646911
v -526.87225260177274 -117.99513219635401 84.804721419059504
v -529.29847360520455 -122.89425099260009 84.302656805187382
v -531.0579637083373 -116.33584322393688 85.548844445147523
v -532.993905440503 -119.13687229045706 85.547532026338388
v -530.85765588607137 -114.35290682589203 88.192053193982503
v -543.22590286921275 -95.009171258503727 91.504133366561277
v -543.94793797587454 -96.911386109529516 91.564107655220511
v -544.53326729565629 -98.608109683019734 91.821337481269495
v -551.92987595313434 -169.12440619091095 51.576551229681513
v -527.2132277178556 -155.89578209992385 66.172355215433555
v -543.62576127575676 -194.28268686874338 42.900062999431583
v -546.35149882115786 -112.06168197898675 85.581569363615813
v -545.19786569416431 -108.82081365641089 86.662333337404618
v -546.23957538497962 -110.71801768671774 85.20399547308395
v -546.01961584100707 -108.8635156227309 84.918774715038793
v -509.92742395034935 -161.12648664145144 73.700205802211869
v -507.46794234365217 -160.24204464593265 71.651488544338932
v -510.32217643836316 -159.30224462631435 71.888094478359264
v -507.27121159541224 -158.22638849363759 69.619480941230279
v -510.63146781607043 -158.20178851937263 68.667571408367692
v -511.1392621522038 -160.87533234525188 70.244139482750498
v -510.06982872571712 -157.57411580730087 70.252766869553696
v -512.00033065362231 -162.05565976007378 72.403121709622596
v -511.19958192131389 -160.4494100852574 73.488902096845095
v -540.04565704562606 -188.13352465090605 46.850277388817943
v -540.48700174905366 -187.07755219973802 48.243737544507582
v -545.14019451128661 -130.0679643086815 74.649178943445804
v -543.7695695796474 -132.93678598136955 72.586206112217852
v -533.2223122899976 -124.95021178473418 80.136467059632793
v -532.84232747781073 -122.3975594147839 82.089669372463987
v -533.60582175789432 -123.18812298832017 82.805119680708728
v -529.17408434599724 -126.79610251594605 79.48379962583202
v -555.46211592084592 -205.62117944521219 32.327315887839333
v -553.46117961183052 -203.65529221720294 36.708816198433198
v -554.21997494873472 -203.46709260649769 33.730220613864546
v -551.54273522716153 -200.66946354922396 39.203696247451269
v -552.9778339766234 -201.31300576778312 35.133125339889766
v -547.24982259477918 -191.41449325650103 41.8129641605545
v -548.84532800280851 -194.26077464920004 40.089360706527494
v -542.07204149576012 -191.35898379664505 44.414836468176873
v -544.69352136214229 -137.8280924221676 70.43436314262847
v -520.66654058744041 -99.823624594711688 95.102693598006155
v -520.48957316117071 -103.97114823614422 93.589798538070909
v -518.85044742760454 -101.1907061379938 95.527994639106623
v -549.45798221185134 -128.25443339580013 73.303872498309104
v -508.55263597502966 -161.69307525703957 73.668369583492691
v -509.34337239130565 -163.40131499739431 72.149118106199921
v -508.41544436896032 -162.0602700192085 69.990235452066372
v -522.38511938435477 -107.18655969680133 91.348382422998327
v -531.3199399685418 -210.49414563063121 39.926388289930415
v -530.97282423550223 -211.57561775684417 36.870998698276381
v -529.50235877518116 -209.06562434163564 38.495621208900516
v -529.80894432099842 -208.36029242480475 40.840384879028917
v -532.69082855739293 -214.65871362679513 34.644019581039331
v -526.15529196690716 -203.48511857956765 41.627957794992874
v -528.20886581580487 -206.83812196260484 39.967510324093041
v -542.99668783975517 -165.74071984572117 56.226113214281369
v -536.12785870515904 -90.63587475630564 94.997944088736034
v -538.19296214918404 -89.669116234004406 95.357523936271178
v -546.11466455265122 -186.20604303024965 43.954226060732509
v -546.71369645205868 -188.57946577784136 42.747443703356168
v -541.73575934980397 -95.687673009448474 91.217293657968128
v -553.62786773759035 -168.79357630380127 49.578380903117669
v -552.27237284306023 -204.45018960172231 36.09667418602109
v -551.03610955608519 -201.14135425866652 35.904756026542643
v -549.42942938150748 -198.12879963772804 37.316773530666225
v -545.89039435640689 -192.03252145258634 41.56164862120967
v -547.73670151022986 -195.19190332957928 39.219914257393711
v -554.10268602964959 -206.23920478202888 32.07600225759672
v -526.15748382309891 -155.14128286825616 62.926716605843254
v -548.73232113683525 -122.74376493480224 75.198059089745556
v -550.12107149691565 -120.01525207329146 77.032173103961014
v -512.039620624294 -162.57297299701688 68.691054284854829
v -512.93173414365026 -163.27243689072071 67.128443243948965
v -514.08639192192686 -165.55393718827784 71.594835145270025
v -511.64268418014115 -160.39059366302357 67.470137487153636
v -553.83877089469388 -117.79332182656869 76.059072168676906
v -552.17500317461304 -120.89926944945702 73.811679105796856
v -551.94684229922541 -122.40219587906952 74.723927534898166
v -526.32366340692602 -151.72065360526074 69.266089361593828
v -526.06224797759933 -149.81479719107506 69.296495017004034
v -525.29752191616888 -147.23093569836035 69.386467150060554
v -545.51563265324364 -183.8326202826579 45.16100841810885
v -550.25501574610553 -115.31970364618212 78.890280038417828
v -549.48609489611567 -115.02416574647023 81.058601404817068
v -547.81792497032632 -178.28484807806348 48.059722575433504
v -547.61846206826294 -175.40140918049696 50.603024792574772
v -536.30907334052131 -139.54079783284877 71.378491967984047
v -539.13519328465986 -137.45777778438094 72.847284786798241
v -537.84428736293307 -137.19370158655377 73.619681850557356
v -532.5601285866984 -136.14647990090756 74.143332097958961
v -535.33079513258053 -138.99380838277565 72.336517139674825
v -539.79806588196982 -181.55445388974701 51.691002915076936
v -541.43419494781699 -179.72834936377387 50.937891147971278
v -539.93027250596595 -176.31650800142461 52.371426382802561
v -539.1211255287775 -172.24522292453841 52.898778930106467
v -539.28177157171604 -172.84690144237737 54.515372649424762
v -539.32234385789604 -174.64566194443469 53.00584390524552
v -521.85484752092668 -101.79025982271595 93.81149406460878
v -509.36294639426842 -163.87849539248427 68.328982359793699
v -510.49243326277372 -164.89801459211981 66.395176711940238
v -509.53792206985554 -162.14542676008594 65.890704564090356
v -510.69184473787192 -165.81122134848687 69.999878396426041
v -508.27704086092848 -159.41583639204597 66.781199361199256
v -524.95860253970022 -106.96861527657785 90.343204184927885
v -526.70737864744308 -109.96082652426912 88.217745388951727
v -527.72360939461907 -110.63534832393842 89.428783310576151
v -537.01051021618525 -140.00786922552626 69.949324203745007
v -540.63038949736597 -137.1772201173093 71.87507947296028
v -523.43394825369978 -194.07549300204977 46.916762400996724
v -525.33243009565376 -197.31726904235953 44.721692650872697
v -527.54586152594243 -200.21914724415578 43.977119610396734
v -521.53546641174569 -190.83371696173978 49.111832151120645
v -537.41813053118722 -92.894609430808089 93.567243007439245
v -544.09377885431093 -163.94914406173461 54.014896835409857
v -542.38327092447355 -180.19722426036915 49.930596627749864
v -544.03169008242651 -175.52511489915312 49.9854487644416
v -541.87251478269229 -181.72498880817392 49.86838675991136
v -542.7342375619296 -175.28494904566955 51.091191001262629
v -540.41624213878288 -182.66811719907417 50.953374253625007
v -528.0944422121421 -202.05844491198354 41.235839000970515
v -541.45034118499666 -101.09797554178407 90.40188697768761
v -540.67830580695897 -98.361190324398621 89.627679924694803
v -539.96063860008599 -98.581601585970162 92.168556784648871
v -539.45283532108397 -96.275539023240697 91.066963310290731
v -527.0446258736871 -152.43784970948653 67.602573965072963
v -526.92470731969865 -150.21301540523453 68.113823227418763
v -529.25818418543861 -145.16814883782385 71.009188257980185
v -527.57127041524336 -144.62492114520418 72.433590424943958
v -526.52849129589663 -143.0102966720444 70.166345544045058
v -527.70315468546426 -140.73947596245614 72.546726783639329
v -528.63246957138904 -141.27284807862452 74.528831586317878
v -545.02235764016484 -169.12273788520824 54.049075933149624
v -547.15614338572777 -170.29233499329573 52.638212934055609
v -530.00916002005783 -115.75157620700148 83.972134795184459
v -531.66686024837384 -119.85024430550057 82.761097564253575
v -528.95277512330415 -112.90800131394255 87.54546679446328
v -532.31959234725628 -119.56743487796442 84.120787385616694
v -512.21542203205081 -159.31235065699963 64.545164990016829
v -514.1071103815176 -163.83189055786883 65.975163306002898
v -515.1410460298838 -166.46311991566455 70.130059006868436
v -548.36304189759744 -165.91059470689532 52.751787949751879
v -549.68197255079633 -166.49552048116021 51.681125855599262
v -545.59172829222689 -106.73328986846376 83.770307696185057
v -545.37576376683876 -107.57110204443507 85.665334247423303
v -544.40519335338638 -104.85021929680093 85.405674921614576
v -544.35584300245603 -105.85072361653701 86.875438231091906
v -544.18747508068282 -107.47612652358643 88.019904157136239
v -543.69659470742693 -193.20001562387989 41.339867964200671
v -555.03844582314059 -167.93249039207092 47.43523703444594
v -540.97965906431284 -168.87834977606207 54.874866262542341
v -540.93284188305415 -189.29360483467698 45.479466944698416
v -540.05656540855023 -186.93789091217482 45.192147831693546
v -540.57706728932692 -186.81264558258528 46.821162650794456
v -546.8245304628033 -165.00940517168956 53.372909250106972
v -532.21250979039769 -124.38130264692288 78.486912469643457
v -532.21878775163361 -122.74657784588469 80.558221850383291
v -552.38779184217242 -111.06682933626199 81.17032129999734
v -553.50844868829711 -112.41614363879795 77.518070269511554
v -553.80363816482372 -115.21377275568469 77.964506043588642
v -539.17330251529847 -138.76622772199954 69.412423895211404
v -541.65347498724225 -136.74491603709478 70.791294411036645
v -542.15745815201512 -190.387844144479 42.720001234752296
v -541.08122175781978 -188.55883487413212 43.663679427554158
v -551.06857153037674 -166.66267815952216 50.403362026526928
v -546.79266211805009 -133.42312651448063 73.148699657146238
v -545.49265548909227 -136.55380075737276 68.494986400928653
v -546.4083859582496 -133.98002059424925 74.192535245999196
v -548.79198273813165 -170.96502487984714 50.853177369553613
v -546.9017613220791 -180.65592823958045 45.425251990609766
v -562.45709794185245 -153.84247101737895 54.092700063145401
v -563.3470641067787 -153.50715451470356 56.083288510600738
v -563.77838095650247 -155.30397191564759 56.047741794041414
v -562.80463483811445 -155.68099550825386 53.971715389175415
v -562.79202385726683 -156.62652125233359 54.012613780855887
v -532.86151634928797 -144.46258511713057 71.028342406120203
v -530.7568627880994 -146.21341224875945 69.402868201874298
v -532.1378769152949 -143.45425641690875 72.433377682359847
v -542.385257745324 -182.00675552262706 48.665218543972564
v -543.60388645361263 -178.84513977530443 48.782381732480218
v -541.99567221704672 -181.99344720643504 49.299320440384108
v -523.75434311149854 -158.67746275978061 62.028199582054341
v -524.99260274421772 -155.88319929195575 61.488636475985125
v -515.16631163102545 -161.13566413542114 62.765620954953036
v -515.6543295125349 -164.04528064321127 64.90563177788664
v -516.3429464370646 -166.85503097963868 68.917842922609864
v -513.50443124652952 -159.82997539074009 63.056858897662671
v -512.14717921735087 -165.57103166362143 64.652588102335329
v -510.10266550410824 -162.65518635990367 64.923801740163626
v -512.4487151959421 -167.75748278841965 69.450686877732011
v -527.18525799737461 -153.42113277131332 66.167450046115476
v -527.56761423986279 -150.89521640180058 66.385014070215007
v -525.88134312988473 -206.53137570508213 38.010502453815675
v -523.41925282061084 -202.33713641254784 40.578588200146754
v -528.31780409830947 -210.13232673632987 38.415237439857954
v -524.33086297702471 -203.33118511678924 42.578201948342425
v -517.53049279597292 -192.26333755705036 47.785619763701746
v -519.60855067795376 -195.89965968415987 44.82949095823259
v -520.50067724299402 -196.73215356012346 47.476736536816091
v -520.11127085870532 -107.12309082769875 89.334294971291428
v -522.94345092485241 -111.35044387790472 89.335542694892283
v -533.60043484594291 -216.91098262101255 30.309130945781035
v -532.2958471781368 -217.67961601394484 30.330846533892498
v -531.43460591501798 -215.61104746648209 34.359676523112029
v -550.42156514693806 -125.08120794044791 72.180869314251524
v -552.30573257682363 -166.43895230873116 48.887290667829021
v -530.28626310289735 -140.46350039914154 71.190040229853238
v -532.81730290222799 -140.79391517899757 71.053352428792294
v -528.37401212035411 -139.55834151329395 72.39258658106327
v -548.7327546909961 -121.86602061710747 73.67372393724095
v -550.20434120463881 -118.52772568194976 75.5479536991581
v -524.26009574328054 -114.10654955119017 84.054994455115917
v -521.82275097054787 -109.97715947354527 86.965113402196479
v -525.89309007432189 -116.93741472092101 82.459262307716983
v -528.13428160580986 -123.11018255539852 81.390281768273667
v -540.96578353383268 -167.52649584184596 52.202569405128123
v -517.99486673998695 -100.2664670323374 93.478584430362204
v -519.98291712317268 -99.08514561520272 93.465186796610666
v -520.08846716409619 -103.80082541215717 90.909148732924692
v -542.77281024057504 -93.734679499583137 89.25108679512212
v -545.08032874613832 -98.089770396162635 88.952686120332473
v -521.41356383117784 -162.73748728047912 63.48257002769229
v -520.50104060617275 -160.03771362519078 61.194487504052645
v -521.78773479670531 -157.73249136499442 60.027448182784717
v -517.43013716135272 -163.95910346770947 64.115385674624093
v -547.20307942770319 -173.43709702715984 51.614401164945917
v -533.93955262014981 -145.46907274686956 68.61736203629745
v -531.85724087317396 -147.01338881870484 67.340750499176266
v -521.5295387088828 -106.26235110170222 89.298956941436273
v -528.28058954673145 -125.78707707906838 77.371950582887294
v -531.25376759806647 -212.80313809338429 32.727986099800518
v -529.46790006558501 -209.73493873245872 35.224410496116846
v -525.38814110667022 -202.70429571748426 39.794779695771751
v -526.70473442328387 -204.91888220892091 38.604581504754165
v -545.9179219229685 -99.118707479917234 84.974912938536605
v -547.44300870732434 -101.69631463069518 83.226136678646625
v -547.42395277579806 -102.06525620518798 86.18140710638599
v -548.78014063671401 -104.22880181783981 83.822650879997965
v -548.78467632209401 -104.55511067278476 85.034004098525401
v -542.40293232879128 -136.11909595690554 69.693323922414919
v -539.73402100496105 -138.39578814210847 67.873211360610711
v -535.78968965211402 -89.692171957890139 93.35812941480134
v -537.65395450538551 -88.376873019185169 93.047871902371895
v -538.91655383909904 -90.448345657266032 91.963103826852958
v -540.1443905234654 -92.922372566398451 92.736003072801893
v -554.98511248890713 -204.31170131033971 29.953133917131716
v -550.49921783917978 -197.22222105064441 38.317924877502961
v -550.50120144108223 -196.57714307128711 35.266970031291116
v -548.19775147175153 -192.5828491090773 37.725640386020743
v -549.92210736945071 -197.56083586885606 40.83525838546668
v -546.77283030725721 -190.10500391113396 39.438784576224634
v -550.22967847537211 -116.92371466406587 77.219116868787921
v -549.94940639046013 -114.21288809188788 77.36152995164278
v -549.61934022178605 -114.0900783103894 79.369569856765963
v -550.13990710808071 -171.20056033966654 48.674246711822796
v -562.48430877376165 -151.9089720854459 56.234055038276964
v -519.57857673319779 -163.51641992465812 63.655180378134816
v -519.153820215275 -160.42536937265075 61.26447314927502
v -517.76984071357424 -160.86509750285234 61.631944801622232
v -516.44588166958556 -160.62821491143575 61.743122283407288
v -541.23588595413241 -94.423812792872482 88.981478530902891
v -540.22767539475399 -92.735417583993865 90.046768852852722
v -548.31842242594519 -177.40926279100444 45.695316090375655
v -548.97540953047758 -174.7867802587383 48.238119938231407
v -548.26647322278154 -174.95864370167749 49.320121874435578
v -524.81720981312253 -160.07827058246113 59.968238921514512
v -514.09283178245607 -167.64684797557538 66.255731772743019
v -514.46900677077144 -165.84712066136339 63.09540679413923
v -512.52210046775031 -161.92366924670731 61.120001628752206
v -511.27836999828031 -161.23106186696538 61.723030879252235
v -545.46823974700885 -190.87363230034626 39.460503505264953
v -547.46163024915381 -194.38331721270674 36.836821350053597
v -553.70862479448613 -205.15743456690845 30.114669105531505
v -552.56295941809572 -203.51235503132915 33.472571341732078
v -523.29052183752196 -104.3046661335209 91.832521826378141
v -524.25927281690565 -106.34110819976317 88.407900235922767
v -526.26240891312204 -109.68570303414339 86.353835389038579
v -543.30798122219267 -180.73033921328692 47.059681327573024
v -544.40800428112323 -178.22651587201824 47.187465922498177
v -544.56505652765793 -176.34392640449065 48.866617474486645
v -542.95849398384632 -180.9631599708342 47.885533137906584
v -546.22248451777273 -187.14484212359906 40.718483846259289
v -545.86905858550813 -185.48873120312842 42.939746132184069
v -524.85344335270258 -196.92087624382893 42.968994843112867
v -520.84332646944392 -190.13178849558699 47.461317022624925
v -526.90281830901142 -154.30440925553853 64.517194914416535
v -527.65126674499606 -151.72460109405739 64.852199918023047
v -537.04208254356456 -91.873567596999209 91.54554356624665
v -553.12814937338351 -165.97566508118678 47.230824072765117
v -527.52263801207232 -201.48068977345037 39.739098347314197
v -542.61796846430116 -101.72249632274881 87.430643362475223
v -541.75445598274962 -99.835136412023161 86.448115606518485
v -540.42630229741417 -97.559381491981298 87.891616197413512
v -539.22605569195707 -95.539932492328859 89.283469329415567
v -529.30739869818194 -114.9090834245907 82.436987050669771
v -530.22470337866844 -118.3995397973726 80.225203704206109
v -528.08341611852984 -112.47932797109414 85.920130950717734
v -531.08258589025934 -120.03658984078301 81.159067951740909
v -553.37610288746339 -116.07842065204073 73.812883575496102
v -548.86903986585071 -172.69164096606409 49.729540298376293
v -548.21943111180997 -173.15913550755468 50.721908489103228
v -545.44184011164486 -106.21290327720796 81.811712452506157
v -544.16498080504914 -103.90489030814757 83.496815415039919
v -546.2174440616044 -107.94276626435504 82.306575090706076
v -546.57198591899237 -108.80700818632248 82.977151632869266
v -543.3947877680464 -192.22156897357593 39.613145925947428
v -531.64008097144938 -123.7505258975726 77.106554881596679
v -539.70979326895622 -186.03060404528804 43.533072333691123
v -540.72340579350418 -185.63346920021766 45.228558313923045
v -541.18334414620256 -185.46775115044881 46.882398170056767
v -558.90816530340317 -150.31883625093258 52.663145501625806
v -559.86962042871653 -148.231160466989 58.074402294301947
v -562.52023471458642 -151.51858732657826 61.842779362307148
v -560.58837975731672 -152.61645004070928 51.775542981331249
v -545.02043905817038 -182.46330725831626 42.731913445637964
v -523.44762665788335 -160.63319540622203 59.416881955503712
v -516.62811256586076 -165.74333278083193 62.12641330075806
v -514.78893778003498 -161.97344653788667 59.735256863021931
v -513.38916311516834 -160.38388093516107 59.153889963268782
v -541.98012521462431 -189.77219785556454 40.867283533213111
v -535.74623198385768 -144.81264203444752 67.629528750890074
v -532.49587548950979 -147.52104373022732 64.943545723497479
v -547.33105762392199 -132.37985573554369 70.663972929932712
v -545.87101814987898 -135.01583807642817 66.540198933126248
v -547.31550970316061 -132.80639828461727 72.179718704170128
v -543.023867421369 -135.21213338240415 68.124304374694688
v -544.49521778299595 -132.05152824705624 70.929608992183091
v -540.29919292760519 -137.45398242768906 66.366315063485345
v -521.10935216247674 -160.81057969830292 58.556457122235756
v -517.6562750329789 -161.93568525333109 59.005846961699589
v -516.06271105684277 -161.08223608657931 58.591890576221381
v -519.16661272500744 -160.84000960889102 58.199347670492074
v -545.09820920914592 -167.78989271192975 51.269207725957784
v -546.28873078034997 -168.51517141366136 50.406232617342994
v -548.37826390493615 -121.27424402757237 72.287163414450347
v -549.92739779157637 -117.49225505360253 74.218560105431052
v -556.15362067868091 -163.65226987684619 47.749840189108347
v -558.55947560761967 -162.16987908328957 49.929741609156217
v -561.96161580186151 -146.18691402792061 57.429278544235423
v -561.99968446417336 -148.25111598943005 62.482140708032418
v -559.06760195670495 -146.20213374586933 52.71551773482723
v -557.34849816407632 -148.32406100657261 53.799841725502418
v -560.88992347101714 -149.21194555624888 62.526472760826643
v -551.12121219864662 -170.98590529935095 46.229623762642461
v -527.37267322579783 -152.38599089584727 63.449865679103802
v -544.03041187700921 -166.20984101725153 52.814757762733286
v -527.79031844152314 -144.3941287714413 68.487023007027233
v -528.98277097781693 -142.33221655380788 69.901100279760158
v -546.60004737119334 -179.3809005475847 42.740309244855581
v -547.42228604029128 -168.98554625373083 49.168786984388369
v -543.6512520749302 -179.88509125804273 45.365547506312453
v -544.62496746719989 -178.00153527339072 45.44158941580676
v -545.44416091923449 -175.85723742428999 47.315442793826357
v -543.3075781845514 -180.52285716143859 46.249858637008259
v -545.0502170089776 -175.90739788124523 48.07051189132607
v -552.61583992928308 -111.33531325510516 75.0056150026452
v -551.31171781950957 -108.77897641065385 77.986437027478871
v -551.80138435216361 -109.44435157337725 79.484537203425248
v -549.41917915457066 -113.54989919250941 75.675774304955297
v -548.51067085553404 -112.04533032668964 77.355897373328006
v -548.63473794230333 -112.27221827442651 79.231102955596498
v -548.43083726595557 -111.60152370103684 78.326015809171182
v -549.93076695926732 -123.88622068997633 69.915195195398226
v -519.64472164316157 -98.141442834326085 91.825379759084825
v -517.57307265828786 -99.089502742667747 91.433460987008885
v -549.4619477523986 -173.65555561330982 47.37905649356658
v -521.75150779985097 -102.07989670717764 91.409307195785928
v -521.11832592437906 -105.11491261497255 87.305138293229575
v -519.33891849532563 -102.08330544884785 89.336434249306947
v -528.89544238786448 -145.16502662984533 67.307055083322993
v -531.13742426219267 -143.4437712743061 68.562448025041135
v -530.46294201797082 -142.4800556720262 69.851425974881025
v -524.89093626407919 -204.4401315715522 36.289667835841968
v -527.18839303805578 -208.38616585726336 33.464423498739833
v -527.64545839610685 -209.60230205905179 35.872544078077588
v -516.99545017787 -191.02370909284383 45.465805011487831
v -519.61613615809551 -105.75977757999203 86.959829819833502
v -525.51709397373565 -108.13981193895398 85.070019100911466
v -524.01163227486916 -105.58220496137602 86.832752072847114
v -522.62228135224518 -103.1370458170104 88.227601046150085
v -520.4965795215079 -189.22451471893854 45.802298184613988
v -522.60706973212598 -193.14619286989085 45.177998359781668
v -525.78192856726162 -198.20663366978988 39.830748920358602
v -524.15517228380759 -195.46444484270194 41.58001699883674
v -533.2010233152256 -215.81452407151497 28.32116335075353
v -531.81884291978588 -216.37013644943798 27.956665517735978
v -530.05602611826259 -213.35857377675967 30.222423380832687
v -530.39458142507897 -214.36999742282546 32.634727166639351
v -535.13577126615519 -88.985796246452637 91.791768890865072
v -548.48238245146831 -169.19262983527 47.491391279837288
v -527.13690519513284 -205.36036221509437 35.544982419290392
v -528.52893383892672 -207.52368229852246 33.321620364894599
v -527.84286905645081 -206.91930182445452 37.124688252273451
v -530.18521611902725 -210.49509792073334 31.555490630074114
v -524.96598980292026 -201.5454122837813 37.693630761622615
v -536.73402070006773 -87.49209454614649 91.00063913997397
v -527.23430534370834 -200.6891650067821 38.304002291950567
v -525.3334731520182 -115.45812676615581 80.199332269345248
v -521.95960918993808 -109.73409285426226 84.187518163205013
v -563.31235364301267 -147.51003371278003 62.874902896391298
v -560.69475786140606 -148.30995850080612 51.429020769200974
v -541.23889785224242 -99.310171527264771 84.735557334506979
v -539.78131874829091 -96.824196413556336 86.538448459018099
v -542.66769871890722 -101.7237384520563 83.103571604952805
v -527.15629130802267 -121.75896114444367 79.302032867635901
v -548.66914298005349 -175.80986399435486 43.216790152317998
v -549.66830164872124 -174.26873704426484 45.824242051238144
v -528.93691430009278 -113.95282155785911 81.068939908612762
v -527.33765392768225 -111.19839239009761 82.746567321297078
v -527.70256419130794 -112.15127522690489 84.154943837706526
v -541.86073746559293 -92.706014606333753 87.045626662465224
v -540.53816153997479 -93.668584253043804 87.319108468607894
v -542.53173934716199 -94.090728453785786 85.472690745541968
v -544.15272406748863 -96.124521682644399 87.061494360526552
v -529.7126346731327 -145.75296304912354 65.79506172131299
v -531.72896894275084 -144.10612623588077 67.059919945279219
v -543.60273642289201 -171.59074528907598 51.330310529605384
v -541.62305538119062 -171.76182112300052 52.325939170737342
v -527.76257328926579 -124.40560220153279 74.873868514599053
v -543.26353089444069 -133.95494992636495 66.511867376646833
v -544.9620312374326 -130.5933637216001 69.576104164905331
v -540.78592369048533 -136.23903894556631 65.228284001186395
v -530.85846640072384 -150.7705271687613 63.851774431441541
v -532.63597128641788 -147.70641458011687 62.351242847434627
v -530.36953897383819 -151.3470546803245 61.319217021256144
v -531.32024671632587 -122.81489635835524 75.492997671242151
v -544.4347747869092 -104.88274629916074 80.500746242648688
v -545.02710379891698 -105.78766946053655 80.341023531158555
v -545.8923591979119 -107.29712081979361 80.678417417367811
v -546.73335314722044 -108.60276263838912 81.222388363045383
v -544.60731257933298 -189.97325581033502 37.366646737732637
v -542.76824361015815 -191.51926995540197 38.018879724383737
v -545.52062852739755 -99.071484313928607 82.143797904326746
v -547.38287486599233 -102.12106934061379 80.238202957957796
v -548.74567879268727 -103.95629729481675 82.284538541130999
v -556.70466105357752 -162.46903006643976 46.742716216206773
v -559.49800956957506 -160.45339470541282 49.124237837140711
v -560.96150905059369 -160.75280542858334 53.14351728763949
v -534.74725410874362 -145.952024527247 64.456684797449142
v -552.92758930529374 -204.2928742165391 28.143620104700645
v -551.97146019259333 -202.15744400619519 31.772116700632811
v -550.82131356702303 -200.67344219237503 30.449310893632827
v -550.63212613254393 -199.8500381121288 33.757234105745354
v -549.56158581351701 -198.47962206494239 31.980720405043886
v -547.88033039139566 -195.61047021321781 33.71662521669414
v -548.9792256606969 -196.98231387434544 35.616071488316521
v -546.53121360520026 -171.49081168760878 48.990285346776432
v -545.1540820786829 -171.90914671616639 50.268047534641504
v -545.72121075648658 -172.11221951229558 49.491105322947952
v -541.08515426004124 -188.72689262033543 39.424195246249724
v -539.01767809472403 -185.32865744704898 41.882559114297607
v -540.81737143337443 -184.13911567067407 43.732729051464901
v -554.01230143842076 -203.29433287397629 27.587195265208322
v -552.88291442756849 -201.29257448015579 29.143373876344249
v -553.64890419677795 -202.01657469029658 31.410436191531065
v -548.26859235740631 -193.3581227030343 34.221493622570797
v -550.13460034840273 -196.56560938695529 32.174034644567897
v -552.42584907568892 -199.89783162428279 32.838569674875842
v -545.80000480670606 -189.08764096672792 37.072847356127895
v -545.1006730825676 -186.09892125063641 38.128286177353324
v -552.48078705575904 -114.79457480108412 71.833879736836479
v -550.79913093045207 -119.19054997174364 70.043393332286428
v -551.61879715997509 -120.41012611749792 72.018888230076499
v -549.29225432296846 -116.66343574121706 72.703733712381549
v -543.22827062380372 -179.63405436297211 43.461322281163369
v -545.16615591080381 -176.36653023224036 43.613395640803006
v -545.77487025013556 -175.75218871968309 45.504375647022989
v -545.58807834304037 -175.73824638719015 46.491024794284861
v -546.99871842213986 -171.46744161281643 48.096441780741031
v -551.67902681843248 -170.33481717590539 43.662683034295426
v -545.81532312952811 -133.29214056742214 64.671396911484095
v -543.46503240956213 -135.12175872037179 63.16637626394489
v -547.46056671162501 -131.82852942181137 69.306575316827903
v -541.9031529873414 -138.20042137548384 63.872127190123756
v -549.20586108135501 -169.04076282234286 45.691712336220654
v -530.19446779761518 -146.12376040001547 64.038972126504873
v -544.00019827696417 -181.56747731064632 40.327500713549135
v -548.29694592237638 -112.93746887823102 73.877107757570187
v -547.60028668435405 -111.33335772355596 75.705008805466889
v -548.08684334131942 -111.46254759469801 76.550391718857796
v -523.63862489360383 -156.56684325469178 60.506652634019247
v -523.98748753680945 -154.23691209998253 59.08365038821686
v -525.4927864501816 -152.06856506856755 58.890174242152575
v -559.89085451293045 -158.66720754113112 48.329981012005035
v -560.91899018209836 -159.44143193222445 51.372588349160523
v -557.26668507070667 -161.1256776833967 46.167771416841425
v -519.6988242806018 -96.930632122703557 90.134135012894689
v -521.68983994009091 -100.4899712433342 87.893917818575233
v -550.01404286670959 -173.38445521524162 43.443323648038785
v -549.84741527674976 -173.49728957817135 44.791845563404934
v -524.17479135281428 -104.80164348243878 85.083622742492594
v -526.5986774151753 -108.95074828574587 82.266052061855618
v -522.43229006713909 -191.39911551030312 41.987594227032616
v -524.0686234448832 -194.22438331580219 40.106319058946333
v -525.70186065180417 -196.89831182169135 38.284525672353283
v -522.16067130150418 -192.10581800227948 43.897093466575171
v -516.95361903193941 -189.32619613861428 42.887226249545307
v -520.51031139072825 -188.15153039618681 44.20715933987421
v -534.1069042016901 -88.452783592404558 90.157023972478129
v -536.10630084088791 -90.881153789467334 90.007112862908443
v -539.984775389687 -135.81312950564737 63.658171601508947
v -543.27603518108128 -132.84546172960972 65.379484937873116
v -546.62972199888952 -177.65831122937405 40.989000331914369
v -525.00108119119341 -200.17862781449907 35.676977754114034
v -527.21204368339795 -199.6891548493507 36.787007484257316
v -529.0072440154097 -113.12089901558726 79.450036584365165
v -530.09866373914565 -118.21676689986148 78.248708277762248
v -547.20469514948888 -172.9552812575983 45.582445999278022
v -547.32526259850329 -171.79569782235268 47.205454730083716
v -517.59911856429062 -97.698968742572248 89.460651237935991
v -551.26944623576787 -110.4376769428129 72.854315038743394
v -550.90746962141225 -108.41558342666769 76.438494747958188
v -521.13378599830264 -103.69487545645593 85.28108422720598
v -519.48755232600786 -100.90232761597639 87.227682333169383
v -545.4112032216434 -128.86827475996779 69.059740071968307
v -545.7124079298801 -126.91413052118693 68.627887768807554
v -544.05365283848221 -128.70274614470213 65.729441955530987
v -545.16540768555728 -125.88338121695932 67.286384742872229
v -527.82010192376117 -122.83514921515545 72.652749892405907
v -531.36042734699947 -121.71824182302701 73.941955725592763
v -543.51036078706147 -104.33975457936344 79.196282511596536
v -543.45498211088557 -103.26014539294036 81.514426415651343
v -544.46214266623178 -105.84980564920599 78.72625279716101
v -544.84829511377768 -105.97899515539829 79.55899495051122
v -541.69187848432784 -190.95970932173742 36.248951152573603
v -543.34519472068939 -189.37076424417774 35.371606021139129
v -519.6449942547714 -104.30620992576195 84.898998647568789
v -538.01037339267282 -184.86278039865837 40.312737212875
v -539.90525622839823 -182.29246644792141 40.69876625447403
v -540.03059260731891 -183.64387940501973 41.870023314231759
v -540.418146705769 -183.75814469221794 42.68242488102932
v -530.312898288881 -146.25588870896513 62.140792273569708
v -533.71416691541413 -143.41209785049924 64.620386695229072
v -533.09611054611059 -143.61535724200164 66.297426519622633
v -532.19960087534969 -147.71611446482095 59.833424795643694
v -539.90924941330582 -187.88539994176713 38.161451174960952
v -538.72232229832923 -90.643890476111991 89.157593666545225
v -536.38251714538194 -88.519096570695439 87.957246539761641
v -535.45778524968227 -86.918858576351724 89.098954047793455
v -531.85851483174304 -214.82577755976038 25.678022452617185
v -533.2753911350959 -214.19390263559595 25.958336893028928
v -531.64762098214294 -211.5911231275621 27.953646129025771
v -527.13707783207735 -203.76574300356248 33.15143725181963
v -549.61914511255384 -168.56717143441588 43.799451319117139
v -553.02986333043896 -165.67494880603249 45.126793141112259
v -538.09613293232485 -91.072053542947089 86.471458561455592
v -539.20640926807778 -92.955417228368532 85.158620051637115
v -523.40717179737931 -201.65338824545233 37.413714630315496
v -524.86137118145518 -202.61007785971287 33.700053934826954
v -527.05944155320753 -206.52707294666197 31.22585551138696
v -518.93083282998839 -194.13210036353192 42.59828979835946
v -548.57812344344359 -174.1495899375052 40.656401946256942
v -548.28852662946349 -115.80928843526377 71.379155183344437
v -548.13783205155664 -118.98236441171488 71.211063980098601
v -552.68868968993752 -202.66249801854104 25.494964257685432
v -551.72821862969215 -203.65896493801023 26.155847736877057
v -550.18385925748782 -201.00430217580566 27.90260396454525
v -544.77614071031996 -192.01189592006293 33.476150496076741
v -546.37152476050323 -193.02522230274525 35.328882961504284
v -545.29510199286062 -175.05266633443262 41.985571932372636
v -547.14180384904284 -172.93303149623611 43.732856572760639
v -543.3670850680802 -178.20778082090135 41.924523620301173
v -546.82304249878257 -173.39511817699369 44.468999685301071
v -525.44016086053693 -113.99900003636698 77.860891200654024
v -523.24138117811788 -109.9611798596157 80.299156768776299
v -526.58561679582976 -119.99563466623181 77.492147940821013
v -540.33112256988579 -91.882153921519006 84.570137720803501
v -559.86859896490762 -156.78973906741484 47.728483798580783
v -561.83088871972643 -156.05801910086012 51.895688984309409
v -557.16858182476972 -158.4896439571217 44.733920983536649
v -561.83029931107342 -158.04938780356017 52.330043341951239
v -556.53309116671971 -160.22978511622847 44.501446781389404
v -545.27608227290114 -100.4542734466872 78.442014814357421
v -546.74351864038033 -102.79762906092287 77.216317566227772
v -548.42750159672062 -103.9771221584283 79.170962493678488
v -551.45273949439036 -200.62218429864942 26.708964747229409
v -551.38885501892378 -198.87077583085659 30.366641173426089
v -549.49720974088405 -197.38119562878396 28.737853973103519
v -544.37389456641949 -188.40689275339977 34.81861576481267
v -545.82649123875558 -190.91640051792797 33.148157939933903
v -547.33060549120762 -112.73130902026365 72.641565948982318
v -545.73755387544747 -109.96254551895623 74.743917060211274
v -546.77161900389922 -110.49067826039693 75.244784395636984
v -547.4133320988152 -128.96759700927194 66.479523709827731
v -545.33407727243559 -131.47102623479446 62.98298813944843
v -547.28020784785588 -130.85274144143537 67.350248252817053
v -543.77411581693843 -185.3585933429145 36.159968016622955
v -520.08713408881204 -95.79512574275013 88.763687861082019
v -524.24088823358591 -154.98051969401695 56.050189646054243
v -522.72765263752899 -157.53782114649016 56.858169166016268
v -525.46557309933826 -156.82490825402891 58.256131086865366
v -526.90030407561892 -153.27520847640656 56.928231068709295
v -525.80620275991248 -151.96533297148272 54.972910337752992
v -551.07195903360503 -113.72723639388697 69.880285119496151
v -524.99232990219491 -104.34587295903845 83.051389696534471
v -523.22893403921807 -101.32054350194517 85.119458816556516
v -541.54031157024178 -132.53998151028972 63.362273159944323
v -542.94189799140713 -131.52211107244491 64.172499168189745
v -539.66828214408793 -134.38951347900087 62.415262061181416
v -524.38411441571338 -192.78886728811133 38.690396223643134
v -517.48874818130048 -187.6195252071106 40.794425363203459
v -520.87639169357431 -186.9840344661298 42.775541989224429
v -532.8358686803482 -88.211258555056588 88.735644155554596
v -534.44853792644517 -90.80224279462594 87.049416526754385
v -536.12166098073317 -91.936510743319104 87.673459123761802
v -525.49188890769869 -198.6637139104219 33.83301170677764
v -527.60450639655073 -198.29243093000917 35.034911094447587
v -519.75465866022284 -157.15004728769685 58.851197199328517
v -522.50446549188325 -154.38213665313287 58.185353077693058
v -538.02715151192228 -94.957151131816843 85.855291409306645
v -538.34686709595439 -97.38566882823622 82.484134010843633
v -537.13650015183885 -95.167035146531688 84.168275102536171
v -539.53703080980586 -97.501315670683113 84.108773992469963
v -535.67779830689437 -92.870244834606083 85.621998932290609
v -537.52931945305147 -93.196612151268823 88.550424368839842
v -538.72566909468594 -95.064870916549779 87.605203407966741
v -529.86623852711614 -146.37365413092832 60.109302013485504
v -532.43502930303305 -144.21904118330278 61.979130431099577
v -529.37245585009737 -111.63347681495753 77.792939064594961
v -530.65638540439011 -116.40196994752128 74.957281367584315
v -530.20191797342511 -117.41329639485218 76.561176022169718
v -543.44702071010852 -127.3265132360269 64.795321625628262
v -544.77459426350288 -123.80566181620406 66.74742445081759
v -544.78753511072784 -178.53544085429635 39.045810548302896
v -542.65428680401271 -180.82349704050532 38.227225340948934
v -528.39065553031344 -121.10274292095403 70.618274570525656
v -531.75884508375339 -120.50843489105468 72.52121067723931
v -549.57242632400801 -168.02192957161878 41.970847338247737
v -552.02701269197723 -165.72312642001941 42.965224971471478
v -553.94649941978878 -164.04795124060732 43.870349006080644
v -544.04215001057401 -106.21202920575078 77.541486250662047
v -542.2908512455391 -104.07516783136901 77.825613201688867
v -542.37035196626437 -102.29703227604396 80.781454182259694
v -540.58222625869416 -190.76768335385751 35.000660904806608
v -541.73706087715084 -189.09248613573749 33.562566485959337
v -550.1338078622872 -171.86190899964956 40.950395898619604
v -550.0137936200673 -172.48215209987166 42.126635566945289
v -536.88582277849457 -184.68171083088055 39.058126110362949
v -539.46974924549647 -181.13208489173391 39.351149717924329
v -538.44226555470891 -187.69293803941952 36.549072067729064
v -559.47601603367627 -154.99580002846506 47.399323302113231
v -561.41154007022749 -154.25147727158429 51.741305906356985
v -556.66813060081984 -156.9653588815907 44.147898405465199
v -518.07624457391898 -96.167917372024419 87.66777580611398
v -520.27530875309674 -100.03455446602575 85.139009742581678
v -549.8652871533385 -117.41663837954513 68.539436781174345
v -547.0856736234806 -115.3780897607023 70.0952887436829
v -546.77099332057571 -119.67212674579091 69.3493381915345
v -521.57407836660502 -102.28201222249713 83.62657686624172
v -517.76647289936079 -157.17076334249541 58.701706314612323
v -519.30193039877747 -154.25680820208282 57.236625280038631
v -521.08639919514974 -153.61923444237962 57.159136184750906
v -546.38713500564188 -175.68445521356239 38.805740115778192
v -534.08098475410645 -86.657265500347521 87.55930914165792
v -537.67971808097184 -92.625867977284599 83.511651609724183
v -535.91135345952068 -89.636813565755148 85.586414383288982
v -544.92294398172169 -173.96652266482474 40.279334441433065
v -547.12938762704175 -171.90318602668279 41.809991942342364
v -543.76654172281621 -176.20764461236479 40.67567957356988
v -547.06854564412401 -172.41168349466938 42.785217685964938
v -532.41309271961632 -213.11399935543977 23.594417946329187
v -533.70418306017746 -212.87040152876733 24.347362479511375
v -532.47571396170099 -210.83681873497548 25.815798450358457
v -528.28910593644378 -203.4248177233961 30.589353058554423
v -529.46416098453562 -207.82301506826516 30.480591446302782
v -529.79562217418743 -205.7121041319879 28.797165180052119
v -531.44000983313811 -208.50619318097324 26.889559956298498
v -526.78660188248614 -201.00035288168817 32.389881883830228
v -549.64225292287506 -110.12136607007866 70.733977435452431
v -547.90259620723214 -107.15873941079728 72.514617772237997
v -549.55936131231726 -107.5016845187774 74.521390597307374
v -534.57902369519718 -144.50638027024399 59.340600471012742
v -531.27283428360715 -147.29365134880578 57.18752906596751
v -513.51887002760498 -151.61035887700214 58.600401158075918
v -512.7348097135316 -156.11551195888038 60.561905462695186
v -511.5524354248721 -155.29325447391182 61.828449304949181
v -512.07490826532671 -150.069705782418 60.395084822211771
v -511.00402969451721 -157.51288474610453 66.244452644449353
v -510.25199829138819 -154.7182132646108 65.493559493943948
v -521.92133064463837 -155.23250493352586 55.146371061438906
v -520.00823276574545 -158.42251017606807 56.456168811588455
v -523.56243728825586 -153.95639261349402 55.006460709903905
v -544.03398550816416 -112.79242334406621 69.879061616924403
v -545.25714652802958 -110.63805085513997 73.363505829153738
v -545.66691570278817 -110.56372610422923 73.603421938548024
v -550.76913029292609 -202.29914000761798 23.288886256166386
v -549.94934099277077 -203.29917996085743 24.076918213244177
v -543.5783691400793 -192.49522935303347 31.191941067607189
v -546.42536864121143 -194.89242384393015 31.530965358348407
v -545.30335847426284 -195.21211968968055 29.551912971090175
v -520.77173568875526 -94.524895227050962 87.590331636275863
v -521.96706226968672 -99.066544140722101 86.552563680738686
v -519.13475150164504 -193.02144771667037 40.378015401936437
v -520.19369332540589 -102.42085789466114 82.658363474577087
v -521.44450894717829 -107.067145172522 82.504725211110497
v -515.84635719049379 -156.97851565613291 58.950003231394497
v -516.5497547868963 -152.83977860871002 56.95571168986757
v -518.24306975169088 -152.93228704564291 56.594839494156318
v -525.25018013781323 -102.36932821615282 82.330486596093593
v -526.72054258038736 -104.61801293754363 80.55467102889294
v -527.3659121927044 -108.5678175298759 80.346338929514317
v -523.79643565223114 -100.17889985070447 84.091114393561185
v -542.38183430810557 -130.2499566958794 63.251472838436527
v -548.52194764302169 -172.06193575658358 38.502115293411734
v -530.21086608901498 -209.63447050180002 26.316476126058632
v -529.20292261258828 -210.29866478259453 28.837950932729953
v -531.34852653286771 -88.239721507457318 87.518642495793316
v -532.45504367294916 -89.972033868561184 86.378889292469452
v -523.25189510197981 -189.0515365417088 39.661473690710039
v -525.58882978572899 -192.31236277828046 36.924470332306619
v -525.93113669096692 -195.53124827513636 37.039955832171046
v -522.50894336661315 -190.00275000188725 40.998820744604714
v -518.5158885306538 -185.8172679123164 38.984435630407361
v -521.60128366810306 -185.7011788758989 41.481795147723574
v -525.98621085840796 -112.24673600852562 75.808968658195369
v -523.37822100681819 -107.36292151679498 78.823974170831931
v -514.31037875292577 -152.37219703092057 58.085899031142326
v -514.25554851137065 -156.51786514057932 59.48676785906239
v -526.82576250975251 -118.66854307734391 74.721042963487605
v -536.21908579976639 -96.49189043412926 81.770416824158275
v -535.65583711895476 -94.770899372613655 83.329370677243972
v -537.11743207288725 -98.454389355970278 80.292936932218325
v -540.80565946165223 -99.603345314593298 82.723243400979413
v -539.80298146029668 -99.680513677097295 81.029689612414401
v -538.61007007039666 -100.5278613230436 78.965873420936248
v -526.49723936811586 -196.96895464035248 32.165161114772175
v -528.2357447070732 -197.2027855060916 33.949446386725043
v -526.86426905630458 -194.70766489750929 35.481845567236334
v -538.5153990196967 -91.537158338948601 82.539659024715505
v -539.499573516174 -93.468051909664609 81.068399609354827
v -541.88831127354842 -94.783785634958718 82.331470478702386
v -508.03136090595382 -156.4180565455955 64.056443424536283
v -508.9333622281116 -155.92670166325547 60.509676824833804
v -506.71849259588959 -152.56336193654948 63.910514653747796
v -508.29249307760978 -154.24887215802673 66.379397730688709
v -507.0977917133863 -156.44956989632456 67.828248396446327
v -558.69245074087189 -153.32392799597275 47.317030924385534
v -556.00973988460112 -155.28966633581888 44.018402747041527
v -529.83036295198383 -110.17261206399252 76.916820895763138
v -531.38831667756017 -114.19536857533356 73.965777680733709
v -542.75178184439744 -125.75432356039362 64.282033198768815
v -543.48445262265966 -123.18257258169722 65.574142159015793
v -529.06340495862469 -146.48108459986176 58.511527223924602
v -532.00212471027635 -143.72867673215276 60.064202041426356
v -528.43786758160866 -148.3939526029709 59.818968723641646
v -515.29233081564701 -152.34964345486057 57.389271938419434
v -532.49810106396944 -119.23843028682597 71.292905973447546
v -529.44925142452837 -119.28407427535147 68.859355852026553
v -543.86481528773322 -100.86170104229969 75.919681745378966
v -545.59615889429699 -102.23633770994682 76.269999764218568
v -542.5342327569507 -98.086351724578805 78.19689214033825
v -543.81392502750589 -97.573942156931011 80.948767764898207
v -538.93647306900687 -190.78596780682935 33.603214760794586
v -539.85320611749808 -189.15059999539767 32.01863419655183
v -540.86951011106601 -104.08464733456258 76.621005610428128
v -540.82895870925677 -101.42869450991067 79.804307439599299
v -543.27265598262215 -105.85407854686224 76.833954582835176
v -547.32333261178326 -193.67922147878909 31.162867222836709
v -545.81742743113182 -194.13150446780415 28.561530246408779
v -544.21249822583184 -190.95665519725037 30.862142850691953
v -542.55682169038266 -188.0924578812299 32.774536915259304
v -535.370260597374 -184.74689372402344 37.738872960251229
v -537.51263698283708 -181.47414993967845 37.861702675901583
v -545.26508618441392 -127.29683544852469 62.693540372607671
v -544.48918739675946 -129.56730057028398 61.601226448375627
v -543.04834896839657 -130.6860789957471 60.799366179792528
v -547.5250972424227 -126.48329467875723 65.933816623096078
v -543.4655934822157 -133.09229331841715 61.935945385254797
v -554.702157315254 -162.03305323489926 42.876002816091571
v -551.75648303797925 -164.7597528211848 41.434889812317095
v -537.40094455601138 -188.35404391921796 35.0634901860996
v -540.75490327155694 -180.5611119423734 36.139588591844074
v -541.5370382037255 -184.40598918783508 34.22613970803453
v -547.82250264187428 -111.89133650371133 68.523214973212077
v -548.27229791970797 -117.19364392977108 66.694310221240627
v -548.51723447010136 -114.1239961064001 67.932998618533318
v -519.15642529566958 -155.13643626738053 54.596485239864258
v -517.37142390363385 -158.17504574618252 56.124754056875602
v -521.02965786335574 -153.91748908831244 54.149641072659769
v -545.10228259397388 -115.42909595937169 69.440842767611841
v -546.09561416893257 -116.81193155742235 69.042944029474029
v -510.49619684856913 -156.92960639260124 58.739190358787113
v -511.31908105499599 -151.98255734491465 56.679709486506134
v -509.71289774544272 -160.41235812768755 63.452426768387021
v -524.35620759842118 -151.10036686225794 57.092600996211949
v -554.7471859389259 -153.76033531192232 43.96960370348296
v -557.57817055495968 -151.89364762886484 47.50151242131998
v -521.0596802382305 -97.697779889205151 83.700375712777429
v -519.15304679083863 -94.378098121875126 85.961758150178724
v -542.69651149067522 -177.95234923679516 36.3866549400528
v -522.51678744152514 -100.55498083561082 81.946298520687506
v -521.806483490456 -93.233479157245426 86.612751867034149
v -522.78398679326585 -97.47090020271277 85.248274103073499
v -542.20164943580619 -176.75676888491282 39.260847781495556
v -543.84580201727022 -173.88506326696609 39.047069879327154
v -546.91784028767131 -170.72573134369324 40.187036836103218
v -544.94366388335095 -172.07621460046684 38.981383717986603
v -527.57751579987189 -102.54840618959736 79.905858847299683
v -529.53436587919748 -106.04976676265701 77.546253642357513
v -528.29642640500083 -107.40943548264757 78.708292717783237
v -532.1675184784641 -86.702355651565014 86.00578099957437
v -533.02720582108964 -88.137656575181296 85.010888496319652
v -529.70986974581774 -88.536969445671133 86.559234630742708
v -530.16863321701226 -87.064873829555339 84.835436514663073
v -524.32087036975554 -187.65641774588772 38.500953850009104
v -527.57581791169537 -192.93757249071342 34.838671355943845
v -519.99016114545702 -183.99828971724182 37.536519731774604
v -522.61569578661079 -184.4496017946002 40.485518834784095
v -534.60882241038416 -97.372194575877373 80.358395649904935
v -533.88278288675792 -95.44918349066819 81.78120661547662
v -534.17100760137021 -94.167632009384846 83.107441918065931
v -535.78678481327267 -92.660402724015654 81.915660102355645
v -533.98683449950909 -89.690855321407355 83.946409132763264
v -534.6292766083227 -211.27355304233288 22.756666163090593
v -533.20382433730572 -208.59026456134495 24.417414933053969
v -529.98296559489961 -202.75133135513903 28.155221362441004
v -527.87639858593218 -199.94473218473834 30.614290908428202
v -529.37517656465718 -195.76280646157767 32.779251820330138
v -527.73590571459636 -195.45786021138997 30.974377663961995
v -516.65019708200714 -153.97085258871061 54.245524563459774
v -514.76553255848603 -158.18877144221034 56.598876150233821
v -518.17430579600523 -153.3505280861919 53.700246459918958
v -541.4524242423912 -128.93124927224727 62.385293250914543
v -542.13646266382193 -127.66570935285145 63.317430617285751
v -540.66892970460356 -130.55764407483312 62.154488081382667
v -540.21606640757966 -132.21204353221515 62.131533248861686
v -531.13143031949699 -109.05596559672159 75.582887911337693
v -541.75117328387694 -124.45576657003561 63.887255098309929
v -534.55180569846345 -116.73371374119773 69.358915143166698
v -530.94969334701977 -117.45862636955607 67.452860951747212
v -537.45847661453297 -191.06484221949555 32.741295900095011
v -539.11732067977289 -104.49422792551849 75.438247827896973
v -537.20026198382777 -100.77300810584379 78.144065879068521
v -541.33025707851721 -106.50506514220407 74.862954807547098
v -543.54887873348798 -107.07752793543233 75.873270970779402
v -542.33953612594939 -106.22856027216027 75.527133917679436
v -512.23379041848978 -157.60380238024652 57.564139361126934
v -512.95733446185875 -152.40552862737027 55.338363356105056
v -535.76123683919241 -188.64977779733934 34.151086487618883
v -533.83950767978615 -184.9810696129606 36.878936676041121
v -534.99577076840376 -182.87116743355722 36.798580824176533
v -536.34868727560399 -180.62907612237322 36.794129282048843
v -548.6297767059167 -167.93530456393236 40.099948937834519
v -548.6404880403378 -202.36478906277287 21.544314178497778
v -548.0654986171528 -203.35728475447462 22.532986878387767
v -546.43149670658761 -200.77858421246151 24.195657582539674
v -548.52856459282191 -200.57956050066446 26.101329971824264
v -546.65168693032012 -197.66306112674735 27.808961839563338
v -548.066519004317 -197.38625052711407 30.250411440480704
v -544.79749479602253 -198.1998836704484 25.85832828669168
v -543.66585841157553 -195.34229082761763 28.067797132056896
v -541.21523104271523 -191.82330847428318 30.158674736523999
v -545.14090785848157 -110.52113716345855 68.368638030078273
v -545.69444832330464 -108.24167169276035 70.354942707969528
v -547.77486041741884 -107.94175430389677 71.535909522110344
v -554.82737589943611 -148.41696154615636 49.525281156702881
v -552.89588294033808 -151.67285874335855 44.963184320076572
v -544.6381197097935 -175.34358653121706 36.633721288261526
v -513.86789240948281 -155.47800521307391 55.901505855854907
v -515.51485415679269 -153.38341154797629 54.311499773001394
v -533.18946003426197 -143.58189549686881 56.751695493216275
v -530.039184867882 -146.53574258836136 54.989640840250665
v -528.52578260443056 -145.21460512454718 56.699781032184184
v -531.28176915383483 -142.90351298243277 58.321525954352957
v -554.4697780056598 -160.39531214909272 41.762726758648213
v -551.66254950841176 -162.98485774531349 40.209305682670966
v -521.23042281600272 -100.57960669185428 80.893737103377987
v -521.7859571661121 -104.89188970572806 80.741168822704509
v -525.64539058862226 -200.94664170554313 31.336398913447887
v -527.57889828934083 -200.94060483600759 28.601125784991972
v -524.96755677332123 -196.62791996531564 31.59247026077972
v -528.38504886553869 -206.16660508450619 28.250436809133248
v -522.92799355832585 -196.44493437502217 34.442903011538391
v -519.95423705017492 -191.90161576694004 37.9561312720177
v -533.52178145980065 -211.21123767535772 21.737436408262823
v -531.62224346669666 -209.85883319716044 24.218168654813056
v -520.50488461527459 -92.783339082702696 84.768846028881015
v -523.17006376895381 -91.9672554301861 85.908959498954005
v -524.23306270805665 -96.977761872762159 83.835568884478093
v -527.02294365465275 -110.40549052425595 74.044338468791864
v -528.25451159747161 -114.46179784313372 71.521914038714854
v -527.43317662623747 -116.79129819229095 72.750929807053282
v -536.38015875675251 -91.577029454412298 80.791108234874628
v -527.41779114497047 -99.879053799844655 80.691455156148876
v -525.64893003212296 -100.34509678868744 82.020433970443747
v -524.25067780190818 -98.91216116435875 83.598241900597131
v -527.87207939227699 -89.199005183043127 85.841350269951676
v -528.01799823258455 -87.756935706636327 84.009427132647161
v -530.42698145100678 -89.916662261889968 85.584492945977473
v -534.28123539150408 -99.926439675396836 78.354488843024171
v -532.87558454169778 -97.738822681981091 79.890957144809164
v -532.07146424752523 -95.6856263978719 81.326938680029855
v -547.3357201209094 -171.12028877562105 36.580462481485625
v -529.01167584290283 -191.92581858181302 33.941845571097176
v -526.27693362351852 -186.82948596816306 37.190236011036049
v -523.92760443788495 -183.20444490136092 39.756456048724857
v -544.35812307969718 -126.14340673577787 61.851393402111107
v -543.11780308543962 -127.64016012544968 60.363543190861243
v -542.70698684469687 -129.65572197442671 60.439878337971066
v -542.23129617663199 -101.43658994863699 73.953073069968895
v -546.16293949158921 -104.1961127515159 74.295258109023536
v -540.54636227620313 -98.747355345398034 75.776994838832792
v -530.93583574670527 -194.34997718194074 32.014410150188937
v -529.39099599591327 -193.90704708474826 30.084626698584955
v -543.16033229686752 -192.88450751150086 27.874194006007009
v -544.88152313629416 -196.22336472447554 25.55877388847135
v -548.22565763097236 -197.95968282359877 26.158827911122422
v -539.69810911589741 -185.6215133198495 32.066145617787242
v -540.42819140862298 -188.15809715552453 31.029966269417358
v -547.14886601439707 -199.76516010093761 23.288783187323602
v -522.67984887008254 -150.36891964591325 55.689630986393325
v -532.51961161136364 -108.18245743256161 74.673700967676808
v -533.77907441181014 -111.72694222674721 72.204407099449142
v -532.84161800898028 -112.89483966895966 72.470901527252181
v -535.40328827660528 -191.73352018098672 31.963481722187986
v -537.77596287960705 -189.54252682906795 30.807238136881942
v -543.15381506069014 -114.88609492403003 69.103516941272019
v -541.62797100303192 -113.59326171571205 68.995403377892771
v -542.78468154074699 -110.68388659799189 71.291627580110301
v -534.08346831501171 -189.11325013431102 33.579583159476527
v -532.12797012235933 -185.48651843529916 36.186881883527192
v -534.18726264804718 -181.92368454471605 36.222361242852358
v -537.82792997008607 -106.06453245726721 74.081422994333408
v -536.20032437221118 -102.31586649538794 76.734304445055372
v -540.25911413936046 -106.54346593381894 74.055167075570012
v -540.37691076246529 -127.79807619248879 61.888600309772414
v -539.69602961270448 -129.35942530457487 61.519664464969928
v -540.23378635266738 -129.92601184445414 61.768010935540993
v -523.81181325317493 -98.938691554655321 80.722829579354226
v -522.39084682213411 -96.053197092233304 82.521219562311373
v -538.68660882931954 -180.64138288671387 34.481102889780445
v -540.55968153677941 -176.95756336025701 37.989864455950183
v -542.21295820854573 -174.18640965807529 37.879080198951158
v -539.07356641889567 -179.49978751316641 38.114192888298405
v -541.86526152552176 -179.06799669415392 40.557264721157807
v -532.69695283412773 -91.176543218647353 82.012550329295735
v -530.96911005727429 -88.989080945168581 83.449240979622431
v -522.0713276328197 -91.264284453921988 84.011841174618326
v -524.61630279607107 -90.856293205563958 85.578816822957236
v -525.71297191105737 -95.804407921472801 83.086259814527324
v -533.58836787609221 -93.097759452385205 80.611660074912919
v -526.26855803273043 -89.874480389976554 85.567651923806054
v -525.86679034757174 -88.747576141335202 83.588332661022292
v -527.83933347324466 -92.131440877684383 83.970574729978097
v -529.62659757220865 -91.302021056768126 84.401606961266225
v -527.9034678187993 -97.029194458999939 81.460374956759466
v -529.67494411654934 -99.355588741314421 79.638633220914443
v -529.91655645581341 -102.86243261944604 78.14322410956143
v -535.94820151989916 -209.66455068900399 21.488726527593521
v -534.48768352959007 -207.47788137636863 23.153382680254794
v -533.17137846894718 -205.0579193649962 24.683167563194338
v -531.67421485617149 -205.61021211589102 26.206126505568058
v -532.09566043656991 -202.41412428464787 26.074252643590668
v -535.04364928109271 -104.58658303672064 75.300960239561988
v -532.4783803387561 -100.6353951711676 78.107502281263208
v -530.02472995225446 -184.12760771578826 36.007356710578513
v -528.49661824075292 -187.37189947892529 35.834025865471887
v -521.84713600202883 -182.2419653141028 36.513768851974568
v -524.24019902158307 -177.78945096080199 36.813092982281375
v -527.23386609890372 -176.61643428710579 40.025412992569201
v -529.24348977495083 -180.17123620412232 37.72078197832451
v -530.8899636621361 -190.63606678386594 33.467469648237788
v -532.19533027663931 -193.41477943372396 31.7041875713225
v -531.30995825711045 -192.48217663062437 29.611957867719859
v -540.25668481123898 -177.56225603174386 34.3358069045075
v -542.06039396777476 -177.04397013649867 35.413319601986849
v -532.51282783478462 -104.34728672814803 76.162218271973984
v -534.23680922891754 -107.36628580385309 74.045974991387482
v -534.93733162160038 -110.87065403500478 71.904109068537011
v -546.05931902975124 -202.84417796174364 20.116356474354681
v -545.79931328386965 -203.81063682610068 21.250000835611537
v -544.38869495993004 -201.31799882487283 22.918431811516754
v -539.15990255462009 -192.16855666438124 29.035603880668411
v -541.19871284766532 -195.58444891257435 26.763599652381345
v -532.05714079266988 -188.74343432309362 34.091645240107198
v -530.14868119015318 -186.38957108270949 35.793071571383926
v -531.92246555296765 -182.80280680728984 35.895008339943175
v -533.85150932065721 -192.43899228847246 31.676605113018685
v -535.59609758990803 -190.25116032879455 29.981321004846698
v -523.99570129511346 -89.847645803871231 83.607052455790097
v -527.08567760697679 -94.593782096275703 82.890348025728997
v -537.05535128372628 -108.43607627431398 72.613604228896563
v -538.26997452321473 -109.6527478437431 71.490479161791598
v -523.34080376441739 -151.62751615725938 53.408057381225696
v -530.36150549303056 -97.086079471318016 80.589524563566385
v -531.46341747550593 -101.98458356485574 77.731431062852579
v -529.28275670388985 -94.8334018924335 82.10166578087204
v -548.85532101116348 -165.57440334153415 38.655884606693725
v -533.40890187280183 -191.24551390156574 29.576973741020652
v -553.90309771370858 -158.71724207722983 40.957467942865847
v -550.94265871391963 -161.48183046543525 39.204648105508873
v -536.2052001150023 -115.47705703162666 68.893623815012035
v -532.82635072142421 -115.70622765699514 66.460309304216153
v -535.86212263008849 -109.01215192723934 72.49652404783744
v -527.50318544492427 -144.45946825437812 55.480232845541863
v -530.53720578179946 -141.89302943366758 57.199353231909534
v -538.33885034929165 -127.31166513414553 61.97489175134902
v -539.88406342261396 -125.24453683519359 63.249727976945962
v -538.55176692506939 -129.23323207284577 61.022011219436259
v -541.06404202317117 -126.12692138126228 62.887927704041168
v -520.85650344960561 -149.93844477969625 55.007132631826238
v -522.71255340394691 -98.729798964576247 79.493521354926656
v -522.64312545661915 -102.72989949643434 79.243148709878568
v -542.28283656299436 -175.22828847820966 34.710266054892386
v -544.57562418522457 -172.15515079278438 34.994803863919458
v -527.72818502587666 -197.02752794936592 28.702632000179712
v -529.28064362699445 -199.93707663953512 26.894780352485185
v -529.19921710505696 -203.86086163283338 26.721869965540861
v -530.54232682553709 -202.43945223553504 25.416466107068345
v -520.7837066659099 -189.38548072243765 36.385683326561683
v -523.75777407281214 -94.448606472593411 81.892423100740828
v -525.43943064780694 -97.385598765889199 79.871283323529596
v -534.94869377507951 -209.49159852031681 20.36435802758843
v -532.1448857260948 -208.95665985306835 23.319461483801781
v -537.69937877740483 -114.46213202790423 68.645351952869774
v -537.04245174840776 -112.9619239832258 65.912279661553356
v -535.82443979328843 -113.00185030534549 70.353146299618089
v -534.09173192410958 -91.992100481143822 79.451212574968963
v -535.32023934385336 -94.295325616723346 77.810118312899121
v -537.662652659993 -94.060776167480412 78.984385083916976
v -528.50507754824503 -108.5556885155151 72.644118902136086
v -527.02751093061818 -105.78774076370057 74.456377449141385
v -529.66902031068184 -112.5372832312282 70.262028771844257
v -524.25904194327222 -105.26631455788223 77.348925882186705
v -531.55267887704326 -93.752834784111229 79.82986012191715
v -530.30141180118039 -90.972205138381355 81.820242148785852
v -543.2369124942029 -125.95266733512739 60.6644160517004
v -541.82341228958376 -125.76787990531875 59.15099963714367
v -541.37767890771238 -127.58579425864666 59.265878711860303
v -542.0783966876287 -128.82773957919346 59.870221763721091
v -531.57171716568484 -92.794813673666852 78.471606279338516
v -539.64349615959179 -176.87775936612039 37.352215143383347
v -541.29326612732871 -172.85823540377316 36.868695070897658
v -545.44748582947409 -200.71469383807005 21.723002382662024
v -542.03524773078129 -195.44146640448972 25.093815673549393
v -543.71387103222537 -198.6353491782568 22.938458888576271
v -538.08103248458906 -188.60095390757735 29.661150707836526
v -539.97253320627635 -191.96620220197292 27.406880827028282
v -539.6753732198124 -101.52925184449464 72.787061894509478
v -542.70316140211594 -106.00333800893027 70.696490988098347
v -545.90746791196284 -105.76214253771482 72.337841608768258
v -531.10784459016088 -143.17117789298598 54.60301553609311
v -528.48888640626956 -145.30374336906243 53.046781418307063
v -538.74596551055708 -112.02342396555046 69.801112150326375
v -539.22195649789967 -114.39410008735783 68.111745138861153
v -539.0217296913595 -116.25818408641803 67.882567611727197
v -536.66449192655341 -115.66568912925641 67.974498077346993
v -536.78075070374666 -111.73714197757181 70.570938000353678
v -537.43350517440467 -116.63107401455846 67.493976631913
v -537.80591757411219 -112.09413801635699 70.112288637353117
v -537.41889661446362 -208.28651513186009 20.698103565852264
v -536.01551702064046 -205.02748194484488 22.557730766290717
v -534.41018716416147 -202.90934925584341 24.213222737347479
v -531.24649415076988 -197.37083975878033 27.88263677106815
v -529.96621426601837 -199.85081125730494 28.363138214772029
v -542.78656320882305 -113.55634989975798 65.753743940766967
v -546.03558885647601 -113.69737096787297 66.323197355153212
v -540.01337290886397 -112.45166381510828 65.887743822510288
v -541.68255605451202 -109.18684479325398 68.36046707198787
v -543.71943595326411 -108.46975391537802 69.309632991046598
v -541.19447646304764 -114.92705847552185 68.461863104291481
v -540.19782632474698 -116.07393930241398 67.555286325857722
v -543.80839339521071 -204.4578508064086 20.495669868478231
v -537.17365181472576 -192.8725063860706 28.239559249495905
v -537.16020162470966 -184.82971701099279 31.371456046665234
v -546.20661983444245 -116.72865051741452 65.392468550836313
v -544.16226279521254 -116.23356942756888 64.394540033451435
v -525.21535511652007 -92.015318535153199 82.114173246314948
v -519.03193758976022 -149.18339908027536 54.742066424251291
v -527.49678212730771 -95.800249800110521 79.46011237550384
v -529.04416154840328 -89.315701251503555 82.937254420336629
v -538.53245733571032 -177.34974542989016 33.241515532532951
v -536.23937076483037 -181.05848011440833 33.081761385493934
v -549.95256592006763 -159.98589691169684 38.570598288074976
v -553.0350893375562 -157.09643489642045 40.507101603735336
v -528.25457248833914 -92.281450943226289 81.094912607056301
v -524.57526879597049 -96.952336433360813 78.518956461510754
v -529.39629968594238 -94.734732813435613 79.414794412036599
v -529.10382487287075 -93.918540950429005 77.996580080379118
v -521.02296412177725 -150.61095195356177 52.313678476822801
v -530.97507355058349 -128.60910954652064 61.052810108756802
v -529.0587028749851 -124.27660991197735 63.212599583567354
v -535.49319710068244 -126.47691682857294 62.174356790266401
v -531.79691067052204 -129.87553933048156 60.157912570703012
v -536.72662308767326 -130.66838795320268 60.155422129100103
v -547.98221971413045 -164.24641885364059 37.451828268151885
v -537.02633963212656 -207.58519803763858 19.307874737722919
v -539.52225488882516 -206.68886853787262 20.126305776800287
v -532.81463897188883 -195.55996148044557 27.699463584373845
v -526.02350340478586 -143.66895391865464 54.395840837293868
v -528.0931378088834 -141.79926301326867 55.472760138301879
v -543.83021227074357 -203.608350107597 19.242263633529916
v -541.62121131213962 -205.45222796509555 20.091377355541468
v -540.1012587200313 -202.98909041943716 21.765384717655429
v -541.22210846454391 -204.76950860602605 18.808752157872888
v -542.58190922439962 -202.30596931443463 21.93483185139057
v -538.62221484792235 -196.0683633407119 26.128868871020593
v -540.98343399352302 -199.43311511811623 23.86147889799463
v -538.30564599154798 -199.10322626251184 24.297208458371436
v -536.47210487970324 -197.22248686194456 25.706114550499251
v -535.07878496560329 -194.26327732646706 27.584876822438261
v -524.23656438429725 -100.7543843945855 77.830898144219987
v -529.17758455130422 -195.04611717745212 28.06333801279375
v -527.31969029745949 -191.3374409948627 30.276588948636018
v -525.35140425090219 -193.05179946643167 31.416557240452985
v -531.55075778309254 -198.70330895036426 25.425976209061744
v -524.60336094758816 -187.01006683227601 33.330164447707517
v -523.64824143328883 -190.24239099047384 33.345790173823971
v -539.20736298845486 -175.64377166659082 36.690821036048106
v -540.41325696381364 -171.22959355674749 36.256687089064968
v -526.64990938972096 -95.390608720520873 78.033029497540838
v -534.38552942908518 -206.20903881493987 21.549264889514504
v -532.66911187203186 -205.54811366619336 22.997321912559023
v -530.20506747808508 -106.50216415433717 71.861995432113645
v -531.59708174171783 -111.24222872098014 69.06492783826377
v -512.24448279484409 -144.38076172794595 59.418233941219526
v -509.87044305933915 -144.14003750035286 57.607737418926185
v -512.85096141481392 -139.66500332355653 56.345404092000848
v -515.27916926362991 -139.63069159143291 58.246043174408214
v -516.17459375944816 -141.67761525767898 57.130076661731941
v -514.24747490651771 -139.31849606931942 57.049196295064263
v -544.04526250565459 -201.44912880583965 20.883288849167066
v -540.28723654992962 -197.76734231596666 23.157892200854342
v -541.73229195036959 -200.0974273243425 21.592897093404844
v -541.55420668833824 -196.96614813582943 23.890199245012674
v -534.94120444305281 -187.12000636325686 29.765160878565318
v -535.61791894467683 -189.40166391888579 28.727911906245083
v -537.27904563024947 -102.75234611726454 71.554298861713249
v -538.68880277164192 -107.53617601580191 68.754943585431192
v -535.25019120891682 -99.551108736358287 73.79192580837335
v -536.98479644563326 -97.575410012887943 75.487538602675272
v -517.25315238329881 -148.70104156128701 54.961420148340643
v -537.86678073229041 -203.63782279662632 22.130359595447331
v -538.98713700044436 -206.12924045386922 18.824865402846612
v -536.63011076326779 -201.1124848190631 23.748256609122372
v -534.53957075497499 -198.74465412481214 25.633313305813125
v -541.05884874237745 -173.86729251976374 33.585068440357475
v -552.04123334528674 -155.69909427814008 40.498571855041476
v -548.74982883625137 -158.58397468554077 38.343977623533078
v -515.68256285971688 -147.96597534575449 55.600780420333699
v -537.8182193240259 -175.16580606612177 36.16454370603099
v -538.40831640454712 -171.36750884778337 36.110075004762336
v -536.19552088527325 -177.73984684348034 32.419897209499027
v -533.77393918837822 -181.87234570136874 32.166226491675957
v -528.01914418743934 -97.668395084240842 76.43133884733281
v -526.83058912784907 -101.00273704972207 75.796288672263231
v -540.15300649844096 -123.66617347467025 59.818812633558338
v -538.04371440564069 -125.1174865447945 58.829578419627467
v -540.03985883034284 -127.28831197599352 58.334500641470015
v -543.12121848415325 -124.34085961864403 60.635251789811036
v -541.88191838077466 -122.54978184284319 60.610727409402735
v -533.64464245962688 -96.058048925937939 76.216902078599674
v -529.94168749125731 -121.61427359887546 61.44635793777708
v -533.55983137399903 -119.2763604333127 65.961936450778538
v -527.08194862889422 -124.3766431636278 60.118955741064795
v -525.54218911277076 -127.94367336643275 61.359703535138131
v -524.92150365468331 -127.56436262860625 60.57624484224128
v -529.17366280540693 -189.19168180260715 30.091562937770334
v -527.74538876843962 -185.61266320110835 32.246931357346682
v -530.10562511697401 -191.27438083393298 28.880438783697443
v -525.66699102617997 -183.31118826997485 34.099626987264983
v -527.3856094478856 -179.45676705620929 34.557260648654008
v -528.85103906112897 -142.34251599509474 52.953106971756164
v -526.65433508392084 -144.14392219402706 51.720665443544419
v -534.97935345864028 -200.41001688547044 23.00790010454466
v -534.09718548389901 -197.0461832842189 24.779234760585929
v -531.03180469941185 -195.3872895810207 26.903669080531643
v -533.31299312216993 -201.67442167676387 23.408428096009779
v -535.16966637714825 -204.6298098572012 21.358151416866399
v -533.03595282788922 -106.23490807249544 70.509959473930991
v -530.93836750271407 -103.00960795608859 72.828755364972906
v -532.69754064623828 -109.90173946163549 69.032479320188287
v -534.66525883635677 -110.76018130454369 67.921456091605776
v -518.37622845610122 -149.94298619465786 52.022643604304804
v -539.78038360306903 -201.94469732656992 20.643310485920125
v -536.64111708721975 -196.52502527065158 24.262565597442126
v -538.1746935179541 -199.22360895580391 22.463228632561744
v -539.21079722318029 -195.61708903709479 24.577940846591638
v -536.25462987906576 -193.24711636538436 26.314880213027784
v -537.41435808392862 -192.50937647799029 26.652926376418357
v -533.0767133531275 -191.05952843021365 28.030113542630055
v -535.13367800198353 -104.76380624280687 70.568246150403837
v -533.19535726054335 -101.08779810421338 73.041096052262688
v -539.35108784025294 -109.99391991545509 67.32134370397074
v -538.85314358056348 -114.40816858834907 64.981479438588337
v -541.02399959427532 -115.91999671156725 63.981283566028033
v -526.6332620411373 -173.33693660750106 37.112417112588183
v -529.94137669010388 -167.18188434329767 37.526195827217158
v -531.20090565818089 -168.71176690042486 40.348122731048932
v -533.44955814118009 -165.50669778415028 40.107396381981381
v -531.98366423238497 -174.48776583425979 38.032485255716523
v -535.55248302569873 -166.91294168098128 38.470201297917086
v -534.2570976354408 -170.0570252960963 38.184415037130137
v -524.43292321247213 -142.56489752735928 53.720707252660027
v -526.00798576134491 -141.3031772963501 54.522567711632782
v -523.85732544758127 -144.25458569658889 54.066628019683598
v -527.28139310578206 -140.43310187787458 55.196097964085304
v -536.41367856446368 -174.95408066925839 36.048193587051955
v -535.64428136601339 -173.32866528025934 36.340404127557491
v -546.87004250257883 -162.87535892697326 36.634094972414616
v -544.99581217919922 -165.47602283598295 36.553462095806523
v -546.09893780221182 -166.19468856223736 37.160689323483595
v -531.55560055515366 -187.81265255013588 30.039261359430903
v -532.89300315575758 -185.61201874695001 30.745680742882691
v -534.68385911587529 -184.48237432633826 31.010271905600021
v -531.4686422921792 -98.49376611371261 74.910911695449585
v -534.05754508138682 -176.44617499861508 36.227991336395348
v -547.40433856886955 -157.35753222548519 38.537960193600831
v -531.10924278717278 -183.25056335027207 31.714446537463211
v -528.84156873157292 -182.66843873361708 32.638589164827835
v -537.4033749542275 -202.80714903196738 20.9400371798774
v -535.94358705295315 -199.78585481507952 22.869633589774239
v -532.83560703221735 -194.59375389400054 26.352891301960582
v -534.86382062922155 -194.05837888577418 26.011421009184438
v -529.30109447997802 -100.01188662651148 74.850092169315204
v -535.96939543038889 -108.35318391976979 68.529726735468756
v -535.17430483305725 -115.23827898666549 64.737336008964391
v -537.23585454151055 -116.65412453664965 63.841634302168025
v -536.77747374810326 -110.69499764965533 67.184018478388907
v -532.63463461983315 -180.51360423985818 31.923292868053579
v -534.16002645249353 -177.77664512944426 32.132139198643941
v -538.48632963129012 -174.12264172488756 32.698022796338044
v -540.32896666117585 -171.31253647961375 32.921664642929251
v -543.1496907695564 -170.64354209464301 33.727126081065222
v -514.35778404769428 -141.51240133129912 54.492898970169065
v -516.12485031102005 -149.01393190107672 52.282855085971576
v -530.54894608622578 -179.91314762152476 32.751138555246044
v -522.89699233435658 -141.54296972156661 53.589031640501489
v -523.88217076998126 -140.4103252496239 54.228613570961073
v -522.95580320233728 -143.77980742245185 53.911410026161313
v -525.01532816705981 -140.89045315549299 54.365942409371421
v -545.58345634961086 -161.54092637610159 36.250260261420209
v -543.93541074686971 -164.43258652604908 36.232068308794354
v -514.27977816663122 -152.84006640956176 54.666614535535565
v -536.18212628991398 -174.07265535188449 32.418158540531437
v -538.15308173492372 -170.44243616001546 32.700928848727123
v -526.41130501629959 -141.08584252449117 51.889710398877511
v -524.52291446041306 -142.77344489071305 50.865942422942673
v -531.94867842611382 -176.58243652448655 33.1517238850656
v -533.39329016864156 -173.75679601823293 33.388884405757722
v -529.29097023362556 -174.95968656599382 35.132070498826835
v -531.35959075399887 -171.76381496212659 35.167482550431778
v -521.56716690747635 -140.59065586030468 53.916577665268768
v -520.92415117493317 -142.51909867120099 54.055360790897126
v -521.55943155235229 -143.36441939569977 53.924013808318023
v -533.23031176470408 -117.60705325780876 63.514690028838139
v -528.71037008337271 -126.62921307047728 58.101631157016655
v -535.3088255572867 -170.28487686864958 33.603874189089744
v -534.82539829492021 -128.60246152581951 57.156308767122013
v -534.02215564282835 -124.03409002820861 58.732269031147666
v -538.11902642790938 -121.61626487177928 60.434024097483913
v -531.59735893531592 -127.11614607500621 57.248315594924918
v -519.85528157348392 -142.10683355775492 54.450047000028647
v -520.09296883282991 -139.63954054388876 54.702035122935186
v -523.51806420548473 -138.69748498603167 55.027434851675608
v -515.56974121629355 -137.06511420867241 56.38637897812724
v -515.95350584000573 -135.00675576998577 55.031389293537288
v -517.65227930156163 -135.91615988023784 57.329395704001065
v -517.40607853453548 -133.84152057347436 55.951148887563207
v -518.87262406719572 -137.77785021206333 56.015715413468122
v -519.66548457734905 -133.86180837794151 58.367766496794623
v -520.28896970293863 -135.25895551345366 57.550503315270454
v -518.85865122906546 -132.67628537696294 56.87090848158914
v -518.51773448174424 -141.9037296345399 55.19558976846686
v -521.82945022818558 -136.87209125520246 56.374001916976525
v -544.19725524959506 -160.32061630887753 36.322528201794597
v -542.44118535007374 -163.57923505846404 36.25634588435549
v -534.4675517979889 -166.09884439745375 35.524656297759321
v -532.66985842074985 -163.52396631194031 37.361671956519928
v -521.91811731014764 -143.026447242225 50.944796818565685
v -521.47142482736808 -144.67633935126901 51.184792301570596
v -524.5151838992889 -141.34810091253391 51.283431615738095
v -523.49856211017925 -142.0733851475315 50.784517155501845
v -542.79197133575587 -159.28544703110035 36.846837140532379
v -545.50235259262286 -155.76675254989675 39.524652388808789
v -540.07863133822286 -156.12439235642844 39.375709063984374
v -537.83056815216651 -159.32856511470897 39.616857501268271
v -535.52277830779963 -159.69922122398717 37.189644628158291
v -543.38532070023405 -153.97956584738435 40.930681699247629
v -540.71456689347872 -163.67469965741157 36.65994371184668
v -539.72635999553245 -161.5753836950179 37.837785787493431
v -522.47420975994521 -141.37332540435003 50.70309188806101
v -520.58963166104502 -140.18235061122843 51.098213945238335
v -521.1634849466609 -142.14602540305216 50.994126455975234
v -522.13851233042465 -139.99801501891216 51.264623113630059
v -523.0722676462359 -140.78897203207615 51.008740180577703
v -523.62429404585339 -141.17421127349672 51.086047166846711
v -514.41263489641165 -137.32026278863924 55.683991462893744
v -515.39716670361065 -138.38553734561145 54.561778305894336
v -517.34221304434482 -136.80128008268082 53.681493017021722
v -518.29126446099076 -134.66207035864284 54.843309973512945
v -517.30103660876989 -133.71956724916262 55.647437060168158
v -520.52500999890469 -138.02302693481181 52.381931046523647
v -518.63304702290748 -138.85892639339031 52.185454237227646
v -518.62244022139691 -142.41637770215885 51.695666982104257
v -519.84093580600222 -142.69843247300841 51.312957297647728
v -521.80281490090397 -138.62270463347431 51.826154339199007
v -516.25518139272754 -140.52217312227111 53.421273351639016
v -517.42922521514356 -141.15649696732663 52.457338450450798
v -519.63390472834374 -136.50687170052385 53.470189401601786
v -548.61568965333743 -128.31977707764534 69.332159269460547
v -521.31588397135067 -196.71669929472657 37.868804554327546
v -522.59717208603877 -192.77017595636167 34.280495218111639
v -546.04098497206814 -125.02637032676529 63.78585429683973
v -526.33334436996461 -130.86021656297433 59.914839530260821
v -533.07633541288146 -133.53869971391663 58.422243948427791
v -529.78282000124318 -131.90866347815705 58.967168123576329
v -534.90147925027736 -132.10354383355966 59.28883303876394
v -522.07070746109548 -131.40742714617662 59.608332087734865
v -522.41363157497324 -129.64560421130875 59.025643615079808
v -520.63614140201935 -131.16094479413579 57.948276048334471
v -522.34061314869928 -133.74640450407333 58.377103633522069
v -522.85093162587043 -200.67917706447344 44.880999995816836
v -533.227164533115 -200.41962469615916 25.699115895792787
v -509.84805454032676 -155.79750867822727 68.527718543402045
v -549.97459765447036 -106.66946229806672 83.701934360591721
v -549.86781596654475 -108.11549113322917 86.004534605380684
v -541.53537757332981 -108.57534985191751 72.704193543296199
v -543.18368756485154 -108.54479269001618 74.085445709325157
v -541.82118817584967 -205.24575276638174 46.902940701755824
v -550.92557512199733 -202.0218914426562 41.223824358411406
v -549.44795673852047 -207.51003763010604 43.251172620522638
v -535.58250496611015 -162.53273787298943 39.858005938552168
v -540.62151230717927 -161.31676968380845 33.971573958973373
v -539.08493580155073 -158.58519703789688 35.725135780920851
v -540.51395024667465 -167.39321867620984 36.188174135098819
v -539.21812635088475 -166.30705615567982 36.593620634044932
v -537.9543473199318 -164.04377730724295 38.041267632971284
v -543.15512767951873 -103.77766385090948 88.275094427009122
v -531.50588485409196 -213.95137539435797 38.437306180122889
v -534.5104945007887 -142.07613959302415 62.391097929623953
v -537.54338586661049 -139.91991412570482 65.129755973510441
v -534.1877449742683 -142.81556411903091 63.361810415062592
v -543.97644752892131 -96.560840156021655 83.719677750123395
v -529.34643425904915 -212.31449829458072 35.115669718607336
v -529.06538724614234 -212.01881601841555 33.625313542486495
v -521.61314049628663 -199.31271090186362 42.650253234794462
v -521.28676350694764 -198.31315728574137 40.341728559982087
v -544.07975144217812 -122.83036532164475 61.768588144507717
v -542.18541509660236 -166.9011124103198 36.227184296359248
v -566.95442003666165 -156.24518120772296 58.064170351673575
v -523.0871930191546 -199.71936486446714 35.820100985197357
v -528.52419445356202 -210.68380323278296 31.841839565825076
v -542.86797864509094 -198.46257965223862 24.842657875989822
v -541.5971096919958 -134.71356040203972 60.888902631061164
v -541.47367917677116 -137.07641197228563 62.156439796886737
v -533.3685297661051 -91.827756917152868 84.97787537567072
v -532.36231185073018 -93.57023067506158 83.008147337234078
v -531.14409315619594 -91.29635507810886 84.609751261212182
v -538.08292954778597 -179.34161222949174 37.366640239539571
v -530.88335665177237 -206.91732636814183 24.78146511951131
v -539.89999582615019 -134.64146549477965 59.522911590205467
v -540.29688922890261 -135.63712354626111 60.030618714715608
v -540.57884054585054 -132.70898527399953 59.420227092795017
v -539.77058738086623 -137.25831317142186 60.473692441118729
v -541.60751054003367 -131.80485742121013 59.997505911209423
v -539.55017055166752 -133.6131131267889 58.842948274380603
v -538.86278938902092 -135.41377170997208 58.924498827357624
v -539.23092309084325 -136.39891675316483 59.375346499608355
v -533.17605809434963 -141.80631100293641 69.789489551491542
v -533.83580454794321 -142.37183361876671 68.40733464842863
v -525.10299541240886 -136.67530019402483 56.186431968347485
v -527.7687293319641 -133.9417876258326 57.776423676449554
v -527.30876744001978 -138.07388150179185 55.683768557806097
v -526.42641241888714 -138.7676991457468 55.264821174345137
v -537.54652198566259 -119.04804226921995 66.261523201070574
v -535.62960507570199 -116.86924623060852 67.303644201824198
v -538.23691457336747 -128.74040221138762 57.552699374142819
v -535.5868363845052 -143.33133906585624 71.418637400038051
v -536.02186436712566 -143.9247566750343 69.893973573418535
v -547.025425849062 -173.23154091328772 88.239734788502531
v -547.41990746961574 -174.02712374593983 86.87788541995792
v -546.34143840745185 -174.96194869486553 85.87552896958374
v -540.41240729134665 -117.78779448774331 67.265630919858609
v -541.76892154831751 -119.45062571766289 66.575770403353033
v -533.81118745549179 -140.7803367137559 56.172170164997127
v -531.44313111291126 -141.55640414630847 54.668430058044279
v -533.78618715869368 -139.41332260791228 56.030446636293448
v -535.45937038812917 -139.59304801938418 57.208194525328572
v -535.46913460418182 -141.99465302802065 58.351329201914965
v -538.45261937691737 -138.19227378650416 63.791434797439408
v -536.33046465199641 -140.01551414363331 62.583352812107428
v -537.37701703725452 -140.35893920910215 66.661988473973423
v -536.79223638464373 -176.43066212356365 86.55422920914215
v -516.30315216493989 -143.47440067169717 52.672345366162119
v -531.24116998330692 -140.29802243582341 54.249681323073062
v -538.98513435450172 -188.09893851948061 50.649101216547876
v -538.43077197322179 -185.8469915836161 51.625409354712346
v -563.47176139478108 -162.69861259624346 79.26965348449454
v -536.54717781467878 -130.07203465376145 56.813174287481715
v -531.15489010481269 -131.49444325497382 55.632664765457761
v -534.87595688796125 -131.43858378443477 56.093273087903519
v -517.24216705141419 -143.42429832249306 55.671327342025023
v -525.34119762294301 -102.78391358244895 76.485996654435212
v -539.15437469491792 -96.117049171503368 77.704198646534579
v -520.49752012209387 -130.66622184086097 57.108766608332857
v -524.04651488127274 -127.27615059323637 58.731252970690505
v -538.57445442761355 -133.4747902414106 61.216675787680586
v -537.91640697284299 -135.83298157979408 61.416996251857974
v -536.0677145156734 -135.46560612604179 59.842913011945505
v -536.16453180159817 -137.27644968058746 60.418730442534624
v -536.11784256723809 -134.30462744273348 59.854585257047916
v -533.69553899043456 -136.10803305637171 58.598341515845988
v -533.70169285521206 -137.09167505106456 58.515513628038171
v -535.58878964587973 -175.11835045904917 88.572369320695714
v -536.16358713122918 -175.83899773573012 87.652092855062961
v -536.4132167873455 -174.29081457092173 89.506092787344585
v -547.15294190484178 -121.80600439103743 70.031680685441799
v -560.7674026090699 -161.35912866825467 78.410617748326246
v -537.83990841305001 -137.30891516077861 62.144182958398694
v -535.46120990533177 -139.43060369777092 60.813926405687887
v -546.56689326375249 -173.62514510206398 46.388716317196284
v -541.81861531681398 -182.18763193738687 43.482290647760919
v -541.04350711991378 -181.95910136299062 41.857487514165911
v -542.05422973752763 -182.17222894386839 44.364471463127785
v -545.41614325078285 -174.13176023773502 48.964760121543392
v -545.83812870671034 -173.7824961652837 48.27231843259505
v -546.55200719150446 -173.33526172916717 47.444355117331348
v -526.77310978082039 -138.9646722854848 55.410287704252312
v -525.50384011080268 -139.63357867392452 54.82578715119628
v -529.01256900673627 -138.84993255395599 56.0655875163365
v -528.03555450791566 -138.389971532857 55.926946008919373
v -535.71381540251662 -120.02685086137032 86.296633161891322
v -534.20886633411919 -120.7863199903318 85.144079438269173
v -535.82886950132718 -121.36155723458799 85.308435839003579
v -545.02849917131357 -117.51167734395011 86.499231152046377
v -544.42820105903888 -118.45269155477695 86.438354715216704
v -537.59917677083615 -120.2989154502329 86.228703183309122
v -538.58979712747509 -120.30639334967861 86.65830514534052
v -538.23436668830936 -118.91536950927397 87.590526095885664
v -538.76089940288205 -121.37227132765527 85.954204584000877
v -537.45344211798522 -119.02108335088428 87.206066585696533
v -539.92543508137555 -184.88510579971984 50.759980213650991
v -539.9384163388396 -185.91849279317861 50.218673362650918
v -540.58026202165127 -184.0686742952881 50.227561831142062
v -546.16119482441263 -115.52589419627569 85.99081717084276
v -541.37541479414199 -183.2119053170438 49.807840205380614
v -540.86622364053312 -185.19104239435626 49.051059560847207
v -541.51533308942919 -183.36137800028442 49.16238648999493
v -540.90676324866195 -184.61372735673879 49.750758658392286
v -546.39498315640947 -114.51286446255085 85.530878192522948
v -542.43176252354215 -104.67818271384408 90.12177584902615
v -546.87183451445833 -113.64796838692203 85.152466966197949
v -509.70009852877797 -154.06744369064867 66.875373140850968
v -547.47091811804989 -113.95714090931071 84.069411673892887
v -546.74480142911398 -112.11252407638172 84.719052732633855
v -547.48000438365204 -112.44281488792993 83.821908720083314
v -547.98506161844716 -113.66500477135196 83.400282065121559
v -548.37169115657025 -114.7098307817422 83.094576239388289
v -538.37164128883046 -94.085918011037521 90.222155582587661
v -548.06310753010621 -113.36957393709264 82.732056064939627
v -547.47460330041031 -111.83054761212279 83.024580073396521
v -546.98718012501467 -111.14821573380011 84.076037011304038
v -548.1860930711656 -112.26060127931038 81.997867174827604
v -547.47097377014802 -110.74038934410909 82.514548819444173
v -546.6180877203185 -109.68283670924494 83.603063502136507
v -530.21243516426557 -213.17649107817851 36.736634598571555
v -542.23176533122671 -183.07111364107064 47.062069368811066
v -541.65157887384066 -183.96181905899238 47.644167605457049
v -541.79130411389485 -183.62421138006798 48.484987811724878
v -541.70755473871463 -184.26943239575968 46.972233769433863
v -541.24803317741669 -185.11156493313391 48.314965893616566
v -540.92903779824508 -185.79299466705328 47.342823339041828
v -547.9680043118592 -111.63267906863473 81.267283209276428
v -547.17586562459053 -109.98654938470492 81.667381235088882
v -536.69313004335447 -140.78753940690427 68.033553379386063
v -547.93069057938158 -110.89590205958001 80.564698158143173
v -544.68198825583158 -174.6234628888553 49.475996552660455
v -547.37242242241211 -110.07652823152875 79.852553604135053
v -548.72460985917769 -112.47860167187494 80.135689328651566
v -541.37198848836942 -184.51824098022476 46.088182657258493
v -542.29332726246469 -182.50572558759205 46.229137940629883
v -547.61394096988863 -110.22556698516661 78.774998099375594
v -546.80736834016352 -108.89574093383143 79.166933231668907
v -546.62866426994333 -108.67546311961146 80.283720449033297
v -542.17112734226851 -182.74489438343915 45.249004276084435
v -542.87565861906444 -181.41666983643992 45.452489941133194
v -530.59383415434547 -93.302190192139392 82.978766494975645
v -547.33187831831617 -110.22925265962455 77.930154822230364
v -546.39477110119219 -108.78854113738738 78.343129432306938
v -545.44517520524346 -107.19829144615474 78.848561861599805
v -545.70985565194849 -107.01528497265235 79.827053349654918
v -541.39024617845826 -184.32904748826047 45.264968796152544
v -523.01599814076292 -137.06305865572017 52.554094733159687
v -521.36852862460148 -134.69199194774018 54.296211844485647
v -523.36769168173896 -134.12885363908114 54.301581291244169
v -523.08932801926744 -131.49742886936988 55.979058702688569
v -520.4547170321556 -132.8827119921653 55.573675796243791
v -520.88302183208032 -143.17596492213761 51.075928641025428
v -538.83127333637822 -139.09430911749095 60.330158384142393
v -537.54111435901359 -141.79857550357332 61.014802876822223
v -546.84081342048 -109.52880862679513 77.360352599099855
v -546.22564119232254 -109.41807099230898 76.407345792248407
v -546.03746571288832 -108.29813639543357 77.650973952050379
v -537.10755332076678 -138.40575932501241 58.244218885660018
v -536.93493612501311 -139.55960259120138 58.753237712357119
v -534.27076990128694 -141.48590909748924 61.076400565293675
v -533.33422636820012 -141.34829836536431 59.701351018589591
v -545.62764604091785 -119.65916869176539 68.160348128494178
v -545.02856009232755 -108.27533691207535 75.899773443770741
v -545.24756414899196 -108.00588650830335 76.944332832088179
v -533.30494802810927 -121.29907497139345 84.143294562775196
v -531.51608395814947 -134.76556414192174 57.681427328308288
v -550.05373211764913 -106.22609166781785 80.888752102794641
v -549.32433227086312 -105.6221491772977 78.04804217761189
v -541.19481233805493 -95.95780107973431 79.561485397239892
v -539.13744785833399 -131.06283286974212 61.25338212843144
v -551.12078413514791 -110.4370254876641 84.611481194298889
v -550.46992385226599 -112.61312645748212 86.841021697599217
v -535.26643663353616 -138.62778065141953 56.942927323077186
v -536.67516488726676 -137.50209821299671 57.776719367789184
v -535.38376353515775 -137.53038704589943 56.741487851321054
v -536.57843353658473 -136.29010942907536 57.300636802747498
v -535.15095599263748 -136.86739011054811 56.443159547968285
v -533.51720954455197 -138.49062632183549 55.505211935523249
v -536.07925442024271 -178.4518185104474 36.204750179945123
v -537.9085650434796 -177.8300068059196 36.704428877162457
v -532.47080879676025 -179.56368471697084 36.115578545233205
v -536.3796985246837 -132.05757350471669 59.982820635373756
v -534.86068961220099 -133.13068431733899 59.26244253938065
v -537.27791785611237 -132.49351045511312 60.296785389812491
v -533.11586176611263 -139.85192358860036 58.721897761551148
v -537.66157278865398 -135.1476456798602 57.80091704850679
v -537.78256281298559 -136.12201688835668 58.26561670163742
v -531.24776937450724 -181.84564621637958 36.061467627905913
v -533.24322050338014 -180.64725627591889 35.909696697129789
v -534.5223126485248 -178.27373665930941 35.957902348171331
v -533.95501605084678 -134.93712605610955 58.568381231845585
v -535.96062012117739 -133.33051606291181 59.589429317525614
v -538.63188396905889 -130.89608144413157 58.299602273278168
v -539.78191474744983 -130.14989502805298 58.840180029927495
v -532.95309103639897 -132.94197398312005 55.248933362547625
v -530.88272328774451 -134.47583491289922 54.409898047671142
v -528.97148620001781 -130.23458954633566 55.785346115372974
v -527.28632170504466 -132.14193912349441 54.879856266886165
v -529.07237475333875 -133.5402276257654 54.624291466872926
v -563.25916411245578 -161.38137309868759 79.977122965941604
v -542.32390210568065 -116.45530981589465 68.032142318643693
v -545.10555471438454 -118.24577335414233 67.990599315265172
v -543.91597879489711 -116.59628842780262 68.463734774698111
v -543.18408214975318 -118.175758092235 67.418119446017073
v -544.11742988653771 -119.69970676080756 66.935077481296375
v -542.14956597844127 -119.43361773252623 66.442368699850874
v -541.17369615159407 -117.75377851747014 66.998827512854291
v -524.30857767541715 -135.55617367818678 53.264230575779521
v -524.29104681206002 -137.79511099530862 52.439230545010119
v -523.28185650633009 -139.26480880298823 51.706834797210291
v -524.91921600384023 -139.4060632200077 51.763759577259044
v -525.53046756481399 -138.91424767392206 52.028926499558573
v -525.7867279429006 -137.13492293687574 52.844740118418578
v -535.89429196799324 -171.54241610741127 91.440024499524398
v -527.12741960761605 -138.36064256029394 52.891870886591285
v -526.17913963095225 -138.97592490796796 52.446127109909298
v -528.25428734536456 -139.80932086452952 52.779778986692691
v -528.63913345315427 -138.46969936473772 53.281568713323885
v -529.94558993627572 -138.31866581369709 53.69056974321969
v -528.44113708781515 -140.70346649525254 52.909982970014589
v -529.79843991055509 -139.85813798390004 53.63250991006818
v -531.78787363458002 -135.37661443718451 55.070804493717475
v -530.35615449167915 -136.36577615930008 54.380092439406717
v -529.34275076852236 -135.77757256492544 53.713771763660539
v -531.18564516484582 -137.48071195569929 54.283284519196172
v -529.14176487631255 -137.2089759231479 53.792994526406588
v -551.08739938479323 -108.68316072704158 82.460727208009686
v -529.95583250341758 -135.992428569927 56.940610708188785
v -540.33697682920206 -186.31806220513721 49.681358929341172
v -540.931945525841 -129.40370861197451 59.380757786576922
v -540.92478629263428 -129.74414337856948 59.278530227566499
v -548.10061231246664 -105.1015248271095 75.797999789470339
v -518.29974747627352 -132.76557852098605 56.104015576738938
v -551.25143412505008 -108.74799917692921 81.022320896030109
v -550.2596960588354 -110.45917862943173 86.335607952902379
v -520.47496374486389 -171.27223474466516 74.949517609200811
v -546.28369774920623 -169.34014882163166 34.971372625966552
v -544.41947656779826 -108.93846652962674 74.324624179470987
v -537.76700600554364 -133.82217802927596 57.92983166604327
v -539.22233038681463 -132.8659158867531 58.710766256513928
v -537.14378192144704 -132.74769361203448 57.339237469541551
v -536.33096250962876 -134.64613362453508 57.138591286817658
v -529.61840959222343 -140.67616257070259 56.341388431817684
v -529.69529478135337 -139.3065383755775 56.458262996158702
v -531.40476953172106 -139.09850344156084 57.261394530058709
v -531.35086709207701 -140.24201018451808 57.504930370211646
v -540.32089732353711 -131.52538795825606 59.153194879881745
v -540.40655082077751 -132.16771860640196 59.360022419631733
v -542.69043793154549 -118.61825532193403 87.098055479294629
v -541.87954216826654 -118.86920319472145 87.407347422758193
v -542.16835573729202 -120.0289699017309 86.771020335198216
v -541.11618503766817 -119.7139869497079 86.936986822490468
v -540.28799047225152 -120.4356796121026 86.733029381021396
v -539.46190707279345 -120.62111181539426 86.411374360039943
v -539.3040212693212 -119.50885675551139 87.122580759534259
v -539.97532617120328 -130.74074449325548 58.833386497238095
v -533.52847408202933 -134.20571384112239 55.90033108556576
v -536.11768585030552 -132.56725740061432 57.106054522038029
v -537.37478490968215 -131.73166942237296 57.702828397658152
v -531.78342197667985 -137.59154113059037 57.587295383405703
v -525.25290716320046 -139.57527503206342 52.010368304447269
v -526.7529706867615 -137.93061658175094 52.559260344157536
v -528.2144027597468 -136.75474226267804 53.193243911129521
v -527.17094607409615 -135.73655841665897 53.572714193056576
v -527.36422224773526 -137.43880103566539 52.824427266457064
v -528.08175063650435 -137.74143404554889 53.340458990832353
v -525.49427731587889 -134.02840868162815 54.005177452401696
v -525.94607364846252 -129.5236835572955 56.710726304756264
v -534.61497262131604 -138.55994943761584 59.540030056760436
v -561.82092025797147 -159.37029688659121 53.336505642191554
v -537.24607360232926 -140.57829834062437 59.51791547774998
v -539.03428410704066 -131.24591849530196 58.308883848554075
v -536.38939710855914 -135.68486117052052 57.148755953193465
v -534.44156846866213 -136.03523501703833 56.150215321667666
v -535.91351961700764 -133.7253480725592 56.708292996006193
v -534.59777703520842 -134.81462431453562 56.041052013289814
v -532.77703791753788 -134.78404488310963 58.273006985929499
v -532.47197352358933 -136.25529014125146 57.835270473255946
v -523.69671288189284 -140.38969431217885 51.233425732660073
v -533.3225414293338 -137.05468908846976 55.577068491466555
v -530.98429355872599 -137.24329119929467 57.07723214748826
v -531.02745691623477 -136.18066205915733 57.396016111934621
v -529.20124933034037 -137.516503278458 56.50298228145757
v -532.08284429015509 -138.115647376694 54.884591825082836
v -530.84082283885289 -138.93344056533914 54.218444077621172
v -532.80007151144855 -136.19824567049682 55.111330460160815
v -539.77167528006908 -121.77397689321793 85.709013174885953
v -540.75136518862587 -121.94721169552797 85.825793231685793
v -524.32667469544879 -140.17462515615898 51.574609498985154
v -545.08497254686688 -107.02820840779064 77.939427987907052
v -548.71810731588073 -113.13322355390547 80.867618374271188
v -548.57043376138063 -114.32799887396882 82.308972202050739
v -548.70863592509295 -113.53184020492463 81.695860890761807
v -546.5780740736933 -110.17373339043667 84.421040348476041
v -544.62458614989555 -165.60474737196324 32.3930483819844
v -541.79914217023008 -165.44222397158123 31.297016164080965
v -541.80552577105868 -167.73196813894796 32.361451974209892
v -538.97025093543073 -167.6941355233584 32.513330107900899
v -546.85208118970752 -167.00281470275155 33.876141685090076
v -544.44561684882228 -164.08714845990025 31.956409435141133
v -541.76655277572661 -163.05288143159467 30.8658559624646
v -539.22136706140077 -165.02971791685223 31.255350609516402
v -552.07029347168827 -168.07313007814312 36.728922546769638
v -552.1011596937276 -166.05661340121293 35.319180827632124
v -555.7939264237425 -166.29150182320888 39.09375458019862
v -550.41539863575156 -172.0312785818742 39.791199504450589
v -555.41550273698931 -168.45137800802632 41.249479308201344
v -551.82655227890575 -163.74759688119556 34.413189246180451
v -548.91826015626418 -165.59695316513938 33.975695865617482
v -556.03810420677985 -162.84965049973064 37.579213918568414
v -556.17540791419083 -164.00415875973928 38.032209709294172
v -554.18828651103581 -170.84973245938014 43.176851060231968
v -551.26207744725605 -161.27888814997368 34.063359659507157
v -547.41990746961574 -163.05978053798947 32.835528673657656
v -554.83338426018281 -161.88216673172974 36.528754053206725
v -547.025425849062 -164.6337490065516 32.936568300479522
v -541.71723304342947 -160.53480917980104 31.086349314992994
v -539.01369582538598 -162.96567897057454 30.861575526054828
v -543.97728291356236 -161.52623973039198 31.714769047499534
v -544.5082194508841 -162.82631322890785 31.806805768673833
v -553.82306818546613 -159.27716046062719 36.140726084222926
v -550.46402290361084 -158.86531082634502 34.284114235804545
v -546.20204958565 -159.96111674310103 32.66855019958885
v -546.34143840745185 -161.74480682030355 32.44892776763708
v -555.36736595408547 -160.49704785639443 36.922149103111373
v -539.93840693505661 -170.01594100513245 37.479151583362565
v -544.71627445869535 -167.41770378499672 37.246510895035527
v -544.48923355154102 -169.98006551010616 39.460414632194443
v -541.40421305396853 -158.01932512271483 31.876741921073823
v -537.14185092254172 -159.00938373306727 31.286897457566337
v -538.80566564050628 -160.79659335660733 30.957451876936254
v -529.50699688392797 -169.43231490954173 34.111347020321162
v -530.99760764169457 -165.07444164528704 31.535547882835942
v -525.48550135555945 -164.79496378678908 33.937878344985705
v -535.89429196799324 -168.25164959062289 33.012674857859459
v -525.78769271028307 -166.24526578775419 37.864591845255354
v -530.25593442821798 -168.00544775210508 36.610281977416832
v -524.3816299325822 -167.28918555945882 35.486631063888154
v -531.16106797775137 -162.6711188957689 30.848596570618234
v -526.22315415635683 -161.99945086354029 32.725671769736522
v -535.58878964587973 -164.08569359241426 31.100722104029863
v -536.4132167873455 -165.29123625419382 31.422159576859496
v -531.32757224113914 -160.13327623914117 30.857586367323862
v -526.3522921252785 -160.64320500777913 32.516821326653208
v -534.01411879627597 -162.37237886176808 30.844187228686636
v -549.40735599218226 -156.43208698219249 35.083312637234357
v -545.72902440698863 -158.07066231168227 33.182063590105834
v -553.08044583174012 -156.63120575237176 36.753632475905206
v -555.33873147822396 -157.25083152532068 37.690158500281541
v -561.87594384839224 -162.53742024135909 43.828285988012468
v -560.24965613465395 -161.95170411826567 40.745238590956248
v -560.55669779241259 -164.01268214590064 42.11853023492985
v -560.37646497310175 -165.7796862344878 43.821424855979565
v -561.81781454277882 -164.16821769173441 45.527131001912338
v -562.73957655879326 -159.19596268061045 44.094521332717271
v -559.47265446091501 -159.71520756281518 39.780938546715532
v -562.857445121311 -160.70746517579204 44.736428020679931
v -541.1250794828353 -155.73130022961223 33.274299255764035
v -536.44390480842867 -156.72062959054531 32.207003413549693
v -544.14290033247346 -156.67675491394039 33.488945858607842
v -535.77844787679385 -157.6515575134971 31.696321562781684
v -541.3006213181842 -160.75206050811292 33.895894867651954
v -536.68009844146627 -162.10830325900994 33.724396565361261
v -536.27791703260868 -160.23538028796648 33.843763637826783
v -558.43399951199376 -169.52011284190689 46.986798586438695
v -560.56263923989172 -166.31758102006097 46.452562015660604
v -558.05826937309791 -167.46371429805143 43.242555872549758
v -531.88145185311976 -157.75018579103042 31.39388132965059
v -526.88263679020747 -158.12098773228485 32.578754639082817
v -535.78207189183274 -159.97383397457648 30.994931149301856
v -526.41740082939441 -159.28983227512359 32.509374834013222
v -534.4528292081194 -160.89829088019547 30.827824772363968
v -558.26988158947086 -157.43184376595818 39.281805406687319
v -561.18917946285205 -156.34478155269727 42.527726972454268
v -562.26862165168143 -157.60043134261196 43.457443097177048
v -526.46095644068646 -163.73356194883866 36.523129659706498
v -531.66904486063424 -163.91738547240777 34.220778774304186
v -556.32252285335528 -167.53481160159896 47.743031604057279
v -560.81925236141501 -167.06618120993889 51.115923083737485
v -562.1341188904014 -164.93095284046467 49.258715047547135
v -527.27942026896949 -161.2168768007412 35.356196186681323
v -531.79165580760662 -162.17156330175206 33.712474713721534
v -534.07705601081045 -163.18332103538523 33.934060021469534
v -534.59581639497435 -164.48725972933272 34.369524235374961
v -547.29115117030926 -154.42991399335654 36.075243338219636
v -544.20811532657228 -155.08060711148437 34.674771296991814
v -553.00586284581425 -155.08032835154833 37.663221374478169
v -531.95515002098045 -160.35919952108313 33.694300466164194
v -541.14194173152396 -158.91171403841989 34.506913032508038
v -537.0439842510408 -158.55695268152891 34.408409092665778
v -556.81076908478417 -155.00793243453273 39.500987480955729
v -560.06402648417281 -155.07383764203726 41.936443630900165
v -532.47165774738903 -155.38905412199972 32.656408248917913
v -527.94172455510022 -155.75544348006935 33.206932608185305
v -526.24683911595969 -156.50704385399473 33.236298475681131
v -527.54873240944016 -159.41261160610702 35.200493823008799
v -532.21425120214246 -158.60274880405831 34.114806567085751
v -539.88927021955624 -153.79361137712388 35.018849207903123
v -536.8410004135693 -154.57915469244588 33.826653306073624
v -536.73521272035168 -155.59835097542162 32.927005618349327
v -558.77678956088744 -153.09817419900975 42.098031014904478
v -555.38761602646275 -152.73061475473466 40.457644061856257
v -528.90417344155412 -156.65457334247597 35.764694353305487
v -532.51183603322693 -156.73901583461148 35.084688476673939
v -527.25487852950857 -157.42576064391835 35.747210899558368
v -546.38897098544714 -152.60736598999677 38.069005856544436
v -544.04604632092605 -154.10324768481757 35.623422355727023
v -532.55692134430342 -153.42700915527968 34.379007356383269
v -528.99660405287318 -153.49725927318008 34.599294976119054
v -527.28677298711364 -154.26828774587631 34.204415528833231
v -519.7107603724013 -165.33610049455362 36.739960325320439
v -521.14460896337539 -160.77135208954564 34.528576650665087
v -518.55870307943576 -160.57836062933106 36.893051667459424
v -521.31945099234827 -164.48508382340333 39.118901713093926
v -517.94414076091414 -162.43976523083521 41.854884367387193
v -516.04183949014816 -162.98760064507056 39.679702495088264
v -543.03616551353309 -153.07407733069451 36.697520010466192
v -540.45055249380459 -152.26933724200182 37.459892853617546
v -537.19929149401355 -152.85069507563205 35.802396014707682
v -535.78822020382313 -153.29863273857623 34.993733130443076
v -529.09405921016071 -155.55563410469784 36.44820544462474
v -533.15912842526996 -155.24850823568667 36.414397312199377
v -536.82815227419076 -157.02636238890469 35.266434736709371
v -559.47624112959932 -150.65972718294151 44.204770879507052
v -557.11594061033202 -149.52000723218637 44.076300287592275
v -521.56106504521847 -158.37402612585328 34.16256346434416
v -522.31136639642659 -156.0023605353295 34.36265654724383
v -518.38054482960081 -154.71198796921021 37.594857859403533
v -517.5801455328633 -157.0591007398389 37.599411912019164
v -534.36232480767023 -151.9728622038615 36.532655671059231
v -529.74145215966178 -151.45877822481953 36.829822370738384
v -527.9257102195819 -152.13635232660224 35.990955913833417
v -522.76718473033225 -160.26219029973035 36.999917659641142
v -519.04473614515632 -160.34806552095057 40.451362466355832
v -534.29141747209962 -154.27674425172663 37.889157377578528
v -536.68836782267158 -155.82014691757661 36.323562552640922
v -529.89087597377591 -153.55086523715283 38.514642002816778
v -529.22342803131642 -154.33868485345764 37.531303673940101
v -566.34035143428559 -154.93889235612662 50.541476558636354
v -565.03804081315741 -155.93097415064557 47.040362212942853
v -565.90087721882708 -157.67232309465189 48.746531262747908
v -564.39959358035946 -159.10733045475683 46.742953059672274
v -566.05551447136997 -159.4211615881602 50.520089481810466
v -566.59390457555173 -157.24616165348755 52.26706224642659
v -564.65733929191288 -160.98895536857066 48.876463314827845
v -566.98399297916535 -154.48350142390399 52.896929421544954
v -563.84929371722262 -153.87814691573172 45.938473065497774
v -565.35779373083381 -152.23547812602965 49.303582093241566
v -566.20686010216139 -152.892193293925 50.708943997874727
v -523.02880527359514 -158.34643323050773 36.808661182094077
v -519.50313149711451 -157.22400396144837 39.822407216401047
v -535.02709440409762 -153.53952865308864 39.703729590710147
v -540.42055557160313 -153.90003332145758 40.907684883747436
v -539.9687105748701 -154.53731438883352 38.847100641966293
v -537.02637410075715 -154.43713607560682 38.25242321840301
v -537.44443383894054 -155.06516896545548 37.35602893523712
v -565.60676104464744 -160.93450677678084 52.407702483840879
v -562.06902754597866 -152.0513431606368 45.066931987363901
v -564.32013318004101 -151.17811707803827 48.249557037901027
v -523.30661226850259 -153.77796052883772 35.153522979940973
v -519.14728492085806 -153.6546908004139 37.63763231222719
v -533.8048554974846 -150.64329685288013 39.38296047195584
v -540.09416361676278 -151.29849719259443 40.006986434431525
v -523.64116684173518 -156.73288398846984 36.875238087860225
v -563.86109455492829 -162.92356417367083 50.759520077115624
v -563.31332617892031 -164.50029531875359 55.433428165193007
v -566.59969078462041 -157.30155022336766 55.52841769920925
v -561.15736739113481 -148.42642181647486 47.106892019781654
v -563.53063085093027 -149.81940257190138 48.18866208832489
v -562.40111978586856 -149.01016419764724 47.601966713154773
v -545.97822848107398 -153.89510736393038 41.281878477935891
v -545.08383511152078 -153.40893808174252 42.996332322702997
v -549.89042538791648 -151.89750679059932 45.088140826886288
v -551.17664000912669 -152.58168462916626 43.63252501499133
v -528.48350787243555 -152.13381476854835 40.750025243128661
v -530.20142174379203 -150.47409380335779 38.57179927565366
v -524.41711871504867 -155.09968483967768 37.435652968687457
v -522.63003313085346 -154.44116878718853 38.883446271395698
v -520.06588250002744 -155.48190099471523 39.842675317431315
v -539.91828715385282 -153.69350079046117 42.485108368621965
v -534.93556693811388 -153.10237156253032 41.890465181755722
v -524.44167720951748 -151.94161695602989 36.398745833414822
v -520.31307549618771 -151.60921757754122 38.468561848740705
v -520.22819309943725 -152.83211341542511 37.517325163148854
v -560.23323768410216 -145.1580548422632 49.143523733935723
v -553.29124085196906 -149.54822812469328 47.737594741025859
v -525.46625530542724 -153.87019066677237 38.220228156843994
v -544.28976246003526 -153.36377227183416 44.771901336976534
v -548.4182426035228 -151.91174236107116 46.326276690669729
v -534.79964801183928 -150.34757222081356 41.540892908174307
v -544.47015643965665 -150.72651013030784 42.584758148350843
v -539.75219903300183 -150.92194535462241 42.665089098789444
v -529.35866906042327 -151.73968641282875 42.367868845797886
v -557.57587438277324 -144.62815162653837 48.679838213326434
v -554.98292320735811 -148.0731289377411 45.11645961786575
v -539.68829788538949 -153.87627369938815 44.408385425990339
v -534.94462012230485 -153.17682553688854 43.763496323753692
v -526.05613736287376 -150.35540182540154 38.091777793814394
v -522.80741278927258 -150.12556942754776 39.162841625941539
v -520.46534371791745 -150.16479859453014 39.846801298144896
v -528.86692315890014 -148.73798364969321 42.703144231922693
v -526.80520197109956 -149.02337883173004 40.710407895126409
v -551.59244341403337 -149.47501547696797 48.683219023576058
v -523.16772776723633 -152.31397159472664 40.750682508249639
v -526.42417723392407 -152.56540943888203 39.640876832958391
v -521.85602835315342 -152.77295518079811 40.72755199002502
v -548.89337025422856 -149.62116915618216 43.816514023902407
v -547.11524835547834 -149.42928674714449 45.762455425491034
v -543.39432866612754 -150.6572298145617 44.99783838545406
v -543.64210918403035 -153.76216131980033 46.505484738539735
v -547.32319550279794 -152.18431837774031 47.846104088637716
v -529.66928790726195 -151.54711353933766 44.583487625813639
v -552.49572832785407 -147.50789801609025 46.021264816894146
v -550.18788087823987 -147.40006655568877 47.30477534057853
v -539.4965577874342 -154.50270426903845 46.18442606997661
v -535.16701219412028 -153.63754926294797 45.442611454801749
v -554.87613705391323 -144.44218658574073 48.711788018579625
v -535.31044358819463 -150.44399380559918 44.196844104719851
v -539.44430965170352 -151.16318408737743 45.278943950131854
v -525.44449238805385 -150.76787001895443 43.233761167460145
v -523.23507966500858 -151.39038508400174 41.975059499729056
v -524.43229806088345 -151.13115572982593 42.334699923402084
v -550.12668584276503 -149.74309106285187 49.850664756815767
v -523.74124142858898 -147.95708788379463 42.612787817997649
v -522.40810801429154 -148.62619355757312 41.442865167019121
v -543.17856375115275 -154.58103227329707 48.096190221463743
v -546.50665217561232 -152.84865760698116 49.365276295093643
v -530.56166514796371 -152.05179657180301 46.293640441394665
v -530.45651825775724 -148.95321580429967 44.778486287044601
v -539.35418620108362 -155.53636702042297 47.709906976481108
v -535.37030320773954 -154.55948684615871 47.083351281730828
v -545.62773363308611 -149.79269601298634 47.830179846813195
v -542.51678280869578 -151.19238550495587 47.356590330842273
v -542.89915811403864 -157.26800840477611 50.493219973979663
v -539.26953147361144 -156.91728303700191 48.89621634135932
v -539.24742832352354 -158.56502593829669 49.674449909210324
v -535.34476337700403 -157.35283275100036 49.399354461592367
v -538.89931537890914 -157.30220520373692 52.370204207678725
v -535.2532678533297 -159.13827121582176 49.90202039770984
v -536.1473813363134 -158.37028002258808 52.605549499446084
v -542.98214799216896 -155.77329667967413 49.509643783661659
v -545.96481937753254 -153.87907274987438 50.74667815077008
v -535.46850974424092 -155.83564824626245 48.416659312698059
v -553.47646965198385 -146.15826730658691 51.332345727905739
v -526.30311446282144 -150.49440618184079 44.432879284116595
v -548.9791082480034 -150.33681018508145 51.172206606226553
v -552.29176057159168 -144.61218944721156 49.238472143999985
v -548.19480522472804 -147.75715502964363 48.892291945866099
v -545.87986484345504 -155.17778455228293 52.053350560568859
v -541.67069275309416 -155.63011152663131 52.715337702802614
v -515.63467672145623 -160.15707142586351 39.507904345653465
v -513.59922602050813 -155.74417535382457 41.036260359694268
v -511.98760634318575 -160.39245993722221 42.928178145202523
v -512.00805155910734 -156.66501593632361 43.655565265979973
v -514.34213299024304 -160.25707594932339 44.774625103929125
v -512.17679641202255 -158.18684603116418 48.901820375509473
v -509.57217919616687 -157.86173525992646 47.708985620365738
v -510.59138178920762 -156.08273309007973 46.27479947808969
v -531.26699365769048 -152.95020756060626 47.868691879930942
v -533.4756432344999 -157.76318313662034 50.342478838517096
v -531.6054266183703 -159.16504279809007 51.211053710141044
v -534.21919032192216 -159.09957689162565 51.847485093251898
v -535.71927599724279 -151.13646876304929 46.714488378408319
v -539.18821458883644 -152.00935740628847 47.695235616170258
v -524.87615659604205 -147.82554455257457 43.247143406405982
v -548.27672200528309 -151.14518148085864 52.344120794779627
v -531.7442696548045 -154.19013773300583 49.21706209536481
v -515.86862703998065 -154.9531549580289 39.382545432506021
v -514.32112235919362 -153.33724636275497 41.005766266133399
v -511.9883878260448 -154.40116918013931 44.363989965402823
v -531.96573192518838 -155.69945934013853 50.260484589210954
v -551.76853222471652 -146.40157166366927 52.149695961392659
v -531.67385423188364 -149.63170559485135 47.098435370190018
v -513.46819840446722 -155.79900460260436 47.317544476295026
v -515.92596312176158 -155.96034120853324 42.917643138481182
v -517.48534963345901 -158.15420336474185 41.684502802418521
v -564.80780793565248 -147.43092101080336 51.211793164171318
v -566.4760373685607 -148.40612511544157 53.095779904902585
v -564.87485729425066 -144.86450347506562 53.695779658963104
v -562.66056232614608 -146.54366267140452 49.64797528099858
v -563.94133403486796 -144.76343017266504 52.478659490345898
v -544.51851164540574 -150.69105603394422 49.898335306030177
v -541.88916974626056 -152.30161066199662 49.522332949755736
v -567.58085394421073 -149.83039299542151 55.008969586418587
v -566.73919060886612 -145.70648943612716 57.260751935707283
v -565.69197232359375 -145.1056830465289 54.911707787022735
v -561.17668525118006 -141.29179669985447 52.78480496707941
v -562.949426211792 -143.5716422909756 52.438231238090566
v -549.9744270415755 -145.12928693140123 50.229748658435696
v -547.81768693042386 -152.43864571312378 53.903411007555484
v -546.63387322833387 -148.55900635035189 50.691006429853516
v -568.06710873950362 -151.29467975315612 57.047327580341999
v -567.42145068721561 -147.68870687664889 58.783813157514395
v -558.38923122811514 -140.27901437086405 52.102190616555632
v -516.49059815831959 -154.23091800096066 42.810112547002518
v -517.94938400713534 -155.90516578033504 41.318926498525336
v -515.28849504012317 -153.71215696238411 45.034286667669107
v -517.64673039908814 -156.88604107739025 41.42901157354143
v -543.80992536885913 -153.47922993822232 53.475345713429491
v -538.99881557090407 -153.41173025570376 49.771873701365109
v -536.00146795701733 -152.3854994963533 48.946172764846281
v -516.16723986964439 -153.55571006813611 39.631701059469535
v -515.58344757499628 -151.25247665862165 41.177599456996134
v -513.83455630910726 -151.14977160649761 43.617835861985753
v -511.99364559647728 -152.05147894767612 45.48049154102975
v -526.00873332363062 -149.79280921898277 49.371274316035269
v -524.82931327590484 -149.39612249479376 47.776836389707
v -550.36681905079774 -147.16154488153143 53.090465907738931
v -525.54663758063464 -146.70132398958123 48.428517615738841
v -523.30611569773725 -146.44321837855225 46.564377672066655
v -567.90983201593235 -152.69579568706871 59.065876589353266
v -567.31475480458789 -147.39686636730966 60.639632585339058
v -567.12415340616189 -155.51507924501016 55.345041862417048
v -567.13229467973349 -155.07116171881492 54.014035011042594
v -555.81945086346627 -140.62441399497607 51.326898461173634
v -531.8276185345851 -157.32365991480569 51.01187849880111
v -530.36195985453185 -157.91031003849952 52.339484787439069
v -530.84485939367971 -159.51343946741969 55.418708282751432
v -533.29735879117345 -159.06365265801585 53.630420650339481
v -528.40631857327799 -158.90090278387811 53.752590258129203
v -562.99268529185667 -145.10325154016513 56.207442954886048
v -563.95366263936398 -148.93846125648574 54.16211317158286
v -562.61508917138849 -147.76289795908193 52.995443096587685
v -561.14869889252009 -147.16165865603816 51.937496993380108
v -561.57266567976546 -144.51814198769659 54.666962473811793
v -541.47634677213819 -153.90573736888291 51.322512775721506
v -543.85326354611107 -152.07193139564112 51.8457115407789
v -563.7378747580392 -145.05275603677137 58.226301816654789
v -564.77599577853562 -149.99424182539522 55.574370313476429
v -559.01452413564948 -146.22664971784127 51.386992594520237
v -559.84152127038885 -144.01266689522723 53.576985175410094
v -517.43859059226679 -152.57044555719236 43.067833564299058
v -518.27824032917351 -154.85640949783794 41.326393932216916
v -532.63898176834675 -150.84734972387292 49.23755777257243
v -536.19968498440915 -156.21930257192477 52.037411444634493
v -538.97757679829181 -155.12782098802737 51.284333329339589
v -546.35926292746331 -182.03093266089439 75.160710834302961
v -543.56594515444499 -186.12756409428985 75.664740294452386
v -546.00509418230536 -186.84723001935106 76.82614187789143
v -542.58067980170267 -188.06621944987728 76.908978231276919
v -548.33343318562697 -187.18680682825183 78.492306317702656
v -548.50373317203491 -181.93748172873734 76.580332637812703
v -544.55717867977205 -189.94797938436835 78.856846913988477
v -535.79714581383996 -204.98101344314063 89.492777510402505
v -536.10484305599482 -205.92467331170971 88.066702380765733
v -533.7382273527387 -205.30889086994864 86.802220412581846
v -536.23067143644369 -200.78178588059922 84.34456952694606
v -531.27033506599741 -204.38069282610235 86.010448466588414
v -533.44570423276377 -204.40666842110181 88.167377674111947
v -533.00197069308433 -201.14813366477253 84.260842561676739
v -543.67961742796774 -181.4576803073027 74.002345407084889
v -541.10631794450694 -185.1927063856098 75.029048281078659
v -537.57974045274 -205.17927073214921 90.934387607093583
v -538.45132947233367 -206.19379116802983 89.949261168282078
v -539.6740221824524 -203.39685645813756 88.135867754875875
v -537.83042714388159 -203.15627656683938 86.697333770915009
v -536.14020806786868 -154.11873268363311 50.760394578920085
v -564.44652387866756 -147.09726842641442 59.370693505861482
v -557.36755113788547 -146.1583181434863 50.916246161355325
v -557.71212016172444 -141.49372881959431 54.437201032202026
v -536.11195902033023 -120.31565398839011 24.336491701719588
v -538.66952181427905 -120.8318586226967 25.549659423570922
v -538.29257671611867 -117.55658047476925 22.881577769974065
v -536.43533194660392 -124.68563268197084 27.630349746316476
v -533.29906854757076 -119.94512334106855 23.885915473439823
v -531.43470671218279 -123.98196172323232 26.05793848530061
v -535.41647785895543 -117.05166903263571 22.185720156495535
v -537.41418656084682 -117.31304390317126 22.557094475567141
v -533.79921063600125 -124.69560929952107 26.748783810159523
v -532.05650026841158 -128.08938342511553 33.848859762751516
v -533.48778101759831 -130.48954105603258 31.023201865121202
v -531.24285484904738 -129.94118366676506 29.804901575239064
v -528.65250462655843 -129.01148954285512 28.92082832679921
v -530.40445383510621 -127.68583843655718 32.952314340733999
v -538.70310724346507 -110.79021095770217 18.604896748398858
v -536.88429794107321 -114.38996314957291 20.670205298065355
v -540.51922955419718 -113.19802101173718 20.315551734635527
v -538.847158511266 -115.38765721603363 21.495508218204911
v -541.40083604084134 -111.02336388976896 19.004239100672699
v -542.31686018727328 -112.25836283047181 20.221349535598073
v -540.70465290225332 -115.19490012891055 21.89708462831257
v -542.78577836630575 -113.83505160661883 21.611314538132177
v -545.91814048280548 -103.1267975096834 14.523453672465017
v -548.26988153490697 -103.75360190303101 15.810819465372219
v -545.65976032573292 -102.27480940216473 15.748424625942754
v -546.5356423829727 -106.88867397619255 17.595353980839533
v -543.45074366706376 -102.20768657333213 13.719586261432269
v -544.31053548448074 -105.52597750382199 15.862653673237645
v -533.46213140122882 -156.69341350991473 53.427861089195552
v -538.41363991120193 -125.75161977688947 29.907208417428251
v -541.54935947468391 -119.80654400963574 26.431648599567829
v -540.94278799542087 -117.01865573959191 23.368715501753726
v -535.64629859208901 -130.71981955631605 32.716330222316685
v -533.56386579270657 -128.2501962698021 35.031208377701532
v -550.46212195749183 -103.95432089666599 17.464864582509655
v -547.75867504129474 -102.79764728905221 16.869661341166882
v -544.3513887375218 -110.80810571228398 19.820797298538118
v -542.53365186229303 -109.06198330839095 17.89230165142579
v -546.95856704223388 -110.66937470404827 21.530351266252673
v -544.67686959632442 -112.47036978645704 21.63140893159779
v -539.73136537097162 -199.82174145839778 84.930418617387517
v -538.51180871483507 -196.45327355271638 81.984309222028799
v -540.94196649565913 -196.63685328056044 82.92951135417556
v -541.96609587643786 -199.90794831447346 86.599401900004153
v -543.13451921569617 -196.8634758401592 84.49921986479066
v -542.65124004170445 -193.64639087350236 81.196690738611593
v -540.02092240067088 -193.25259511826053 80.123825883015655
v -537.19284320315285 -193.05227408629227 79.856540808139513
v -534.73360632017136 -197.91557450344263 82.511236656765035
v -545.12266645277737 -193.75184465840493 82.888581566049737
v -546.67517481164396 -190.68724254189453 80.903507322413134
v -541.66849604237007 -190.32104093181812 78.299365461097096
v -527.55954328531357 -150.99270088650491 50.428777293752447
v -545.59721885708393 -149.7524143007779 52.497656630357696
v -548.06053189343891 -145.96377303811116 51.628106530839759
v -550.19903372401177 -187.17170826838799 80.331835605272374
v -550.50979506382373 -181.82252089512247 78.521807403464592
v -549.33959336439341 -147.9754279336249 54.356856846483332
v -530.52972291991841 -156.36926802331035 52.062079667430147
v -567.11228051359058 -154.00894072669604 61.028948115484596
v -566.95424826022293 -148.6596530970632 62.696637708848996
v -567.21642462701254 -147.9795227277358 61.740812501399695
v -553.25387109402266 -141.22379930291348 51.117510008654314
v -517.27357138999105 -149.42544325440676 41.819455285679055
v -513.86531339617352 -149.11593365238588 45.765707788999336
v -518.45272221514904 -151.97213928289585 39.11934817103495
v -516.74352964794195 -152.5617437213555 39.755047837816385
v -528.80902005244718 -203.18071023052539 85.725915157851233
v -531.28933825210959 -203.59564188229743 87.475550932381353
v -555.37814444461094 -146.02724605981626 50.942713440376828
v -555.8184184323477 -141.75360886438122 53.869816598004903
v -540.1294835469489 -206.12636542561083 91.774235800897799
v -542.31017497321034 -202.08970917235973 89.536320874680143
v -530.80072471133587 -118.92515827066642 23.720721990574461
v -533.36108508294194 -115.12231417823823 21.430535517157686
v -526.18705818683566 -127.82833227200004 28.603457111837024
v -528.67990877447892 -127.05720583981224 32.380764848402109
v -516.87665528959349 -151.37449126475812 45.314355497090446
v -518.75944409038959 -151.26576355440679 43.485303715695139
v -520.15090443029874 -152.40926589493444 41.811607347037636
v -516.2723647252111 -152.05697104063148 45.059551845662469
v -519.10256419574182 -153.30151281593157 41.623296337135599
v -541.30191225518888 -105.72265724190066 15.745335782292671
v -540.98763012715165 -101.01459716812897 13.421913867352067
v -539.52974208481282 -103.6500953243289 14.922082704123483
v -537.94077991063796 -106.5225428365475 16.557127006072491
v -543.62435086492428 -101.5237899450068 15.089772949313783
v -541.29269642648558 -100.41189878993706 14.777211857950334
v -541.20833085286461 -181.26671239216716 73.64119327876854
v -539.01344484634706 -183.48206669279074 74.668806959206009
v -538.08089043497057 -185.82229634393241 75.94366767481489
v -539.67555319736766 -187.48018226764304 76.49272029911468
v -533.15073736417298 -195.03564887315906 81.348612609126604
v -531.57478118249696 -198.44095796499531 83.133883827400425
v -538.88845651809208 -189.93796593322722 77.9145379948705
v -534.55860648481303 -191.87607175929654 79.665820829727096
v -533.29445707749551 -152.52986778325243 51.070488125526609
v -528.43464003928773 -152.18520302733472 51.468784270758412
v -544.4680013883841 -198.24248693196333 87.493579161762057
v -546.88361247214812 -193.97681993655965 85.233383257454193
v -549.67765051293861 -103.0135332098391 18.355288032418002
v -552.33229107323984 -103.84070438536435 19.481930689138451
v -551.33276929156148 -102.91301607361683 20.140343234021302
v -548.72415706948993 -107.09480120916091 19.251986832963148
v -544.57624818279101 -114.87376618853713 23.858323657814417
v -546.61699406133653 -114.37181430700085 25.702978859446795
v -544.63209083358117 -117.38923708372819 26.957267536105753
v -539.38397230621695 -127.36091982451879 32.662895329220873
v -542.43628266947974 -125.16304472653073 33.227701895756347
v -542.84416860281624 -121.12196820118473 29.534447379906062
v -538.05997991635445 -133.84581647070047 41.955789580088442
v -540.15052226583873 -129.00127942054021 35.869230059453983
v -529.02316206156536 -153.71712329377996 52.412296653023596
v -533.60122576160245 -154.58120126800543 52.489146749309931
v -527.57867435276034 -147.59389502823996 49.378431652985057
v -553.93078350482233 -142.20015046826944 53.718837899472
v -548.75102114773813 -148.93827388738498 55.787882836807768
v -545.09970174814782 -151.245476611344 54.289139375087935
v -531.3753327664873 -157.39598873223747 55.409457444306
v -545.44833992910003 -178.88715848988235 74.015166073197136
v -542.87311252955158 -178.6178837782775 72.919077156172477
v -550.62172194780328 -189.03045194442768 84.068788267928724
v -551.80274636950924 -186.7988180336059 82.545443123342267
v -552.04263327666376 -184.14022992715599 81.927467374452505
v -548.20970593921845 -191.01062447266554 82.897445350767782
v -566.4489131736766 -149.07260838979261 63.976552089406866
v -550.84297116213406 -142.04289287204929 51.48731872225828
v -531.156301908876 -210.00457501930282 94.436870854559587
v -531.97890667789284 -211.36787354498495 92.759758438571453
v -529.91101697700901 -210.8298035171544 91.654944543341131
v -531.67836060488639 -207.61823596912811 89.911161108726517
v -527.612225333786 -209.94983222970467 90.945780449481234
v -529.50405534777974 -209.57467932581847 93.554090260523537
v -529.52199235679029 -206.80723139077071 89.219310695591844
v -533.84339449831577 -211.57128178726487 94.178389380417755
v -534.13079468580997 -207.86424322806866 91.005537285320287
v -532.52635955030405 -210.17982474138978 95.50271713158844
v -536.06913525588868 -155.83598713267 69.149556631589377
v -536.85853693106935 -158.26336719146087 68.605948012135428
v -539.16626395343428 -158.83332938914279 70.484408831232898
v -538.95922144960593 -160.72816226880286 69.279953498719181
v -541.09444821405577 -163.01656825889307 70.082234301256079
v -536.67988182199792 -154.89887157640899 70.638175388837453
v -539.25925764714839 -157.38904490351831 71.794349534698
v -519.93975329187117 -150.18060446964651 44.448237673177715
v -521.1646914139651 -151.6037755125854 42.272975264856441
v -517.48597600735661 -150.68961221150857 45.47404459542539
v -535.7238241830197 -208.3943906090322 92.581841991462952
v -529.13871854239574 -202.54716029863945 87.226936048095013
v -526.46185837240046 -201.7613683143498 85.961098144956367
v -528.7237108499902 -198.17672557660856 83.921777533702453
v -543.8710952202174 -105.0527571249377 17.305912116844574
v -546.13860187873627 -105.50830898690108 18.371019159365041
v -544.51852871617791 -108.21897068474996 19.872376977563164
v -541.69975577867092 -109.89183423364445 20.171599498050178
v -541.70675303607186 -104.2949238511998 16.674570472649471
v -539.64250687191816 -108.84958408421981 19.266393378286651
v -537.44746699966618 -117.12058856384866 24.198885956585798
v -539.54638006240407 -117.64342943862992 25.320124372568138
v -537.03820667041873 -115.72011472252973 26.181775225591672
v -540.61245030472344 -115.22902381551195 23.852853410481444
v -535.31235443553851 -115.08331198319921 25.623295881138098
v -535.2602671505 -116.31356732772416 23.491118772659163
v -538.31968836307988 -115.27686216429413 23.135477811929256
v -546.62963828650572 -147.18049262172113 53.273177987761102
v -528.31002057598766 -118.27508367360389 24.261563257927634
v -528.4241605412393 -123.75403511586575 26.326394335011969
v -530.78702941209303 -113.78957626382943 21.720502556990475
v -523.8335049392806 -126.4138902610769 28.80111253345504
v -526.74688907020584 -126.1171217536393 32.153764005709249
v -546.15963143147405 -108.91441312618858 21.544486193157709
v -542.87011336129137 -111.16144846801245 21.540139504477878
v -541.46535926328431 -117.8593443408416 26.805695217219736
v -538.69438819367269 -116.13267608973669 27.066482098527359
v -519.1416961458699 -147.96917666992778 42.923723649461834
v -516.43262197731917 -147.63919111302232 45.50178399850919
v -515.46589810673072 -148.2005463737423 45.380892510754208
v -539.21545566783061 -99.153298198831948 14.969622638157233
v -538.64048483715294 -99.592486575557444 13.639285928896321
v -535.61638858546291 -110.72446292497787 18.948928934082993
v -533.49674127120818 -108.89109270327131 18.932205260064208
v -538.99425576979024 -205.13552413715308 92.488024227572595
v -540.1414926011538 -204.80386033477069 94.222097823632552
v -541.43101313736577 -205.75496260362303 93.777430284480658
v -538.95586677400286 -180.41018660145596 73.554634498479558
v -540.52651485714171 -178.13320972466249 72.383036638444196
v -552.15891510233382 -142.8073624452 53.993022187977772
v -532.26790651659633 -188.54399137796622 79.049124017680711
v -532.07362364997391 -190.96344708206823 80.246633604472152
v -535.89878172635076 -187.85427511852308 77.35802415546452
v -549.45867588111071 -178.78717347926238 77.446733197877265
v -548.40755669839757 -175.75182606340226 76.371658992290023
v -546.49862283529308 -175.93755373365795 74.371325306089332
v -547.09708612856889 -195.44168613388013 88.158856143060817
v -545.49150640412142 -198.46954391009493 89.924734390471201
v -544.06358166514303 -201.04250394644021 91.297637687365651
v -545.61027340249939 -118.22028154899209 30.199689860271569
v -547.74820116267756 -114.45242385554732 28.310303102367165
v -548.0803510514761 -111.69070716742317 24.136238874587065
v -549.94422841367361 -110.38557126309159 25.740044085756168
v -553.82256755497804 -103.37450089336129 21.749227679249465
v -552.3515433700984 -105.90101569932895 23.036472052270689
v -550.82061670177018 -106.68312200055325 21.224596706311573
v -525.62115720952102 -208.98536057379445 90.704063598989691
v -525.99909916176819 -208.05420781751459 92.802101444005615
v -527.37993787595838 -205.76626043621698 88.965499823542373
v -527.7810884615493 -208.9266675591013 93.001307005837901
v -529.24869820551964 -148.87502246498934 51.079646948562399
v -545.02861692159229 -120.59634775660064 32.099110938881722
v -533.96610801011707 -210.14537776101452 97.025329134744226
v -535.49553192530038 -211.54410526236595 95.999294537872046
v -534.818208627285 -111.88557979799234 21.350016001379224
v -537.70418667872127 -106.68425577421661 18.386472029507829
v -539.56126940749436 -113.00870647922065 21.843170512767777
v -537.08477368121828 -113.25991263324931 21.765690063923692
v -533.69451308108557 -114.29966143252921 25.42777392387616
v -533.08040186080086 -115.25768019254132 23.227674464162014
v -531.54868904227965 -154.9297152496089 54.97896131434063
v -543.12047596549473 -117.75879523530074 28.59080456466431
v -540.15588996873112 -116.29710054180842 28.197940084439765
v -543.42123727463081 -114.10348776225781 24.58648251457015
v -549.7330219898131 -105.92419044742843 21.989894662836328
v -548.00453023884586 -105.93797625136634 19.98289516770172
v -564.532194165394 -157.46031498832323 63.948341594581777
v -562.03775312648509 -156.39194264306352 62.700839272034074
v -563.31235364301267 -153.4828026658391 67.296821868917903
v -561.4460825668358 -159.61313342934847 58.971173593198799
v -519.62607470311946 -148.84873450182246 47.563982951796888
v -521.62163491258411 -149.52763834765418 45.319175443345308
v -518.20619743948885 -149.21033069761515 47.429649041052329
v -548.72853710381673 -143.0341420267313 52.415388193934717
v -528.79248024443962 -159.47379119079613 55.864007831326909
v -529.18983332997288 -157.03713129575883 53.379105490521695
v -528.17485058698173 -157.26301539473809 54.994785619733179
v -527.08977773669392 -157.3393414781375 56.755315126538726
v -526.29682981808276 -158.67542669514762 56.929531761894623
v -563.08313224488995 -156.54132878067801 58.646338790656266
v -561.99968446417336 -152.79961516430998 66.810283160156047
v -560.88992347101714 -152.40872549311024 65.931440709925312
v -550.461333792343 -143.52719002388753 54.793879359025091
v -545.9179925312792 -148.21409936279326 55.129106245593889
v -530.52508557951103 -150.60621135931959 52.615564171804145
v -544.02444735169081 -124.55856691775475 35.701685462068724
v -542.79659672254581 -126.99105311713505 36.278267435519538
v -531.3319561737851 -152.68677567507018 53.896283471932243
v -536.5403422770579 -182.81669025306351 74.709018288411443
v -535.40187634044798 -180.68082726277126 74.60459426734819
v -535.38907702566007 -178.11881853081786 73.378596504012833
v -538.10604817232343 -177.7511986769465 72.484766717215052
v -520.9828584728715 -146.97524441377902 44.516211174841715
v -518.43607251362721 -145.70135775146585 48.299578725972317
v -516.92090594479339 -146.31570151628614 47.644534465595775
v -521.03032949092824 -149.19256446825625 40.834859774091996
v -552.97235203124148 -186.0897307840651 84.927809800770831
v -523.90179590124444 -207.94566471140593 90.876334880625251
v -532.30778992012313 -180.84315293063437 75.514759055947039
v -536.03912549873826 -185.33346009183515 76.067279629675312
v -551.97759718860493 -181.15219796639516 80.611584282518635
v -550.9023760089309 -178.21763726421597 79.609503802253798
v -529.87777813893854 -157.9735680263795 57.777812698881604
v -528.76214729518495 -159.99851926063391 58.029807229776836
v -536.92632848237076 -211.07602252361855 98.311616938753616
v -538.48277330272151 -207.95835114284171 96.09005524133795
v -535.01961307273518 -209.83650728764442 98.661949785897932
v -537.24489384754531 -208.33981469975947 94.24365938272237
v -526.89297495067467 -201.19293633572926 87.508055382653183
v -527.35347256263049 -203.32405458711611 88.085321561799049
v -539.42903604254673 -103.1017078963238 16.431416651131052
v -533.3164859550958 -109.26662094422369 20.891086996831795
v -534.89667507046386 -106.39657719455819 19.2614387298865
v -536.83993723080073 -103.64882822315484 17.492083892193264
v -531.9532305380344 -113.25705055269729 25.567232128597773
v -531.00316027573399 -113.99908109538308 23.420086094747937
v -523.51172356625932 -149.32899085168455 46.452760907234769
v -519.9952257706434 -148.1105481211693 49.379332343232079
v -524.22333089207984 -200.08581315304485 86.77824430954027
v -526.89866052013895 -195.65724299258468 84.207031993672672
v -525.8759492263124 -122.51003755087552 26.641308648772984
v -523.98500354283658 -120.7530070029043 27.165811275032894
v -527.22326204474075 -114.62332274259802 23.902473456398539
v -525.19030473238331 -125.15112921545121 32.338093578346431
v -521.69467345622525 -124.8299965930922 29.50516506625555
v -529.23182730525173 -155.41487613181505 53.112280836059291
v -528.34847628909711 -156.07743811682016 55.001364896947763
v -552.71243481733143 -102.4539931210895 22.287536369411676
v -550.74509708557537 -106.01570747213137 24.328821073738197
v -548.13327468806483 -108.93536482124004 23.839446091651347
v -548.98704630648513 -109.20299469081277 26.167034094256501
v -546.34493881429648 -112.04955710626864 25.477193479623942
v -547.18727816534238 -112.43029790735692 27.934985641310384
v -541.44829526168758 -116.22772016114902 29.575803956428445
v -544.43938436097631 -117.34621548845021 30.597374172368987
v -544.55660294052814 -115.1637493912973 27.114940867596665
v -536.26474499253879 -97.819420092569246 14.531223471306198
v -536.08011589981754 -104.1322039230773 16.249946306231216
v -549.36173774763938 -144.3554379737011 55.729329619092951
v -542.60929479200399 -204.9792117752373 96.400344931884433
v -543.4943938332417 -202.85971286610231 93.964133220099257
v -530.13785732184783 -189.60263887159479 80.955657164607558
v -528.45403481896892 -193.15312602499711 82.752702464557643
v -530.42708131019629 -194.55585767477544 82.048774094633146
v -547.10601981031095 -144.18548531761795 53.737683445437817
v -546.90296070679892 -197.10473055140301 91.943445554100308
v -548.85507146054954 -193.57314507729083 89.863011382727706
v -548.97198474006768 -191.93067953132299 85.851239169716337
v -554.8678512473623 -102.57610010775757 24.167682392756305
v -546.65555461564759 -117.42188524522911 32.618147124915815
v -541.16933254372907 -172.42380501268508 70.550545447883238
v -539.85592144464488 -175.28750859586654 71.247090069935638
v -542.29964657278231 -175.4846494449443 71.782767617862731
v -544.53741693073687 -175.74338431887026 72.869621312091354
v -543.05686691899177 -171.41604569087465 71.187282118632126
v -533.16030088993637 -206.11708822007074 92.27898260775423
v -530.19449529597841 -205.35105330762318 91.102416221394634
v -531.85438929594216 -205.52607856216218 91.397340886078993
v -544.79068802303925 -184.49142741420923 79.784639011878994
v -543.0334345841635 -184.06472905311483 79.020181025288679
v -544.64670258736396 -182.51404747185197 78.959191573882165
v -542.89928291805302 -186.04965870714415 80.628955694259275
v -546.46596931416252 -182.42914990744646 80.095207277658716
v -546.35052207113836 -184.72908411726138 80.883012231583507
v -545.69772326945963 -186.43827408484634 82.263377424636019
v -544.82246777246996 -186.50022474960215 81.845751626421219
v -544.09133328621613 -186.68108873613767 81.439891185012641
v -539.0609839804082 -171.98082263590007 69.923055073403518
v -536.87856379573736 -174.76672067586213 71.281363352800241
v -521.71292328918173 -148.13310910250271 49.767675970556752
v -537.0733228092306 -199.61210348815194 88.923496562061587
v -534.96724880646366 -202.67087184315952 90.3765431984923
v -534.09868333457575 -200.88971869957629 88.819355150887688
v -533.03056885264527 -203.16651039329895 90.073770856465998
v -532.26956881906369 -200.75880542497009 88.565942746943179
v -534.2670934374579 -196.38865393474481 86.239223386123243
v -531.40273408439202 -202.99529175919776 89.814454753828912
v -536.32591190167432 -196.58088864457943 86.465257367927521
v -536.89056068914533 -202.51240602918992 91.43412774551831
v -541.37632673974144 -183.32192477314132 78.521108724363046
v -543.08444159317492 -182.12802176614167 78.251748059495327
v -541.27296854265626 -184.44901351517993 79.297973508489889
v -541.65956745976075 -185.50748462642747 80.023920902994391
v -542.45716930631761 -186.07085641051961 80.405875288478782
v -527.52363712669978 -153.43993703550771 56.158173729635379
v -520.43955729857453 -145.76064274153526 47.942457841503959
v -546.1320955370411 -119.92717066518448 34.950816184020894
v -530.28436377714638 -155.78845921485953 57.826798569312437
v -533.24100941041274 -123.07826279731668 30.431934747003488
v -531.06497380681617 -122.6808679730449 29.893768512323376
v -534.95461105650872 -119.42285985022231 28.285938236748954
v -536.38043032938276 -120.33024320831808 29.459955572534611
v -534.57258978932464 -123.98859383157517 31.683842812027876
v -533.37639951415736 -118.86198797697941 27.788314363568766
v -538.30844278571169 -119.68079806126642 30.140258295802283
v -535.9882428762071 -124.12517601282195 32.850793758851538
v -539.22153652355792 -190.71511845505435 83.180934703971843
v -540.84052123015056 -191.91909311898976 84.462866850595304
v -538.20555589362039 -193.63896254739507 84.891595462975118
v -540.56927152405922 -189.55697738444962 82.737157987152955
v -536.41772612419868 -193.23225316265072 84.476545249279638
v -537.52132788914764 -190.09786361490322 82.773966132940359
v -538.88103507408789 -189.10516187328042 82.271723236130043
v -539.93185661336338 -188.76682478150366 81.946435706563975
v -548.49898076179829 -145.20632911463173 57.090546576185517
v -547.6704962348133 -184.83604539171282 82.33635075029747
v -546.28593272930971 -186.53062587326582 83.142824508551513
v -547.79260381329391 -182.40775197028194 81.4037161319294
v -541.52366035369619 -190.03579186229217 83.252708053598269
v -542.46133811143022 -191.5603646701195 85.111189977935481
v -541.11436715565253 -194.47957681298652 86.900245879657746
v -538.58632476716605 -196.24349965421206 86.913789090811704
v -528.41628835551626 -204.30041591464749 90.704269170822698
v -534.61271453137749 -206.37402926938034 93.430378429437638
v -530.35252661491393 -200.33598215272343 88.580372300223786
v -532.30981002618591 -198.36231804373415 87.409797843173536
v -525.81234618021381 -204.38683614952774 88.969857574922543
v -523.60344259217368 -203.56709184155 89.855874382345803
v -524.72254737642572 -207.28227051925916 92.929987477306582
v -521.9054615096926 -206.51160189536577 91.494183799839305
v -539.82876228651867 -199.52984622647307 91.300853794791962
v -537.817093135601 -203.25505013149049 93.401439970590303
v -538.54977075668955 -199.66800149105774 89.993501004910058
v -525.34566044018891 -202.38427653821802 88.630995291684471
v -526.30333643014376 -202.89551240721727 88.266122150083334
v -523.03836791401375 -148.28216159130599 50.497686691964468
v -539.47947583843302 -183.00050085454615 78.745128266249935
v -541.30191419591461 -181.48510614723335 77.814176686233566
v -540.55436550610534 -184.3605274914888 79.293551188756126
v -544.93770884408309 -123.87307146418202 37.924862726017011
v -544.30301163018964 -126.19622116554575 37.865294251746818
v -526.95386390320687 -151.72521920420542 55.846466329771026
v -529.24267786153212 -121.87697868114969 29.720432259841083
v -531.7489507251579 -117.77621184660404 27.409422620566929
v -553.07508636867328 -137.48451640537633 52.504324843572753
v -555.32939143731767 -136.36958589835072 53.316913349066972
v -525.22636494710719 -199.9293157634462 88.08305451593661
v -537.33161329221264 -97.746993511651482 15.609472042788511
v -535.32348000140121 -100.99041224530285 17.62350038027585
v -531.09924985540124 -108.7376995735863 21.985251329086495
v -533.54435153926534 -104.77701166375105 19.556107260088972
v -529.10350513792275 -112.56522113827251 24.092367795781975
v -539.24077597347809 -207.67976371605221 98.503282293625716
v -535.72466937530953 -209.32475292307015 100.31906028356499
v -537.69643522873855 -210.51703522197369 100.12162222942021
v -534.96627595006623 -191.42008732270691 83.834358255133409
v -536.58738652938916 -188.75628577412297 82.323825890220704
v -537.8778472887285 -189.24443277578158 82.279951867343783
v -541.23111380285764 -204.09386644576577 96.634106092570221
v -533.6328483826685 -174.58727824323481 71.786483304551567
v -535.00562040206432 -172.55993120011757 70.407121412232812
v -553.16761331003386 -180.60357094499989 83.091900903694892
v -539.98585514530737 -118.729097257695 30.908930616417258
v -537.9493188885458 -122.25967915580915 32.87677901423703
v -535.67070039990767 -130.38954762072942 40.781528278985206
v -536.78421167668398 -125.95243852178778 35.907858379085162
v -538.16193681612253 -128.08507708751529 39.902453457106056
v -545.94365287813991 -145.08520030162123 55.533507679134338
v -550.81557841626181 -138.70166220667082 52.321925905867019
v -543.72164237167385 -189.66679373638675 84.358119528413454
v -544.14115995528289 -191.08748901643952 86.260444290030108
v -542.37588727649199 -194.56816948073919 88.379141802646544
v -543.38803044585165 -188.64475120506296 82.906078809270667
v -542.36011349686817 -189.64005026358984 83.459151546799063
v -559.87525247984559 -138.65129616947092 53.935940667301331
v -557.44648557615778 -135.42154564014712 54.710937591258656
v -543.64005271130964 -130.45593138772512 42.327677947736156
v -544.92235909026169 -127.62637048077438 40.494965480517294
v -543.32172402459219 -127.77732272115797 38.123647928328126
v -540.75606453700402 -131.05225854605206 40.455387877655568
v -553.57674480391256 -101.79382225527897 24.287277477581384
v -552.04166865300022 -104.56635143582831 25.949227894636564
v -550.09231626406029 -108.02394364773068 27.652111958100257
v -542.54595506438602 -115.9376115397439 31.153617789015264
v -545.36446427508656 -116.63960558560962 32.73774606033794
v -553.66421625414421 -185.07095897924364 87.389970973194366
v -553.06998267063773 -183.34665086453245 84.009855352232904
v -551.74314920486211 -188.34751294073408 86.728308420549013
v -548.87580612247859 -184.34190452946061 83.816733813778356
v -547.06688198317215 -186.58698825126979 84.392304495566165
v -548.65242676703235 -182.15935490840766 82.607322257201872
v -546.69492937377481 -186.93781397150318 84.075702311483553
v -530.26305260100185 -153.31005276652462 57.355247044601299
v -525.45690315303625 -205.18393871905855 91.92612289054118
v -548.68354330024647 -139.94990082013021 52.781428155108109
v -543.69754550873631 -176.20586009700622 76.539551074905077
v -544.9619456462799 -180.32287259693624 78.220077957609618
v -543.16179872669409 -179.77221365901019 77.344259778734724
v -541.37347612211488 -178.96493292499986 76.768333489544716
v -542.17515443845764 -176.45363156468881 75.921659685871134
v -546.58141655718657 -180.12921569763157 79.307402323733911
v -545.28174611286522 -176.54781040922094 77.755808863576974
v -529.81168166507587 -196.98076316266622 87.560366514277774
v -531.10796289059067 -197.91603256283963 87.450174057468658
v -528.70675390840506 -199.65351774711635 88.857807451653585
v -527.06106367589337 -202.55810712923849 90.449640434854118
v -537.3096144490961 -205.54930497278374 96.165055688562973
v -536.01830270916525 -206.41659209655822 95.000282948906374
v -563.20502199323346 -141.14331704418888 54.801636975237649
v -561.59742460111863 -138.99061363733131 55.10115413428133
v -527.62550995993411 -160.55918139950245 60.633519180519954
v -528.93763211956048 -158.82171720587883 60.7722302550577
v -539.51226292353692 -201.66700825279872 94.208737702676402
v -540.61313537621277 -199.66318895743615 93.111498718579966
v -539.81244077379347 -197.01107139908348 88.376311558543819
v -541.28532179970591 -196.78811593937905 89.734710043052388
v -542.30904439449114 -196.3917936070516 91.110237969498286
v -527.12327578116208 -121.81454733036196 30.392378834512883
v -529.90170283496047 -117.50650771721627 27.876139410663924
v -522.51089455926717 -198.51964678562723 87.927161807751617
v -524.48180384729471 -195.696665431669 86.070207488689874
v -529.00406586137149 -106.75449465885703 21.435402474518384
v -527.16534199868215 -110.28429059382921 23.355307458108676
v -529.80919850514204 -110.20237737684747 21.281530123772058
v -532.27176262571243 -106.33211635465763 18.904466261572537
v -523.82108232265546 -124.13717611075957 32.78879091056961
v -519.86406878764478 -123.14588769200174 30.684789897853726
v -537.93136110376167 -181.9033256348244 78.910121060575108
v -539.37834848114062 -179.2319572441501 77.162510226349681
v -539.03013573962437 -184.82555795112916 79.757196881099091
v -539.67999369508198 -184.31924379589043 79.468667681542541
v -532.8066561400733 -191.71333490782973 84.614054465809119
v -533.95482581103636 -189.66027845467408 83.447978063242431
v -535.49498744448931 -188.39678411149436 82.218436405109685
v -532.31113552557406 -195.94992353677137 86.343984137572477
v -531.84985424550689 -193.59013194559066 85.629591918168074
v -535.72347944867408 -96.254407281217652 16.668834629535809
v -534.69475359525643 -96.316885750700379 15.559342309766699
v -533.24604956719304 -98.65910196139626 17.059816164879308
v -533.48407105900412 -102.94491951228468 17.405902059051265
v -539.83188447544399 -174.88556871629865 74.956858475102109
v -540.97184132190785 -118.56629659632955 32.528547113773769
v -538.95184805150825 -122.2916941295306 34.885864350123029
v -538.41402333867632 -123.43131941693856 34.773640602602335
v -544.86982182670113 -191.51067424757957 88.156454887812572
v -544.94437508770909 -190.05441863900268 86.264745517555468
v -544.62432205078778 -189.25448706086422 84.539002065678105
v -545.41234122159563 -188.36627156065947 84.602620647978057
v -546.59652609485386 -176.32491352396096 79.173510674405279
v -547.93425957929776 -180.03028232761247 80.676923173264882
v -528.28714279105122 -187.68215372292184 82.157881021647171
v -526.43613778285635 -191.68254656539179 84.088455356784067
v -530.67801265040475 -187.32963868431409 79.566950829530342
v -541.70824641770935 -203.17706722638303 98.806204501108624
v -543.19438909454971 -203.90163488289491 98.977985411526987
v -544.28813488679225 -201.93781714193366 96.639181410244589
v -544.9239415443692 -200.81347273263498 94.364188921455536
v -529.55212757544405 -150.71597003723767 56.485810680027399
v -545.78701291546122 -199.10954064550356 96.579734459294642
v -548.20935299347343 -194.75245854656114 94.101191557116351
v -546.8042377578297 -141.15569401062487 53.856565621600325
v -555.42245639292355 -101.48040833447969 26.631575385534092
v -552.77206394764733 -106.35815199118959 26.538754271852312
v -547.21014944320405 -116.32618482146376 35.082030314442733
v -548.51331357962999 -113.97988790590892 33.431467335380475
v -549.29440164099469 -112.64255007605215 30.193905164382109
v -526.4998095385979 -157.60191922721978 58.862306190643558
v -564.60538472645419 -140.91396955664911 57.072675021499848
v -562.30006519850747 -138.20790454192471 56.651237246458486
v -553.03350294780137 -137.93695319188785 55.327768989538889
v -554.69230596717409 -137.11171995069645 55.921693822679593
v -534.1895359210705 -180.16373927793961 78.586245144631107
v -530.47379263560538 -179.12227283447035 76.877037637880392
v -531.21588881736091 -185.25089000328236 78.252596466005599
v -532.46218938321886 -186.12453567386427 77.851614430889171
v -531.42064683005867 -176.7927165299574 73.426173803515866
v -531.91790550392705 -176.22120276212848 74.612517359461833
v -537.36345686240293 -132.05942283565517 45.336849576875636
v -539.48471302214944 -135.28422010912413 46.77719185788078
v -542.20453488123576 -134.82231398049947 47.504358419917523
v -542.62810313312934 -132.80968101161909 44.889740183088712
v -551.37289793374782 -138.83622262317473 55.196993980117597
v -556.25290714821199 -136.40848370064521 56.9442116793495
v -559.09285904535091 -140.56352995458158 55.767947961464174
v -538.27726909939747 -168.96193821464243 68.721230148687141
v -540.22814450042029 -168.03760007200037 68.935218096712177
v -537.90749044246286 -165.51541784996766 68.069778511944406
v -533.7677266424181 -165.38305083949831 67.233465312879346
v -532.41019390550923 -170.07803333610281 69.514594624085959
v -535.19438592227141 -164.766738209886 67.323454425185162
v -549.61869422490111 -183.86443201808663 85.319462830025827
v -549.13064875353894 -184.91856055428141 86.364322574586765
v -549.55616047678268 -181.68698840972803 84.337228940713374
v -548.30472592743274 -185.96475450246504 86.386666783517043
v -547.84959097870444 -186.45888456442765 85.571691410061021
v -545.33205132092394 -128.81791337853628 42.516369024420825
v -545.89456572081485 -125.94671011770845 41.348325949988094
v -529.82351696666149 -156.5420990004572 60.519690343169664
v -546.68248649305667 -118.62758837307869 37.464399245968394
v -522.93670298633663 -205.99723044639853 93.486713105990304
v -536.52673226386071 -180.8045978461781 78.230637871127243
v -536.9931331464486 -179.64193925533351 77.812037497369147
v -538.32449374170062 -176.57068696680091 75.962623003126609
v -536.0621715994771 -176.40209274696542 76.234705617512375
v -520.10094250954819 -204.89759138929031 92.637841560028846
v -521.74599466968687 -204.90821300618586 94.285585743526781
v -542.09314106210468 -167.07089716547407 69.770910101351689
v -538.74381848946621 -163.51083959295056 68.470305175458321
v -521.96411964620881 -201.54364935039374 90.803182422591675
v -523.61954104812844 -200.96800968729499 89.489948995542406
v -524.39967645105207 -201.79241327274298 88.988585992359532
v -527.45877284381879 -198.40762339900095 89.178692101901134
v -529.2237290061264 -193.90169916260845 87.203903462967745
v -549.76348953101387 -139.91969607034679 55.549342479450601
v -561.0836433163679 -141.58258799246062 56.666942448521652
v -559.35411449403216 -138.72532339352165 57.501470749727588
v -557.62458567169642 -135.86805879458262 58.335999050933424
v -523.47038045431702 -198.28039295149492 89.340243565376781
v -547.46101562004071 -175.64191701367849 80.595088138708022
v -548.95546309545875 -179.74948580104797 82.114015923431324
v -533.03918390296769 -100.61094033708122 19.448460352186977
v -530.46675523424176 -112.14737961442239 26.072118448585691
v -527.51118405657735 -111.10019017776881 25.119298086126612
v -529.12745544241045 -108.86188803506138 23.548652334454324
v -524.94292444545169 -122.10916520710079 31.634413795509058
v -526.96959950381574 -118.48462720080039 29.565113733902507
v -538.15591695603746 -204.90326186309207 97.907794940081146
v -540.41859455346616 -200.78019219387065 95.638783519903001
v -536.1058890966998 -208.59219447954132 102.05459551724897
v -538.17529673105912 -209.52848632472433 102.42758177995952
v -540.10602824291254 -206.08857210777984 100.38706289593242
v -532.50264387692948 -189.0103972150456 84.091295194156274
v -533.99372683842159 -187.40892136159528 82.30471294468542
v -527.58247461069845 -155.20831632269537 56.567602259705339
v -527.07539760485008 -156.22862579259274 58.822622342231249
v -536.10438717887109 -183.08645402737125 79.481672191969849
v -537.48011464739136 -184.79113131423537 80.335272126329244
v -545.45246985248048 -122.81443845246308 40.174552935886481
v -541.81844219754612 -117.88088998890196 34.475735971504861
v -543.20044816462064 -115.40534161451548 32.723328903134131
v -540.54272907208815 -120.15399677755371 35.743597594323248
v -545.86809153090121 -130.23128285564044 45.014603330311004
v -544.45839642347289 -131.678825201743 44.98168530729761
v -553.77216568967958 -179.68760292103627 85.554052907980974
v -551.47839856078122 -175.59201093683504 82.725854809143129
v -551.31052045872593 -176.02233243320188 81.455834807969552
v -545.80524973843058 -189.94857511054352 87.900485491412866
v -545.6643560814972 -190.9994498919163 89.753523027692168
v -544.57374480424494 -192.63001759168034 89.963237611988319
v -543.6644013646312 -193.97562401229192 89.847869294185102
v -545.61269133288215 -189.90166087850969 86.953789880425262
v -539.7203252517719 -121.71121985312557 36.748457912682255
v -539.65840835387462 -123.37241637355572 36.792794676852075
v -548.08444982678986 -111.71372700583322 30.226053478350657
v -547.35373687007848 -112.97104798638384 33.050656488279664
v -550.47469723370716 -107.31915034410802 30.164922760978165
v -554.0123251912828 -100.93328280130453 26.222379953404712
v -545.85527281800387 -115.66989754867549 34.918305720695351
v -545.03616089733885 -142.68834726280326 55.671555884505473
v -565.89752727352163 -141.58258587683284 59.512534284996036
v -563.98216137935333 -138.159141322918 60.191867613689013
v -562.9646214942012 -137.52024895586712 58.605051398531678
v -548.4268680193976 -140.646542919609 56.327932237514155
v -562.36546518335274 -141.92612819602198 58.199739284528512
v -560.09502973407518 -138.61777667873852 58.551187830371049
v -534.07956814367913 -182.66022218917479 79.879878103881794
v -530.12178122460114 -154.08677922001002 60.570311658121824
v -528.94812385738646 -159.80170783773318 63.493875426598144
v -552.39250019464612 -187.29881348885931 89.045175632391832
v -553.7924959101905 -183.87960235041626 89.883674001945437
v -553.71819097191189 -182.37928095013996 86.472011940587691
v -550.13924290105251 -183.25100794994501 87.161603170098417
v -550.13617046106128 -181.15569456043352 86.363241130893798
v -546.97955984301791 -142.12385807840155 57.875931965968256
v -549.69468981866976 -179.13745444541115 83.758555076890957
v -563.27290605286419 -142.44633913902715 59.897243169894722
v -560.96150905059369 -138.84923978913142 59.818205277826692
v -523.179808128074 -202.79175253641498 92.92702219608978
v -524.27186457029904 -203.77261208657833 92.218533474566598
v -547.01952695670013 -128.14948104702648 45.257233241347421
v -546.80072981640114 -130.34526475836455 47.001305608520646
v -545.51913583152827 -132.29036616409675 47.039425774731328
v -546.3477473946823 -132.04168346288117 47.859342653081882
v -524.23117540247983 -200.13571543802982 91.809286037810082
v -526.47190152302153 -196.35110526681507 89.62474235916109
v -525.40378338762753 -201.65189885116189 91.085738784449802
v -525.81694316034066 -108.07747922732221 24.845820995918793
v -525.04380236156169 -113.98810020849768 25.523125233402823
v -522.4723034157945 -122.87761876619351 33.690817659820652
v -518.42163891377061 -121.43515254852856 32.288434762597149
v -522.2670583383607 -118.72008535557691 28.214354799076638
v -548.07966915181851 -136.91423084730633 52.518992162701181
v -550.04362781126315 -135.34786928599902 52.455020693779694
v -521.07974497356952 -196.83889815974442 89.572151640101964
v -523.15413111221437 -195.38817863044699 87.39927704745449
v -537.90653867653839 -205.32141377761278 100.23166786207145
v -524.35101961901307 -119.59472007163154 31.783753211097569
v -526.24130238285795 -116.32146255818213 29.869127692982914
v -528.86423417102219 -115.7269209088102 27.90534085655888
v -534.46137646368356 -94.74084424953665 18.101338294009317
v -533.26865573900466 -94.606640458321209 17.177998319250428
v -566.93864705395947 -145.06656110743828 59.883658469238121
v -566.51801670480904 -142.46285940807184 61.802508939573897
v -564.79892911180741 -139.12976166684675 62.097703708516583
v -546.81792079911918 -124.75777109346183 43.877934746080669
v -529.19785444643139 -110.96965735325529 26.907999793271195
v -528.34824552823659 -114.22960049574601 27.974403605480035
v -546.15308168624085 -138.30409516223818 53.224795403922556
v -524.97166886122238 -189.91278811201377 85.724138832970453
v -526.87225260177274 -186.31283591063152 83.856872264593406
v -529.29847360520455 -183.66882594603757 79.702038313234809
v -531.0579637083373 -187.72156302333676 85.006849174739273
v -532.993905440503 -186.46532250258153 82.503326594863736
v -530.85765588607137 -190.97308430842114 85.595235596448731
v -543.22590286921275 -202.60149047741024 101.40441491542822
v -543.94793797587454 -201.80277500441969 99.676968288765408
v -544.53326729565629 -201.27248054354067 98.044845176678706
v -551.92987595313434 -133.69728393497581 53.036138275250828
v -530.02592549804694 -157.83266394486807 63.337072400232032
v -543.62576127575676 -114.66777060645384 34.432424743972518
v -546.35149882115786 -189.66595787620798 88.813271894859881
v -545.19786569416431 -192.08430485160989 91.22633554049375
v -546.23957538497962 -189.93046859611042 90.183684187634157
v -546.01961584100707 -190.50643563595801 91.969402741931134
v -509.92742395034935 -157.05941404350568 50.273225761906978
v -507.46794234365217 -155.62416277349499 51.981890105210354
v -510.32217643836316 -156.25678728232589 52.716051310746749
v -507.27121159541224 -154.71071709693675 54.694368975054942
v -510.63146781607043 -153.8707357499336 55.14288681659005
v -511.1392621522038 -154.08223789842947 52.046328998101622
v -510.06982872571712 -155.56913878523224 54.993739864450149
v -512.00033065362231 -155.48348723305037 50.023737253741373
v -511.19958192131389 -157.17388937683148 50.973209559511787
v -540.04565704562606 -120.95452644218341 38.15976840471987
v -540.48700174905366 -122.67342856695791 38.479431522026417
v -533.2223122899976 -179.02304442683359 79.730775929344276
v -532.84232747781073 -181.91297695596589 81.137660208069761
v -533.60582175789432 -182.19835646533429 80.110324604188236
v -529.17408434599724 -177.61246698366153 78.372998831462539
v -555.46211592084592 -100.13529059340581 29.033219241060095
v -553.46117961183052 -104.93319945179779 28.827481175676432
v -554.21997494873472 -102.35467221710087 30.330361094301914
v -551.54273522716153 -108.50148494010702 30.378912117560489
v -552.9778339766234 -104.57405384079595 31.627502947543782
v -547.24982259477918 -114.98106975508972 37.48368057170309
v -548.84532800280851 -112.16483042167135 35.711415735380427
v -542.07204149576012 -117.33200724162585 36.367475510029905
v -520.66654058744041 -203.66136180204776 95.487889800035589
v -520.48957316117071 -200.45044275008999 92.457905862719628
v -518.85044742760454 -203.42902634317556 94.075157286042099
v -561.83029931107342 -139.33332690691159 62.599547827387752
v -563.68982159065365 -143.01556682522713 61.496055820704967
v -561.82092025797147 -139.6412363359546 60.967690311871969
v -508.55263597502966 -156.77707916034487 49.780962399582513
v -509.34337239130565 -154.65345625079863 48.934538274315642
v -508.41544436896032 -153.3243092336657 51.100766368188204
v -522.38511938435477 -197.00588318095478 90.58765816871994
v -531.3199399685418 -104.74538838735845 21.271859879024824
v -530.97282423550223 -101.52930116008473 21.674066869429289
v -529.50235877518116 -104.10637009020596 23.190042125104874
v -529.80894432099842 -106.51862161077828 22.769979768839931
v -532.69082855739293 -98.156935344044854 19.915640034237015
v -526.15529196690716 -109.40714594408595 26.775478276533235
v -528.20886581580487 -106.42031909428671 24.521907141735227
v -542.99668783975517 -139.37011741294813 53.977796526664875
v -536.12785870515904 -207.68450438443128 103.7486429929736
v -538.19296214918404 -208.43914655543691 104.45180364384605
v -546.11466455265122 -119.2291198770491 41.180574733809024
v -546.71369645205868 -117.08679236274598 39.599470050898859
v -541.73575934980397 -202.04103800184402 100.92636191931526
v -553.62786773759035 -132.05916247356294 54.227226494411688
v -552.27237284306023 -104.02977398951842 28.391130251097387
v -551.03610955608519 -105.34080161259934 31.435211471911234
v -549.42942938150748 -107.95298679302196 33.495737462834342
v -545.89039435640689 -114.47947237271472 37.043773288895451
v -547.73670151022986 -110.97033400206729 35.268565816232652
v -554.10268602964959 -99.633696198924667 28.593313659010718
v -548.73232113683525 -175.59677479710183 83.916102368583879
v -550.12107149691565 -178.45904123098555 85.533565664623026
v -512.039620624294 -151.9331169274991 51.224540420208832
v -512.93173414365026 -150.22273655422021 51.299386812630608
v -514.08639192192686 -153.19339592380757 47.258460788335881
v -511.64268418014115 -151.81948798376831 53.722640868048479
v -553.83877089469388 -178.58468056193084 87.955984746877775
v -552.17500317461304 -175.18382547902166 86.186275471245793
v -551.94684229922541 -175.32595085092049 84.433909805099546
v -566.95442003666165 -145.26803469590607 61.643191479922102
v -566.58931076251861 -143.6837917959873 64.142662808079038
v -565.42278171468433 -140.50043086167841 63.423082223028644
v -545.51563265324364 -121.37144739135223 42.761679416719204
v -530.72177704235048 -155.63348889575838 63.564663644313086
v -550.25501574610553 -182.22413399444753 88.898801598956865
v -549.48609489611567 -184.29502879704938 88.191443899694164
v -547.81792497032632 -126.4486985299057 46.422531923445263
v -547.61846206826294 -130.01439512027804 47.860730056221975
v -563.77838095650247 -143.88708534402863 63.388137882271693
v -562.79202385726683 -141.47508822644261 63.117670355981097
v -544.49521778299595 -167.61023148573943 77.507572892326849
v -545.59711716042534 -170.43285085557665 78.812896721322616
v -545.14019451128661 -171.82429727888817 77.614231276764571
v -543.7695695796474 -168.69456314976071 75.973877969381022
v -539.79806588196982 -128.23002693878723 41.87243432354839
v -541.43419494781699 -128.37497679005907 43.842415189990717
v -539.93027250596595 -131.18530860403899 46.250260668145906
v -539.1211255287775 -133.48099544856308 49.653683180603522
v -539.28177157171604 -134.6566285707959 48.391431599468703
v -539.32234385789604 -132.50113778718338 47.459725715068316
v -521.85484752092668 -201.62583636892901 94.30827691175412
v -509.36294639426842 -151.02445569383633 50.219642631166167
v -510.49243326277372 -148.83882024210959 50.174683157739999
v -509.53792206985554 -149.62118580866496 52.861528155369314
v -510.69184473787192 -151.65222766771623 47.743107645535893
v -508.27704086092848 -151.64034261299301 54.902765613508464
v -524.95860253970022 -196.20491233428061 91.232893601236668
v -526.70737864744308 -192.96402834808208 89.51022873765919
v -527.72360939461907 -193.74445678757229 88.364574358417187
v -523.43394825369978 -118.35152457522864 32.817878343751943
v -525.33243009565376 -114.93658522918474 30.903294220168618
v -527.54586152594243 -112.97068435574707 28.642648324305938
v -521.53546641174569 -121.76646392127253 34.732462467335516
v -537.41813053118722 -205.39338297766159 102.37040113710607
v -544.09377885431093 -138.19605518783843 56.570247019061419
v -542.38327092447355 -127.26436837928837 43.874584694971183
v -544.03169008242651 -129.40685494291316 48.026857080635367
v -541.87251478269229 -126.5242019794689 42.536642886907828
v -542.7342375619296 -130.50299679587451 47.746110629801308
v -540.41624213878288 -127.07158623031246 41.207334982332831
v -530.7568627880994 -159.89976373717548 65.530988111311629
v -528.0944422121421 -109.69584787976558 28.226617861390011
v -541.45034118499666 -198.88785333017921 96.454931726186743
v -540.67830580695897 -199.42199605679039 99.24851033338787
v -539.96063860008599 -201.59477102120124 97.912963518144366
v -539.45283532108397 -201.64323592198321 100.46817072683862
v -545.02235764016484 -135.90846029431529 51.929756650131253
v -547.15614338572777 -134.12308787469277 51.516311223611083
v -530.00916002005783 -186.57378449186621 86.235663932976081
v -531.66686024837384 -183.65461621171019 83.114102159042119
v -528.95277512330415 -191.04246226222563 87.176694609522144
v -532.31959234725628 -184.99689381841199 82.757691708622019
v -514.1071103815176 -148.94103170980318 51.315991412965815
v -515.1410460298838 -151.4765101507725 47.101982004602235
v -548.36304189759744 -136.18796577485992 55.382682452432235
v -549.68197255079633 -134.96870762800185 55.339496197964849
v -545.59172829222689 -190.43420790973346 94.388415229104822
v -545.37576376683876 -191.75295379265043 92.790302539588438
v -544.40519335338638 -192.73997499350054 95.339109131098454
v -544.35584300245603 -193.60563889995879 93.786099446404961
v -544.18747508068282 -193.90048746121846 91.82018968447683
v -543.69659470742693 -113.75807787015631 36.099411455959441
v -559.63632366511729 -135.44996836279805 56.277285802038975
v -555.03844582314059 -130.52902888362132 55.957320649692875
v -540.97965906431284 -136.75621795743007 51.778223945276082
v -540.93284188305415 -119.20922515576973 37.736884583643814
v -540.05656540855023 -120.00789608317606 39.971625084705238
v -540.57706728932692 -121.52034902414063 39.353675430767296
v -546.8245304628033 -137.14704539892602 55.910034823072962
v -532.21250979039769 -177.80326130158417 80.978500690578443
v -532.21878775163361 -180.38748203022735 81.511840124261312
v -552.38779184217242 -186.16808404615998 91.679230709738334
v -553.50844868829711 -182.29839167144189 92.109425551363941
v -553.80363816482372 -181.44395996898703 89.408318363215272
v -542.15745815201512 -116.25197225330407 37.995082070740224
v -541.08122175781978 -117.91514820687965 39.207372955813867
v -551.06857153037674 -133.75149208253433 55.762590050665551
v -546.79266211805009 -168.97951414088229 75.28705263868062
v -545.49265548909227 -163.41633748753495 74.573446437856532
v -544.69352136214229 -164.57915734983121 72.565250391385689
v -546.4083859582496 -169.66317013054149 74.3214760024469
v -548.79198273813165 -132.22585744561903 51.714756049701862
v -546.9017613220791 -123.03107215461642 45.483230931447515
v -562.45709794185245 -142.794144551871 65.57071742721908
v -563.3470641067787 -144.72397046039944 64.978559097984828
v -564.40128880674808 -148.01227033305872 60.990592188014169
v -562.80463483811445 -141.86219034002667 63.981292706790946
v -542.385257745324 -125.32232137801952 42.823852317600405
v -543.60388645361263 -126.84370147835594 45.597828513741973
v -541.99567221704672 -125.89516946315497 42.551625578154727
v -515.6543295125349 -147.88925962486613 51.604450247991437
v -516.3429464370646 -150.2171880082465 47.294776865384897
v -565.93350522633432 -144.54767287078442 66.40990680919289
v -564.41645737387 -139.82481470493218 66.395934674884657
v -564.55305223494167 -139.22938760113155 65.263690961060249
v -512.14717921735087 -146.97939064615008 50.353816121002509
v -510.10266550410824 -148.52836808280162 52.839048418656269
v -512.4487151959421 -150.2891838810026 46.249234641470274
v -525.88134312988473 -104.80820549246101 25.673020865760918
v -523.41925282061084 -108.98339354823804 28.271965332740592
v -528.31780409830947 -103.55654606954998 22.272431589266496
v -524.33086297702471 -110.32563457009681 26.487314944676683
v -517.53049279597292 -119.94025920186075 34.048627205099301
v -519.60855067795376 -115.66814990769336 32.122330679296688
v -520.50067724299402 -117.66176008126993 30.191923032539471
v -520.11127085870532 -195.23373444461947 91.546858573626849
v -522.94345092485241 -193.34068453749526 87.767059978855286
v -530.85846640072384 -152.89518146575332 63.944241236375568
v -531.85724087317396 -157.69778899649776 65.739792262753724
v -533.60043484594291 -93.272377054309345 19.844468294193092
v -532.2958471781368 -92.947386373780319 19.147582423288178
v -531.43460591501798 -97.476017931629144 19.191663381109677
v -547.46056671162501 -166.25916468508058 78.434171666098436
v -547.33105762392199 -167.22563884731443 77.333073724037575
v -549.45798221185134 -171.43419315951243 79.838318185891268
v -548.50233118347319 -168.50570380288502 80.073923154328355
v -552.30573257682363 -132.49637499706353 56.641911790835529
v -544.9620312374326 -167.05356773781827 79.417636915471974
v -546.62395378727854 -171.28408715475507 80.86794275382745
v -532.5601285866984 -168.64844942462378 72.40671524293532
v -530.05159989979063 -168.76965824276201 72.039457319969415
v -528.37401212035411 -165.55452360331114 70.140985219472455
v -548.7327546909961 -174.62731832701999 85.383817224072914
v -550.20434120463881 -177.7986753642966 87.528448851339405
v -524.26009574328054 -187.38495379369027 87.669185047348662
v -521.82275097054787 -191.83686116755933 90.056898479484047
v -525.89309007432189 -184.68993858454004 85.853406504164866
v -528.13428160580986 -180.96841914370364 80.813954630841209
v -540.96578353383268 -134.97292356353415 54.184162568412781
v -517.99486673998695 -202.01098761244859 95.819710606032231
v -519.98291712317268 -202.52832913176093 96.88181113779315
v -520.08846716409619 -198.130267931661 93.811302350866896
v -542.77281024057504 -201.15834049075335 103.55333702026181
v -545.08032874613832 -198.94016995647362 99.793605758450951
v -547.20307942770319 -131.79871867257449 49.163647499139444
v -533.93955262014981 -159.53104273815171 66.548389730689081
v -532.86151634928797 -162.13743169662612 66.367889620908045
v -521.5295387088828 -195.58781712540406 92.332191055720273
v -531.25376759806647 -97.275442243726602 22.43304242072837
v -529.46790006558501 -100.88201650761957 24.057420506006657
v -525.38814110667022 -108.11815696296671 28.294930050025634
v -526.70473442328387 -106.06182597372472 26.848393522786054
v -545.9179219229685 -194.92301444350102 100.65607465222837
v -547.44300870732434 -192.20465654476604 99.13528296192969
v -547.42395277579806 -194.68134546177905 97.481271718072819
v -548.78014063671401 -191.6031975588198 96.603965590739335
v -548.78467632209401 -192.53993290601497 95.769471146079923
v -541.65347498724225 -165.38359547268814 73.373674981586475
v -542.40293232879128 -164.68242698550509 74.425127652529753
v -542.68457837735775 -168.91104956934385 74.641327862488382
v -535.78968965211402 -206.64136386244769 105.32706783691916
v -537.65395450538551 -206.95334543323514 106.64195890528424
v -538.91655383909904 -205.0553941572833 105.27612523235936
v -540.1443905234654 -204.63781732088518 102.71803766990114
v -554.98511248890713 -98.599522435946994 31.26769662565761
v -550.49921783917978 -109.25422670267304 33.857626190709091
v -550.50120144108223 -106.81572567225962 35.80137612260566
v -548.19775147175153 -110.80350650581177 38.270596281547789
v -549.92210736945071 -111.35299009389148 32.426954945065731
v -546.77283030725721 -113.44530875417149 39.71816690917246
v -550.22967847537211 -180.01140467937205 88.21362522514822
v -549.94940639046013 -181.3533713651922 90.5732835912562
v -549.61934022178605 -183.20358016364116 89.783325424553141
v -550.13990710808071 -130.17236348218279 52.480509473567857
v -562.48430877376165 -145.57485861343619 66.33977435431909
v -541.23588595413241 -200.60852915534304 103.05805850517208
v -540.22767539475399 -202.31742049562956 104.09014970196527
v -548.31842242594519 -124.72725368667049 48.264730412532906
v -548.97540953047758 -128.17557707431226 49.469857731513677
v -548.26647322278154 -129.06587572092997 48.831395866717372
v -514.09283178245607 -147.4824772174498 47.77971688229389
v -514.46900677077144 -145.46356755640991 50.804725337896542
v -511.27836999828031 -146.30500222356594 55.546391937944378
v -545.46823974700885 -113.12032330245663 39.02128401459445
v -547.46163024915381 -109.202162999194 37.05924016351409
v -553.70862479448613 -98.364983596879043 30.439234259990727
v -552.56295941809572 -102.10405372906632 30.405342478573552
v -523.29052183752196 -198.73000266249232 92.947131305961562
v -524.25927281690565 -194.75592642587208 92.661041473034516
v -526.26240891312204 -191.42097460401072 90.591357113710146
v -543.30798122219267 -124.45890493468409 44.68436310589793
v -544.40800428112323 -125.6950411148776 46.865515913703618
v -544.56505652765793 -128.03973567043676 47.796161108674454
v -542.95849398384632 -125.09289285900664 44.106179718390734
v -546.22248451777273 -115.9157260284627 41.791142191464239
v -545.86905858550813 -118.64358670990748 42.276410804091775
v -524.85344335270258 -113.54729239139262 32.043005704234872
v -520.84332646944392 -120.60542452926819 36.099536456263351
v -560.64382011112036 -134.34439789567332 58.588763621327836
v -556.68550972318394 -129.95907061975191 58.106481907794034
v -537.04208254356456 -204.0434923291262 104.18907930926929
v -553.12814937338351 -131.2230861710629 57.798308003796421
v -527.52263801207232 -108.61664356328129 29.41377902470807
v -542.61796846430116 -195.9517401667602 97.227948102723985
v -541.75445598274962 -195.91903981117599 99.355486330484979
v -540.42630229741417 -198.22923025978849 100.74320910652803
v -539.22605569195707 -200.37840413188303 101.92493710855192
v -564.81107767189633 -145.79107096743442 68.22112345609132
v -563.22535994467682 -140.4201784294674 68.909740070232729
v -563.89207065024254 -139.99794790418719 67.708330947771756
v -529.30739869818194 -185.57886631771368 87.676708870736107
v -530.22470337866844 -182.0375579764744 85.547294281170039
v -528.08341611852984 -189.78149465555498 88.288197256734549
v -531.08258589025934 -182.13891056529104 83.665337073847311
v -553.37610288746339 -177.34499742438447 90.495558520765059
v -548.86903986585071 -130.44767853947059 50.674639155004073
v -548.21943111180997 -131.12538042131746 49.812046590909432
v -545.44184011164486 -188.91640179826973 95.731233958838573
v -544.16498080504914 -191.45703794171823 97.039539674752888
v -546.2174440616044 -188.58370138170201 93.963007328057529
v -546.57198591899237 -188.79595056989834 92.889910277136451
v -543.3947877680464 -112.65281025778353 37.747838084572386
v -539.70979326895622 -118.93121943061294 41.526124474451876
v -540.72340579350418 -120.62492388624338 41.12145916668549
v -541.18334414620256 -122.17770508557436 40.528568545440855
v -558.90816530340317 -143.09497531515763 69.361380834003114
v -559.86962042871653 -148.86805327151285 68.80311462063041
v -560.58837975731672 -141.27196150415733 67.705033042653852
v -545.02043905817038 -119.81339762882389 45.074254060141641
v -516.62811256586076 -144.64379521721659 51.331691775398781
v -532.49587548950979 -155.32722915312198 66.360074678032703
v -541.98012521462431 -114.87150366846475 39.375621719183016
v -535.74623198385768 -158.94205235985712 67.577858629804552
v -545.87101814987898 -162.35788451319397 76.824268632825365
v -547.31550970316061 -168.38958804995295 76.272580418087031
v -546.72229881072542 -170.43929242945939 82.417467159921671
v -543.023867421369 -163.68611474516979 75.938985430668922
v -545.09820920914592 -134.02048014836771 54.36690138809729
v -546.28873078034997 -132.92400502990941 54.105181026115176
v -549.92739779157637 -177.07416899573172 89.049822333138437
v -556.15362067868091 -132.72813693833473 59.642858136623211
v -558.55947560761967 -135.34118173822114 59.991354248129049
v -559.06760195670495 -144.98638169487668 73.018232522650393
v -561.96161580186151 -149.20728768555645 70.919727048277991
v -557.34849816407632 -145.00498410393598 70.635379659621151
v -551.12121219864662 -128.08305998198878 53.767781408346622
v -544.03041187700921 -136.11017620117823 55.086942137569451
v -560.69475786140606 -142.89179703976347 71.710289571809597
v -562.58973157210937 -141.27163308553028 69.873713179305696
v -526.52849129589663 -162.01754151314915 68.05246869648272
v -527.70315468546426 -165.16308924637002 69.015988804698637
v -546.60004737119334 -121.20204856657102 47.826153439279892
v -547.42228604029128 -131.60697020713479 54.239134227972656
v -543.6512520749302 -123.32308825861632 46.199108625300383
v -544.62496746719989 -124.23504121322281 47.848929017919666
v -545.44416091923449 -126.87106317255353 48.926299881596464
v -543.3075781845514 -123.82789338446474 45.232711549392135
v -545.0502170089776 -127.52361684917153 48.543130059489712
v -552.61583992928308 -180.53655662386123 94.201449225090983
v -551.31171781950957 -184.34682866278712 95.151178131364929
v -551.80138435216361 -185.38798816657857 93.885075792687502
v -549.41917915457066 -180.1433792750058 91.921336083826191
v -548.51067085553404 -182.31956130499256 92.513596811238543
v -548.63473794230333 -183.89432633590715 91.470529596717952
v -548.43083726595557 -183.38570198955208 92.475673978234141
v -561.82639953905016 -134.05638603292809 61.418727006655949
v -559.71680004819086 -131.58681883174947 61.189943678146236
v -558.86500683773988 -131.43105743377836 59.601379543389307
v -519.64472164316157 -201.48519542884267 98.46023254438569
v -517.57307265828786 -200.71002072276661 97.788278610867764
v -549.4619477523986 -127.91444913849229 50.866092454444818
v -521.75150779985097 -199.3485106766712 95.125699060321182
v -521.11832592437906 -194.31948681811744 94.25137476615123
v -519.33891849532563 -197.49384181124452 96.051451333546098
v -524.89093626407919 -104.20681640650383 28.313646733946648
v -527.18839303805578 -99.912943543509869 26.051822694641274
v -527.64545839610685 -101.52087676134474 23.885585691699625
v -516.99545017787 -118.42179736182383 36.196298700978517
v -519.61613615809551 -193.72183521819704 93.829591255305544
v -525.51709397373565 -190.96592013891242 92.54862280176593
v -524.01163227486916 -193.68779374172215 94.045280769516808
v -522.62228135224518 -196.03039536990889 95.606249863130131
v -520.4965795215079 -119.52879266515798 37.653998755533323
v -522.60706973212598 -117.21347019427952 34.427763852928166
v -525.78192856726162 -110.16559702757699 32.29970805413727
v -524.15517228380759 -112.9581393173417 33.9674148430136
v -533.2010233152256 -91.986434804217865 21.715454408271825
v -531.81884291978588 -91.411619710268454 21.382060658264891
v -530.05602611826259 -94.78660145735023 23.059161320872441
v -530.39458142507897 -96.49000074292114 21.074062275294423
v -535.13577126615519 -205.55755109942265 106.66041019031485
v -548.48238245146831 -130.01459535450698 54.805598956007927
v -527.13690519513284 -103.12873905654993 27.824637496349887
v -528.52893383892672 -100.17173414531752 26.886866435142593
v -527.84286905645081 -103.84247109261412 25.723126181822089
v -530.18521611902725 -97.261407112035528 25.021786919549754
v -524.96598980292026 -106.75900191692098 30.272437374208188
v -536.73402070006773 -205.51957206392532 108.35025889511218
v -527.23430534370834 -107.68833384229671 30.764428204286205
v -525.3334731520182 -183.33239857345302 88.188500024721606
v -521.95960918993808 -189.4626120301306 91.518766369033798
v -541.23889785224242 -194.6232413440307 100.59215536373856
v -539.78131874829091 -197.34891985298518 102.00678087554101
v -542.66769871890722 -192.08279588700447 99.165684332910814
v -527.15629130802267 -179.70697825756363 82.957631300307014
v -548.66914298005349 -123.22810816984693 50.805149680239815
v -549.66830164872124 -126.24969979342143 51.014581630573176
v -528.93691430009278 -184.7843124496593 89.14458961909925
v -527.33765392768225 -187.51829279693447 90.855339523883202
v -527.70256419130794 -188.35041504526225 89.372409088396282
v -541.86073746559293 -199.64758408895742 105.46116849965807
v -540.53816153997479 -199.46077384882688 104.47809446519224
v -542.53173934716199 -197.62093088623857 104.92803002422971
v -544.15272406748863 -198.1300269306376 102.39792468209149
v -543.60273642289201 -132.37204409234951 50.94157331110496
v -541.62305538119062 -133.18547820816778 50.342517160799986
v -543.26353089444069 -162.80791218593416 77.785393722397558
v -540.78592369048533 -160.6369529044249 76.318565604510709
v -532.63597128641788 -152.92665924384471 67.35589628048217
v -544.4347747869092 -188.34041062773713 97.507799229551779
v -545.02710379891698 -187.79214686332705 96.77036847538227
v -545.8923591979119 -187.41743054300395 95.269746697685491
v -546.73335314722044 -187.31871510250778 93.858768239304766
v -544.60731257933298 -111.65185728798232 40.764419566133618
v -542.76824361015815 -111.54222325337163 39.090039685677013
v -545.52062852739755 -192.41316650339763 101.96683995612293
v -547.38287486599233 -189.3431323885695 100.09436793539717
v -548.74567879268727 -190.35023234667239 97.536771282827033
v -556.70466105357752 -132.35795000732537 61.151936259794304
v -559.49800956957506 -135.39017541574609 61.886810543006021
v -534.74725410874362 -155.59501321765279 67.980922146308785
v -552.92758930529374 -96.990259048894941 32.095323382072323
v -551.97146019259333 -101.19095283588454 32.378557274619908
v -550.82131356702303 -100.67331091689576 34.297964326331446
v -550.63212613254393 -103.99952887574264 33.551891711337788
v -549.56158581351701 -103.02537882833911 35.573048003243429
v -547.88033039139566 -105.86286318370853 37.360247039836409
v -548.9792256606969 -106.94627486322213 35.282731624237826
v -526.15748382309891 -150.10976254454104 60.451294228658462
v -524.99260274421772 -148.49169053162493 60.432389185269606
v -527.03328155570989 -149.42927191432187 65.83932492813318
v -546.53121360520026 -130.32484699634136 52.07941716290172
v -545.1540820786829 -131.2797172401684 51.13289551903415
v -545.72121075648658 -130.49414193300484 51.299476423143545
v -541.08515426004124 -114.0497612513463 40.956730899055358
v -539.01767809472403 -117.77018986984906 42.893213817986009
v -540.81737143337443 -119.95723790604769 43.127647863078622
v -554.01230143842076 -96.940237129060932 33.237335300726116
v -552.88291442756849 -99.228390737519064 34.329618048501501
v -553.64890419677795 -100.93073149123457 32.666553466633616
v -548.26859235740631 -107.32343134778705 39.147619986918968
v -550.13460034840273 -104.05581969544281 37.197549941100277
v -552.42584907568892 -103.15683092775845 33.92079376447932
v -545.80000480670606 -111.78602226653247 41.687800032885647
v -545.4112032216434 -167.36490681071254 81.191229817946947
v -545.7124079298801 -167.85443276802715 83.131729870722239
v -546.95739870569355 -170.67772442191298 85.138427850252839
v -545.1006730825676 -114.06874750212819 43.88679119827907
v -552.48078705575904 -176.15103204836061 92.530051834419424
v -550.79913093045207 -172.58062268533928 89.402334416495776
v -551.61879715997509 -173.80024863915051 87.426870268687097
v -549.29225432296846 -176.09129132082967 90.469537772880358
v -543.22827062380372 -121.73320026994516 47.276767854491098
v -545.16615591080381 -123.33324469913181 50.129783465428943
v -545.77487025013556 -125.29904473869765 49.831704478551515
v -545.58807834304037 -126.18735297583149 49.402077426018636
v -546.99871842213986 -129.53622534444631 52.500817650681455
v -551.67902681843248 -126.07995894507715 55.500030432956606
v -553.64624021773921 -127.07062054012556 57.105299471624839
v -545.81532312952811 -161.45952511688907 79.202609334600055
v -543.46503240956213 -159.29423805741135 78.241296854092013
v -541.9031529873414 -158.54570952203036 75.17275434249072
v -542.18756523986656 -160.22471639580505 73.095265826859617
v -549.20586108135501 -128.47373598501454 55.747756211013602
v -544.00019827696417 -118.06525843250705 46.952476952046084
v -548.29694592237638 -178.80979124825942 93.274781765576336
v -547.60028668435405 -181.16268857221942 93.889817553442896
v -548.08684334131942 -181.86057150352593 93.395528460654035
v -563.10555889888758 -135.99978313294363 62.262918255248117
v -562.13550846325256 -133.92404945968516 64.156373386099006
v -559.59492624433699 -130.79490148092881 63.650986302158934
v -523.63862489360383 -147.30747743066976 60.261214814543003
v -523.98748753680945 -147.0792988484489 62.981775255308662
v -523.75434311149854 -147.72202241180685 57.692562975746938
v -525.4927864501816 -147.87791091477021 65.006961823323593
v -559.89085451293045 -135.48045580581601 63.839541436213814
v -560.91899018209836 -137.85362709126701 61.784075341677806
v -557.26668507070667 -132.4458720349441 62.610506403600944
v -519.6988242806018 -200.51576060242135 100.30049543001293
v -521.68983994009091 -196.91816795414817 98.12224035071965
v -550.01404286670959 -124.51739004146378 52.871953354032556
v -549.84741527674976 -125.6724060335718 52.166842718986338
v -524.17479135281428 -192.47382696065787 95.526838831551373
v -526.5986774151753 -188.09582377979294 93.080032064038306
v -522.43229006713909 -115.1440788142323 37.419181100125996
v -524.0686234448832 -112.19629712850531 35.736350875730196
v -525.70186065180417 -109.36950310421693 34.162165263329811
v -522.16067130150418 -116.5345100224238 35.931795200883187
v -516.95361903193941 -116.8771673196437 38.869262728815926
v -520.51031139072825 -118.58351982552625 39.32798279055973
v -534.1069042016901 -204.33492350388869 107.86940779172113
v -536.10630084088791 -203.1128148565985 105.76562415052281
v -539.984775389687 -159.42411644052342 77.402853163446949
v -543.27603518108128 -162.29269845212335 79.284663162783431
v -546.62972199888952 -120.40823106638378 50.150857860094987
v -525.00108119119341 -105.56854091618877 32.397947135159711
v -527.21204368339795 -106.78022371292577 32.338159297728836
v -527.68476740436233 -146.54529976481098 63.799927049381147
v -525.46557309933826 -145.17988655870366 61.038904893953372
v -527.11483870922541 -146.79609005737044 60.346586741845627
v -547.4133320988152 -165.01369831218352 82.258562934227726
v -548.61568965333743 -167.85421600432804 81.559521061012504
v -549.93076695926732 -170.36200781981103 85.261862663805431
v -547.5250972424227 -165.6389883261341 84.72403787678212
v -548.96762703025422 -168.72766297792549 86.85562260019779
v -529.0072440154097 -183.70978082094521 90.613713462923542
v -530.09866373914565 -180.35247337273006 86.596308094731043
v -547.20469514948888 -126.62205981365476 52.297149153007432
v -547.32526259850329 -128.59260294702361 52.606585484262169
v -517.59911856429062 -199.56939698695015 99.91537536577826
v -551.26944623576787 -179.01550878214664 95.967873847611003
v -550.90746962141225 -183.12580023786003 96.169642341368473
v -521.13378599830264 -193.14627042079954 96.427808472658029
v -519.48755232600786 -196.13778964199935 98.052117672502476
v -544.05365283848221 -164.4618004110373 82.831430567545112
v -545.16540768555728 -167.11698510669879 84.654308421589391
v -543.51036078706147 -187.41752466780636 98.577727796495168
v -543.45498211088557 -189.9736819759442 98.5041956853523
v -544.46214266623178 -186.32070562790381 97.438355092024779
v -544.84829511377768 -187.00728792543291 96.949730316561826
v -541.69187848432784 -110.21063737193168 40.383343320716634
v -543.34519472068939 -110.13825811833587 42.196970124334683
v -519.6449942547714 -192.53076434106765 96.052479964093294
v -538.01037339267282 -116.57552154127413 44.013102120944481
v -539.90525622839823 -118.07232008301055 46.137984788709133
v -540.03059260731891 -118.51388749608171 44.405016727734207
v -540.418146705769 -119.18897252586964 43.93884823442967
v -539.90924941330582 -113.29792293206506 42.274824848407754
v -538.72232229832923 -202.45965896017509 106.35838389934293
v -536.38251714538194 -202.33861672239726 108.79578643933229
v -535.45778524968227 -204.07632385017828 109.71482485555678
v -531.85851483174304 -90.066506884814771 23.783712191093954
v -533.2753911350959 -90.600233541513632 24.223004760141301
v -531.64762098214294 -93.550270167497814 25.655835531742433
v -527.13707783207735 -101.70342445911396 30.322706189729864
v -549.61914511255384 -126.99426475481866 57.019017568324109
v -553.02986333043896 -129.47683256689015 59.00990809846806
v -538.09613293232485 -199.86641456459486 107.17919381606438
v -532.19960087534969 -150.67139204357497 68.475392455140678
v -539.20640926807778 -197.84885573995766 106.08372126343916
v -523.40717179737931 -106.46037664984348 30.3013302578929
v -524.86137118145518 -102.71170900335724 31.110046311546995
v -527.05944155320753 -98.744681714746662 28.716888807086569
v -518.93083282998839 -114.46546021146168 34.702265186670097
v -548.57812344344359 -121.68305465652421 53.43667154991023
v -521.78773479670531 -146.35677408616613 59.433848164329994
v -548.28852662946349 -175.28984340727902 91.826651305978714
v -548.13783205155664 -173.71779880537559 89.065249202958199
v -552.68868968993752 -95.35289811732514 34.739667066750123
v -551.72821862969215 -95.497235206791544 33.552704514994929
v -550.18385925748782 -98.248313789914846 35.143288787963016
v -544.77614071031996 -107.26030578223968 40.685110829290295
v -546.37152476050323 -108.46259760826878 38.949039888529846
v -545.29510199286062 -122.46668348265746 52.033758261951483
v -547.14180384904284 -124.97850256834892 53.145792588125062
v -543.3670850680802 -120.99838293809356 49.240450575719095
v -546.82304249878257 -125.42956320488041 52.402842330808951
v -525.44016086053693 -181.89563625022373 90.540748198676653
v -523.24138117811788 -185.88467822097346 93.058023494719521
v -526.58561679582976 -178.87904724299889 85.345000972602563
v -540.33112256988579 -197.80365547056334 107.30689848493228
v -559.86859896490762 -135.78396339203627 65.787507019242028
v -561.83088871972643 -139.83729533602471 64.574447531310199
v -557.16858182476972 -132.34515169543792 65.609582308668593
v -556.53309116671971 -131.35760919260889 64.158067474645989
v -545.27608227290114 -188.48419344453282 102.38930242022201
v -546.74351864038033 -186.33842837017335 100.8435529177147
v -548.42750159672062 -187.55737467643939 98.913265202913578
v -551.45273949439036 -97.3524212510967 36.019739135699126
v -551.38885501892378 -101.40713169813013 35.94658415959131
v -549.49720974088405 -100.61844296298356 38.008080461163132
v -544.37389456641949 -110.07577205853309 43.306448365066274
v -545.82649123875558 -107.45794411764966 41.811444874483072
v -557.25441173654826 -128.8709189315114 60.539658809163292
v -554.92434424700014 -127.24063930513763 58.839371252946265
v -547.33060549120762 -177.79759578670297 94.012701676820257
v -545.73755387544747 -180.91770054009586 95.545958944506552
v -546.77161900389922 -181.12883191961942 94.849384597535163
v -562.30443562536652 -134.54844144314933 66.580977732272274
v -559.50706266508246 -130.95685172189837 66.343497940147245
v -563.24856073429385 -136.37282852565477 65.756254211736774
v -563.74048387587914 -136.943052651892 63.37685125596871
v -545.33407727243559 -160.76608659230041 81.587210895994588
v -547.28020784785588 -164.94743966588584 80.183101406838801
v -543.77411581693843 -112.64079903626514 45.430593313724017
v -520.08713408881204 -199.79937587086343 101.92969555621507
v -524.24088823358591 -144.03420412215215 63.67620627134054
v -522.72765263752899 -143.61067580791374 61.027952999740933
v -524.81720981312253 -145.25275942752535 57.3632594781769
v -526.90030407561892 -145.58327518840917 64.807321614924575
v -525.80620275991248 -144.42214563283548 66.854473576670514
v -551.07195903360503 -174.88277115817672 94.359603014028565
v -524.99232990219491 -190.86123614445759 96.844886168558389
v -523.22893403921807 -194.06565334767453 98.622873400478923
v -541.54031157024178 -160.62619547940591 80.461620835486386
v -542.94189799140713 -161.80661571537581 81.008552713500848
v -539.66828214408793 -158.95084423935225 79.232476113773203
v -524.38411441571338 -111.57368369536722 37.654135080005105
v -517.48874818130048 -115.77092452549519 41.332749708425794
v -520.87639169357431 -117.82678281368942 41.013190220016838
v -532.8358686803482 -203.17243568672012 108.72221316374817
v -534.44853792644517 -200.50400213494413 107.16143600938497
v -536.12166098073317 -200.553658593183 105.86778722456447
v -525.49188890769869 -104.59883437320153 34.57850764589621
v -527.60450639655073 -105.83969052340277 34.371893986780165
v -519.75465866022284 -145.56618745530713 60.481598257800641
v -522.50446549188325 -146.21115275923847 63.254448313604883
v -520.50104060617275 -146.36719407156266 56.85006762601126
v -538.02715151192228 -197.57475346069384 103.98201777785565
v -538.34686709595439 -193.47279528792728 103.32145774583174
v -537.13650015183885 -195.97252302156033 104.55028966600099
v -539.53703080980586 -194.87339971216417 102.49011154305293
v -535.67779830689437 -198.30127841571237 105.95223724860136
v -537.52931945305147 -200.77304440182695 104.34831578147734
v -538.72566909468594 -199.09090255561662 103.10162725255316
v -530.312898288881 -153.38845950533255 68.746958919406239
v -529.86623852711614 -151.51954641220621 69.551934212050753
v -532.43502930303305 -154.15659199385999 70.640330217957128
v -533.71416691541413 -156.87943629884646 70.178257619805876
v -529.37245585009737 -182.89481581115686 92.685965625614031
v -530.65638540439011 -178.22311132952115 89.693532073103938
v -530.20191797342511 -179.20383910114464 88.070746725608785
v -543.44702071010852 -164.24335360872888 84.480332870357344
v -544.77459426350288 -167.56612764898691 86.753276520773696
v -544.78753511072784 -118.27800724023948 50.237398975037294
v -542.65428680401271 -116.5209771867309 48.558670812404799
v -549.57242632400801 -125.60380739000323 58.325811172696419
v -552.02701269197723 -127.52281071737053 59.935379138584175
v -553.94649941978878 -129.0825903847448 61.027417960692297
v -544.04215001057401 -185.09922546935996 97.645391071754858
v -542.2908512455391 -186.31070521880295 99.428428220642729
v -542.37035196626437 -189.74995282180942 99.693641117665678
v -540.58222625869416 -109.18071182504153 41.11433982062168
v -541.73706087715084 -108.64567188790204 43.256332711081988
v -551.90684971574751 -124.34122158133846 57.728138814002101
v -550.1338078622872 -122.97093373942991 55.350119742380521
v -550.0137936200673 -123.74457350971201 54.268582518539432
v -536.88582277849457 -115.5350358975173 44.737135843955834
v -539.46974924549647 -117.3874917554927 47.779193443131682
v -538.44226555470891 -111.94269849029251 43.169349684125251
v -559.47601603367627 -136.29351175870269 67.538770668705013
v -561.41154007022749 -140.50874110955107 66.258664883344935
v -556.66813060081984 -132.50424139165233 67.234869336259237
v -518.07624457391898 -198.65259605673074 102.08747036085471
v -520.27530875309674 -194.65934956793819 99.763783053894997
v -549.8652871533385 -172.03093352825471 91.662088711801545
v -547.0856736234806 -174.33527984309376 92.787408160631685
v -521.57407836660502 -192.30021309853078 98.432244586080685
v -517.76647289936079 -145.42326078554666 60.530061095220894
v -519.30193039877747 -145.41914964573616 63.79159142571514
v -519.153820215275 -146.25606269231375 56.472145960024541
v -521.08639919514974 -145.63555463314279 64.396301058825216
v -546.38713500564188 -119.34083652010926 52.893739852653596
v -534.08098475410645 -202.81709939648309 110.63856245337256
v -537.67971808097184 -196.52413377245793 107.1163002998188
v -535.91135345952068 -199.71828118876834 108.8588585124853
v -544.92294398172169 -121.42798518012431 53.769287081312257
v -547.12938762704175 -123.72091458779646 54.928055910208272
v -543.76654172281621 -120.77812879066822 51.588139740897724
v -547.06854564412401 -124.36491884957913 54.036487944891711
v -532.41309271961632 -88.970774057951246 26.247644400296238
v -533.70418306017746 -89.753053717570737 26.12804546487412
v -532.47571396170099 -91.97702537233144 27.288094282167926
v -528.28910593644378 -99.565689361585143 31.775494582039425
v -529.46416098453562 -97.497740654339168 27.892254038767284
v -529.79562217418743 -96.93860668543789 30.53370026756285
v -531.44000983313811 -93.981256395969382 28.890541550721274
v -526.78660188248614 -102.26169485290046 33.136188599857036
v -549.64225292287506 -177.26166459566474 97.200722049817244
v -547.90259620723214 -180.18102595628849 99.05144244397988
v -549.55936131231726 -181.82140951183834 97.845668705168947
v -534.57902369519718 -151.66900594899124 71.56570569339091
v -531.27283428360715 -148.49526466508362 70.038629138849274
v -521.92133064463837 -143.11328538552792 63.855909569476331
v -520.00823276574545 -142.85488301965623 60.417169711467942
v -521.10935216247674 -143.66250281557856 57.341159747878251
v -523.56243728825586 -143.5599982598761 65.059439863110555
v -523.44762665788335 -144.51120096699637 57.114207046723998
v -544.03398550816416 -175.3005424145976 95.195870980880258
v -545.25714652802958 -179.3809413864353 95.560585279759195
v -545.66691570278817 -179.62872854768628 95.519531280392385
v -550.76913029292609 -93.543482882228332 36.05299326381153
v -549.94934099277077 -93.799889304544848 34.805864553515008
v -543.5783691400793 -105.00166121511573 41.27650633141873
v -546.42536864121143 -104.23062819581693 38.981514614647409
v -545.30335847426284 -102.31811469085048 39.582468754847454
v -561.77309329843752 -135.27540412342196 69.056075017019779
v -559.53807252384706 -131.86821359455564 68.168961948431445
v -520.77173568875526 -199.31955610115872 103.59102736591031
v -521.96706226968672 -196.35680195937917 99.995804830383719
v -519.13475150164504 -112.97819645652443 36.690031324987729
v -520.19369332540589 -191.3724204743188 98.741947893998542
v -521.44450894717829 -189.15318963721222 94.657023821748496
v -515.84635719049379 -145.73137851675313 60.590674588037579
v -516.5497547868963 -145.80294740742778 65.184281122581453
v -516.44588166958556 -146.59308368718422 56.076332676736754
v -518.24306975169088 -145.43887827861673 65.263276198301369
v -517.76984071357424 -146.38755055006681 55.914376126640832
v -525.25018013781323 -191.10238872827 98.934928233248641
v -526.72054258038736 -188.50723924137469 97.720307697609769
v -527.3659121927044 -186.55118781291938 94.282543687314927
v -523.79643565223114 -193.65785726362679 100.10427301994665
v -542.38183430810557 -161.55324006127043 82.558542079857972
v -548.52194764302169 -120.6925523345141 56.268306433125069
v -530.21086608901498 -92.96337006463213 28.138649134446688
v -529.20292261258828 -94.919952195941249 26.415055328830015
v -531.34852653286771 -202.07168676528929 109.24207371379013
v -532.45504367294916 -200.27654774028463 108.2040855819574
v -523.25189510197981 -114.11642301323403 40.560182105850529
v -525.58882978572899 -110.2084609391683 38.871393321931812
v -525.93113669096692 -108.86940692625939 35.941974421695669
v -522.50894336661315 -114.88579316267901 39.110570515620779
v -518.5158885306538 -114.96034368649782 43.754970361652191
v -521.60128366810306 -117.24499119713016 42.73975266319156
v -525.98621085840796 -180.84636762266689 93.026678746930514
v -523.37822100681819 -185.73008091151505 96.041848185485307
v -514.31037875292577 -147.0228420881665 65.095890364177919
v -514.25554851137065 -146.41764964530287 60.76198454429899
v -512.7348097135316 -147.55910292094703 60.639946152430717
v -513.51887002760498 -147.82416484959191 65.54643630346331
v -526.82576250975251 -176.99632336594354 87.773075453228032
v -536.21908579976639 -193.23521302134179 104.44029048889325
v -535.65583711895476 -195.40004325296692 105.28032466564399
v -537.11743207288725 -191.03500693885167 103.34784275838737
v -540.80565946165223 -192.69287596229756 101.23172375699451
v -539.80298146029668 -191.14426741845443 101.921572268532
v -538.61007007039666 -188.91954850515046 102.08878788408776
v -526.49723936811586 -103.86715842317287 36.840936624867467
v -528.2357447070732 -105.357530061636 35.832401457039921
v -526.86426905630458 -107.8454875300832 37.376403314228426
v -538.5153990196967 -196.14299770897958 108.52512731653653
v -539.499573516174 -193.96251423576496 107.4581474330534
v -541.88831127354842 -194.50214981069706 105.71593714059776
v -508.29249307760978 -153.59631364463439 59.702051109214544
v -507.0977917133863 -153.90550671227075 57.085442916545816
v -506.71849259588959 -152.14437307098933 62.315132991764862
v -508.03136090595382 -150.54764595264871 58.803662040054178
v -558.69245074087189 -136.96906439487844 69.070291730988529
v -556.00973988460112 -133.13930632357551 68.790956469342504
v -529.83036295198383 -182.76614404294193 94.384539275013353
v -531.38831667756017 -178.32543019772081 92.110492980108731
v -542.75178184439744 -164.48893218085371 86.115856196460911
v -543.48445262265966 -166.79640704113112 87.836033056776188
v -556.8002480239719 -127.4265516723946 63.063082825402901
v -554.72371098849578 -126.11622235987912 60.389045235052762
v -532.00212471027635 -152.66437177530614 71.93674328942285
v -515.29233081564701 -146.41016545388032 65.428193406457723
v -543.86481528773322 -186.04667854029984 103.15525440838501
v -545.59615889429699 -185.74392325780519 101.7693655523488
v -542.5342327569507 -189.32605784052276 104.61604954239722
v -543.81392502750589 -192.01582267543819 103.84109912403704
v -538.93647306900687 -107.92320685377126 41.724152327762326
v -539.85320611749808 -107.23936228510141 43.896174438410242
v -540.86951011106601 -185.22954253599289 99.959706455847936
v -540.82895870925677 -189.26546613691573 100.90776585793989
v -543.27265598262215 -184.62708276505504 98.282424039463919
v -547.32333261178326 -104.44515366163709 40.231048544024958
v -545.81742743113182 -101.91691100940807 40.992299526640785
v -544.21249822583184 -105.39621719519671 42.799760373037017
v -542.55682169038266 -108.38926235710619 44.50344989347834
v -535.370260597374 -114.32642124823261 45.269985084522617
v -537.51263698283708 -115.90266074633075 48.140770353686925
v -545.26508618441392 -162.3776660144751 85.448617439720806
v -544.48918739675946 -160.38380549320539 83.908266246025462
v -543.04834896839657 -159.1656499936737 83.267374496527481
v -543.4655934822157 -159.10358685853416 80.606955765543887
v -554.702157315254 -129.09647084397972 63.274270348323391
v -551.75648303797925 -126.58635848300908 61.482334730395088
v -537.40094455601138 -110.31836914240479 43.243973279056426
v -540.75490327155694 -114.77220473795961 49.728657162048798
v -541.5370382037255 -111.33879976891689 47.148715693299224
v -547.82250264187428 -174.49217327776901 96.608958718336666
v -548.27229791970797 -170.48131446924017 92.688197535826447
v -548.51723447010136 -172.96412596412142 94.877428858916645
v -519.15642529566958 -142.66473513031539 64.188183965017913
v -517.37142390363385 -142.66948161663711 60.786900293728188
v -519.16661272500744 -143.33006139071989 57.47486082939912
v -521.02965786335574 -142.8114360060807 65.478137758055652
v -545.10228259397388 -173.72735279209661 93.035048764257638
v -546.09561416893257 -172.75202050081984 91.977086279742906
v -508.9333622281116 -147.59701160487762 60.832144201404866
v -510.49619684856913 -145.56482746257092 60.728858992609823
v -511.31908105499599 -145.94030058996785 66.074303377701739
v -509.66143074989816 -148.75321963173474 67.350474728777556
v -507.57263438873423 -151.64022844665107 65.121090363190461
v -524.35620759842118 -146.70471050175257 66.677972934034088
v -554.7471859389259 -133.78093302358309 70.180038866157787
v -557.57817055495968 -137.77486113380246 70.266296315756051
v -521.0596802382305 -194.42026257986569 102.4974656811801
v -519.15304679083863 -197.92939274791297 104.45198429921135
v -542.69651149067522 -116.16199896805755 51.950178404895595
v -522.51678744152514 -191.57188706237577 100.72909327828651
v -521.806483490456 -199.0242525173783 105.18357672589545
v -522.78398679326585 -195.90573737793594 102.00672293480255
v -542.20164943580619 -119.26722579049289 51.731173270626961
v -543.84580201727022 -120.36284457989466 54.39425674958742
v -546.91784028767131 -122.79758451528052 56.707899831609666
v -544.94366388335095 -121.11461873384022 56.040793658237568
v -552.04051716970605 -123.39760732015198 59.998927986668093
v -560.73681415398482 -136.15973572819951 71.069374951511335
v -558.39417557043191 -131.47844182684395 69.597990905772463
v -563.34673351791139 -137.65798843906779 67.107344939168939
v -527.57751579987189 -188.85453949524452 99.86124484563409
v -529.53436587919748 -185.17619302126877 97.788317012071872
v -528.29642640500083 -185.60582039756898 96.052098662188882
v -532.1675184784641 -201.40804671354297 111.29434698100468
v -533.02720582108964 -199.87549565991378 110.45697782562206
v -529.70986974581774 -201.08079037633951 109.40622040020082
v -530.16863321701226 -200.19932781784428 111.49465742485782
v -524.32087036975554 -113.70403807137846 42.327411976253522
v -527.57581791169537 -108.06362363666962 39.247049414823465
v -519.99016114545702 -114.48094784147312 46.02990371176233
v -522.61569578661079 -116.9151221660199 44.305063528314157
v -534.60882241038416 -191.57842974253941 104.28599095681534
v -533.88278288675792 -193.71206852950095 105.36763239664731
v -534.17100760137021 -195.4719478716394 105.91908409727762
v -535.78678481327267 -195.08184858088575 107.80054803748101
v -533.98683449950909 -198.22790728163392 109.54538844631099
v -534.6292766083227 -89.04648219361593 28.268371734684123
v -533.20382433730572 -91.733496825835928 29.92308497732558
v -529.98296559489961 -97.691355218934035 33.468259339453866
v -527.87639858593218 -101.14731822791489 34.875505450072581
v -529.37517656465718 -104.95659664114103 37.644071229429365
v -527.73590571459636 -103.47968353617568 38.725408649576622
v -516.65019708200714 -142.87324475035754 65.387468104291784
v -514.76553255848603 -143.0871950639856 60.562187966415976
v -516.06271105684277 -143.57245814498194 57.082423047254089
v -518.17430579600523 -142.66371898807472 66.186360871542789
v -517.6562750329789 -143.56012571814671 56.133959405064346
v -541.4524242423912 -161.3697564038701 84.125574336848629
v -542.13646266382193 -162.77013914746286 84.839296641962747
v -540.66892970460356 -160.4346727519185 82.775000516573044
v -540.21606640757966 -159.67285846083993 81.306258376226253
v -531.13143031949699 -182.07395222592677 95.980517667180393
v -541.75117328387694 -164.71785100260044 87.453651464377373
v -537.45847661453297 -107.02769800148222 41.861042633998771
v -539.11732067977289 -183.9886387680765 100.12350533068145
v -537.20026198382777 -188.07501149914722 102.2378577552189
v -541.33025707851721 -182.5733256241636 98.583597191882745
v -543.54887873348798 -183.22003942941382 97.61912134800798
v -542.33953612594939 -183.29099406965295 98.533190487536771
v -512.23379041848978 -144.21224635693821 60.652639378699845
v -512.95733446185875 -144.5516193526071 66.297190273517259
v -535.76123683919241 -109.37017273192447 43.388412203250141
v -533.83950767978615 -113.45271304187337 45.44594738162381
v -534.99577076840376 -114.32626667760974 47.36819822765608
v -536.34868727560399 -115.3269089752937 49.374614997920879
v -548.6297767059167 -123.97004484253945 59.241553852235882
v -548.6404880403378 -91.954425655843181 36.775999946973478
v -548.0654986171528 -92.393584617364368 35.445713958146293
v -546.43149670658761 -95.03545435631662 37.006064764289583
v -548.52856459282191 -96.828296388493115 36.330109779989286
v -546.65168693032012 -99.661720001819333 38.172305703669039
v -548.066519004317 -101.96839932574895 37.325824304910299
v -544.79749479602253 -97.677324095268972 38.566415570432831
v -543.66585841157553 -100.93299382986687 40.131089342584836
v -541.21523104271523 -104.3789945804109 42.340180736618009
v -545.14090785848157 -174.96793217954269 97.903174206870489
v -545.69444832330464 -177.76505027076897 99.050998012710338
v -547.77486041741884 -178.95521573140195 98.789963086769546
v -554.82737589943611 -141.14191493635906 72.46764469861175
v -552.89588294033808 -135.60453395449724 71.601038694005183
v -544.6381197097935 -117.55179319815542 54.171699647742273
v -513.86789240948281 -143.6783711742867 63.298077160648425
v -515.51485415679269 -143.1954431989526 65.883076684056121
v -533.18946003426197 -149.76877077192492 73.55221201155392
v -530.039184867882 -146.86995884331412 71.701012767144903
v -554.4697780056598 -128.83503433355961 65.237235043684663
v -551.66254950841176 -126.28597401503916 63.61823691930617
v -521.23042281600272 -190.61986647060911 101.17870284541847
v -521.7859571661121 -188.55125069291694 97.391898039741932
v -525.64539058862226 -101.34395115314049 33.656244136198474
v -527.57889828934083 -98.901331064227534 34.887244799190029
v -524.96755677332123 -103.50798335049825 37.402428148395003
v -528.38504886553869 -96.246183460611633 30.372352490606247
v -522.92799355832585 -106.13825173463658 36.288812945438892
v -519.95423705017492 -111.31480727592259 38.776339731778485
v -552.49391406234179 -137.23877478797968 75.42466454929685
v -556.17358811154838 -140.76547570419692 75.11673799702271
v -551.32668413443298 -137.63265750073271 72.726354520452574
v -533.52178145980065 -88.16321606517846 28.780771426763081
v -531.62224346669666 -90.986959181895827 28.878265849749909
v -520.50488461527459 -197.57750274104083 106.41220600739251
v -523.17006376895381 -198.96242593265916 106.63092730462813
v -524.23306270805665 -194.86374590061342 103.08058289229254
v -527.02294365465275 -180.09380764316953 95.46343029683392
v -528.25451159747161 -176.02124432999537 92.967336923015836
v -527.43317662623747 -176.07619268118137 90.33408184341377
v -536.38015875675251 -194.56193394184078 109.27296214772747
v -527.41779114497047 -190.75292635229215 101.89563199712339
v -525.64893003212296 -191.73220741098515 100.88351077692336
v -524.25067780190818 -193.78482308321807 101.45757633940647
v -527.87207939227699 -200.14236340609028 109.13602770130814
v -528.01799823258455 -199.15078351837047 111.24606942649876
v -530.42698145100678 -199.59117061297638 108.60953565719214
v -534.28123539150408 -188.64245390479965 102.90040212917179
v -532.87558454169778 -190.99626489726887 104.16767351447271
v -532.07146424752523 -193.20001068239196 105.35979870300233
v -549.91294698409172 -121.4883669348672 59.447706041181554
v -547.3357201209094 -119.39652829993054 57.971177616779634
v -529.01167584290283 -107.71520460977958 40.553398006219382
v -526.27693362351852 -112.90278700835204 43.653984308398321
v -523.92760443788495 -116.82126441952951 45.744903435464082
v -556.51838621252784 -127.05928211466792 65.894965327468739
v -553.89807596384207 -124.68023648540331 64.35869998955053
v -553.76309787727325 -124.67008413039215 62.094046884707595
v -544.35812307969718 -162.14161040685755 86.857122699000158
v -543.11780308543962 -160.14082157829893 86.185696586814018
v -542.70698684469687 -159.30594485892743 84.349587253144733
v -542.23129617663199 -184.0309443947402 103.52249110488047
v -546.16293949158921 -183.10038731691225 100.90216283814254
v -540.54636227620313 -186.86649944406594 105.10940664530371
v -530.93583574670527 -104.90588226415221 39.249841264568403
v -529.39099599591327 -103.37912758728817 40.510504343173181
v -559.20079874011526 -137.26567807346794 72.737717077511093
v -557.03890395394615 -132.59504980779633 71.843354883641638
v -557.46569665171808 -131.53316177711898 70.786373860329917
v -543.16033229686752 -101.86118113923003 42.415087879829429
v -544.88152313629416 -98.29514945416301 40.467639336113834
v -548.22565763097236 -98.053597418968479 38.64650837274629
v -539.69810911589741 -108.86312796551492 47.029877537587105
v -540.42819140862298 -106.80021079331473 45.226464679132981
v -547.14886601439707 -94.678800279011696 38.318409028443739
v -522.67984887008254 -145.77820219307827 67.960518150666374
v -532.51961161136364 -181.65253809353828 97.168813733150841
v -533.77907441181014 -177.85680749484783 95.106481585788345
v -532.84161800898028 -177.57174859397173 93.942976047078815
v -535.40328827660528 -106.03271776930089 41.611764778773782
v -537.77596287960705 -105.98076617583696 44.088587769754398
v -543.15381506069014 -173.66908906626995 93.671636681006575
v -541.62797100303192 -174.15172035202184 94.875868091130812
v -542.78468154074699 -177.50815135735627 96.447962257804193
v -534.08346831501171 -108.65158093732586 43.230145043196913
v -532.12797012235933 -112.60754008474368 45.304169314273537
v -534.18726264804718 -114.23567037862819 48.473433560587054
v -537.82792997008607 -182.07202986381563 99.327615728089953
v -536.20032437221118 -186.12337534288844 101.490224406176
v -540.25911413936046 -181.83395970531754 98.911215382431195
v -540.37691076246529 -161.43345953120269 85.361182291678062
v -539.69602961270448 -160.40403277417414 84.130651812857735
v -540.23378635266738 -160.37218121050782 83.512847835442997
v -523.81181325317493 -191.20232649363348 102.72225465563901
v -522.39084682213411 -194.10299507634795 104.49606597500809
v -538.68660882931954 -113.25355676138476 50.400018891446528
v -540.55968153677941 -118.04100023129715 52.121157774316821
v -542.21295820854573 -119.18364033534685 54.648199441035345
v -539.07356641889567 -117.01304586580211 49.792709573221124
v -541.86526152552176 -119.39061800700122 49.084053094179012
v -532.69695283412773 -195.8333464149037 109.08369953017963
v -530.96911005727429 -198.09788719394567 110.39554032947089
v -522.0713276328197 -197.58139122761608 108.10942967982628
v -524.61630279607107 -199.16507234317524 107.77205204949901
v -525.71297191105737 -194.71961504002547 104.46530303453899
v -533.58836787609221 -193.72010889619793 107.99384058924419
v -526.26855803273043 -199.59501537922685 108.65479212765081
v -525.86679034757174 -198.33044662381792 110.54912150568312
v -527.83933347324466 -197.1559492492442 107.35268513523764
v -529.62659757220865 -197.91293176436727 107.90104951731945
v -527.9034678187993 -192.71728486892624 104.09886406399656
v -529.67494411654934 -190.04625793652002 102.83534974462151
v -529.91655645581341 -187.13804296257766 100.37029638592024
v -535.94820151989916 -88.633899892651058 30.274944767796278
v -534.48768352959007 -91.101885765363591 31.4839313357554
v -533.17137846894718 -93.553829476068984 32.961913055563997
v -531.67421485617149 -94.667881879296345 31.785767458407598
v -532.09566043656991 -95.982069718684002 34.702148514322445
v -535.04364928109271 -183.82452223350691 100.10245511555519
v -532.4783803387561 -188.10398448996654 102.37726644317499
v -530.02472995225446 -113.05593721918318 46.599471457076646
v -528.49661824075292 -111.4472984798719 43.776750423639022
v -521.84713600202883 -114.35357459364775 48.058319553480146
v -524.24019902158307 -116.61622357462771 51.904733284503372
v -527.23386609890372 -120.0136247690052 51.514050433961842
v -529.24348977495083 -116.36047938185958 49.368713732784251
v -530.8899636621361 -107.86901786946609 41.918987145617109
v -532.19533027663931 -105.0475817505114 40.224907483998557
v -531.30995825711045 -103.5950100864017 41.996124207500223
v -540.25668481123898 -114.50333813974305 53.217851324122897
v -542.06039396777476 -115.69886113154807 53.198392174478656
v -532.51282783478462 -184.7017064032909 99.930478216027893
v -534.23680922891754 -181.45705813813768 98.179735894275851
v -534.93733162160038 -177.97202220364932 96.006555996913903
v -546.05931902975124 -90.463034715082529 36.987258042901374
v -545.79931328386965 -91.043464273563202 35.615290914306193
v -544.38869495993004 -93.65192132238144 37.096121070332082
v -539.15990255462009 -103.22027637728969 42.534748426108699
v -541.19871284766532 -99.658540985559199 40.498977303434408
v -532.05714079266988 -109.27506743679996 43.331317636421183
v -530.14868119015318 -111.85084091431592 44.673299271064039
v -531.92246555296765 -113.54910648439632 47.834179389906012
v -533.85150932065721 -105.46014759955909 41.109616908071629
v -535.59609758990803 -104.92487904065413 43.825143461257284
v -523.99570129511346 -197.85426986619709 109.5572750515129
v -527.08567760697679 -195.08692004575516 105.63538138678307
v -537.05535128372628 -179.69717857083188 97.86515433011914
v -538.26997452321473 -178.14795007827823 97.280696716534891
v -554.28512891922014 -134.71507264926598 74.065566977721332
v -555.9406670359034 -132.71947490596449 72.65091827339792
v -523.34080376441739 -143.1745391122129 67.857650004435953
v -525.96045548649045 -144.42804341610892 70.935371417704957
v -530.36150549303056 -191.91325884974347 104.43821413756085
v -531.46341747550593 -187.16324235303188 101.33960411140455
v -529.28275670388985 -194.27447344165148 105.77454979391527
v -548.85532101116348 -123.73691369651876 61.99923879492777
v -547.08872454915365 -122.55190117918505 59.312747044049502
v -533.40890187280183 -104.11785033479509 43.117372025435031
v -553.90309771370858 -128.86703456413298 67.098239318725533
v -550.94265871391963 -126.06128036143106 65.412098846388517
v -534.55180569846345 -173.06954496201672 91.905434426977209
v -536.2052001150023 -173.2166507831347 93.237366100584808
v -532.82635072142421 -170.93859041817291 94.122792358142021
v -530.94969334701977 -171.04072465147962 92.111417549910442
v -535.86212263008849 -179.33438497862102 97.402605158526569
v -550.62762915709811 -121.6841818881627 62.253793407625459
v -528.52578260443056 -148.99078531000686 72.115836552064991
v -527.50318544492427 -148.2388702081376 73.337373760590495
v -530.53720578179946 -150.92571162084806 74.861469015559521
v -531.28176915383483 -151.47615927296178 73.455284104673453
v -538.33885034929165 -161.72855175390654 85.757367236707125
v -539.88406342261396 -163.79447673814167 87.034152561628787
v -538.55176692506939 -160.01567629070894 84.466453430297221
v -541.06404202317117 -163.07565526690152 86.407416878027647
v -520.85650344960561 -145.36093537114101 68.651170750561349
v -522.64471333103893 -146.43785136319514 72.235340707568184
v -524.53891277986691 -146.79196104274891 71.428644950041502
v -522.71255340394691 -190.19692830067783 103.45982451567716
v -522.64312545661915 -188.18075648115811 99.995933362575727
v -542.28283656299436 -115.88389265248205 55.136625264328814
v -544.57562418522457 -117.51526041999179 57.756506216867919
v -527.72818502587666 -100.7454237927291 38.340040223361385
v -529.28064362699445 -97.825518448497419 36.548964026974303
v -529.19921710505696 -95.912792608606793 33.118589916624174
v -530.54232682553709 -95.382661963128527 34.974242202794116
v -520.7837066659099 -111.03824578038606 41.729432356595169
v -523.75777407281214 -194.25982785896906 106.21231173975605
v -525.43943064780694 -191.13694688407128 104.49226983720661
v -534.94869377507951 -87.706213508629986 30.933363289224104
v -532.1448857260948 -90.587758042120555 30.087492781313841
v -537.69937877740483 -173.44945768323143 94.255949738770653
v -537.04245174840776 -171.67830381694057 96.821748310132463
v -535.82443979328843 -175.63053384333455 94.796219138102572
v -534.09173192410958 -193.17808931641423 109.50226192824195
v -535.32023934385336 -190.67894210621105 108.17851738192738
v -537.662652659993 -191.83382810156138 107.86204584860961
v -528.50507754824503 -179.67086349745057 97.744548565576125
v -527.02751093061818 -182.53126095046704 99.407059380201332
v -529.66902031068184 -175.7572353263435 95.252367912544457
v -524.25904194327222 -185.35082692449811 98.577138032293433
v -531.55267887704326 -192.72766037389317 107.75850936030253
v -530.30141180118039 -195.75298204568244 109.35254531403626
v -543.2369124942029 -161.16592190880871 87.559496320460823
v -541.82341228958376 -159.89573105544625 88.402817631764734
v -541.37767890771238 -159.18387310685168 86.72613398275216
v -542.0783966876287 -159.1676708480733 85.345048833179192
v -531.57171716568484 -191.94264995359012 109.22357474756424
v -539.64349615959179 -117.50670193754955 52.478216112121061
v -541.29326612732871 -118.87547924289021 56.288309711071676
v -544.85920280808875 -121.0118945450516 58.150577259173588
v -545.44748582947409 -92.853536448480867 38.171114102681514
v -542.03524773078129 -98.229826368990473 41.374989334165093
v -543.71387103222537 -94.871849990421197 39.485427299177474
v -538.08103248458906 -105.37806182185741 45.443882358836191
v -539.97253320627635 -101.85487309711728 43.445440468683898
v -539.6753732198124 -182.94701494340421 103.96211052297596
v -542.70316140211594 -179.0733315614801 100.89902208511916
v -545.90746791196284 -180.64876686713919 100.37920412372191
v -531.10784459016088 -148.03188978109111 74.882158977399627
v -528.48888640626956 -145.6850753475112 73.672960005577522
v -538.74596551055708 -175.57542418386217 95.91828095895815
v -539.22195649789967 -173.00289828944611 94.555865201381408
v -539.0217296913595 -171.96276748658869 92.992068728868858
v -536.66449192655341 -172.31043437412976 93.480565627608797
v -536.78075070374666 -176.39192133092629 95.829277448648554
v -537.43350517440467 -171.44828630860951 92.832823742741581
v -537.80591757411219 -175.82192982459898 95.71563285967099
v -537.41889661446362 -88.544546977932427 31.861161247668019
v -536.01551702064046 -91.66733427585612 33.941476159070483
v -534.41018716416147 -94.096417948000678 35.093297442156867
v -531.24649415076988 -99.858521829830835 38.400538838686913
v -529.96621426601837 -99.17687872011615 35.968152573745755
v -542.78656320882305 -171.27022684155455 96.361369197693392
v -546.03558885647601 -171.71612847415111 95.980139782700064
v -540.01337290886397 -171.8850029773925 97.288913060122582
v -541.68255605451202 -175.55848857756254 99.09968832483986
v -543.71943595326411 -176.72834924514754 99.315468971500167
v -541.19447646304764 -173.07709799017641 93.922523557682695
v -540.19782632474698 -171.75273433558411 93.303429060305234
v -555.86426498531114 -127.23515048787495 68.364077404660648
v -553.89225155921122 -125.14791621736705 66.628714513798869
v -543.80839339521071 -90.079095397129521 35.374679579476904
v -537.17365181472576 -102.19319383557385 42.262106320065556
v -537.16020162470966 -108.5968608420409 48.049012864176092
v -546.20661983444245 -169.52582363911338 93.687220999955159
v -544.16226279521254 -168.85551164826376 94.576967281911962
v -525.21535511652007 -195.54836387447756 108.28830264780251
v -519.03193758976022 -145.46228312281804 69.444948260851319
v -520.95442854737644 -146.62431134103664 73.030507140334194
v -527.49678212730771 -191.47971447228986 106.09380137678448
v -529.04416154840328 -197.4938229763751 110.33295053437195
v -538.53245733571032 -113.6202656980293 53.898158185299437
v -536.23937076483037 -111.81565986222432 50.654143369515928
v -549.95256592006763 -126.16473029700114 67.03355944690243
v -553.0350893375562 -129.19064949410568 68.749032804866005
v -528.25457248833914 -194.51790135318649 108.50708496331993
v -524.57526879597049 -190.12210460139758 105.48554690420417
v -529.39629968594238 -191.91663041341548 107.06667579164795
v -529.10382487287075 -191.01446557215576 108.43181301806577
v -521.02296412177725 -142.65166362174014 69.25681732398867
v -524.64920195106981 -144.03376503155312 72.16254081877247
v -530.97507355058349 -160.32286323228229 85.010616716799206
v -529.0587028749851 -164.19498659497063 87.916112255075475
v -535.49319710068244 -162.28090152503924 86.414254415556186
v -534.0196753049629 -165.61998427589609 88.8318265294252
v -531.79691067052204 -158.95537404612477 84.279412691194636
v -536.72662308767326 -158.59789305021519 83.571724568916423
v -536.65901816543067 -166.08935754836389 89.030337949942123
v -547.98221971413045 -123.25552615872917 63.725958374051594
v -546.65562453684083 -122.27859353571615 60.81971562165878
v -537.02633963212656 -87.615928730404519 33.111061248295016
v -539.52225488882516 -88.749224948930191 33.545659475340784
v -532.81463897188883 -100.50617239060827 40.101533049844946
v -526.02350340478586 -147.62363598773837 74.52997838769295
v -528.0931378088834 -149.42415741482668 75.718936693590351
v -543.83021227074357 -89.339193254970354 36.69574863411296
v -541.62121131213962 -89.272105070156258 34.666862525495702
v -540.1012587200313 -91.872329013835582 36.118820741134314
v -541.22210846454391 -88.431350954810199 35.851921865137101
v -542.58190922439962 -92.329902729824113 36.653603939886267
v -538.62221484792235 -98.87426449702545 40.350765535684076
v -540.98343399352302 -95.339568929780256 38.358646297229313
v -538.30564599154798 -95.876924195440637 38.458326913726239
v -536.47210487970324 -97.9791912453382 39.508408015449369
v -535.07878496560329 -100.98474216559561 41.312107662026435
v -524.23656438429725 -187.80338538269453 102.39482949035622
v -529.17758455130422 -101.06171499055486 40.397865611372197
v -527.31969029745949 -104.70211389109363 42.721710394757864
v -525.35140425090219 -104.95308294089084 40.678289926172837
v -531.55075778309254 -97.065231194744314 38.310080608680479
v -524.60336094758816 -109.37098238869012 45.222141842269224
v -523.64824143328883 -107.93663256163919 42.32545335355924
v -539.20736298845486 -117.46833514305391 53.877750247784846
v -540.41325696381364 -119.05809759081097 58.018534718032569
v -542.79042938018233 -119.90891095950501 58.219491686181961
v -526.64990938972096 -190.38745650055625 107.09945732085627
v -534.38552942908518 -90.236344687217453 33.337035211501231
v -532.66911187203186 -91.827045955912183 33.279063942693526
v -530.20506747808508 -179.89177781104917 99.930841384564118
v -531.59708174171783 -175.26731084322066 96.946531668068104
v -512.24448279484409 -151.79469636684021 71.643222741363516
v -514.39136526999846 -148.044234291002 70.359312727591828
v -512.07490826532671 -150.11893206083872 66.11962463059011
v -517.24216705141419 -148.8735403851139 74.17718782389376
v -508.61998173964287 -151.02204708472871 68.5617509705326
v -509.87044305933915 -150.28398069159709 72.66966512141282
v -512.85096141481392 -151.1606036548728 77.235949003523018
v -510.86583861833867 -152.54090847191912 66.980941021623394
v -515.27916926362991 -152.8751428351421 76.4149973509532
v -516.17459375944816 -150.96030000704431 75.085089573498095
v -514.24747490651771 -151.94505229470059 77.230374615294238
v -544.04526250565459 -91.773754419335916 37.890785171329597
v -540.28723654992962 -95.456953613091883 40.163100260315616
v -541.73229195036959 -93.013803592889502 38.781245053941284
v -541.55420668833824 -96.47062764081636 40.551237718861593
v -534.94120444305281 -106.13462008895078 46.721240309113483
v -535.61791894467683 -104.18497241665429 45.146209964756011
v -537.27904563024947 -181.29689263140739 103.42103691378608
v -538.68880277164192 -176.65077039259413 100.39862618673504
v -535.25019120891682 -184.73171366545478 105.2803108541716
v -536.98479644563326 -187.13284431772624 106.28681956493622
v -517.25315238329881 -145.87451629810249 69.777887657125433
v -519.74008122377325 -147.19680952126444 73.78577585833763
v -537.86678073229041 -91.907935474732341 35.375320547069016
v -538.98713700044436 -87.836496176027396 34.629106209830937
v -536.63011076326779 -94.485867326562214 36.908027308032359
v -534.53957075497499 -97.232064185656313 38.180215877968976
v -541.05884874237745 -115.48779611983458 56.857522474357886
v -549.65747185848443 -121.22205855309304 64.621215863255102
v -547.63614065985291 -119.7951873599113 62.575756837186809
v -548.6075301810348 -120.28371336454467 60.336166143679122
v -515.68256285971688 -146.77546602539107 70.148553932255751
v -552.04123334528674 -129.80913539102909 70.002072610864133
v -548.74982883625137 -126.59029654040336 68.388415980364314
v -518.36076516973924 -147.94458363570948 74.047006232086886
v -537.8182193240259 -117.21200874087751 54.540860886267588
v -538.40831640454712 -118.86523067342694 57.960931914768707
v -539.4587973185013 -119.90549658007561 59.96087750950889
v -542.97532535568519 -120.59153763561842 60.643606885342273
v -541.06050544989398 -120.09238056410587 60.173792635186665
v -536.19552088527325 -112.71094750743943 53.917554316163752
v -533.77393918837822 -110.63250302514872 50.33677728071946
v -554.5656243430218 -127.53999493150747 70.632666788256344
v -552.59383550108168 -125.20162483785117 68.824615577951789
v -551.61695052773223 -123.71728716398107 67.285641450719908
v -528.01914418743934 -187.93493443038835 105.78079923285478
v -526.83058912784907 -185.87317103077277 103.08445786877812
v -540.15300649844096 -161.43447284657265 89.982506784430768
v -538.04371440564069 -159.89980566433283 89.128287493334497
v -540.03985883034284 -158.48451818149479 87.409408090907533
v -543.12121848415325 -161.86205766801285 89.013514777649078
v -541.88191838077466 -162.64266764952262 90.625721061277005
v -533.64464245962688 -188.46478230095815 107.31652678401684
v -527.08194862889422 -161.38445706060475 89.212863045376707
v -529.94168749125731 -163.80889511568535 91.087638317558358
v -525.54218911277076 -160.8953893270633 85.468003594311938
v -524.92150365468331 -160.36493900347921 86.158153298010816
v -529.17366280540693 -105.49815933531674 44.722917227291106
v -527.74538876843962 -109.02871531821515 46.956784194145179
v -530.10562511697401 -103.48221589609464 43.403664021298525
v -525.66699102617997 -111.71624922485304 48.184151073454643
v -527.3856094478856 -113.85243664262308 51.42493720915126
v -526.65433508392084 -145.01921735848728 75.304033846650995
v -528.85103906112897 -146.92817856246447 76.362260446072241
v -540.06692380655682 -164.20657098063282 92.217999952377653
v -541.88382468787654 -165.39633308053263 92.829963933602215
v -544.07975144217812 -163.55206922964786 89.856073520814505
v -539.80386717701799 -165.46437371515876 92.745974502514628
v -539.24648862759091 -166.74607034024234 93.587309913931975
v -541.02399959427532 -168.62656540595418 95.042469563560758
v -534.97935345864028 -94.138748428814424 37.867765513181467
v -534.09718548389901 -97.229560787204946 40.08133320490046
v -531.03180469941185 -99.872104481640861 40.61247567286064
v -533.31299312216993 -93.930272689776984 36.557925822827848
v -535.16966637714825 -90.773100710090802 34.834493535561435
v -533.03595282788922 -178.80281257438921 100.77557907097714
v -530.93836750271407 -182.32098025081163 102.61999535419076
v -532.69754064623828 -175.83893984613928 98.159463918346717
v -534.66525883635677 -174.46104364581532 97.88983997052614
v -521.31567614618973 -143.47448264443986 72.353396662273312
v -518.37622845610122 -142.69077724976017 69.984381531597009
v -523.46251036662159 -143.96427875538865 73.39940168523006
v -539.78038360306903 -91.337163384133419 37.555276540224085
v -536.64111708721975 -97.001177434882891 40.77875255051061
v -538.1746935179541 -94.183412041353307 39.172463160026368
v -539.21079722318029 -97.689944126789243 41.449133185748387
v -536.25462987906576 -100.30468435040024 42.78960414416585
v -537.41435808392862 -100.93745827172177 43.297671575252195
v -533.0767133531275 -102.81829766107361 43.976749659041133
v -535.13367800198353 -179.5140825852111 102.06462247663606
v -533.19535726054335 -183.37192440663773 104.24294269023659
v -539.35108784025294 -174.26788668499333 98.843769623428813
v -538.85314358056348 -170.19814747310627 95.945877480199727
v -526.6332620411373 -118.87887255560773 55.751147015526712
v -529.94137669010388 -122.0067058714406 61.068339879070514
v -531.20090565818089 -123.84399909876593 58.436198985046019
v -531.98366423238497 -119.1857541926687 54.310051266453627
v -534.2570976354408 -121.30687684541905 58.203042798295819
v -524.43292321247213 -147.51476735524926 75.819510664575006
v -526.00798576134491 -148.79697147669572 76.588191826011624
v -523.85732544758127 -147.06691467872108 74.153937109783968
v -527.28139310578206 -149.78896311428375 77.064245211420797
v -536.41367856446368 -117.2028606868997 54.782276103210954
v -535.64428136601339 -118.19240168624135 56.104460204385731
v -537.43120385844895 -119.87868793797351 59.18637795176371
v -538.72530276866746 -120.20475942780044 60.107753941131577
v -546.09893780221182 -122.12228066002564 62.114663434505601
v -531.55560055515366 -106.06930852268295 45.979199735343798
v -532.89300315575758 -107.68689104056119 47.630031125551589
v -534.68385911587529 -108.42959851773233 48.521373149558912
v -531.4686422921792 -186.20585064753337 105.72418357827974
v -534.05754508138682 -116.6950311731749 53.36778612326858
v -550.61142188814392 -130.62152142814116 71.054243636779603
v -531.10924278717278 -109.61107028764376 49.30708597866326
v -528.84156873157292 -110.6980853952212 49.413419514890201
v -537.4033749542275 -91.21599420415825 36.651292190318657
v -535.94358705295315 -94.294809181852713 38.487717898919726
v -532.83560703221735 -99.735273390023679 41.568682920432551
v -534.86382062922155 -99.669887503484276 42.200310220446944
v -529.30109447997802 -185.47124844619782 104.39424052990027
v -535.96939543038889 -176.0833475942041 99.769137574828378
v -535.17430483305725 -169.60793349362243 95.31315578305049
v -537.23585454151055 -168.17277612070336 94.448734887928282
v -536.77747374810326 -173.83098395594422 98.278540278541371
v -532.63463461983315 -111.02413737619759 51.660339761221493
v -534.16002645249353 -112.43720446475143 54.013593543779756
v -538.48632963129012 -114.58036503190426 57.026702886311547
v -540.32896666117585 -116.03943411555164 59.438719589032829
v -543.1496907695564 -117.05927268714808 59.675892317925999
v -547.82599236942997 -134.12340006510638 72.98506434229337
v -512.22860133078223 -146.24998737895396 71.40963900051733
v -514.35778404769428 -148.67669995089321 76.414440017095799
v -548.201466728588 -133.12477508519939 75.783869873090723
v -519.53298630994504 -144.29227175079555 74.467947762588395
v -516.12485031102005 -143.33969016310607 70.698359070813567
v -520.11704531362045 -143.57189006044175 72.789028676822923
v -530.54894608622578 -112.03327742682912 51.826210163991185
v -522.89699233435658 -147.85494868466643 76.792111081090198
v -523.88217076998126 -148.93424090092859 77.518111671660691
v -522.95580320233728 -147.14088592853355 74.647936390458355
v -525.01532816705981 -148.8418797772963 77.027345496486845
v -553.05322353863312 -128.34021001264495 72.439964664485956
v -550.37684963546621 -124.38427171834235 69.601593049786928
v -513.96272445024488 -144.54755811054315 71.13345701137294
v -516.30315216493989 -146.17001096370981 75.47616118949783
v -552.25897246552461 -123.62870987468899 65.83614885517197
v -516.63960461836405 -145.04924069565229 74.075770667318949
v -518.17232914009219 -144.68267334281703 74.591423939386672
v -514.27977816663122 -143.75637323282908 66.209707869192755
v -536.18212628991398 -114.35256489586078 57.196790326126347
v -538.15308173492372 -116.2319660485953 60.315492257268779
v -524.52291446041306 -144.86917255088559 76.912214817983866
v -526.41130501629959 -146.54058780049363 77.962202283816268
v -531.94867842611382 -113.88380314070659 54.624363054860147
v -533.39329016864156 -115.36191881446123 57.044210867875876
v -529.29097023362556 -116.3813378481571 55.18775503519344
v -531.35959075399887 -117.84498185037249 58.028986380329329
v -521.56716690747635 -148.57448045348957 77.496711763992707
v -520.92415117493317 -147.83446776098876 75.710505268148921
v -521.55943155235229 -147.33827808297394 75.013644478226482
v -534.02215564282835 -160.29825279058326 90.140442134098208
v -533.6801256169382 -164.43370575984454 91.71440554982334
v -528.71037008337271 -158.57165846932054 88.102982985406982
v -533.23031176470408 -167.45350681316 93.74331489338654
v -535.3088255572867 -117.1097943317302 60.051763754245883
v -534.82539829492021 -156.84238283582133 86.762479471524045
v -538.11902642790938 -162.90297980316259 91.539458210776104
v -531.59735893531592 -157.59061537166016 88.050014693566865
v -551.28287231753029 -129.46446867693518 73.739481355171819
v -519.85528157348392 -148.37204103530718 75.902220427126736
v -520.09296883282991 -149.70284647922585 77.995062920195721
v -523.51806420548473 -150.41586299145993 78.691454412702143
v -515.56974121629355 -152.36217678360219 79.541881432563684
v -515.95350584000573 -152.07311663527793 81.989182137035542
v -517.65227930156163 -153.72004671096187 80.146501854381043
v -517.40607853453548 -153.41748979179357 82.618778507762002
v -518.87262406719572 -151.71144659509383 79.070782387288361
v -519.66548457734905 -155.56884744173388 81.517818687286834
v -520.28896970293863 -154.21219211489426 80.634967878654663
v -518.85865122906546 -154.76186294830921 83.248374878488448
v -518.51773448174424 -149.12955929218745 75.749736612612082
v -521.82945022818558 -152.43760022498549 79.719989143511
v -533.03792157465239 -119.05090328997011 60.355913633473648
v -521.47142482736808 -144.30158647651493 75.068165300943704
v -522.63811214842178 -144.13338357077814 74.556202500925252
v -521.91811731014764 -144.82630443895167 76.6506989856546
v -524.5151838992889 -145.88106552686466 77.999401686648483
v -523.49856211017925 -145.11005693409453 77.574550406735739
v -545.50235259262286 -128.90813875111436 70.377973958702157
v -542.79197133575587 -124.93754669316991 68.43213119389749
v -540.07863133822286 -128.61473495427137 70.124982739044455
v -537.83056815216651 -127.39461557813034 67.15241073122418
v -535.52277830779963 -125.05861414449704 67.908615455355957
v -539.40624153106114 -127.18209035190809 72.667986032319519
v -543.38532070023405 -130.96591547206398 71.345708270467597
v -539.72635999553245 -124.79739127564427 65.940917512856458
v -522.47420975994521 -145.35094131730344 78.23688599548754
v -520.58963166104502 -146.23782350040761 79.124569717998767
v -521.1634849466609 -145.2648987674097 77.415689863419757
v -522.13851233042465 -146.46918865717285 79.214801564674019
v -523.0722676462359 -145.8860231996606 78.622343024972466
v -523.62429404585339 -145.78251984747993 78.243301207564855
v -514.41263489641165 -151.61991934155282 79.628500767225574
v -515.39716670361065 -150.13934310043376 79.178982974798316
v -517.34221304434482 -150.06223486984521 80.989736294753726
v -518.29126446099076 -152.05941878937131 82.381603125810329
v -517.30103660876989 -153.2006164984297 82.863889629573777
v -520.52500999890469 -148.35299827404901 80.479798116689153
v -518.63304702290748 -147.80280416893783 79.820542864041244
v -518.62244022139691 -145.77093592486005 76.859654009617842
v -519.84093580600222 -145.30241344270726 76.778980097767814
v -521.80281490090397 -147.58743599704215 80.192717133860526
v -516.25518139272754 -148.16236535771074 77.779867898201417
v -517.42922521514356 -147.01638699306935 77.64469829396802
v -519.63390472834374 -150.00524677106486 81.347615981200477
v -544.31165924368827 -122.05295225339714 69.994307193924158
v -542.41002767313626 -123.30878439737667 70.922363517954281
v -542.1832596072386 -120.15761694455142 66.798624602338805
v -544.12728354451031 -125.77613230855445 72.132796879528513
v -539.08493580155073 -124.24851296677011 69.560757135925854
v -543.74597282858622 -130.11432396153089 74.205422347997981
v -545.84453941588447 -128.24348021973225 73.343230241102816
v -540.62151230717927 -121.45688891535862 67.904465090764418
v -521.31588397135067 -109.07922559340508 34.510799921159446
v -522.59717208603877 -107.63962200222066 39.646805358547724
v -562.4454823419012 -159.1760086695372 55.818416616615075
v -546.04098497206814 -164.37152653574489 86.988968633416235
v -526.33334436996461 -158.29685967067513 83.508029146837117
v -533.07633541288146 -155.7623265692277 81.782266846154727
v -529.78282000124318 -156.97986319430413 82.995347656796795
v -534.90147925027736 -157.18010980972144 82.676995707535582
v -522.07070746109548 -157.77765241488856 83.156162609310456
v -522.41363157497324 -158.046157237822 84.992313765956609
v -520.63614140201935 -156.40401009306564 84.120344322222579
v -522.34061314869928 -155.62890424189524 81.616805640873807
v -522.85093162587043 -113.57262317948963 27.826378246941772
v -533.227164533115 -96.540381360741009 36.653313371112766
v -509.84805454032676 -154.82300211786782 57.354969351867254
v -549.97459765447036 -190.40168182611032 94.476113151811617
v -549.86781596654475 -191.8122713933592 92.151633779523678
v -541.53537757332981 -179.71576030011497 97.70005353472817
v -543.18368756485154 -180.96428698616765 97.108468882698219
v -541.82118817584967 -113.33406933651558 22.837896521647529
v -550.92557512199733 -109.70148547458695 28.264679985349638
v -549.44795673852047 -109.05483454881461 22.449894337459988
v -535.58250496611015 -126.17449620198933 64.179838723403947
v -532.66985842074985 -123.49863863976901 64.412225200511187
v -543.15512767951873 -195.78581025493327 95.012258947278312
v -531.50588485409196 -101.86506050734079 18.848326410607264
v -534.5104945007887 -155.48506722761775 72.371485323299041
v -537.54338586661049 -158.89956612392669 73.072023283987619
v -534.1877449742683 -156.02156432969286 71.275491610492352
v -543.97644752892131 -194.94695123442213 103.50523727568878
v -529.34643425904915 -99.628970034308153 21.800026737310063
v -529.06538724614234 -98.429084011986262 22.732154986842446
v -521.61314049628663 -112.1906204525966 30.04753320511773
v -521.28676350694764 -110.57468069876566 31.975519801987495
v -523.0871930191546 -105.90227621803594 32.74439693650001
v -528.52419445356202 -97.432848233669603 24.724779597057022
v -542.86797864509094 -96.651610998280375 38.786661352889681
v -541.5971096919958 -157.44108712476796 79.626700635093286
v -541.47367917677116 -157.51552967454916 76.946369253240519
v -533.3685297661051 -198.1925454360919 107.17283273989707
v -532.36231185073018 -195.65085862381272 106.49765017888848
v -531.14409315619594 -198.1015508496132 107.81285091418341
v -538.08292954778597 -116.41561046328431 50.269076367666656
v -530.88335665177237 -92.808555943701066 31.255564856960678
v -539.89999582615019 -156.25219951753522 80.30321778692263
v -540.29688922890261 -156.25995988937811 79.185612643597381
v -540.57884054585054 -157.02629332006984 82.076858870849236
v -539.77058738086623 -155.92965402473467 77.537744880838559
v -541.60751054003367 -157.94749449414203 82.626482747029584
v -539.55017055166752 -156.10509214599765 81.52723499466893
v -538.86278938902092 -155.37117046549295 79.880911577849716
v -539.23092309084325 -155.33280927836208 78.798182249243965
v -525.10299541240886 -152.35809019912315 79.979964840789592
v -527.7687293319641 -155.0043523424834 81.711282622398954
v -527.30876744001978 -151.28204340316324 78.954868029928875
v -526.42641241888714 -150.59662445946387 78.522316640161151
v -535.62960507570199 -171.17141106502808 92.705181516447027
v -538.23691457336747 -157.13494713418669 86.461548786163917
v -535.5868363845052 -162.99323562793501 67.204338927176721
v -536.02186436712566 -161.36429647980555 67.356987198624452
v -544.96860018909092 -118.58573862625221 62.658452975643627
v -542.06257178999681 -117.56014403917277 62.09966975162974
v -546.28369774920623 -118.75564108406302 60.283607506627391
v -533.81118745549179 -150.50598163677282 76.316466225991292
v -531.44313111291126 -148.81390765737072 76.296450798001075
v -533.78618715869368 -150.99180422866297 77.602074849707236
v -535.45937038812917 -151.96417669699446 76.913683175958653
v -535.46913460418182 -151.91003944317512 74.254447822690537
v -537.37701703725452 -160.07266131051168 71.99298336696036
v -536.33046465199641 -156.58025434771525 74.12753325957199
v -536.79223638464373 -161.69347083299942 30.831795191988952
v -544.54553951270157 -121.03418043961746 60.079586916880785
v -531.24116998330692 -149.00339532890735 77.609070108638747
v -538.98513435450172 -124.36615940275598 36.488535561292458
v -538.43077197322179 -126.24801362780491 38.064310690637136
v -563.47176139478108 -161.33405352799005 46.372227840720441
v -536.54717781467878 -155.87714481025338 85.602435505337937
v -531.15489010481269 -154.18442947065682 84.859762131985534
v -534.87595688796125 -154.62124092910949 84.703313875620481
v -525.34119762294301 -185.69166945570984 101.18305204159172
v -539.15437469491792 -189.76798401709348 106.59736240987864
v -520.49752012209387 -155.87516375729896 84.938787022412981
v -524.04651488127274 -158.84466263484279 87.242506075655697
v -538.57445442761355 -158.28917545862953 80.587290522107111
v -537.91640697284299 -157.41161796474108 78.389317018691912
v -536.0677145156734 -156.16900404806964 79.423054618031088
v -536.16453180159817 -155.87239169012989 77.546157923610423
v -536.11784256723809 -156.69964291312678 80.455735662348715
v -533.69553899043456 -154.76850672517264 79.406386736497609
v -533.70169285521206 -154.25371484428084 78.564127066271183
v -536.16358713122918 -162.94006647133239 30.868817446838904
v -564.31849255087081 -138.28830706198767 64.224836184665818
v -550.45757011865044 -123.32432930973204 68.048455275428552
v -532.1378769152949 -163.84533403278067 66.639772877705298
v -537.83990841305001 -157.40039355740493 76.74400414439495
v -538.45261937691737 -158.47722151184948 75.216194392039142
v -535.46120990533177 -155.26047598247874 75.443274535076938
v -520.88302183208032 -144.87654092320886 76.458273968784297
v -546.56689326375249 -127.04271447272991 51.337024654061224
v -541.81861531681398 -120.60775518189014 44.98448265087341
v -541.04350711991378 -119.25758512231428 45.916819637482291
v -542.05422973752763 -121.40332356252557 44.602970927667172
v -537.8474734010714 -164.97193395897381 92.305473621901285
v -545.41614325078285 -129.11868816327922 49.729855150320816
v -545.83812870671034 -128.65614361954874 50.352360917333513
v -546.55200719150446 -128.11634112916755 51.123175527761468
v -526.77310978082039 -150.63841258486372 78.281043596335195
v -525.50384011080268 -149.81615173623885 77.944942793246298
v -529.01256900673627 -151.27566027694485 78.089997977055035
v -528.03555450791566 -151.35781162987968 78.563323196877832
v -535.71381540251662 -186.73624050191867 81.372036267137617
v -534.20886633411919 -185.36556323942781 81.209502314464942
v -535.82886950132718 -185.25474868115973 80.6215983705101
v -545.02849917131357 -188.04434532231227 83.529814186018484
v -544.42820105903888 -187.56827835062052 82.715827746325914
v -537.59917677083615 -186.55360636355539 81.159249063557525
v -538.58979712747509 -186.934318434842 80.96007054177872
v -538.23436668830936 -188.3910019366599 81.785937601747165
v -538.76089940288205 -185.82726308222064 80.32266807030031
v -537.45344211798522 -187.99992883397607 81.863695943036845
v -539.92543508137555 -125.90531850460701 39.312009336944129
v -539.9384163388396 -124.95835853880889 38.630710130746863
v -540.58026202165127 -125.79515966351693 40.280459007908902
v -546.16119482441263 -188.4796019552152 85.532904585722179
v -541.37541479414199 -125.80382550471441 41.234473802558313
v -540.86622364053312 -124.24046702637735 39.804225298645463
v -541.51533308942919 -125.15981727095887 41.390056502738652
v -540.90676324866195 -125.12467532165797 40.006826311282566
v -546.39498315640947 -188.52232993917389 86.644636309014857
v -542.43176252354215 -197.03323854164196 93.379748865703675
v -546.87183451445833 -188.57156867755327 87.58740660155155
v -511.00402969451721 -152.01315526433598 56.844500078292896
v -547.47091811804989 -187.46478880962314 87.796295899350071
v -546.74480142911398 -188.87208988337875 89.154290175233967
v -547.48000438365204 -187.92205153108472 89.260997853584101
v -547.98506161844716 -186.99748766760243 88.3572839554636
v -548.37169115657025 -186.25602871065226 87.560191702939704
v -538.37164128883046 -201.86909203692298 102.80422065978371
v -548.06310753010621 -186.53247061513127 88.92081257590921
v -547.47460330041031 -187.48358319346204 90.165624685351816
v -546.98718012501467 -188.72931709999125 90.304496995668259
v -548.1860930711656 -186.3730095858794 90.241201102905151
v -547.47097377014802 -187.51608811139863 91.36875408804994
v -546.6180877203185 -188.9630780393563 91.826467905116829
v -530.21243516426557 -100.69187100518593 20.303096469341916
v -542.23176533122671 -123.4122005731837 42.590648558944785
v -541.65157887384066 -123.53349285711894 41.53353802523543
v -541.79130411389485 -124.43645640973894 41.458608813462874
v -541.70755473871463 -122.794952829379 41.559608552192884
v -541.24803317741669 -123.61801349722633 40.205102035095507
v -540.92903779824508 -122.4435906118772 40.031497556314726
v -547.9680043118592 -186.00122533378186 91.129916863580377
v -547.17586562459053 -187.09649891406735 92.422277939635535
v -533.09611054611059 -158.28762913601688 69.245107103448603
v -536.69313004335447 -161.10679131935933 70.995254173182616
v -533.83580454794321 -160.73107009027805 69.411418908754669
v -531.72896894275084 -158.74939507679971 68.464708073813398
v -547.93069057938158 -185.70324698090107 92.103402875992472
v -544.68198825583158 -129.35541284206118 49.061203064348142
v -547.37242242241211 -185.43373191971301 93.155013530033017
v -548.72460985917769 -184.61054858015316 90.880702240700558
v -541.37198848836942 -121.89312952247661 41.733294486481356
v -542.29332726246469 -122.92089812502006 43.469318189407034
v -547.61394096988863 -184.40362056032777 93.504597573131065
v -546.80736834016352 -185.34986922859036 94.51784183417908
v -546.62866426994333 -186.44697395163644 94.214366578225665
v -542.17112734226851 -121.93749667181336 43.694674119245178
v -542.87565861906444 -122.71455455326297 44.790925875006003
v -530.59383415434547 -195.74469411731187 106.75044225656646
v -547.33187831831617 -183.64668203581232 93.879854574715424
v -546.39477110119219 -184.66142478094028 94.982802841899783
v -545.44517520524346 -185.82582861610254 96.178009823851383
v -545.70985565194849 -186.78259711414262 95.903180781175351
v -541.39024617845826 -121.2419516893107 42.271293248665771
v -523.01599814076292 -148.93704849367668 81.260864549722299
v -521.36852862460148 -151.55690781273162 82.599993562038449
v -523.36769168173896 -151.81403549856083 83.101031423699581
v -523.08932801926744 -154.49276671979382 84.701883018616428
v -520.4547170321556 -153.50964693575784 83.645085913502825
v -538.83127333637822 -154.97867371393113 75.960684454615716
v -537.54111435901359 -154.3790331875509 73.236308194372967
v -546.84081342048 -183.45113124010743 94.761362545700379
v -546.22564119232254 -182.64876494671941 95.287378827607654
v -546.03746571288832 -184.26237751699222 95.731359653982565
v -537.10755332076678 -153.4223717572161 77.510900125926057
v -536.93493612501311 -153.36042616526561 76.251290189279146
v -534.27076990128694 -154.57419888274609 73.48823061921351
v -533.33422636820012 -153.40656891406857 74.227377577357302
v -545.02856009232755 -182.70702595224881 96.536409060348731
v -545.24756414899196 -183.76159217712282 96.309257319941651
v -533.30494802810927 -184.24111292120176 81.199526370281234
v -531.51608395814947 -154.55031340174452 81.017394522693493
v -550.05373211764913 -188.08536895512052 96.132997763074144
v -549.32433227086312 -185.81639445541157 97.945767503156446
v -541.19481233805493 -191.4997470439142 105.90752848202762
v -539.13744785833399 -159.40272526626669 82.727125222290397
v -551.12078413514791 -189.52666799847492 90.700380291589283
v -550.46992385226599 -190.54481633917919 87.7559550092938
v -535.26643663353616 -152.15953954331445 77.895488216954789
v -536.67516488726676 -153.40933545022088 78.528244344604687
v -535.38376353515775 -152.47116644878943 78.966814151487256
v -536.57843353658473 -153.52677942259487 79.825078310245956
v -535.15095599263748 -152.50153337523986 79.693204241345683
v -533.51720954455197 -150.93568202005855 78.662306062667128
v -536.07925442024271 -115.77557771583746 51.585161264332058
v -537.9085650434796 -116.50090622302125 51.917166012802809
v -532.47080879676025 -115.19766066010841 50.631112042151408
v -536.3796985246837 -157.82113049715011 82.407135496184068
v -534.86068961220099 -156.69628224048236 81.770560428477921
v -537.27791785611237 -157.90648209433806 81.876729994130983
v -533.11586176611263 -153.2014270274326 76.003998797991017
v -537.66157278865398 -154.48593615657626 80.622274711533535
v -537.78256281298559 -154.46478606520822 79.542970448037025
v -531.24776937450724 -114.12679893964582 48.615291749613981
v -533.24322050338014 -114.52808314805546 49.754652907854449
v -534.5223126485248 -115.63469035682103 51.854971845713763
v -533.95501605084678 -155.26637486499416 80.466598100910829
v -535.96062012117739 -156.89906799632922 81.445397366544498
v -538.63188396905889 -156.83677284501715 84.199711261384891
v -539.78191474744983 -157.65439400163712 84.624580797562345
v -532.95309103639897 -153.19277454891784 83.737614407887776
v -530.88272328774451 -151.7553971633298 82.742297441834737
v -528.97148620001781 -154.8854332950983 85.917654659560853
v -527.28632170504466 -153.22129536936697 84.618216612040726
v -529.07237475333875 -152.36628510521697 83.482663200356711
v -563.25916411245578 -162.55674914898097 47.23283714784526
v -542.32390210568065 -172.00815993709239 92.748818504597395
v -545.10555471438454 -171.16876115854598 91.166764398854198
v -543.91597879489711 -172.33083335640572 92.429398903434262
v -524.30857767541715 -150.24710296865609 82.289821557121357
v -524.29104681206002 -148.50634695370857 80.657879812697161
v -523.28185650633009 -147.19305478743618 79.67214208728484
v -524.91921600384023 -147.18065297344782 79.520354617706801
v -525.53046756481399 -147.63808088748397 79.841221773261651
v -525.7867279429006 -149.16468401006114 81.066387593352971
v -536.89393313043229 -164.07194036368313 34.1035981132584
v -527.12741960761605 -148.65760613553499 79.949480285781277
v -526.17913963095225 -147.98342089989782 79.599145945673342
v -528.25428734536456 -147.90828182462229 78.704592138090504
v -528.63913345315427 -148.9571292157157 79.67737055204384
v -529.94558993627572 -149.39044892122334 79.629131472299932
v -528.44113708781515 -147.62404068519541 77.846887957809642
v -529.79843991055509 -148.64874676186363 78.278863567824658
v -537.33713444532771 -118.30332045465842 62.522306078231686
v -531.78787363458002 -151.9426297822657 81.640868811280924
v -530.35615449167915 -150.88191824043832 81.066051379827258
v -529.34275076852236 -150.54978829098479 81.890464145399264
v -531.18564516484582 -150.29579896871553 80.112679572596221
v -529.14176487631255 -149.97923909770282 80.57529668909838
v -551.08739938479323 -188.38976163600043 93.232025652033229
v -529.95583250341758 -153.33830023426128 80.252522199232118
v -540.33697682920206 -124.29896471681465 38.514252830710539
v -540.931945525841 -158.47201515825714 85.049450333739657
v -540.92478629263428 -158.22808422464948 84.790908260263976
v -548.10061231246664 -184.03814210268692 99.419388564512388
v -539.22449196091213 -166.89531329764259 89.269271664927714
v -518.29974747627352 -154.03625334809621 83.512171582709414
v -551.25143412505008 -187.07477879348335 93.818572211832375
v -509.71289774544272 -148.21791592349365 55.50341367957251
v -550.2596960588354 -191.05810532995045 89.908039745368214
v -520.47496374486389 -153.63025258980792 40.643177148871821
v -544.41947656779826 -181.00171687959335 96.64935622152106
v -537.76700600554364 -155.19509247780272 81.749475130014844
v -539.22233038681463 -156.32172123234142 82.254454109045255
v -537.14378192144704 -155.14855135489617 82.974690291410937
v -536.33096250962876 -154.11853345557137 81.367395514845214
v -529.61840959222343 -150.70393988771571 76.333775321585009
v -529.69529478135337 -151.42211782414407 77.505846373735622
v -531.40476953172106 -152.23332970104912 77.331966860036943
v -531.35086709207701 -151.93867472822805 76.20055366247405
v -540.32089732353711 -157.31790614195745 83.254641011433506
v -540.40655082077751 -157.2149978561693 82.587725591411811
v -542.69043793154549 -188.08386387683089 82.272219783950774
v -541.87954216826654 -188.24792672154607 81.909287663393826
v -542.16835573729202 -187.15939156603284 81.157581475936311
v -541.11618503766817 -187.4489006022736 81.364809980018634
v -540.28799047225152 -186.94319188911066 80.811007096028263
v -539.46190707279345 -186.5725460956472 80.789356453358693
v -539.3040212693212 -187.70673439066616 81.465035942731191
v -539.97532617120328 -157.38357654961746 84.099407349739565
v -533.52847408202933 -153.20887345195138 82.315961057883612
v -536.11768585030552 -155.02093528355115 83.240482788920843
v -537.37478490968215 -155.9288540642842 83.720097025152825
v -531.78342197667985 -153.19991402865278 78.533158564357564
v -525.25290716320046 -147.3253010042493 79.258580958126942
v -526.7529706867615 -148.55293671555609 80.482956084371253
v -528.2144027597468 -149.64659416746704 81.250112493016402
v -527.17094607409615 -150.44206065121546 81.990334832852824
v -527.36422224773526 -149.0103646295922 80.803823239926032
v -528.08175063650435 -149.33609340239718 80.302050138016583
v -525.49427731587889 -151.59405819086518 83.323639620442776
v -525.94607364846252 -156.03125831420613 86.138563794145142
v -534.61497262131604 -154.51173409951062 76.792435882442859
v -537.24607360232926 -153.58759484807698 74.99794765655777
v -539.03428410704066 -156.68831778977287 83.882799275837442
v -536.38939710855914 -153.66219422569529 80.434222035524471
v -534.44156846866213 -152.6125089562353 80.568408697344324
v -535.91351961700764 -154.14642793118622 82.383380037381329
v -534.59777703520842 -153.06184077411427 81.708543791270372
v -532.77703791753788 -155.07090290937904 80.73580156531186
v -532.47197352358933 -154.02034174448423 79.616651395340327
v -523.69671288189284 -146.26579714537567 78.878620306597156
v -533.3225414293338 -151.64332713001838 79.913832131571809
v -530.98429355872599 -152.8999608035497 79.073038719607112
v -531.02745691623477 -153.66108868559968 79.880186941821151
v -529.20124933034037 -152.2641642149643 79.086094246413779
v -532.08284429015509 -150.54886788388325 79.275619485671598
v -530.84082283885289 -149.58690246890546 78.842998333589037
v -532.80007151144855 -151.61070858322032 80.888174613658322
v -539.77167528006908 -185.42806911514748 80.073408436263435
v -540.75136518862587 -185.45484815199114 79.866211038636692
v -524.32667469544879 -146.66718110860063 78.918015970580456
v -545.08497254686688 -185.08927568829699 96.73742239501496
v -548.71810731588073 -184.97157191105075 89.967514368024581
v -548.57043376138063 -185.72479012603088 88.253556596400855
v -548.70863592509295 -185.53340835317402 89.240038792561947
v -546.5780740736933 -189.47438875979896 91.021094066509534
v -541.26728883632939 -170.72450428239986 92.180330013644323
v -543.61042199597875 -170.74582476228099 91.378965327924931
v -543.40573820812733 -170.74375841172179 91.449059637754971
v -541.34377022643332 -170.72519290406899 92.154176214715335
v -543.20798407763152 -170.74197787688527 91.516684216222146
v -543.14946634974262 -170.74145099609245 91.53669510889695
v -539.44560738395251 -170.75445234281548 92.053328670438418
v -539.97016480143441 -170.83310167152163 92.039366853207554
v -540.24542237459821 -170.87437231726815 92.032040494262191
v -541.05275525175534 -170.65750493279293 92.20620906560967
v -540.3881664653901 -170.84185534667373 92.059461102028052
v -546.09433175880304 -171.48431755024632 90.136458549412779
v -544.83730335658493 -170.73573051491454 90.942292402780012
v -545.3044815195683 -170.98528126659221 90.656339425470122
v -545.74894699775848 -171.22242549116731 90.384418044263967
v -546.43394054691873 -171.696534517006 89.826796188342072
v -543.69046031699156 -166.16141198511534 92.260922886767446
v -545.2649144177376 -165.91070455120382 92.783329617002437
v -543.22843733464595 -166.74966169863811 93.179360466209275
v -543.6712239039025 -166.18167250931219 92.290351075707591
v -535.3800785764663 -170.34666700622918 92.118809860002685
v -536.38734152607276 -170.41723347889834 92.119801983322148
v -537.21868170882806 -170.47010171156745 92.123768280710124
v -546.22279552570478 -167.6637088893477 91.831287467254228
v -546.01335155313564 -167.59862082901549 91.9259915008696
v -544.19992155330613 -167.03506848712013 92.745968001297626
v -537.48322434937268 -170.48713810934191 92.125186819900335
v -549.72190534779941 -170.85652513087854 89.12068658362935
v -549.0186865368288 -170.07200951179973 89.803229124223833
v -549.58725712557828 -170.71329223402685 89.247634489240369
v -546.74846658596664 -167.88748740918885 91.572052545306832
v -547.04898104644883 -168.18052679687349 91.365674034918683
v -548.69467299243342 -169.69582459880556 90.091129784179415
v -548.06098657375742 -169.12001534006504 90.578262152481244
v -550.71489603189491 -172.14126798706192 87.492771545166434
v -550.19388230457662 -171.30707638829733 88.558664472539135
v -550.4919574925965 -171.79581403581389 87.937691726538318
v -550.19322912012001 -171.30597879208523 88.559826082376432
v -545.01557994962968 -164.80069884657684 89.989774059413136
v -544.98401284627175 -164.90227501006299 90.236889104839804
v -546.72936883025943 -167.86888376632942 91.585205167820632
v -546.37503288893606 -167.7110190819557 91.762450478592655
v -544.70007293392098 -165.25023524092657 90.826565354710695
v -544.9672481301368 -164.99023423951786 90.427689621525758
v -548.48898025426786 -173.94373143471913 86.281804786678094
v -548.44138246474597 -173.79619658960391 86.568512938634441
v -551.33624224963148 -173.54099116924957 85.004993989991718
v -551.21918340843843 -173.13021427889529 85.792568236947233
v -551.02944390120592 -172.61938474079267 86.802525001127051
v -551.05959567769276 -172.66124688325056 86.709658300977765
v -548.43133766516382 -173.77011104659692 86.620332527175634
v -548.34934211560301 -173.66463913643693 86.858480550239875
v -548.41211607602315 -173.7432100094795 86.679902909425707
v -551.35868938254146 -173.66048058801869 84.72032092268924
v -551.35761123275518 -173.63067703875984 84.784089343525508
v -550.93361201820312 -172.48017889008079 87.056278345724607
v -548.34687710496883 -173.66136978471644 86.864563782647451
v -547.91599218325973 -173.06032652029222 87.97005816095357
v -547.68942250997577 -172.75426234213492 88.378472656678753
v -547.75432314936666 -172.81457809565063 88.288070631909434
v -550.99974776821239 -174.31737500114423 82.405015237053007
v -551.07912874522617 -174.17906804230458 82.896810196854389
v -551.35688481051545 -173.69187004161381 84.63490805025954
v -551.30333425992478 -173.86033535652405 83.904198288386965
v -548.39758709365174 -175.07373930063889 83.304938353568815
v -548.55571687124825 -174.71016019626379 84.439785683369649
v -548.47389064295362 -174.93367235383926 83.723421405744745
v -548.62629647272149 -174.38870449367184 85.346219292252414
v -548.51982853661229 -174.04202887671357 86.074765528223253
v -548.63405884601059 -174.42172279078497 85.238195313650849
v -551.35922293603141 -173.6752297331947 84.688763282074305
v -543.15173331580218 -167.91391661170084 89.420858967020436
v -540.50319632786534 -168.31883411733313 90.13347550881133
v -544.32364779799832 -168.45657460197629 88.785235555519307
v -542.83394182941618 -167.91952834134287 89.525433385266098
v -543.07215010612822 -167.87489337355851 89.464987170143345
v -540.66337716815087 -168.29139176694079 90.09168772107833
v -539.49294912689254 -168.17281766793673 90.164342171689455
v -545.12139245882349 -169.01662835992823 88.217088140411732
v -544.61341172078323 -168.64701146077186 88.585173604208819
v -544.3592187646226 -168.4718419424884 88.764612954511463
v -535.10434610627624 -167.70806624516942 90.245306292516688
v -538.3490938565551 -168.00404450221447 90.196778458969405
v -537.15011963808581 -167.84577221860272 90.244365502442577
v -538.43040322092531 -168.0160415084647 90.194472770505413
v -544.1804152477888 -165.72397907790062 91.576048112229927
v -529.11107658505841 -172.25112109075869 89.930583607758678
v -529.30545149013085 -172.02675647791008 90.224554437436751
v -530.03923854549794 -171.55062833135673 91.024262924148672
v -528.24226938406366 -173.27562366524126 88.59850824609893
v -532.95435454765254 -173.18999771094036 90.132036242149283
v -531.58709335930575 -172.12562653454526 90.748135207668597
v -530.40019258655366 -171.20166876030271 91.282956748309005
v -533.83200119587116 -168.89512796998392 92.170839723985694
v -534.16634005029118 -169.14316847065336 92.766240643928711
v -534.84269877012377 -170.30532157573242 92.115595663832934
v -534.18016923960124 -169.16792717489486 92.752349404311985
v -549.30607408352898 -169.33913671160403 86.573777947880515
v -549.02659660592712 -168.8517180776752 86.93761997686299
v -546.19593485514349 -170.04495230825256 87.328943526643286
v -546.08894157744487 -169.92894769966858 87.430301541766497
v -548.84437737175813 -168.65745673210165 87.108465984192392
v -548.70056205402432 -168.5041890143662 87.243277248319842
v -546.50211038750683 -166.1144434766907 88.953916092091902
v -547.31535224444269 -166.93463841152786 88.385515425663854
v -547.99779832003446 -167.73909149091227 87.865787830929804
v -547.81511550964035 -167.52920462394735 88.002905416187531
v -545.55407373802814 -169.33564740576685 87.909564994905068
v -549.92482265166143 -170.35563419028986 85.299494322726375
v -546.36969685940971 -170.2006020453878 87.097212060914316
v -527.38933562315231 -174.92567931310555 86.319624320618658
v -527.58162260339134 -174.51114035764729 86.913084818191919
v -531.20793690145456 -175.9684881740732 87.432905708804853
v -532.20078431198351 -174.50456009421126 89.080884630245677
v -531.21406728452644 -175.95430061546585 87.448709529524891
v -532.12652530160517 -174.59358620953225 88.980000112473462
v -531.40212968198841 -175.5052981486954 87.948577517127944
v -527.80538068854707 -174.01747832005319 87.561598508442145
v -528.09183284400603 -173.43570981615426 88.339956615549355
v -532.4005731486792 -174.28768126519222 89.324843970933955
v -532.34057357309905 -174.33615621122664 89.269610145205036
v -533.26647192483699 -173.44924482605938 89.961648581472105
v -546.2245047573025 -165.84039013262276 89.158550145319523
v -550.02756861593014 -170.65589756004249 84.850926790664275
v -549.98585284721594 -170.51015257220666 85.128223163566233
v -547.33096690264324 -171.4926882146477 85.184201739024161
v -547.16180631371833 -171.19054159292924 85.813286876041985
v -550.19059823937312 -171.20894417164334 83.795588407459718
v -547.28028175243537 -171.35381451908299 85.455596088101657
v -550.22528408410005 -171.34556991512227 83.452486912128563
v -549.940883577823 -170.38374371805091 85.266029752678179
v -549.93874564176349 -170.37825908820153 85.272095838705937
v -546.75970986979189 -170.55119357714364 86.591556050011675
v -547.04790110493229 -171.01119539614345 86.03211964017575
v -546.46138636558783 -170.28396802808922 86.977462607994738
v -549.93458119924787 -170.3717529610218 85.28004945347142
v -531.17058140317658 -176.0420961577816 87.290852932165038
v -530.94955182589081 -176.97662209276419 85.126013489165757
v -527.3018636481346 -175.7215682418589 84.915167141701957
v -527.3038678255283 -175.62158844759111 85.129662734542876
v -530.95573629200476 -176.67143761168697 85.780805845535241
v -530.95800136067237 -176.4167583720735 86.324946793063887
v -527.31120501452199 -175.51105288799053 85.370853087394636
v -531.20279493488454 -175.97959881409705 87.41683791784979
v -527.36911346547413 -174.96574052045506 86.244023941242801
v -547.63736281513502 -175.45190417193103 81.060398954353374
v -548.18844359042362 -175.25613130707669 82.374868956662624
v -547.98717184608859 -175.32858815433295 81.8637595325972
v -548.15067328295424 -175.27088228422969 82.241452827956834
v -548.15753023690331 -175.26851820933535 82.255472346147258
v -548.18243696550098 -175.25855290639112 82.351189850709588
v -550.9028191586109 -174.40752523819589 81.903248812989759
v -550.68429906621566 -174.47138417620991 80.909058776114165
v -550.91272855599743 -174.40458068959367 81.946680278327761
v -550.1893907686956 -174.65038233255208 79.824130235766859
v -550.96074503320051 -174.37495970387519 82.176385209913548
v -547.52331883003717 -172.24525743669554 83.391695284942728
v -547.52220280168842 -172.01324969192737 84.252513580972234
v -547.55246497880694 -172.16863026040764 83.642345303287627
v -550.03078666394083 -171.79865693997638 81.678259080465352
v -550.08503030452209 -171.7061254269089 82.011837770540026
v -550.2098394010502 -171.48290669930543 82.835884567618137
v -550.2340520107108 -171.43695330538557 83.010267141003496
v -550.23118780400512 -171.37052195775661 83.383473321497789
v -547.50268985570733 -171.95373768507235 84.357494944892125
v -530.95094477496946 -177.05270723031762 84.930087287622811
v -530.96892763231892 -177.12961915382874 84.547461216790381
v -527.55419752534226 -176.63424934680168 82.604464974495471
v -527.52209438564068 -176.60292701913369 82.727183197704008
v -527.4742732225377 -176.55441724487332 82.919775972162995
v -531.40866325516913 -177.57914065362519 82.758228894064132
v -531.07227454596489 -177.2339566487947 84.13387741163821
v -527.28890897358258 -176.2029393502645 83.918904002182174
v -530.94832817359395 -177.02182199408253 85.03246061462967
v -527.29521767153915 -176.27644420702532 83.675348877144216
v -534.88614092699231 -167.69337832583022 90.245406638553845
v -534.64185371667122 -167.67656578155996 90.245742725651269
v -533.04931674641978 -168.36047794518598 90.787127612476922
v -533.2762370495758 -168.49483782882797 91.149179393819637
v -533.50659745485541 -168.66075533135268 91.572650553814242
v -533.6708747684695 -168.10290659559121 90.593553617746267
v -547.01876691580571 -172.79844757980746 80.994524593206791
v -547.24503162056521 -172.71156313669104 81.677171834095532
v -547.1837947906472 -172.73902438451739 81.374110795383075
v -549.4820460052523 -172.0137427979798 79.573742674134166
v -549.57462120429534 -171.98197596450177 79.819840760124009
v -549.9594255557513 -171.86529200801533 81.308515357034835
v -549.70316812357703 -171.93876160802171 80.188732742766348
v -549.66593802354498 -171.94923258092962 80.019891755365322
v -547.41913072623322 -172.55144795181789 82.588001837930747
v -547.48448462693636 -172.39497215346663 82.985738708391125
v -547.36230327042108 -172.59783454607842 82.338703084769904
v -550.00563860685247 -171.841214595341 81.524035538188812
v -548.82402551527309 -174.47571443527988 77.269138001711013
v -549.1889153241068 -174.51891128263199 77.834565784457084
v -549.90340156805723 -174.65253105608045 79.138132329645558
v -549.56986601948586 -174.55087330593662 78.372266130965954
v -545.78578263284339 -175.46661298451147 78.301620325695154
v -546.66844743594265 -175.49871329323909 79.405531656139615
v -546.31875526071485 -175.46649642812963 78.87610427065384
v -547.27190968589912 -175.521012578018 80.324085164399904
v -547.37488271854568 -175.50023325213317 80.484459254175704
v -547.40800959182593 -175.49378023813446 80.544405716569244
v -547.43176418389646 -175.48963103329262 80.604623144413026
v -550.06208567321744 -174.6778657259739 79.515376148845704
v -550.14506816632661 -174.66102034246862 79.729473112271407
v -531.4943637235375 -177.62360448267563 82.522058119423633
v -531.5585886352743 -177.62469983722374 82.3808250690644
v -528.32482192853342 -177.02347708507369 80.174576505343879
v -528.25477327507008 -177.02212309812785 80.325897958195753
v -528.23362279983644 -177.02183994241022 80.373732135616564
v -532.11153161685399 -177.63543135015968 81.187082115561296
v -530.42928106461261 -177.32838953277195 80.137004422896368
v -531.56795885493545 -177.53660611496619 80.854379063455667
v -527.87179849923882 -176.91931672053275 81.39876757965726
v -531.44614967213568 -177.61082560472673 82.627454048784031
v -531.43484471430406 -177.60381059335072 82.651955404922774
v -528.02881225046519 -176.96719798727946 80.834100537069119
v -546.12537655102676 -172.72968106482429 79.083765942944794
v -546.63753111001779 -172.85124525163576 80.067844721881741
v -546.43971518415708 -172.78767272243394 79.618558080423838
v -548.61685820729144 -171.7717921547727 77.631474654930656
v -549.34370849967274 -172.00425021532774 79.238851762121641
v -548.67411705099391 -171.800063101414 77.795785728603207
v -546.91770607536591 -172.8133917318489 80.77218917342347
v -549.35129906867348 -172.00461485355487 79.256349123832919
v -547.03763584727722 -173.84008474941817 74.978744679755721
v -547.90223406752489 -174.1005079589672 75.877562971619369
v -548.4754005056659 -174.38700131519983 76.733391515684346
v -544.59567222109752 -175.19228585003233 77.050809781399792
v -545.19182459002332 -175.3536438609373 77.653225506482855
v -544.87441568351665 -175.23635875217661 77.262436736083018
v -548.77553956618442 -174.46357053007878 77.195223089534792
v -545.24634836483142 -175.36660351535755 77.720404617426908
v -528.80411856798435 -177.01792279452278 79.138329032935616
v -547.48580015896539 -171.19502516796598 75.845091803766991
v -548.40767058272127 -171.69087167728358 77.211168982348696
v -548.18848270879528 -171.57375224194641 76.888051275566013
v -544.42035125809969 -172.07721078884498 76.726552942893704
v -544.88351593717709 -172.26635616212428 77.294454392586275
v -544.68926828837652 -172.18660440306692 77.055355623375092
v -548.53689707787339 -171.72187068744623 77.411070142269352
v -545.62030296743262 -172.60576842215616 78.233245186906288
v -545.15704372681182 -172.38654800499651 77.631083585372494
v -545.61230172324906 -172.60088699643526 78.220604606032836
v -545.34419175184428 -172.45472602544837 77.832649045057508
v -547.47799296294613 -171.18984370988639 75.833752767377817
v -547.11628991640214 -170.85984480120686 75.33140932260045
v -546.66811139104971 -170.38177801843258 74.604504961525407
v -544.17527694841272 -171.86824230734931 76.428410660518395
v -534.94869205598377 -176.01113666498 76.080595316288793
v -533.55382181088862 -176.26009365261424 76.323951701656142
v -534.33284687964237 -176.1210529532442 76.18803889864877
v -532.57158238686998 -175.98518950715209 75.679483597967518
v -532.82432628789547 -176.19173844513338 76.108648828872134
v -532.18963696159278 -175.67305369838382 75.030931067255665
v -532.99973803999626 -176.33508952485803 76.406502208471878
v -546.86468723113967 -173.75505975837876 74.781639760257235
v -547.02272421589043 -173.83357964449232 74.963284802596107
v -545.4771707052173 -172.69992455477234 73.202803963798203
v -545.52913382161523 -172.72426108140195 73.244956636038694
v -540.87515521770899 -174.55656821907667 74.993950288421786
v -541.68894647967488 -174.58272574231123 75.165313294985793
v -541.5818474000107 -174.5492751633308 75.101441024478646
v -545.8491337189123 -172.952945357781 73.613066669614099
v -542.28204201588574 -174.71318055776658 75.504162317484912
v -543.40616910984522 -174.93661595190753 76.106381756922232
v -543.28786126198759 -174.88948987295194 76.003337930731448
v -543.8240372057918 -175.03671485143778 76.460015081206052
v -542.80594207772674 -170.77225007767751 74.998328242618456
v -543.44418936670229 -171.37906919078895 75.602232031617007
v -543.63358639290584 -171.47311687794212 75.769505236251206
v -544.00691293911348 -171.74521667854179 76.223306005330571
v -538.11742157096933 -175.0964476005407 75.216854575817678
v -539.5294002707243 -174.59056045612164 74.838281525779678
v -539.29745521421978 -174.6644176160319 74.889235642383468
v -536.42754568375813 -175.67579835682938 75.780410243419169
v -537.82194800364516 -175.1803284759107 75.286297442311763
v -535.88959416669559 -175.82936947889104 75.908267466073767
v -545.38637372053302 -172.63172047027413 73.124752597442736
v -545.46991918033541 -172.69458016047946 73.196681498031964
v -540.40319650254139 -174.48309921959358 74.89223071213344
v -539.98116707164218 -174.50526918380996 74.834845113428827
v -539.72807178253981 -174.50148259496405 74.782430753870216
v -542.56294131350808 -170.51936487379746 74.765372226283162
v -542.31339349108578 -170.24628230785112 74.514103917515257
v -546.66091622187685 -170.37300331418169 74.593179297561932
v -546.510890521747 -170.2411276941807 74.42475189364184
v -546.00532836956688 -169.58437529244193 73.836499905520782
v -546.30804568902045 -169.98717725778039 74.198856650637353
v -545.64630111465067 -169.12810153236114 73.429476874744751
v -531.22523547451317 -174.31065225639679 72.995763330935716
v -531.57145183130967 -174.91735373017747 73.798071876347279
v -531.86324683784915 -175.33440253666674 74.47269844385967
v -535.87292523527378 -175.83258964890149 75.911320409716453
v -543.80047145123967 -171.15101091818295 71.738627579503955
v -545.22581169158116 -172.4797350875921 72.982560558508837
v -541.83929138735266 -169.47466728681792 74.000946117966478
v -541.55799611566545 -168.88579751202369 73.685832628223551
v -541.67914158677831 -169.12871670904957 73.815527894136792
v -545.53925926856471 -168.9527117498437 73.310671004503675
v -544.86786304256293 -167.59709299138569 72.582016121109859
v -543.552398453607 -170.80655392247922 71.510595576740812
v -532.28662745137785 -170.48098843867007 73.238468933074572
v -530.81785964563267 -170.52939150005631 72.861289205573073
v -531.19377175370039 -171.08745863962221 73.393945328409984
v -531.99197522122529 -170.77467339537475 73.379905267638591
v -531.23250346391421 -171.09822228015679 73.413096431314443
v -531.20420105023823 -171.10087533628356 73.409599890847673
v -541.2527966366406 -167.76349868360714 73.271209869987473
v -541.54461559205254 -168.84119825380702 73.669514373532749
v -531.70824934686038 -171.77494641490014 70.591396199487406
v -531.19733049433535 -172.62065057587554 71.158803189315421
v -530.90869007100071 -172.90663040180837 71.372795979252544
v -530.61990854852115 -173.19030937191172 71.584506714373447
v -530.78126346007082 -173.53815238422399 71.961360331289512
v -531.01277163599377 -173.94322279072921 72.503489033237742
v -542.72199344971602 -169.07439615258653 70.577074097464163
v -543.54123179154988 -170.78651021021358 71.49986868539257
v -541.14700220867553 -167.12309791690754 73.098058992273621
v -544.76866471160622 -167.35011461696428 72.477377773507015
v -544.36665687362824 -165.87550079761513 72.044817771312438
v -544.67995592745092 -167.0422981417791 72.389428834686086
v -532.8187251104232 -168.68470461485853 72.410822185827215
v -532.82588758005102 -168.89007387453145 72.506590579984703
v -532.8146118373237 -169.70472798667683 72.872766944753863
v -530.12438819855652 -169.39905872867232 71.921433770284594
v -529.66672884475474 -168.69861773231963 71.331246385443421
v -541.1146868210717 -165.94493788368015 72.932032566970605
v -542.59504585266541 -168.6145898532935 70.406476115814215
v -540.95606152073219 -165.23607084471848 72.934805604868941
v -541.12541073621003 -165.78371197578062 72.923544845641061
v -544.2895493279442 -165.48691049934362 71.966496071297527
v -544.2406554019218 -165.0392128071488 71.929717047882974
v -543.84889255669816 -164.11107393107707 72.03353943638696
v -543.90206523028678 -164.23553534863595 72.01922139192682
v -531.72146438418315 -166.94066708913624 71.459610674276931
v -532.2191645300519 -167.5927669196472 71.815639066558049
v -532.79642843671661 -168.60653143149489 72.375341663894147
v -532.72332815275252 -168.4781560509571 72.304465209765738
v -532.58231361575008 -168.23051276057052 72.167740564917366
v -531.6083308523323 -169.63582115575537 69.293438048599654
v -531.64376006185546 -169.77892675924267 69.381393908507292
v -531.80099696445177 -170.3735337332285 69.750306060815419
v -531.82822426395933 -170.8635517444462 70.062127128832643
v -540.71554971834985 -164.12996965842305 73.1215280309099
v -540.8917227317869 -164.72681348538836 73.008424694415183
v -542.39459312874612 -167.33460317732548 70.058482879563641
v -542.3018239245788 -166.88100519187012 69.937721275322801
v -542.10791999695607 -166.61172158737116 69.882377910523346
v -540.34624660328359 -161.95106885990484 74.070882683158985
v -540.258899673305 -160.94539098866593 74.891725220000382
v -540.31341960505893 -161.12341592598037 74.728840336499985
v -540.30699649405187 -161.10238114130121 74.748077779953945
v -540.313445106367 -161.13416707591546 74.720473964672564
v -539.06753794933059 -160.0341803377645 74.106924015196356
v -540.09219199521874 -160.81483418664158 74.777832933095766
v -537.65761292125205 -158.83213403674966 73.360919550530539
v -537.66840644128854 -158.8414932905836 73.366849091767037
v -540.58872692056752 -163.51689256914892 73.284828857361987
v -540.59230976310732 -163.53240309238052 73.280598620439335
v -543.28114664617078 -162.35962328921815 72.667239611614818
v -543.69197618545763 -163.57260603691537 72.161910256861802
v -543.73358235259343 -163.77389366227564 72.098434742270868
v -540.42629352119377 -162.41005547036016 73.785847816750959
v -540.54151762042466 -162.83608477343594 73.574378605603599
v -543.23984780815863 -162.20689443307185 72.743854095768114
v -543.21086627251304 -162.0028416731169 72.878835324498525
v -542.98885231456222 -160.82255963490888 73.710848495441823
v -543.07540147879615 -161.08207176358474 73.492344942757796
v -542.73750944385688 -160.67151359608135 73.464420666536142
v -540.70287273135432 -159.42978774392023 71.904203343769879
v -542.17397255164917 -160.31716865656213 73.000830189129189
v -542.27615235468249 -160.37864860448374 73.076529450025546
v -541.48111337860792 -159.89937713056801 72.484785570447116
v -542.46632952755226 -160.49391024925788 73.21994138305412
v -531.70311019543135 -166.92429474373023 71.450857159843409
v -530.75344863746352 -166.43567755359098 71.033053557996809
v -541.93773892707054 -166.24646202704497 69.8626291643032
v -530.96469932085142 -168.67821798400826 68.734606972596012
v -529.65721471465986 -168.68518466208747 71.318515691761135
v -541.29487661591054 -164.31784406882966 69.905845986932476
v -541.75994305675067 -165.71823472540487 69.874778475526185
v -541.21914816955916 -163.76260632950476 69.987342299606723
v -529.49257601828663 -168.43526310189409 71.105360427255988
v -528.63050775467855 -167.11051827515493 69.995849546925115
v -529.62839245538419 -168.64397293384889 71.280160754618549
v -528.1741552270795 -166.40923895003965 69.408508478923537
v -528.03328710301639 -165.96217358816023 69.119253141018334
v -529.64963913331417 -168.67533294138201 71.308033572951871
v -540.92314278055505 -161.96046925937816 70.467199186501645
v -541.16205531927176 -162.92261679022599 70.190910966495935
v -541.21685497775172 -163.51349509819428 70.044076235094906
v -541.2176476455154 -163.15774334655171 70.124086367279332
v -541.19509152305966 -163.06026399117042 70.151668554281287
v -564.12193784726344 -159.45429091097549 61.47669990393829
v -563.79248819689667 -159.87524653084236 60.742799230080202
v -563.35349286797452 -160.31563422063931 59.892622828992721
v -537.52119896226407 -159.54258015987702 72.559575899436169
v -537.65935915014211 -158.84569581350675 73.345513604169909
v -537.68392086846711 -159.01228750435536 73.15619032685133
v -537.66953701353441 -159.08013228005314 73.079699202363329
v -540.744005717145 -160.10132742505112 71.39428573493413
v -540.70928452521537 -159.5439300777368 71.817809797340388
v -537.41930538815086 -160.43605058218952 71.878400864585728
v -537.52412672432661 -160.19514632850851 72.068649764679833
v -537.49200943546691 -160.27575657425342 72.005241375984212
v -540.88110996837531 -161.4791966822452 70.675002430893883
v -536.94607666611967 -161.74714806946071 71.042501926061718
v -536.71140425794692 -162.2484851618388 70.815168201720439
v -536.83199480545579 -162.00900590823338 70.924643190829329
v -536.0642372386227 -163.32197670775346 70.449614240686813
v -536.55919234155374 -162.82227989159495 70.631653886529392
v -564.77069062758085 -157.57970922686329 62.862855882991809
v -564.57204309843905 -158.25561069237779 62.352460205567951
v -564.72156127793221 -157.74451964327008 62.734105815419973
v -564.23353372893882 -159.24248784810632 61.798650291492983
v -540.86628862671967 -160.65836036490691 71.080512507538259
v -537.13885513540583 -161.49109502131802 71.208973550716806
v -529.87620291853659 -164.58781947202931 70.01719216845764
v -527.33790824001505 -163.91770841101373 68.121299470225225
v -527.68810405080626 -164.95286774292359 68.625369509898448
v -527.83002296199618 -165.37237214807541 68.829646856998082
v -566.97620212911136 -153.65785215253052 61.392402581388502
v -567.05225528927281 -153.93113229520046 61.161173951206536
v -567.06940381757533 -154.29288703255764 60.545291092900641
v -567.0698850619325 -154.28126703144918 60.574008310457302
v -567.07485901945358 -154.11995496235269 60.957893423739279
v -567.0736388170817 -154.06063161558805 61.072671581130685
v -567.05361417968311 -153.93920592506717 61.155879055316731
v -564.83582063124095 -155.8742044807226 64.086831135829755
v -564.86207284846546 -156.9217593141104 63.614821574084871
v -564.85972439628495 -157.02217871835234 63.577737866168391
v -535.33798592365849 -163.11481303786027 70.140040029055584
v -533.60955365822144 -162.39517399332831 69.466237633399587
v -528.30649055101946 -162.45606877524673 68.719101317265569
v -528.85904996290719 -163.29287228349537 69.180071614936196
v -529.78477130090494 -164.46217697115458 69.94151313532069
v -530.72242616310336 -167.72124132185021 68.146819332058371
v -531.18359961608428 -167.15819309764348 68.142001059837185
v -564.43234826733499 -154.3175620772389 65.318935957911023
v -564.72520545935743 -155.43973332113842 64.449938253126888
v -533.31030845926125 -162.33027810622832 69.355488962500587
v -533.32384145870219 -162.33499797938268 69.359638408037114
v -565.61045086608237 -150.63772796263896 64.856604777436473
v -564.99255049144119 -149.55669631079866 66.395394601817372
v -564.59689132305675 -148.8745125297558 67.250313736501809
v -566.0095612484057 -151.33211980697985 63.912878523406633
v -566.66798653569856 -152.59423056610459 62.313487378067322
v -564.12674332372251 -153.68501588626199 66.016174161163462
v -563.5736580909678 -153.20723700183134 67.018424505443932
v -562.48974784227278 -151.85360677047359 68.378246858697338
v -563.09320705363507 -152.78913399289851 67.884609735302632
v -564.3313641106954 -154.03821380757122 65.57670542261063
v -562.30231841158218 -150.97512199997544 64.413713328823533
v -562.99175343760248 -152.17455981719527 62.81488883807031
v -562.47638591112445 -151.27544179558294 64.041621645378001
v -562.30549554119625 -150.9806035224814 64.406921805364476
v -563.71206412247898 -153.54099145313268 61.055821518345333
v -564.39562808248763 -154.15840305025662 65.435079007513551
v -530.88256414856414 -165.86333222653403 67.593398357764173
v -530.38959444275838 -164.32954785941268 66.893180462345569
v -530.90072233214983 -165.92844175714492 67.62115070899489
v -531.09247199853951 -166.52093521081403 67.892580228246956
v -531.17013647401438 -166.82294381136208 68.031843741129364
v -564.14084179247436 -148.97142359464476 67.868999655654846
v -564.4449318349449 -148.63469335103576 67.569448271776992
v -562.87424265423829 -148.47427767426962 64.476691834613831
v -563.42323515476733 -147.80184929740835 63.778331587753286
v -563.50229902001263 -147.69865106432965 63.662227954848937
v -563.07550441468561 -150.06125912554052 68.955744082994812
v -561.86342122863255 -150.87248239026275 68.875895666867777
v -561.97899525439414 -150.847289753068 69.0436462865148
v -562.4400994710054 -150.72184071940171 69.636353687165212
v -563.87647435223755 -148.31390826941194 62.612358569185972
v -563.79497589997413 -148.17063565761345 62.939903236854136
v -561.98130643725767 -151.06538319803713 68.794158237396658
v -562.02191409492821 -149.45647611036043 65.432684628814826
v -562.50747043290539 -148.92030225985235 64.9445546624342
v -561.63918161657921 -149.93218374696997 65.79584462718752
v -561.87399146761652 -150.30172156314276 65.303871135496237
v -529.76939888694869 -163.19615635146718 66.372671993718512
v -529.81124764343201 -163.25592773180543 66.407004792374451
v -533.29999891615364 -162.31646222757823 69.349643529230988
v -533.20133079338518 -162.16306763124473 69.302043783700867
v -531.71130642587957 -159.91514321534515 68.556203125291589
v -532.10501592933895 -160.51193865552438 68.752162904023962
v -531.36470782313859 -159.54861179759922 68.397389590677932
v -531.41961528793286 -159.60706827732329 68.422296059790284
v -527.52235907294619 -159.95752270070682 67.345169648861983
v -527.68605350994176 -160.07146296296571 67.60783680189553
v -528.05293139503112 -161.28595507993441 68.195341593923928
v -527.16979727506123 -163.33456459425312 67.687384034934993
v -528.27356841612948 -162.07819926969643 68.57279816104257
v -526.25369437613369 -159.45153140508606 65.578601968440779
v -527.09499759036817 -159.76591332770707 66.74797468416962
v -528.27029089665427 -162.06487944442702 68.567036432053158
v -525.69031792305418 -160.06079438997969 65.060469280831327
v -526.91520543339016 -162.50092114354609 67.140415659251389
v -526.70657310844069 -161.84955375271119 66.703349989659586
v -530.74342432209733 -156.99777682920993 68.113889308883188
v -531.13285380078673 -158.69605818963311 68.242255565435002
v -530.94801383264303 -158.02562735455845 68.113988377514929
v -530.27159628995082 -155.86096186740494 67.97858893622778
v -564.14249802024176 -162.60126207780846 55.771739346999134
v -563.89490239529471 -162.98466756460579 56.102035492790058
v -562.68200716741978 -164.01419230348657 55.446560645820703
v -563.47751958294089 -163.58717946046593 56.541462613319901
v -561.97525529942436 -164.34990621049511 54.633739736843744
v -562.62963267332918 -164.03707718906068 55.38006533106406
v -529.16487730934693 -161.20156177001235 65.06805570295667
v -528.45676724770726 -160.89888740407386 64.145852202749836
v -529.63537518560213 -161.83904944547879 65.810830233303648
v -529.76836862581274 -163.14337242788221 66.355733859576702
v -529.67160221354141 -161.2788252240326 65.686470991373909
v -529.61930260024724 -162.06012975977944 65.857818691870563
v -529.85651409183492 -152.39453041535219 68.684710953654843
v -529.82553936409874 -152.2654317143737 68.740045330874196
v -529.7730330917085 -152.12690221406984 68.75624675434689
v -527.20731489393563 -161.30847990121794 63.054517376271413
v -527.84916040388805 -160.7981750835263 63.511678997421527
v -527.09004955057662 -161.14254860071685 62.881587067670189
v -565.52186729725031 -159.98307427320435 55.064118416810032
v -564.4879298886035 -161.98924285809611 55.492027456099201
v -564.32069320692074 -162.30829711881617 55.574012405596868
v -561.54585256287589 -161.79565805298336 56.862210510814975
v -562.70051667607038 -161.01201848834469 58.613566967477837
v -560.99228941576996 -162.08368785064471 56.110634542846469
v -561.54600194513318 -161.24266877451657 55.495100182080741
v -530.23248941310806 -154.40381146057842 68.301802729368845
v -530.25326400092467 -155.28274998518739 68.031804944820109
v -530.23579995916054 -154.5317271419089 68.2701646949929
v -530.25000398786915 -155.17200212870452 68.048697207931937
v -530.250802532845 -155.20564980077035 68.038447729311955
v -530.04292064772335 -153.32209179346904 68.251198687267362
v -530.00135522266794 -153.10751233304362 68.320350264055733
v -530.07589233318276 -153.51545808230202 68.278543923113176
v -528.94164742298199 -149.85152858201951 70.43995328003021
v -528.34646683940662 -149.08737259084006 71.119054250636978
v -527.27329278427544 -148.19059741970094 71.837357358926099
v -528.07885268548443 -148.7850361569966 71.272745872003142
v -527.78021142585737 -148.54669997949875 71.476258147249126
v -526.84889726202277 -147.93410203442184 71.527845427642987
v -562.33384863710319 -159.75390375839683 55.031795848994982
v -561.80727367446764 -160.79390863459955 55.237464528242697
v -562.99902054650852 -160.68912058757161 59.187176732080829
v -561.54831688379954 -161.23884289577012 55.493111978067411
v -566.53968632860335 -157.38794929609841 55.649176892485933
v -566.43504456392236 -157.68617650296306 55.516941707912359
v -565.69322926866039 -159.57593133866678 55.10089222219532
v -565.54207152585616 -159.93759040806523 55.070508023093716
v -529.25305954718658 -150.41463248298632 69.982003940131051
v -529.64065510076568 -151.47506991888272 69.089448855631218
v -529.58465759583578 -151.28992447082777 69.221527356453365
v -529.1869201843632 -150.27016900102151 70.076444745659416
v -529.10286817636165 -150.07820590794341 70.195513204719845
v -529.02370884802713 -149.96531223624507 70.315352240758841
v -529.09125070391497 -150.06099382472075 70.213027835290902
v -544.9674234836325 -130.4295871400669 74.389135566263448
v -544.68601083282761 -131.01860510768267 73.96557209563548
v -544.68231261047731 -130.74698225077873 74.537139379721708
v -563.28254027276876 -157.53129161705533 55.287093724774678
v -562.80042459775473 -158.73598575643831 55.015833318125857
v -562.60379040071734 -159.20859035855636 54.947223701834616
v -562.5715204463794 -159.27557528938826 54.959681488275102
v -548.55698580892454 -130.13134752523933 74.207589277762395
v -549.10916001384271 -128.97643720109826 73.581099009409016
v -547.95943986055545 -131.16103390630821 71.443909371816233
v -547.70135919958329 -131.70067554917631 71.734351059086904
v -549.39861200710561 -128.36958894497346 73.23018329523525
v -548.11314503611004 -130.96942098777185 74.664115415671702
v -548.42387332211479 -130.52783725964557 74.420173919391956
v -546.88428973350813 -133.31504657168804 72.978888383892269
v -546.90492949329132 -133.21835264323681 73.260559702891754
v -546.9068437485372 -133.21095557766432 73.279737052486752
v -547.20076193297041 -132.94174975453979 72.392378008482012
v -547.36147863946644 -132.71189588050152 72.272640685118489
v -547.26086866469097 -132.85501594448542 72.351003679848901
v -547.21917790831924 -132.26048149374375 75.337942987043888
v -547.55067812880691 -131.77696472486559 75.109966846845296
v -547.00599361524996 -132.84160337127076 74.243699110759707
v -526.02943979728252 -159.05007104666609 64.907361128600087
v -566.87184812302883 -155.90036875436064 57.490579250148024
v -566.68506136580731 -156.75317406507625 56.444517753373368
v -566.58886265091269 -157.1787491387669 55.90367627140435
v -566.54057636379139 -157.38395329354893 55.653692394572161
v -529.13269258510047 -146.34607183736358 70.693008828067761
v -528.68067331521297 -146.00036917692549 71.108831331008901
v -528.53645236666796 -145.89392913139071 71.240195655873961
v -527.47794534975628 -145.18851387544629 72.27794975905384
v -527.88008563467622 -145.40470103886662 71.904154229661216
v -526.78533036742499 -144.85836897686082 70.821595806363547
v -525.56885389077763 -147.24295812193526 69.728461702286907
v -525.3296613085389 -147.12073899001552 69.406829003180533
v -525.41709745681828 -147.16260365579495 69.523893296251927
v -526.0898443955914 -144.5142903998254 69.888441604458805
v -526.72281188284251 -144.82761209457576 70.73774411645401
v -526.01786768879526 -147.47039881107455 70.355252902229495
v -525.60712962301091 -147.26328946499532 69.782168443518955
v -563.74210260638256 -156.15687134439139 56.075867303862893
v -563.78266741315076 -155.98283318749588 56.270873620222041
v -563.87388451061827 -155.6117454063592 56.715266578509564
v -563.49172502256431 -156.91556248051705 55.613427056298967
v -563.41436989776821 -157.15297975659061 55.4709406125058
v -545.26575998552244 -129.94481443378567 74.159737274218188
v -545.96825890949526 -128.83781939240149 73.636416486885977
v -544.83935746958741 -131.29207301943461 71.535041311617491
v -544.62907535437421 -131.63986215149299 71.701563356439806
v -545.08050696088196 -130.25152763330925 74.304961843492478
v -544.68229354695393 -131.03436392205373 73.925363276435121
v -544.53694564104399 -131.78476412345032 71.770851915353305
v -529.84877410446813 -147.14980147879774 69.817122243734076
v -529.54114124930925 -146.74909423616 70.213146001345208
v -529.17953452199288 -146.38267973305813 70.641400117442615
v -530.33462873145993 -147.88144698860137 68.903223348388622
v -530.24262493776473 -147.71720856455818 69.09071164230896
v -525.29041581737067 -159.34013616034269 64.091379431513602
v -525.44527699428318 -159.18994037950941 64.190148465623196
v -525.40964911249046 -159.51597738424789 64.355180462125077
v -525.4800724748842 -159.63125295865709 64.518345103880193
v -525.79083158286664 -158.95097399049064 64.472491919994482
v -525.88696232519374 -158.89505714418002 64.594134984589118
v -559.47855551931252 -165.54330314610954 51.739906319623813
v -558.70287757700225 -165.94721227877639 50.827146486301032
v -559.19054891415828 -165.69240912304551 51.390695034699128
v -559.65041760838471 -165.48035631855663 51.921879014438559
v -563.86321776584373 -153.82773039025668 60.686689920157839
v -563.87842329751891 -154.01193549631424 60.378543509215547
v -563.87145321432808 -153.87469639780369 60.653869434328683
v -563.91605486565049 -155.36917475164151 57.100269454008142
v -563.90740797793637 -154.44413205150482 59.486029999699348
v -567.04427136046399 -154.88189790696129 59.094807994496634
v -526.64173529294112 -160.30794933114294 61.766902323838842
v -530.6710007724331 -151.40221743223523 64.50756189814021
v -530.72723791697206 -150.7758256431876 65.004293018330841
v -530.75295018706572 -150.08533458306547 65.872807625624645
v -530.74709240991956 -150.43436717327475 65.370627498243508
v -530.56830402776211 -151.744171659866 63.920659691738521
v -530.60911361397677 -151.60874593513606 64.260113809162519
v -530.55026032349338 -148.31767715852911 68.316461363187116
v -530.59186998366101 -148.45583570089008 68.167952656976212
v -530.79726935419626 -149.69212265214205 66.527790712597223
v -530.7670928814357 -149.35515645130343 66.927838392081142
v -549.41828776590557 -128.30018793005632 73.1907423864143
v -549.58548383618563 -127.65987276610085 72.827586192221631
v -549.87846327464536 -126.29087696686233 71.72792694413782
v -549.78934973078856 -126.70745656591752 72.062743323295066
v -548.30360011106836 -130.32003891375024 70.993682997281965
v -549.41181556779929 -128.33704215648197 73.211482208894367
v -548.45855381255853 -129.45988435423604 70.526721870193626
v -548.38547908029977 -129.87502698337877 70.759603353196212
v -545.53845586263833 -129.48619092831683 70.66249201426956
v -545.2355851627517 -130.17402917102854 70.994100259712397
v -546.64542071372841 -127.35739048994911 72.811378221984555
v -546.20346987009759 -128.32406556628212 73.369382849802477
v -546.04775841773346 -128.66435525688107 73.553667087081266
v -563.83663464850872 -153.76992057707406 60.754601413947725
v -525.95043458444684 -159.21368457300406 60.308453531852855
v -526.7331241198309 -156.74401937573833 59.605013977286397
v -525.99080044404309 -158.08410406787183 59.635841095757407
v -526.41686010430999 -157.46437278096641 59.713016180253923
v -526.16842978209183 -159.47515605868639 60.715284984422262
v -526.64007494926091 -160.30506175713523 61.763234765278625
v -525.78675292768037 -158.40727103523483 59.615621561626519
v -525.54933130041672 -158.75641359574897 59.660463937669107
v -557.08178067636663 -166.10982145867277 46.590277291941085
v -557.01147504168057 -166.1753925652003 46.595515088527797
v -557.0757595233373 -166.15741898110923 46.72031150414908
v -556.21117201577408 -166.74631017415612 46.386785558999271
v -557.09102716652706 -166.73771690057981 49.014600963121715
v -557.17754439420639 -166.47739560898549 48.267768784936443
v -557.13200550372756 -166.33423699918191 47.575431239790433
v -560.99968262220261 -164.83536626008632 53.503542799919032
v -559.91979878999871 -165.36416403944708 52.224893431411033
v -527.37153854009887 -145.34484593551323 68.512486573151193
v -527.12211689710932 -145.15454333014748 68.728121692530081
v -525.79275250431874 -147.45795204881503 68.998287998870424
v -525.37290608667388 -147.14514837681466 69.359267236249508
v -527.45448251412824 -145.42452326897586 68.436434279532222
v -525.49572187665626 -147.213217988499 69.25988102025255
v -526.58577626329372 -148.10490613845039 68.441341731551674
v -526.4705267833375 -148.00212142914808 68.52028321600946
v -526.79275273353778 -144.89330736753772 69.123063790003371
v -530.79794878342398 -149.78149734829924 66.404356505251712
v -527.35593185316748 -149.24948316039971 67.261035822539299
v -526.70627376485777 -148.2544616485695 68.282711106686705
v -527.31873726585275 -149.17931448643401 67.318109827982255
v -527.19070069209079 -148.94238777809335 67.515074777931389
v -528.12188336009274 -146.0971258980635 67.65684639492774
v -528.39917989772346 -146.38765343143976 67.200494342365005
v -528.20166909072236 -146.18512989742442 67.523204261179899
v -528.44320826099954 -146.44715453149448 67.120951152190159
v -526.62376694276861 -148.14318826100089 68.390704571860667
v -530.22656300594724 -152.07921649638359 61.98142676317714
v -530.22152150831027 -152.08654462814596 61.958756068703451
v -530.08257811482611 -152.09948606531165 61.429717172390873
v -546.85857240604219 -133.43552808155317 72.627923371483362
v -545.71918024595641 -128.78728204078914 70.299880976115404
v -545.62092301815289 -129.17426251066712 70.51100826946886
v -545.67444274013519 -128.96585107807246 70.400752931138584
v -546.98567632372601 -126.0254283717038 72.067440463411771
v -546.66589190713762 -127.31847719316252 72.788777937437544
v -546.70887796982845 -127.14364240561636 72.689757170057689
v -564.78101083922786 -150.0885648966117 55.603832344968701
v -564.76314597114674 -150.10790313844046 55.537870583869044
v -564.76257823004983 -150.10872701901374 55.535406026327095
v -564.81826707209484 -150.12799103860709 55.750143097054682
v -564.35336503595113 -149.13535569292688 60.9581197058626
v -564.92176963244299 -150.09657523993985 58.136771949810147
v -564.64612752028643 -149.59345078659371 60.024638045791306
v -564.88668145011661 -150.02940705582242 58.420956267438221
v -564.40946446477119 -149.22448295623477 60.76032609890801
v -564.67427840333471 -150.16389850538235 55.289941990395498
v -563.33123875231149 -150.49499971615498 52.399413863469768
v -563.52903335287465 -150.64275883871758 52.586861713352327
v -564.55665343190651 -150.21649271728049 55.00817979921657
v -562.23189264915584 -150.23067025924274 50.92163778497855
v -563.12499064594874 -150.4257922574235 52.15471694514234
v -564.74413879843564 -150.13736715354904 55.455742508577735
v -562.30299819068432 -150.28473641838141 50.955879794894528
v -564.82275623941985 -150.13397514773743 55.767908064764072
v -565.00013190307152 -150.27854979535533 57.542113854707736
v -527.71571654811657 -150.43206314723153 66.061059797999761
v -527.55043416805813 -149.73344288559113 66.678086147752623
v -527.56875852820349 -149.78209514902008 66.615732280474731
v -549.94231633026084 -125.94066942172337 71.42486984315822
v -549.89410014639202 -125.06725299231647 70.658923546291447
v -548.76191830307391 -127.82679239820837 69.396989341284623
v -548.76879285211373 -128.04520925936535 69.573674601934655
v -549.80547595093356 -124.30861772155109 69.859647769611016
v -549.84115644152132 -124.61404761570296 70.181439710056068
v -548.66229721639763 -128.61090077220186 70.04761061500119
v -548.52146263403756 -129.18110235863344 70.369605727009159
v -549.91837802242685 -126.08780192469001 71.565622639646463
v -548.76838474313172 -128.04747242880123 69.575654144534298
v -563.87794652549701 -148.3165245867832 62.606439326700333
v -564.05622475475764 -148.62115187565104 62.012843729611184
v -528.63935460937603 -146.81246845253463 66.615381176544389
v -528.5075650826202 -146.54222951792977 66.970842255012258
v -529.7590513213047 -151.55152094724721 59.907296646420455
v -529.7815313233732 -151.63695682212094 60.068946289396536
v -529.79531379094067 -151.92017007865547 60.440336267394102
v -527.72179447489623 -151.46096449848173 64.617397125014321
v -527.73779694741165 -151.21936961608267 64.953224595100224
v -527.7254360780147 -150.97506756703029 65.330354634027501
v -527.73588746659198 -151.0788246602167 65.138680267122382
v -527.73819469731848 -151.1899064863583 64.987269152203297
v -526.71343285787566 -151.45278690925352 60.152476380996184
v -526.78886947890271 -151.63191632445697 60.48137608059502
v -526.83153971800732 -151.66865337626635 60.60038594905204
v -527.25664750599651 -151.92073608349713 62.067418470694278
v -527.17669196625252 -151.85148671245034 61.765258346144428
v -527.39149807359104 -151.91676704690542 62.677601992581103
v -527.43498743446219 -151.90506963661713 62.855327513666644
v -527.471553682832 -151.90342891889091 63.019752928842252
v -545.93929876008144 -126.79737944492042 69.218968137562683
v -545.88435659278207 -127.97551886856333 69.853340464484617
v -545.95573641482292 -126.31625651203966 68.945461137010156
v -545.94966016308456 -126.56398715444799 69.093332122399048
v -547.14820866587911 -125.0775625608522 71.523281927558884
v -547.13140701731891 -125.47297588301899 71.750202335217708
v -547.07180726592242 -123.64729475973884 70.416564128790142
v -547.10886385492358 -124.06644787766572 70.778830748104696
v -547.14842010457733 -125.0688835536495 71.518312179183425
v -547.06628675400839 -125.76218050978825 71.919856173231665
v -547.06328700851236 -125.77515116072432 71.927059950697611
v -545.7338922115789 -128.71398417498347 70.2586679709066
v -555.72605809501408 -167.15120683292449 46.350217716947597
v -554.56757279533724 -168.10949231027084 46.215550065993611
v -552.55565418098593 -169.4975018226996 43.73682039985875
v -553.20202892437101 -169.05247896144056 44.537091642003197
v -554.55886033263357 -168.11831344564581 46.216973425106396
v -553.6486133713247 -168.74992911842438 45.111283732632039
v -528.93060163081054 -147.51201479022362 65.503491278313234
v -528.92150233153939 -147.48036955001911 65.569448469976948
v -526.55707764165834 -151.07421909115354 59.590689138080847
v -526.56594066439152 -151.10156257601363 59.627680757096726
v -528.84579755060361 -148.64470364424903 61.858178955796497
v -528.97255036752802 -148.54996187552584 62.60164470757158
v -529.02419465026662 -148.51343393077937 62.917918990206616
v -527.55061701387376 -151.81962614988961 63.463188687701901
v -529.02945385493967 -148.45776693426052 63.071976366208105
v -529.04586441382844 -148.19037485431858 63.869799413244095
v -527.30111260742729 -154.92601274269495 58.767529013567575
v -527.35842013168622 -154.19771458974557 58.242086239540797
v -527.25150177895966 -155.12711036770463 58.87491433603919
v -527.0664625105735 -156.01743455108783 59.388955178534694
v -526.7650637207862 -156.67497458899527 59.584776836668937
v -549.2328548904336 -122.61399661136285 68.073542436047973
v -549.33827621372029 -122.89759850629098 68.383229807712183
v -549.61762913609493 -123.66107080632473 69.207983473203114
v -548.68034865866014 -126.41015727389164 68.208685697210129
v -548.69326657735974 -126.48644228337979 68.296030590019342
v -548.70715696468415 -126.61322490949843 68.420432547582905
v -548.70368060886801 -126.54370618330027 68.363561168666251
v -549.78775335219439 -124.17488990947959 69.720017246769785
v -548.37823953892917 -125.56227312227684 67.345765418332618
v -549.75621868849009 -124.07465668792234 69.626318156194245
v -548.18113942468176 -124.98723865756561 66.755231763789993
v -549.69470373098909 -123.8703592222511 69.433681720814718
v -545.73502196134564 -125.2386602922294 68.229294332357355
v -545.85972792114319 -125.71990883288639 68.600212796216397
v -529.05139395680033 -148.16341678339268 63.964998961402131
v -529.00717716980739 -147.84638023777109 64.66834439193687
v -528.97034606601972 -147.70884748020706 65.028491092657248
v -529.66897079906073 -151.20205536159582 58.979654006514544
v -528.6581697016984 -148.69458647993346 61.006132218004801
v -528.35379105351376 -148.52775800511293 59.82406610869883
v -528.38255136844202 -148.56160973478117 59.974572460107886
v -528.45972061766611 -148.65298585815552 60.364424925825944
v -527.37411297098288 -153.55881224135547 57.720325388519569
v -527.37576313894135 -153.98677871331813 58.08400349469953
v -527.37935684001673 -153.816517064843 57.944273147864592
v -545.65060946285871 -124.88800188538873 67.956573189254186
v -545.03261014475129 -123.63654367332754 67.103703970844464
v -545.00203537856453 -123.61443480354363 67.061497501858469
v -546.63464791816693 -122.24177349428352 69.315969396007659
v -546.79160890590333 -122.54727001656353 69.532586880526424
v -547.00281067304718 -123.37923352068194 70.201412024292068
v -551.75166903405773 -169.9480987118489 42.848718585029197
v -551.3623076398178 -170.35265955619326 42.224374812913851
v -550.63707794038271 -171.08419173499021 40.995670730260329
v -510.05030010617924 -152.9329733244445 64.084733508863451
v -510.32636718808425 -152.25970501287782 63.551278799579229
v -510.81851233295606 -151.03029884555846 62.59715842920766
v -510.03931727735795 -152.98827570434688 64.185821436236694
v -509.63518516918964 -152.56483106437551 65.03949084042172
v -508.55079448689452 -152.22241548806306 64.585562896531926
v -509.3033221938764 -152.38687600016749 65.153534530120666
v -508.14666658313627 -152.1340072142568 64.280852602469096
v -507.08083573046173 -151.93050536776869 63.505473281814446
v -507.57263438873423 -150.28073931316894 62.202535575498253
v -507.69976995261186 -150.39810510617494 62.383688043613468
v -511.53300786371159 -149.23819532156429 61.192562838021658
v -507.80959733887966 -150.13206049019431 62.200510393053307
v -509.52855758960959 -152.44047939823764 65.308389169946352
v -548.16874416062376 -120.96842649158923 66.534110780604138
v -548.32553915538733 -121.18065712284783 66.777442238145809
v -548.33683286347946 -121.19530198903203 66.793430277236652
v -548.503669085453 -121.43652762565543 67.030742441741694
v -529.65481970446854 -151.14817791691073 58.874125302161438
v -529.61008290123732 -151.01963851499588 58.597893362221527
v -529.05913782052824 -149.86372810093118 56.605546760655358
v -529.34083121642482 -150.28632221998271 57.450930635929971
v -526.40008846779074 -150.6155214471807 58.798167419743507
v -526.42718015857429 -150.65684144833727 58.891856416432063
v -528.30710129932561 -148.46912156881172 59.674072787978361
v -548.92071589851537 -172.01244987687684 39.107810858218592
v -548.92064553485523 -172.01523040833916 39.110441818865581
v -548.92733601749592 -172.01162834104241 39.117866264208992
v -507.61626600082769 -150.46177657280646 62.148254216507446
v -508.24370416356965 -153.06515701475354 61.367668890359951
v -507.65205560284943 -152.52968967684498 62.316322008445148
v -507.02496893041518 -151.96347992440371 63.32194419949839
v -543.62131874021304 -122.93522999068286 65.743394750305839
v -544.74859275509698 -123.46334272684271 66.770893155466155
v -546.35962314136339 -121.6969661416034 68.927879616840954
v -544.89092902927246 -123.53304875363793 66.906199454602387
v -558.24819993112226 -163.65304004156536 44.552919867687521
v -558.40063655687641 -162.86610312294928 43.979134591920754
v -558.19471192963306 -162.87948468782989 43.657274514095675
v -558.17967777013291 -164.04926641511872 44.923378946292061
v -558.18562747925807 -163.98746098428242 44.841702303387279
v -558.17843284307378 -164.00606820460425 44.855639711821922
v -558.23825273537398 -163.95831980298559 44.90140681238595
v -558.2258197333208 -163.97923353879364 44.908503135044
v -558.2203239679958 -163.92150043073329 44.810417377838235
v -511.12978093858351 -151.70833542564139 56.901586965710656
v -509.17065597393332 -153.8585840394272 59.894646568906168
v -509.35752478632469 -153.99331082654817 59.65662548018927
v -511.0331645985172 -151.85625479436138 57.05504253937486
v -510.88489160103597 -152.10518600798434 57.29360696629535
v -510.06874508949056 -153.60525207346086 58.624888754528087
v -509.72982875039594 -154.26206586992416 59.182456212197536
v -507.70562830386524 -150.23620399304744 61.97460262212487
v -508.71326562603622 -153.48741617542484 60.623617728650217
v -525.72812725794518 -149.654452806031 57.309577118438945
v -526.15421064274869 -150.22992702490978 58.142179595272623
v -526.0857305805323 -150.12055810996904 57.99575728756168
v -548.99540015935759 -171.45006890414842 38.602592222998389
v -548.93302330829169 -171.70489586532392 38.818814932838599
v -550.00520632458108 -171.40880803886233 40.283451756294561
v -549.48954863232655 -171.7108157526186 39.739520691802035
v -546.2111465807111 -122.61770021454525 64.102058293353352
v -547.03475318706614 -123.15718110369448 65.084755884580815
v -547.03380630611514 -123.15599694201406 65.083651425472155
v -546.46818924652393 -119.71534107702075 64.541344250815584
v -547.96662242146442 -120.80461243981864 66.30143703292994
v -546.51460779674085 -119.74989308805834 64.595861374231333
v -547.70165946649661 -124.18310612549477 66.06816168034257
v -547.39171002367118 -123.6508992668909 65.608402369772705
v -548.12989015899439 -120.92239419056457 66.489538233909656
v -528.91901917843563 -149.64922496780227 56.24605368287537
v -526.80792566239938 -151.38499471169661 55.506693959213763
v -527.25334087005092 -152.68639392441352 56.845038889064845
v -526.92866932777565 -151.68290297450588 55.830750168607139
v -526.96015392379104 -151.74821135114954 55.906514166927728
v -526.94921833192029 -151.7157956647921 55.873327946229224
v -526.63998770236765 -150.95557992654321 55.016576975305291
v -528.82085585416758 -149.49613304495426 56.034187335483658
v -528.56029434192237 -148.82973198030101 55.275249855092191
v -528.45990030831479 -148.67714446039926 55.06158000685744
v -527.36347040209557 -153.04435393413391 57.27492903009238
v -543.43084882452911 -122.87363870619822 65.620691327571933
v -542.52606909340648 -122.57116178729763 65.014222614489711
v -542.54403448536505 -122.57469651468806 65.026965129207625
v -547.95176086176593 -169.04045867389627 40.134440274212821
v -547.137704684185 -170.36735617659647 40.175852116862231
v -547.49553107003476 -170.13733023719888 40.575229522445341
v -547.91086446486588 -169.28437530942853 40.346071971762044
v -547.80652009574283 -169.82057550885497 40.784205793139265
v -547.79026017997955 -169.95404255331826 40.897560591226387
v -527.35928608257984 -147.422450746951 57.205675246527328
v -527.70640238500846 -147.71097145037496 57.901653264696378
v -527.71145148331232 -147.71515326246589 57.911905246853109
v -528.00468257680848 -148.09216875549851 58.629577711994564
v -555.16434605074573 -147.86637801879061 49.143928063839283
v -554.48678331643794 -148.28637506692289 48.822576613538907
v -554.38835135208467 -146.85045853234908 46.405171119864576
v -552.98159290410592 -147.70927055456943 45.717094598159392
v -552.49391406234179 -147.52228978598654 44.710924309024136
v -553.10613954096073 -147.64661786285961 45.799206125910416
v -556.59425823195966 -146.9716485809424 50.077729486687289
v -555.26382869972952 -147.79790660141319 49.197879146550463
v -552.16935450888343 -148.14397326259135 45.145023082855111
v -553.74993248887245 -148.77433275523785 48.442064821895038
v -553.57216510203864 -148.89783457262808 48.358816406225223
v -552.72238459731193 -151.46115154721747 45.107904001162275
v -553.66914997521417 -149.63279068568318 47.599735208484063
v -553.57732245276816 -149.06555696103385 48.176966014090382
v -548.90417850707763 -171.18289883405015 38.306149893116334
v -548.91023060511134 -171.20051910889848 38.325741711563765
v -548.45592265390155 -170.13913981091562 37.105743554222435
v -558.14730326921813 -162.77003550199115 43.4847948744478
v -558.52639659863462 -162.46937605646562 43.836001222680004
v -558.47643133299289 -162.66300424425719 43.924347468067701
v -558.31218056427053 -162.41900151477589 43.444971496412997
v -524.829327977753 -148.78427160354602 56.111433357485609
v -525.22746895115642 -149.16131586588824 56.555643965259428
v -525.63500739850883 -149.53225504439845 57.149204140919068
v -544.28976899707322 -120.26487532629602 66.931502042513301
v -543.8411408136393 -120.09346286862831 66.642864505972696
v -542.40399347307095 -119.87158319790829 66.297289491782237
v -542.75110175847578 -119.92706198170073 66.379777482112075
v -541.20054234012889 -119.98815354743374 66.228321761492538
v -541.89424362798206 -119.89730657463251 66.36090765666907
v -542.14825564031457 -119.91561793687802 66.382858599228229
v -540.33951032763878 -123.00379855162858 64.520327798266734
v -542.45506867924189 -122.58275434400409 64.99953547132813
v -540.75042400612517 -122.84058665952556 64.658180519626583
v -540.6827945803899 -122.86785460783042 64.635269041062259
v -559.29120657193232 -147.66033049289595 50.365061472503875
v -560.36239859513455 -148.66644218982614 50.207646077997353
v -560.30321409421924 -148.622760314365 50.193724311301992
v -561.89733983638371 -149.96598529771205 50.767583141158077
v -560.96162891000893 -149.3016964340423 50.205616313930797
v -525.24461774480346 -149.21971803178658 53.220254522159898
v -525.89525733627147 -149.8575325859799 53.920283613678691
v -525.47717750433344 -149.39993033456156 53.445478656018366
v -526.44641041837679 -150.51221812053572 54.586612834547147
v -526.44063777348322 -150.50019553231004 54.576926232546995
v -526.28833629147721 -150.28908056160756 54.376965794559403
v -547.53416493018335 -167.76762517533882 38.763836449394873
v -547.69883037421607 -168.28071944219198 39.314793570770654
v -546.93962235604181 -170.44292836019949 40.010265458480006
v -545.25107271523984 -122.01717629142919 63.088782876263195
v -544.95768096298718 -121.82799333907542 62.77944092822905
v -544.88447038049026 -121.78270650034887 62.702145957464296
v -545.10707294464419 -121.923710920405 62.936987843779541
v -546.4025712167753 -119.67689039150123 64.508207194392824
v -546.40098657033013 -119.67600799581167 64.507602114213455
v -546.29955512985748 -119.62021648902437 64.468638640502576
v -544.13321569575123 -121.49682251506231 62.390528709607921
v -544.64000301544263 -121.67076254103337 62.609120649418664
v -544.20062983202604 -118.73229725360328 63.572313592178766
v -546.23952585316715 -119.58719789259808 64.445579230783977
v -544.59593856421441 -118.90728508759904 63.738505393449323
v -526.4414022050737 -146.61141605691193 55.944314295280435
v -526.61952495116759 -146.75605009032657 56.164463426248254
v -526.83990907886152 -146.95744398014872 56.450072628839969
v -522.12422283989656 -147.32477260282576 54.551138507684549
v -522.40311506152659 -147.41883335424527 54.664544523980858
v -522.6552755377304 -147.48937038229232 54.762446176436647
v -523.85183201416703 -148.12796041335645 55.28132389774759
v -523.26844757721744 -147.76719135308062 55.012540945703016
v -522.85188103085613 -147.54555078134985 54.832116385214675
v -524.76101094229602 -148.71859925777366 56.044237408549591
v -524.35655714103734 -148.41582043668859 55.686294753052046
v -558.07649264399629 -146.20734602369623 51.101201948500147
v -557.33324553537909 -146.56415896294624 50.539393169355975
v -557.03325366271804 -146.72463304092113 50.342887346718946
v -558.99757805070328 -147.37557245240023 50.419367452254015
v -558.66256398926942 -146.99932135386604 50.576861131482808
v -554.56936920439261 -147.9791461492693 45.266904528735296
v -554.30600099046273 -148.44770946703588 44.622465462627112
v -554.01479639555521 -149.51408658813583 43.312317225323781
v -543.47037320346033 -171.2573480896553 37.525328084062387
v -544.22229582608259 -171.18687606574144 37.92853454607959
v -544.89585908633774 -171.03471522890368 38.394345652692273
v -527.62888115917497 -147.71499668304389 53.812283300671737
v -527.87807043086036 -147.99776092235118 54.175043029804961
v -528.40967937427934 -148.6046616803188 54.976451057944246
v -520.25024787514224 -146.82208283096378 54.382278228955691
v -520.66648200323505 -146.88996143033134 54.4231962626178
v -520.92244011539276 -146.92108526098173 54.446369411991022
v -521.13611593923372 -146.9489018664473 54.456804135259901
v -523.63981376865161 -148.28943298794729 52.26577292981672
v -524.27780379420881 -148.59568630327632 52.576785316866598
v -524.01820560199531 -148.43482022355971 52.436822827441745
v -525.0653547732835 -149.08099276779171 53.091735447418401
v -535.00424292633932 -125.26327443524185 62.805451262999647
v -534.39600320128784 -125.55725583927723 62.638707776882505
v -532.27877467279654 -123.33080227897881 63.773168950434631
v -532.92611018991397 -124.01339654180053 63.425327869255447
v -535.97170264573458 -124.81656845588016 63.090695578058835
v -535.5715055578753 -125.00085735162212 62.97296839420855
v -538.26377429011552 -123.83133364259386 63.831103565658474
v -537.79116183715576 -124.03160754656271 63.679941652078455
v -537.95121389859321 -123.96242251774412 63.731846198663881
v -538.0466244688165 -123.92140412651814 63.762670168814836
v -546.69633691801948 -167.18915774961121 37.867503745868937
v -546.74224601068352 -167.21507183947196 37.911191724434701
v -525.03246164361474 -145.7685614078928 54.827153708503566
v -525.51103598583904 -146.04196512045732 55.185684655063582
v -525.97252296487852 -146.30265953590623 55.551653240674135
v -526.29552138518522 -146.48836446709686 55.809336758985211
v -540.66392101034216 -171.17045063503423 36.327397356053531
v -542.33938212395549 -171.32834493032746 36.909621776370116
v -543.34360491782263 -171.2689806554985 37.457642598565307
v -512.33730374730612 -144.50304367891314 59.298143151286922
v -512.30265575268618 -144.50922179237105 59.349609682319333
v -514.18572380544697 -147.46300779925079 56.973918963323911
v -512.59463185544735 -148.13359251886314 59.386909734191221
v -513.08299449972276 -147.81522465703478 58.631858924105714
v -513.74132946860357 -147.58666855630162 57.63971834366378
v -512.1209740642629 -148.5242746748248 60.129718222626657
v -512.23993841211995 -144.53321822688613 59.444412308219931
v -515.76401669316294 -143.71851092423117 56.775456106563141
v -516.1202552925954 -143.68149441756313 56.49713731529377
v -512.84878030917605 -144.30569034577047 58.950541843372257
v -513.23361748365676 -144.19145982643633 58.676651419648216
v -515.67449503363741 -143.72432146116671 56.846655819621105
v -517.02161499884312 -143.71710580633743 55.746316557288964
v -510.51970038146203 -145.85644089453146 59.746573180660306
v -508.61998173964287 -147.4817909678834 60.108214260234654
v -510.90790453159008 -145.52430347691788 59.672672464597881
v -510.88209291351529 -145.54401351857703 59.675222281490996
v -510.65273108301307 -145.71295667105866 59.691705629275269
v -511.58102131447583 -149.11776759233462 61.098175289943249
v -511.63226896289376 -149.00965547362421 60.999927111151877
v -511.75031604467819 -148.80866259094967 60.77948898207719
v -512.18284408771831 -144.55216542056493 59.541460753477708
v -509.00992260854139 -147.60900332501438 60.466957761244679
v -510.35867480047438 -146.0306241901126 59.811439403097062
v -513.76286376062342 -144.03466903567838 58.298589706800776
v -514.78022984677727 -143.78302601023532 57.555054946562009
v -518.4893438199864 -146.62549111950477 54.656363298827927
v -519.41765055763108 -146.64633600213813 54.527271415408656
v -519.36855870844033 -146.63637583485757 54.533537465193923
v -514.58558889937387 -147.32291288336836 56.484205598219191
v -514.38836496277133 -147.40033496585511 56.694162824806902
v -515.28317949289396 -147.01371527200249 56.097020954744472
v -516.0686338536816 -146.84170947626535 55.618243902622041
v -514.98636279641653 -147.10947171979734 56.270468696037867
v -515.92561732693423 -146.87230571856009 55.705595973243497
v -517.14137136796376 -143.71782243714239 55.666767963930852
v -514.35039085884728 -147.41575154283532 56.732655474915553
v -516.50057075813584 -146.74148311435292 55.386487588438271
v -517.74463450721964 -146.59592833072963 54.933799622530032
v -517.68589358921827 -146.59360940397301 54.95585298842461
v -516.62454736940413 -146.70713725715842 55.342840437516102
v -518.45770443871106 -146.62363299722921 54.668194395665665
v -538.69908902351131 -170.74358599889771 36.119450590869299
v -540.36419256075601 -171.12081221973762 36.250891606099316
v -540.16280264052205 -171.06021665451263 36.234699476571706
v -540.47738346011772 -171.15365750289945 36.261559388939347
v -540.4365086595617 -171.14372721271749 36.255211741493575
v -517.51008513621946 -143.71420791552001 55.451146103233278
v -517.91914339915763 -143.74664207785901 55.204019636946413
v -533.9701346171571 -122.43774926015421 64.279388905189052
v -532.188697626926 -123.2355401014582 63.822539553123868
v -533.10198339259193 -122.82653825444532 64.05675160361055
v -525.40018637212222 -146.17672128948593 52.050055613261172
v -525.53482167747325 -146.23313683479464 52.134823128155553
v -526.12241486004496 -146.59198519881565 52.55404221425335
v -526.82546600441606 -147.02246782928256 53.013583722183768
v -526.9592828499234 -147.1250636247737 53.109007079676005
v -527.39678666480575 -147.46066845981207 53.542266000919902
v -540.22920040335021 -120.61547151156708 61.234178384222339
v -541.88299597111393 -120.73839297762302 61.444003910473533
v -540.59367824882202 -120.62488140085387 61.288553312681742
v -540.36368927590092 -120.60042922643424 61.262757473143289
v -543.00014595751963 -121.11699291193457 61.924066302594248
v -541.88959254949918 -120.74009319104924 61.447084683768303
v -542.34689221800602 -120.89358796934928 61.644277561023749
v -542.78528099767425 -118.11418532075413 62.998660175859783
v -540.85748627437931 -117.92950609158098 62.914386177368669
v -539.72022082975036 -117.89428253052024 63.010698205309616
v -541.5301349154679 -117.93632878692667 62.864938965254474
v -539.28874450438832 -118.01254826454176 62.976611071302045
v -542.57997001657316 -118.05562783897471 62.994518437410584
v -521.19877793895932 -147.57212790670124 51.676131519005125
v -521.30469693332282 -147.59160184834349 51.686232207012353
v -522.56970288441346 -147.88995761981263 51.8808222467406
v -522.29504600599148 -147.78847835744114 51.830595160431457
v -521.55243915799997 -147.63450399328755 51.720965665356729
v -523.05144478426178 -148.05586724988646 52.049942410318607
v -524.11691285218899 -145.22942823901241 54.43808708680784
v -524.36722027741826 -145.35797879280054 54.53846882209416
v -537.2947354622512 -170.08598307358798 36.457343228759804
v -537.72404126906486 -170.28228515660018 36.360039425261256
v -538.49960803271301 -170.641908126461 36.177927453695347
v -546.59627876424793 -167.16637976020166 37.803911275386533
v -537.0488429143852 -169.84667109401059 36.673895091988193
v -550.09143107065938 -154.87487735499749 40.394185960368496
v -551.3648498458524 -155.08192121338752 40.619116606532081
v -551.57676471398588 -154.24643769858992 41.504099110957632
v -552.6377221474537 -151.64364789160112 44.864181127677838
v -552.53117442764005 -152.10735370698848 44.291101499172917
v -546.28117396808352 -154.20231532321108 40.695833349046012
v -549.63233785678005 -154.65743172171054 40.517920821844768
v -546.85068983677343 -154.23763727547544 40.69610559867948
v -548.43804914559121 -154.28576677627353 40.733395554871805
v -547.98509969990016 -154.20046382415677 40.774712447378782
v -549.95876291357786 -154.74591733063443 40.475378083351032
v -552.15916441893251 -153.17229543696538 42.967576193582211
v -551.72346153105934 -153.66569786043794 42.191007425597412
v -551.53482376348302 -154.01568485004174 41.71486169015877
v -511.48836180657463 -146.15302771644454 55.520781455558328
v -512.49292040432977 -145.57415673194467 54.820428988135838
v -511.56831356470576 -146.1069760548238 55.4650346077809
v -512.85784635579034 -145.43037668026162 54.544357667331141
v -512.78790513601405 -145.45665064813983 54.597686779401009
v -509.74769455999825 -147.33555779080496 58.203762916015066
v -510.04748899398516 -147.08463212795397 57.73549624484226
v -511.2218691481454 -146.25153515778888 55.92075123996468
v -508.93549690411788 -148.11784452586727 59.658145137256156
v -509.16797221391863 -147.78387974640472 59.228402788342898
v -547.9576837344548 -150.37856188619833 42.265942477986414
v -544.10809844379105 -151.74196139701434 39.254641822166398
v -543.74597282858622 -151.80456669081011 38.887999302265939
v -548.201466728588 -149.04453614854637 40.872071872319687
v -544.66333199984058 -151.56504398744465 39.714023159198739
v -545.27320678113063 -151.38781734341532 40.240331691158204
v -546.53652461594993 -150.92261546682585 41.205975104071584
v -545.55328807099374 -151.32420326588397 40.504611536232836
v -549.90236679045063 -149.43288331640935 43.811035669843321
v -549.32441385990762 -149.78236128064077 43.441211702167294
v -543.7363300103849 -151.86272001864685 38.942614854064644
v -543.38873845979697 -153.95895422864547 40.911323994834738
v -543.43663684217893 -153.94628052495588 40.954813145457358
v -545.48914802418108 -154.10946638000237 40.784325952397005
v -544.98069956934751 -154.00170827346309 40.87772604459294
v -552.64866598106414 -151.60351441330863 44.913880906513448
v -517.69289910302837 -147.26705060391882 51.897553539793314
v -519.01646953577665 -147.32731089029102 51.703155100494932
v -519.91676696014224 -147.37472541883542 51.607622165028467
v -519.70761187385415 -147.3496832893448 51.628484358009331
v -520.33239024242698 -147.40558132540161 51.623957455624243
v -553.89034464927431 -153.88941544470683 38.948072245579979
v -553.05322353863312 -154.17781362210036 38.093002359488956
v -553.60985594932197 -154.48446022414328 38.371864085727779
v -553.50397963443891 -154.76622631588739 38.121141184869735
v -553.3446272355518 -154.74612105452437 38.060681070995017
v -552.69561919218813 -154.75370150505816 37.790391066979424
v -513.84440548922032 -148.59234994353699 53.423179409935727
v -512.71209480143602 -149.49166166829977 54.768116228974392
v -512.57341033401599 -149.59668996358045 54.931424369242229
v -515.73743904532364 -144.58854099124665 52.792086331462443
v -514.87053993978122 -144.74002788271872 53.338135179400837
v -511.46421266714935 -151.19930536365283 56.342417388878019
v -512.33873903176527 -149.77981321893094 55.188437406721135
v -512.0916826828585 -150.14827390848049 55.505775921042556
v -514.64159572442418 -144.77938980678329 53.485095281525872
v -513.96607411879086 -144.96253251080788 53.902031712983003
v -511.27958720912858 -151.48418096508794 56.651760877456169
v -514.45877848540295 -148.29715441985346 52.964713473511587
v -516.32748365007569 -147.52380726069907 52.288761201072951
v -515.51939268181013 -147.72074956636934 52.588808730214637
v -514.55184474529665 -148.24352671272817 52.931900525437548
v -513.84749787590044 -148.58961361990956 53.420409068988491
v -516.94885361656281 -147.37108278895317 52.064021220433695
v -517.25826267485627 -147.2860362551296 51.993853100963051
v -517.44418675545739 -147.25740312262985 51.952196190157622
v -517.52870274836187 -147.25556234852729 51.933512307826852
v -517.47439382151674 -147.25419314825461 51.945460741497492
v -523.70042531505351 -145.52377953473282 51.459325910398739
v -524.31782097486337 -145.73640033572636 51.65500508032796
v -524.74590721594075 -145.88206571008863 51.802434191998898
v -516.488371705144 -144.44006320993489 52.466187620267405
v -516.08552962881936 -144.51148148709902 52.642051023969451
v -533.00946603351076 -123.43354056588822 59.405850966457997
v -533.91483531114 -123.01115178506804 59.67102916638941
v -530.33412797028416 -121.8470003065496 61.185329469700704
v -531.837143705583 -121.188231783028 61.587177566915948
v -530.03852059304768 -122.0913892524155 61.077783598114685
v -531.76358993845463 -124.14950664958047 59.180184121426578
v -529.99181865470393 -122.03428751842048 61.130158927780421
v -530.15496381835021 -121.94516684300105 61.156351319642788
v -532.88235947329326 -123.50672923374236 59.382723299034971
v -533.6159573528505 -120.32220554045008 61.979535788224808
v -537.28395152500218 -121.45780963033135 60.676721327421902
v -535.14292550436539 -122.44496232047788 60.037594937653772
v -536.1558851148867 -121.9779218478738 60.339977632965827
v -550.50608417129752 -153.93444387860848 37.6246293500717
v -551.02025867414875 -154.03745409570502 37.692229703385905
v -551.28287231753029 -152.51229939116087 38.515806711572637
v -552.192607870703 -154.6694740868009 37.647745439700437
v -551.3857540458398 -154.15136155155497 37.719936501667149
v -553.93074302764262 -152.23640920519475 40.447348726523451
v -553.73342674981075 -153.26811180578201 39.366466312756906
v -553.91292889476995 -153.53742856501563 39.230522869232999
v -552.45821315592968 -154.75392287228456 37.692205323570406
v -552.56864406214663 -154.75518458173516 37.737510199385056
v -531.22405877544315 -167.99432370528979 36.563832342189585
v -530.92293654182993 -168.14394576986084 36.670136303180172
v -532.70511996815139 -169.66285671289702 35.195907092540253
v -531.8070873575823 -168.91015216222914 35.934311444281462
v -534.30106252383928 -166.45337937322859 35.487190165567753
v -532.90776319411611 -167.1607162960822 35.971322692683806
v -553.93120091577885 -149.82020918585502 42.936215775034945
v -553.92587217946095 -149.85202104135507 42.897329266312319
v -553.97179413370498 -150.14408607662673 42.589069461242772
v -546.9604659537049 -152.51787920231544 38.302854914744593
v -546.67727955944281 -152.46210511569271 38.329459938864559
v -548.31593063917308 -153.0040351723375 38.017158646637782
v -546.34910435675977 -152.47831291063744 38.301888861247683
v -553.73579881630337 -151.17625513265133 41.39788753279187
v -553.91234665812351 -152.05514512612939 40.61919171789399
v -549.41071201391401 -153.35509191036417 37.836463912478877
v -549.9200579908354 -153.81604885042734 37.548561217802749
v -522.5076464394092 -145.14978978947477 51.254979547580845
v -522.65164044910705 -145.19191543444049 51.260960719174861
v -523.13082858333109 -145.31767750907966 51.345158727599838
v -544.00405034798962 -152.0024472176647 38.729824689211185
v -546.31319837817864 -152.47753425838664 38.303473465482107
v -552.11347623882591 -148.17253325517922 45.10755215919523
v -538.65374043040197 -155.50172095300229 37.000851717569581
v -539.6597133470799 -155.10791754132524 37.86783552023666
v -538.70894008335927 -155.47413901872329 37.042621760348453
v -543.22235231375066 -154.00058955085564 40.767871992151271
v -539.88421892234578 -155.03266624325923 38.045018589534415
v -540.91886173509772 -154.65394279276205 38.829086863785207
v -541.9327742512254 -154.32742475875014 39.642848118263238
v -540.85494922358157 -158.16136160913467 34.953157585177166
v -539.28272285877051 -156.06608189450577 36.48250026146308
v -540.48266774469425 -157.37813974577722 35.413270228716712
v -540.41409381986807 -157.19743321359468 35.510459046587378
v -543.57052213051224 -151.91325257305209 38.809869486524285
v -539.24035793319183 -156.02371770443494 36.518898980489482
v -539.06578727004262 -155.81327797557728 36.681128454990002
v -540.98089481913416 -161.67823241771842 33.81830614554594
v -541.17161524613982 -160.23171314514445 34.064876189392621
v -541.31522290913426 -161.01856481749692 33.87505482457739
v -541.36300990717154 -160.76828791736446 33.914386446465834
v -541.36546089733906 -160.74641551693634 33.918212223631059
v -541.27318117096968 -160.43381303144054 34.00155703092868
v -541.19003775343185 -159.46952582749356 34.321712505700859
v -541.12111182328897 -158.73998868481303 34.612543611921495
v -541.18388542894877 -158.92778141535388 34.514270742664962
v -541.17986897320736 -158.89630271702745 34.527361645673714
v -541.18390530363479 -158.91067924559377 34.520238261366288
v -548.46876805192755 -129.39708760519446 70.491539139337121
v -547.13667378304024 -132.40532462889934 75.406645747694583
v -535.59088032051272 -165.77608491554008 35.046954535929736
v -535.92554918133612 -165.5847743991159 34.937625448390328
v -537.46589419213819 -164.75489582605499 34.416868190186946
v -538.42583332308072 -164.2116608729435 34.101367855451585
v -539.44882467221976 -163.25875976779645 33.902454291806734
v -538.45583621378785 -164.19490763547569 34.091619216487196
v -539.80292429034421 -162.9314025411006 33.832734330322275
v -539.61411071067289 -168.12512053105121 36.267410232224641
v -538.83867053546726 -168.26352655206156 36.402711673109287
v -539.34993968541926 -168.17319825066662 36.313377550055918
v -536.93559506986696 -169.05153962344951 36.995455997972073
v -538.01676584658765 -168.45583922359396 36.577018382467223
v -538.16305321076641 -168.37998075624682 36.518865871104623
v -508.3516210534703 -148.79138772631134 61.221655000746345
v -508.84581663853709 -147.88339147733311 60.63526570201212
v -508.98485928083437 -147.63802929005135 60.480121861783715
v -508.64780366739143 -148.53113318193405 60.189960612298641
v -507.94951687649359 -149.61695010395431 61.490887996827993
v -541.78216118440628 -167.59593091934889 36.223038194642037
v -540.76641930408448 -168.06123402424168 36.200851408344249
v -540.12803294251137 -168.02238476195552 36.171998045458871
v -540.66354612425732 -168.10555903986162 36.196299965935737
v -516.83592896416951 -144.42475951084145 52.302345727889964
v -516.51789350285617 -144.43494935037612 52.452736205357859
v -517.1929178066182 -144.4437967256294 52.129816094614661
v -518.25099655302188 -144.49216265747856 51.731507345715734
v -518.08265715325319 -144.47067251060906 51.79556338949839
v -534.8017624196026 -122.08224601984936 64.509154389013403
v -535.86828268064062 -121.62662130687244 64.803660789022786
v -543.97063222155214 -166.855963601746 36.501652089769124
v -542.46901284950764 -167.36589984756728 36.307666095364837
v -543.63401503718012 -166.9856494842266 36.459367700890624
v -542.18676737625685 -168.52545215791307 33.161788576145952
v -543.1607721309656 -168.34920483284864 33.4057138595062
v -544.55739770074013 -168.05059449962977 33.748988585540374
v -545.57526676986583 -168.23746212298013 34.316325762587752
v -546.79719910766141 -168.3852552591735 34.934277188688604
v -546.68372363306014 -168.36579109947272 34.875215929092796
v -536.99717124260258 -121.14245908030901 65.113544514628785
v -539.42731709761574 -120.22037467828092 65.889408405595447
v -541.1756534021946 -119.99141299744078 66.223564782986386
v -538.46396711567286 -120.5838348950634 65.582910255950907
v -538.17200193114058 -120.6939898037177 65.490019000958355
v -540.18142792768049 -120.62081475808922 61.224026660854854
v -539.66490924395146 -120.67129115099476 61.117620851959899
v -544.80301794608727 -166.77148619930654 36.787386844296911
v -547.30969433415817 -172.39973548565396 88.903511409933358
v -546.14708515226732 -121.24655737440759 68.601621559269446
v -545.9848840747793 -121.10973580516411 68.367635798945372
v -546.09789939381221 -121.20443457788477 68.530621953023896
v -545.00673252092554 -166.7612377227241 36.865313299957243
v -545.70801033676946 -166.77524206063939 37.145364800892096
v -546.33388459192054 -167.09372052738894 37.625015914656537
v -534.53794797229455 -169.89732776600218 34.14668979841418
v -533.54772004748202 -170.36892965630187 34.503339201159598
v -518.4830142220419 -144.51595116418659 51.659752952451619
v -519.61017231622372 -144.58581266768368 51.412208850571133
v -519.23729002714947 -144.56937828017669 51.49427101731461
v -520.92616564160085 -144.82845029685856 51.25809993796679
v -520.03275946604117 -144.64773924448269 51.329661396329563
v -519.91819219281149 -144.63470649270747 51.339983393943442
v -521.33625687359574 -144.91231780993834 51.221606248557549
v -519.61291661346979 -144.58594973656844 51.411558354619395
v -538.50983616096437 -120.89657362137929 61.046702644127102
v -538.03444553534314 -121.11421754119843 60.903226133812076
v -538.94543140922406 -120.81232415726424 61.072799318864483
v -545.01332436655059 -120.56481256542104 67.438166143682963
v -545.68323825570587 -120.93717828575667 68.073149134495949
v -534.74094806604535 -166.23628538064952 35.337847224311105
v -535.02229459400223 -166.09161504635185 35.239051379009297
v -535.25785832685256 -165.96865166968732 35.156931613533544
v -534.51679287126058 -166.34385944678073 35.412229906817437
v -535.17059107164118 -169.59704601792319 33.919488843528612
v -535.31878712522871 -169.53045863759991 33.86869071886229
v -536.14591445684221 -169.15264958952392 33.58737578886101
v -536.48623964677017 -169.2991241965621 37.169366739737747
v -518.37314199255763 -143.7950297962507 54.922546032185032
v -518.13550363128809 -143.76431394476339 55.070903828626186
v -521.45715798577589 -144.93260399644913 51.228485218297962
v -522.23832039000229 -145.07089712170119 51.244242377443619
v -519.76599422390257 -143.98146275384946 54.370734899334956
v -519.30764295713459 -143.87675366302616 54.548917411522197
v -518.48143450092914 -143.80754259075866 54.862910902392102
v -521.2919434990655 -144.28971470124318 54.034681525566398
v -520.38705606154736 -144.11262260326598 54.19704486467522
v -520.09316096160364 -144.05286005203047 54.262206416486912
v -520.02679185209684 -144.03968387455072 54.276925823179603
v -546.79116119823902 -171.91041018893225 89.507405083594492
v -546.69424323733472 -171.85886863592822 89.588973523538087
v -546.86338757526642 -171.96022296865257 89.437675649443008
v -547.03099412166409 -172.11974686052767 89.241412660248713
v -533.9834352211293 -120.14329670534811 62.060591475530636
v -536.14464862780403 -119.12025415270288 62.521022981876243
v -534.67766017736096 -119.80530906326275 62.21371874067934
v -540.54396299657071 -162.54034892982662 33.744141561417642
v -537.56457415115335 -118.45476092659682 62.819816832631624
v -537.52305862245146 -118.46510837173628 62.816165443676297
v -536.63260258344235 -118.89238920029895 62.623239410390902
v -522.83078899712336 -144.77314763776582 54.093255122159704
v -522.30365594346461 -144.57109072788668 54.042633381082517
v -522.09516198904214 -144.50114853578725 54.024468517642319
v -521.67136810506258 -144.35324916380878 54.025941934893162
v -537.66088654463226 -168.69249475526095 33.221488371584535
v -536.76020322628028 -168.96545030652885 33.439146611259766
v -541.30444966158302 -168.67698026720669 33.013643225193995
v -539.22130525775856 -168.29231059617533 32.890734511679078
v -539.16915231802955 -168.30456503090858 32.902037724713082
v -539.51235015735983 -123.33539888229028 64.247603537355332
v -541.46321580112442 -168.71646903599861 33.029694115356044
v -541.88741764814699 -168.56145920235548 33.071978878225117
v -523.41035736351739 -144.99071017384145 54.176209640402519
v -524.11397524692245 -145.22792824133961 54.436840837787706
v -548.11657275380458 -169.57811022623264 36.416809838749934
v -547.86186199633732 -169.42955393302884 36.161171336098747
v -547.45062770691175 -168.97273214802564 35.645539892321068
v -545.6559350397398 -170.89108079823313 38.921232451579868
v -544.89885549992812 -171.03406971223785 38.396380977895191
v -539.20606506077945 -118.03516937946705 62.970028959583253
v -538.34031398478317 -118.26141338600252 62.888044986030629
v -546.40577134961075 -170.64343335897229 39.567391353514218
v -558.34987235132064 -162.67388042041321 43.613745320305391
v -558.21368451779063 -163.98544187655409 44.871747703497562
v -525.29752191616888 -159.42917584001555 64.628674420827608
v -527.37267322579783 -151.81202970817063 62.680106762206925
v -544.19725524959506 -124.00498420964294 67.741622315451977
f 1 2 3
f 3 2 4
f 5 6 2
f 2 6 7
f 2 1 5
f 7 4 2
f 8 9 10
f 10 11 12
f 10 12 8
f 13 14 9
f 9 8 15
f 15 13 9
f 11 16 17
f 11 17 12
f 13 18 14
f 6 19 20
f 21 19 6
f 6 5 22
f 6 20 7
f 6 22 21
f 23 24 25
f 26 24 23
f 19 27 28
f 29 27 19
f 19 28 30
f 21 29 19
f 19 30 20
f 31 32 24
f 24 32 33
f 26 31 24
f 33 25 24
f 34 35 36
f 36 37 34
f 38 37 36
f 39 40 41
f 42 16 39
f 41 42 39
f 40 43 44
f 44 41 40
f 16 42 45
f 45 17 16
f 46 44 43
f 47 48 32
f 32 48 49
f 32 31 47
f 49 33 32
f 50 51 52
f 52 51 15
f 52 53 54
f 8 53 52
f 52 54 50
f 15 8 52
f 55 56 51
f 51 56 13
f 51 57 55
f 50 57 51
f 51 13 15
f 27 58 59
f 60 58 27
f 61 28 27
f 27 29 62
f 59 61 27
f 27 62 60
f 63 64 48
f 48 64 65
f 48 47 63
f 65 49 48
f 53 66 67
f 68 66 53
f 53 67 54
f 8 68 53
f 69 70 71
f 72 69 71
f 73 72 71
f 56 74 75
f 76 74 56
f 56 55 77
f 75 18 56
f 56 18 13
f 56 77 76
f 78 79 35
f 35 79 80
f 34 78 35
f 66 81 82
f 45 81 66
f 66 17 45
f 12 17 66
f 66 82 83
f 83 67 66
f 66 68 12
f 84 85 79
f 79 85 86
f 79 78 84
f 87 80 79
f 79 86 87
f 84 88 85
f 85 88 47
f 85 47 86
f 89 90 64
f 64 90 91
f 64 63 89
f 92 65 64
f 91 92 64
f 74 93 94
f 95 93 74
f 96 75 74
f 74 76 95
f 94 96 74
f 61 97 70
f 70 69 28
f 70 28 61
f 41 98 99
f 99 98 100
f 99 101 41
f 102 101 99
f 100 102 99
f 44 103 98
f 98 103 104
f 98 41 44
f 98 104 100
f 105 106 88
f 88 106 63
f 88 84 105
f 63 47 88
f 101 81 42
f 107 81 101
f 101 42 41
f 102 107 101
f 58 108 109
f 110 108 58
f 111 59 58
f 58 109 111
f 58 60 110
f 112 113 103
f 103 113 114
f 103 44 46
f 103 46 112
f 114 104 103
f 45 42 81
f 115 82 81
f 81 116 115
f 107 116 81
f 117 118 90
f 90 118 119
f 90 89 117
f 119 91 90
f 93 120 121
f 122 120 93
f 123 94 93
f 93 95 122
f 121 123 93
f 124 125 106
f 106 125 89
f 106 105 126
f 89 63 106
f 106 126 124
f 127 128 113
f 113 128 129
f 113 112 127
f 130 114 113
f 129 130 113
f 97 131 132
f 109 131 97
f 132 133 97
f 97 61 59
f 97 59 111
f 111 109 97
f 134 135 136
f 38 135 134
f 134 137 37
f 138 137 134
f 136 139 134
f 134 139 138
f 134 37 38
f 128 140 141
f 142 140 128
f 128 127 142
f 128 141 129
f 143 144 108
f 108 144 145
f 146 143 108
f 147 109 108
f 145 147 108
f 108 110 146
f 148 149 125
f 125 149 117
f 125 124 148
f 117 89 125
f 118 150 151
f 152 150 118
f 118 117 153
f 118 151 119
f 118 153 152
f 154 155 120
f 120 155 156
f 120 157 154
f 122 157 120
f 120 156 121
f 135 158 136
f 159 158 135
f 160 159 135
f 38 160 135
f 140 161 162
f 163 161 140
f 140 162 141
f 140 142 163
f 164 165 158
f 158 165 166
f 167 136 158
f 158 159 168
f 168 164 158
f 166 167 158
f 169 132 131
f 131 109 147
f 170 169 131
f 137 171 78
f 172 171 137
f 137 78 34
f 138 172 137
f 34 37 137
f 149 173 153
f 174 173 149
f 149 148 175
f 153 117 149
f 149 175 174
f 176 177 178
f 178 177 179
f 178 180 181
f 182 180 178
f 178 183 176
f 181 183 178
f 179 182 178
f 177 184 77
f 185 184 177
f 77 55 177
f 177 55 179
f 177 176 186
f 177 186 185
f 171 187 84
f 188 187 171
f 84 78 171
f 171 172 188
f 189 190 150
f 191 189 150
f 150 152 191
f 180 192 181
f 182 192 180
f 184 193 95
f 194 193 184
f 76 77 184
f 95 76 184
f 184 185 194
f 195 196 155
f 155 154 195
f 197 198 165
f 165 198 199
f 165 164 197
f 165 199 166
f 188 200 187
f 187 200 105
f 105 84 187
f 161 201 202
f 202 162 161
f 192 203 204
f 205 203 192
f 192 204 206
f 182 205 192
f 206 181 192
f 207 157 193
f 193 157 122
f 122 95 193
f 193 194 208
f 209 207 193
f 193 208 209
f 210 189 173
f 173 189 191
f 174 210 173
f 152 153 173
f 191 152 173
f 211 212 213
f 213 212 214
f 215 216 213
f 213 216 217
f 217 211 213
f 214 215 213
f 212 218 219
f 114 218 212
f 212 211 104
f 212 104 114
f 219 214 212
f 200 220 126
f 221 220 200
f 200 188 222
f 200 222 221
f 126 105 200
f 203 223 224
f 115 223 203
f 203 82 115
f 83 82 203
f 203 224 204
f 203 205 83
f 225 226 216
f 216 226 217
f 215 225 216
f 227 196 228
f 228 229 227
f 130 230 218
f 218 230 231
f 231 219 218
f 218 114 130
f 190 189 232
f 232 233 190
f 198 234 235
f 133 234 198
f 198 197 236
f 198 236 133
f 198 235 237
f 198 237 199
f 238 154 157
f 207 238 157
f 239 223 226
f 226 223 240
f 225 239 226
f 226 240 217
f 201 241 242
f 242 202 201
f 141 243 230
f 230 243 244
f 230 130 129
f 129 141 230
f 244 231 230
f 245 228 196
f 196 195 245
f 221 246 220
f 220 246 148
f 124 126 220
f 148 124 220
f 247 224 223
f 223 239 247
f 115 116 223
f 223 116 240
f 243 162 248
f 141 162 243
f 248 249 243
f 243 249 244
f 250 195 154
f 154 238 250
f 233 232 251
f 251 252 233
f 234 253 254
f 169 253 234
f 255 235 234
f 234 133 132
f 254 255 234
f 234 132 169
f 241 256 257
f 257 242 241
f 258 259 246
f 246 259 175
f 246 260 258
f 221 260 246
f 175 148 246
f 229 228 261
f 261 262 229
f 162 202 263
f 263 248 162
f 228 245 264
f 264 261 228
f 252 251 265
f 265 266 252
f 267 245 195
f 195 250 267
f 268 210 259
f 259 210 174
f 259 258 269
f 270 268 259
f 259 269 270
f 174 175 259
f 256 271 272
f 272 257 256
f 202 242 273
f 273 263 202
f 274 275 253
f 253 275 276
f 277 254 253
f 276 277 253
f 170 274 253
f 253 169 170
f 278 279 266
f 266 265 278
f 262 261 280
f 280 281 262
f 282 283 284
f 284 285 282
f 282 285 286
f 287 283 279
f 279 278 287
f 242 257 288
f 288 273 242
f 289 290 210
f 210 268 289
f 271 291 292
f 292 272 271
f 293 264 245
f 245 267 293
f 261 264 294
f 294 280 261
f 287 284 283
f 295 296 297
f 297 296 298
f 297 299 139
f 300 299 297
f 297 139 295
f 297 301 300
f 302 301 297
f 298 302 297
f 303 278 265
f 285 284 304
f 285 305 306
f 304 305 285
f 306 286 285
f 275 307 308
f 275 308 276
f 291 309 310
f 310 292 291
f 311 287 278
f 278 303 311
f 312 313 296
f 296 313 314
f 296 295 167
f 167 312 296
f 296 314 298
f 284 287 315
f 284 315 304
f 257 272 316
f 316 288 257
f 317 318 299
f 299 318 319
f 299 172 138
f 319 172 299
f 138 139 299
f 300 317 299
f 311 315 287
f 320 321 322
f 194 321 320
f 320 323 208
f 324 323 320
f 320 322 324
f 208 194 320
f 281 280 325
f 325 326 281
f 186 327 321
f 321 327 328
f 185 186 321
f 321 328 329
f 194 185 321
f 329 322 321
f 330 238 323
f 323 238 207
f 331 330 323
f 323 207 209
f 209 208 323
f 323 324 331
f 332 294 264
f 264 293 332
f 309 333 334
f 334 310 309
f 335 325 280
f 280 294 335
f 183 336 327
f 327 336 337
f 176 183 327
f 327 337 328
f 186 176 327
f 338 250 238
f 330 338 238
f 318 339 340
f 341 339 318
f 318 317 341
f 342 319 318
f 318 340 342
f 333 343 344
f 333 344 334
f 345 346 313
f 313 346 347
f 347 348 313
f 313 348 314
f 313 312 345
f 272 292 349
f 349 316 272
f 307 350 351
f 351 352 307
f 307 352 308
f 336 353 354
f 355 353 336
f 336 183 356
f 336 354 337
f 336 356 355
f 357 267 250
f 338 357 250
f 304 358 305
f 305 358 359
f 360 361 305
f 305 361 306
f 305 362 360
f 359 362 305
f 363 364 219
f 365 364 363
f 231 249 363
f 363 249 366
f 363 219 231
f 366 365 363
f 326 325 367
f 367 368 326
f 364 369 219
f 249 248 370
f 249 231 244
f 249 370 366
f 341 371 339
f 339 371 372
f 372 340 339
f 373 374 375
f 375 374 376
f 375 377 378
f 379 377 375
f 378 373 375
f 376 379 375
f 380 381 382
f 382 381 383
f 382 384 385
f 386 384 382
f 382 385 380
f 382 383 386
f 387 388 374
f 374 388 376
f 373 387 374
f 389 390 381
f 381 390 391
f 381 380 389
f 381 391 392
f 392 383 381
f 369 393 215
f 369 215 214
f 369 214 219
f 248 263 394
f 248 394 370
f 395 396 397
f 398 396 395
f 395 399 400
f 401 399 395
f 397 402 395
f 395 402 401
f 400 403 395
f 395 403 398
f 404 405 406
f 406 405 398
f 406 407 408
f 400 407 406
f 406 408 404
f 406 403 400
f 398 403 406
f 409 410 411
f 411 410 412
f 413 409 411
f 414 413 411
f 411 412 415
f 416 414 411
f 411 415 416
f 417 418 419
f 420 418 417
f 419 421 417
f 417 421 422
f 422 420 417
f 423 424 286
f 286 361 423
f 306 361 286
f 398 425 396
f 396 425 426
f 427 397 396
f 426 427 396
f 428 425 405
f 405 425 398
f 429 428 405
f 405 404 429
f 418 430 431
f 420 430 418
f 431 419 418
f 432 433 413
f 420 433 432
f 432 434 420
f 435 434 432
f 432 413 414
f 432 414 416
f 432 416 435
f 436 437 383
f 438 437 436
f 439 440 436
f 436 440 438
f 392 391 436
f 436 391 439
f 436 383 392
f 437 441 442
f 438 441 437
f 443 444 437
f 437 444 383
f 442 443 437
f 441 440 445
f 438 440 441
f 441 446 379
f 445 446 441
f 441 379 447
f 441 447 442
f 343 368 344
f 448 367 325
f 325 335 448
f 449 335 294
f 294 332 449
f 377 450 451
f 446 450 377
f 451 378 377
f 379 446 377
f 368 367 344
f 292 310 452
f 452 349 292
f 358 315 453
f 304 315 358
f 358 453 359
f 206 454 353
f 455 354 353
f 353 355 206
f 456 293 267
f 267 357 456
f 346 457 458
f 459 457 346
f 346 458 347
f 460 459 346
f 345 460 346
f 393 461 215
f 384 462 463
f 386 462 384
f 463 385 384
f 263 273 464
f 263 464 394
f 389 465 390
f 390 465 466
f 466 391 390
f 399 467 400
f 468 467 399
f 401 468 399
f 407 469 470
f 400 469 407
f 470 408 407
f 471 472 371
f 371 472 473
f 371 341 474
f 474 471 371
f 475 372 371
f 371 473 475
f 476 421 477
f 422 421 476
f 476 477 478
f 476 479 409
f 478 479 476
f 409 433 476
f 476 433 422
f 421 419 480
f 481 477 421
f 421 480 481
f 388 387 482
f 388 482 483
f 388 483 484
f 388 484 485
f 388 485 376
f 444 443 486
f 386 383 444
f 444 487 386
f 486 487 444
f 488 489 443
f 443 489 486
f 442 488 443
f 490 311 303
f 440 491 492
f 439 491 440
f 440 492 445
f 493 431 430
f 430 494 495
f 496 494 430
f 495 493 430
f 430 420 496
f 497 498 434
f 499 498 497
f 497 427 426
f 416 427 497
f 497 426 499
f 497 434 435
f 435 416 497
f 425 428 500
f 501 502 425
f 425 502 426
f 500 501 425
f 428 429 503
f 428 503 504
f 504 500 428
f 315 311 505
f 315 505 453
f 506 507 424
f 424 423 506
f 508 351 350
f 490 505 311
f 461 509 225
f 461 225 215
f 273 288 510
f 510 464 273
f 310 334 511
f 511 452 310
f 512 344 367
f 367 448 512
f 513 423 361
f 361 360 513
f 387 373 514
f 515 482 387
f 387 514 515
f 373 378 514
f 516 517 450
f 450 517 518
f 518 451 450
f 450 446 519
f 450 519 516
f 204 520 454
f 206 204 454
f 521 332 293
f 293 456 521
f 522 523 524
f 524 523 525
f 524 526 527
f 528 526 524
f 524 527 522
f 525 528 524
f 529 530 523
f 523 530 525
f 531 529 523
f 523 522 531
f 532 533 534
f 534 533 535
f 534 536 537
f 535 536 534
f 537 538 534
f 534 538 539
f 540 532 534
f 539 540 534
f 472 541 542
f 543 541 472
f 472 471 543
f 472 542 473
f 380 385 530
f 530 385 525
f 389 380 530
f 530 529 544
f 544 389 530
f 512 334 344
f 545 463 462
f 546 545 462
f 547 546 462
f 462 487 547
f 386 487 462
f 385 463 528
f 385 528 525
f 431 548 419
f 419 548 480
f 548 431 549
f 548 550 551
f 549 550 548
f 552 480 548
f 551 553 548
f 548 553 552
f 554 555 556
f 557 555 554
f 558 559 554
f 554 559 560
f 554 556 558
f 560 557 554
f 561 448 335
f 335 449 561
f 467 562 563
f 564 562 467
f 563 400 467
f 468 564 467
f 469 565 566
f 563 565 469
f 566 470 469
f 469 400 563
f 334 512 511
f 431 493 549
f 550 567 568
f 549 567 550
f 568 551 550
f 555 569 570
f 557 569 555
f 570 556 555
f 457 571 572
f 255 571 457
f 573 458 457
f 457 572 573
f 457 459 235
f 457 235 255
f 477 481 574
f 574 575 477
f 477 575 478
f 576 479 577
f 409 479 576
f 468 410 576
f 576 410 409
f 576 577 564
f 576 564 468
f 465 389 578
f 465 578 579
f 579 580 465
f 465 580 466
f 482 581 483
f 582 581 482
f 515 582 482
f 509 583 225
f 288 316 584
f 584 510 288
f 585 586 489
f 489 586 486
f 489 587 585
f 488 587 489
f 378 451 588
f 589 590 378
f 378 590 514
f 588 589 378
f 491 591 492
f 592 591 491
f 466 593 491
f 491 593 592
f 439 466 491
f 499 594 498
f 498 594 595
f 596 434 498
f 498 597 596
f 595 597 498
f 598 495 494
f 599 598 494
f 494 600 599
f 496 600 494
f 526 601 602
f 603 601 526
f 604 527 526
f 602 604 526
f 528 603 526
f 502 501 605
f 605 594 502
f 502 594 499
f 499 426 502
f 606 607 529
f 529 607 544
f 529 531 606
f 463 545 603
f 463 603 528
f 552 481 480
f 608 609 553
f 553 609 552
f 553 610 611
f 551 610 553
f 553 611 608
f 612 613 559
f 559 613 608
f 559 558 612
f 608 611 559
f 559 611 560
f 544 578 389
f 614 506 423
f 423 513 614
f 569 615 616
f 617 615 569
f 616 570 569
f 569 557 617
f 493 495 618
f 493 618 619
f 493 619 549
f 204 224 520
f 520 224 247
f 620 621 541
f 541 621 269
f 541 622 620
f 543 622 541
f 269 542 541
f 623 449 332
f 332 521 623
f 624 360 362
f 359 625 362
f 362 625 626
f 627 628 362
f 362 628 624
f 626 627 362
f 316 349 629
f 629 584 316
f 630 512 448
f 448 561 630
f 631 605 501
f 632 631 501
f 501 500 504
f 504 632 501
f 581 633 483
f 634 633 581
f 581 635 634
f 636 635 581
f 581 582 636
f 571 637 638
f 277 637 571
f 639 572 571
f 638 639 571
f 571 255 640
f 571 640 277
f 516 641 517
f 517 641 518
f 601 642 602
f 603 642 601
f 633 643 644
f 634 643 633
f 633 644 484
f 484 483 633
f 451 645 646
f 518 645 451
f 451 646 588
f 647 513 360
f 360 648 647
f 624 648 360
f 607 649 650
f 651 649 607
f 607 650 652
f 607 606 651
f 652 544 607
f 545 546 653
f 545 653 654
f 654 603 545
f 655 574 481
f 481 552 655
f 608 656 609
f 609 656 657
f 609 658 655
f 657 658 609
f 655 552 609
f 659 660 613
f 613 660 608
f 613 612 659
f 578 650 579
f 652 650 578
f 578 544 652
f 621 661 268
f 662 661 621
f 621 620 662
f 621 268 270
f 270 269 621
f 663 653 546
f 664 663 546
f 546 547 664
f 665 563 562
f 666 665 562
f 562 564 667
f 667 666 562
f 668 566 565
f 565 669 668
f 666 669 565
f 565 563 665
f 565 665 666
f 453 670 625
f 625 670 671
f 359 453 625
f 671 626 625
f 495 598 672
f 672 673 495
f 495 673 618
f 674 673 675
f 618 673 674
f 676 567 674
f 674 567 618
f 675 677 674
f 674 677 676
f 678 616 615
f 615 679 678
f 680 679 615
f 617 680 615
f 575 574 681
f 575 681 682
f 575 682 478
f 349 452 683
f 683 629 349
f 580 579 684
f 580 684 685
f 580 593 466
f 685 593 580
f 630 511 512
f 585 686 586
f 586 686 687
f 586 688 486
f 687 688 586
f 689 561 449
f 449 623 689
f 592 690 591
f 591 690 691
f 591 692 492
f 691 692 591
f 693 672 598
f 599 693 598
f 594 605 694
f 594 694 595
f 695 696 697
f 697 696 582
f 697 698 699
f 515 698 697
f 697 699 695
f 697 582 515
f 700 522 527
f 527 604 701
f 527 702 700
f 701 702 527
f 700 531 522
f 703 704 705
f 706 704 703
f 707 708 703
f 703 708 709
f 705 707 703
f 703 710 711
f 709 710 703
f 703 711 706
f 712 713 696
f 696 713 636
f 696 695 712
f 636 582 696
f 661 714 289
f 715 714 661
f 289 268 661
f 661 662 715
f 716 717 718
f 718 717 719
f 718 720 721
f 722 720 718
f 721 723 718
f 718 723 716
f 718 719 722
f 717 724 700
f 716 724 717
f 700 702 717
f 717 702 719
f 704 725 726
f 727 725 704
f 726 705 704
f 728 727 704
f 729 728 704
f 704 706 729
f 670 505 730
f 453 505 670
f 670 730 671
f 637 352 731
f 276 352 637
f 731 638 637
f 637 277 276
f 605 631 732
f 732 694 605
f 733 614 513
f 513 647 733
f 408 734 404
f 735 734 408
f 470 735 408
f 736 737 734
f 734 737 738
f 738 404 734
f 734 735 739
f 739 736 734
f 698 590 740
f 514 590 698
f 740 699 698
f 515 514 698
f 570 737 556
f 556 737 736
f 739 558 556
f 556 736 739
f 737 570 741
f 737 741 742
f 737 742 738
f 742 429 404
f 738 742 404
f 570 616 741
f 743 744 745
f 746 744 743
f 747 748 743
f 743 748 749
f 743 745 747
f 749 750 743
f 743 750 746
f 452 511 751
f 751 683 452
f 708 752 753
f 754 752 708
f 708 707 754
f 708 753 709
f 755 756 744
f 744 756 757
f 744 758 745
f 757 758 744
f 746 755 744
f 604 602 759
f 759 701 604
f 760 606 531
f 531 700 760
f 720 761 762
f 722 761 720
f 762 721 720
f 642 763 764
f 603 763 642
f 765 602 642
f 766 765 642
f 764 766 642
f 724 767 768
f 769 767 724
f 724 768 760
f 760 700 724
f 724 716 769
f 770 764 763
f 763 603 654
f 771 770 763
f 763 654 771
f 772 773 714
f 714 715 772
f 725 774 775
f 776 774 725
f 725 775 726
f 727 776 725
f 777 732 631
f 778 777 631
f 631 632 778
f 779 730 505
f 735 470 780
f 735 780 781
f 781 739 735
f 566 780 470
f 782 456 357
f 357 338 783
f 783 782 357
f 653 663 784
f 653 784 770
f 653 770 771
f 771 654 653
f 785 681 574
f 574 786 785
f 658 786 574
f 655 658 574
f 608 660 656
f 656 660 787
f 656 787 788
f 656 788 657
f 659 789 660
f 660 789 787
f 781 612 558
f 558 739 781
f 790 650 649
f 649 651 791
f 791 792 649
f 649 792 790
f 747 793 748
f 748 793 794
f 748 795 749
f 794 795 748
f 796 579 650
f 790 796 650
f 797 635 713
f 713 635 636
f 798 797 713
f 712 798 713
f 645 799 646
f 518 799 645
f 800 741 616
f 616 678 800
f 741 800 801
f 741 801 742
f 802 503 429
f 742 803 429
f 429 803 804
f 429 804 802
f 805 630 561
f 561 689 805
f 806 521 456
f 782 806 456
f 807 808 756
f 756 808 809
f 810 807 756
f 756 809 757
f 811 810 756
f 755 811 756
f 338 330 812
f 813 783 338
f 812 813 338
f 796 684 579
f 814 815 816
f 816 815 778
f 817 814 816
f 816 632 504
f 778 632 816
f 816 504 817
f 818 819 773
f 772 818 773
f 673 672 820
f 673 820 821
f 673 822 675
f 821 822 673
f 823 678 679
f 824 823 679
f 677 824 679
f 679 680 677
f 672 693 820
f 352 351 825
f 352 825 826
f 352 826 731
f 276 308 352
f 641 827 828
f 829 827 641
f 641 828 518
f 516 829 641
f 511 630 751
f 752 830 831
f 832 830 752
f 752 831 833
f 833 753 752
f 754 832 752
f 602 765 834
f 834 759 602
f 590 589 835
f 835 740 590
f 836 623 521
f 521 806 836
f 837 838 839
f 839 838 726
f 839 840 841
f 775 840 839
f 841 837 839
f 726 775 839
f 838 842 707
f 843 842 838
f 838 837 843
f 838 707 705
f 838 705 726
f 761 844 845
f 846 844 761
f 759 847 761
f 761 847 846
f 722 759 761
f 845 762 761
f 848 651 606
f 849 848 606
f 606 760 849
f 330 850 851
f 331 850 330
f 330 851 812
f 648 628 852
f 624 628 648
f 853 647 648
f 648 852 853
f 767 854 768
f 855 854 767
f 767 856 857
f 769 856 767
f 857 858 767
f 767 858 855
f 780 566 859
f 780 859 860
f 780 860 781
f 668 859 566
f 781 659 612
f 861 784 663
f 862 861 663
f 664 862 663
f 863 864 865
f 865 864 667
f 866 863 865
f 564 577 865
f 865 577 866
f 667 564 865
f 867 668 669
f 669 868 867
f 666 868 669
f 869 870 774
f 774 870 775
f 871 869 774
f 776 872 774
f 774 872 871
f 873 874 793
f 793 874 875
f 721 876 793
f 793 876 877
f 747 721 793
f 793 877 873
f 793 875 794
f 681 785 878
f 878 879 681
f 681 879 880
f 881 682 681
f 880 881 681
f 840 870 882
f 775 870 840
f 840 882 841
f 883 800 678
f 678 823 883
f 883 801 800
f 801 883 884
f 801 884 885
f 885 742 801
f 808 886 809
f 887 886 808
f 888 889 808
f 808 889 887
f 808 807 888
f 890 891 842
f 842 891 754
f 843 890 842
f 754 707 842
f 892 893 686
f 686 893 687
f 894 892 686
f 686 585 894
f 684 796 895
f 895 896 684
f 684 896 897
f 684 898 685
f 897 898 684
f 630 805 751
f 351 508 899
f 351 899 825
f 900 901 690
f 690 901 691
f 690 593 898
f 592 593 690
f 898 900 690
f 902 689 623
f 623 836 902
f 903 820 693
f 904 903 693
f 599 904 693
f 694 732 905
f 694 905 906
f 694 907 595
f 906 907 694
f 628 627 908
f 909 852 628
f 908 909 628
f 322 910 850
f 324 322 850
f 331 324 850
f 464 510 911
f 912 394 464
f 464 911 912
f 643 913 914
f 915 913 643
f 643 914 916
f 643 916 917
f 918 915 643
f 917 644 643
f 919 918 643
f 635 919 643
f 634 635 643
f 503 920 921
f 802 920 503
f 921 922 503
f 503 922 923
f 817 504 503
f 923 817 503
f 510 584 924
f 510 924 911
f 925 926 394
f 394 926 370
f 394 912 925
f 927 928 929
f 712 928 927
f 930 931 927
f 927 931 798
f 927 932 930
f 929 932 927
f 927 798 712
f 830 933 934
f 935 933 830
f 830 934 936
f 830 936 937
f 937 831 830
f 832 935 830
f 815 814 938
f 938 939 815
f 815 939 778
f 508 940 941
f 508 941 899
f 732 777 942
f 942 905 732
f 765 766 943
f 765 943 834
f 870 869 944
f 870 944 945
f 946 882 870
f 947 946 870
f 945 947 870
f 766 764 948
f 949 943 766
f 766 948 949
f 699 950 928
f 928 950 951
f 695 699 928
f 928 951 929
f 712 695 928
f 952 948 764
f 953 952 764
f 954 953 764
f 764 770 954
f 844 955 956
f 846 955 844
f 877 876 844
f 844 876 845
f 956 877 844
f 584 629 957
f 957 924 584
f 848 791 651
f 926 958 370
f 959 958 926
f 926 925 960
f 926 960 959
f 784 861 961
f 784 961 953
f 784 953 954
f 954 770 784
f 962 963 891
f 891 963 832
f 890 962 891
f 891 832 754
f 878 785 786
f 964 878 786
f 786 658 788
f 788 964 786
f 789 659 965
f 789 965 966
f 789 966 967
f 789 967 787
f 859 668 968
f 859 969 860
f 968 969 859
f 668 867 968
f 970 848 854
f 854 848 768
f 971 970 854
f 855 971 854
f 792 791 972
f 972 973 792
f 792 973 974
f 974 790 792
f 860 965 659
f 781 860 659
f 588 975 589
f 589 975 835
f 874 976 977
f 873 976 874
f 874 977 875
f 626 978 627
f 627 978 979
f 979 908 627
f 974 895 796
f 796 790 974
f 980 944 869
f 869 871 981
f 869 981 980
f 777 939 982
f 778 939 777
f 982 942 777
f 983 883 823
f 823 824 984
f 823 984 983
f 985 884 883
f 883 983 985
f 814 986 938
f 987 986 814
f 814 817 923
f 923 987 814
f 799 988 989
f 828 988 799
f 990 646 799
f 799 989 990
f 518 828 799
f 991 992 886
f 886 992 993
f 994 809 886
f 995 991 886
f 886 993 994
f 887 995 886
f 884 996 997
f 985 996 884
f 997 885 884
f 998 824 677
f 999 824 998
f 822 1000 998
f 998 1000 999
f 998 677 822
f 820 903 1001
f 820 1001 821
f 1002 984 824
f 999 1002 824
f 1003 805 689
f 689 902 1003
f 329 1004 910
f 910 322 329
f 629 683 1005
f 1005 957 629
f 958 365 366
f 366 370 958
f 959 1006 958
f 944 913 945
f 1007 913 944
f 980 1007 944
f 1008 1009 950
f 950 1009 536
f 699 1008 950
f 950 536 951
f 841 882 1010
f 1010 882 1011
f 1010 1012 841
f 1013 1012 1010
f 1010 1011 1014
f 1014 1013 1010
f 852 909 1015
f 1016 1017 827
f 827 1017 1018
f 829 1016 827
f 827 1018 828
f 978 730 1019
f 671 730 978
f 978 1019 1020
f 978 1020 979
f 978 626 671
f 946 1021 882
f 882 1021 1011
f 933 1022 934
f 1023 1022 933
f 935 1023 933
f 683 751 1024
f 1024 1005 683
f 1025 1026 931
f 931 1026 797
f 1027 1025 931
f 930 1028 931
f 931 1028 1027
f 931 797 798
f 1029 1030 963
f 963 1030 935
f 963 962 1029
f 963 935 832
f 1012 1031 837
f 1032 1031 1012
f 1012 837 841
f 1013 1032 1012
f 943 949 1033
f 1033 1034 943
f 943 1034 834
f 986 1035 938
f 1036 1035 986
f 986 1037 1038
f 987 1037 986
f 986 1038 1036
f 1039 1040 955
f 955 1040 956
f 955 847 1041
f 846 847 955
f 1041 1039 955
f 863 1042 864
f 864 1042 1043
f 1043 667 864
f 1044 867 868
f 1045 1044 868
f 1046 1045 868
f 666 1046 868
f 1047 836 806
f 806 782 1048
f 1048 1047 806
f 1049 961 861
f 1050 1049 861
f 861 862 1050
f 1024 751 805
f 805 1003 1024
f 1051 972 791
f 791 848 970
f 791 970 1051
f 1052 1053 969
f 969 1053 1054
f 1054 860 969
f 968 1052 969
f 867 1044 968
f 1055 1056 1026
f 1026 1056 918
f 1057 1055 1026
f 1026 1025 1057
f 1026 918 919
f 1026 919 797
f 1021 946 947
f 1021 947 1058
f 1021 1059 1011
f 1058 1059 1021
f 879 878 1060
f 1060 1061 879
f 879 1061 880
f 328 1062 1004
f 329 328 1004
f 1063 982 939
f 939 1035 1063
f 938 1035 939
f 1064 966 965
f 1065 1064 965
f 965 860 1054
f 965 1054 1065
f 1066 902 836
f 836 1047 1066
f 893 892 1067
f 893 1067 1050
f 1050 862 893
f 893 862 664
f 893 664 687
f 1068 1067 892
f 1069 1068 892
f 892 894 1069
f 976 1070 1071
f 1072 1070 976
f 976 1071 977
f 976 873 1072
f 896 895 1073
f 896 1073 1074
f 1074 1075 896
f 896 1075 897
f 782 783 1076
f 1076 1048 782
f 730 779 1077
f 730 1077 1019
f 1078 983 984
f 984 1002 1078
f 992 991 1079
f 1080 993 992
f 992 1079 1081
f 1082 1080 992
f 1081 1082 992
f 1083 1084 1085
f 1085 1084 1086
f 1085 1087 1088
f 1089 1087 1085
f 1085 1090 1091
f 1088 1090 1085
f 1091 1083 1085
f 1085 1086 1089
f 985 1092 996
f 996 1092 1093
f 1093 997 996
f 1031 1094 843
f 843 837 1031
f 1032 1095 1031
f 1096 914 913
f 1097 1096 913
f 913 915 947
f 913 947 945
f 1098 1097 913
f 913 1007 1098
f 914 1096 1099
f 914 1099 1069
f 1069 916 914
f 1100 903 1101
f 1101 903 904
f 1102 1100 1101
f 1101 904 1103
f 1104 1102 1101
f 1103 1104 1101
f 905 942 1105
f 905 1105 1106
f 1106 906 905
f 1100 1001 903
f 983 1078 1107
f 983 1107 985
f 1008 1108 1009
f 1009 1108 536
f 1109 949 948
f 1110 1111 948
f 948 1111 1109
f 952 1110 948
f 646 1112 975
f 588 646 975
f 1113 1114 1084
f 1084 1114 1115
f 1084 1083 1113
f 1115 1086 1084
f 961 1049 1116
f 1116 1110 961
f 961 1110 952
f 961 952 953
f 1117 1118 964
f 1119 1118 1117
f 1117 787 1120
f 788 787 1117
f 1117 964 788
f 1120 1119 1117
f 1121 1060 878
f 878 964 1121
f 966 1064 1122
f 966 1122 1123
f 1123 967 966
f 1124 1003 902
f 902 1066 1124
f 973 972 1125
f 1125 1126 973
f 973 1126 974
f 942 982 1127
f 1128 1105 942
f 1127 1128 942
f 1129 1073 895
f 974 1129 895
f 783 813 1130
f 1130 1076 783
f 1131 1132 1000
f 1000 1132 1133
f 1000 822 821
f 1133 999 1000
f 821 1131 1000
f 1134 1078 1002
f 1002 1135 1134
f 999 1135 1002
f 1001 1100 1136
f 1001 1136 1131
f 1001 1131 821
f 779 1137 1077
f 1138 1139 1030
f 1030 1139 1023
f 1029 1138 1030
f 1030 1023 935
f 1140 1141 1142
f 1143 1141 1140
f 1140 1142 1090
f 1088 1143 1140
f 1140 1090 1088
f 1018 1144 988
f 988 1144 1145
f 1146 989 988
f 1145 1146 988
f 828 1018 988
f 909 1147 1148
f 908 1147 909
f 909 1149 1015
f 1148 1149 909
f 982 1063 1150
f 982 1150 1127
f 1022 1151 1152
f 1023 1151 1022
f 1022 1152 934
f 1153 1063 1035
f 1154 1153 1035
f 1036 1154 1035
f 1155 1156 1157
f 1157 1156 1011
f 1059 1158 1157
f 1157 1158 1159
f 1159 1155 1157
f 1011 1059 1157
f 1094 962 890
f 1094 890 843
f 1160 1161 920
f 920 1161 1162
f 920 1163 1164
f 1165 1163 920
f 1164 921 920
f 920 804 1160
f 802 804 920
f 1162 1165 920
f 949 1109 1166
f 1166 1033 949
f 1167 1168 1169
f 1170 1168 1167
f 1169 1171 1167
f 1167 1171 1115
f 1167 1114 1170
f 1115 1114 1167
f 1039 1172 1040
f 1040 1172 1173
f 1174 956 1040
f 1040 1173 1174
f 1175 1176 1156
f 1156 1176 1013
f 1155 1175 1156
f 1014 1011 1156
f 1156 1013 1014
f 1177 1178 1053
f 1053 1178 1179
f 1052 1177 1053
f 1065 1054 1053
f 1179 1065 1053
f 1044 1045 1180
f 1044 1180 1052
f 1044 1052 968
f 1181 1125 972
f 1051 1181 972
f 1003 1124 1182
f 1182 1024 1003
f 1161 1183 1184
f 1185 1183 1161
f 1184 1186 1161
f 1161 1186 1162
f 1187 1185 1161
f 1160 1187 1161
f 1188 1122 1064
f 1179 1188 1064
f 1064 1065 1179
f 1189 1190 1191
f 1191 1190 1192
f 1191 970 971
f 1051 970 1191
f 1191 971 1189
f 1192 1051 1191
f 1147 1193 1194
f 979 1193 1147
f 1194 1148 1147
f 1147 908 979
f 1028 1195 1196
f 1196 1197 1198
f 1027 1028 1196
f 1199 1027 1196
f 1198 1199 1196
f 1200 1066 1047
f 1047 1048 1201
f 1201 1200 1047
f 1070 1202 1203
f 1204 1202 1070
f 1070 1203 1205
f 1205 1071 1070
f 1072 1204 1070
f 1206 1207 1141
f 1141 1207 1208
f 1208 1142 1141
f 1143 1206 1141
f 924 957 1209
f 1210 911 924
f 924 1209 1210
f 1082 1211 1212
f 1212 1211 1213
f 1212 1214 1215
f 1213 1214 1212
f 1212 1080 1082
f 1215 1080 1212
f 1216 1107 1078
f 1078 1134 1216
f 1217 1130 813
f 1066 1200 1218
f 1218 1124 1066
f 1219 1220 1092
f 1092 1220 1221
f 985 1219 1092
f 1092 1221 1093
f 957 1005 1222
f 1222 1209 957
f 1223 1099 1096
f 1224 1223 1096
f 1096 1097 1224
f 1225 1226 1017
f 1017 1226 1227
f 1017 1016 1225
f 1227 1018 1017
f 1228 1229 1176
f 1176 1229 1013
f 1176 1175 1228
f 1107 1216 1230
f 1107 1230 1231
f 1107 1231 1219
f 1107 1219 985
f 1232 912 911
f 911 1210 1232
f 1233 1234 1108
f 1108 1234 538
f 1235 1233 1108
f 1008 1235 1108
f 537 536 1108
f 1108 538 537
f 1236 1201 1048
f 1048 1076 1236
f 1063 1153 1237
f 1237 1150 1063
f 1238 1239 1240
f 1241 1238 1240
f 1240 1242 1241
f 1055 1158 1056
f 1056 1158 1059
f 1056 915 918
f 1058 915 1056
f 1056 1059 1058
f 1243 1244 1195
f 1195 1028 1245
f 1245 1243 1195
f 1246 1247 1183
f 1183 1247 1184
f 1248 1246 1183
f 1185 1248 1183
f 819 818 1249
f 1249 1250 819
f 1251 1252 1207
f 1207 1252 1253
f 1207 1206 1254
f 1253 1208 1207
f 1207 1254 1251
f 458 1255 1168
f 1168 1255 1256
f 1257 458 1168
f 1168 348 1257
f 1170 348 1168
f 1256 1169 1168
f 1005 1024 1182
f 1182 1222 1005
f 1020 1258 1193
f 1193 1258 1259
f 979 1020 1193
f 1193 1259 1194
f 1042 1260 1261
f 1262 1260 1042
f 1042 863 1262
f 1042 1261 1263
f 1263 1043 1042
f 1264 1180 1045
f 1265 1264 1045
f 1045 1046 1266
f 1266 1265 1045
f 1267 1116 1049
f 1268 1267 1049
f 1049 1050 1268
f 1061 1060 1269
f 1269 1270 1061
f 1061 1270 1271
f 1061 1271 880
f 989 1272 1112
f 1112 646 990
f 990 989 1112
f 1273 925 912
f 912 1232 1273
f 1200 1201 1037
f 922 1218 1200
f 1037 922 1200
f 1158 1274 1275
f 1276 1274 1158
f 1158 1275 1159
f 1158 1055 1276
f 1277 1278 1139
f 1139 1278 1023
f 1138 1277 1139
f 1067 1068 1279
f 1067 1279 1280
f 1067 1280 1268
f 1268 1050 1067
f 1281 1279 1068
f 1282 1281 1068
f 1068 1069 1282
f 1124 1218 1283
f 1283 1182 1124
f 1111 1110 1284
f 1285 1109 1111
f 1111 1284 1285
f 1110 1116 1286
f 1286 1284 1110
f 1073 1129 1287
f 1073 1287 1288
f 1073 1288 1074
f 818 1289 1290
f 772 1289 818
f 1290 1291 818
f 818 1291 1249
f 1251 1292 1252
f 1252 1292 622
f 622 1253 1252
f 1201 1236 1293
f 1038 1037 1201
f 1201 1293 1038
f 1294 1295 1244
f 1244 1243 1294
f 1296 1286 1116
f 1116 1267 1296
f 1099 1223 1297
f 1099 1297 1282
f 1282 1069 1099
f 1298 1269 1060
f 1121 1298 1060
f 1118 1299 1298
f 1119 1299 1118
f 1121 964 1118
f 1118 1298 1121
f 1122 1188 1300
f 1122 1300 1301
f 1122 1301 1123
f 1302 1303 1304
f 1304 1303 1305
f 1304 901 900
f 1306 901 1304
f 1304 900 1288
f 1304 1288 1302
f 1305 1306 1304
f 1229 1307 1032
f 1308 1307 1229
f 1229 1032 1013
f 1228 1308 1229
f 1126 1125 1309
f 1126 1309 1310
f 1126 1310 1311
f 1126 1311 1312
f 1126 1312 974
f 1313 1136 1100
f 1102 1313 1100
f 1314 1315 1104
f 1316 1315 1314
f 1314 1317 1106
f 1103 1317 1314
f 1314 1104 1103
f 1106 1316 1314
f 1105 1128 1318
f 1105 1318 1316
f 1105 1316 1106
f 1319 1320 1151
f 1151 1320 1321
f 1023 1319 1151
f 1321 1152 1151
f 1163 1283 1218
f 1218 922 921
f 1164 1163 1218
f 1218 921 1164
f 1322 1236 1076
f 1076 1130 1322
f 1238 1323 1239
f 1289 1324 1325
f 715 1324 1289
f 1289 1325 1290
f 772 715 1289
f 1326 1324 1292
f 1292 1324 662
f 1292 1251 1327
f 1292 1327 1326
f 620 622 1292
f 662 620 1292
f 1129 1328 1287
f 1329 1328 1129
f 1312 1329 1129
f 974 1312 1129
f 1330 1237 1153
f 1331 1330 1153
f 1153 1154 1332
f 1153 1332 1331
f 1324 1326 1325
f 715 662 1324
f 1109 1285 1166
f 1333 899 941
f 1334 1335 1255
f 1255 1335 1336
f 1255 458 1334
f 1255 1336 1337
f 1255 1337 1256
f 1338 1134 1135
f 1339 1338 1135
f 1135 999 1133
f 1133 1339 1135
f 1313 1340 1136
f 1136 1340 1341
f 1341 1131 1136
f 1338 1216 1134
f 1342 1343 1172
f 1172 1343 1344
f 1172 1039 1342
f 1172 1344 1173
f 1345 1346 1247
f 1247 1346 1347
f 1247 1246 1348
f 1347 1184 1247
f 1348 1345 1247
f 1349 1318 1128
f 1350 1349 1128
f 1127 1350 1128
f 1351 1188 1178
f 1178 1188 1179
f 1177 1351 1178
f 1180 1264 1352
f 1180 1352 1177
f 1180 1177 1052
f 1077 1353 1258
f 1258 1353 1354
f 1019 1077 1258
f 1020 1019 1258
f 1258 1354 1259
f 1355 1309 1125
f 1125 1181 1355
f 1356 960 925
f 925 1273 1356
f 1188 1351 1357
f 1357 1300 1188
f 1358 1359 1190
f 1190 1359 1360
f 1189 1358 1190
f 1190 1360 1361
f 1361 1192 1190
f 1202 1362 1363
f 1364 1362 1202
f 1202 1365 1203
f 1363 1365 1202
f 1202 1204 1364
f 1227 1366 1144
f 1144 1366 1145
f 1144 1018 1227
f 1236 1322 1367
f 1368 1293 1236
f 1367 1368 1236
f 1211 1369 1370
f 1371 1369 1211
f 1211 1370 1213
f 1211 1082 1372
f 1372 1371 1211
f 1373 1230 1216
f 1338 1373 1216
f 1374 1297 1223
f 1365 1374 1223
f 1224 1365 1223
f 1231 1375 1220
f 1220 1375 1376
f 1219 1231 1220
f 1220 1376 1377
f 1377 1221 1220
f 1378 1379 1323
f 1323 1379 1380
f 1381 1378 1323
f 1238 1381 1323
f 1150 1237 1382
f 1150 1382 1350
f 1150 1350 1127
f 1383 825 899
f 899 1333 1383
f 1335 1384 1385
f 639 1384 1335
f 1335 1385 1386
f 1335 1334 572
f 1335 1386 1336
f 1335 572 639
f 1230 1373 1387
f 1230 1387 1231
f 1388 1389 1295
f 1294 1388 1295
f 1390 1391 1234
f 1234 1391 538
f 1392 1390 1234
f 1307 1393 1394
f 1395 1393 1307
f 1307 1394 1095
f 1307 1095 1032
f 1308 1395 1307
f 1396 826 825
f 1383 1396 825
f 1384 826 1397
f 638 826 1384
f 1398 1385 1384
f 1397 1398 1384
f 1384 639 638
f 1399 1397 826
f 826 638 731
f 1396 1399 826
f 1209 1222 1400
f 1401 1210 1209
f 1209 1400 1401
f 1402 1403 1278
f 1278 1403 1319
f 1277 1402 1278
f 1278 1319 1023
f 1404 1405 960
f 960 1405 1006
f 960 1356 1404
f 960 1006 959
f 1379 1406 1407
f 1408 1406 1379
f 1379 1378 1409
f 1379 1407 1410
f 1409 1408 1379
f 1410 1380 1379
f 1411 1322 1130
f 1130 1217 1411
f 1353 1137 1412
f 1077 1137 1353
f 1353 1412 1354
f 1222 1182 1413
f 1413 1400 1222
f 1197 1414 1415
f 1197 1274 1276
f 1415 1274 1197
f 1197 1276 1198
f 1237 1330 1416
f 1416 1382 1237
f 1417 1232 1210
f 1210 1401 1417
f 1418 1419 1346
f 1346 1419 1420
f 1346 1345 1421
f 1346 1421 1418
f 1346 1420 1422
f 1422 1347 1346
f 1423 1366 1226
f 1226 1366 1227
f 1424 1423 1226
f 1425 1424 1226
f 1226 1225 1425
f 1320 1403 1426
f 1319 1403 1320
f 1320 1426 1427
f 1428 1321 1320
f 1320 1429 1428
f 1427 1429 1320
f 1145 1430 1272
f 1272 989 1146
f 1272 1146 1145
f 1431 1285 1284
f 1284 1286 1432
f 1432 1431 1284
f 1322 1411 1433
f 1331 1332 1322
f 1322 1332 1367
f 1433 1331 1322
f 1285 1431 1434
f 1285 1434 1166
f 1182 1283 1413
f 1286 1296 1435
f 1436 1432 1286
f 1435 1436 1286
f 1414 1437 1438
f 1438 1439 1414
f 1414 1439 1415
f 1260 1440 1261
f 1441 1440 1260
f 1262 1442 1260
f 1260 1442 1441
f 1443 1352 1264
f 1265 1443 1264
f 1444 1296 1267
f 1280 1444 1267
f 1268 1280 1267
f 1343 1445 1344
f 1446 1445 1343
f 1343 1342 1434
f 1343 1434 1447
f 1343 1447 1446
f 1444 1435 1296
f 1443 1448 1352
f 1352 1448 1449
f 1352 1449 1177
f 1450 1357 1351
f 1449 1451 1351
f 1351 1451 1450
f 1177 1449 1351
f 1270 1269 1452
f 1270 1452 1453
f 1270 1453 1454
f 1270 1454 1455
f 1455 1271 1270
f 1456 1310 1309
f 1355 1456 1309
f 1232 1417 1457
f 1457 1273 1232
f 1299 1458 1459
f 1460 1458 1299
f 1459 1461 1299
f 1299 1461 1298
f 1299 1119 1460
f 1298 1452 1269
f 1300 1357 1462
f 1300 1462 1301
f 1310 1456 1463
f 1310 1463 1311
f 1357 1464 1462
f 1450 1464 1357
f 1279 1281 1465
f 1279 1465 1466
f 1279 1466 1280
f 1406 1467 1407
f 1406 1408 1468
f 1359 1469 1470
f 1471 1469 1359
f 1359 1358 1370
f 1470 1360 1359
f 1359 1370 1471
f 1472 1465 1281
f 1281 1282 1472
f 1473 1416 1330
f 1474 1473 1330
f 1330 1331 1433
f 1330 1433 1474
f 1362 1475 1363
f 1476 1475 1362
f 1362 1477 1476
f 1364 1477 1362
f 1478 1287 1328
f 1328 1479 1478
f 1329 1479 1328
f 1287 1478 1480
f 1287 1481 1288
f 1480 1481 1287
f 1437 1482 1483
f 1483 1438 1437
f 1484 1401 1400
f 1413 1283 1400
f 1400 1283 1485
f 1400 1485 1484
f 1297 1374 1486
f 1297 1486 1472
f 1472 1282 1297
f 1393 1487 1488
f 1489 1487 1393
f 1393 1488 1394
f 1393 1395 1489
f 1490 1389 1491
f 1491 1492 1490
f 1374 1493 1486
f 1363 1493 1374
f 1374 1365 1363
f 1369 1494 1370
f 1495 1494 1369
f 1496 1495 1369
f 1497 1496 1369
f 1371 1497 1369
f 1373 1338 1498
f 1499 1387 1373
f 1498 1499 1373
f 1500 1501 1303
f 1303 1501 1502
f 1302 1500 1303
f 1502 1305 1303
f 1503 1504 1405
f 1405 1504 1505
f 1404 1503 1405
f 1405 1505 1006
f 1506 1491 1389
f 1389 1388 1506
f 1340 1313 1507
f 1340 1507 1508
f 1340 1508 1341
f 1508 1509 1510
f 1510 1509 1511
f 1133 1132 1510
f 1510 1132 1341
f 1511 1512 1510
f 1510 1512 1513
f 1341 1508 1510
f 1513 1133 1510
f 1339 1498 1338
f 1514 1417 1401
f 1401 1484 1515
f 1401 1515 1516
f 1401 1516 1514
f 1375 1387 1517
f 1231 1387 1375
f 1517 1518 1375
f 1375 1518 1519
f 1519 1376 1375
f 1520 1507 1313
f 1521 1520 1313
f 1522 1521 1313
f 1102 1522 1313
f 1523 1524 1315
f 1315 1524 1525
f 1316 1523 1315
f 1315 1525 1104
f 1318 1349 1526
f 1318 1526 1316
f 1387 1499 1517
f 1283 1163 1485
f 1349 1382 1527
f 1350 1382 1349
f 1527 1526 1349
f 1366 1423 1528
f 1366 1528 1529
f 1366 1529 1530
f 1366 1530 1145
f 1531 1426 1403
f 1402 1531 1403
f 1532 1533 1419
f 1419 1533 1534
f 1419 1418 1532
f 1535 1420 1419
f 1534 1535 1419
f 1536 1457 1417
f 1417 1514 1536
f 1537 1411 1217
f 1391 1538 1539
f 1540 1538 1391
f 1391 1390 1540
f 1391 1539 1541
f 1541 538 1391
f 1273 1457 1542
f 1542 1356 1273
f 1482 1543 1483
f 1382 1416 1544
f 1544 1527 1382
f 1426 1531 1545
f 1426 1545 1546
f 1547 1427 1426
f 1426 1546 1547
f 1250 1548 1549
f 1249 1548 1250
f 1549 1550 1250
f 1504 1551 1552
f 1553 1551 1504
f 1504 1552 1505
f 1504 1503 1553
f 1431 1432 1554
f 1431 1554 1555
f 1431 1555 1447
f 1447 1434 1431
f 1411 1537 1556
f 1474 1433 1411
f 1557 1474 1411
f 1411 1556 1557
f 1445 1558 1559
f 1446 1558 1445
f 1445 1559 1476
f 1476 1344 1445
f 1560 1561 1451
f 1451 1561 1562
f 1451 1449 1563
f 1451 1563 1560
f 1451 1562 1450
f 1448 1443 1564
f 1564 1565 1448
f 1448 1565 1560
f 1563 1449 1448
f 1560 1563 1448
f 1566 1463 1456
f 1567 1566 1456
f 1456 1355 1567
f 1568 1569 1487
f 1487 1569 1488
f 1489 1568 1487
f 1416 1473 1570
f 1570 1544 1416
f 1571 1462 1464
f 1464 1572 1571
f 1562 1572 1464
f 1450 1562 1464
f 1530 1529 1430
f 1145 1530 1430
f 1475 1573 1574
f 1476 1573 1475
f 1574 1363 1475
f 1575 1542 1457
f 1576 1575 1457
f 1536 1576 1457
f 1432 1436 1577
f 1577 1554 1432
f 1578 1528 1423
f 1579 1578 1423
f 1423 1424 1579
f 1436 1435 1580
f 1581 1577 1436
f 1436 1580 1581
f 1582 1569 1583
f 1583 1569 1584
f 1584 1585 1583
f 1586 1486 1493
f 1493 1587 1586
f 1574 1587 1493
f 1493 1363 1574
f 1494 1588 1589
f 1590 1588 1494
f 1589 1370 1494
f 1591 1590 1494
f 1495 1591 1494
f 1592 1517 1499
f 1499 1498 1593
f 1593 1592 1499
f 1435 1444 1594
f 1594 1580 1435
f 1518 1517 1595
f 1518 1595 1596
f 1597 1598 1518
f 1518 1598 1519
f 1596 1597 1518
f 1543 1599 1600
f 1600 1601 1543
f 1543 1601 1483
f 1492 1491 1602
f 1517 1592 1603
f 1603 1595 1517
f 1463 1604 1311
f 1605 1604 1463
f 1463 1566 1606
f 1463 1606 1605
f 1607 1453 1452
f 1452 1608 1607
f 1609 1608 1452
f 1298 1461 1452
f 1452 1461 1609
f 1458 1462 1571
f 1301 1462 1458
f 1458 1571 1610
f 1460 1301 1458
f 1458 1610 1459
f 1356 1542 1611
f 1611 1612 1356
f 1356 1612 1404
f 1613 1479 1604
f 1604 1479 1329
f 1605 1613 1604
f 1329 1311 1604
f 540 1602 1491
f 1491 532 540
f 1506 532 1491
f 1614 1478 1479
f 1479 1613 1614
f 1615 1261 1440
f 1616 1615 1440
f 1441 1617 1440
f 1440 1617 1616
f 1618 1564 1443
f 1443 1265 1618
f 1466 1594 1444
f 1280 1466 1444
f 1619 1570 1473
f 1556 1619 1473
f 1473 1474 1557
f 1557 1556 1473
f 1453 1607 1454
f 1548 1291 1549
f 1249 1291 1548
f 1620 1545 1531
f 1621 1620 1531
f 1531 1402 1621
f 1507 1520 1622
f 1622 1623 1507
f 1507 1623 1624
f 1507 1509 1508
f 1624 1509 1507
f 1498 1625 1593
f 1626 1625 1498
f 1339 1626 1498
f 1533 1627 1628
f 1629 1627 1533
f 1533 1628 1630
f 1533 1630 1534
f 1532 1629 1533
f 1631 1632 1465
f 1465 1632 1466
f 1633 1631 1465
f 1465 1472 1633
f 1478 1614 1634
f 1478 1634 1480
f 1486 1586 1633
f 1633 1472 1486
f 1551 1635 1636
f 1637 1635 1551
f 1551 1636 1638
f 1639 1637 1551
f 1551 1638 1552
f 1553 1639 1551
f 1500 1640 1501
f 1501 1640 1641
f 1501 1641 1642
f 1501 1642 1502
f 1643 1622 1520
f 1520 1521 1643
f 1525 1524 1644
f 1644 1524 1645
f 1644 1521 1525
f 1643 1521 1644
f 1644 1645 1643
f 1526 1527 1646
f 1526 1646 1647
f 1526 1523 1316
f 1647 1523 1526
f 1545 1620 1648
f 1545 1648 1649
f 1545 1649 1650
f 1545 1650 1546
f 1651 1652 1538
f 1538 1652 1539
f 1653 1651 1538
f 1538 1540 1653
f 1527 1544 1654
f 1654 1646 1527
f 1628 1611 1542
f 1542 1575 1630
f 1630 1628 1542
f 1554 1577 1655
f 1554 1655 1555
f 1656 1657 1658
f 1658 1657 1333
f 1659 1660 1658
f 1658 1660 1656
f 1661 1529 1528
f 1528 1578 1661
f 1558 1662 1559
f 1663 1662 1558
f 1558 1555 1663
f 1447 1555 1558
f 1446 1447 1558
f 1664 1665 1569
f 1569 1665 1584
f 1569 1568 1666
f 1569 1666 1664
f 1582 1488 1569
f 1560 1667 1561
f 1561 1667 1562
f 1565 1564 1668
f 1668 1669 1565
f 1565 1669 1560
f 1670 1606 1566
f 1671 1670 1566
f 1566 1672 1671
f 1567 1672 1566
f 1673 1571 1572
f 1572 1674 1673
f 1562 1674 1572
f 1291 1675 1676
f 1290 1675 1291
f 1291 1676 1549
f 1677 1678 1679
f 1680 1678 1677
f 1679 1681 1677
f 1677 1681 1672
f 1672 1682 1677
f 1677 1682 1683
f 1677 1470 1680
f 1683 1470 1677
f 1599 1684 1685
f 1599 1685 1600
f 1559 1686 1573
f 1573 1686 1687
f 1476 1559 1573
f 1573 1687 1688
f 1573 1688 1574
f 1689 1690 1585
f 1584 1689 1585
f 1544 1570 1691
f 1692 1654 1544
f 1691 1692 1544
f 1693 1586 1587
f 1587 1694 1693
f 1688 1694 1587
f 1574 1688 1587
f 1612 1611 1695
f 1696 1697 1612
f 1612 1697 1404
f 1612 1695 1696
f 1698 1699 1588
f 1588 1699 1700
f 1700 1589 1588
f 1588 1590 1698
f 1701 1603 1592
f 1592 1593 1702
f 1702 1701 1592
f 1537 1703 1704
f 1704 1556 1537
f 1595 1603 1705
f 1595 1705 1706
f 1595 1706 1596
f 1603 1701 1707
f 1707 1705 1603
f 1635 1708 1709
f 1710 1708 1635
f 1635 1709 1636
f 1637 1710 1635
f 1711 1655 1577
f 1712 1711 1577
f 1581 1712 1577
f 1529 1661 1713
f 1714 1648 1620
f 1715 1714 1620
f 1621 1715 1620
f 1580 1594 1716
f 1716 1712 1580
f 1580 1712 1581
f 1675 1717 1718
f 1325 1717 1675
f 1675 1718 1719
f 1719 1676 1675
f 1290 1325 1675
f 1570 1619 1720
f 1720 1691 1570
f 1606 1670 1721
f 1606 1721 1605
f 1722 1614 1613
f 1723 1722 1613
f 1605 1723 1613
f 1627 1724 1725
f 1726 1724 1627
f 1727 1628 1627
f 1627 1629 1726
f 1627 1725 1727
f 1728 1607 1608
f 1608 1729 1728
f 1730 1729 1608
f 1608 1609 1730
f 1610 1731 1732
f 1732 1731 1733
f 1459 1610 1732
f 1732 1461 1459
f 1609 1461 1732
f 1732 1734 1609
f 1733 1734 1732
f 1571 1673 1735
f 1735 1610 1571
f 1736 1661 1578
f 1737 1736 1578
f 1738 1737 1578
f 1578 1579 1738
f 1722 1634 1614
f 1739 1740 1602
f 1602 540 1739
f 1741 1742 1743
f 1743 1742 1206
f 1743 1744 1741
f 1206 1745 1743
f 1743 1745 1746
f 1747 1748 1657
f 1657 1748 1396
f 1749 1747 1657
f 1656 1749 1657
f 1657 1396 1383
f 1383 1333 1657
f 1648 1714 1750
f 1648 1750 1751
f 1752 1649 1648
f 1648 1751 1752
f 1623 1622 1753
f 1753 1754 1623
f 1623 1754 1624
f 1702 1593 1625
f 1755 1702 1625
f 1625 1512 1756
f 1626 1512 1625
f 1757 1755 1625
f 1625 1756 1757
f 1655 1711 1758
f 1655 1758 1759
f 1759 1555 1655
f 1760 1668 1564
f 1618 1760 1564
f 1761 1716 1594
f 1762 1761 1594
f 1594 1466 1762
f 1725 1695 1611
f 1611 1628 1727
f 1727 1725 1611
f 1717 1763 1764
f 1327 1763 1717
f 1717 1764 1765
f 1717 1765 1718
f 1326 1327 1717
f 1325 1326 1717
f 1766 1767 1662
f 1662 1767 1768
f 1768 1559 1662
f 1662 1663 1769
f 1769 1766 1662
f 1664 1770 1665
f 1665 1770 1584
f 1619 1771 1720
f 1704 1703 1619
f 1619 1556 1704
f 1607 1728 1772
f 1607 1773 1454
f 1772 1773 1607
f 1774 1721 1670
f 1775 1774 1670
f 1670 1671 1775
f 1776 1777 1667
f 1667 1777 1778
f 1779 1776 1667
f 1667 1560 1779
f 1667 1778 1562
f 1780 1781 1669
f 1669 1781 1776
f 1669 1668 1780
f 1669 1776 1779
f 1779 1560 1669
f 1632 1631 1782
f 1632 1782 1783
f 1762 1466 1632
f 1783 1762 1632
f 1784 1785 1742
f 1742 1785 1254
f 1741 1784 1742
f 1254 1206 1742
f 1786 1782 1631
f 1633 1786 1631
f 1678 1787 1788
f 1789 1787 1678
f 1680 1790 1678
f 1678 1790 1791
f 1791 1792 1678
f 1678 1792 1789
f 1788 1679 1678
f 1793 1673 1674
f 1674 1794 1793
f 1795 1794 1674
f 1562 1778 1674
f 1674 1778 1795
f 1634 1722 1796
f 1634 1796 1797
f 1634 1797 1798
f 1634 1798 1480
f 1799 1800 1801
f 1802 1803 1801
f 1801 1803 1799
f 1586 1693 1786
f 1586 1786 1633
f 1708 1804 1381
f 1805 1804 1708
f 1708 1381 1709
f 1710 1805 1708
f 1768 1806 1686
f 1686 1806 1807
f 1686 1559 1768
f 1686 1807 1687
f 1808 1809 1690
f 1689 1808 1690
f 1763 1785 1764
f 1251 1785 1763
f 1327 1251 1763
f 1684 1810 1811
f 1812 1810 1684
f 1811 1685 1684
f 1785 1813 1764
f 1784 1813 1785
f 1251 1254 1785
f 1694 1814 1815
f 1687 1814 1694
f 1815 1693 1694
f 1688 1687 1694
f 1640 1816 1817
f 1818 1816 1640
f 1640 1500 1819
f 1817 1641 1640
f 1640 1819 1818
f 1820 1707 1701
f 1821 1820 1701
f 1701 1702 1821
f 1699 1822 1823
f 1824 1822 1699
f 1699 1823 1700
f 1699 1698 1824
f 1825 1826 1645
f 1827 1826 1825
f 1825 1524 1523
f 1645 1524 1825
f 1825 1523 1647
f 1647 1827 1825
f 1646 1654 1828
f 1646 1828 1827
f 1646 1827 1647
f 1643 1753 1622
f 1705 1707 1829
f 1705 1829 1830
f 1705 1830 1706
f 1831 1832 1652
f 1652 1832 1833
f 1651 1834 1652
f 1652 1834 1831
f 1835 1539 1652
f 1833 1835 1652
f 1697 1836 1503
f 1837 1836 1697
f 1697 1503 1404
f 1696 1837 1697
f 1707 1820 1838
f 1838 1829 1707
f 1654 1692 1839
f 1840 1828 1654
f 1839 1840 1654
f 1661 1736 1841
f 1661 1842 1713
f 1843 1842 1661
f 1661 1841 1843
f 1844 1845 1748
f 1748 1845 1399
f 1846 1844 1748
f 1747 1846 1748
f 1748 1399 1396
f 1847 1750 1714
f 1714 1715 1848
f 1848 1847 1714
f 1800 1849 1850
f 1851 1849 1800
f 1799 1851 1800
f 1549 1852 1550
f 1853 1854 1804
f 1804 1854 1381
f 1805 1853 1804
f 1711 1712 1855
f 1856 1758 1711
f 1855 1856 1711
f 1692 1691 1857
f 1857 1839 1692
f 1712 1716 1858
f 1858 1855 1712
f 1856 1859 1758
f 1758 1859 1860
f 1860 1759 1758
f 1726 1861 1724
f 1724 1861 1862
f 1863 1725 1724
f 1724 1864 1863
f 1862 1864 1724
f 1716 1761 1858
f 1865 1866 1767
f 1767 1866 1867
f 1766 1865 1767
f 1867 1768 1767
f 1721 1774 1868
f 1721 1868 1869
f 1721 1723 1605
f 1869 1723 1721
f 1774 1870 1871
f 1775 1870 1774
f 1871 1868 1774
f 1872 1873 1777
f 1777 1873 1795
f 1776 1872 1777
f 1795 1778 1777
f 1874 1875 1781
f 1781 1875 1872
f 1781 1780 1874
f 1781 1872 1776
f 1787 1876 1877
f 1789 1876 1787
f 1787 1877 1878
f 1878 1788 1787
f 1879 1796 1722
f 1722 1880 1879
f 1723 1880 1722
f 1881 1728 1729
f 1882 1881 1729
f 1730 1882 1729
f 1731 1610 1735
f 1731 1883 1733
f 1884 1883 1731
f 1731 1735 1884
f 1673 1793 1884
f 1884 1735 1673
f 1794 1873 1885
f 1795 1873 1794
f 1794 1885 1886
f 1886 1793 1794
f 1887 1888 1845
f 1845 1888 1398
f 1889 1887 1845
f 1845 1398 1397
f 1844 1889 1845
f 1845 1397 1399
f 1770 1890 1891
f 1892 1890 1770
f 1664 1893 1770
f 1770 1893 1892
f 1770 1891 1689
f 1770 1689 1584
f 1806 1894 1807
f 1867 1894 1806
f 1806 1768 1867
f 1808 1895 1809
f 1814 1896 1897
f 1807 1896 1814
f 1897 1815 1814
f 1687 1807 1814
f 1898 1838 1820
f 1821 1898 1820
f 1822 1899 1900
f 1901 1899 1822
f 1900 1792 1822
f 1822 1792 1823
f 1822 1902 1903
f 1824 1902 1822
f 1903 1901 1822
f 1849 1904 1905
f 1336 1904 1849
f 1849 1905 1850
f 1849 1851 1337
f 1337 1336 1849
f 1829 1838 1906
f 1906 1907 1829
f 1829 1907 1908
f 1909 1830 1829
f 1908 1909 1829
f 1695 1910 1837
f 1695 1837 1696
f 1754 1753 1911
f 1911 1912 1754
f 1754 1912 1913
f 1914 1624 1754
f 1913 1914 1754
f 1915 1916 1624
f 1757 1916 1915
f 1913 1917 1915
f 1915 1917 1918
f 1915 1624 1914
f 1915 1914 1913
f 1918 1757 1915
f 1702 1919 1821
f 1755 1919 1702
f 1736 1920 1841
f 1921 1920 1736
f 1736 1737 1922
f 1922 1921 1736
f 1838 1898 1906
f 1854 1923 1378
f 1924 1923 1854
f 1854 1378 1381
f 1854 1853 1924
f 1720 1925 1691
f 1691 1925 1857
f 1926 1904 1888
f 1888 1904 1386
f 1927 1926 1888
f 1386 1385 1888
f 1888 1385 1398
f 1887 1927 1888
f 1904 1926 1905
f 1336 1386 1904
f 1928 1929 1740
f 1739 1928 1740
f 1810 1930 1931
f 1810 1931 1811
f 1836 1932 1639
f 1933 1932 1836
f 1836 1639 1553
f 1553 1503 1836
f 1836 1837 1933
f 1934 1858 1761
f 1935 1934 1761
f 1761 1762 1935
f 1936 1937 1938
f 1939 1937 1936
f 1616 1617 1936
f 1936 1617 1939
f 1938 1940 1936
f 1936 1940 1616
f 1941 1780 1668
f 1760 1941 1668
f 1409 1378 1923
f 1728 1881 1942
f 1728 1942 1943
f 1943 1772 1728
f 1859 1856 1944
f 1944 1945 1859
f 1859 1945 1946
f 1946 1860 1859
f 1782 1947 1783
f 1948 1947 1782
f 1949 1948 1782
f 1786 1949 1782
f 1796 1879 1950
f 1796 1950 1797
f 1946 1951 1952
f 1952 1951 1865
f 1953 1946 1952
f 1952 1865 1766
f 1952 1766 1769
f 1952 1769 1953
f 1870 1954 1955
f 1956 1954 1870
f 1955 1871 1870
f 1775 1956 1870
f 1693 1815 1949
f 1693 1949 1786
f 1900 1957 1876
f 1876 1957 1958
f 1789 1900 1876
f 1876 1959 1877
f 1958 1959 1876
f 1960 1925 1771
f 1771 1925 1720
f 1961 1885 1873
f 1873 1962 1961
f 1872 1962 1873
f 1963 1962 1875
f 1875 1962 1872
f 1874 1963 1875
f 1964 1965 1832
f 1832 1965 1966
f 1832 1831 1964
f 1966 1833 1832
f 1816 1967 1968
f 1969 1967 1816
f 1816 1968 1817
f 1818 1969 1816
f 1961 1970 1885
f 1885 1970 1971
f 1971 1886 1885
f 1972 1973 1826
f 1826 1973 1974
f 1827 1972 1826
f 1826 1974 1645
f 1828 1840 1975
f 1975 1976 1828
f 1828 1976 1827
f 1977 1911 1753
f 1753 1974 1977
f 1643 1974 1753
f 1676 1978 1852
f 1549 1676 1852
f 1866 1979 1894
f 1894 1979 1980
f 1867 1866 1894
f 1894 1980 1981
f 1981 1807 1894
f 1982 1906 1898
f 1898 1821 1983
f 1983 1982 1898
f 1984 1985 1750
f 1750 1985 1986
f 1750 1847 1984
f 1986 1751 1750
f 1907 1906 1987
f 1987 1988 1907
f 1907 1988 1989
f 1907 1989 1908
f 1899 1990 1991
f 1992 1990 1899
f 1991 1900 1899
f 1899 1901 1992
f 1856 1855 1944
f 1906 1982 1987
f 1890 1993 1891
f 1994 1993 1890
f 1995 1994 1890
f 1892 1995 1890
f 1855 1858 1996
f 1997 1944 1855
f 1996 1997 1855
f 1840 1839 1998
f 1998 1975 1840
f 1999 2000 1861
f 1861 2000 1862
f 1706 2001 1861
f 1861 2001 1999
f 1861 2002 1706
f 1726 2002 1861
f 1858 1934 1996
f 1868 1871 1869
f 2003 1879 1880
f 2004 2003 1880
f 1880 1723 1869
f 1869 2004 1880
f 2005 2006 1945
f 1945 2006 2007
f 1945 1944 2005
f 2007 1946 1945
f 2008 1950 1879
f 1879 2003 2008
f 1954 2009 2010
f 2011 2009 1954
f 2010 1955 1954
f 2012 2011 1954
f 1954 1956 2012
f 2013 2014 1951
f 1951 2014 2015
f 1951 1946 2007
f 1951 2007 2013
f 2015 1865 1951
f 2016 1942 1881
f 2017 2016 1881
f 1882 2017 1881
f 2018 2017 2019
f 2019 2017 1882
f 1883 2020 2019
f 2019 2020 2018
f 2019 1734 1733
f 1882 1734 2019
f 1733 1883 2019
f 1793 1886 1884
f 1991 2021 1957
f 1957 2021 2022
f 1957 1900 1991
f 1957 2022 1958
f 1962 1963 2023
f 2024 1961 1962
f 2023 2024 1962
f 1963 1874 2025
f 1963 2025 2026
f 2026 2027 1963
f 1963 2027 2028
f 1963 2028 2023
f 1970 1961 2029
f 1970 2029 2030
f 1970 2030 2031
f 2031 1971 1970
f 1961 2024 2029
f 2032 1998 1839
f 2033 2032 1839
f 1857 2033 1839
f 2034 2035 1979
f 1979 2035 2036
f 1979 1866 2015
f 2036 1980 1979
f 1979 2015 2034
f 1912 1911 2037
f 2037 2038 1912
f 1912 2038 2039
f 1912 2039 1913
f 1983 1821 1919
f 2040 1983 1919
f 1919 1755 1918
f 1919 2041 2040
f 1918 2041 1919
f 1988 1987 2042
f 2042 2043 1988
f 1988 2043 2044
f 2044 1989 1988
f 2045 1987 1982
f 2046 2045 1982
f 1982 1983 2046
f 2047 2009 2006
f 2006 2009 2011
f 2006 2005 2047
f 2048 2007 2006
f 2006 2011 2048
f 1990 2021 1991
f 2049 2021 1990
f 1990 2050 2049
f 1992 2050 1990
f 2009 2047 2010
f 1660 2051 1749
f 1660 1749 1656
f 1987 2045 2042
f 2013 2052 2014
f 2014 2052 2022
f 2053 2015 2014
f 2014 2022 2053
f 2052 2013 2054
f 2052 2054 1959
f 2052 1959 1958
f 1958 2022 2052
f 1910 2055 1837
f 2043 2029 2024
f 2023 2043 2024
f 2045 2030 2029
f 2029 2043 2042
f 2042 2045 2029
f 2030 2045 2056
f 2056 2031 2030
f 2043 2023 2044
f 1932 2057 1710
f 2058 2057 1932
f 1932 1710 1637
f 1932 1637 1639
f 1933 2058 1932
f 2045 2046 2056
f 1896 2059 2060
f 1980 2059 1896
f 2060 1897 1896
f 1981 1980 1896
f 1896 1807 1981
f 2035 2021 2061
f 2034 2021 2035
f 2035 2061 2036
f 2053 2022 2021
f 2034 2053 2021
f 2021 2049 2061
f 1930 2062 2063
f 2063 1931 1930
f 1993 2064 2065
f 2066 2064 1993
f 2065 2067 1993
f 1993 2067 1891
f 1993 1994 2066
f 1719 2068 1978
f 1978 1676 1719
f 2069 1996 1934
f 2070 2069 1934
f 1934 1935 2070
f 1925 2071 2033
f 2072 2071 1925
f 1925 1960 2072
f 1925 2033 1857
f 1937 2073 1938
f 2074 2073 1937
f 1937 1939 2075
f 2075 2076 1937
f 1937 2076 2074
f 2077 1874 1780
f 1780 1941 2077
f 1944 1997 2078
f 2078 2005 1944
f 1997 1996 2079
f 2079 2078 1997
f 1942 2016 2080
f 1942 2080 2081
f 2081 1943 1942
f 2059 2082 2083
f 2084 2082 2059
f 2083 2060 2059
f 1980 2084 2059
f 1950 2008 2085
f 1950 2085 2086
f 2087 1797 1950
f 1950 2086 2087
f 1871 1955 2004
f 1871 2004 1869
f 2069 2079 1996
f 1947 2088 2089
f 2090 2088 1947
f 1947 2091 1783
f 2089 2091 1947
f 1948 2090 1947
f 2092 2008 2003
f 2003 2093 2092
f 2004 2093 2003
f 1815 1897 1948
f 1815 1948 1949
f 2094 2095 1965
f 1965 2095 2096
f 1964 2094 1965
f 1965 2096 2097
f 2097 1966 1965
f 2008 2092 2098
f 2098 2085 2008
f 2099 2100 2000
f 1999 2099 2000
f 2000 1864 1862
f 2101 2037 1911
f 1911 1977 2101
f 2102 2103 1973
f 1973 2103 1977
f 1973 1972 2102
f 1977 1974 1973
f 1976 1975 2104
f 1976 2104 2105
f 2105 1972 1976
f 1976 1972 1827
f 1967 2106 2107
f 1969 2106 1967
f 2108 1968 1967
f 2107 2108 1967
f 2109 2110 1929
f 1928 2109 1929
f 2111 2112 2082
f 2082 2112 2113
f 2114 2083 2082
f 2082 2084 2115
f 2082 2116 2114
f 2113 2116 2082
f 2117 2111 2082
f 2115 2117 2082
f 2016 2017 2118
f 2016 2118 2080
f 2119 2118 2017
f 2017 2120 2119
f 2018 2120 2017
f 1886 1971 2121
f 1886 2121 2122
f 1886 2122 1884
f 2123 2124 1920
f 1920 2124 1841
f 1920 2125 2123
f 2126 2125 1920
f 2127 2126 1920
f 1920 1921 2127
f 2112 1985 2128
f 2111 1985 2112
f 2112 2128 2129
f 2129 2113 2112
f 2037 2130 2038
f 2038 2130 2039
f 2131 2046 1983
f 1983 2040 2131
f 1975 1998 2132
f 2132 2104 1975
f 2124 2133 1842
f 2134 2133 2124
f 2124 2123 2134
f 2124 1842 1843
f 1843 1841 2124
f 2005 2078 2135
f 2135 2047 2005
f 1765 2136 2068
f 1718 1765 2068
f 1719 1718 2068
f 2078 2079 2137
f 2137 2135 2078
f 1955 2010 2138
f 1955 2138 2004
f 2139 2140 1998
f 1998 2140 2132
f 2032 2139 1998
f 2141 2142 2057
f 2057 2142 1805
f 2058 2141 2057
f 2057 1805 1710
f 2143 2092 2093
f 2138 2143 2093
f 2004 2138 2093
f 2079 2069 2144
f 2144 2137 2079
f 2092 2143 2145
f 2092 2145 2146
f 2146 2098 2092
f 2051 2147 1846
f 2051 1846 1747
f 2051 1747 1749
f 2148 2149 2150
f 2150 2151 2148
f 2152 2151 2150
f 2065 2064 2150
f 2150 2064 2066
f 2066 2152 2150
f 2055 2153 2058
f 2055 2058 1933
f 1933 1837 2055
f 2154 2080 2118
f 2118 2155 2154
f 2119 2155 2118
f 1971 2031 2156
f 2156 2121 1971
f 2062 2157 2158
f 2158 2063 2062
f 2135 2010 2047
f 2130 2037 2159
f 2130 2160 2161
f 2162 2160 2130
f 2130 2161 2163
f 2130 2159 2162
f 2163 2039 2130
f 2164 2041 2165
f 2131 2041 2164
f 2164 2165 2166
f 2164 2167 2168
f 2166 2167 2164
f 2168 2131 2164
f 2131 2056 2046
f 2010 2135 2143
f 2010 2143 2138
f 2169 2144 2069
f 2069 2070 2169
f 2137 2143 2135
f 2143 2137 2145
f 2170 2171 2073
f 2073 2171 2172
f 2073 2173 2170
f 2074 2173 2073
f 2172 1938 2073
f 2174 2025 1874
f 2175 2174 1874
f 2077 2175 1874
f 2176 2177 2100
f 2100 2099 2176
f 2146 2145 2137
f 2137 2144 2178
f 2137 2178 2146
f 2080 2154 2179
f 2179 2180 2080
f 2080 2180 2081
f 2085 2098 2086
f 2088 2181 2089
f 2182 2181 2088
f 2090 2182 2088
f 2183 2184 2185
f 2186 2187 2183
f 2188 2186 2183
f 2183 2185 2188
f 1897 2060 2090
f 1897 2090 1948
f 2189 2159 2037
f 2101 2189 2037
f 2190 2191 2103
f 2103 2191 2189
f 2103 2102 2192
f 2192 2190 2103
f 2101 1977 2103
f 2103 2189 2101
f 2193 2194 2104
f 2104 2194 2105
f 2132 2193 2104
f 2106 2195 2196
f 2197 2195 2106
f 2106 2198 2197
f 1969 2198 2106
f 2106 2196 2107
f 1764 2199 2136
f 1765 1764 2136
f 2161 2160 2155
f 2155 2160 2162
f 2200 2161 2155
f 2201 2154 2155
f 2162 2201 2155
f 2119 2200 2155
f 2031 2056 2168
f 2168 2156 2031
f 2202 2161 2200
f 2166 2161 2202
f 2202 2200 2119
f 2119 2120 2202
f 2202 2120 2203
f 2203 2167 2202
f 2202 2167 2166
f 2166 2165 2161
f 2161 2165 2163
f 2056 2131 2168
f 2071 2204 2032
f 2072 2204 2071
f 2071 2032 2033
f 2142 2205 1853
f 2206 2205 2142
f 2142 1853 1805
f 2141 2206 2142
f 1764 2207 2199
f 2208 2209 2177
f 2177 2176 2208
f 1764 1813 2207
f 2207 1813 1784
f 2210 2211 2140
f 2140 2211 2132
f 2139 2210 2140
f 2212 2178 2144
f 2144 2169 2213
f 2213 2212 2144
f 2214 2215 2095
f 2095 2215 2216
f 2217 2218 2095
f 2095 2218 2214
f 2094 2217 2095
f 2216 2096 2095
f 2098 2146 2219
f 2098 2219 2086
f 2149 2220 2221
f 2222 2220 2149
f 2149 2148 2223
f 2223 2224 2149
f 2149 2224 2222
f 2225 2226 2171
f 2171 2226 2174
f 2227 2225 2171
f 2171 2174 2175
f 2171 2175 2172
f 2171 2170 2227
f 2025 2174 2228
f 2025 2229 2026
f 2228 2229 2025
f 2230 2231 2110
f 2110 2109 2230
f 2232 2233 2173
f 2173 2233 2234
f 2235 2232 2173
f 2173 2076 2235
f 2074 2076 2173
f 2234 2170 2173
f 2154 2201 2236
f 2236 2179 2154
f 2237 2238 2181
f 2181 2238 2213
f 2239 2237 2181
f 2213 2089 2181
f 2182 2239 2181
f 2060 2083 2240
f 2060 2240 2239
f 2060 2239 2182
f 2060 2182 2090
f 2147 2241 1889
f 2147 1889 1844
f 2147 1844 1846
f 2242 2162 2159
f 2159 2191 2242
f 2189 2191 2159
f 2243 2244 2245
f 2245 2244 2190
f 2246 2243 2245
f 2102 2105 2245
f 2245 2105 2247
f 2192 2102 2245
f 2247 2246 2245
f 2245 2190 2192
f 2194 2193 2248
f 2194 2248 2246
f 2247 2105 2194
f 2194 2246 2247
f 2195 2249 2196
f 2250 2249 2195
f 2197 2250 2195
f 2251 2083 2125
f 2125 2083 2252
f 2126 2251 2125
f 2125 2252 2253
f 2253 2123 2125
f 2254 2255 2256
f 2256 2255 2257
f 2258 2027 2256
f 2256 2027 2254
f 2257 2259 2256
f 2256 2259 2260
f 2260 2258 2256
f 2157 2261 2262
f 2263 2261 2157
f 2262 2264 2157
f 2157 2264 2158
f 2265 2266 2209
f 2209 2208 2265
f 2153 2267 2141
f 2268 2267 2153
f 2153 2141 2058
f 2269 2268 2153
f 2270 2248 2193
f 2271 2270 2193
f 2272 2271 2193
f 2193 2132 2272
f 2212 2146 2178
f 2273 2219 2146
f 2146 2212 2273
f 2266 2258 2260
f 2274 2258 2266
f 2266 2265 2274
f 2206 2275 2205
f 2226 2225 2276
f 2226 2276 2277
f 2228 2174 2226
f 2226 2277 2228
f 2201 2162 2278
f 2201 2278 2236
f 2233 2232 2279
f 2233 2279 2243
f 2280 2234 2233
f 2233 2243 2281
f 2233 2281 2280
f 2237 2249 2238
f 2238 2249 2250
f 2273 2282 2238
f 2238 2282 2213
f 2238 2250 2273
f 2225 2248 2270
f 2227 2248 2225
f 2225 2270 2276
f 2162 2242 2278
f 2242 2191 2244
f 2244 2191 2190
f 2243 2279 2244
f 2244 2279 2278
f 2278 2242 2244
f 2248 2227 2280
f 2281 2246 2248
f 2280 2281 2248
f 2237 2240 2249
f 2249 2240 2283
f 2283 2196 2249
f 2083 2284 2285
f 2114 2284 2083
f 2083 2251 2286
f 2286 2240 2083
f 2285 2252 2083
f 2271 2276 2270
f 2211 2276 2271
f 2287 2276 2211
f 2211 2271 2272
f 2210 2288 2211
f 2211 2288 2287
f 2272 2132 2211
f 2204 2289 2139
f 2290 2289 2204
f 2204 2139 2032
f 2204 2291 2290
f 2072 2291 2204
f 2184 2292 2185
f 2241 2293 1927
f 2241 1927 1887
f 2241 1887 1889
f 2294 2277 2276
f 2287 2294 2276
f 2261 2295 2296
f 2297 2295 2261
f 2298 2262 2261
f 2261 2296 2298
f 2263 2297 2261
f 2267 2299 2206
f 2300 2299 2267
f 2267 2206 2141
f 2268 2300 2267
f 2293 1905 2301
f 2301 1927 2293
f 2289 2302 2210
f 2303 2302 2289
f 2289 2210 2139
f 2290 2303 2289
f 2304 2305 2231
f 2231 2230 2304
f 2288 2302 2306
f 2306 2302 2307
f 2308 2229 2306
f 2306 2229 2294
f 2306 2309 2308
f 2307 2309 2306
f 2294 2288 2306
f 2295 2310 2296
f 2311 2310 2295
f 2295 2297 2312
f 2295 2312 2311
f 2220 2313 2221
f 2222 2314 2220
f 2302 2288 2210
f 2303 2315 2302
f 2302 2315 2307
f 2316 2215 2317
f 2317 2215 2318
f 2319 2316 2317
f 2317 2314 2319
f 2320 2321 2310
f 2310 2321 2322
f 2322 2296 2310
f 2311 2320 2310
f 2323 2324 2325
f 2325 2324 2326
f 2325 2187 2186
f 2327 2187 2325
f 2325 2186 2323
f 2325 2328 2329
f 2330 2328 2325
f 2325 2329 2327
f 2326 2330 2325
f 2321 2187 2327
f 2331 2187 2321
f 2321 2327 2332
f 2320 2331 2321
f 2321 2332 2322
f 2299 2333 2275
f 2334 2333 2299
f 2299 2275 2206
f 2300 2334 2299
f 2254 2309 2255
f 2255 2335 2336
f 2255 2336 2257
f 2337 2338 2305
f 2305 2339 2340
f 2304 2339 2305
f 2305 2340 2337
f 2333 2341 2275
f 2334 2341 2333
f 2342 2341 2343
f 2343 2341 2344
f 2344 2345 2343
f 2343 2346 2342
f 2342 2275 2341
f 2334 2347 2341
f 2341 2347 2348
f 2348 2344 2341
f 2349 2350 2351
f 2352 2350 2349
f 2349 2351 2337
f 2353 2352 2349
f 2349 2340 2354
f 2337 2340 2349
f 2349 2354 2353
f 2355 2356 2324
f 2324 2356 2357
f 2323 2355 2324
f 2324 2357 2358
f 2324 2358 2359
f 2359 2326 2324
f 2360 2361 2350
f 2350 2361 2362
f 2363 2351 2350
f 2350 2352 2364
f 2364 2360 2350
f 2350 2362 2363
f 2356 2365 2361
f 2361 2365 2366
f 2357 2356 2361
f 2361 2366 2362
f 2367 2357 2361
f 2360 2367 2361
f 1506 1388 533
f 533 1388 535
f 533 532 1506
f 922 1037 923
f 1511 1509 1916
f 1916 1509 1624
f 1756 1512 1916
f 1916 1512 1511
f 1757 1756 1916
f 2368 1651 1653
f 2369 1940 1941
f 1941 1940 2370
f 1760 2369 1941
f 1941 2370 2077
f 1317 907 906
f 1103 907 1317
f 1317 906 1106
f 80 31 26
f 87 31 80
f 1471 1790 1469
f 1469 1790 1680
f 1680 1470 1469
f 657 788 658
f 247 239 583
f 583 239 225
f 1834 2371 1831
f 319 188 172
f 876 721 762
f 876 762 845
f 2372 2148 2151
f 2373 2374 2151
f 2151 2374 2372
f 2151 2152 2375
f 2375 2373 2151
f 1790 1823 1791
f 1700 1823 1790
f 1790 1471 1700
f 723 721 747
f 758 716 723
f 745 758 723
f 747 745 723
f 2376 2377 2223
f 2378 2377 2376
f 2376 2379 2328
f 2372 2379 2376
f 2376 2328 2378
f 2376 2223 2372
f 391 466 439
f 1439 1275 1274
f 1415 1439 1274
f 1046 666 1043
f 1046 2380 1266
f 1043 2380 1046
f 2027 2026 2254
f 2027 2258 2028
f 479 682 577
f 478 682 479
f 2020 2122 2121
f 2381 2020 2121
f 2121 2203 2381
f 2156 2203 2121
f 139 136 295
f 1802 2382 1803
f 1803 2382 1086
f 1803 1171 1799
f 1086 1171 1803
f 1306 2383 901
f 901 2383 2384
f 901 2384 691
f 167 295 136
f 1972 2105 2102
f 2385 2111 2050
f 1986 2111 2385
f 1901 2386 2385
f 2385 2386 1986
f 2385 2050 1992
f 1992 1901 2385
f 2387 557 610
f 610 557 560
f 560 611 610
f 610 551 568
f 610 568 2387
f 402 397 412
f 412 410 402
f 402 410 401
f 397 427 412
f 1235 1008 740
f 1235 740 835
f 904 597 2388
f 599 597 904
f 904 2388 1103
f 2389 434 596
f 496 434 2389
f 596 597 2389
f 2389 597 599
f 599 600 2389
f 2389 600 496
f 680 617 676
f 676 677 680
f 834 1041 847
f 847 759 834
f 849 768 848
f 2345 2390 2336
f 2344 2390 2345
f 2336 2335 2345
f 2345 2391 2392
f 2347 2393 2394
f 2394 2259 2395
f 2395 2347 2394
f 1358 1189 2396
f 1213 1370 1358
f 1358 2396 1213
f 458 1257 347
f 573 1334 458
f 1083 300 301
f 301 302 1114
f 301 1114 1113
f 1113 1083 301
f 2390 2259 2257
f 2395 2259 2390
f 2257 2336 2390
f 2390 2344 2395
f 1120 787 967
f 967 1123 1120
f 863 866 2397
f 2397 1262 863
f 1643 1645 1974
f 347 1257 348
f 1170 314 348
f 587 644 917
f 484 644 587
f 917 585 587
f 587 488 485
f 485 484 587
f 1165 1485 1163
f 1039 1041 1033
f 1166 1342 1039
f 1039 1033 1166
f 2398 2399 2400
f 2400 2399 1600
f 2400 1685 2398
f 1600 1685 2400
f 1460 1123 1301
f 1481 2401 1302
f 1480 2401 1481
f 1302 1288 1481
f 1442 1262 2402
f 1442 2402 2403
f 2403 1441 1442
f 1261 2404 2380
f 2405 2404 1261
f 1261 1615 2405
f 1261 2380 1263
f 1964 1831 2371
f 2406 1964 2371
f 2334 2407 2393
f 2393 2347 2334
f 2404 1265 2380
f 2405 1265 2404
f 2372 2223 2148
f 567 617 568
f 676 617 567
f 619 618 567
f 549 619 567
f 181 356 183
f 354 455 2408
f 1062 337 354
f 2408 1062 354
f 2369 2405 1615
f 2409 2369 1615
f 1615 1616 2409
f 1617 1773 1939
f 2410 1773 1617
f 1617 1441 2410
f 2411 1917 2039
f 2039 1917 1913
f 2039 2165 2411
f 2163 2165 2039
f 1835 2412 1539
f 1539 2412 2413
f 2413 1541 1539
f 1940 1938 2370
f 1940 2369 2409
f 2409 1616 1940
f 1788 2414 1681
f 1681 2414 1671
f 1681 1679 1788
f 1671 1672 1681
f 1878 2415 2414
f 2414 2415 2416
f 2414 1788 1878
f 2414 2416 1775
f 1775 1671 2414
f 2001 1830 2417
f 1706 1830 2001
f 2417 2099 2001
f 2001 2099 1999
f 1555 1759 1663
f 2418 1939 1772
f 2075 1939 2418
f 2418 1772 1943
f 2418 2180 2076
f 2081 2180 2418
f 2418 2076 2075
f 2418 1943 2081
f 1769 1663 1759
f 1759 1860 1769
f 2412 2419 2420
f 2421 2419 2412
f 2420 2422 2412
f 2412 2422 2413
f 2412 1835 2423
f 2412 2423 2421
f 2301 1905 1926
f 1926 1927 2301
f 356 181 355
f 1860 1946 1953
f 1953 1769 1860
f 1866 1865 2015
f 2421 2424 2419
f 2419 2424 2425
f 2426 2420 2419
f 2419 2425 2426
f 1155 1275 2427
f 2427 1275 1439
f 2427 2428 1155
f 1438 2428 2427
f 2427 1439 1438
f 2407 2334 2300
f 2407 2300 2268
f 2429 2379 2430
f 2332 2379 2429
f 2431 2432 2429
f 2429 2432 2322
f 2429 2430 2431
f 2322 2332 2429
f 2048 2013 2007
f 1783 1935 1762
f 2172 2370 1938
f 2116 2433 2434
f 2434 2433 2221
f 2221 2284 2434
f 2434 2284 2114
f 2114 2116 2434
f 2215 2316 2435
f 2215 2435 2216
f 2214 2318 2215
f 2436 932 929
f 1243 932 2436
f 2436 951 2437
f 929 951 2436
f 2436 2437 1294
f 1294 1243 2436
f 5 2438 2439
f 2439 2440 22
f 22 5 2439
f 2433 2116 2441
f 2433 2441 2442
f 2443 2444 2109
f 2445 2444 2443
f 2443 2109 1928
f 2446 2445 2443
f 2443 1928 2447
f 2443 2447 2446
f 2284 2313 2285
f 2221 2313 2284
f 2399 2448 1395
f 2449 2448 2399
f 2399 2450 1600
f 1308 2450 2399
f 2399 2398 2449
f 2399 1395 1308
f 2218 2217 2406
f 2218 2318 2214
f 30 28 69
f 69 72 2451
f 2451 30 69
f 2283 2286 2251
f 2251 2196 2283
f 2126 2196 2251
f 2365 2292 2452
f 2366 2365 2452
f 2362 2366 2452
f 1783 2091 1935
f 1935 2091 2070
f 2230 2109 2444
f 2444 2445 2453
f 2444 2453 2230
f 67 83 54
f 2278 2279 2232
f 2236 2278 2232
f 2235 2236 2232
f 866 577 682
f 881 866 682
f 1275 1155 1159
f 2254 2026 2229
f 2228 2277 2229
f 2229 2277 2294
f 2308 2254 2229
f 2084 1980 2036
f 2084 2036 2115
f 2240 2286 2283
f 2240 2237 2239
f 803 742 885
f 803 885 2454
f 803 2454 2455
f 803 2455 804
f 179 55 57
f 57 50 2456
f 2456 179 57
f 2457 2435 2316
f 2316 2458 2459
f 2319 2458 2316
f 2316 2459 2457
f 2252 2285 2253
f 894 917 916
f 1069 894 916
f 2331 2460 2187
f 2197 2198 2219
f 2219 2198 2086
f 2219 2273 2197
f 2070 2091 2461
f 2461 2091 2089
f 2169 2070 2461
f 2213 2169 2461
f 2461 2089 2213
f 1969 2462 2198
f 2198 2462 2086
f 688 547 487
f 486 688 487
f 688 664 547
f 2377 2463 2464
f 2378 2463 2377
f 2464 2224 2377
f 2377 2224 2223
f 5 1 2438
f 1008 699 740
f 2465 2466 2467
f 2467 2466 2468
f 2467 2469 2465
f 2470 2469 2467
f 2467 2468 2471
f 2467 2471 2470
f 2188 2323 2186
f 7 20 2472
f 2472 20 2473
f 2474 7 2472
f 2473 73 2472
f 1621 1402 2475
f 2475 1715 1621
f 116 2476 240
f 107 2476 116
f 1037 987 923
f 1058 947 915
f 317 300 1090
f 317 1142 341
f 1090 1142 317
f 573 572 1334
f 433 409 413
f 433 420 422
f 2387 617 557
f 415 412 427
f 416 415 427
f 2410 1454 1773
f 1772 1939 1773
f 410 468 401
f 1245 930 932
f 932 1243 1245
f 856 716 758
f 769 716 856
f 856 758 757
f 856 809 857
f 757 809 856
f 2477 1568 2448
f 2448 1568 1489
f 2478 2477 2448
f 2449 2478 2448
f 1489 1395 2448
f 496 420 434
f 337 1062 328
f 446 445 519
f 237 235 459
f 459 460 199
f 199 237 459
f 2440 29 21
f 21 22 2440
f 2309 2254 2308
f 2307 2315 2309
f 2387 568 617
f 702 701 722
f 722 719 702
f 1666 2477 2466
f 2466 2477 2468
f 2465 1666 2466
f 1568 2477 1666
f 1576 2479 1575
f 1575 2479 1534
f 1534 1630 1575
f 1792 1900 1789
f 1791 1823 1792
f 1519 1598 2480
f 2480 1598 2481
f 2480 2482 1519
f 1532 2482 2480
f 2480 2481 1532
f 2292 2365 2356
f 2292 2356 2185
f 1514 2483 2484
f 2484 2483 1422
f 1420 2485 2484
f 2484 2485 1536
f 1536 1514 2484
f 1422 1420 2484
f 2113 2441 2116
f 675 822 677
f 997 2454 885
f 2486 2432 2431
f 2487 2432 2486
f 2486 2264 2487
f 2488 2264 2486
f 2486 2431 2489
f 2486 2489 2488
f 849 760 768
f 664 688 687
f 666 667 1043
f 881 2397 866
f 2490 2491 2492
f 2492 2491 980
f 981 2490 2492
f 980 981 2492
f 597 907 2388
f 595 907 597
f 1103 2388 907
f 2493 889 888
f 753 889 2493
f 888 807 2493
f 2493 807 2494
f 2493 2494 709
f 709 753 2493
f 2495 2496 2497
f 2498 2496 2495
f 2497 2499 2495
f 2495 2499 2490
f 2495 2490 981
f 981 2498 2495
f 2454 2500 2455
f 2501 2500 2454
f 2454 997 2501
f 804 2455 2500
f 2500 2501 2502
f 1187 804 2500
f 2502 1187 2500
f 889 2503 887
f 833 2503 889
f 889 753 833
f 2504 2505 2506
f 2507 2505 2504
f 2504 2506 1248
f 2504 1248 1185
f 2504 1185 1187
f 2504 1187 2502
f 2502 2507 2504
f 2503 2508 995
f 831 2508 2503
f 2503 995 887
f 833 831 2503
f 2509 1189 971
f 971 855 2509
f 1091 1090 300
f 300 1083 1091
f 2509 2396 1189
f 2508 2510 991
f 937 2510 2508
f 2508 991 995
f 2508 831 937
f 1746 1745 2382
f 2382 1745 1087
f 2382 1802 2511
f 2511 1746 2382
f 2382 1087 1089
f 1089 1086 2382
f 2510 2512 2513
f 937 2512 2510
f 1079 991 2510
f 2513 1079 2510
f 1041 1034 1033
f 834 1034 1041
f 2512 2514 2513
f 2515 2514 2512
f 2516 2515 2512
f 937 936 2512
f 2512 936 2516
f 535 951 536
f 1682 1672 1567
f 1355 2517 1682
f 1682 2517 1683
f 1567 1355 1682
f 2518 2519 2514
f 2514 2519 2520
f 2520 2513 2514
f 2515 2518 2514
f 1055 1057 1276
f 1199 1057 1025
f 1025 1027 1199
f 1198 1276 1057
f 1057 1199 1198
f 1460 1119 1123
f 1123 1119 1120
f 2521 2522 2519
f 2519 2522 2523
f 2519 2518 2521
f 2523 2520 2519
f 1745 1206 1143
f 1745 1143 1087
f 1132 1131 1341
f 1262 2524 2402
f 2397 2524 1262
f 1271 2402 2524
f 2524 2397 1271
f 1576 2485 2479
f 2479 2485 1535
f 2479 1535 1534
f 2329 2328 2379
f 2372 2430 2379
f 2332 2329 2379
f 2217 2094 1964
f 2217 1964 2406
f 1181 2517 1355
f 1192 2517 1181
f 1181 1051 1192
f 2525 1246 2526
f 2526 1246 2527
f 2528 2525 2526
f 2527 2529 2526
f 2526 2529 2530
f 1377 2528 2526
f 2530 1377 2526
f 1246 2525 1348
f 1246 2506 2527
f 1248 2506 1246
f 2531 2532 2522
f 2522 2532 1372
f 2521 2531 2522
f 1372 2523 2522
f 1142 1208 341
f 2437 951 1388
f 1388 951 535
f 1294 2437 1388
f 1601 2533 2428
f 2428 2533 1175
f 1483 1601 2428
f 2428 1175 1155
f 2428 1438 1483
f 2531 2534 2532
f 2532 2534 1497
f 2532 1497 1371
f 2532 1371 1372
f 2450 2533 1600
f 1228 2533 2450
f 2450 1308 1228
f 1166 1434 1342
f 1516 2535 2483
f 2483 2535 1347
f 1514 1516 2483
f 2483 1347 1422
f 1455 2403 2402
f 2402 1271 1455
f 701 759 722
f 1428 2536 2534
f 2534 2536 1497
f 2534 2531 2537
f 2537 1428 2534
f 2538 2539 2525
f 2525 2539 1345
f 2528 2538 2525
f 2525 1345 1348
f 1266 2380 1265
f 1265 2405 1618
f 2380 1043 1263
f 2485 1576 1536
f 2485 1420 1535
f 2540 2541 2536
f 2536 2541 2542
f 1429 2540 2536
f 2536 2542 1497
f 1428 1429 2536
f 1598 1597 2481
f 2543 2482 2544
f 2544 2482 1418
f 2544 2539 2543
f 1421 2539 2544
f 1418 1421 2544
f 2011 2054 2048
f 2545 2054 2011
f 2012 2545 2011
f 538 1541 539
f 2540 2546 2541
f 2541 2546 2547
f 2541 2547 2548
f 1496 2542 2541
f 2541 2548 2549
f 2549 1496 2541
f 1208 1253 471
f 474 341 1208
f 1208 471 474
f 2482 2543 2550
f 2550 1519 2482
f 1532 1418 2482
f 1360 1470 1361
f 2367 2551 2552
f 2552 2551 2553
f 2553 2554 2552
f 2552 2554 2555
f 2358 2367 2552
f 2555 2358 2552
f 2337 2556 2338
f 2432 2487 2322
f 2356 2355 2185
f 2557 2558 1541
f 1541 2558 539
f 2413 2557 1541
f 1224 1203 1365
f 2546 2559 2547
f 1547 2559 2546
f 2546 2540 1429
f 2546 1429 1427
f 2546 1427 1547
f 1512 1626 1339
f 1512 1339 1513
f 2559 2560 2561
f 1546 2560 2559
f 2561 2547 2559
f 1547 1546 2559
f 1311 1329 1312
f 2405 2369 1618
f 2422 2420 2426
f 2422 2562 2563
f 2426 2562 2422
f 2563 2557 2422
f 2422 2557 2413
f 2564 2398 1811
f 2449 2398 2564
f 2564 1811 2565
f 2564 2565 2478
f 2564 2478 2449
f 2566 1848 1715
f 2560 2567 2568
f 1650 2567 2560
f 2560 2568 2561
f 1546 1650 2560
f 2481 2002 1629
f 1629 2002 1726
f 1532 2481 1629
f 1596 1706 2002
f 2002 2481 1596
f 1441 2403 2410
f 1811 2398 1685
f 2567 1649 1902
f 1650 1649 2567
f 2567 1902 1824
f 1698 2568 2567
f 1824 1698 2567
f 2491 1071 2569
f 2569 1071 1205
f 1007 2491 2569
f 2569 1205 1097
f 2569 1097 1098
f 1098 1007 2569
f 2369 1760 1618
f 2048 2054 2013
f 1522 1525 1521
f 2212 2282 2273
f 2213 2282 2212
f 1959 2545 2415
f 2415 2545 2416
f 1877 1959 2415
f 1878 1877 2415
f 2374 2430 2372
f 2570 2430 2374
f 2374 2373 2570
f 2410 2403 1454
f 1454 2403 1455
f 2571 2572 1424
f 1424 2572 1579
f 1425 2571 1424
f 8 12 68
f 1525 1522 1102
f 1525 1102 1104
f 1755 1757 1918
f 2573 1797 2462
f 1798 1797 2573
f 2573 2462 1818
f 1819 1798 2573
f 1818 1819 2573
f 1830 1909 2417
f 2087 2462 1797
f 1835 1833 2423
f 2253 2134 2123
f 1984 2128 1985
f 1985 2111 1986
f 2330 2378 2328
f 2175 2370 2172
f 2077 2370 2175
f 1097 1205 1203
f 1224 1097 1203
f 1664 1666 1893
f 1893 1666 2465
f 1893 2465 2574
f 2574 1892 1893
f 2462 1969 1818
f 2087 2086 2462
f 2122 2020 1883
f 2122 1883 1884
f 2575 1225 1016
f 2576 2575 1016
f 829 2576 1016
f 2577 2578 2579
f 2579 2578 2580
f 2579 2581 2582
f 2580 2581 2579
f 2582 2445 2579
f 2579 2445 2577
f 460 345 199
f 1909 1989 2583
f 1908 1989 1909
f 1909 2583 2584
f 2584 2417 1909
f 2258 2585 2028
f 2274 2585 2258
f 2411 2041 1917
f 1917 2041 1918
f 2054 2545 1959
f 2152 2586 2587
f 2588 2586 2152
f 2152 2587 2375
f 2152 2066 2574
f 2574 2588 2152
f 1931 2589 2565
f 2063 2589 1931
f 2565 1811 1931
f 2425 2590 2591
f 2591 2590 2580
f 2580 2578 2591
f 2591 2578 2426
f 2426 2425 2591
f 2235 2076 2180
f 2180 2179 2235
f 2592 2028 2585
f 2593 2044 2585
f 2585 2044 2592
f 2585 2594 2593
f 2274 2594 2585
f 2595 2596 2469
f 2469 2596 2588
f 2588 2465 2469
f 2470 2595 2469
f 2584 2176 2099
f 2099 2417 2584
f 2584 2208 2176
f 2583 2265 2208
f 2584 2583 2208
f 2411 2165 2041
f 2131 2040 2041
f 1368 1154 1293
f 1293 1154 1036
f 1036 1038 1293
f 2012 2416 2545
f 2067 2065 1895
f 1808 1891 2067
f 2067 1895 1808
f 857 809 858
f 858 809 994
f 2509 855 858
f 994 1215 858
f 858 1215 2509
f 2435 2597 2598
f 2457 2597 2435
f 2435 2598 2216
f 2599 2459 2458
f 2600 2599 2458
f 2319 2601 2458
f 2458 2601 2602
f 2603 2600 2458
f 2602 2603 2458
f 2604 83 205
f 205 182 2604
f 2120 2020 2381
f 2018 2020 2120
f 2381 2203 2120
f 2265 2583 2594
f 2265 2594 2274
f 1984 2605 2128
f 2128 2605 2129
f 1847 1848 2606
f 1847 2607 1984
f 2606 2607 1847
f 2608 2609 2610
f 2606 2609 2608
f 2608 2605 2607
f 2611 2605 2608
f 2608 2607 2606
f 2608 2610 2611
f 1848 2566 2606
f 2170 2234 2227
f 2606 2566 2609
f 1984 2607 2605
f 2605 2611 2129
f 2612 2551 2613
f 2613 2551 2364
f 2364 2614 2613
f 2613 2614 2615
f 2616 2617 2613
f 2613 2617 2612
f 2615 2616 2613
f 2167 2203 2156
f 2167 2156 2168
f 2280 2227 2234
f 2288 2294 2287
f 2474 2618 4
f 4 7 2474
f 188 319 342
f 340 222 188
f 342 340 188
f 2243 2246 2281
f 102 211 2476
f 2476 211 217
f 217 240 2476
f 2476 107 102
f 1238 1709 1381
f 86 47 31
f 87 86 31
f 2619 2620 2621
f 2621 2620 2304
f 2621 2622 2619
f 2623 2622 2621
f 2621 2624 2625
f 2304 2624 2621
f 2621 2625 2623
f 2478 2468 2477
f 2626 2600 2627
f 2627 2600 2628
f 2627 2629 2626
f 2623 2629 2627
f 2628 2630 2627
f 2627 2630 2623
f 1305 2571 2383
f 2383 2571 2631
f 2383 2575 2384
f 2631 2575 2383
f 2383 1306 1305
f 376 447 379
f 2430 2632 2431
f 2570 2632 2430
f 877 956 1072
f 1072 873 877
f 2117 2050 2111
f 2633 2501 997
f 1093 2633 997
f 2501 2633 2502
f 1093 2505 2633
f 2633 2505 2507
f 2633 2507 2502
f 2505 2529 2506
f 1093 2529 2505
f 2527 2506 2529
f 1093 2530 2529
f 1966 2423 1833
f 2097 2096 2634
f 2634 2096 2216
f 2634 2635 2097
f 2598 2635 2634
f 2216 2598 2634
f 1737 2636 1968
f 1968 2636 1641
f 2108 1737 1968
f 1968 1641 1817
f 1174 1204 956
f 956 1204 1072
f 2179 2236 2235
f 2397 881 880
f 880 1271 2397
f 2636 2572 1641
f 1738 2572 2636
f 2636 1737 1738
f 2463 2554 2464
f 2555 2554 2463
f 2463 2378 2330
f 2463 2330 2637
f 2637 2555 2463
f 2572 2571 1642
f 1642 1641 2572
f 1738 1579 2572
f 1502 1642 2571
f 2571 1425 2638
f 2571 1305 1502
f 2638 2631 2571
f 1225 2575 2631
f 2638 1425 1225
f 1225 2631 2638
f 1596 2481 1597
f 1891 1808 1689
f 1171 1851 1799
f 1169 1851 1171
f 1171 1086 1115
f 298 314 302
f 302 314 1170
f 1170 1114 302
f 2604 54 83
f 1485 1186 1484
f 1165 1186 1485
f 2551 2367 2360
f 2551 2360 2364
f 2612 2553 2551
f 2533 1601 1600
f 1228 1175 2533
f 1186 1184 1484
f 1186 1165 1162
f 2575 2576 2639
f 2639 2384 2575
f 1515 1484 1184
f 1184 2535 1515
f 1347 2535 1184
f 2576 692 691
f 516 692 2576
f 691 2639 2576
f 2576 829 516
f 2539 2538 2550
f 1421 1345 2539
f 2550 2543 2539
f 1470 1683 1361
f 1361 1683 2517
f 2517 1192 1361
f 519 492 692
f 516 519 692
f 1368 1332 1154
f 100 104 211
f 211 102 100
f 372 2640 222
f 222 2640 221
f 222 340 372
f 1238 1636 1709
f 519 445 492
f 1028 930 1245
f 1302 2401 1500
f 1500 2401 1819
f 2355 2323 2188
f 2188 2185 2355
f 2072 1960 2641
f 2641 2291 2072
f 2386 2642 1751
f 1903 2642 2386
f 2386 1751 1986
f 2386 1901 1903
f 2643 2424 2644
f 2590 2424 2643
f 2643 2644 2645
f 2646 2590 2643
f 2645 2646 2643
f 1480 1798 2401
f 2401 1798 1819
f 1649 2642 1902
f 1752 2642 1649
f 685 898 593
f 1075 1288 900
f 900 898 897
f 897 1075 900
f 1288 1075 1074
f 1332 1368 1367
f 2395 2348 2347
f 1730 1609 1734
f 1734 1882 1730
f 1589 1471 1370
f 1737 2108 1922
f 2647 2264 2648
f 2158 2264 2647
f 2647 2649 2650
f 2648 2649 2647
f 2650 2063 2647
f 2647 2063 2158
f 2592 2023 2028
f 2491 977 1071
f 1966 2635 2423
f 2423 2635 2651
f 2423 2651 2652
f 2652 2421 2423
f 2421 2644 2424
f 2424 2590 2425
f 72 73 2451
f 2594 2583 1989
f 1989 2044 2593
f 2593 2594 1989
f 2012 1956 2416
f 2416 1956 1775
f 2264 2262 2487
f 2488 2648 2264
f 206 355 181
f 807 810 2494
f 2108 2107 1921
f 2108 1921 1922
f 2587 2586 2596
f 2596 2586 2588
f 2596 2595 2587
f 2653 810 811
f 711 810 2653
f 755 2654 2653
f 2653 2654 2655
f 2653 811 755
f 2653 2655 706
f 706 711 2653
f 2592 2044 2023
f 255 254 640
f 2655 2654 2656
f 2656 2654 746
f 750 2657 2656
f 2656 2657 728
f 746 750 2656
f 729 2655 2656
f 2656 728 729
f 1471 1589 1700
f 2465 2588 2574
f 2658 2657 2659
f 2659 2657 750
f 2659 2496 2658
f 2497 2496 2659
f 2659 750 749
f 749 2497 2659
f 166 345 312
f 312 167 166
f 804 1187 1160
f 2635 1966 2097
f 2660 2651 2635
f 2635 2598 2660
f 2459 2599 2661
f 2459 2661 2662
f 2459 2662 2663
f 2663 2457 2459
f 2050 2117 2115
f 2115 2049 2050
f 2451 20 30
f 1994 1995 2574
f 2574 2066 1994
f 2471 2589 2649
f 2649 2589 2650
f 2664 2471 2649
f 2648 2664 2649
f 2615 2665 2620
f 2620 2665 2304
f 2620 2666 2616
f 2619 2666 2620
f 2620 2616 2615
f 2667 2668 2669
f 2669 2668 2617
f 2669 2670 2667
f 2619 2670 2669
f 2669 2617 2666
f 2669 2666 2619
f 2671 2554 2553
f 2602 2554 2671
f 2671 2668 2603
f 2612 2668 2671
f 2671 2603 2602
f 2671 2553 2612
f 277 640 254
f 2672 2464 2554
f 2554 2602 2672
f 2589 2471 2673
f 2478 2565 2589
f 2589 2063 2650
f 2673 2478 2589
f 2673 2471 2468
f 2468 2478 2673
f 2664 2470 2471
f 2599 2600 2626
f 2626 2661 2599
f 20 2451 2473
f 2456 50 54
f 2604 2456 54
f 2126 2107 2196
f 1995 1892 2574
f 1552 1638 2674
f 1505 1552 2674
f 2357 2367 2358
f 166 199 345
f 1739 540 2558
f 2558 540 539
f 2557 2675 2558
f 2558 2675 2447
f 2447 1739 2558
f 1903 1902 2642
f 1752 1751 2642
f 1253 622 543
f 543 471 1253
f 2640 260 221
f 473 260 2640
f 2640 372 475
f 475 473 2640
f 1242 1638 1636
f 1636 1238 1241
f 1241 1242 1636
f 919 635 797
f 2015 2053 2034
f 2676 2645 2644
f 2644 2651 2676
f 2652 2651 2644
f 2644 2421 2652
f 2590 2646 2677
f 2677 2580 2590
f 2446 2562 2578
f 2578 2562 2426
f 2577 2446 2578
f 2446 2563 2562
f 2678 2581 2646
f 2646 2581 2677
f 2646 2645 2679
f 2680 2678 2646
f 2679 2680 2646
f 585 917 894
f 2107 2126 2127
f 2127 1921 2107
f 2375 2587 2373
f 2373 2587 2681
f 2681 2570 2373
f 2681 2587 2595
f 2595 2470 2682
f 2595 2682 2681
f 2364 2352 2614
f 2614 2352 2683
f 2614 2683 2615
f 2470 2664 2682
f 2684 2582 2581
f 2581 2678 2684
f 2581 2580 2677
f 2645 2676 2663
f 2645 2662 2679
f 2663 2662 2645
f 2676 2598 2597
f 2663 2676 2597
f 2597 2457 2663
f 2319 2314 2601
f 2601 2314 2672
f 2672 2602 2601
f 2222 2464 2314
f 2314 2464 2672
f 2682 2664 2685
f 2685 2664 2648
f 2685 2686 2682
f 2687 2686 2685
f 2685 2648 2488
f 2685 2488 2687
f 2582 2453 2445
f 2445 2446 2577
f 2453 2582 2688
f 2453 2688 2689
f 2453 2689 2625
f 2453 2625 2230
f 2570 2686 2632
f 2632 2686 2687
f 2687 2431 2632
f 2600 2603 2628
f 2686 2570 2681
f 2681 2682 2686
f 2684 2688 2582
f 2660 2676 2651
f 1215 1214 2396
f 2396 1214 1213
f 2509 1215 2396
f 1476 1477 1344
f 1344 1477 1364
f 1364 1173 1344
f 1174 1173 1204
f 1204 1173 1364
f 182 179 2456
f 182 2456 2604
f 1928 1739 2447
f 2610 2442 2611
f 2344 2348 2395
f 2363 2556 2351
f 2351 2556 2337
f 2224 2464 2222
f 2352 2353 2683
f 2675 2557 2563
f 2675 2563 2447
f 2446 2447 2563
f 2628 2603 2668
f 2668 2667 2628
f 2612 2617 2668
f 977 2491 2490
f 977 2490 875
f 2678 2680 2690
f 2678 2690 2684
f 2690 2629 2688
f 2688 2629 2689
f 2684 2690 2688
f 2629 2690 2626
f 2623 2689 2629
f 2661 2690 2680
f 2679 2661 2680
f 2690 2661 2626
f 2679 2662 2661
f 2115 2061 2049
f 542 258 260
f 473 542 260
f 2622 2670 2619
f 2630 2670 2622
f 2623 2630 2622
f 1377 1376 2538
f 2538 1376 2550
f 2538 2528 1377
f 2384 2639 691
f 2262 2298 2487
f 2598 2676 2660
f 1376 1519 2550
f 711 2494 810
f 2611 2442 2441
f 2441 2113 2129
f 2129 2611 2441
f 2332 2327 2329
f 2654 755 746
f 2657 2658 2691
f 2657 2691 2692
f 2692 728 2657
f 2491 1007 980
f 258 542 269
f 2197 2273 2250
f 2498 2658 2496
f 1221 1377 2530
f 1221 2530 1093
f 2487 2298 2296
f 2322 2487 2296
f 2473 2451 73
f 2354 2340 2339
f 2693 2354 2339
f 2304 2693 2339
f 2230 2625 2624
f 2304 2230 2624
f 1516 1515 2535
f 872 776 2691
f 872 2691 871
f 2630 2667 2670
f 2687 2489 2431
f 2354 2693 2683
f 2683 2353 2354
f 2687 2488 2489
f 2658 2498 2691
f 2667 2630 2628
f 447 488 442
f 376 488 447
f 2615 2693 2665
f 2665 2693 2304
f 376 485 488
f 795 2499 2497
f 794 2499 795
f 795 2497 749
f 2616 2666 2617
f 2615 2683 2693
f 1256 1337 1851
f 1851 1169 1256
f 2330 2326 2637
f 2115 2036 2061
f 993 1080 1215
f 993 1215 994
f 2637 2359 2358
f 2358 2555 2637
f 1339 1133 1513
f 710 2494 711
f 709 2494 710
f 2326 2359 2637
f 794 2490 2499
f 1079 2513 1081
f 2547 2561 2548
f 794 875 2490
f 2694 2561 2568
f 2568 1698 2694
f 2531 2521 2695
f 2531 2695 2537
f 2513 2520 1081
f 1590 1591 2548
f 2694 1698 1590
f 1590 2548 2694
f 1152 1321 2695
f 2696 934 1152
f 1152 2695 2697
f 1152 2697 2696
f 2697 2521 2518
f 2518 2515 2696
f 2696 2697 2518
f 2697 2695 2521
f 2623 2625 2689
f 1591 1495 2549
f 2549 2548 1591
f 776 727 2692
f 2692 2691 776
f 2542 1496 1497
f 2516 2696 2515
f 2694 2548 2561
f 2537 2695 1321
f 1321 1428 2537
f 1082 1081 2698
f 1082 2698 2523
f 1082 2523 1372
f 934 2696 2516
f 2516 936 934
f 727 728 2692
f 729 706 2655
f 2698 1081 2520
f 2523 2698 2520
f 871 2691 2498
f 981 871 2498
f 1495 1496 2549
f 1088 1087 1143
f 2699 2700 2701
f 2701 2700 2702
f 2703 2699 2701
f 2704 2705 2700
f 2700 2705 2706
f 2700 2699 2704
f 2706 2702 2700
f 2707 2708 2703
f 2709 2708 2707
f 2707 2710 2711
f 2707 2711 2709
f 2708 2712 2713
f 2714 2712 2708
f 2708 2713 2703
f 2708 2709 2715
f 2715 2714 2708
f 2710 2716 2711
f 2712 2717 2718
f 2719 2717 2712
f 2712 2718 2720
f 2712 2720 2713
f 2714 2719 2712
f 2705 2721 2722
f 2723 2721 2705
f 2705 2704 2724
f 2705 2722 2706
f 2705 2724 2723
f 2725 2726 2717
f 2717 2726 2727
f 2728 2718 2717
f 2727 2728 2717
f 2717 2719 2729
f 2717 2729 2725
f 2730 2731 2732
f 2721 2733 2734
f 2727 2733 2721
f 2721 2734 2735
f 2723 2727 2721
f 2721 2735 2722
f 2736 2737 2738
f 2739 2737 2736
f 2740 2741 2736
f 2736 2742 2740
f 2738 2742 2736
f 2737 2743 2744
f 2745 2743 2737
f 2737 2744 2738
f 2746 2745 2737
f 2737 2739 2746
f 2743 2747 2748
f 2749 2747 2743
f 2743 2748 2744
f 2743 2745 2749
f 2726 2750 2751
f 2752 2750 2726
f 2726 2725 2753
f 2751 2727 2726
f 2726 2753 2752
f 2754 2755 2756
f 2756 2755 2715
f 2756 2757 2758
f 2709 2757 2756
f 2756 2758 2754
f 2715 2709 2756
f 2759 2760 2755
f 2755 2760 2714
f 2755 2761 2759
f 2754 2761 2755
f 2755 2714 2715
f 2733 2762 2763
f 2764 2762 2733
f 2765 2734 2733
f 2733 2727 2751
f 2763 2765 2733
f 2733 2751 2764
f 2766 2767 2768
f 2757 2769 2770
f 2771 2769 2757
f 2757 2770 2758
f 2709 2771 2757
f 2747 2772 2773
f 2774 2772 2747
f 2775 2748 2747
f 2747 2773 2775
f 2776 2774 2747
f 2749 2776 2747
f 2760 2777 2729
f 2778 2777 2760
f 2760 2759 2779
f 2729 2719 2760
f 2760 2719 2714
f 2760 2779 2778
f 2780 2781 2741
f 2740 2780 2741
f 2769 2782 2783
f 2711 2716 2769
f 2769 2783 2784
f 2784 2770 2769
f 2769 2771 2711
f 2785 2786 2781
f 2781 2786 2787
f 2781 2780 2785
f 2781 2787 2788
f 2750 2789 2790
f 2764 2751 2750
f 2790 2764 2750
f 2750 2752 2791
f 2785 2792 2786
f 2786 2792 2767
f 2786 2767 2787
f 2793 2768 2794
f 2777 2795 2753
f 2796 2795 2777
f 2725 2729 2777
f 2777 2778 2796
f 2753 2725 2777
f 2772 2797 2798
f 2765 2797 2772
f 2799 2773 2772
f 2772 2774 2734
f 2798 2799 2772
f 2772 2734 2765
f 2800 2801 2792
f 2792 2801 2768
f 2792 2785 2800
f 2768 2767 2792
f 2762 2802 2803
f 2790 2802 2762
f 2804 2763 2762
f 2762 2803 2804
f 2762 2764 2790
f 2805 2806 2795
f 2752 2753 2795
f 2795 2796 2805
f 2791 2752 2795
f 2807 2808 2801
f 2801 2808 2794
f 2801 2800 2809
f 2794 2768 2801
f 2801 2809 2807
f 2789 2810 2811
f 2811 2790 2789
f 2797 2812 2813
f 2803 2812 2797
f 2814 2798 2797
f 2813 2814 2797
f 2797 2765 2763
f 2797 2763 2804
f 2804 2803 2797
f 2815 2816 2817
f 2738 2816 2815
f 2815 2818 2742
f 2819 2818 2815
f 2817 2820 2815
f 2815 2820 2819
f 2815 2742 2738
f 2821 2822 2802
f 2802 2822 2823
f 2811 2821 2802
f 2824 2803 2802
f 2823 2824 2802
f 2802 2790 2811
f 2825 2826 2808
f 2808 2826 2827
f 2808 2807 2825
f 2827 2794 2808
f 2806 2828 2829
f 2805 2828 2806
f 2816 2830 2817
f 2748 2830 2816
f 2744 2748 2816
f 2738 2744 2816
f 2773 2831 2830
f 2830 2831 2832
f 2833 2817 2830
f 2830 2748 2775
f 2775 2773 2830
f 2832 2833 2830
f 2824 2834 2812
f 2812 2834 2835
f 2836 2813 2812
f 2812 2803 2824
f 2835 2836 2812
f 2810 2822 2821
f 2810 2821 2811
f 2818 2837 2780
f 2838 2837 2818
f 2818 2780 2740
f 2819 2838 2818
f 2740 2742 2818
f 2826 2839 2840
f 2841 2839 2826
f 2826 2825 2842
f 2840 2827 2826
f 2826 2842 2841
f 2843 2844 2845
f 2845 2844 2846
f 2845 2847 2848
f 2849 2847 2845
f 2845 2850 2843
f 2848 2850 2845
f 2846 2849 2845
f 2844 2851 2779
f 2852 2851 2844
f 2779 2759 2844
f 2844 2759 2846
f 2844 2843 2853
f 2844 2853 2852
f 2837 2854 2785
f 2855 2854 2837
f 2785 2780 2837
f 2837 2838 2855
f 2856 2857 2858
f 2859 2856 2858
f 2858 2860 2859
f 2847 2861 2848
f 2849 2861 2847
f 2851 2862 2796
f 2863 2862 2851
f 2778 2779 2851
f 2796 2778 2851
f 2851 2852 2863
f 2799 2864 2831
f 2831 2864 2865
f 2831 2773 2799
f 2831 2865 2832
f 2866 2834 2822
f 2822 2834 2823
f 2822 2867 2866
f 2855 2868 2854
f 2854 2868 2800
f 2800 2785 2854
f 2869 2870 2861
f 2849 2869 2861
f 2871 2848 2861
f 2872 2828 2862
f 2862 2828 2805
f 2805 2796 2862
f 2862 2863 2873
f 2874 2872 2862
f 2862 2873 2874
f 2875 2857 2876
f 2877 2878 2875
f 2875 2876 2877
f 2879 2856 2839
f 2839 2856 2859
f 2841 2879 2839
f 2860 2840 2839
f 2859 2860 2839
f 2834 2866 2880
f 2834 2880 2835
f 2834 2824 2823
f 2868 2881 2809
f 2882 2881 2868
f 2868 2855 2883
f 2868 2883 2882
f 2809 2800 2868
f 2784 2783 2870
f 2870 2869 2784
f 2884 2876 2857
f 2857 2856 2885
f 2885 2884 2857
f 2864 2886 2887
f 2814 2886 2864
f 2864 2799 2798
f 2864 2798 2814
f 2864 2887 2888
f 2864 2888 2865
f 2889 2829 2828
f 2872 2889 2828
f 2878 2877 2890
f 2882 2891 2881
f 2881 2891 2825
f 2807 2809 2881
f 2825 2807 2881
f 2876 2884 2892
f 2893 2877 2876
f 2876 2892 2893
f 2894 2866 2867
f 2867 2895 2896
f 2867 2896 2894
f 2897 2885 2856
f 2856 2879 2897
f 2898 2899 2829
f 2829 2889 2898
f 2900 2892 2884
f 2884 2885 2901
f 2901 2900 2884
f 2886 2902 2903
f 2836 2902 2886
f 2904 2887 2886
f 2886 2814 2813
f 2903 2904 2886
f 2886 2813 2836
f 2866 2894 2905
f 2905 2906 2866
f 2866 2906 2880
f 2877 2893 2907
f 2907 2890 2877
f 2908 2909 2891
f 2891 2909 2842
f 2891 2910 2908
f 2882 2910 2891
f 2842 2825 2891
f 2895 2911 2912
f 2913 2896 2895
f 2912 2913 2895
f 2892 2900 2914
f 2915 2893 2892
f 2892 2914 2915
f 2916 2901 2885
f 2885 2897 2916
f 2911 2917 2918
f 2918 2912 2911
f 2919 2914 2900
f 2900 2901 2920
f 2920 2919 2900
f 2899 2898 2921
f 2922 2894 2896
f 2896 2913 2923
f 2896 2923 2922
f 2924 2879 2909
f 2909 2879 2841
f 2909 2908 2925
f 2926 2924 2909
f 2909 2925 2926
f 2841 2842 2909
f 2893 2915 2927
f 2927 2907 2893
f 2880 2906 2902
f 2902 2906 2928
f 2929 2903 2902
f 2928 2929 2902
f 2835 2880 2902
f 2902 2836 2835
f 2914 2919 2930
f 2914 2930 2931
f 2931 2915 2914
f 2932 2920 2901
f 2901 2916 2932
f 2894 2922 2933
f 2933 2905 2894
f 2934 2930 2919
f 2935 2934 2919
f 2919 2920 2935
f 2913 2912 2936
f 2937 2923 2913
f 2936 2937 2913
f 2938 2939 2940
f 2940 2939 2941
f 2942 2938 2940
f 2941 2943 2940
f 2940 2943 2944
f 2944 2942 2940
f 2930 2934 2945
f 2930 2945 2946
f 2946 2931 2930
f 2934 2939 2945
f 2947 2939 2934
f 2934 2935 2947
f 2890 2907 2948
f 2949 2897 2879
f 2879 2924 2949
f 2915 2931 2950
f 2950 2927 2915
f 2951 2918 2917
f 2917 2921 2951
f 2912 2918 2952
f 2952 2936 2912
f 2939 2938 2945
f 2947 2941 2939
f 2953 2945 2938
f 2954 2953 2938
f 2938 2942 2954
f 2953 2946 2945
f 2955 2956 2957
f 2957 2956 2958
f 2957 2959 2820
f 2960 2959 2957
f 2957 2820 2955
f 2957 2961 2960
f 2962 2961 2957
f 2958 2962 2957
f 2963 2935 2920
f 2920 2932 2963
f 2943 2941 2964
f 2943 2965 2966
f 2964 2965 2943
f 2966 2944 2943
f 2967 2922 2923
f 2923 2937 2968
f 2923 2968 2967
f 2906 2905 2969
f 2906 2969 2928
f 2931 2946 2970
f 2970 2950 2931
f 2971 2947 2935
f 2935 2963 2971
f 2972 2973 2956
f 2956 2973 2974
f 2956 2955 2833
f 2833 2972 2956
f 2956 2974 2958
f 2941 2947 2975
f 2941 2975 2964
f 2907 2927 2976
f 2976 2948 2907
f 2922 2967 2977
f 2977 2933 2922
f 2978 2979 2959
f 2959 2979 2980
f 2959 2838 2819
f 2980 2838 2959
f 2819 2820 2959
f 2960 2978 2959
f 2949 2916 2897
f 2971 2975 2947
f 2981 2982 2983
f 2863 2982 2981
f 2981 2984 2873
f 2985 2984 2981
f 2981 2983 2985
f 2873 2863 2981
f 2937 2936 2986
f 2987 2968 2937
f 2986 2987 2937
f 2853 2988 2982
f 2982 2988 2989
f 2852 2853 2982
f 2982 2989 2990
f 2863 2852 2982
f 2990 2983 2982
f 2991 2889 2984
f 2984 2889 2872
f 2992 2991 2984
f 2984 2872 2874
f 2874 2873 2984
f 2984 2985 2992
f 2993 2952 2918
f 2918 2951 2993
f 2946 2953 2994
f 2994 2970 2946
f 2995 2986 2936
f 2936 2952 2995
f 2850 2996 2988
f 2988 2996 2997
f 2843 2850 2988
f 2988 2997 2989
f 2853 2843 2988
f 2998 2898 2889
f 2991 2998 2889
f 2979 2999 3000
f 3001 2999 2979
f 2979 2978 3001
f 3002 2980 2979
f 2979 3000 3002
f 2953 2954 3003
f 2953 3003 2994
f 2968 2987 3004
f 3005 2967 2968
f 2968 3004 3005
f 3006 3007 2973
f 2973 3007 3008
f 3008 3009 2973
f 2973 3009 2974
f 2973 2972 3006
f 3010 2932 2916
f 2916 3011 3010
f 2949 3011 2916
f 2927 2950 3012
f 3012 2976 2927
f 2905 2933 3013
f 3013 3014 2905
f 2905 3014 2969
f 2996 3015 3016
f 3017 3015 2996
f 2996 2850 3018
f 2996 3016 2997
f 2996 3018 3017
f 3019 2921 2898
f 2998 3019 2898
f 2964 3020 2965
f 2965 3020 3021
f 3022 3023 2965
f 2965 3023 2966
f 2965 3024 3022
f 3021 3024 2965
f 3025 3026 3027
f 3027 3028 3029
f 3029 3025 3027
f 3030 3004 2987
f 2987 2986 3031
f 3031 3030 2987
f 3032 3033 3026
f 3025 3032 3026
f 3028 3034 3035
f 3028 3035 3029
f 3001 3036 2999
f 2999 3036 3037
f 3037 3000 2999
f 2967 3005 3038
f 3038 2977 2967
f 2942 2944 3039
f 2942 3040 2954
f 3039 3040 2942
f 3041 3042 3043
f 3043 3042 3044
f 3043 3045 3046
f 3047 3045 3043
f 3046 3041 3043
f 3044 3047 3043
f 3048 3049 3050
f 3050 3049 3051
f 3050 3052 3053
f 3054 3052 3050
f 3050 3053 3048
f 3050 3051 3054
f 3055 3056 3042
f 3042 3056 3044
f 3041 3055 3042
f 3057 3058 3049
f 3049 3058 3059
f 3049 3048 3057
f 3049 3059 3060
f 3060 3051 3049
f 3030 3040 3004
f 3004 3040 3061
f 3061 3005 3004
f 3032 3062 3033
f 3034 3063 3064
f 3034 3064 3035
f 3065 3066 3067
f 3068 3066 3065
f 3065 3069 3070
f 3071 3069 3065
f 3067 3072 3065
f 3065 3072 3071
f 3070 3073 3065
f 3065 3073 3068
f 3074 3075 3076
f 3076 3075 3068
f 3076 3077 3078
f 3070 3077 3076
f 3076 3078 3074
f 3076 3073 3070
f 3068 3073 3076
f 3079 3080 3081
f 3081 3080 3082
f 3083 3079 3081
f 3084 3083 3081
f 3081 3082 3085
f 3086 3084 3081
f 3081 3085 3086
f 3087 3088 3089
f 3090 3088 3087
f 3089 3091 3087
f 3087 3091 3092
f 3092 3090 3087
f 3093 3039 2944
f 2944 3023 3093
f 2966 3023 2944
f 3068 3094 3066
f 3066 3094 3095
f 3096 3067 3066
f 3095 3096 3066
f 3097 3094 3075
f 3075 3094 3068
f 3098 3097 3075
f 3075 3074 3098
f 3088 3099 3100
f 3090 3099 3088
f 3100 3089 3088
f 3101 3102 3083
f 3090 3102 3101
f 3101 3103 3090
f 3104 3103 3101
f 3101 3083 3084
f 3101 3084 3086
f 3101 3086 3104
f 3105 3106 3051
f 3107 3106 3105
f 3108 3109 3105
f 3105 3109 3107
f 3060 3059 3105
f 3105 3059 3108
f 3105 3051 3060
f 3106 3110 3111
f 3107 3110 3106
f 3112 3113 3106
f 3106 3113 3051
f 3111 3112 3106
f 3110 3109 3114
f 3107 3109 3110
f 3110 3115 3047
f 3114 3115 3110
f 3110 3047 3116
f 3110 3116 3111
f 3030 2954 3040
f 3040 3039 3061
f 3117 2963 2932
f 2932 3010 3117
f 2954 3030 3003
f 3118 3031 2986
f 2986 2995 3118
f 3119 2995 2952
f 2952 2993 3119
f 3045 3120 3121
f 3115 3120 3045
f 3121 3046 3045
f 3047 3115 3045
f 3030 3031 3003
f 2950 2970 3122
f 3122 3012 2950
f 3020 2975 3123
f 2964 2975 3020
f 3020 3123 3021
f 3015 3124 3125
f 3126 3016 3015
f 3125 3126 3015
f 3015 3017 2871
f 3127 2951 2921
f 2921 3019 3127
f 3007 3128 3129
f 3130 3128 3007
f 3007 3129 3008
f 3131 3130 3007
f 3006 3131 3007
f 3052 3132 3133
f 3054 3132 3052
f 3133 3053 3052
f 3063 3134 3135
f 3063 3135 3064
f 3057 3136 3058
f 3058 3136 3137
f 3137 3059 3058
f 3069 3138 3070
f 3139 3138 3069
f 3071 3139 3069
f 3077 3140 3141
f 3070 3140 3077
f 3141 3078 3077
f 3142 3143 3036
f 3036 3143 3144
f 3036 3001 3145
f 3145 3142 3036
f 3146 3037 3036
f 3036 3144 3146
f 3147 3091 3148
f 3092 3091 3147
f 3147 3148 3149
f 3147 3150 3079
f 3149 3150 3147
f 3079 3102 3147
f 3147 3102 3092
f 3091 3089 3151
f 3152 3148 3091
f 3091 3151 3152
f 3056 3055 3153
f 3056 3153 3154
f 3056 3154 3155
f 3056 3155 3156
f 3056 3156 3044
f 3113 3112 3157
f 3054 3051 3113
f 3113 3158 3054
f 3157 3158 3113
f 3159 3160 3112
f 3112 3160 3157
f 3111 3159 3112
f 3005 3061 3161
f 3161 3038 3005
f 3162 2971 2963
f 3117 3162 2963
f 3109 3163 3164
f 3108 3163 3109
f 3109 3164 3114
f 3165 3100 3099
f 3099 3166 3167
f 3168 3166 3099
f 3167 3165 3099
f 3099 3090 3168
f 3169 3170 3103
f 3171 3170 3169
f 3169 3096 3095
f 3086 3096 3169
f 3169 3095 3171
f 3169 3103 3104
f 3104 3086 3169
f 3094 3097 3172
f 3173 3174 3094
f 3094 3174 3095
f 3172 3173 3094
f 3097 3098 3175
f 3097 3175 3176
f 3176 3172 3097
f 2975 2971 3177
f 2975 3177 3123
f 3178 3061 3039
f 3039 3093 3178
f 2933 2977 3179
f 3179 3013 2933
f 3162 3177 2971
f 3061 3178 3161
f 3134 2948 3180
f 3180 3135 3134
f 2970 2994 3181
f 3181 3122 2970
f 3182 3003 3031
f 3031 3118 3182
f 3183 3093 3023
f 3023 3022 3183
f 3055 3041 3184
f 3185 3153 3055
f 3055 3184 3185
f 3041 3046 3184
f 3186 3187 3120
f 3120 3187 3188
f 3188 3121 3120
f 3120 3115 3189
f 3120 3189 3186
f 3190 3125 3124
f 3191 2993 2951
f 2951 3127 3191
f 3192 3193 3194
f 3194 3193 3195
f 3194 3196 3197
f 3198 3196 3194
f 3194 3197 3192
f 3195 3198 3194
f 3199 3200 3193
f 3193 3200 3195
f 3201 3199 3193
f 3193 3192 3201
f 3202 3203 3204
f 3204 3203 3205
f 3205 3206 3204
f 3207 3202 3204
f 3208 3207 3204
f 3143 3209 3210
f 3211 3209 3143
f 3143 3142 3211
f 3143 3210 3144
f 3048 3053 3200
f 3200 3053 3195
f 3057 3048 3200
f 3200 3199 3212
f 3212 3057 3200
f 3182 2994 3003
f 3213 3133 3132
f 3214 3213 3132
f 3215 3214 3132
f 3132 3158 3215
f 3054 3158 3132
f 3053 3133 3198
f 3053 3198 3195
f 3100 3216 3089
f 3089 3216 3151
f 3216 3100 3217
f 3216 3218 3219
f 3217 3218 3216
f 3220 3151 3216
f 3219 3221 3216
f 3216 3221 3220
f 3222 3223 3224
f 3225 3223 3222
f 3226 3227 3222
f 3222 3227 3228
f 3222 3224 3226
f 3228 3225 3222
f 3229 3118 2995
f 2995 3119 3229
f 3138 3230 3231
f 3232 3230 3138
f 3231 3070 3138
f 3139 3232 3138
f 3140 3233 3234
f 3231 3233 3140
f 3234 3141 3140
f 3140 3070 3231
f 2994 3182 3181
f 3100 3165 3217
f 3218 3235 3236
f 3217 3235 3218
f 3236 3219 3218
f 3223 3237 3238
f 3225 3237 3223
f 3238 3224 3223
f 3128 3239 3240
f 2904 3239 3128
f 3241 3129 3128
f 3128 3240 3241
f 3128 3130 2887
f 3128 2887 2904
f 3148 3152 3242
f 3242 3243 3148
f 3148 3243 3149
f 3244 3150 3245
f 3079 3150 3244
f 3139 3080 3244
f 3244 3080 3079
f 3244 3245 3232
f 3244 3232 3139
f 3136 3057 3246
f 3136 3246 3247
f 3247 3248 3136
f 3136 3248 3137
f 3153 3249 3154
f 3250 3249 3153
f 3185 3250 3153
f 2948 2976 3251
f 3251 3180 2948
f 3252 3253 3160
f 3160 3253 3157
f 3160 3254 3252
f 3159 3254 3160
f 3046 3121 3255
f 3256 3257 3046
f 3046 3257 3184
f 3255 3256 3046
f 3163 3258 3164
f 3259 3258 3163
f 3137 3260 3163
f 3163 3260 3259
f 3108 3137 3163
f 3171 3261 3170
f 3170 3261 3262
f 3263 3103 3170
f 3170 3264 3263
f 3262 3264 3170
f 3265 3167 3166
f 3266 3265 3166
f 3166 3267 3266
f 3168 3267 3166
f 3196 3268 3269
f 3270 3268 3196
f 3271 3197 3196
f 3269 3271 3196
f 3198 3270 3196
f 2977 3038 3272
f 3272 3179 2977
f 3174 3173 3273
f 3273 3261 3174
f 3174 3261 3171
f 3171 3095 3174
f 3274 3275 3199
f 3199 3275 3212
f 3199 3201 3274
f 3133 3213 3270
f 3133 3270 3198
f 3220 3152 3151
f 3276 3277 3221
f 3221 3277 3220
f 3221 3278 3279
f 3219 3278 3221
f 3221 3279 3276
f 3280 3281 3227
f 3227 3281 3276
f 3227 3226 3280
f 3276 3279 3227
f 3227 3279 3228
f 3212 3246 3057
f 3282 3178 3093
f 3093 3183 3282
f 3237 3283 3284
f 3285 3283 3237
f 3284 3238 3237
f 3237 3225 3285
f 3165 3167 3286
f 3165 3286 3287
f 3165 3287 3217
f 3288 3289 3290
f 3291 3289 3288
f 3292 3293 3209
f 3209 3293 2925
f 3209 3294 3292
f 3211 3294 3209
f 2925 3210 3209
f 3295 3119 2993
f 2993 3191 3295
f 3296 3022 3024
f 3021 3297 3024
f 3024 3297 3298
f 3299 3300 3024
f 3024 3300 3296
f 3298 3299 3024
f 3291 3301 3289
f 3302 3290 3289
f 3303 3302 3289
f 2976 3012 3304
f 3304 3251 2976
f 3305 3182 3118
f 3118 3229 3305
f 3038 3161 3306
f 3038 3306 3272
f 3307 3273 3173
f 3308 3307 3173
f 3173 3172 3176
f 3176 3308 3173
f 3309 3161 3178
f 3178 3282 3309
f 3249 3310 3154
f 3311 3310 3249
f 3249 3312 3311
f 3313 3312 3249
f 3249 3250 3313
f 3239 3314 3315
f 2929 3314 3239
f 3316 3240 3239
f 3315 3316 3239
f 3239 2904 3317
f 3239 3317 2929
f 3186 3318 3187
f 3187 3318 3188
f 3268 3319 3269
f 3270 3319 3268
f 3310 3320 3321
f 3311 3320 3310
f 3310 3321 3155
f 3155 3154 3310
f 3121 3322 3323
f 3188 3322 3121
f 3121 3323 3255
f 3324 3183 3022
f 3022 3325 3324
f 3296 3325 3022
f 3161 3309 3306
f 3275 3326 3327
f 3328 3326 3275
f 3275 3327 3329
f 3275 3274 3328
f 3329 3212 3275
f 3213 3214 3330
f 3213 3330 3331
f 3331 3270 3213
f 3332 3242 3152
f 3152 3220 3332
f 3276 3333 3277
f 3277 3333 3334
f 3277 3335 3332
f 3334 3335 3277
f 3332 3220 3277
f 3336 3337 3281
f 3281 3337 3276
f 3281 3280 3336
f 3246 3327 3247
f 3329 3327 3246
f 3246 3212 3329
f 3293 3338 2924
f 3339 3338 3293
f 3293 3292 3339
f 3293 2924 2926
f 2926 2925 3293
f 3340 3330 3214
f 3341 3340 3214
f 3214 3215 3341
f 3342 3231 3230
f 3343 3342 3230
f 3230 3232 3344
f 3344 3343 3230
f 3345 3234 3233
f 3233 3346 3345
f 3343 3346 3233
f 3233 3231 3342
f 3233 3342 3343
f 3123 3347 3297
f 3297 3347 3348
f 3021 3123 3297
f 3348 3298 3297
f 3167 3265 3349
f 3349 3350 3167
f 3167 3350 3286
f 3351 3350 3352
f 3286 3350 3351
f 3353 3235 3351
f 3351 3235 3286
f 3352 3354 3351
f 3351 3354 3353
f 3355 3284 3283
f 3283 3356 3355
f 3357 3356 3283
f 3285 3357 3283
f 3243 3242 3358
f 3243 3358 3359
f 3243 3359 3149
f 3012 3122 3360
f 3360 3304 3012
f 3248 3247 3361
f 3248 3361 3362
f 3248 3260 3137
f 3362 3260 3248
f 3305 3181 3182
f 3252 3363 3253
f 3253 3363 3364
f 3253 3365 3157
f 3364 3365 3253
f 3366 3229 3119
f 3119 3295 3366
f 3259 3367 3258
f 3258 3367 3368
f 3258 3369 3164
f 3368 3369 3258
f 3370 3349 3265
f 3266 3370 3265
f 3261 3273 3371
f 3261 3371 3262
f 3372 3373 3374
f 3374 3373 3250
f 3374 3375 3376
f 3185 3375 3374
f 3374 3376 3372
f 3374 3250 3185
f 3377 3192 3197
f 3197 3271 3378
f 3197 3379 3377
f 3378 3379 3197
f 3377 3201 3192
f 3380 3381 3382
f 3383 3381 3380
f 3384 3385 3380
f 3380 3385 3386
f 3382 3384 3380
f 3380 3387 3388
f 3386 3387 3380
f 3380 3388 3383
f 3389 3390 3373
f 3373 3390 3313
f 3373 3372 3389
f 3313 3250 3373
f 3338 3011 2949
f 3391 3011 3338
f 2949 2924 3338
f 3338 3339 3391
f 3392 3393 3394
f 3394 3393 3395
f 3394 3396 3397
f 3398 3396 3394
f 3397 3399 3394
f 3394 3399 3392
f 3394 3395 3398
f 3393 3400 3377
f 3392 3400 3393
f 3377 3379 3393
f 3393 3379 3395
f 3381 3401 3402
f 3403 3401 3381
f 3402 3382 3381
f 3404 3403 3381
f 3405 3404 3381
f 3381 3383 3405
f 3347 3177 3406
f 3123 3177 3347
f 3347 3406 3348
f 3314 3014 3407
f 2928 3014 3314
f 3407 3315 3314
f 3314 2929 2928
f 3273 3307 3408
f 3408 3371 3273
f 3409 3282 3183
f 3183 3324 3409
f 3078 3410 3074
f 3411 3410 3078
f 3141 3411 3078
f 3412 3413 3410
f 3410 3413 3414
f 3414 3074 3410
f 3410 3411 3415
f 3415 3412 3410
f 3184 3257 3375
f 3185 3184 3375
f 3238 3413 3224
f 3224 3413 3412
f 3415 3226 3224
f 3224 3412 3415
f 3413 3238 3416
f 3413 3416 3417
f 3413 3417 3414
f 3417 3098 3074
f 3414 3417 3074
f 3238 3284 3416
f 3418 3419 3420
f 3421 3419 3418
f 3422 3423 3418
f 3418 3423 3424
f 3418 3420 3422
f 3424 3425 3418
f 3418 3425 3421
f 3122 3181 3426
f 3426 3360 3122
f 3385 3427 3428
f 3429 3427 3385
f 3385 3384 3429
f 3385 3428 3386
f 3430 3431 3419
f 3419 3431 3432
f 3419 3433 3420
f 3432 3433 3419
f 3421 3430 3419
f 3271 3269 3434
f 3434 3378 3271
f 3435 3274 3201
f 3201 3377 3435
f 3396 3436 3437
f 3398 3436 3396
f 3437 3397 3396
f 3319 3438 3439
f 3270 3438 3319
f 3440 3269 3319
f 3441 3440 3319
f 3439 3441 3319
f 3400 3442 3443
f 3444 3442 3400
f 3400 3443 3435
f 3435 3377 3400
f 3400 3392 3444
f 3445 3439 3438
f 3438 3270 3331
f 3446 3445 3438
f 3438 3331 3446
f 3447 3010 3011
f 3011 3391 3447
f 3401 3448 3449
f 3450 3448 3401
f 3401 3449 3402
f 3403 3450 3401
f 3451 3408 3307
f 3452 3451 3307
f 3307 3308 3452
f 3177 3162 3453
f 3453 3406 3177
f 3411 3141 3454
f 3411 3454 3455
f 3455 3415 3411
f 3234 3454 3141
f 3456 3127 3019
f 3019 2998 3457
f 3457 3456 3019
f 3330 3340 3458
f 3330 3458 3445
f 3330 3445 3446
f 3446 3331 3330
f 3459 3358 3242
f 3242 3460 3459
f 3335 3460 3242
f 3332 3335 3242
f 3276 3337 3333
f 3333 3337 3461
f 3333 3461 3462
f 3333 3462 3334
f 3336 3463 3337
f 3337 3463 3461
f 3455 3280 3226
f 3226 3415 3455
f 3464 3327 3326
f 3326 3328 3465
f 3465 3466 3326
f 3326 3466 3464
f 3422 3467 3423
f 3423 3467 3468
f 3423 3469 3424
f 3468 3469 3423
f 3470 3247 3327
f 3464 3470 3327
f 3471 3312 3390
f 3390 3312 3313
f 3472 3471 3390
f 3389 3472 3390
f 3322 3473 3323
f 3188 3473 3322
f 3474 3416 3284
f 3284 3355 3474
f 3416 3474 3475
f 3416 3475 3417
f 3476 3175 3098
f 3417 3477 3098
f 3098 3477 3478
f 3098 3478 3476
f 3479 3305 3229
f 3229 3366 3479
f 3480 3191 3127
f 3456 3480 3127
f 3481 3482 3431
f 3431 3482 3483
f 3484 3481 3431
f 3431 3483 3432
f 3485 3484 3431
f 3430 3485 3431
f 2998 2991 3486
f 3487 3457 2998
f 3486 3487 2998
f 3470 3361 3247
f 3488 3489 3490
f 3490 3489 3452
f 3491 3488 3490
f 3490 3308 3176
f 3452 3308 3490
f 3490 3176 3491
f 3350 3349 3492
f 3350 3492 3493
f 3350 3494 3352
f 3493 3494 3350
f 3495 3355 3356
f 3496 3495 3356
f 3354 3496 3356
f 3356 3357 3354
f 3349 3370 3492
f 2928 2969 3014
f 3318 3497 3498
f 3499 3497 3318
f 3318 3498 3188
f 3186 3499 3318
f 3181 3305 3426
f 3427 3500 3501
f 3502 3500 3427
f 3427 3501 3503
f 3503 3428 3427
f 3429 3502 3427
f 3504 3309 3282
f 3282 3409 3504
f 3269 3440 3505
f 3505 3434 3269
f 3506 3295 3191
f 3191 3480 3506
f 3507 3508 3509
f 3509 3508 3402
f 3509 3510 3511
f 3449 3510 3509
f 3511 3507 3509
f 3402 3449 3509
f 3508 3512 3384
f 3513 3512 3508
f 3508 3507 3513
f 3508 3384 3382
f 3508 3382 3402
f 3436 3514 3515
f 3516 3514 3436
f 3434 3517 3436
f 3436 3517 3516
f 3398 3434 3436
f 3515 3437 3436
f 3518 3328 3274
f 3519 3518 3274
f 3274 3435 3519
f 2991 3520 3521
f 2992 3520 2991
f 2991 3521 3486
f 3325 3300 3522
f 3296 3300 3325
f 3523 3324 3325
f 3325 3522 3523
f 3442 3524 3443
f 3525 3524 3442
f 3442 3526 3527
f 3444 3526 3442
f 3527 3528 3442
f 3442 3528 3525
f 3454 3234 3529
f 3454 3529 3530
f 3454 3530 3455
f 3345 3529 3234
f 3455 3336 3280
f 3531 3458 3340
f 3532 3531 3340
f 3341 3532 3340
f 3533 3534 3535
f 3535 3534 3344
f 3536 3533 3535
f 3232 3245 3535
f 3535 3245 3536
f 3344 3232 3535
f 3537 3345 3346
f 3346 3538 3537
f 3343 3538 3346
f 3539 3540 3448
f 3448 3540 3449
f 3541 3539 3448
f 3450 3542 3448
f 3448 3542 3541
f 3543 3544 3467
f 3467 3544 3545
f 3397 3546 3467
f 3467 3546 3547
f 3422 3397 3467
f 3467 3547 3543
f 3467 3545 3468
f 3358 3459 3548
f 3548 3549 3358
f 3358 3549 3550
f 3551 3359 3358
f 3550 3551 3358
f 3510 3540 3552
f 3449 3540 3510
f 3510 3552 3511
f 3553 3474 3355
f 3355 3495 3553
f 3553 3475 3474
f 3475 3553 3554
f 3475 3554 3555
f 3555 3417 3475
f 3482 3556 3483
f 3557 3556 3482
f 3558 3559 3482
f 3482 3559 3557
f 3482 3481 3558
f 3560 3561 3512
f 3512 3561 3429
f 3513 3560 3512
f 3429 3384 3512
f 3562 3563 3363
f 3363 3563 3364
f 3564 3562 3363
f 3363 3252 3564
f 3361 3470 3565
f 3565 3566 3361
f 3361 3566 3567
f 3361 3568 3362
f 3567 3568 3361
f 3305 3479 3426
f 3569 3306 3309
f 3309 3504 3569
f 3570 3571 3367
f 3367 3571 3368
f 3367 3260 3568
f 3259 3260 3367
f 3568 3570 3367
f 3572 3366 3295
f 3295 3506 3572
f 3573 3492 3370
f 3574 3573 3370
f 3266 3574 3370
f 3371 3408 3575
f 3371 3575 3576
f 3371 3577 3262
f 3576 3577 3371
f 3300 3299 3578
f 2983 3579 3520
f 3520 3579 3580
f 2985 2983 3520
f 3520 3580 3521
f 2992 2985 3520
f 3135 3180 3581
f 3582 3064 3135
f 3135 3581 3582
f 3320 3583 3584
f 3320 3584 3585
f 3320 3585 3586
f 3586 3321 3320
f 3587 3588 3320
f 3312 3587 3320
f 3311 3312 3320
f 3175 3589 3590
f 3476 3589 3175
f 3590 3591 3175
f 3175 3591 3592
f 3491 3176 3175
f 3592 3491 3175
f 3180 3251 3593
f 3180 3593 3581
f 3594 3595 3064
f 3064 3595 3035
f 3064 3582 3594
f 3596 3597 3598
f 3389 3597 3596
f 3599 3600 3596
f 3596 3600 3472
f 3596 3601 3599
f 3598 3601 3596
f 3596 3472 3389
f 3500 3602 3603
f 3604 3602 3500
f 3500 3603 3605
f 3500 3605 3606
f 3606 3501 3500
f 3502 3604 3500
f 3489 3488 3607
f 3607 3608 3489
f 3489 3608 3452
f 3609 3409 3324
f 3324 3523 3609
f 3408 3451 3610
f 3610 3575 3408
f 3440 3441 3611
f 3440 3611 3505
f 3540 3539 3612
f 3540 3612 3613
f 3614 3552 3540
f 3615 3614 3540
f 3613 3615 3540
f 3441 3439 3616
f 3617 3611 3441
f 3441 3616 3617
f 3376 3618 3597
f 3597 3618 3619
f 3372 3376 3597
f 3597 3619 3598
f 3389 3372 3597
f 3620 3616 3439
f 3621 3620 3439
f 3622 3621 3439
f 3439 3445 3622
f 3514 3623 3624
f 3516 3623 3514
f 3547 3546 3514
f 3514 3546 3515
f 3624 3547 3514
f 3251 3304 3625
f 3625 3593 3251
f 3518 3465 3328
f 3595 3626 3035
f 3627 3626 3595
f 3595 3594 3628
f 3595 3628 3627
f 3458 3531 3629
f 3458 3629 3621
f 3458 3621 3622
f 3622 3445 3458
f 3630 3631 3561
f 3561 3631 3502
f 3560 3630 3561
f 3561 3502 3429
f 3548 3459 3460
f 3632 3548 3460
f 3460 3335 3462
f 3462 3632 3460
f 3463 3336 3633
f 3463 3633 3634
f 3463 3634 3635
f 3463 3635 3461
f 3529 3345 3636
f 3529 3637 3530
f 3636 3637 3529
f 3345 3537 3636
f 3638 3518 3524
f 3524 3518 3443
f 3639 3638 3524
f 3525 3639 3524
f 3466 3465 3640
f 3640 3641 3466
f 3466 3641 3642
f 3642 3464 3466
f 3530 3633 3336
f 3455 3530 3336
f 3544 3643 3644
f 3543 3643 3544
f 3544 3644 3545
f 3298 3645 3299
f 3299 3645 3646
f 3646 3578 3299
f 3642 3565 3470
f 3470 3464 3642
f 3647 3612 3539
f 3539 3541 3648
f 3539 3648 3647
f 3451 3608 3649
f 3452 3608 3451
f 3649 3610 3451
f 3650 3553 3495
f 3495 3496 3651
f 3495 3651 3650
f 3652 3554 3553
f 3553 3650 3652
f 3488 3653 3607
f 3654 3653 3488
f 3488 3491 3592
f 3592 3654 3488
f 3473 3655 3656
f 3498 3655 3473
f 3657 3323 3473
f 3473 3656 3657
f 3188 3498 3473
f 3658 3659 3556
f 3556 3659 3660
f 3661 3483 3556
f 3662 3658 3556
f 3556 3660 3661
f 3557 3662 3556
f 3554 3663 3664
f 3652 3663 3554
f 3664 3555 3554
f 3665 3496 3354
f 3666 3496 3665
f 3494 3667 3665
f 3665 3667 3666
f 3665 3354 3494
f 3492 3573 3668
f 3492 3668 3493
f 3669 3651 3496
f 3666 3669 3496
f 3670 3479 3366
f 3366 3572 3670
f 3579 3671 3672
f 2990 3671 3579
f 3579 2983 2990
f 3579 3672 3673
f 3673 3580 3579
f 3304 3360 3674
f 3674 3625 3304
f 3626 3675 3025
f 3676 3675 3626
f 3626 3025 3029
f 3029 3035 3626
f 3627 3676 3626
f 3612 3583 3613
f 3677 3583 3612
f 3647 3677 3612
f 3678 3504 3409
f 3409 3609 3678
f 3679 3523 3522
f 3680 3681 3497
f 3497 3681 3682
f 3499 3680 3497
f 3497 3682 3498
f 3348 3406 3645
f 3645 3298 3348
f 3602 3683 3603
f 3684 3683 3602
f 3604 3684 3602
f 3360 3426 3685
f 3685 3674 3360
f 3600 3471 3472
f 3631 3686 3604
f 3631 3604 3502
f 3675 3687 3032
f 3688 3687 3675
f 3675 3032 3025
f 3676 3688 3675
f 3611 3617 3689
f 3689 3690 3611
f 3611 3690 3505
f 3653 3691 3607
f 3692 3691 3653
f 3653 3693 3694
f 3654 3693 3653
f 3653 3694 3692
f 3695 3696 3623
f 3623 3696 3624
f 3623 3517 3697
f 3516 3517 3623
f 3697 3695 3623
f 3533 3698 3534
f 3534 3698 3699
f 3699 3344 3534
f 3700 3537 3538
f 3701 3700 3538
f 3702 3701 3538
f 3343 3702 3538
f 3703 3506 3480
f 3480 3456 3704
f 3704 3703 3480
f 3705 3629 3531
f 3706 3705 3531
f 3531 3532 3706
f 3685 3426 3479
f 3479 3670 3685
f 3707 3640 3465
f 3465 3518 3638
f 3465 3638 3707
f 3708 3709 3637
f 3637 3709 3710
f 3710 3530 3637
f 3636 3708 3637
f 3537 3700 3636
f 3549 3548 3711
f 3711 3712 3549
f 3549 3712 3550
f 3713 3714 3671
f 3671 3714 3715
f 2989 3713 3671
f 2990 2989 3671
f 3671 3715 3672
f 3716 3649 3608
f 3608 3691 3716
f 3607 3691 3608
f 3717 3634 3633
f 3718 3717 3633
f 3633 3530 3710
f 3633 3710 3718
f 3719 3572 3506
f 3506 3703 3719
f 3563 3562 3720
f 3563 3720 3706
f 3706 3532 3563
f 3563 3532 3341
f 3563 3341 3364
f 3721 3720 3562
f 3722 3721 3562
f 3562 3564 3722
f 3643 3723 3724
f 3725 3723 3643
f 3643 3724 3644
f 3643 3543 3725
f 3566 3565 3726
f 3566 3726 3727
f 3727 3728 3566
f 3566 3728 3567
f 3456 3457 3729
f 3729 3704 3456
f 3730 3609 3523
f 3523 3679 3730
f 3731 3650 3651
f 3651 3669 3731
f 3659 3658 3732
f 3733 3660 3659
f 3659 3732 3734
f 3735 3733 3659
f 3734 3735 3659
f 3736 3737 3738
f 3738 3737 3739
f 3738 3740 3741
f 3742 3740 3738
f 3738 3743 3744
f 3741 3743 3738
f 3744 3736 3738
f 3738 3739 3742
f 3652 3745 3663
f 3663 3745 3746
f 3746 3664 3663
f 3747 3584 3583
f 3748 3747 3583
f 3583 3615 3613
f 3749 3748 3583
f 3583 3677 3749
f 3584 3747 3750
f 3584 3750 3722
f 3722 3585 3584
f 3751 3573 3752
f 3752 3573 3574
f 3753 3751 3752
f 3752 3574 3754
f 3755 3753 3752
f 3754 3755 3752
f 3575 3610 3756
f 3575 3756 3757
f 3757 3576 3575
f 3751 3668 3573
f 3650 3731 3758
f 3650 3758 3652
f 3759 3617 3616
f 3760 3761 3616
f 3616 3761 3759
f 3620 3760 3616
f 3762 3763 3687
f 3687 3763 3032
f 3687 3764 3762
f 3688 3764 3687
f 3765 3766 3737
f 3737 3766 3767
f 3737 3736 3765
f 3767 3739 3737
f 3629 3705 3768
f 3768 3760 3629
f 3629 3760 3620
f 3629 3620 3621
f 3769 3770 3632
f 3771 3770 3769
f 3769 3461 3772
f 3462 3461 3769
f 3769 3632 3462
f 3772 3771 3769
f 3773 3711 3548
f 3548 3632 3773
f 3634 3717 3774
f 3634 3774 3775
f 3775 3635 3634
f 3776 3670 3572
f 3572 3719 3776
f 3641 3640 3777
f 3777 3778 3641
f 3641 3778 3642
f 3610 3649 3779
f 3780 3756 3610
f 3779 3780 3610
f 3781 3726 3565
f 3642 3781 3565
f 3457 3487 3782
f 3782 3729 3457
f 3783 3784 3667
f 3667 3784 3785
f 3667 3494 3493
f 3785 3666 3667
f 3493 3783 3667
f 3786 3731 3669
f 3669 3787 3786
f 3666 3787 3669
f 3668 3751 3788
f 3668 3788 3783
f 3668 3783 3493
f 3789 3790 3686
f 3686 3790 3684
f 3686 3684 3604
f 3791 3792 3793
f 3794 3792 3791
f 3791 3793 3743
f 3741 3794 3791
f 3791 3743 3741
f 3682 3795 3655
f 3655 3795 3796
f 3797 3656 3655
f 3796 3797 3655
f 3498 3682 3655
f 3798 3799 3714
f 3714 3799 3800
f 3714 3713 3798
f 3800 3715 3714
f 3649 3716 3801
f 3649 3801 3779
f 3802 3678 3609
f 3609 3730 3802
f 3683 3803 3804
f 3684 3803 3683
f 3683 3804 3603
f 3805 3716 3691
f 3806 3805 3691
f 3692 3806 3691
f 3763 3807 3062
f 3808 3807 3763
f 3763 3062 3032
f 3763 3762 3808
f 3809 3810 3811
f 3812 3809 3811
f 3813 3814 3589
f 3589 3814 3815
f 3589 3816 3817
f 3818 3816 3589
f 3817 3590 3589
f 3589 3478 3813
f 3476 3478 3589
f 3815 3818 3589
f 3617 3759 3819
f 3819 3689 3617
f 3820 3821 3822
f 3823 3821 3820
f 3822 3824 3820
f 3820 3824 3767
f 3820 3766 3823
f 3767 3766 3820
f 3695 3825 3696
f 3696 3825 3826
f 3827 3624 3696
f 3696 3826 3827
f 3828 3829 3709
f 3709 3829 3830
f 3708 3828 3709
f 3718 3710 3709
f 3830 3718 3709
f 3700 3701 3831
f 3700 3831 3708
f 3700 3708 3636
f 3832 3777 3640
f 3707 3832 3640
f 3670 3776 3833
f 3833 3685 3670
f 3814 3834 3835
f 3836 3834 3814
f 3835 3837 3814
f 3814 3837 3815
f 3838 3836 3814
f 3813 3838 3814
f 3839 3730 3679
f 3840 3774 3717
f 3830 3840 3717
f 3717 3718 3830
f 3841 3842 3843
f 3843 3842 3844
f 3843 3638 3639
f 3707 3638 3843
f 3843 3639 3841
f 3844 3707 3843
f 3845 3719 3703
f 3703 3704 3846
f 3846 3845 3703
f 3723 3847 3848
f 3849 3847 3723
f 3723 3848 3850
f 3850 3724 3723
f 3725 3849 3723
f 3792 3851 3852
f 3852 3793 3792
f 3593 3625 3853
f 3854 3581 3593
f 3593 3853 3854
f 3735 3855 3856
f 3856 3855 3857
f 3856 3858 3859
f 3857 3858 3856
f 3856 3733 3735
f 3859 3733 3856
f 3860 3758 3731
f 3731 3786 3860
f 3487 3861 3862
f 3486 3861 3487
f 3862 3782 3487
f 3719 3845 3863
f 3863 3776 3719
f 3864 3865 3745
f 3745 3865 3866
f 3652 3864 3745
f 3745 3866 3746
f 3625 3674 3867
f 3867 3853 3625
f 3868 3750 3747
f 3869 3868 3747
f 3747 3748 3869
f 3870 3871 3681
f 3681 3871 3872
f 3681 3680 3870
f 3872 3682 3681
f 3758 3860 3873
f 3758 3873 3874
f 3758 3874 3864
f 3758 3864 3652
f 3875 3582 3581
f 3581 3854 3875
f 3876 3877 3878
f 3879 3876 3878
f 3880 3846 3704
f 3704 3729 3880
f 3716 3805 3881
f 3881 3801 3716
f 3882 3883 3807
f 3807 3884 3062
f 3885 3882 3807
f 3807 3808 3885
f 3886 3887 3834
f 3834 3887 3835
f 3888 3886 3834
f 3836 3888 3834
f 3851 3889 3890
f 3890 3852 3851
f 3799 3891 3892
f 3125 3891 3799
f 3799 3892 3893
f 3798 3126 3799
f 3799 3126 3125
f 3799 3893 3800
f 3129 3894 3821
f 3821 3894 3895
f 3896 3129 3821
f 3821 3009 3896
f 3823 3009 3821
f 3895 3822 3821
f 3674 3685 3833
f 3833 3867 3674
f 3698 3897 3898
f 3899 3897 3698
f 3698 3533 3899
f 3698 3898 3900
f 3900 3699 3698
f 3901 3831 3701
f 3902 3901 3701
f 3701 3702 3903
f 3903 3902 3701
f 3904 3768 3705
f 3905 3904 3705
f 3705 3706 3905
f 3678 3802 3906
f 3730 3839 3907
f 3907 3802 3730
f 3712 3711 3908
f 3908 3909 3712
f 3712 3909 3910
f 3712 3910 3550
f 3911 3912 3913
f 3914 3911 3913
f 3915 3594 3582
f 3582 3875 3915
f 3845 3846 3693
f 3591 3863 3845
f 3693 3591 3845
f 3916 3917 3810
f 3809 3916 3810
f 3918 3919 3920
f 3921 3922 3790
f 3790 3922 3684
f 3789 3921 3790
f 3720 3721 3923
f 3720 3923 3924
f 3720 3924 3905
f 3905 3706 3720
f 3925 3923 3721
f 3926 3925 3721
f 3721 3722 3926
f 3776 3863 3927
f 3927 3833 3776
f 3761 3760 3928
f 3929 3759 3761
f 3761 3928 3929
f 3760 3768 3930
f 3930 3928 3760
f 3726 3781 3931
f 3726 3931 3932
f 3726 3932 3727
f 3294 3890 3889
f 3846 3880 3933
f 3694 3693 3846
f 3846 3933 3694
f 3934 3907 3839
f 3839 3935 3934
f 3936 3930 3768
f 3768 3904 3936
f 3926 3722 3750
f 3937 3908 3711
f 3773 3937 3711
f 3770 3938 3937
f 3771 3938 3770
f 3773 3632 3770
f 3770 3937 3773
f 3774 3840 3939
f 3774 3939 3940
f 3774 3940 3775
f 3941 3942 3943
f 3943 3942 3944
f 3943 3571 3570
f 3945 3571 3943
f 3943 3570 3932
f 3943 3932 3941
f 3944 3945 3943
f 3946 3947 3948
f 3778 3777 3949
f 3778 3949 3950
f 3778 3950 3951
f 3778 3951 3952
f 3778 3952 3642
f 3953 3788 3751
f 3753 3953 3751
f 3954 3955 3755
f 3956 3955 3954
f 3954 3957 3757
f 3754 3957 3954
f 3954 3755 3754
f 3757 3956 3954
f 3756 3780 3958
f 3756 3958 3956
f 3756 3956 3757
f 3959 3960 3803
f 3803 3960 3961
f 3684 3959 3803
f 3961 3804 3803
f 3816 3927 3863
f 3863 3591 3590
f 3817 3816 3863
f 3863 3590 3817
f 3962 3880 3729
f 3729 3782 3962
f 3882 3963 3883
f 3781 3964 3931
f 3965 3964 3781
f 3952 3965 3781
f 3642 3952 3781
f 3966 3881 3805
f 3967 3966 3805
f 3805 3806 3968
f 3805 3968 3967
f 3759 3929 3819
f 3969 3970 3894
f 3894 3129 3969
f 3894 3971 3895
f 3972 3786 3787
f 3973 3972 3787
f 3787 3666 3785
f 3785 3973 3787
f 3953 3974 3788
f 3788 3974 3975
f 3975 3783 3788
f 3972 3860 3786
f 3976 3977 3825
f 3825 3977 3978
f 3825 3695 3976
f 3825 3978 3826
f 3979 3980 3887
f 3887 3980 3981
f 3887 3886 3982
f 3981 3835 3887
f 3982 3979 3887
f 3983 3958 3780
f 3984 3983 3780
f 3779 3984 3780
f 3985 3840 3829
f 3829 3840 3830
f 3828 3985 3829
f 3831 3901 3986
f 3831 3986 3828
f 3831 3828 3708
f 3861 3987 3988
f 3580 3987 3861
f 3988 3862 3861
f 3521 3580 3861
f 3486 3521 3861
f 3989 3949 3777
f 3777 3832 3989
f 3990 3628 3594
f 3594 3915 3990
f 3840 3985 3991
f 3991 3939 3840
f 3992 3993 3842
f 3842 3993 3994
f 3841 3992 3842
f 3842 3994 3995
f 3995 3844 3842
f 3891 3996 3997
f 3190 3996 3891
f 3891 3997 3998
f 3891 3998 3892
f 3891 3125 3190
f 3847 3999 4000
f 4001 3999 3847
f 3847 4002 3848
f 4000 4002 3847
f 3847 3849 4001
f 3872 4003 3795
f 3795 4003 3796
f 3795 3682 3872
f 3880 3962 4004
f 4005 3933 3880
f 4004 4005 3880
f 3855 4006 4007
f 4008 4006 3855
f 3855 4007 3857
f 3855 3735 4009
f 4009 4008 3855
f 4010 3873 3860
f 3972 4010 3860
f 3869 4002 3868
f 3874 4011 3865
f 3865 4011 4012
f 3864 3874 3865
f 3865 4012 4013
f 4013 3866 3865
f 4014 4015 3963
f 4016 4014 3963
f 3882 4016 3963
f 3801 3881 4017
f 3801 4017 3984
f 3801 3984 3779
f 3316 4018 3970
f 3970 3969 3240
f 3970 3240 3316
f 3802 3907 4019
f 4019 3906 3802
f 3873 4010 4020
f 3873 4020 3874
f 4021 4019 3907
f 3934 4021 3907
f 3912 4022 3877
f 3877 3876 4023
f 4023 3912 3877
f 3916 4024 3917
f 3947 4025 3809
f 3947 3809 3812
f 3947 3812 3948
f 4018 3316 3315
f 3853 3867 4026
f 4027 3854 3853
f 3853 4026 4027
f 3922 4028 3959
f 3922 3959 3684
f 4029 4030 3628
f 3628 4030 3676
f 3628 3990 4029
f 3628 3676 3627
f 4031 4032 4015
f 4015 4014 4033
f 4015 3302 3303
f 4033 4031 4015
f 4034 3962 3782
f 3782 3862 4034
f 3867 3833 4035
f 4035 4026 3867
f 3996 4032 4036
f 4037 3997 3996
f 4036 4037 3996
f 4038 3920 4039
f 3881 3966 4040
f 4040 4017 3881
f 4041 3875 3854
f 3854 4027 4041
f 4042 4043 3980
f 3980 4043 4044
f 3980 3979 4045
f 3980 4045 4042
f 3980 4044 4046
f 4046 3981 3980
f 4047 4003 3871
f 3871 4003 3872
f 4048 4047 3871
f 4049 4048 3871
f 3871 3870 4049
f 3960 4028 4050
f 3959 4028 3960
f 3960 4050 4051
f 4052 3961 3960
f 3960 4053 4052
f 4051 4053 3960
f 3673 4054 3987
f 3987 4054 4055
f 4056 3988 3987
f 4055 4056 3987
f 3987 3580 3673
f 4057 3929 3928
f 3928 3930 4058
f 4058 4057 3928
f 3962 4034 4059
f 3967 3968 3962
f 3962 3968 4004
f 4059 3967 3962
f 3929 4057 4060
f 3929 4060 3819
f 3833 3927 4035
f 3930 3936 4061
f 4062 4058 3930
f 4061 4062 3930
f 3897 4063 3898
f 4064 4063 3897
f 3899 4065 3897
f 3897 4065 4064
f 4066 3986 3901
f 3902 4066 3901
f 4067 3936 3904
f 3924 4067 3904
f 3905 3924 3904
f 3977 4068 3978
f 4069 4068 3977
f 3977 3976 4060
f 3977 4060 4070
f 3977 4070 4069
f 4067 4061 3936
f 4066 4071 3986
f 3986 4071 4072
f 3986 4072 3828
f 4073 3991 3985
f 4072 4074 3985
f 3985 4074 4073
f 3828 4072 3985
f 3909 3908 4075
f 3909 4075 4076
f 3909 4076 4077
f 3909 4077 4078
f 4078 3910 3909
f 4079 3950 3949
f 3989 4079 3949
f 3875 4041 4080
f 4080 3915 3875
f 3938 4081 4082
f 4083 4081 3938
f 4082 4084 3938
f 3938 4084 3937
f 3938 3771 4083
f 3937 4075 3908
f 3939 3991 4085
f 3939 4085 3940
f 3950 4079 4086
f 3950 4086 3951
f 3991 4087 4085
f 4073 4087 3991
f 3923 3925 4088
f 3923 4088 4089
f 3923 4089 3924
f 4032 4031 4036
f 3993 4090 4091
f 4092 4090 3993
f 3993 3992 4007
f 4091 3994 3993
f 3993 4007 4092
f 4093 4088 3925
f 3925 3926 4093
f 4094 4040 3966
f 4095 4094 3966
f 3966 3967 4059
f 3966 4059 4095
f 3999 4096 4000
f 4097 4096 3999
f 3999 4098 4097
f 4001 4098 3999
f 4099 3931 3964
f 3964 4100 4099
f 3965 4100 3964
f 3931 4099 4101
f 3931 4102 3932
f 4101 4102 3931
f 4103 4027 4026
f 4035 3927 4026
f 4026 3927 4104
f 4026 4104 4103
f 4025 4105 3916
f 4106 4105 4025
f 4025 3916 3809
f 3906 4019 4107
f 4006 4108 4007
f 4109 4108 4006
f 4110 4109 4006
f 4111 4110 4006
f 4008 4111 4006
f 4010 3972 4112
f 4113 4020 4010
f 4112 4113 4010
f 4114 4115 3942
f 3942 4115 4116
f 3941 4114 3942
f 4116 3944 3942
f 4117 4118 4030
f 4030 4118 3688
f 4029 4117 4030
f 4030 3688 3676
f 4119 4107 4019
f 4019 4021 4119
f 3974 3953 4120
f 3974 4120 4121
f 3974 4121 3975
f 4121 4122 4123
f 4123 4122 4124
f 3785 3784 4123
f 4123 3784 3975
f 4124 4125 4123
f 4123 4125 4126
f 3975 4121 4123
f 4126 3785 4123
f 3973 4112 3972
f 4127 4128 4129
f 4130 4041 4027
f 4027 4103 4131
f 4027 4131 4132
f 4027 4132 4130
f 4011 4020 4133
f 3874 4020 4011
f 4133 4134 4011
f 4011 4134 4135
f 4135 4012 4011
f 4136 4120 3953
f 4137 4136 3953
f 4138 4137 3953
f 3753 4138 3953
f 4139 4140 3955
f 3955 4140 4141
f 3956 4139 3955
f 3955 4141 3755
f 3958 3983 4142
f 3958 4142 3956
f 4020 4113 4133
f 4143 4144 4024
f 4024 4144 4145
f 4024 3916 4143
f 3927 3816 4104
f 3983 4017 4146
f 3984 4017 3983
f 4146 4142 3983
f 4003 4047 4147
f 4003 4147 4148
f 4003 4148 4149
f 4003 4149 3796
f 4150 4050 4028
f 4151 4152 4043
f 4043 4152 4153
f 4043 4042 4151
f 4154 4044 4043
f 4153 4154 4043
f 4155 4080 4041
f 4041 4130 4155
f 4156 4034 3862
f 3862 3988 4157
f 4157 4156 3862
f 4022 4158 4159
f 3911 4158 4022
f 4022 3912 3911
f 4022 4159 4160
f 4160 4161 4022
f 3915 4080 4162
f 4162 3990 3915
f 4017 4040 4163
f 4163 4146 4017
f 4050 4150 4164
f 4050 4164 4165
f 4166 4051 4050
f 4050 4165 4166
f 4167 4168 4054
f 4054 4168 4169
f 3672 4167 4054
f 3673 3672 4054
f 4054 4169 4055
f 4128 4170 4171
f 4172 4170 4128
f 4173 4129 4128
f 4171 4173 4128
f 4118 4174 4175
f 4176 4174 4118
f 4118 4175 3688
f 4118 4117 4176
f 4057 4058 4177
f 4057 4177 4178
f 4057 4178 4070
f 4070 4060 4057
f 4034 4156 4179
f 4095 4059 4034
f 4180 4095 4034
f 4034 4179 4180
f 4068 4181 4182
f 4069 4181 4068
f 4068 4182 4097
f 4097 3978 4068
f 4183 4184 4074
f 4074 4184 4185
f 4074 4072 4186
f 4074 4186 4183
f 4074 4185 4073
f 4071 4066 4187
f 4187 4188 4071
f 4071 4188 4183
f 4186 4072 4071
f 4183 4186 4071
f 4189 4086 4079
f 4190 4189 4079
f 4079 3989 4190
f 4191 4192 4105
f 4105 4192 3916
f 4106 4191 4105
f 4040 4094 4193
f 4193 4163 4040
f 4194 4085 4087
f 4087 4195 4194
f 4185 4195 4087
f 4073 4185 4087
f 4196 4197 4198
f 4199 4200 4201
f 4201 4202 4199
f 4203 4202 4201
f 4096 4204 4205
f 4097 4204 4096
f 4205 4000 4096
f 4206 4162 4080
f 4207 4206 4080
f 4155 4207 4080
f 4058 4062 4208
f 4208 4177 4058
f 4209 4147 4047
f 4210 4209 4047
f 4047 4048 4210
f 4062 4061 4211
f 4212 4208 4062
f 4062 4211 4212
f 4143 4192 4144
f 4144 4192 4213
f 4213 4214 4144
f 4144 4214 4145
f 4108 4215 4216
f 4217 4215 4108
f 4216 4007 4108
f 4218 4217 4108
f 4109 4218 4108
f 4219 4133 4113
f 4113 4112 4220
f 4220 4219 4113
f 4061 4067 4221
f 4221 4211 4061
f 4134 4133 4222
f 4134 4222 4223
f 4224 4225 4134
f 4134 4225 4135
f 4223 4224 4134
f 4133 4219 4226
f 4226 4222 4133
f 4086 4227 3951
f 4228 4227 4086
f 4086 4189 4229
f 4086 4229 4228
f 4230 4076 4075
f 4075 4231 4230
f 4232 4231 4075
f 3937 4084 4075
f 4075 4084 4232
f 4081 4085 4194
f 3940 4085 4081
f 4081 4194 4233
f 4083 3940 4081
f 4081 4233 4082
f 3990 4162 4234
f 4234 4235 3990
f 3990 4235 4029
f 4236 4100 4227
f 4227 4100 3965
f 4228 4236 4227
f 3965 3951 4227
f 3207 4237 4107
f 4107 3202 3207
f 4119 3202 4107
f 4238 4099 4100
f 4100 4236 4238
f 4239 3898 4063
f 4240 4239 4063
f 4064 4241 4063
f 4063 4241 4240
f 4242 4187 4066
f 4066 3902 4242
f 4089 4221 4067
f 3924 4089 4067
f 4243 4193 4094
f 4179 4243 4094
f 4094 4095 4180
f 4180 4179 4094
f 4076 4230 4077
f 4170 4244 4171
f 4172 4244 4170
f 4245 4164 4150
f 4246 4245 4150
f 4120 4136 4247
f 4247 4248 4120
f 4120 4248 4249
f 4120 4122 4121
f 4249 4122 4120
f 4112 4250 4220
f 4251 4250 4112
f 3973 4251 4112
f 4152 4252 4253
f 4254 4252 4152
f 4152 4253 4255
f 4152 4255 4153
f 4151 4254 4152
f 4256 4257 4088
f 4088 4257 4089
f 4258 4256 4088
f 4088 4093 4258
f 4099 4238 4259
f 4099 4259 4101
f 4174 4260 4261
f 4262 4260 4174
f 4174 4261 3762
f 4263 4262 4174
f 4174 3762 4175
f 4176 4263 4174
f 4114 4264 4115
f 4115 4264 4265
f 4115 4265 4266
f 4115 4266 4116
f 4267 4247 4136
f 4136 4137 4267
f 4141 4140 4268
f 4268 4140 4269
f 4268 4137 4141
f 4267 4137 4268
f 4268 4269 4267
f 4142 4146 4270
f 4142 4270 4271
f 4142 4139 3956
f 4271 4139 4142
f 4056 4272 3988
f 3988 4272 4273
f 3988 4273 4157
f 4164 4245 4274
f 4164 4274 4275
f 4164 4275 4276
f 4164 4276 4165
f 4168 4277 4278
f 4279 4277 4168
f 4167 4280 4168
f 4168 4280 4279
f 4168 4278 4169
f 4199 4281 4158
f 4158 4281 4159
f 4282 4199 4158
f 4158 3911 4282
f 4146 4163 4283
f 4283 4270 4146
f 4253 4234 4162
f 4162 4206 4255
f 4255 4253 4162
f 4177 4208 4284
f 4177 4284 4178
f 4285 4286 4197
f 4197 4286 4287
f 4288 4289 4197
f 4197 4289 4285
f 4197 4196 4288
f 4290 4148 4147
f 4147 4209 4290
f 4181 4291 4182
f 4292 4291 4181
f 4181 4178 4292
f 4070 4178 4181
f 4069 4070 4181
f 4293 4294 4192
f 4192 4294 4213
f 4192 4191 4295
f 4192 4295 4293
f 4143 3916 4192
f 4183 4296 4184
f 4184 4296 4185
f 4188 4187 4297
f 4297 4298 4188
f 4188 4298 4183
f 4299 4229 4189
f 4300 4299 4189
f 4189 4301 4300
f 4190 4301 4189
f 4302 4194 4195
f 4195 4303 4302
f 4185 4303 4195
f 4244 4304 4305
f 4306 4304 4244
f 4244 4305 4171
f 4307 4308 4309
f 4310 4308 4307
f 4309 4311 4307
f 4307 4311 4301
f 4301 4312 4307
f 4307 4312 4313
f 4307 4091 4310
f 4313 4091 4307
f 4314 4315 4316
f 4314 4316 4317
f 4182 4318 4204
f 4204 4318 4319
f 4097 4182 4204
f 4204 4319 4320
f 4204 4320 4205
f 4321 4322 4214
f 4213 4321 4214
f 4163 4193 4323
f 4324 4283 4163
f 4323 4324 4163
f 4235 4234 4325
f 4326 4327 4235
f 4235 4327 4029
f 4235 4325 4326
f 4328 4329 4215
f 4215 4329 4330
f 4330 4216 4215
f 4215 4217 4328
f 4331 4226 4219
f 4219 4220 4332
f 4332 4331 4219
f 4156 4333 4334
f 4157 4333 4156
f 4156 4334 4335
f 4335 4179 4156
f 4222 4226 4336
f 4222 4336 4337
f 4222 4337 4223
f 4226 4331 4338
f 4338 4336 4226
f 4260 4339 4340
f 4341 4339 4260
f 4260 4340 4261
f 4262 4341 4260
f 4342 4284 4208
f 4343 4342 4208
f 4212 4343 4208
f 4148 4290 4344
f 4345 4274 4245
f 4211 4221 4346
f 4346 4343 4211
f 4211 4343 4212
f 4304 4347 4348
f 4349 4347 4304
f 4304 4348 4350
f 4350 4305 4304
f 4306 4349 4304
f 4193 4243 4351
f 4351 4323 4193
f 4229 4299 4352
f 4229 4352 4228
f 4353 4238 4236
f 4354 4353 4236
f 4228 4354 4236
f 4252 4355 4356
f 4357 4355 4252
f 4358 4253 4252
f 4252 4254 4357
f 4252 4356 4358
f 4359 4230 4231
f 4231 4360 4359
f 4361 4360 4231
f 4231 4232 4361
f 4233 4362 4363
f 4363 4362 4364
f 4082 4233 4363
f 4363 4084 4082
f 4232 4084 4363
f 4363 4365 4232
f 4364 4365 4363
f 4194 4302 4366
f 4366 4233 4194
f 4367 4290 4209
f 4368 4367 4209
f 4369 4368 4209
f 4209 4210 4369
f 4353 4259 4238
f 4370 4371 4237
f 4237 3207 4370
f 4372 4373 4286
f 4286 4373 4374
f 4375 4372 4286
f 4285 4375 4286
f 4286 4374 4376
f 4376 4287 4286
f 4274 4345 4377
f 4274 4377 4378
f 4379 4275 4274
f 4274 4378 4379
f 4248 4247 4380
f 4380 4381 4248
f 4248 4381 4249
f 4332 4220 4250
f 4382 4332 4250
f 4250 4125 4383
f 4251 4125 4250
f 4384 4382 4250
f 4250 4383 4384
f 4277 4385 4386
f 4279 4385 4277
f 4277 4386 4278
f 4284 4342 4387
f 4284 4387 4388
f 4388 4178 4284
f 4389 4297 4187
f 4242 4389 4187
f 4390 4346 4221
f 4391 4390 4221
f 4221 4089 4391
f 4356 4325 4234
f 4234 4253 4358
f 4358 4356 4234
f 4347 4392 4393
f 4394 4392 4347
f 4347 4393 4395
f 4347 4395 4348
f 4396 4394 4347
f 4349 4396 4347
f 4397 4398 4291
f 4291 4398 4399
f 4399 4182 4291
f 4291 4292 4400
f 4400 4397 4291
f 4293 4401 4294
f 4294 4401 4213
f 4334 4402 4243
f 4243 4402 4351
f 4335 4334 4243
f 4243 4179 4335
f 4230 4359 4403
f 4230 4404 4077
f 4403 4404 4230
f 4405 4352 4299
f 4406 4405 4299
f 4299 4300 4406
f 4407 4408 4296
f 4296 4408 4409
f 4410 4407 4296
f 4296 4183 4410
f 4296 4409 4185
f 4411 4412 4298
f 4298 4412 4407
f 4298 4297 4411
f 4298 4407 4410
f 4410 4183 4298
f 4257 4256 4413
f 4257 4413 4414
f 4391 4089 4257
f 4414 4391 4257
f 4415 4416 4417
f 4418 4415 4417
f 4419 4413 4256
f 4258 4419 4256
f 4308 4420 4421
f 4422 4420 4308
f 4310 4423 4308
f 4308 4423 4424
f 4424 4425 4308
f 4308 4425 4422
f 4421 4309 4308
f 4426 4302 4303
f 4303 4427 4426
f 4428 4427 4303
f 4185 4409 4303
f 4303 4409 4428
f 4259 4353 4429
f 4259 4429 4430
f 4259 4430 4431
f 4259 4431 4101
f 4432 4433 4434
f 4434 4433 4435
f 4339 4436 4016
f 4437 4436 4339
f 4339 4016 4340
f 4341 4437 4339
f 4399 4438 4318
f 4318 4438 4439
f 4318 4182 4399
f 4318 4439 4319
f 4440 4441 4322
f 4321 4440 4322
f 4272 4442 4443
f 4055 4442 4272
f 4272 4056 4055
f 4272 4443 4273
f 4392 4416 4393
f 4444 4316 4315
f 4416 4445 4393
f 4415 4445 4416
f 4264 4446 4447
f 4448 4446 4264
f 4264 4114 4449
f 4447 4265 4264
f 4264 4449 4448
f 4450 4338 4331
f 4451 4450 4331
f 4331 4332 4451
f 4329 4452 4453
f 4454 4452 4329
f 4329 4453 4330
f 4329 4328 4454
f 4455 4456 4269
f 4457 4456 4455
f 4455 4140 4139
f 4269 4140 4455
f 4455 4139 4271
f 4271 4457 4455
f 4270 4283 4458
f 4270 4458 4457
f 4270 4457 4271
f 4267 4380 4247
f 4336 4338 4459
f 4336 4459 4460
f 4336 4460 4337
f 4461 4462 4281
f 4281 4462 4463
f 4199 4202 4281
f 4281 4202 4461
f 4464 4159 4281
f 4463 4464 4281
f 4327 4465 4117
f 4466 4465 4327
f 4327 4117 4029
f 4326 4466 4327
f 4338 4450 4467
f 4467 4459 4338
f 4283 4324 4468
f 4469 4458 4283
f 4468 4469 4283
f 4290 4367 4470
f 4290 4471 4344
f 4472 4471 4290
f 4290 4470 4472
f 4473 4474 4373
f 4373 4474 4475
f 4476 4473 4373
f 4372 4476 4373
f 4373 4475 4374
f 4477 4377 4345
f 4478 4477 4345
f 4479 4480 4481
f 4481 4482 4479
f 4479 4482 4483
f 4171 4484 4173
f 4485 4486 4436
f 4436 4486 4016
f 4437 4485 4436
f 4342 4343 4487
f 4488 4387 4342
f 4487 4488 4342
f 4324 4323 4489
f 4489 4468 4324
f 4343 4346 4490
f 4490 4487 4343
f 4488 4491 4387
f 4387 4491 4492
f 4492 4388 4387
f 4357 4493 4355
f 4355 4493 4494
f 4495 4356 4355
f 4355 4496 4495
f 4494 4496 4355
f 4346 4390 4490
f 4497 4402 4333
f 4333 4402 4334
f 4443 4497 4333
f 4273 4443 4333
f 4157 4273 4333
f 3997 4498 4385
f 4385 4498 4499
f 3998 3997 4385
f 4500 3998 4385
f 4499 4386 4385
f 4279 4500 4385
f 4501 4502 4398
f 4398 4502 4503
f 4397 4501 4398
f 4503 4399 4398
f 4352 4405 4504
f 4352 4504 4505
f 4352 4354 4228
f 4505 4354 4352
f 4405 4506 4507
f 4406 4506 4405
f 4507 4504 4405
f 4508 4509 4408
f 4408 4509 4428
f 4407 4508 4408
f 4428 4409 4408
f 4510 4511 4412
f 4412 4511 4508
f 4412 4411 4510
f 4412 4508 4407
f 4420 4512 4513
f 4422 4512 4420
f 4420 4513 4514
f 4514 4421 4420
f 4515 4429 4353
f 4353 4516 4515
f 4354 4516 4353
f 4517 4359 4360
f 4518 4517 4360
f 4361 4518 4360
f 4362 4233 4366
f 4362 4519 4364
f 4520 4519 4362
f 4362 4366 4520
f 4302 4426 4520
f 4520 4366 4302
f 4427 4509 4521
f 4428 4509 4427
f 4427 4521 4522
f 4522 4426 4427
f 4523 4524 4474
f 4474 4524 4525
f 4526 4523 4474
f 4474 4525 4527
f 4473 4526 4474
f 4474 4527 4475
f 4401 4528 4529
f 4530 4528 4401
f 4293 4531 4401
f 4401 4531 4530
f 4401 4529 4321
f 4401 4321 4213
f 4438 4532 4439
f 4503 4532 4438
f 4438 4399 4503
f 4440 4533 4441
f 4534 4467 4450
f 4451 4534 4450
f 4452 4535 4536
f 4537 4535 4452
f 4536 4425 4452
f 4452 4425 4453
f 4452 4538 4539
f 4454 4538 4452
f 4539 4537 4452
f 4480 4540 4541
f 4480 4541 4481
f 4459 4467 4542
f 4542 4543 4459
f 4459 4543 4544
f 4545 4460 4459
f 4544 4545 4459
f 4325 4546 4466
f 4495 4546 4325
f 4325 4356 4495
f 4325 4466 4326
f 4381 4380 4547
f 4547 4548 4381
f 4381 4548 4549
f 4550 4249 4381
f 4549 4550 4381
f 4551 4552 4249
f 4384 4552 4551
f 4549 4553 4551
f 4551 4553 4554
f 4551 4249 4550
f 4551 4550 4549
f 4554 4384 4551
f 4332 4555 4451
f 4382 4555 4332
f 4367 4556 4470
f 4557 4556 4367
f 4367 4368 4558
f 4558 4557 4367
f 4467 4534 4542
f 4486 4559 4014
f 4560 4559 4486
f 4486 4014 4016
f 4486 4485 4560
f 4351 4561 4323
f 4323 4561 4489
f 4562 4540 4524
f 4563 4562 4524
f 4523 4563 4524
f 4540 4562 4541
f 4564 4565 4371
f 4370 4564 4371
f 4465 4566 4263
f 4567 4566 4465
f 4465 4263 4176
f 4176 4117 4465
f 4465 4466 4567
f 4568 4490 4390
f 4569 4568 4390
f 4390 4391 4569
f 4570 4571 4572
f 4573 4571 4570
f 4240 4241 4570
f 4570 4241 4573
f 4572 4574 4570
f 4570 4574 4240
f 4575 4411 4297
f 4389 4575 4297
f 4576 4577 4559
f 4559 4577 4033
f 4033 4014 4559
f 4578 4576 4559
f 4560 4578 4559
f 4359 4517 4579
f 4359 4579 4580
f 4580 4403 4359
f 4491 4488 4581
f 4581 4582 4491
f 4491 4582 4583
f 4583 4492 4491
f 4413 4584 4414
f 4585 4584 4413
f 4586 4585 4413
f 4419 4586 4413
f 4429 4515 4587
f 4429 4587 4430
f 4583 4588 4589
f 4589 4588 4501
f 4590 4583 4589
f 4589 4501 4397
f 4589 4397 4400
f 4589 4400 4590
f 4506 4591 4592
f 4593 4591 4506
f 4592 4507 4506
f 4406 4593 4506
f 4536 4594 4512
f 4512 4594 4595
f 4422 4536 4512
f 4512 4596 4513
f 4595 4596 4512
f 4402 4497 4597
f 4598 4561 4402
f 4402 4561 4351
f 4597 4598 4402
f 4599 4521 4509
f 4509 4600 4599
f 4508 4600 4509
f 4601 4600 4511
f 4511 4600 4508
f 4510 4601 4511
f 4442 4602 4603
f 4169 4602 4442
f 4442 4603 4604
f 4055 4169 4442
f 4604 4443 4442
f 4605 4606 4462
f 4462 4606 4607
f 4462 4461 4605
f 4607 4463 4462
f 4446 4608 4609
f 4610 4608 4446
f 4446 4609 4447
f 4448 4610 4446
f 4599 4611 4521
f 4521 4611 4612
f 4612 4522 4521
f 4037 4613 4498
f 4498 4613 4614
f 4498 3997 4037
f 4498 4614 4615
f 4615 4499 4498
f 4616 4617 4456
f 4456 4617 4618
f 4457 4616 4456
f 4456 4618 4269
f 4458 4469 4619
f 4619 4620 4458
f 4458 4620 4457
f 4621 4547 4380
f 4380 4618 4621
f 4267 4618 4380
f 4305 4622 4484
f 4171 4305 4484
f 4502 4623 4532
f 4532 4623 4624
f 4503 4502 4532
f 4532 4624 4625
f 4625 4439 4532
f 4626 4542 4534
f 4534 4451 4627
f 4627 4626 4534
f 4628 4629 4377
f 4377 4629 4630
f 4377 4477 4628
f 4630 4378 4377
f 4543 4542 4631
f 4631 4632 4543
f 4543 4632 4633
f 4543 4633 4544
f 4535 4634 4635
f 4636 4634 4535
f 4635 4536 4535
f 4535 4537 4636
f 4488 4487 4581
f 4542 4626 4631
f 4528 4637 4529
f 4638 4637 4528
f 4639 4638 4528
f 4530 4639 4528
f 4487 4490 4640
f 4641 4581 4487
f 4640 4641 4487
f 4469 4468 4642
f 4642 4619 4469
f 4643 4644 4493
f 4493 4644 4494
f 4337 4645 4493
f 4493 4645 4643
f 4493 4646 4337
f 4357 4646 4493
f 4490 4568 4640
f 4504 4507 4505
f 4647 4515 4516
f 4648 4647 4516
f 4516 4354 4505
f 4505 4648 4516
f 4649 4650 4582
f 4582 4650 4651
f 4582 4581 4649
f 4651 4583 4582
f 4652 4587 4515
f 4515 4647 4652
f 4591 4653 4654
f 4655 4653 4591
f 4654 4592 4591
f 4656 4655 4591
f 4591 4593 4656
f 4657 4658 4588
f 4588 4658 4659
f 4588 4583 4651
f 4588 4651 4657
f 4659 4501 4588
f 4660 4579 4517
f 4661 4660 4517
f 4518 4661 4517
f 4662 4661 4663
f 4663 4661 4518
f 4519 4664 4663
f 4663 4664 4662
f 4663 4365 4364
f 4518 4365 4663
f 4364 4519 4663
f 4426 4522 4520
f 4635 4665 4594
f 4594 4665 4666
f 4594 4536 4635
f 4594 4666 4595
f 4600 4601 4667
f 4668 4599 4600
f 4667 4668 4600
f 4601 4510 4669
f 4601 4669 4670
f 4670 4671 4601
f 4601 4671 4672
f 4601 4672 4667
f 4611 4599 4673
f 4611 4673 4674
f 4611 4674 4675
f 4675 4612 4611
f 4599 4668 4673
f 4676 4642 4468
f 4677 4676 4468
f 4489 4677 4468
f 4678 4679 4623
f 4623 4679 4680
f 4623 4502 4659
f 4680 4624 4623
f 4623 4659 4678
f 4548 4547 4681
f 4681 4682 4548
f 4548 4682 4683
f 4548 4683 4549
f 4627 4451 4555
f 4684 4627 4555
f 4555 4382 4554
f 4555 4685 4684
f 4554 4685 4555
f 4632 4631 4686
f 4686 4687 4632
f 4632 4687 4688
f 4688 4633 4632
f 4689 4631 4626
f 4690 4689 4626
f 4626 4627 4690
f 4691 4653 4650
f 4650 4653 4655
f 4650 4649 4691
f 4692 4651 4650
f 4650 4655 4692
f 4634 4665 4635
f 4693 4665 4634
f 4634 4694 4693
f 4636 4694 4634
f 4653 4691 4654
f 4613 4577 4695
f 4036 4577 4613
f 4613 4037 4036
f 4613 4695 4696
f 4696 4614 4613
f 4289 4697 4375
f 4698 4697 4289
f 4289 4375 4285
f 4631 4689 4686
f 4657 4699 4658
f 4658 4699 4666
f 4700 4659 4658
f 4658 4666 4700
f 4699 4657 4701
f 4699 4701 4596
f 4699 4596 4595
f 4595 4666 4699
f 4546 4702 4466
f 4703 4702 4546
f 4546 4495 4703
f 4687 4673 4668
f 4667 4687 4668
f 4689 4674 4673
f 4673 4687 4686
f 4686 4689 4673
f 4674 4689 4704
f 4704 4675 4674
f 4687 4667 4688
f 4566 4705 4341
f 4706 4705 4566
f 4566 4341 4262
f 4566 4262 4263
f 4567 4706 4566
f 4689 4690 4704
f 4707 4708 4709
f 4624 4708 4707
f 4709 4710 4707
f 4625 4624 4707
f 4707 4439 4625
f 4679 4665 4711
f 4678 4665 4679
f 4679 4711 4680
f 4700 4666 4665
f 4678 4700 4665
f 4665 4693 4711
f 4604 4712 4497
f 4497 4712 4597
f 4497 4443 4604
f 4713 4714 4715
f 4715 4716 4713
f 4637 4717 4718
f 4719 4717 4637
f 4718 4720 4637
f 4637 4720 4529
f 4637 4638 4719
f 4622 4721 4722
f 4350 4721 4622
f 4622 4722 4723
f 4622 4305 4350
f 4577 4031 4033
f 4036 4031 4577
f 4577 4576 4695
f 4724 4640 4568
f 4725 4724 4568
f 4568 4569 4725
f 4561 4726 4677
f 4727 4726 4561
f 4561 4598 4727
f 4561 4677 4489
f 4571 4728 4572
f 4729 4728 4571
f 4571 4573 4730
f 4730 4731 4571
f 4571 4731 4729
f 4732 4510 4411
f 4411 4575 4732
f 4581 4641 4733
f 4733 4649 4581
f 4641 4640 4734
f 4734 4733 4641
f 4579 4660 4735
f 4579 4735 4736
f 4736 4580 4579
f 4708 4737 4738
f 4739 4737 4708
f 4738 4709 4708
f 4624 4739 4708
f 4587 4652 4740
f 4587 4740 4741
f 4742 4430 4587
f 4587 4741 4742
f 4507 4592 4648
f 4507 4648 4505
f 4724 4734 4640
f 4584 4743 4744
f 4745 4743 4584
f 4584 4746 4414
f 4744 4746 4584
f 4585 4745 4584
f 4747 4652 4647
f 4647 4748 4747
f 4648 4748 4647
f 4749 4750 4606
f 4606 4750 4751
f 4605 4749 4606
f 4606 4751 4752
f 4752 4607 4606
f 4652 4747 4753
f 4753 4740 4652
f 4754 4755 4644
f 4644 4755 4756
f 4643 4754 4644
f 4644 4756 4496
f 4644 4496 4494
f 4757 4681 4547
f 4547 4621 4757
f 4758 4759 4617
f 4617 4759 4621
f 4617 4616 4758
f 4621 4618 4617
f 4620 4619 4760
f 4620 4760 4761
f 4761 4616 4620
f 4620 4616 4457
f 4608 4762 4763
f 4610 4762 4608
f 4764 4609 4608
f 4763 4764 4608
f 4765 4766 4565
f 4564 4765 4565
f 4767 4768 4737
f 4737 4768 4769
f 4770 4738 4737
f 4737 4739 4771
f 4737 4772 4770
f 4769 4772 4737
f 4773 4767 4737
f 4771 4773 4737
f 4660 4661 4774
f 4660 4774 4735
f 4775 4774 4661
f 4661 4776 4775
f 4662 4776 4661
f 4522 4612 4777
f 4522 4777 4778
f 4522 4778 4520
f 4779 4780 4556
f 4556 4780 4470
f 4556 4781 4779
f 4782 4781 4556
f 4783 4782 4556
f 4556 4557 4783
f 4768 4629 4784
f 4767 4629 4768
f 4768 4784 4785
f 4785 4769 4768
f 4602 4786 4787
f 4278 4786 4602
f 4602 4787 4603
f 4169 4278 4602
f 4681 4788 4682
f 4682 4788 4683
f 4789 4690 4627
f 4627 4684 4789
f 4619 4642 4790
f 4790 4760 4619
f 4780 4791 4471
f 4792 4791 4780
f 4780 4779 4792
f 4780 4471 4472
f 4472 4470 4780
f 4649 4733 4793
f 4793 4691 4649
f 4721 4794 4795
f 4395 4794 4721
f 4721 4795 4722
f 4348 4395 4721
f 4350 4348 4721
f 4733 4734 4796
f 4796 4793 4733
f 4592 4654 4797
f 4592 4797 4648
f 4798 4799 4642
f 4642 4799 4790
f 4676 4798 4642
f 4800 4801 4705
f 4705 4801 4437
f 4706 4800 4705
f 4705 4437 4341
f 4802 4747 4748
f 4797 4802 4748
f 4648 4797 4748
f 4734 4724 4803
f 4803 4796 4734
f 4747 4802 4804
f 4747 4804 4805
f 4805 4753 4747
f 4697 4806 4476
f 4807 4806 4697
f 4697 4476 4372
f 4697 4372 4375
f 4698 4807 4697
f 4808 4809 4810
f 4810 4809 4811
f 4810 4812 4808
f 4813 4812 4810
f 4810 4811 4814
f 4718 4717 4810
f 4810 4717 4719
f 4719 4813 4810
f 4814 4718 4810
f 4702 4815 4706
f 4816 4815 4702
f 4702 4706 4567
f 4567 4466 4702
f 4702 4703 4816
f 4817 4735 4774
f 4774 4818 4817
f 4775 4818 4774
f 4612 4675 4819
f 4819 4777 4612
f 4723 4820 4714
f 4714 4820 4821
f 4821 4715 4714
f 4793 4654 4691
f 4788 4681 4822
f 4788 4823 4824
f 4825 4823 4788
f 4788 4824 4826
f 4788 4822 4825
f 4826 4683 4788
f 4827 4685 4828
f 4789 4685 4827
f 4827 4828 4829
f 4827 4830 4831
f 4829 4830 4827
f 4831 4789 4827
f 4789 4704 4690
f 4654 4793 4802
f 4654 4802 4797
f 4832 4803 4724
f 4724 4725 4832
f 4796 4802 4793
f 4802 4796 4804
f 4833 4834 4728
f 4728 4834 4835
f 4728 4836 4833
f 4729 4836 4728
f 4835 4572 4728
f 4837 4669 4510
f 4838 4837 4510
f 4732 4838 4510
f 4839 4840 4755
f 4755 4840 4841
f 4755 4754 4839
f 4841 4756 4755
f 4805 4804 4796
f 4796 4803 4842
f 4796 4842 4805
f 4735 4817 4843
f 4843 4844 4735
f 4735 4844 4736
f 4740 4753 4741
f 4743 4845 4744
f 4846 4845 4743
f 4745 4846 4743
f 4847 4848 4849
f 4850 4848 4847
f 4851 4852 4847
f 4847 4852 4853
f 4847 4849 4854
f 4854 4851 4847
f 4855 4856 4847
f 4847 4856 4850
f 4857 4855 4847
f 4847 4853 4857
f 4710 4709 4745
f 4710 4745 4585
f 4858 4822 4681
f 4757 4858 4681
f 4859 4860 4759
f 4759 4860 4858
f 4759 4758 4861
f 4861 4859 4759
f 4757 4621 4759
f 4759 4858 4757
f 4862 4863 4760
f 4760 4863 4761
f 4790 4862 4760
f 4762 4864 4865
f 4866 4864 4762
f 4762 4867 4866
f 4610 4867 4762
f 4762 4865 4763
f 4393 4868 4794
f 4794 4868 4869
f 4395 4393 4794
f 4794 4869 4795
f 4824 4823 4818
f 4818 4823 4825
f 4870 4824 4818
f 4871 4817 4818
f 4825 4871 4818
f 4775 4870 4818
f 4675 4704 4831
f 4831 4819 4675
f 4872 4824 4870
f 4829 4824 4872
f 4872 4870 4775
f 4775 4776 4872
f 4872 4776 4873
f 4873 4830 4872
f 4872 4830 4829
f 4829 4828 4824
f 4824 4828 4826
f 4704 4789 4831
f 4726 4874 4676
f 4727 4874 4726
f 4726 4676 4677
f 4603 4875 4712
f 4712 4875 4876
f 4604 4603 4712
f 4877 4597 4712
f 4876 4877 4712
f 4848 4878 4415
f 4850 4878 4848
f 4418 4849 4848
f 4848 4415 4418
f 4801 4879 4485
f 4880 4879 4801
f 4801 4485 4437
f 4800 4880 4801
f 4393 4878 4868
f 4868 4878 4881
f 4868 4881 4869
f 4882 4883 4840
f 4840 4883 4884
f 4840 4885 4841
f 4886 4885 4840
f 4840 4839 4882
f 4840 4884 4886
f 4393 4445 4878
f 4878 4445 4415
f 4878 4850 4881
f 4887 4888 4799
f 4799 4888 4790
f 4798 4887 4799
f 4786 4889 4890
f 4499 4889 4786
f 4786 4890 4891
f 4278 4386 4786
f 4786 4386 4499
f 4786 4891 4787
f 4892 4842 4803
f 4803 4832 4893
f 4893 4892 4803
f 4894 4895 4750
f 4750 4895 4896
f 4897 4898 4750
f 4750 4898 4894
f 4749 4897 4750
f 4896 4751 4750
f 4753 4805 4899
f 4753 4899 4741
f 4900 4901 4809
f 4809 4808 4902
f 4902 4903 4809
f 4809 4903 4900
f 4904 4905 4834
f 4834 4905 4837
f 4906 4904 4834
f 4834 4837 4838
f 4834 4838 4835
f 4834 4833 4906
f 4669 4837 4907
f 4669 4908 4670
f 4907 4908 4669
f 4766 4909 4807
f 4910 4909 4766
f 4766 4765 4910
f 4766 4807 4698
f 4911 4898 4912
f 4912 4898 4913
f 4914 4911 4912
f 4915 4914 4912
f 4916 4915 4912
f 4912 4792 4916
f 4917 4918 4836
f 4836 4918 4919
f 4920 4917 4836
f 4836 4731 4920
f 4729 4731 4836
f 4919 4833 4836
f 4817 4871 4921
f 4921 4843 4817
f 4922 4923 4845
f 4845 4923 4893
f 4924 4922 4845
f 4893 4744 4845
f 4846 4924 4845
f 4709 4738 4925
f 4709 4925 4924
f 4709 4924 4846
f 4709 4846 4745
f 4926 4927 4806
f 4806 4927 4526
f 4928 4926 4806
f 4807 4928 4806
f 4806 4526 4473
f 4806 4473 4476
f 4929 4825 4822
f 4822 4860 4929
f 4858 4860 4822
f 4930 4931 4932
f 4932 4931 4859
f 4933 4930 4932
f 4758 4761 4932
f 4932 4761 4934
f 4861 4758 4932
f 4934 4933 4932
f 4932 4859 4861
f 4863 4862 4935
f 4863 4935 4933
f 4934 4761 4863
f 4863 4933 4934
f 4864 4936 4865
f 4937 4936 4864
f 4866 4937 4864
f 4938 4738 4781
f 4781 4738 4939
f 4782 4938 4781
f 4781 4939 4916
f 4916 4779 4781
f 4940 4941 4942
f 4943 4671 4942
f 4942 4671 4940
f 4944 4943 4942
f 4820 4945 4946
f 4947 4945 4820
f 4946 4948 4820
f 4820 4948 4821
f 4723 4947 4820
f 4949 4950 4883
f 4883 4950 4951
f 4883 4882 4949
f 4883 4951 4952
f 4883 4952 4884
f 4815 4800 4706
f 4815 4816 4953
f 4954 4935 4862
f 4955 4954 4862
f 4956 4955 4862
f 4862 4790 4956
f 4892 4805 4842
f 4957 4899 4805
f 4805 4892 4957
f 4950 4943 4944
f 4958 4943 4950
f 4950 4949 4958
f 4944 4951 4950
f 4879 4959 4485
f 4905 4904 4960
f 4905 4960 4961
f 4907 4837 4905
f 4905 4961 4907
f 4871 4825 4962
f 4871 4962 4921
f 4918 4917 4963
f 4918 4963 4930
f 4964 4919 4918
f 4918 4930 4965
f 4918 4965 4964
f 4922 4936 4923
f 4923 4936 4937
f 4957 4966 4923
f 4923 4966 4893
f 4923 4937 4957
f 4904 4935 4954
f 4906 4935 4904
f 4904 4954 4960
f 4825 4929 4962
f 4929 4860 4931
f 4931 4860 4859
f 4930 4963 4931
f 4931 4963 4962
f 4962 4929 4931
f 4935 4906 4964
f 4965 4933 4935
f 4964 4965 4935
f 4922 4925 4936
f 4936 4925 4967
f 4967 4865 4936
f 4738 4968 4969
f 4770 4968 4738
f 4738 4938 4970
f 4970 4925 4738
f 4969 4939 4738
f 4955 4960 4954
f 4888 4960 4955
f 4971 4960 4888
f 4888 4955 4956
f 4887 4972 4888
f 4888 4972 4971
f 4956 4790 4888
f 4874 4973 4798
f 4974 4973 4874
f 4874 4798 4676
f 4874 4975 4974
f 4727 4975 4874
f 4959 4976 4560
f 4560 4485 4959
f 4852 4977 4978
f 4482 4977 4852
f 4852 4851 4482
f 4852 4978 4853
f 4976 4979 4578
f 4976 4578 4560
f 4980 4981 4927
f 4927 4981 4563
f 4982 4980 4927
f 4927 4563 4523
f 4927 4926 4982
f 4927 4523 4526
f 4983 4961 4960
f 4971 4983 4960
f 4945 4984 4985
f 4986 4984 4945
f 4987 4946 4945
f 4945 4985 4987
f 4947 4986 4945
f 4614 4988 4889
f 4889 4988 4989
f 4989 4890 4889
f 4615 4614 4889
f 4889 4499 4615
f 4541 4990 4977
f 4977 4990 4991
f 4481 4541 4977
f 4977 4991 4978
f 4977 4482 4481
f 4992 4891 4875
f 4875 4603 4992
f 4993 4990 4981
f 4981 4990 4541
f 4994 4993 4981
f 4981 4541 4995
f 4981 4980 4994
f 4995 4563 4981
f 4973 4996 4887
f 4997 4996 4973
f 4973 4887 4798
f 4974 4997 4973
f 4909 4998 4928
f 4999 4998 4909
f 4909 4928 4807
f 4909 4910 4999
f 4972 4996 5000
f 5000 4996 5001
f 5002 4908 5000
f 5000 4908 4983
f 5000 5003 5002
f 5001 5003 5000
f 4983 4972 5000
f 4990 4993 4991
f 4984 5004 4985
f 5005 5004 4984
f 4984 4986 5006
f 4984 5006 5005
f 4901 5007 5008
f 5009 5007 4901
f 4901 5008 5010
f 4900 5009 4901
f 4996 4972 4887
f 4997 5011 4996
f 4996 5011 5001
f 5012 4895 5007
f 5007 4895 5013
f 5014 5012 5007
f 5013 5008 5007
f 5007 5009 5014
f 4696 5015 4988
f 4988 4614 4696
f 5016 5017 5004
f 5004 5017 5018
f 5018 4985 5004
f 5005 5016 5004
f 5019 5020 5021
f 5021 5020 5022
f 5021 4856 4855
f 5023 4856 5021
f 5021 4855 5019
f 5021 5024 5025
f 5026 5024 5021
f 5021 5025 5023
f 5022 5026 5021
f 5017 4856 5023
f 5027 4856 5017
f 5017 5023 5028
f 5016 5027 5017
f 5017 5028 5018
f 4940 5003 4941
f 4941 5003 5029
f 4695 4979 5015
f 4696 4695 5015
f 4998 5030 5031
f 5032 5030 4998
f 5031 4928 4998
f 4998 5033 5034
f 4999 5033 4998
f 4998 5034 5032
f 4979 4576 4578
f 4695 4576 4979
f 5035 5036 5037
f 5037 5036 5038
f 5039 5040 5037
f 5037 5040 5041
f 5038 5039 5037
f 5037 5041 5035
f 5042 5038 5036
f 5043 5044 5045
f 5046 5044 5043
f 5043 5045 5032
f 5047 5046 5043
f 5043 5034 5048
f 5032 5034 5043
f 5043 5048 5047
f 5049 5050 5020
f 5020 5050 5051
f 5019 5049 5020
f 5020 5051 5052
f 5020 5052 5053
f 5053 5022 5020
f 5054 5055 5044
f 5044 5055 5056
f 5057 5045 5044
f 5044 5046 5058
f 5058 5054 5044
f 5044 5056 5057
f 5050 5059 5055
f 5055 5059 5060
f 5051 5050 5055
f 5055 5060 5056
f 5061 5051 5055
f 5054 5061 5055
f 5062 5063 5064
f 5065 5063 5062
f 5066 5063 5040
f 5040 5063 5065
f 5040 5067 5041
f 5068 5067 5040
f 5040 5039 5066
f 5065 5068 5040
f 5069 5064 5063
f 5066 5069 5063
f 4119 4021 3203
f 3203 4021 3205
f 3203 3202 4119
f 3591 3693 3592
f 4124 4122 4552
f 4552 4122 4249
f 4383 4125 4552
f 4552 4125 4124
f 4384 4383 4552
f 4200 4199 4282
f 4282 3914 4200
f 5070 4574 4575
f 4575 4574 5071
f 4389 5070 4575
f 4575 5071 4732
f 3957 3577 3576
f 3754 3577 3957
f 3957 3576 3757
f 4092 4423 4090
f 4090 4423 4310
f 4310 4091 4090
f 3334 3462 3335
f 3291 5072 3301
f 4202 5073 4461
f 2980 2855 2838
f 3546 3397 3437
f 3546 3437 3515
f 5074 4808 4812
f 5075 5076 4812
f 4812 5076 5074
f 4812 4813 5077
f 5077 5075 4812
f 4423 4453 4424
f 4330 4453 4423
f 4423 4092 4330
f 3399 3397 3422
f 3433 3392 3399
f 3420 3433 3399
f 3422 3420 3399
f 5078 5079 4902
f 5080 5079 5078
f 5078 5081 5024
f 5074 5081 5078
f 5078 5024 5080
f 5078 4902 5074
f 3059 3137 3108
f 3702 3343 3699
f 3702 5082 3903
f 3699 5082 3702
f 4671 4670 4940
f 4671 4943 4672
f 3150 3359 3245
f 3149 3359 3150
f 4664 4778 4777
f 5083 4664 4777
f 4777 4873 5083
f 4819 4873 4777
f 2820 2817 2955
f 4432 5084 4433
f 4433 5084 3739
f 4433 3824 4435
f 3739 3824 4433
f 3945 5085 3571
f 3571 5085 5086
f 3571 5086 3368
f 2833 2955 2817
f 4616 4761 4758
f 5087 4767 4694
f 4630 4767 5087
f 4537 5088 5087
f 5087 5088 4630
f 5087 4694 4636
f 4636 4537 5087
f 5089 3225 3278
f 3278 3225 3228
f 3228 3279 3278
f 3278 3219 3236
f 3278 3236 5089
f 3072 3067 3082
f 3082 3080 3072
f 3072 3080 3071
f 3067 3096 3082
f 3574 3264 5090
f 3266 3264 3574
f 3574 5090 3754
f 5091 3103 3263
f 3168 3103 5091
f 3263 3264 5091
f 5091 3264 3266
f 3266 3267 5091
f 5091 3267 3168
f 3357 3285 3353
f 3353 3354 3357
f 3505 3697 3517
f 3517 3434 3505
f 3519 3443 3518
f 5039 5092 5093
f 5038 5092 5039
f 5039 5069 5066
f 3992 3841 5094
f 3857 4007 3992
f 3992 5094 3857
f 3129 3896 3008
f 3241 3969 3129
f 3736 2960 2961
f 2961 2962 3766
f 2961 3766 3765
f 3765 3736 2961
f 3772 3461 3635
f 3635 3775 3772
f 3533 3536 5095
f 5095 3899 3533
f 4267 4269 4618
f 3008 3896 3009
f 3823 2974 3009
f 3254 3321 3586
f 3155 3321 3254
f 3586 3252 3254
f 3254 3159 3156
f 3156 3155 3254
f 3818 4104 3816
f 3695 3697 3689
f 3819 3976 3695
f 3695 3689 3819
f 4851 4854 4483
f 4483 4482 4851
f 5096 5097 5098
f 5098 5097 4317
f 5098 4316 5096
f 4317 4316 5098
f 4500 3892 3998
f 4083 3775 3940
f 4102 5099 3941
f 4101 5099 4102
f 3941 3932 4102
f 4065 3899 5100
f 4065 5100 5101
f 5101 4064 4065
f 3898 5102 5082
f 5103 5102 3898
f 3898 4239 5103
f 3898 5082 3900
f 4605 4461 5073
f 4913 4605 5073
f 5102 3902 5082
f 5103 3902 5102
f 5074 4902 4808
f 3235 3285 3236
f 3353 3285 3235
f 3287 3286 3235
f 3217 3287 3235
f 2848 3018 2850
f 3016 3126 3798
f 3713 2997 3016
f 3798 3713 3016
f 4500 3893 3892
f 5070 5103 4239
f 5104 5070 4239
f 4239 4240 5104
f 5056 4991 4993
f 4993 4994 5056
f 4241 4404 4573
f 5105 4404 4241
f 4241 4064 5105
f 5106 4553 4683
f 4683 4553 4549
f 4683 4828 5106
f 4826 4828 4683
f 4464 5107 4159
f 4159 5107 5108
f 5108 4160 4159
f 4574 4572 5071
f 4574 5070 5104
f 5104 4240 4574
f 4421 5109 4311
f 4311 5109 4300
f 4311 4309 4421
f 4300 4301 4311
f 4514 5110 5109
f 5109 5110 5111
f 5109 4421 4514
f 5109 5111 4406
f 4406 4300 5109
f 4645 4460 5112
f 4337 4460 4645
f 5112 4754 4645
f 4645 4754 4643
f 4178 4388 4292
f 5113 4573 4403
f 4730 4573 5113
f 5113 4403 4580
f 5113 4844 4731
f 4736 4844 5113
f 5113 4731 4730
f 5113 4580 4736
f 4400 4292 4388
f 4388 4492 4400
f 5107 5114 5115
f 5116 5114 5107
f 5115 5117 5107
f 5107 5117 5108
f 5107 4464 5118
f 5107 5118 5116
f 4995 4541 4562
f 4562 4563 4995
f 3018 2848 3017
f 4492 4583 4590
f 4590 4400 4492
f 4502 4501 4659
f 5116 5119 5114
f 5114 5119 5120
f 5121 5115 5114
f 5114 5120 5121
f 5122 5081 5123
f 5028 5081 5122
f 5124 5125 5122
f 5122 5125 5018
f 5122 5123 5124
f 5018 5028 5122
f 4692 4657 4651
f 4414 4569 4391
f 4835 5071 4572
f 5126 4968 4770
f 4770 4772 5126
f 4895 5012 5127
f 4895 5127 4896
f 4894 5013 4895
f 5128 3601 3598
f 3935 3601 5128
f 5128 3619 5129
f 3598 3619 5128
f 5128 5129 3934
f 3934 3935 5128
f 5130 5131 4975
f 4975 5132 5130
f 5130 5132 4876
f 2704 2720 2718
f 2718 2728 2724
f 2724 2704 2718
f 5133 5134 4765
f 5135 5134 5133
f 5133 4765 4564
f 5136 5135 5133
f 5133 4564 5137
f 5133 5137 5136
f 4968 5010 4969
f 5097 5138 4317
f 5097 5096 5139
f 4898 4911 5013
f 4898 4897 4913
f 4898 5013 4894
f 2735 2734 2774
f 2774 2776 5140
f 5140 2735 2774
f 4967 4970 4938
f 4938 4865 4967
f 4782 4865 4938
f 5059 4978 4991
f 5060 5059 4991
f 5056 5060 4991
f 4885 5141 4841
f 4414 4746 4569
f 4569 4746 4725
f 4910 4765 5134
f 5134 5135 5142
f 5134 5142 4910
f 2770 2784 2758
f 4962 4963 4917
f 4921 4962 4917
f 4920 4921 4917
f 3536 3245 3359
f 3551 3536 3359
f 4940 4670 4908
f 4907 4961 4908
f 4908 4961 4983
f 5002 4940 4908
f 4739 4624 4680
f 4739 4680 4771
f 4925 4970 4967
f 4925 4922 4924
f 3477 3417 3555
f 3477 3555 5143
f 3477 5143 5144
f 3477 5144 3478
f 2846 2759 2761
f 2761 2754 5145
f 5145 2846 2761
f 5146 5127 5012
f 5012 5147 5148
f 5014 5147 5012
f 5012 5148 5146
f 4939 4969 4916
f 3564 3586 3585
f 3722 3564 3585
f 5027 4850 4856
f 4866 4867 4899
f 4899 4867 4741
f 4899 4957 4866
f 4725 4746 5149
f 5149 4746 4744
f 4832 4725 5149
f 4893 4832 5149
f 5149 4744 4893
f 4610 5150 4867
f 4867 5150 4741
f 3365 3215 3158
f 3157 3365 3158
f 3365 3341 3215
f 5079 5151 5152
f 5080 5151 5079
f 5152 4903 5079
f 5079 4903 4902
f 2704 2699 2720
f 2720 2699 2713
f 5153 5154 5155
f 5155 5154 5156
f 5155 5157 5153
f 5158 5157 5155
f 5155 5156 5159
f 5155 5159 5158
f 4857 5019 4855
f 2706 2722 2745
f 2745 2722 5160
f 2746 2706 2745
f 5160 2749 2745
f 3911 3914 4282
f 3893 5161 3800
f 4279 5161 3893
f 3893 4500 4279
f 3693 3654 3592
f 2978 2960 3743
f 2978 3793 3001
f 3743 3793 2978
f 3241 3240 3969
f 5162 4891 4890
f 4989 5162 4890
f 3102 3079 3083
f 3102 3090 3092
f 5089 3285 3225
f 3085 3082 3096
f 3086 3085 3096
f 5105 4077 4404
f 4403 4573 4404
f 3080 3139 3071
f 5163 3599 3601
f 3601 3935 5163
f 3526 3392 3433
f 3444 3392 3526
f 3526 3433 3432
f 3526 3483 3527
f 3432 3483 3526
f 5164 4191 5165
f 5165 4191 4106
f 5166 5164 5165
f 5139 5166 5165
f 3168 3090 3103
f 4816 4756 5141
f 5141 4756 4841
f 4953 4816 5141
f 2997 3713 2989
f 3115 3114 3189
f 2888 2887 3130
f 3130 3131 2865
f 2865 2888 3130
f 4992 4787 4891
f 2728 2727 2723
f 2723 2724 2728
f 5003 4940 5002
f 5003 5011 5029
f 5001 5011 5003
f 5089 3236 3285
f 3379 3378 3398
f 3398 3395 3379
f 4295 5164 5154
f 5154 5164 5156
f 5153 4295 5154
f 4191 5164 4295
f 5057 4994 4980
f 4980 5030 5167
f 4982 5030 4980
f 4980 5167 5057
f 4207 5168 4206
f 4206 5168 4153
f 4153 4255 4206
f 4425 4536 4422
f 4424 4453 4425
f 4135 4225 5169
f 5169 4225 5170
f 5169 5171 4135
f 4151 5171 5169
f 5169 5170 4151
f 4978 5059 5050
f 4978 5050 4853
f 4911 4914 5172
f 5172 5013 4911
f 5161 4280 3715
f 4279 4280 5161
f 5161 3715 3800
f 4130 5173 5174
f 5174 5173 4046
f 4044 5175 5174
f 5174 5175 4155
f 4155 4130 5174
f 4046 4044 5174
f 3352 3494 3354
f 3664 5143 3555
f 5176 5125 5124
f 5177 5125 5176
f 5176 4948 5177
f 5178 4948 5176
f 5176 5124 5179
f 5176 5179 5178
f 3519 3435 3443
f 3341 3365 3364
f 3343 3344 3699
f 3551 5095 3536
f 5057 5056 4994
f 5180 5181 5182
f 5182 5181 3647
f 3648 5180 5182
f 3647 3648 5182
f 3264 3577 5090
f 3262 3577 3264
f 3754 5090 3577
f 5183 3559 3558
f 3428 3559 5183
f 3558 3481 5183
f 5183 3481 5184
f 5183 5184 3386
f 3386 3428 5183
f 5185 5186 5187
f 5188 5186 5185
f 5187 5189 5185
f 5185 5189 5180
f 5185 5180 3648
f 3648 5188 5185
f 5143 5190 5144
f 5191 5190 5143
f 5143 3664 5191
f 3478 5144 5190
f 5190 5191 5192
f 3838 3478 5190
f 5192 3838 5190
f 3559 5193 3557
f 3503 5193 3559
f 3559 3428 3503
f 5194 5195 5196
f 5197 5195 5194
f 5194 5196 3888
f 5194 3888 3836
f 5194 3836 3838
f 5194 3838 5192
f 5192 5197 5194
f 5193 5198 3662
f 3501 5198 5193
f 5193 3662 3557
f 3503 3501 5193
f 5199 3841 3639
f 3639 3525 5199
f 3744 3743 2960
f 2960 3736 3744
f 5199 5094 3841
f 5198 5200 3658
f 3606 5200 5198
f 5198 3658 3662
f 5198 3501 3606
f 5084 5201 3740
f 5084 3740 3742
f 3742 3739 5084
f 5200 5202 5203
f 3606 5202 5200
f 3732 3658 5200
f 5203 3732 5200
f 3697 3690 3689
f 3505 3690 3697
f 5202 5204 5203
f 5205 5204 5202
f 5206 5205 5202
f 3606 3605 5202
f 5202 3605 5206
f 3205 3619 3206
f 4312 4301 4190
f 3989 5207 4312
f 4312 5207 4313
f 4190 3989 4312
f 5208 5209 5204
f 5204 5209 5210
f 5210 5203 5204
f 5205 5208 5204
f 4083 3771 3775
f 3775 3771 3772
f 5211 5212 5209
f 5209 5212 5213
f 5209 5208 5211
f 5213 5210 5209
f 5201 3794 3740
f 3784 3783 3975
f 3899 5214 5100
f 5095 5214 3899
f 3910 5100 5214
f 5214 5095 3910
f 4207 5175 5168
f 5168 5175 4154
f 5168 4154 4153
f 5025 5024 5081
f 5074 5123 5081
f 5028 5025 5081
f 4897 4749 4605
f 4897 4605 4913
f 3832 5207 3989
f 3844 5207 3832
f 3832 3707 3844
f 5215 3886 5216
f 5216 3886 5217
f 5218 5215 5216
f 5217 5219 5216
f 5216 5219 5220
f 4013 5218 5216
f 5220 4013 5216
f 3886 5215 3982
f 3886 5196 5217
f 3888 5196 3886
f 5221 5222 5212
f 5212 5222 4009
f 5211 5221 5212
f 4009 5213 5212
f 3793 3852 3001
f 5129 3619 4021
f 4021 3619 3205
f 3934 5129 4021
f 5223 5224 5225
f 5226 5223 5225
f 5221 5227 5222
f 5222 5227 4111
f 5222 4111 4008
f 5222 4008 4009
f 5138 5224 4317
f 3819 4060 3976
f 4132 5228 5173
f 5173 5228 3981
f 4130 4132 5173
f 5173 3981 4046
f 4078 5101 5100
f 5100 3910 4078
f 3378 3434 3398
f 4052 5229 5227
f 5227 5229 4111
f 5227 5221 5230
f 5230 4052 5227
f 5231 5232 5215
f 5215 5232 3979
f 5218 5231 5215
f 5215 3979 3982
f 3903 5082 3902
f 3902 5103 4242
f 5082 3699 3900
f 5175 4207 4155
f 5175 4044 4154
f 5233 5234 5229
f 5229 5234 5235
f 4053 5233 5229
f 5229 5235 4111
f 4052 4053 5229
f 4225 4224 5170
f 5236 5171 5237
f 5237 5171 4042
f 5237 5232 5236
f 4045 5232 5237
f 4042 4045 5237
f 4655 4701 4692
f 5238 4701 4655
f 4656 5238 4655
f 4161 4160 3208
f 5233 5239 5234
f 5234 5239 5240
f 5234 5240 5241
f 4110 5235 5234
f 5234 5241 5242
f 5242 4110 5234
f 5027 4881 4850
f 3852 3890 3142
f 3145 3001 3852
f 3852 3142 3145
f 5171 5236 5243
f 5243 4135 5171
f 4151 4042 5171
f 3994 4091 3995
f 5061 5244 5245
f 5245 5244 5246
f 5246 5247 5245
f 5245 5247 5248
f 5052 5061 5245
f 5248 5052 5245
f 5030 4926 5031
f 4982 4926 5030
f 5032 5167 5030
f 5125 5177 5018
f 5050 5049 4853
f 5249 5250 4160
f 4160 5250 3208
f 5108 5249 4160
f 3869 3848 4002
f 5239 5251 5240
f 4166 5251 5239
f 5239 5233 4053
f 5239 4053 4051
f 5239 4051 4166
f 4125 4251 3973
f 4125 3973 4126
f 5251 5252 5253
f 4165 5252 5251
f 5253 5240 5251
f 4166 4165 5251
f 3951 3965 3952
f 5103 5070 4242
f 5117 5115 5121
f 5117 5254 5255
f 5121 5254 5117
f 5255 5249 5117
f 5117 5249 5108
f 4992 4603 4787
f 5256 5096 4444
f 5139 5096 5256
f 5256 4444 5257
f 5256 5257 5166
f 5256 5166 5139
f 5252 5258 5259
f 4276 5258 5252
f 5252 5259 5253
f 4165 4276 5252
f 5170 4646 4254
f 4254 4646 4357
f 4151 5170 4254
f 4223 4337 4646
f 4646 5170 4223
f 5016 4869 4881
f 4881 5027 5016
f 4064 5101 5105
f 4444 5096 4316
f 5258 4275 4538
f 4276 4275 5258
f 5258 4538 4454
f 4328 5259 5258
f 4454 4328 5258
f 5181 3724 5260
f 5260 3724 3850
f 3677 5181 5260
f 5260 3850 3748
f 5260 3748 3749
f 3749 3677 5260
f 4926 4928 5031
f 5070 4389 4242
f 4692 4701 4657
f 4138 4141 4137
f 4892 4966 4957
f 4893 4966 4892
f 4596 5238 5110
f 5110 5238 5111
f 4513 4596 5110
f 4514 4513 5110
f 5076 5123 5074
f 5261 5123 5076
f 5076 5075 5261
f 5105 5101 4077
f 4077 5101 4078
f 5262 5263 4048
f 4048 5263 4210
f 4049 5262 4048
f 2709 2711 2771
f 4141 4138 3753
f 4141 3753 3755
f 4382 4384 4554
f 5264 4430 5150
f 4431 4430 5264
f 5264 5150 4448
f 4449 4431 5264
f 4448 4449 5264
f 4460 4545 5112
f 4914 4915 5172
f 4742 5150 4430
f 4464 4463 5118
f 4916 4792 4779
f 4628 4784 4629
f 4629 4767 4630
f 5026 5080 5024
f 4838 5071 4835
f 4732 5071 4838
f 3748 3850 3848
f 3869 3748 3848
f 4293 4295 4531
f 4531 4295 5153
f 4531 5153 5265
f 5265 4530 4531
f 5150 4610 4448
f 4742 4741 5150
f 4778 4664 4519
f 4778 4519 4520
f 5266 3870 3680
f 5267 5266 3680
f 3499 5267 3680
f 5268 5269 5270
f 5270 5269 5271
f 5270 5272 5273
f 5271 5272 5270
f 5273 5135 5270
f 5270 5135 5268
f 3131 3006 2865
f 4545 4633 5274
f 4544 4633 4545
f 4545 5274 5275
f 5275 5112 4545
f 5006 4795 4869
f 5005 5006 4869
f 4869 5016 5005
f 4943 5276 4672
f 4958 5276 4943
f 5106 4685 4553
f 4553 4685 4554
f 4701 5238 4596
f 4813 5277 5278
f 5279 5277 4813
f 4813 5278 5077
f 4813 4719 5265
f 5265 5279 4813
f 4716 5280 5257
f 4715 5280 4716
f 5257 4444 4716
f 2703 2713 2699
f 5120 5281 5282
f 5282 5281 5271
f 5271 5269 5282
f 5282 5269 5121
f 5121 5120 5282
f 4920 4731 4844
f 4844 4843 4920
f 5283 4672 5276
f 5284 4688 5276
f 5276 4688 5283
f 5276 5285 5284
f 4958 5285 5276
f 5286 5287 5157
f 5157 5287 5279
f 5279 5153 5157
f 5158 5286 5157
f 5275 4839 4754
f 4754 5112 5275
f 5275 4882 4839
f 5274 4949 4882
f 5275 5274 4882
f 5106 4828 4685
f 4789 4684 4685
f 4005 3806 3933
f 3933 3806 3692
f 3692 3694 3933
f 4656 5111 5238
f 4720 4718 4533
f 4440 4529 4720
f 4720 4533 4440
f 3527 3483 3528
f 3528 3483 3661
f 5199 3525 3528
f 3661 3859 3528
f 3528 3859 5199
f 5127 5288 5289
f 5146 5288 5127
f 5127 5289 4896
f 5290 5148 5147
f 5291 5290 5147
f 5014 5292 5147
f 5147 5292 5293
f 5294 5291 5147
f 5293 5294 5147
f 5295 2784 2869
f 2869 2849 5295
f 4776 4664 5083
f 4662 4664 4776
f 5083 4873 4776
f 4949 5274 5285
f 4949 5285 4958
f 5172 5010 5008
f 5008 5013 5172
f 4628 5296 4784
f 4784 5296 4785
f 4477 4478 5297
f 4477 5298 4628
f 5297 5298 4477
f 4833 4919 4906
f 4628 5298 5296
f 5299 5244 5300
f 5300 5244 5058
f 5058 5301 5300
f 5300 5301 5302
f 5303 5304 5300
f 5300 5304 5299
f 5302 5303 5300
f 4830 4873 4819
f 4830 4819 4831
f 4964 4906 4919
f 4972 4983 4971
f 2746 2739 2702
f 2702 2706 2746
f 5172 4969 5010
f 2855 2980 3002
f 3000 2883 2855
f 3002 3000 2855
f 4930 4933 4965
f 3882 4340 4016
f 2787 2767 5305
f 2788 2787 5305
f 5306 5307 5308
f 5308 5307 4999
f 5308 5309 5306
f 5310 5309 5308
f 5308 5311 5312
f 4999 5311 5308
f 5308 5312 5310
f 4986 4722 4795
f 5006 4986 4795
f 5011 4997 5313
f 5166 5156 5164
f 5314 5291 5315
f 5315 5291 5316
f 5315 5317 5314
f 5310 5317 5315
f 5316 5318 5315
f 5315 5318 5310
f 3944 5262 5085
f 5085 5262 5319
f 5085 5266 5086
f 5319 5266 5085
f 5085 3945 3944
f 3044 3116 3047
f 5123 5320 5124
f 5261 5320 5123
f 3547 3624 3725
f 3725 3543 3547
f 4773 4694 4767
f 5321 5191 3664
f 3746 5321 3664
f 5191 5321 5192
f 3746 5195 5321
f 5321 5195 5197
f 5321 5197 5192
f 5195 5219 5196
f 3746 5219 5195
f 5217 5196 5219
f 3746 5220 5219
f 4607 5118 4463
f 4752 4751 5322
f 5322 4751 4896
f 5322 5323 4752
f 5289 5323 5322
f 4896 5289 5322
f 4368 5324 4609
f 4609 5324 4265
f 4764 4368 4609
f 4609 4265 4447
f 3827 3849 3624
f 3624 3849 3725
f 4843 4921 4920
f 5095 3551 3550
f 3550 3910 5095
f 5324 5263 4265
f 4369 5263 5324
f 5324 4368 4369
f 4814 5325 4718
f 4718 5325 4533
f 5151 5247 5152
f 5248 5247 5151
f 5151 5080 5026
f 5151 5026 5326
f 5326 5248 5151
f 5263 5262 4266
f 4266 4265 5263
f 4369 4210 5263
f 4116 4266 5262
f 5262 4049 5327
f 5262 3944 4116
f 5327 5319 5262
f 3870 5266 5319
f 5327 4049 3870
f 3870 5319 5327
f 3672 3715 4280
f 4280 4167 3672
f 4223 5170 4224
f 4529 4440 4321
f 3824 5328 4435
f 3822 5328 3824
f 3824 3739 3767
f 2958 2974 2962
f 2962 2974 3823
f 3823 3766 2962
f 5295 2758 2784
f 4104 3837 4103
f 3818 3837 4104
f 5244 5061 5054
f 5244 5054 5058
f 5299 5246 5244
f 5224 5223 4317
f 5131 4997 4974
f 4974 4975 5131
f 3837 3835 4103
f 3837 3818 3815
f 5266 5267 5329
f 5329 5086 5266
f 4131 4103 3835
f 3835 5228 4131
f 3981 5228 3835
f 5267 3369 3368
f 3186 3369 5267
f 3368 5329 5267
f 5267 3499 3186
f 5232 5231 5243
f 4045 3979 5232
f 5243 5236 5232
f 4091 4313 3995
f 3995 4313 5207
f 5207 3844 3995
f 3189 3164 3369
f 3186 3189 3369
f 4722 4986 4947
f 4722 4947 4723
f 4005 3968 3806
f 3037 5330 2883
f 2883 5330 2882
f 2883 3000 3037
f 3882 4261 4340
f 3189 3114 3164
f 3941 5099 4114
f 4114 5099 4449
f 5049 5019 4857
f 4857 4853 5049
f 5132 4598 4877
f 4727 4598 5132
f 5132 4975 4727
f 5132 4877 4876
f 5088 5331 4378
f 4539 5331 5088
f 5088 4378 4630
f 5088 4537 4539
f 5332 5119 5333
f 5281 5119 5332
f 5332 5333 5334
f 5335 5281 5332
f 5334 5335 5332
f 4101 4431 5099
f 5099 4431 4449
f 4275 5331 4538
f 4379 5331 4275
f 3362 3568 3260
f 3728 3932 3570
f 3570 3568 3567
f 3567 3728 3570
f 3932 3728 3727
f 3968 4005 4004
f 4703 4496 4756
f 4816 4703 4756
f 5172 4915 4969
f 4969 4915 4916
f 4361 4232 4365
f 4365 4518 4361
f 4216 4092 4007
f 4368 4764 4558
f 5336 4948 5337
f 4821 4948 5336
f 5336 5338 5339
f 5337 5338 5336
f 5339 4715 5336
f 5336 4715 4821
f 5283 4667 4672
f 5181 3644 3724
f 4607 5323 5118
f 5118 5323 5340
f 5118 5340 5341
f 5341 5116 5118
f 5116 5333 5119
f 5119 5281 5120
f 2776 2749 5140
f 5285 5274 4633
f 4633 4688 5284
f 5284 5285 4633
f 4656 4593 5111
f 5111 4593 4406
f 4948 4946 5177
f 5178 5337 4948
f 2871 3017 2848
f 3481 3484 5184
f 4764 4763 4557
f 4764 4557 4558
f 5278 5277 5287
f 5287 5277 5279
f 5287 5286 5278
f 5342 3484 3485
f 3388 3484 5342
f 3430 5343 5342
f 5342 5343 5344
f 5342 3485 3430
f 5342 5344 3383
f 3383 3388 5342
f 5283 4688 4667
f 2904 2903 3317
f 5344 5343 5345
f 5345 5343 3421
f 3425 5346 5345
f 5345 5346 3404
f 3421 3425 5345
f 3405 5344 5345
f 5345 3404 3405
f 4092 4216 4330
f 5153 5279 5265
f 5347 5346 5348
f 5348 5346 3425
f 5348 5186 5347
f 5187 5186 5348
f 5348 3425 3424
f 3424 5187 5348
f 2832 3006 2972
f 2972 2833 2832
f 3478 3838 3813
f 5323 4607 4752
f 5349 5340 5323
f 5323 5289 5349
f 5148 5290 5350
f 5148 5350 5351
f 5148 5351 5352
f 5352 5146 5148
f 4694 4773 4771
f 4771 4693 4694
f 5140 2722 2735
f 4638 4639 5265
f 5265 4719 4638
f 5159 5280 5338
f 5338 5280 5339
f 5353 5159 5338
f 5337 5353 5338
f 5302 5354 5307
f 5307 5354 4999
f 5307 5355 5303
f 5306 5355 5307
f 5307 5303 5302
f 5356 5357 5358
f 5358 5357 5304
f 5358 5359 5356
f 5306 5359 5358
f 5358 5304 5355
f 5358 5355 5306
f 5360 5247 5246
f 5293 5247 5360
f 5360 5357 5294
f 5299 5357 5360
f 5360 5294 5293
f 5360 5246 5299
f 2929 3317 2903
f 5361 5152 5247
f 5247 5293 5361
f 5280 5159 5362
f 5166 5257 5280
f 5280 4715 5339
f 5362 5166 5280
f 5362 5159 5156
f 5156 5166 5362
f 5353 5158 5159
f 5290 5291 5314
f 5314 5350 5290
f 2722 5140 5160
f 5145 2754 2758
f 5295 5145 2758
f 4782 4763 4865
f 4639 4530 5265
f 4175 3762 3764
f 3688 4175 3764
f 5051 5061 5052
f 2832 2865 3006
f 4370 3207 5250
f 5250 3207 3208
f 5249 5363 5250
f 5250 5363 5137
f 5137 4370 5250
f 4539 4538 5331
f 4379 4378 5331
f 3890 3294 3211
f 3211 3142 3890
f 5330 2910 2882
f 3144 2910 5330
f 5330 3037 3146
f 3146 3144 5330
f 3808 3762 4261
f 4261 3882 3885
f 3885 3808 4261
f 3587 3312 3471
f 4659 4700 4678
f 5364 5334 5333
f 5333 5340 5364
f 5341 5340 5333
f 5333 5116 5341
f 5281 5335 5365
f 5365 5271 5281
f 5136 5254 5269
f 5269 5254 5121
f 5268 5136 5269
f 5136 5255 5254
f 5366 5272 5335
f 5335 5272 5365
f 5335 5334 5367
f 5368 5366 5335
f 5367 5368 5335
f 3252 3586 3564
f 4763 4782 4783
f 4783 4557 4763
f 5077 5278 5075
f 5075 5278 5369
f 5369 5261 5075
f 5369 5278 5286
f 5286 5158 5370
f 5286 5370 5369
f 5058 5046 5301
f 5301 5046 5371
f 5301 5371 5302
f 5158 5353 5370
f 5372 5273 5272
f 5272 5366 5372
f 5272 5271 5365
f 5334 5364 5352
f 5334 5351 5367
f 5352 5351 5334
f 5364 5289 5288
f 5352 5364 5288
f 5288 5146 5352
f 5014 5009 5292
f 5292 5009 5361
f 5361 5293 5292
f 4900 5152 5009
f 5009 5152 5361
f 5370 5353 5373
f 5373 5353 5337
f 5373 5374 5370
f 5375 5374 5373
f 5373 5337 5178
f 5373 5178 5375
f 5273 5142 5135
f 5135 5136 5268
f 5142 5273 5376
f 5142 5376 5377
f 5142 5377 5312
f 5142 5312 4910
f 5261 5374 5320
f 5320 5374 5375
f 5375 5124 5320
f 5291 5294 5316
f 5374 5261 5369
f 5369 5370 5374
f 5372 5376 5273
f 5349 5364 5340
f 3859 3858 5094
f 5094 3858 3857
f 5199 3859 5094
f 4097 4098 3978
f 3978 4098 4001
f 4001 3826 3978
f 3827 3826 3849
f 3849 3826 4001
f 2849 2846 5145
f 2849 5145 5295
f 4564 4370 5137
f 5057 5167 5045
f 5045 5167 5032
f 4903 5152 4900
f 5046 5047 5371
f 5363 5249 5255
f 5363 5255 5137
f 5136 5137 5255
f 5316 5294 5357
f 5357 5356 5316
f 5299 5304 5357
f 3644 5181 5180
f 3644 5180 3545
f 5366 5368 5378
f 5366 5378 5372
f 5378 5317 5376
f 5376 5317 5377
f 5372 5378 5376
f 5317 5378 5314
f 5310 5377 5317
f 5350 5378 5368
f 5367 5350 5368
f 5378 5350 5314
f 5367 5351 5350
f 4771 4711 4693
f 3210 2908 2910
f 3144 3210 2910
f 5309 5359 5306
f 5318 5359 5309
f 5310 5318 5309
f 4013 4012 5231
f 5231 4012 5243
f 5231 5218 4013
f 5086 5329 3368
f 4946 4987 5177
f 5289 5364 5349
f 4012 4135 5243
f 3388 5184 3484
f 5028 5023 5025
f 4703 4495 4496
f 5343 3430 3421
f 5346 5347 5379
f 5346 5379 5380
f 5380 3404 5346
f 5181 3677 3647
f 2908 3210 2925
f 4866 4957 4937
f 5188 5347 5186
f 3866 4013 5220
f 3866 5220 3746
f 5177 4987 4985
f 5018 5177 4985
f 5160 5140 2749
f 5048 5034 5033
f 5381 5048 5033
f 4999 5381 5033
f 4910 5312 5311
f 4999 4910 5311
f 4132 4131 5228
f 3542 3450 5379
f 3542 5379 3541
f 5318 5356 5359
f 5375 5179 5124
f 5048 5381 5371
f 5371 5047 5048
f 5375 5178 5179
f 5347 5188 5379
f 5356 5318 5316
f 3116 3159 3111
f 3044 3159 3116
f 5302 5381 5354
f 5354 5381 4999
f 3044 3156 3159
f 3469 5189 5187
f 3468 5189 3469
f 3469 5187 3424
f 5303 5355 5304
f 5302 5371 5381
f 4598 4597 4877
f 3895 3971 5328
f 5328 3822 3895
f 5026 5022 5326
f 4771 4680 4711
f 3660 3733 3859
f 3660 3859 3661
f 5326 5053 5052
f 5052 5248 5326
f 3973 3785 4126
f 3387 5184 3388
f 3386 5184 3387
f 5022 5053 5326
f 3468 5180 5189
f 3732 5203 3734
f 5240 5253 5241
f 3468 3545 5180
f 5382 5253 5259
f 5259 4328 5382
f 5221 5211 5383
f 5221 5383 5230
f 5203 5210 3734
f 4217 4218 5241
f 5382 4328 4217
f 4217 5241 5382
f 3804 3961 5383
f 5384 3603 3804
f 3804 5383 5385
f 3804 5385 5384
f 5385 5211 5208
f 5208 5205 5384
f 5384 5385 5208
f 5385 5383 5211
f 5310 5312 5377
f 4218 4109 5242
f 5242 5241 4218
f 3450 3403 5380
f 5380 5379 3450
f 5235 4110 4111
f 5206 5384 5205
f 5382 5241 5253
f 5230 5383 3961
f 3961 4052 5230
f 3735 3734 5386
f 3735 5386 5213
f 3735 5213 4009
f 3603 5384 5206
f 5206 3605 3603
f 3403 3404 5380
f 3405 3383 5344
f 5386 3734 5210
f 5213 5386 5210
f 3541 5379 5188
f 3648 3541 5188
f 4109 4110 5242
f 3741 3740 3794
f 5387 5388 3
f 5389 5388 5390
f 5391 5389 5390
f 5388 5387 5390
f 5392 5391 5390
f 3 5393 5394
f 3 4 5393
f 5387 3 5395
f 3 5394 5395
f 5396 5387 5397
f 5387 5395 5397
f 5388 5398 3
f 5388 5399 5400
f 5398 5388 5401
f 5401 5388 5400
f 3 5402 1
f 5402 3 5398
f 5403 5404 5405
f 5403 5405 5406
f 2618 5407 5408
f 5409 2618 5408
f 5404 5410 5411
f 5405 5404 5412
f 5404 5411 5412
f 2618 5393 4
f 5393 2618 5409
f 5393 5409 5413
f 5414 5415 10
f 10 9 5414
f 5415 5414 5416
f 10 5417 11
f 5417 10 5418
f 5418 10 5419
f 10 5415 5419
f 5418 5419 5420
f 5421 5422 9
f 9 14 5421
f 5422 5421 5423
f 9 5422 5424
f 5414 9 5424
f 11 5425 16
f 5425 11 5426
f 11 5410 5404
f 11 5417 5427
f 5410 11 5428
f 11 5427 5428
f 11 5429 5430
f 11 5404 5429
f 5426 11 5430
f 5431 2439 5432
f 14 5433 5434
f 5435 14 5436
f 14 5434 5436
f 5437 5438 5439
f 2439 5438 5437
f 2439 5437 5432
f 14 5440 5441
f 14 18 5440
f 5433 14 5441
f 2438 5438 2439
f 5435 5442 14
f 5438 2438 5443
f 5443 2438 5444
f 5442 5421 14
f 5444 2438 5445
f 5444 5445 5446
f 96 5447 5448
f 5449 96 5450
f 96 5448 5450
f 5451 29 5452
f 5451 5452 5453
f 5431 5454 2440
f 2440 2439 5431
f 5454 5431 5455
f 5454 5452 29
f 29 2440 5454
f 5452 5454 5456
f 75 5440 18
f 5440 75 5457
f 96 5457 75
f 5457 96 5449
f 5458 5459 5460
f 5459 23 5460
f 5461 5458 5462
f 5459 5458 5463
f 5458 5461 5463
f 5459 5464 26
f 26 23 5459
f 5465 5460 23
f 23 25 5465
f 5460 5465 5466
f 5460 5466 5467
f 5468 80 5469
f 5468 5469 5470
f 26 5469 80
f 5469 26 5464
f 5469 5464 5471
f 5429 5404 5472
f 5404 5403 5472
f 5473 38 5474
f 38 36 5475
f 5476 38 5473
f 38 5475 5474
f 36 5477 5478
f 36 2618 5477
f 5475 36 5479
f 36 5478 5479
f 5480 5481 36
f 36 35 5480
f 5407 2618 5482
f 2618 36 5482
f 5482 36 5483
f 36 5481 5483
f 39 5484 40
f 5484 39 5485
f 5486 5487 25
f 5485 39 5488
f 5488 39 5489
f 39 5490 5491
f 39 16 5490
f 5492 39 5491
f 5492 5491 5493
f 5494 25 5487
f 5492 5489 39
f 5465 25 5494
f 40 5495 43
f 5495 40 5484
f 5496 5486 25
f 5497 160 5498
f 5499 5500 2472
f 5500 5499 5501
f 5502 5501 5503
f 5500 5501 5502
f 38 5498 160
f 5498 38 5504
f 5504 38 5505
f 38 5476 5505
f 5500 5506 2474
f 2474 2472 5500
f 5506 5500 5507
f 2474 5477 2618
f 5477 2474 5508
f 2474 5506 5508
f 5490 16 5509
f 16 5425 5509
f 5510 43 5511
f 5512 5513 33
f 5514 43 5510
f 5513 5512 5515
f 5514 5516 46
f 46 43 5514
f 33 5496 25
f 5517 43 5518
f 5519 33 5520
f 5520 33 5513
f 5496 33 5521
f 33 5519 5521
f 5511 43 5517
f 43 5495 5518
f 5518 5495 5522
f 5523 71 5524
f 5525 159 5526
f 5523 5524 5527
f 5523 5527 5528
f 5526 159 5529
f 5523 5530 73
f 73 71 5523
f 160 5529 159
f 5529 160 5531
f 160 5497 5531
f 73 5499 2472
f 5499 73 5530
f 5532 62 5533
f 5534 5532 5535
f 5536 5533 5537
f 5532 5533 5535
f 5533 5536 5535
f 5538 123 5539
f 5540 123 5538
f 123 5541 5539
f 94 5447 96
f 5447 94 5542
f 5451 5533 62
f 62 29 5451
f 123 5542 94
f 5542 123 5540
f 5543 5544 49
f 5544 5543 5545
f 5546 112 5547
f 5547 112 5548
f 5548 112 5549
f 112 5550 5549
f 49 5512 33
f 5512 49 5544
f 5512 5544 5551
f 5516 5550 112
f 112 46 5516
f 5552 71 5553
f 5554 164 5555
f 164 5556 5555
f 71 70 5557
f 71 5557 5558
f 71 5558 5553
f 5559 168 5525
f 5524 71 5560
f 168 159 5525
f 168 5556 164
f 5552 5560 71
f 5556 168 5561
f 5561 168 5559
f 35 5468 5562
f 35 80 5468
f 5563 35 5562
f 5480 35 5564
f 35 5563 5564
f 5480 5564 5565
f 5480 5565 5566
f 5564 5563 5567
f 5568 5569 92
f 5569 5568 5570
f 5571 142 5572
f 142 5573 5574
f 5572 142 5575
f 142 5574 5575
f 65 5543 49
f 5543 65 5576
f 5543 5576 5577
f 92 5576 65
f 5576 92 5578
f 92 5569 5578
f 5546 5579 127
f 127 112 5546
f 5579 5573 142
f 142 127 5579
f 156 5580 5581
f 5582 156 5583
f 156 5581 5583
f 5584 110 5585
f 5584 5585 5586
f 5532 5587 60
f 60 62 5532
f 5587 5532 5588
f 5589 5588 5590
f 5588 5532 5590
f 5587 5585 110
f 110 60 5587
f 121 5541 123
f 5541 121 5591
f 5541 5591 5592
f 5582 5591 121
f 121 156 5582
f 5593 70 5594
f 5595 236 5596
f 236 5597 5596
f 5594 70 5598
f 97 5599 5600
f 70 97 5598
f 97 5600 5598
f 197 164 5554
f 5601 197 5554
f 5557 70 5602
f 5557 5602 5603
f 236 197 5601
f 5597 236 5604
f 5602 70 5593
f 236 5601 5604
f 5605 5606 91
f 5606 5605 5607
f 5608 163 5609
f 5608 5609 5610
f 91 5568 92
f 5568 91 5611
f 91 5606 5611
f 163 5571 5612
f 163 142 5571
f 5609 163 5612
f 155 5613 5614
f 5615 155 5614
f 5616 146 5617
f 5616 5617 5618
f 5615 5580 156
f 156 155 5615
f 5580 5615 5619
f 146 5584 5620
f 146 110 5584
f 5617 146 5620
f 97 133 5621
f 5621 133 5595
f 5599 97 5621
f 133 236 5595
f 5622 161 5623
f 5622 5623 5624
f 5625 5626 151
f 5626 5625 5627
f 163 5623 161
f 5623 163 5628
f 163 5608 5628
f 119 5605 91
f 5605 119 5629
f 5626 5629 119
f 119 151 5626
f 5629 5626 5630
f 5631 5630 5632
f 5629 5630 5631
f 5622 5633 201
f 201 161 5622
f 5634 5635 5633
f 5635 201 5633
f 5636 5625 151
f 5637 5638 131
f 131 147 5637
f 5638 5637 5639
f 5640 170 5641
f 5642 170 5640
f 170 131 5643
f 131 5638 5643
f 170 5643 5641
f 196 5613 155
f 5613 196 5644
f 5613 5644 5645
f 227 5646 5647
f 5648 144 5649
f 5648 5649 5650
f 5651 227 5647
f 143 5649 144
f 5652 5653 5654
f 5649 143 5652
f 143 5653 5652
f 5651 5644 196
f 196 227 5651
f 146 5653 143
f 5653 146 5655
f 146 5616 5655
f 5656 5657 150
f 150 190 5656
f 5657 5636 151
f 151 150 5657
f 5636 5657 5658
f 5636 5658 5659
f 5660 144 5661
f 5660 5661 5662
f 145 5660 5663
f 145 144 5660
f 5663 5660 5664
f 5665 145 5663
f 5646 227 5666
f 5646 5666 5667
f 5648 5668 144
f 5668 5661 144
f 5661 5668 5669
f 5661 5669 5670
f 5656 190 5671
f 190 5672 5671
f 241 5635 5673
f 241 201 5635
f 5674 241 5673
f 5675 5674 5676
f 5677 241 5675
f 241 5674 5675
f 5678 274 5679
f 170 5679 274
f 5679 170 5680
f 170 5642 5680
f 145 5637 147
f 5637 145 5665
f 5637 5665 5681
f 227 5682 5683
f 227 229 5682
f 5666 227 5683
f 5684 5672 190
f 190 233 5684
f 5684 233 5685
f 5684 5685 5686
f 5677 5687 256
f 256 241 5677
f 5688 256 5687
f 5682 229 5689
f 189 5690 232
f 5691 5692 290
f 5690 189 5693
f 5693 189 5694
f 210 5694 189
f 210 290 5692
f 5694 210 5695
f 210 5692 5695
f 233 5696 5697
f 233 252 5696
f 5685 233 5697
f 5698 307 5699
f 5700 307 5701
f 307 275 5702
f 5699 307 5700
f 307 5702 5701
f 274 5702 275
f 5702 274 5703
f 274 5678 5703
f 5704 5689 229
f 229 262 5704
f 5689 5704 5705
f 5696 252 5706
f 5688 5707 271
f 271 256 5688
f 5708 271 5707
f 5708 5707 5709
f 232 5710 251
f 5710 232 5711
f 232 5712 5711
f 5713 5691 5714
f 5691 290 5714
f 5690 5712 232
f 5715 5706 252
f 252 266 5715
f 5704 262 5716
f 5715 266 5717
f 5715 5717 5718
f 291 5719 5720
f 5721 291 5722
f 291 5720 5722
f 5708 5719 291
f 291 271 5708
f 251 5723 265
f 5723 251 5724
f 251 5710 5725
f 5724 251 5725
f 5724 5725 5726
f 5724 5726 5727
f 5728 350 5729
f 350 5730 5729
f 5698 5730 350
f 350 307 5698
f 5730 5698 5731
f 5732 5717 266
f 266 279 5732
f 5717 5732 5733
f 5734 262 5735
f 5716 262 5734
f 262 281 5735
f 281 5736 5735
f 282 5737 283
f 5737 282 5738
f 5739 5738 5740
f 5737 5738 5741
f 5738 5739 5741
f 5738 282 5742
f 5738 5742 5743
f 282 5744 5745
f 282 286 5744
f 5742 282 5745
f 5732 279 5746
f 5732 5746 5747
f 5748 309 5749
f 309 5750 5749
f 5721 5750 309
f 309 291 5721
f 5751 5746 279
f 279 283 5751
f 5746 5751 5752
f 5737 5751 283
f 333 5753 5754
f 5755 333 5756
f 333 5754 5756
f 5755 5757 343
f 343 333 5755
f 5758 343 5759
f 5759 343 5760
f 5758 5759 5761
f 5760 343 5762
f 343 5757 5762
f 5748 5753 333
f 333 309 5748
f 303 5723 5763
f 303 265 5723
f 5764 303 5763
f 5736 281 5765
f 5766 350 5728
f 5767 5714 290
f 290 289 5767
f 5768 5765 281
f 281 326 5768
f 5765 5768 5769
f 5768 326 5770
f 5771 773 5772
f 5773 773 5771
f 5772 773 5774
f 773 5775 5774
f 773 5776 714
f 5776 773 5773
f 5776 5767 289
f 289 714 5776
f 326 5777 5778
f 326 368 5777
f 5770 326 5779
f 5779 326 5780
f 5780 326 5781
f 326 5778 5781
f 364 5782 369
f 5782 364 5783
f 5784 5783 364
f 364 365 5784
f 424 5744 286
f 5744 424 5785
f 5744 5785 5786
f 5786 5785 5787
f 5787 5785 5788
f 5789 343 5758
f 5789 5758 5790
f 5791 5785 424
f 5785 5791 5792
f 5792 5791 5793
f 5794 5777 368
f 5795 507 5796
f 5795 5796 5797
f 5798 5796 507
f 5796 5798 5799
f 369 5800 393
f 5800 369 5801
f 5800 5801 5802
f 5801 369 5803
f 369 5782 5803
f 368 5789 5804
f 368 343 5789
f 5794 368 5804
f 507 5791 424
f 5791 507 5795
f 5791 5795 5805
f 5806 303 5764
f 773 5807 5808
f 5775 773 5809
f 773 5808 5809
f 5810 5811 353
f 353 454 5810
f 353 5812 455
f 5812 353 5813
f 5813 353 5814
f 5814 353 5815
f 5815 353 5816
f 353 5811 5816
f 393 5817 461
f 5817 393 5818
f 5818 393 5819
f 393 5800 5819
f 5820 5798 5821
f 5798 507 5821
f 303 5822 490
f 5823 5822 5824
f 5822 303 5824
f 303 5806 5824
f 508 5766 5825
f 508 350 5766
f 5826 508 5825
f 461 5827 509
f 5827 461 5828
f 461 5817 5828
f 5829 5821 507
f 507 506 5829
f 5821 5829 5830
f 5831 454 5832
f 454 520 5833
f 5834 454 5831
f 454 5833 5832
f 5834 5835 454
f 5810 454 5835
f 583 5836 5837
f 583 509 5836
f 5838 583 5839
f 583 5837 5839
f 5836 509 5840
f 5841 5842 1380
f 5842 5841 5843
f 5843 5841 5844
f 5845 1380 5842
f 5840 509 5846
f 5846 509 5827
f 5847 5848 5849
f 5848 940 5849
f 940 5850 5849
f 5826 5850 940
f 940 508 5826
f 5850 5826 5851
f 5852 5853 520
f 5854 1467 5855
f 5855 1467 5856
f 5852 520 5857
f 247 5858 5859
f 520 247 5857
f 5857 247 5860
f 247 5859 5860
f 5856 1467 5861
f 5856 5861 5862
f 5853 5833 520
f 247 5838 5863
f 247 583 5838
f 5858 247 5863
f 5854 5864 1407
f 1407 1467 5854
f 5864 5854 5865
f 5864 5866 1410
f 1410 1407 5864
f 1410 5841 1380
f 5841 1410 5867
f 1410 5866 5867
f 5868 940 5848
f 5868 5848 5869
f 5870 5829 5871
f 5871 5872 5873
f 5829 506 5871
f 506 5872 5871
f 5874 5872 506
f 506 614 5874
f 5872 5874 5875
f 505 5876 779
f 5876 505 5877
f 505 490 5878
f 505 5878 5877
f 5879 5807 773
f 773 819 5879
f 5822 5880 490
f 5881 779 5882
f 779 5876 5882
f 5878 490 5883
f 490 5880 5883
f 5884 5879 819
f 5879 5884 5885
f 5885 5884 5886
f 5874 614 5887
f 5874 5887 5888
f 5888 5887 5889
f 5890 5887 614
f 614 733 5890
f 850 5891 5892
f 850 910 5891
f 5893 850 5894
f 850 5892 5894
f 5893 5895 851
f 851 850 5893
f 5895 5893 5896
f 5897 5898 5899
f 5898 940 5868
f 5898 5868 5900
f 5901 5897 5899
f 5899 5898 5902
f 5898 5900 5902
f 647 5903 733
f 5903 647 5904
f 5905 5904 647
f 647 853 5905
f 941 5898 5906
f 941 940 5898
f 5906 5898 5907
f 5908 941 5906
f 5909 5910 910
f 910 1004 5909
f 5910 5911 910
f 5891 910 5911
f 5912 5913 365
f 365 958 5912
f 5912 958 5914
f 958 1006 5914
f 1006 5915 5914
f 5890 733 5916
f 5917 5890 5918
f 5917 5919 5920
f 5890 5916 5918
f 5919 5917 5918
f 5903 5916 733
f 5921 5903 5922
f 5916 5903 5923
f 5903 5921 5923
f 852 5924 853
f 5924 852 5925
f 5926 5925 852
f 5925 5926 5927
f 5927 5926 5928
f 5929 5926 852
f 852 1015 5929
f 5930 5931 1505
f 5784 365 5913
f 5784 5913 5932
f 5931 5915 1006
f 1006 1505 5931
f 5915 5931 5933
f 5934 5935 1004
f 1004 1062 5934
f 5935 5936 1004
f 1004 5936 5937
f 5909 1004 5937
f 5905 853 5938
f 5905 5938 5939
f 5939 5938 5940
f 5924 5938 853
f 5938 5924 5941
f 5941 5924 5942
f 5942 5924 5943
f 5942 5943 5944
f 1031 5945 1094
f 1031 1095 5946
f 5945 1031 5947
f 1031 5946 5947
f 5948 5949 1638
f 1638 5950 2674
f 5950 1638 5949
f 5950 5930 1505
f 1505 2674 5950
f 5930 5950 5951
f 5952 975 5953
f 5954 1390 5955
f 975 1112 5956
f 975 5956 5953
f 5957 975 5958
f 5959 1233 5960
f 1233 5961 5960
f 5962 5963 1392
f 5963 5962 5964
f 5965 835 5966
f 5961 1233 5967
f 835 975 5957
f 835 5957 5966
f 1392 5955 1390
f 5952 5958 975
f 5955 1392 5963
f 5881 5968 1137
f 1137 779 5881
f 2408 5969 5970
f 5971 2408 5970
f 2408 5934 1062
f 5934 2408 5971
f 5934 5971 5972
f 1195 5973 5974
f 5975 1195 5974
f 1195 5976 1196
f 5976 1195 5977
f 1195 5975 5977
f 5976 5978 1197
f 1197 1196 5976
f 5979 1149 5980
f 5979 5980 5981
f 5982 1197 5983
f 1197 5978 5983
f 5979 5929 1015
f 1015 1149 5979
f 5984 5929 5985
f 5929 5979 5985
f 5986 1240 5987
f 1240 5988 5987
f 1242 5986 5989
f 1242 1240 5986
f 5990 1242 5989
f 1242 5948 1638
f 5948 1242 5990
f 5991 5992 962
f 962 1094 5991
f 5993 5994 1394
f 5991 1094 5995
f 5996 1095 5997
f 5946 1095 5996
f 5995 1094 5945
f 1095 1394 5997
f 1394 5994 5997
f 1244 5973 1195
f 1244 5998 5999
f 5973 1244 6000
f 1244 5999 6000
f 1244 6001 6002
f 5998 1244 6002
f 819 1250 6003
f 6003 1250 6004
f 5884 819 6003
f 5884 6003 6005
f 5884 6005 6006
f 6004 1250 6007
f 1250 5968 6008
f 1250 1137 5968
f 6007 1250 6008
f 6009 6010 1217
f 1217 813 6009
f 6010 6009 6011
f 6012 6009 813
f 813 812 6012
f 6013 6014 1240
f 1240 1239 6013
f 6014 6013 6015
f 6014 6016 1240
f 6016 6014 6017
f 6016 5988 1240
f 6018 5969 2408
f 2408 455 6018
f 6018 455 5812
f 6019 941 5908
f 1490 6020 6021
f 6022 1490 6023
f 1490 6021 6023
f 6024 6020 1490
f 6020 6024 6025
f 1295 6001 1244
f 6001 1295 6026
f 1295 6027 6026
f 1295 6028 6029
f 6027 1295 6029
f 6030 1112 6031
f 1272 6032 6033
f 1112 1272 6031
f 1272 6033 6031
f 6034 1540 5954
f 1540 1390 5954
f 5956 1112 6035
f 6036 1540 6034
f 6036 6034 6037
f 6035 1112 6030
f 6038 6039 1488
f 6040 962 6041
f 6041 962 6042
f 962 5992 6042
f 6039 5993 1394
f 1394 1488 6039
f 6043 6013 1239
f 1239 1323 6043
f 6019 6044 941
f 6045 1658 6046
f 6045 6046 6047
f 6048 6044 6049
f 6046 1658 6050
f 6044 6019 6049
f 1658 1333 6051
f 1333 941 6044
f 6051 1333 6044
f 6050 1658 6051
f 6052 6053 6054
f 6055 1217 6056
f 1217 6010 6056
f 6055 6056 6057
f 6055 6054 6053
f 6054 6055 6058
f 6058 6055 6057
f 851 5895 6059
f 6060 851 6059
f 6060 6012 812
f 812 851 6060
f 6061 1414 6062
f 6063 6064 1149
f 6065 1414 6061
f 6064 6063 6066
f 6067 6063 1149
f 1149 1148 6067
f 6063 6067 6068
f 6062 1414 6069
f 5980 1149 6064
f 1414 1197 5982
f 1414 5982 6069
f 5845 6043 1323
f 1323 1380 5845
f 1389 6028 1295
f 6028 1389 6070
f 6022 6070 1389
f 1389 1490 6022
f 6071 6072 1194
f 6072 6071 6073
f 6072 6073 6074
f 6065 6075 1437
f 1437 1414 6065
f 6076 6075 6077
f 6078 1437 6076
f 1437 6075 6076
f 1194 6067 1148
f 6067 1194 6072
f 6067 6072 6079
f 1492 6024 1490
f 6024 1492 6080
f 1492 6081 6080
f 6082 6081 1492
f 1234 5962 1392
f 1234 1233 5959
f 5962 1234 6083
f 1234 5959 6083
f 6084 6038 1488
f 6038 6084 6085
f 6085 6084 6086
f 6087 1029 6088
f 6087 6088 6089
f 6040 6088 1029
f 1029 962 6040
f 1468 6090 1406
f 6090 1468 6091
f 1468 6092 6091
f 6093 6094 6090
f 6094 1406 6090
f 6094 6093 6095
f 6096 6095 6097
f 6094 6095 6098
f 6095 6096 6098
f 6099 6100 6101
f 6099 6101 6102
f 6103 6092 1468
f 6099 6103 6104
f 6103 6099 6105
f 6104 6103 6106
f 6100 6099 6104
f 6092 6103 6105
f 6095 6093 6107
f 6095 6107 6108
f 6109 6110 1259
f 6110 6109 6111
f 6110 6071 1194
f 1194 1259 6110
f 6112 1272 6113
f 6114 2368 6115
f 1272 1430 6116
f 1272 6116 6113
f 6113 6116 6117
f 6118 6115 6119
f 6115 2368 6119
f 1272 6112 6120
f 6115 6118 6121
f 6032 1272 6120
f 1406 5861 1467
f 6122 6094 6123
f 5861 1406 6122
f 1406 6094 6122
f 1437 6124 1482
f 6124 1437 6125
f 1437 6078 6125
f 6082 1492 6126
f 6082 6126 6127
f 6082 6127 6128
f 6129 6130 1354
f 1259 6130 6131
f 1259 1354 6130
f 6131 6130 6132
f 6109 1259 6131
f 6132 6130 6133
f 1137 6134 6135
f 1137 1250 6134
f 6136 1137 6135
f 6137 1137 6136
f 6137 6136 6138
f 1412 6137 6139
f 1412 1137 6137
f 6140 6141 6139
f 6141 1412 6139
f 6142 6143 1582
f 1582 1583 6142
f 6142 1583 6144
f 6142 6144 6145
f 1277 6146 1402
f 6146 1277 6147
f 6148 1402 6149
f 6149 1402 6150
f 1402 6146 6150
f 1138 6147 1277
f 6147 1138 6151
f 1138 6152 6151
f 1029 6152 1138
f 6152 1029 6087
f 1582 6084 1488
f 6084 1582 6153
f 1582 6143 6153
f 1217 6055 6154
f 6155 1217 6154
f 1217 6156 1537
f 6156 1217 6157
f 1217 6155 6158
f 6157 1217 6159
f 1217 6158 6159
f 1482 6160 1543
f 6160 1482 6161
f 6161 1482 6124
f 1250 6162 6163
f 1250 1550 6162
f 6134 1250 6163
f 6164 1599 6165
f 1599 6166 6165
f 6141 6167 1412
f 6166 1599 6168
f 1599 6169 6168
f 6167 6129 1354
f 1354 1412 6167
f 6170 6171 6172
f 6171 1658 6045
f 6171 6045 6172
f 6172 6045 6173
f 6173 6045 6174
f 1430 6175 6176
f 1430 1529 6175
f 6177 1430 6176
f 6178 1651 6179
f 1651 2368 6114
f 6179 6180 6181
f 6116 1430 6182
f 1651 6114 6180
f 1651 6180 6179
f 1651 6183 1834
f 6183 1651 6178
f 6184 6182 1430
f 6185 1834 6183
f 6184 1430 6186
f 1430 6177 6186
f 6187 6144 1583
f 1583 1585 6187
f 6144 6187 6188
f 1543 6169 1599
f 6169 1543 6189
f 6190 6160 6191
f 6189 1543 6190
f 1543 6160 6190
f 6192 6126 1492
f 1492 1602 6192
f 6164 6193 1684
f 1684 1599 6164
f 6194 1812 6195
f 6193 6195 1812
f 1812 1684 6193
f 6195 6193 6196
f 6171 6197 1659
f 1659 1658 6171
f 6197 6171 6198
f 6197 6198 6199
f 6200 1585 6201
f 1585 1690 6202
f 6203 2475 6204
f 1585 6202 6201
f 6200 6187 1585
f 6204 2475 6205
f 1703 6206 6207
f 1703 1537 6206
f 6208 1703 6207
f 6206 1537 6156
f 1744 6209 6210
f 1744 1743 6209
f 6211 1744 6210
f 1746 6209 1743
f 6209 1746 6212
f 1746 6213 6212
f 6214 6215 1802
f 1802 1801 6214
f 6216 1801 6217
f 6214 1801 6216
f 1801 6218 6217
f 6217 6218 6219
f 6220 1744 6211
f 6221 6219 6218
f 6215 6222 2511
f 2511 1802 6215
f 2511 6213 1746
f 6213 2511 6222
f 6223 6224 1529
f 1529 1713 6223
f 1529 6224 6225
f 6175 1529 6226
f 1529 6225 6226
f 1740 6192 1602
f 6192 1740 6227
f 1740 6228 6227
f 1740 6229 6230
f 6228 1740 6230
f 6162 1550 6231
f 6162 6231 6232
f 6233 1812 6194
f 1619 6234 1771
f 6234 1619 6235
f 1619 1703 6236
f 1619 6236 6235
f 1801 6237 6218
f 1801 1800 6238
f 1801 6238 6239
f 6237 1801 6240
f 1801 6239 6240
f 6241 6242 1690
f 1690 1809 6241
f 6243 2475 6203
f 6202 1690 6244
f 6244 1690 6242
f 6245 6246 6247
f 6248 6249 6250
f 6251 6249 6252
f 6252 6249 6248
f 6253 6249 6251
f 1800 1850 6254
f 6255 1800 6256
f 1800 6254 6257
f 1800 6257 6258
f 1800 6258 6259
f 6256 1800 6260
f 1800 6259 6260
f 6261 6218 6237
f 1800 6255 6262
f 6238 1800 6262
f 6263 6264 1550
f 1550 1852 6263
f 6264 6263 6265
f 6264 6231 1550
f 6266 1771 6267
f 6267 1771 6234
f 1703 6208 6268
f 6236 1703 6269
f 1703 6268 6269
f 6270 2371 6271
f 6270 6271 6272
f 6273 6274 1842
f 6274 6273 6275
f 6276 6271 2371
f 2371 1834 6276
f 6271 6276 6277
f 6276 1834 6185
f 1713 6274 6278
f 1713 1842 6274
f 6223 1713 6278
f 1929 6229 1740
f 6229 1929 6279
f 1659 6280 1660
f 6280 1659 6281
f 6280 6281 6282
f 6282 6281 6283
f 6282 6283 6284
f 6285 1660 6280
f 6286 6279 6287
f 6279 1929 6287
f 1929 6288 6287
f 6197 6281 1659
f 6281 6197 6289
f 6290 6241 1809
f 6291 6290 1809
f 1809 1895 6291
f 6290 6291 6292
f 1695 6293 1910
f 6294 6295 1863
f 6293 1695 6296
f 6296 1695 6297
f 1695 1725 6298
f 1725 1863 6295
f 6298 1725 6295
f 6297 1695 6298
f 1810 6299 1930
f 6299 1810 6300
f 6300 1810 6301
f 1810 6302 6301
f 6233 6302 1810
f 1810 1812 6233
f 6303 1923 6304
f 6305 6306 6307
f 6306 6305 6308
f 6303 6309 1409
f 1409 1923 6303
f 6309 6303 6310
f 6311 6307 6306
f 6304 1923 6312
f 1923 6313 6312
f 1923 6314 6315
f 1923 1924 6314
f 6313 1923 6315
f 6313 6315 6316
f 6266 6317 1771
f 6317 6266 6318
f 1771 6319 1960
f 6319 1771 6317
f 6320 6247 6321
f 6321 6246 6322
f 6323 6320 6321
f 6247 6246 6321
f 6324 6325 1852
f 1852 1978 6324
f 6263 1852 6325
f 6263 6325 6326
f 6327 6328 2609
f 6328 6329 2610
f 2610 2609 6328
f 6329 6328 6330
f 6331 2442 6332
f 2442 6333 6332
f 6334 6291 1895
f 6291 6334 6335
f 6336 6335 6337
f 6335 6334 6337
f 6329 6333 2442
f 2442 2610 6329
f 6338 6339 1468
f 6339 6338 6340
f 6103 1468 6339
f 6103 6339 6341
f 6339 6342 6341
f 1660 6343 2051
f 6343 1660 6344
f 6343 6344 6345
f 6344 1660 6346
f 6344 6346 6347
f 6344 6347 6348
f 6346 1660 6285
f 1910 6349 2055
f 6349 1910 6350
f 6294 1863 6351
f 6293 6350 1910
f 2406 6270 6352
f 2406 2371 6270
f 6353 6354 6355
f 6354 2406 6352
f 6354 6352 6355
f 6356 6273 1842
f 1842 2133 6356
f 2134 6356 2133
f 6356 2134 6357
f 2134 6358 6357
f 6359 2406 6354
f 6359 6354 6360
f 2134 6361 6362
f 6362 6361 6363
f 6358 2134 6362
f 1930 6364 2062
f 6364 1930 6365
f 1930 6366 6365
f 6299 6366 1930
f 1978 6367 6368
f 1978 2068 6367
f 6369 1978 6368
f 6369 6370 1978
f 6370 6369 6371
f 6371 6369 6372
f 6370 6324 1978
f 6324 6370 6373
f 6373 6370 6374
f 1409 6375 1408
f 6375 1409 6309
f 6375 6309 6376
f 6376 6309 6377
f 6375 6338 1468
f 1468 1408 6375
f 6338 6375 6378
f 6378 6375 6379
f 6380 6305 6381
f 6305 6307 6382
f 6305 6382 6381
f 6383 6384 2000
f 2000 2100 6383
f 6384 6385 1864
f 1864 2000 6384
f 6386 6387 1929
f 1929 2110 6386
f 1929 6387 6388
f 6288 1929 6388
f 2068 6389 6390
f 2068 2136 6389
f 6391 2068 6390
f 6391 6367 2068
f 6367 6391 6392
f 2051 6393 2147
f 6393 2051 6394
f 6393 6394 6395
f 6394 2051 6343
f 6394 6343 6396
f 6397 2150 6398
f 2149 6399 6400
f 2150 2149 6398
f 2149 6400 6398
f 6397 6401 2150
f 6401 6397 6402
f 2150 6403 2065
f 6403 2150 6401
f 6403 6401 6404
f 6403 6404 6405
f 6403 6405 6406
f 2055 6407 2153
f 6407 2055 6408
f 6349 6408 2055
f 2062 6409 2157
f 6409 2062 6410
f 6410 2062 6411
f 6411 2062 6412
f 2062 6364 6412
f 6413 6414 2100
f 2100 2177 6413
f 6383 2100 6415
f 2100 6414 6415
f 2183 6416 6417
f 6418 1744 6419
f 6418 6419 6420
f 6418 6420 6421
f 6419 1744 6422
f 6423 2183 6417
f 6424 2460 6425
f 6416 2183 6426
f 6426 2183 6427
f 6428 2460 6424
f 2460 6429 6425
f 2184 6430 6431
f 2184 2183 6432
f 2184 6432 6433
f 6430 2184 6434
f 2184 6433 6434
f 6422 1744 6220
f 6422 6220 6435
f 6422 6435 6436
f 6422 6436 6437
f 6423 6438 2183
f 6439 6431 6440
f 6431 6430 6440
f 6432 2183 6438
f 2187 6427 2183
f 6427 2187 6441
f 2187 2460 6428
f 6441 2187 6442
f 2187 6428 6442
f 6443 6444 2136
f 2136 2199 6443
f 6444 6443 6445
f 6444 6389 2136
f 1784 6446 2207
f 6446 1784 6447
f 6448 6449 6450
f 6451 6449 6448
f 6449 2207 6446
f 6449 6446 6450
f 6452 6429 2460
f 6418 6453 1741
f 1741 1744 6418
f 1741 6447 1784
f 6447 1741 6453
f 6454 6455 2199
f 2199 2207 6454
f 6455 6454 6456
f 6456 6454 6457
f 6455 6443 2199
f 6443 6455 6458
f 6459 6460 2177
f 2177 2209 6459
f 6460 6459 6461
f 6462 6413 2177
f 6462 2177 6463
f 6460 6463 2177
f 6449 6454 2207
f 6452 2460 6464
f 2460 6465 6464
f 2149 6466 6467
f 2149 2221 6466
f 6467 6466 6468
f 6399 2149 6467
f 2110 6469 6470
f 2110 2231 6469
f 6471 2110 6470
f 2110 6471 6472
f 6473 2110 6472
f 2110 6473 6474
f 6386 2110 6474
f 6475 2218 6476
f 6475 6476 6477
f 6475 6477 6478
f 2406 6476 2218
f 6476 2406 6479
f 6476 6479 6480
f 6480 6479 6481
f 6359 6479 2406
f 6361 2134 6482
f 6483 2253 6484
f 6485 2253 6483
f 2253 6486 6484
f 2253 6482 2134
f 6482 2253 6487
f 2253 6485 6487
f 2147 6488 2241
f 6488 2147 6489
f 6489 2147 6490
f 6489 6490 6491
f 6489 6491 6492
f 6490 2147 6393
f 6490 6393 6493
f 2157 6494 2263
f 6494 2157 6495
f 2157 6409 6495
f 6496 6497 2209
f 2209 2266 6496
f 6497 6498 2209
f 6498 6459 2209
f 6407 6499 2269
f 2269 2153 6407
f 6500 6496 2266
f 2266 2260 6500
f 6501 6502 2205
f 2205 2275 6501
f 6502 6503 1853
f 1853 2205 6502
f 6504 1924 6505
f 6506 6507 2342
f 6507 6508 6509
f 6507 6506 6508
f 6510 6509 6508
f 2342 6501 2275
f 6501 2342 6507
f 6501 6507 6511
f 6505 1924 6512
f 6512 6503 6513
f 6503 6514 6513
f 1924 1853 6512
f 1853 6503 6512
f 2292 6515 6516
f 2292 2184 6515
f 6516 6515 6517
f 6518 2292 6519
f 2292 6516 6519
f 2184 6520 6521
f 6515 2184 6522
f 2184 6521 6522
f 2184 6523 6524
f 2184 6431 6523
f 6520 2184 6524
f 6525 6526 6527
f 6527 6528 6525
f 6526 6525 6529
f 6529 6525 6530
f 6530 6525 6531
f 6530 6531 6532
f 6525 6528 6533
f 6525 6533 6534
f 6535 6527 6526
f 6536 6537 2346
f 6537 6506 2342
f 2342 2346 6537
f 6506 6537 6538
f 6538 6537 6539
f 6314 1924 6504
f 6314 6504 6540
f 2241 6541 2293
f 6541 2241 6542
f 6542 2241 6543
f 6542 6543 6544
f 6488 6543 2241
f 6543 6488 6545
f 6546 6547 6548
f 6547 6549 6548
f 6549 6547 6550
f 6547 6551 6550
f 1905 6552 6553
f 6554 1905 6553
f 6555 2452 6556
f 6554 6557 1850
f 1850 1905 6554
f 6557 6554 6558
f 6557 6558 6559
f 2292 6556 2452
f 6556 2292 6560
f 6560 2292 6561
f 2292 6518 6561
f 6254 1850 6562
f 1850 6557 6562
f 6563 2293 6564
f 6563 6564 6565
f 6563 6565 6566
f 6563 6552 1905
f 1905 2293 6563
f 6552 6563 6567
f 6564 2293 6568
f 6541 6568 2293
f 6568 6541 6569
f 6569 6541 6570
f 6570 6541 6571
f 6570 6571 6572
f 6573 6574 2231
f 2231 2305 6573
f 2231 6574 6575
f 6469 2231 6575
f 6576 2452 6577
f 2452 6555 6577
f 6578 2317 6579
f 6580 6581 2220
f 2314 2317 6578
f 6582 2314 6583
f 2220 2314 6584
f 2314 6582 6584
f 6580 2220 6585
f 6585 2220 6584
f 6583 2314 6586
f 2314 6578 6586
f 6581 6587 2313
f 2313 2220 6581
f 2317 6588 6589
f 2317 2318 6588
f 6589 6588 6590
f 6579 2317 6589
f 6547 6591 6592
f 6547 6593 6591
f 6594 6547 6595
f 6547 6592 6595
f 6547 6596 6593
f 6596 6547 6597
f 6547 6598 6597
f 6594 6599 6547
f 6546 6598 6547
f 6551 6547 6599
f 6551 6599 6600
f 6601 2255 6602
f 2309 6603 6604
f 2255 2309 6602
f 2309 6604 6602
f 2255 6605 2335
f 6605 2255 6601
f 6605 6601 6606
f 6593 6607 6528
f 6607 6593 6608
f 6593 6609 6608
f 6610 6593 6611
f 6612 6593 6610
f 6593 6528 6611
f 6528 6613 6611
f 6614 6596 6615
f 6609 6593 6614
f 6593 6596 6614
f 6593 6612 6616
f 6617 6593 6616
f 6591 6593 6617
f 6618 6619 2305
f 2305 2338 6618
f 6573 2305 6620
f 2305 6619 6620
f 6621 6613 6528
f 6528 6527 6621
f 6613 6621 6622
f 6528 6311 6623
f 6528 6307 6311
f 6533 6528 6623
f 6528 6382 6307
f 6382 6528 6607
f 6624 6625 2343
f 2343 2345 6624
f 6625 6624 6626
f 6625 6627 2346
f 2346 2343 6625
f 6627 6625 6628
f 6627 6628 6629
f 6627 6629 6630
f 6631 6632 2392
f 6632 6631 6633
f 6632 6633 6634
f 6635 6527 6535
f 6536 2346 6627
f 6621 6527 6635
f 2392 6624 2345
f 6624 2392 6632
f 6624 6632 6636
f 6624 6636 6637
f 6638 6639 2391
f 6638 6640 6641
f 6638 6641 6642
f 6639 6638 6643
f 6643 6638 6642
f 6639 6631 2392
f 2392 2391 6639
f 6631 6639 6644
f 6645 6646 6647
f 6631 6644 6646
f 6631 6646 6645
f 6647 6646 6648
f 6649 6119 2368
f 2368 1653 6649
f 1235 5967 1233
f 5967 1235 6650
f 1235 835 6650
f 835 5965 6650
f 2345 6651 6652
f 2345 2335 6651
f 6653 6654 6652
f 6654 2345 6652
f 2391 6654 6655
f 2391 2345 6654
f 6655 6654 6656
f 6657 2391 6655
f 6658 6659 2394
f 2394 2393 6658
f 6659 6658 6660
f 2394 6661 2259
f 6661 2394 6662
f 2394 6663 6662
f 6663 2394 6659
f 6221 6218 6664
f 6665 6431 6666
f 6218 6431 6664
f 6431 6665 6664
f 6431 6439 6666
f 6667 6431 6668
f 6431 6218 6261
f 6523 6431 6667
f 6431 6261 6668
f 6669 6670 2393
f 2393 2407 6669
f 6658 2393 6671
f 6671 2393 6670
f 6671 6670 6672
f 6673 2362 6674
f 2362 2452 6576
f 6675 2362 6673
f 2362 6576 6674
f 6676 2362 6677
f 2362 6675 6677
f 6466 2221 6678
f 2221 6679 6678
f 6680 6681 2407
f 2407 2268 6680
f 6681 6680 6682
f 6681 6669 2407
f 6683 2291 6684
f 2291 6685 6684
f 6686 6685 2291
f 2291 2641 6686
f 6686 2641 6687
f 6686 6687 6688
f 2433 6679 2221
f 6679 2433 6689
f 2433 6331 6690
f 2433 2442 6331
f 6690 6331 6691
f 6692 2433 6690
f 2433 6692 6693
f 6689 2433 6693
f 2318 6475 6694
f 2318 2218 6475
f 6695 2318 6694
f 6696 6680 2268
f 6697 5445 2438
f 2438 1 6697
f 6148 6205 2475
f 2475 1402 6148
f 1715 6243 6698
f 1715 2475 6243
f 6699 1715 6700
f 1715 6698 6700
f 6036 6649 1653
f 1653 1540 6036
f 2269 6696 2268
f 6696 2269 6701
f 2269 6702 6701
f 6499 6702 2269
f 6702 6499 6703
f 2309 6704 6705
f 2309 2315 6704
f 6603 2309 6705
f 6706 6707 2363
f 6707 6706 6708
f 2556 6709 2338
f 6709 2556 6710
f 2556 6711 6710
f 6712 2338 6709
f 2363 6711 2556
f 6711 2363 6713
f 2363 6707 6713
f 6714 6715 6716
f 6715 2318 6695
f 6715 6695 6716
f 6717 2566 6718
f 6699 6718 2566
f 2566 1715 6699
f 6676 6706 2363
f 2363 2362 6676
f 6651 2335 6719
f 6651 6719 6720
f 6651 6720 6721
f 6722 2335 6605
f 6704 2315 6723
f 6723 2315 6724
f 2315 6725 6724
f 6722 6719 2335
f 2260 6661 6726
f 2260 2259 6661
f 6500 2260 6726
f 2460 6727 6728
f 2460 2331 6727
f 6465 2460 6728
f 2566 6327 2609
f 6327 2566 6717
f 2338 6729 6730
f 6618 2338 6730
f 6729 2338 6712
f 2320 6731 6732
f 6733 2320 6732
f 2320 6727 2331
f 6727 2320 6733
f 6734 6735 2312
f 2311 6735 6736
f 2311 2312 6735
f 6737 2311 6736
f 2311 6731 2320
f 6731 2311 6737
f 6697 1 5402
f 6738 6697 6739
f 6697 6738 6740
f 6697 6740 6741
f 6697 5402 6739
f 2313 6587 6742
f 6743 2313 6744
f 2313 6742 6744
f 6588 2318 6715
f 6657 6638 2391
f 6638 6657 6745
f 2313 6746 2285
f 6747 6743 6748
f 6746 2313 6747
f 2313 6743 6747
f 2297 6749 6750
f 6751 2297 6750
f 2312 6751 6752
f 2312 2297 6751
f 6734 2312 6752
f 6753 6725 2315
f 2315 2303 6753
f 6725 6753 6754
f 6755 6756 2303
f 6753 2303 6756
f 6753 6756 6757
f 6758 2065 6403
f 6758 6334 1895
f 1895 2065 6758
f 2290 6755 2303
f 6755 2290 6759
f 2290 6760 6759
f 6683 6760 2290
f 2290 2291 6683
f 2263 6749 2297
f 6749 2263 6761
f 6761 2263 6762
f 2263 6494 6762
f 2641 6763 6764
f 2641 1960 6763
f 6765 2641 6764
f 6765 6687 2641
f 6766 1864 6385
f 6766 6385 6767
f 6768 2285 6746
f 6768 6746 6769
f 6768 6486 2253
f 2253 2285 6768
f 1864 6351 1863
f 6351 1864 6770
f 1864 6766 6770
f 6319 6763 1960
f 6683 2701 6760
f 6684 2701 6683
f 2701 6759 6760
f 6755 2701 6756
f 6759 2701 6755
f 2701 2702 6756
f 2702 6757 6756
f 2703 6684 6685
f 2703 2701 6684
f 6688 2703 6685
f 6688 6685 6686
f 6413 6461 6414
f 6461 2730 6415
f 6461 6415 6414
f 6460 6413 6462
f 6461 6413 6460
f 6460 6462 6463
f 6726 2730 6461
f 6726 6461 6459
f 6497 6726 6498
f 6726 6459 6498
f 6500 6497 6496
f 6726 6497 6500
f 2739 6724 6725
f 6754 2739 6725
f 2739 6757 2702
f 6757 2739 6753
f 2739 6754 6753
f 2707 6318 2710
f 6318 2707 6317
f 6317 2707 6319
f 6319 2707 6763
f 2707 6764 6763
f 2707 6688 6687
f 2707 2703 6688
f 6764 2707 6765
f 2707 6687 6765
f 2716 6268 6208
f 2716 2710 6268
f 6207 2716 6208
f 6268 2710 6269
f 6298 6770 2732
f 6294 6770 6295
f 6770 6298 6295
f 6770 6294 6351
f 6235 2710 6234
f 6234 2710 6266
f 2710 6318 6266
f 6234 6266 6267
f 6766 2732 6770
f 6235 6269 2710
f 6767 2732 6766
f 6269 6235 6236
f 6672 6682 2731
f 2731 2730 6672
f 6682 6672 6670
f 6682 6670 6669
f 6682 6669 6681
f 6672 2730 6660
f 6672 6660 6658
f 6672 6658 6671
f 6701 2731 6682
f 6701 6682 6680
f 6701 6680 6696
f 6662 2730 6726
f 6662 6726 6661
f 6662 6660 2730
f 6660 6662 6659
f 6659 6662 6663
f 6767 6415 2730
f 2730 2732 6767
f 6384 6415 6385
f 6415 6767 6385
f 6415 6384 6383
f 6655 6656 5305
f 6653 5305 6654
f 5305 6656 6654
f 2736 6604 6603
f 2736 2741 6604
f 6705 2736 6603
f 2739 6705 6704
f 2739 2736 6705
f 6724 2739 6723
f 2739 6704 6723
f 6296 2731 6703
f 6296 6703 6293
f 6407 6349 6499
f 6349 6703 6499
f 6349 6407 6408
f 6293 6703 6350
f 6703 6349 6350
f 6703 2731 6701
f 6703 6701 6702
f 6157 2716 6207
f 6157 6207 6156
f 6156 6207 6206
f 2732 6296 6297
f 2732 2731 6296
f 6298 2732 6297
f 2767 6640 6638
f 2767 2766 6640
f 6745 2767 6638
f 6640 2766 6641
f 2767 6655 5305
f 6655 2767 6657
f 2767 6745 6657
f 2768 6643 2766
f 6643 2768 6639
f 2768 2793 6644
f 2768 6644 6639
f 6643 6642 2766
f 6644 2793 6646
f 6641 2766 6642
f 6605 2741 6722
f 2741 2781 6720
f 6722 6720 6719
f 6606 2741 6605
f 2741 6720 6722
f 2741 6606 6601
f 6602 2741 6601
f 6604 2741 6602
f 2769 6158 2782
f 6158 2769 6159
f 6157 6159 2769
f 2769 2716 6157
f 6721 6720 2781
f 2781 2788 6721
f 2750 6592 2789
f 6592 2750 6595
f 6594 2750 6599
f 2750 2791 6600
f 6595 2750 6594
f 2750 6600 6599
f 6633 6645 2793
f 2793 2794 6633
f 6645 6633 6631
f 6645 6647 2793
f 6646 2793 6648
f 6648 2793 6647
f 6323 6771 6320
f 6323 6321 6771
f 6771 6245 6247
f 6253 6772 6249
f 6320 6771 6247
f 6251 6772 6253
f 6245 6771 6246
f 6771 6322 6246
f 6322 6771 6321
f 6053 6154 6055
f 6052 2782 6053
f 2782 6154 6053
f 6248 6250 6772
f 6058 2782 6054
f 2782 6052 6054
f 6248 6772 6252
f 6250 6249 6772
f 6252 6772 6251
f 6154 2782 6158
f 6154 6158 6155
f 2782 6011 2783
f 6011 2782 6010
f 2782 6056 6010
f 6057 6056 2782
f 6057 2782 6058
f 2827 6636 6632
f 6634 2827 6632
f 2827 6633 2794
f 6633 2827 6634
f 2791 2795 6549
f 2795 2806 6548
f 6549 2795 6548
f 6550 2791 6549
f 2789 6610 2810
f 6610 2789 6612
f 2789 6616 6612
f 2789 6592 6591
f 6616 2789 6617
f 2789 6591 6617
f 6507 6513 6511
f 6513 6514 6511
f 6509 6513 6507
f 6501 6511 6502
f 6502 6514 6503
f 6511 6514 6502
f 6628 2858 6629
f 2860 6628 6625
f 2860 2858 6628
f 6626 2860 6625
f 2840 6636 2827
f 6636 2840 6637
f 2860 6637 2840
f 6637 2860 6624
f 2860 6626 6624
f 6614 6615 2806
f 2806 2829 6614
f 2806 6615 6596
f 6597 2806 6596
f 6551 2791 6550
f 6546 2806 6598
f 6600 2791 6551
f 6548 2806 6546
f 2806 6597 6598
f 6510 6512 6509
f 6512 6510 2878
f 6512 6513 6509
f 2878 6508 2875
f 6508 2878 6510
f 6538 2875 6508
f 6538 6508 6506
f 6610 6611 2810
f 6526 2822 6535
f 6529 2822 6526
f 2822 2810 6621
f 6535 2822 6635
f 2822 6621 6635
f 6621 2810 6622
f 6622 2810 6613
f 2810 6611 6613
f 2857 6630 2858
f 6627 2857 6536
f 6630 2857 6627
f 6536 2857 6537
f 6537 2875 6539
f 2857 2875 6537
f 6539 2875 6538
f 6630 6629 2858
f 6381 6608 2899
f 6608 6381 6382
f 6608 6382 6607
f 2899 6614 2829
f 6614 2899 6609
f 2899 6608 6609
f 6529 6530 2867
f 2867 2822 6529
f 6512 2878 6540
f 6505 6512 6504
f 6512 6540 6504
f 2861 5892 5891
f 2861 2870 5892
f 5910 2861 5911
f 5937 2861 5909
f 2861 5910 5909
f 2861 5891 5911
f 5934 2871 5935
f 5972 2871 5934
f 5935 2871 5936
f 2871 2861 5936
f 2861 5937 5936
f 2870 5896 5893
f 5894 2870 5893
f 5896 2870 6059
f 5896 6059 5895
f 2870 6011 6012
f 2870 2783 6011
f 6012 6011 6009
f 6059 2870 6060
f 2870 6012 6060
f 5894 5892 2870
f 6534 2911 6531
f 6534 6531 6525
f 6530 6532 2895
f 2895 2867 6530
f 6532 6531 2911
f 2911 2895 6532
f 5933 5951 5072
f 5951 5933 5930
f 5930 5933 5931
f 5989 5072 5951
f 5989 5951 5948
f 5948 5951 5949
f 5989 5948 5990
f 5949 5951 5950
f 2878 6315 6314
f 2878 2890 6315
f 6540 2878 6314
f 2917 6534 6533
f 2917 2911 6534
f 6623 2917 6533
f 6308 2917 6306
f 6381 2899 6380
f 6306 2917 6311
f 2917 6623 6311
f 5932 5914 3291
f 5914 5932 5912
f 5912 5932 5913
f 3291 5933 5072
f 5933 3291 5914
f 5933 5914 5915
f 6379 3034 6378
f 6340 6378 3034
f 3034 3028 6340
f 6378 6340 6338
f 6340 3028 6339
f 3028 6342 6339
f 6377 3063 6376
f 6376 3063 6375
f 3063 3034 6375
f 3034 6379 6375
f 2921 6380 2899
f 2921 2917 6308
f 6380 2921 6305
f 2921 6308 6305
f 6312 3134 6304
f 6315 2890 6316
f 6304 6310 6303
f 3134 6310 6304
f 3134 6377 6309
f 3134 3063 6377
f 6310 3134 6309
f 2948 6316 2890
f 2948 3134 6312
f 6316 2948 6313
f 2948 6312 6313
f 3027 6101 6100
f 3027 3026 6101
f 6104 3027 6100
f 3027 6341 3028
f 6341 3027 6106
f 6341 6106 6103
f 6104 6106 3027
f 6102 6101 3026
f 3026 3033 6102
f 6341 6342 3028
f 6090 3033 6093
f 6091 3033 6090
f 3033 6107 6093
f 6108 6107 3033
f 3033 3062 6108
f 3033 6091 6092
f 6105 3033 6092
f 3033 6105 6099
f 6102 3033 6099
f 3015 5813 3124
f 5813 3015 5812
f 3015 2871 5970
f 3015 5970 5969
f 5812 3015 6018
f 3015 5969 6018
f 6096 6097 3884
f 3062 6097 6095
f 3062 3884 6097
f 6108 3062 6095
f 6098 6096 3884
f 5802 3288 5819
f 5802 5819 5800
f 5815 3124 5814
f 5815 5816 3124
f 5819 3288 5828
f 5819 5828 5817
f 5819 5817 5818
f 5814 3124 5813
f 2871 5972 5971
f 5970 2871 5971
f 3190 5816 5811
f 3190 3124 5816
f 3190 5811 5810
f 5831 3190 5834
f 5834 3190 5835
f 3190 5810 5835
f 3204 5778 5777
f 3204 3206 5778
f 5804 3204 5794
f 3204 5777 5794
f 5759 4161 5761
f 5790 3204 5789
f 3204 5804 5789
f 3208 5761 4161
f 5761 3208 5758
f 3208 3204 5790
f 3208 5790 5758
f 3301 6015 3289
f 6015 3301 6014
f 3301 6017 6014
f 5843 3289 6015
f 5843 6015 5842
f 5842 6015 5845
f 5845 6015 6013
f 5845 6013 6043
f 6017 3301 5987
f 6017 5987 5988
f 6017 5988 6016
f 6123 6098 3884
f 6098 6123 6094
f 5837 5828 3288
f 3288 3290 5837
f 5828 5837 5827
f 5827 5837 5836
f 5827 5836 5840
f 5827 5840 5846
f 5803 3288 5802
f 5803 5802 5801
f 5803 5932 3291
f 3291 3288 5803
f 5932 5803 5782
f 5932 5782 5784
f 5782 5783 5784
f 5843 5844 3303
f 3303 3289 5843
f 3375 5647 5646
f 3375 3257 5647
f 5667 3375 5646
f 3375 5683 3376
f 5683 3375 5666
f 3375 5667 5666
f 3010 6345 3117
f 6345 3010 6343
f 3010 6396 6343
f 6396 3010 6394
f 3010 6395 6394
f 3010 6493 6393
f 3010 3447 6493
f 6395 3010 6393
f 6348 6347 3162
f 3162 3117 6348
f 3162 6282 3453
f 6282 3162 6280
f 6280 3162 6285
f 6285 3162 6346
f 3162 6347 6346
f 6348 3117 6344
f 3117 6345 6344
f 3014 6620 6619
f 3014 3013 6620
f 6730 3014 6618
f 3014 6619 6618
f 6709 3014 6712
f 6710 3014 6709
f 3014 6730 6712
f 6712 6730 6729
f 3407 6710 6711
f 3407 3014 6710
f 6713 3407 6711
f 3257 5614 5613
f 3257 3256 5614
f 5645 3257 5613
f 5651 5647 5644
f 5647 3257 5644
f 3257 5645 5644
f 3013 6470 6469
f 3013 3179 6470
f 6575 3013 6469
f 3013 6575 6574
f 6620 3013 6573
f 3013 6574 6573
f 3300 6048 3522
f 6048 3300 6044
f 3300 6051 6044
f 3300 6046 6050
f 3300 3578 6046
f 6051 3300 6050
f 3320 5643 3583
f 5643 3320 5641
f 5640 5641 3320
f 3320 3588 5640
f 3179 6474 6473
f 3179 3272 6474
f 6472 3179 6473
f 6472 6470 3179
f 6470 6472 6471
f 3306 6388 3272
f 6388 3306 6288
f 3306 6287 6288
f 6286 6287 3306
f 3306 3569 6286
f 3272 6388 6387
f 6474 3272 6386
f 3272 6387 6386
f 3256 5581 5580
f 3256 3255 5581
f 5619 3256 5580
f 3256 5619 5615
f 5614 3256 5615
f 5735 3618 5734
f 5780 3206 5779
f 3618 5735 5736
f 5769 3618 5765
f 3618 5736 5765
f 5734 3618 5716
f 3618 3376 5704
f 3376 5705 5704
f 3618 5704 5716
f 3619 5779 3206
f 3619 3618 5769
f 3619 5769 5768
f 5779 3619 5770
f 3619 5768 5770
f 3511 5669 5648
f 3511 3552 5669
f 5648 5669 5668
f 5650 3511 5648
f 5669 3552 5670
f 5652 3511 5649
f 3511 5650 5649
f 6048 6049 3522
f 5906 5907 3679
f 3679 3522 5906
f 5908 5906 6019
f 5906 3522 6019
f 3522 6049 6019
f 6199 6198 3645
f 3645 3406 6199
f 6198 6170 3645
f 6170 6198 6171
f 6170 6172 3646
f 3646 3645 6170
f 3552 5664 5660
f 3552 3614 5664
f 5662 3552 5660
f 3552 5662 5661
f 5670 3552 5661
f 5731 3600 5730
f 3600 5729 5730
f 5699 3471 5698
f 3471 3600 5731
f 5700 3471 5699
f 3471 5731 5698
f 5728 5825 5766
f 5729 3600 5728
f 3600 5825 5728
f 3600 5849 5850
f 3600 3599 5849
f 5851 3600 5850
f 3600 5851 5826
f 5825 3600 5826
f 3631 5536 3686
f 5536 3631 5535
f 5534 5535 3631
f 3631 3630 5534
f 5655 3507 5653
f 3507 5654 5653
f 5658 5671 3948
f 5671 5658 5656
f 5656 5658 5657
f 3511 5654 3507
f 5654 3511 5652
f 5686 3948 5671
f 5686 5671 5672
f 5686 5672 5684
f 5695 5713 3919
f 5713 5695 5691
f 5691 5695 5692
f 5679 5703 5678
f 5680 3588 5679
f 3588 5703 5679
f 5773 5771 5776
f 5776 5771 5767
f 5771 3919 5714
f 3919 5713 5714
f 5771 5714 5767
f 3587 5703 3588
f 5703 3587 5702
f 3587 5701 5702
f 3471 5701 3587
f 5701 3471 5700
f 3615 5664 3614
f 5664 3615 5663
f 5663 3615 5665
f 3615 5681 5665
f 3406 6283 6281
f 3406 3453 6283
f 6289 3406 6281
f 3406 6289 6197
f 6199 3406 6197
f 5627 5659 3812
f 3812 3811 5627
f 5659 5627 5636
f 5627 5625 5636
f 5617 3513 5618
f 5620 3513 5617
f 5627 3811 5626
f 3811 5630 5626
f 3513 5655 5616
f 3513 3507 5655
f 5618 3513 5616
f 5659 5658 3948
f 3948 3812 5659
f 3615 5643 5638
f 3615 3583 5643
f 5639 3615 5638
f 5709 3878 5720
f 5709 5720 5708
f 5708 5720 5719
f 5781 3206 5780
f 5720 3878 5722
f 3504 6227 3569
f 6192 6127 6126
f 6227 3504 6192
f 3504 6127 6192
f 6128 6127 3504
f 3504 3678 6128
f 3912 5612 3913
f 5612 3912 5610
f 5612 5610 5609
f 5572 3913 5612
f 5572 5612 5571
f 5582 3323 5591
f 5583 3323 5582
f 3323 5592 5591
f 5624 5628 4023
f 4023 3876 5624
f 5628 5624 5623
f 5624 3876 5634
f 5624 5634 5622
f 5622 5634 5633
f 4023 5610 3912
f 5610 4023 5628
f 5610 5628 5608
f 5583 5581 3255
f 3255 3323 5583
f 6282 6284 3453
f 6265 4127 6231
f 6265 6231 6264
f 6231 4127 6232
f 6232 4127 6162
f 4127 6163 6162
f 6284 6283 3453
f 3686 5537 3789
f 5537 3686 5536
f 6047 6046 3578
f 6003 6773 6005
f 6004 6773 6003
f 5897 3679 5898
f 3679 5907 5898
f 5885 5886 4038
f 4038 6006 6773
f 6006 4038 5884
f 4038 5886 5884
f 6005 6773 6006
f 5711 3918 5725
f 5711 5725 5710
f 5725 3918 5726
f 5629 3811 5605
f 5589 3630 5588
f 5631 3811 5629
f 3811 3810 5607
f 3811 5607 5605
f 3560 5588 3630
f 5631 5632 3811
f 5588 3560 5587
f 3560 5585 5587
f 5585 3560 5586
f 3513 5586 3560
f 5586 3513 5584
f 5632 5630 3811
f 5584 3513 5620
f 3569 6230 6229
f 6286 3569 6279
f 3569 6229 6279
f 3569 6227 6228
f 6230 3569 6228
f 5897 5901 3839
f 3839 3679 5897
f 6173 6174 3646
f 3646 6047 3578
f 6047 3646 6174
f 6047 6174 6045
f 5869 5900 5868
f 4039 5885 4038
f 5885 4039 5807
f 4039 5808 5807
f 5885 5807 5879
f 5809 5808 4039
f 6373 4128 6326
f 6373 6326 6325
f 6373 6325 6324
f 6265 6326 4128
f 4128 4127 6265
f 6326 6265 6263
f 3792 6553 3851
f 6553 3792 6558
f 6553 6558 6554
f 6559 6558 3792
f 3792 3794 6559
f 5733 3946 5718
f 5733 5718 5717
f 5696 5718 5697
f 5718 3946 5697
f 5718 5696 5706
f 5718 5706 5715
f 3878 3877 5756
f 5754 3878 5756
f 5762 4161 5760
f 3878 5675 3879
f 5675 3878 5709
f 5675 5709 5677
f 5677 5709 5687
f 5687 5709 5688
f 5688 5709 5707
f 5722 3878 5721
f 5778 3206 5781
f 5721 5749 5750
f 3878 5749 5721
f 5754 5749 3878
f 5760 4161 5759
f 5749 5754 5748
f 5748 5754 5753
f 3807 5862 5861
f 3807 3883 5862
f 6122 3807 5861
f 6122 6123 3884
f 3884 3807 6122
f 5693 5695 3919
f 3919 3918 5693
f 5695 5693 5694
f 5693 3918 5711
f 5693 5711 5690
f 5690 5711 5712
f 5640 3588 5642
f 3588 5680 5642
f 5901 5899 3935
f 3935 3839 5901
f 5163 5869 5848
f 5163 5900 5869
f 5847 5163 5848
f 5900 5163 5902
f 5899 5902 5163
f 5163 3935 5899
f 6371 4172 6374
f 6371 6374 6370
f 6373 6374 4172
f 4172 4128 6373
f 3851 6565 3889
f 6565 3851 6566
f 3851 6553 6552
f 6567 3851 6552
f 3851 6567 6563
f 6566 3851 6563
f 6365 6301 4198
f 6301 6365 6299
f 6299 6365 6366
f 6301 6299 6300
f 6196 4198 6301
f 6196 6301 6195
f 6195 6301 6194
f 6194 6301 6233
f 6233 6301 6302
f 6172 6173 3646
f 3678 6080 6081
f 3678 3906 6080
f 6128 3678 6082
f 3678 6081 6082
f 5546 3913 5573
f 3656 5448 5447
f 5547 3913 5546
f 5546 5573 5579
f 5538 3656 5540
f 5540 3656 5542
f 3656 5447 5542
f 5573 3913 5574
f 5547 5548 3914
f 3914 3913 5547
f 3657 5592 3323
f 5572 5575 3913
f 5592 3657 5541
f 5541 3657 5539
f 5539 3657 5538
f 3657 3656 5538
f 5574 3913 5575
f 5607 3810 5606
f 5590 3630 5589
f 3810 3917 5611
f 3810 5611 5606
f 5763 5727 3918
f 5727 5763 5723
f 5727 5723 5724
f 5764 5824 5806
f 5763 3918 5764
f 3918 3920 5764
f 3920 5824 5764
f 5727 5726 3918
f 6392 4306 6368
f 6392 6368 6367
f 3447 6491 6490
f 6493 3447 6490
f 4306 6372 6369
f 4306 4244 6372
f 6368 4306 6369
f 4172 6372 4244
f 6372 4172 6371
f 3889 6565 6564
f 6569 3889 6568
f 3889 6564 6568
f 6569 6570 3294
f 3294 3889 6569
f 3750 5600 5599
f 3750 3868 5600
f 5621 3750 5599
f 3926 5621 5595
f 3926 3750 5621
f 5596 3926 5595
f 3946 5752 3947
f 5752 3946 5747
f 5752 5747 5746
f 5686 5697 3946
f 3946 3948 5686
f 5697 5686 5685
f 5747 3946 5733
f 5747 5733 5732
f 3883 5855 5856
f 3883 3963 5855
f 5862 3883 5856
f 6445 4349 6390
f 6445 6390 6444
f 6390 6389 6444
f 3391 6545 6488
f 6492 3391 6489
f 3391 6488 6489
f 4306 6390 4349
f 6390 4306 6391
f 4306 6392 6391
f 6492 6491 3447
f 3447 3391 6492
f 6458 6456 4396
f 6456 6458 6455
f 3339 6571 6541
f 6544 3339 6542
f 3339 6541 6542
f 6451 4394 6457
f 6451 6457 6449
f 6449 6457 6454
f 4396 6457 4394
f 6457 4396 6456
f 6570 6572 3292
f 3292 3294 6570
f 6572 6571 3339
f 3339 3292 6572
f 4349 6458 4396
f 6458 4349 6445
f 6458 6445 6443
f 3391 6544 6543
f 3391 3339 6544
f 6545 3391 6543
f 6495 6411 4287
f 6411 6495 6409
f 6411 6409 6410
f 4197 6365 4198
f 6365 4197 6412
f 6365 6412 6364
f 4287 6412 4197
f 6412 4287 6411
f 6519 6516 3894
f 3894 3970 6519
f 6516 6517 3971
f 3971 3894 6516
f 6773 6008 5881
f 5881 6008 5968
f 5882 6773 5881
f 6008 6773 6004
f 6008 6004 6007
f 6773 5877 4038
f 5877 6773 5882
f 5877 5882 5876
f 5600 3868 5598
f 5594 5598 3868
f 3868 4002 5594
f 5864 3963 5866
f 5865 3963 5864
f 3963 4015 5866
f 4015 5867 5866
f 5865 5855 3963
f 5855 5865 5854
f 6750 6762 4376
f 6762 6750 6749
f 6762 6749 6761
f 4376 6495 4287
f 6495 4376 6494
f 4376 6762 6494
f 6556 3970 6555
f 3970 4018 6577
f 6560 3970 6556
f 3970 6577 6555
f 6560 6561 3970
f 3970 6561 6518
f 6519 3970 6518
f 6080 3906 6024
f 3906 6025 6024
f 4022 5756 3877
f 5756 4022 5755
f 4022 4161 5762
f 4022 5762 5755
f 5755 5762 5757
f 5578 5570 3917
f 3917 4024 5578
f 5570 5578 5569
f 5568 3917 5570
f 5611 3917 5568
f 5534 3630 5532
f 3630 5590 5532
f 3947 5739 4025
f 5739 3947 5741
f 5741 3947 5752
f 5741 5752 5737
f 5737 5752 5751
f 6736 6752 4374
f 6752 6736 6734
f 6734 6736 6735
f 6752 6750 4376
f 4376 4374 6752
f 6750 6752 6751
f 6465 4527 6464
f 4018 6677 6675
f 6728 4527 6465
f 6673 4018 6675
f 6676 4018 6706
f 4018 3315 6708
f 6677 4018 6676
f 4018 6708 6706
f 6424 6425 4525
f 6577 4018 6576
f 4018 6674 6576
f 6464 4527 6452
f 4527 4525 6425
f 6674 4018 6673
f 4527 6425 6429
f 4527 6429 6452
f 6728 6732 4475
f 4475 4527 6728
f 6732 6728 6727
f 6732 6727 6733
f 3407 6708 3315
f 6708 3407 6713
f 6708 6713 6707
f 6732 6736 4374
f 4374 4475 6732
f 6736 6732 6731
f 6736 6731 6737
f 3922 5437 4028
f 5437 3922 5432
f 3922 5455 5431
f 3922 3921 5455
f 5432 3922 5431
f 4015 5863 3302
f 4015 4032 5859
f 5863 4015 5858
f 4015 5859 5858
f 5844 5867 4015
f 4015 3303 5844
f 5867 5844 5841
f 6774 6135 4127
f 6135 6774 6138
f 6135 6138 6136
f 6163 4127 6135
f 6163 6135 6134
f 6138 6774 6139
f 6138 6139 6137
f 3996 5857 4032
f 3996 5832 5833
f 5857 3996 5852
f 5852 3996 5853
f 3996 5833 5853
f 5831 5832 3996
f 3996 3190 5831
f 5877 5883 4038
f 5883 5877 5878
f 5823 5824 3920
f 3920 4038 5823
f 5822 5883 5880
f 5823 4038 5822
f 4038 5883 5822
f 4200 5510 4201
f 5510 4200 5549
f 5510 5549 5514
f 5514 5549 5516
f 5516 5549 5550
f 5511 5517 5510
f 3796 5434 5433
f 5517 4201 5510
f 5441 3796 5433
f 3914 5549 4200
f 5549 3914 5548
f 3797 5448 3656
f 5448 3797 5450
f 3796 5450 3797
f 3796 5441 5440
f 5450 3796 5449
f 5449 3796 5457
f 3796 5440 5457
f 3302 5839 3290
f 5839 3302 5838
f 5860 5859 4032
f 5838 3302 5863
f 5860 4032 5857
f 5837 3290 5839
f 5889 5226 5888
f 5875 5888 5226
f 5888 5875 5874
f 5555 4093 5554
f 5554 4093 5601
f 4093 5604 5601
f 4093 5596 5597
f 4093 3926 5596
f 5604 4093 5597
f 5739 5740 4106
f 4106 4025 5739
f 3906 6021 6020
f 3906 4107 6021
f 6025 3906 6020
f 6190 4198 6196
f 6190 6196 6193
f 6165 6190 6164
f 6190 6165 6168
f 6190 6168 6169
f 6190 6169 6189
f 6164 6190 6193
f 6168 6165 6166
f 4000 5558 5557
f 5603 4000 5557
f 4000 5594 4002
f 5594 4000 5593
f 5593 4000 5602
f 4000 5603 5602
f 6131 6132 4127
f 4127 4129 6131
f 6132 6133 6774
f 6774 4127 6132
f 5454 3921 5456
f 5551 5545 4024
f 5455 3921 5454
f 5545 5551 5544
f 4024 5515 5512
f 4024 4145 5515
f 5551 4024 5512
f 3789 5456 3921
f 5456 3789 5452
f 4024 5545 5543
f 5452 3789 5453
f 5577 4024 5543
f 5453 3789 5451
f 5451 3789 5533
f 3789 5537 5533
f 5577 5578 4024
f 5578 5577 5576
f 4028 5439 4150
f 5439 4028 5437
f 5890 5917 5887
f 5917 5226 5887
f 5226 5889 5887
f 5922 4314 5921
f 6133 6140 6774
f 6140 6133 6129
f 6129 6133 6130
f 6141 6129 6167
f 6140 6129 6141
f 5921 4314 5923
f 6139 6774 6140
f 6190 6191 4196
f 4196 4198 6190
f 5436 4149 5435
f 4149 4148 5423
f 5522 4201 5518
f 4149 5423 5421
f 5435 4149 5442
f 4149 5421 5442
f 5485 4203 5484
f 5423 4148 5422
f 4148 5424 5422
f 4203 4201 5522
f 5484 4203 5495
f 4203 5522 5495
f 3796 4149 5436
f 5434 3796 5436
f 5518 4201 5517
f 4205 5527 5524
f 5553 4205 5552
f 5552 4205 5560
f 4205 5524 5560
f 4205 5558 4000
f 5558 4205 5553
f 4317 5918 4314
f 5918 4317 5919
f 5923 4314 5916
f 4314 5918 5916
f 5920 5919 4317
f 4317 5223 5920
f 5226 5920 5223
f 5920 5226 5917
f 4237 6021 4107
f 6021 4237 6023
f 4237 6029 6028
f 6022 6023 6070
f 6023 4237 6070
f 4237 6028 6070
f 4246 5439 5438
f 4246 4150 5439
f 5443 4246 5438
f 5526 4258 5525
f 5525 4258 5559
f 4258 5561 5559
f 4258 5555 5556
f 4258 4093 5555
f 5561 4258 5556
f 4315 5922 5903
f 4315 4314 5922
f 5905 5939 5904
f 5939 4315 5903
f 5939 5903 5904
f 6131 4129 6111
f 6131 6111 6109
f 5940 4315 5939
f 5521 5519 4214
f 4214 4322 5521
f 5519 5520 4145
f 4145 4214 5519
f 4320 5501 5499
f 5528 4320 5523
f 5523 4320 5530
f 4320 5499 5530
f 5528 5527 4205
f 4205 4320 5528
f 4849 6435 6211
f 6211 6435 6220
f 6210 4849 6211
f 4432 6239 6238
f 4432 4434 6239
f 6262 4432 6238
f 6217 4483 6216
f 6239 4434 6240
f 6210 6212 4854
f 4854 4849 6210
f 6212 6210 6209
f 6214 4483 6215
f 6216 4483 6214
f 4854 6212 6213
f 4483 4854 6215
f 6215 4854 6222
f 4854 6213 6222
f 6256 4432 6255
f 4432 6262 6255
f 4148 5419 5415
f 4148 4344 5419
f 5416 4148 5415
f 5488 4203 5485
f 4148 5416 5414
f 5424 4148 5414
f 4245 6738 4345
f 6738 4245 6740
f 6741 6740 4245
f 4245 4246 6741
f 4371 6029 4237
f 6029 4371 6027
f 4371 6026 6027
f 4371 6002 6001
f 6026 4371 6001
f 6125 4196 6191
f 6125 6191 6124
f 6124 6191 6160
f 6124 6160 6161
f 6074 6073 4129
f 4129 4173 6074
f 6073 6111 4129
f 6111 6073 6071
f 6111 6071 6110
f 6437 6436 4418
f 4418 4417 6437
f 6437 4417 6419
f 6437 6419 6422
f 4418 6435 4849
f 6435 4418 6436
f 6562 5201 6257
f 6562 6257 6254
f 6257 5201 6258
f 6421 6420 4417
f 4417 4416 6421
f 6419 4417 6420
f 6668 4434 6667
f 6665 4479 6664
f 4434 4435 6667
f 4483 6664 4479
f 6664 4483 6221
f 4434 6668 6237
f 6237 6668 6261
f 6240 4434 6237
f 4483 6217 6219
f 4483 6219 6221
f 5504 4419 5498
f 5498 4419 5497
f 4419 5531 5497
f 4258 5531 4419
f 5531 4258 5529
f 4258 5526 5529
f 5467 5466 4322
f 4322 4441 5467
f 5521 4322 5494
f 5486 5494 5487
f 5521 5494 5496
f 5494 5486 5496
f 5494 4322 5465
f 4322 5466 5465
f 4392 6450 4416
f 6450 4392 6448
f 6451 6448 4392
f 4392 4394 6451
f 5941 5942 4444
f 4444 4315 5941
f 5941 4315 5938
f 4315 5940 5938
f 6421 4416 6450
f 6421 6450 6418
f 6418 6450 6446
f 6418 6446 6447
f 6418 6447 6453
f 5502 5503 4319
f 5503 5501 4320
f 4320 4319 5503
f 6738 6739 4478
f 4478 4345 6738
f 4479 6440 4480
f 5328 6521 6520
f 6524 5328 6520
f 6440 4479 6439
f 4479 6666 6439
f 6667 4435 6523
f 4435 5328 6524
f 6666 4479 6665
f 4435 6524 6523
f 6068 6079 4173
f 4173 4484 6068
f 6079 6068 6067
f 6079 6074 4173
f 6074 6079 6072
f 5509 5073 5490
f 5073 5491 5490
f 4471 5427 5417
f 5420 4471 5418
f 4471 5417 5418
f 5493 5491 5073
f 5073 4202 5493
f 4203 5493 4202
f 5493 4203 5488
f 5493 5488 5489
f 5493 5489 5492
f 5420 5419 4344
f 4344 4471 5420
f 4565 6002 4371
f 6002 4565 5998
f 4565 5999 5998
f 4288 6077 4289
f 6077 4288 6076
f 6061 4289 6077
f 6061 6077 6065
f 6065 6077 6075
f 5999 4565 6000
f 6125 6076 4288
f 4288 4196 6125
f 6076 6125 6078
f 5458 5467 4441
f 5467 5458 5460
f 5462 5458 4441
f 4441 4533 5462
f 4710 5508 4707
f 5508 4710 5477
f 4710 5478 5477
f 4439 5508 5506
f 4439 4707 5508
f 5507 4439 5506
f 5479 5478 4710
f 4319 5507 5500
f 4319 4439 5507
f 5502 4319 5500
f 6423 4540 6438
f 6438 4480 6432
f 6417 4540 6423
f 4540 4480 6438
f 4480 6433 6432
f 3971 6521 5328
f 4480 6440 6430
f 6434 4480 6430
f 6521 3971 6522
f 3971 6517 6515
f 6433 4480 6434
f 6522 3971 6515
f 4524 6426 6427
f 4524 4540 6426
f 6441 4524 6427
f 6442 4524 6441
f 4525 6442 6428
f 4525 4524 6442
f 6424 4525 6428
f 6426 4540 6417
f 6426 6417 6416
f 4716 5943 4713
f 5943 4716 5944
f 4713 5943 5924
f 5927 4713 5925
f 4713 5924 5925
f 4444 5944 4716
f 5944 4444 5942
f 5473 4586 5476
f 4586 5505 5476
f 4419 5505 4586
f 5505 4419 5504
f 6064 4484 5980
f 6066 4484 6064
f 4484 4622 5980
f 4622 5981 5980
f 6068 4484 6063
f 4484 6066 6063
f 5461 5325 5463
f 5461 5462 4533
f 4533 5325 5461
f 4698 4289 5982
f 5983 4698 5982
f 5982 4289 6069
f 6069 4289 6062
f 4289 6061 6062
f 4913 5509 5425
f 4913 5073 5509
f 5430 4913 5426
f 4913 5425 5426
f 5428 5427 4471
f 4471 4791 5428
f 4792 5428 4791
f 5428 4792 5411
f 5428 5411 5410
f 5472 4913 5430
f 5472 5430 5429
f 5412 5411 4792
f 4714 4713 5926
f 5984 4714 5929
f 4714 5926 5929
f 5926 4713 5928
f 5927 5928 4713
f 5985 5981 4622
f 4622 4723 5985
f 5981 5985 5979
f 4585 5479 4710
f 5479 4585 5475
f 4585 5474 5475
f 4586 5474 4585
f 5474 4586 5473
f 5977 5974 4565
f 4565 4766 5977
f 5974 5977 5975
f 4565 5974 5973
f 6000 4565 5973
f 4714 5985 4723
f 5985 4714 5984
f 5565 5564 4809
f 4809 4901 5565
f 4809 5567 4811
f 5567 4809 5564
f 5976 5983 5978
f 5977 4766 5976
f 4766 4698 5976
f 4698 5983 5976
f 4912 5472 5403
f 4912 4913 5472
f 5406 4912 5403
f 5412 4792 5405
f 4792 4912 5405
f 4912 5406 5405
f 6582 6583 4942
f 4942 4941 6582
f 6586 4942 6583
f 4944 6586 6578
f 4944 4942 6586
f 6589 4944 6579
f 4944 6578 6579
f 4800 6272 6271
f 4800 4815 6272
f 6277 4800 6271
f 6272 4815 6270
f 4815 6352 6270
f 6355 6352 4815
f 4815 4953 6355
f 4879 6118 4959
f 6118 4879 6121
f 6115 4879 6114
f 4879 4880 6180
f 6121 4879 6115
f 4879 6180 6114
f 4959 5964 4976
f 6085 6086 5035
f 5955 4959 5954
f 5964 4959 5963
f 4959 5955 5963
f 5954 4959 6034
f 6034 4959 6037
f 6084 5035 6086
f 6118 6037 4959
f 6153 5035 6084
f 6037 6118 6036
f 6036 6118 6119
f 6036 6119 6649
f 4976 6650 4979
f 5947 5996 5067
f 6650 4976 5967
f 5967 4976 5961
f 5996 5947 5946
f 4976 5960 5961
f 5997 5041 5996
f 5960 4976 5959
f 4976 6083 5959
f 5041 5067 5996
f 6085 5035 6038
f 5035 5041 5997
f 6083 4976 5962
f 4976 5964 5962
f 5035 5997 5993
f 5993 5997 5994
f 6038 5035 6039
f 5035 5993 6039
f 6181 4880 6179
f 4800 6179 4880
f 6179 4800 6178
f 6178 4800 6183
f 6183 4800 6185
f 4800 6277 6185
f 6185 6277 6276
f 4875 6225 6223
f 4875 4891 6225
f 6223 6225 6224
f 6278 4875 6223
f 6278 6275 4875
f 6275 6278 6274
f 4875 6357 4876
f 4875 6275 6273
f 6357 4875 6356
f 4875 6273 6356
f 5566 5565 4901
f 4901 5010 5566
f 4988 6033 6032
f 4988 5015 6033
f 6120 4988 6032
f 4988 6120 6112
f 6113 4988 6112
f 4988 6117 4989
f 6117 4988 6113
f 6201 6775 6188
f 6201 6188 6187
f 6201 6187 6200
f 6242 6202 6244
f 6292 6775 6201
f 6292 6201 6202
f 6292 6202 6242
f 6292 6242 6290
f 6242 6241 6290
f 6180 4880 6181
f 6468 5093 6467
f 6585 6584 4941
f 4941 6742 6580
f 4941 5029 6742
f 6580 6742 6581
f 6585 4941 6580
f 6581 6742 6587
f 6467 5093 6400
f 6467 6400 6399
f 6584 6582 4941
f 5953 5015 5952
f 5015 4979 5966
f 6042 5068 6041
f 5952 5015 5958
f 5015 5966 5958
f 5958 5966 5957
f 5015 5953 5956
f 6041 5068 6089
f 6041 6089 6040
f 6040 6089 6088
f 6031 5015 6030
f 6030 5015 6035
f 5015 5956 6035
f 6033 5015 6031
f 5068 5947 5067
f 5947 5068 5945
f 6650 5966 4979
f 5945 5068 5991
f 5991 5068 5992
f 5992 5068 6042
f 5945 5991 5995
f 5966 6650 5965
f 6145 6188 6775
f 6775 5036 6145
f 6188 6145 6144
f 6775 6335 5036
f 6335 6775 6292
f 6335 6292 6291
f 6186 6176 4989
f 6176 6186 6177
f 5162 6225 4891
f 6225 5162 6226
f 4989 6226 5162
f 6226 4989 6175
f 4989 6176 6175
f 6153 6145 5036
f 5036 5035 6153
f 6145 6153 6143
f 6145 6143 6142
f 6336 5036 6335
f 6336 6337 5042
f 5042 5036 6336
f 5064 6698 5062
f 6698 5064 6700
f 6148 6149 6698
f 6149 5062 6698
f 6203 6204 6205
f 6203 6148 6243
f 6243 6148 6698
f 6148 6203 6205
f 6699 6327 6718
f 6700 5064 6330
f 6700 6330 6327
f 6327 6330 6328
f 6700 6327 6699
f 6718 6327 6717
f 4989 6117 6116
f 6186 4989 6182
f 4989 6116 6182
f 6186 6182 6184
f 6149 6150 5062
f 6150 6151 5065
f 5065 5062 6150
f 6151 6150 6146
f 6151 6146 6147
f 6652 5305 6653
f 2788 6652 6651
f 2788 5305 6652
f 6721 2788 6651
f 5989 5987 3301
f 3301 5072 5989
f 5987 5989 5986
f 5673 5634 3876
f 3876 3879 5673
f 5634 5673 5635
f 5675 5676 3879
f 5676 5673 3879
f 5673 5676 5674
f 6678 6693 5039
f 6693 6678 6679
f 6693 6679 6689
f 6468 6678 5039
f 5039 5093 6468
f 6678 6468 6466
f 6693 6690 5069
f 5069 5039 6693
f 6690 6693 6692
f 6694 4952 6695
f 4952 6716 6695
f 4951 6590 6588
f 6714 4951 6715
f 4951 6588 6715
f 6714 6716 4952
f 4952 4951 6714
f 6402 6398 5092
f 6398 6402 6397
f 6402 5092 6404
f 6402 6404 6401
f 5092 6400 5093
f 6400 5092 6398
f 6405 6404 5092
f 5092 5038 6405
f 6480 4886 6476
f 4886 6477 6476
f 6694 6478 4884
f 4884 4952 6694
f 6478 6694 6475
f 6478 6477 4886
f 4886 4884 6478
f 5870 5830 5829
f 5830 5871 5821
f 5871 5225 5820
f 5871 5820 5821
f 5871 5830 5870
f 5873 5225 5871
f 4814 5567 5563
f 4814 4811 5567
f 5562 4814 5563
f 6359 6481 6479
f 6360 4885 6359
f 4885 6481 6359
f 4886 6481 4885
f 6481 4886 6480
f 5413 5408 5126
f 5126 4772 5413
f 5408 5413 5409
f 5126 5408 5407
f 5482 5126 5407
f 5126 5483 4968
f 5483 5126 5482
f 5131 6363 6361
f 5131 5130 6363
f 6487 5131 6482
f 5131 6361 6482
f 6363 5130 6362
f 6357 6362 5130
f 5130 4876 6357
f 6362 6357 6358
f 5413 4772 5394
f 5413 5394 5393
f 5562 5470 4814
f 5470 5562 5468
f 5463 5325 5471
f 5463 5471 5459
f 5459 5471 5464
f 4814 5471 5325
f 5471 4814 5469
f 4814 5470 5469
f 4968 5566 5010
f 4968 5483 5481
f 5566 4968 5480
f 4968 5481 5480
f 5745 5165 5743
f 5745 5743 5742
f 5786 5787 5097
f 5139 5786 5097
f 5139 5165 5745
f 5786 5139 5744
f 5139 5745 5744
f 5138 5097 5785
f 5785 5097 5788
f 5792 5138 5785
f 5787 5788 5097
f 4885 6353 5141
f 6353 4885 6354
f 4885 6360 6354
f 3376 5683 5682
f 5705 3376 5689
f 3376 5682 5689
f 4246 5443 5444
f 5446 4246 5444
f 5515 4145 5520
f 5515 5520 5513
f 4246 5446 5445
f 6741 4246 6697
f 4246 5445 6697
f 5681 3615 5637
f 3615 5639 5637
f 5743 5165 5738
f 5165 4106 5738
f 4106 5740 5738
f 6353 6355 4953
f 4953 5141 6353
f 5395 5394 4772
f 4772 4769 5395
f 6747 6748 5313
f 6744 6742 5029
f 5029 5011 6744
f 5313 6744 5011
f 6744 5313 6743
f 5313 6748 6743
f 5084 6258 5201
f 6258 5084 6259
f 6256 6260 5084
f 5084 4432 6256
f 6259 5084 6260
f 5771 5772 3920
f 3920 3919 5771
f 5772 5774 4039
f 4039 3920 5772
f 5809 4039 5774
f 5809 5774 5775
f 3794 6562 6557
f 3794 5201 6562
f 6559 3794 6557
f 5225 5797 5796
f 5225 5224 5797
f 5799 5225 5796
f 5799 5820 5225
f 5820 5799 5798
f 5226 5873 5872
f 5226 5225 5873
f 5875 5226 5872
f 5138 5805 5224
f 5805 5138 5791
f 5138 5793 5791
f 5792 5793 5138
f 4944 6590 4951
f 6590 4944 6589
f 5401 4478 5398
f 5398 4478 5402
f 4478 6739 5402
f 5297 5399 5388
f 5389 5297 5388
f 5298 5392 5296
f 5392 5298 5391
f 5390 5296 5392
f 5297 5391 5298
f 5391 5297 5389
f 5401 5400 5297
f 5297 4478 5401
f 5400 5399 5297
f 4785 5390 5387
f 4785 5296 5390
f 5396 4785 5387
f 5064 6691 6331
f 6332 5064 6331
f 6690 6691 5064
f 5064 5069 6690
f 6329 6330 6333
f 6330 5064 6333
f 5064 6332 6333
f 6769 6747 5313
f 6747 6769 6746
f 6483 5131 6485
f 5131 6487 6485
f 6483 6484 4997
f 4997 5131 6483
f 6484 6769 5313
f 5313 4997 6484
f 6769 6484 6486
f 6769 6486 6768
f 5797 5224 5795
f 5224 5805 5795
f 5068 6151 6087
f 5068 5065 6151
f 6087 6151 6152
f 6089 5068 6087
f 5163 5849 3599
f 5849 5163 5847
f 6406 5042 6337
f 6403 6406 6758
f 6406 6337 6758
f 6337 6334 6758
f 6406 6405 5038
f 5038 5042 6406
f 4785 5395 4769
f 5395 4785 5397
f 5396 5397 4785
