v -35 35 24.100180000000002
v -32.43664111194434 33.287069878969007 24.100180000000002
v -35 32.508906360914438 24.100180000000002
v -31.97136451412285 35 24.100180000000002
v -35 35 27.506234452640111
v -32.923699880308988 35 26.289254315286879
v -35 33.295008520584283 25.677176671779041
v -35 32.503562544365778 35
v -33.378218411407161 33.409734931117868 35
v -35 35 35
v -31.66611506691569 35 35
v -32.732186135219877 35 32.887867967245292
v -35 35 32.439783536290058
v -35 34.025524214698301 33.747656846665947
v -31 30.48282 26.600180000000002
v -29.182138473405949 30.48282 28.967272118157009
v -31 30.48282 28.902834184858762
v -29.246667076052631 30.48282 26.600180000000002
v -31 28.848511761889551 28.586295449922272
v -31 28.61731887483019 26.600180000000002
v -29.270008573079359 28.552209545779849 26.600180000000002
v -31 30.48282 31.1921
v -29.15972605712976 30.48282 31.1921
v -29.6971573507067 29.047272831520161 31.1921
v -31 27.700798228847351 31.1921
v -19 7.3374959999999998 12.47945
v -19 7.3765795000000001 13.544165
v -19 9.8605999111224829 12.71851800208271
v -17.027100042495089 7.3505866564447198 13.16346860274326
v -19 9.8855727655509416 11.83439255535226
v -19 7.3883535 11.415229999999999
v -17.044773403930549 7.3401802852629672 12.17253124979381
v -17.034053146574859 7.4100779549517037 13.912212478478461
v -19 7.4619879999999998 14.33886
v -19 10.0162 10.769299999999999
v -19 7.5287889999999997 10.3591
v -17.074678902618299 7.4183223888230136 11.09938983464326
v -17.099364176732202 7.5303097741780318 14.75818475055962
v -19 7.6030595000000014 15.125584999999999
v -19 7.7578014999999994 9.3185719999999996
v -16.754435567272139 7.5274200023951208 10.362446169157559
v -17 7.7816809999999998 15.85379
v -19 7.8699086900683044 16.17699033777955
v -19 10.26321655008582 9.7250421086734118
v -19 8.07376 8.3010684999999995
v -17.01570300100175 7.7814996723762153 9.227790913266757
v -16.931029027877031 8.0367123665102049 16.695232851772062
v -19 10.618175000000001 8.7127819999999936
v -19 8.4744114999999987 7.3138395000000003
v -16.953398063442371 8.094811819781345 8.2408783508724568
v -19 11.02178 7.8487305000000003
v -19 8.9569019999999995 6.3639209999999986
v -16.918954246966571 8.5224955486087364 7.2080278929367321
v -19 8.4828250000000001 26.1921
v -19 8.4828250000000001 26.600180000000002
v -17.410102352481861 8.4828250000000001 26.1921
v -19 9.8240100006756812 26.600180000000002
v -18.983733787577641 10.149445098133659 26.1921
v -18.13234459279094 9.4544343994309514 26.1921
v -20.264303128187318 8.4828250000000001 26.600180000000002
v -20.216856082047759 8.4828250000000001 28.009595536075221
v -18.17810379165439 8.4828250000000001 27.55346542044958
v -19.71157497385127 9.2896326851983986 26.600180000000002
v -19 11.505105 7.0266110000000026
v -19 9.5177930000000011 5.4580824999999997
v -16.83328246386445 8.9063535990975922 6.4526577847890101
v -19 12.063829999999999 6.2537554999999996
v -19 9.9853039999999993 4.8098020000000004
v -17 9.8405515000000001 5.0039010000000008
v -16.771321529698941 9.3378139859866902 5.7279537082034109
v -17 9.8672784999999994 12.906929999999999
v -17 9.8855727655509416 11.834392555352251
v -19 10.49724 4.1959964999999997
v -17.138707658943879 10.53589080924737 4.1517219301591126
v -17 10.0162 10.769299999999999
v -16.937872787211631 10.5733714030488 8.8218608514729642
v -16.970970634494471 10.264203193234691 9.7217981613142292
v -19 12.674676299044149 5.5560188967462283
v -19 11.23549 3.4277989999999989
v -16.9188701082069 11.058351218041439 7.7792025385106767
v -19.929128719846339 10.9643940088196 24.100180000000002
v -19.32799561185309 11.12030401486774 24.100180000000002
v -19.389931181960801 10.690051796186429 24.100180000000002
v -18.92155583362484 11.00890463742093 24.107066503075039
v -19.67461638155152 10.1666321194554 24.100180000000002
v -19.245940409796489 10.31897306554268 24.100180000000002
v -18.81469585927945 10.648443902578229 24.094984524769909
v -19 11.13514 21.57366
v -19 11.82606567751982 22.201818002927759
v -19 13.207700000000001 20.058229999999998
v -17.009537256434381 11.318460526030179 21.751920772207871
v -19 12.6007627014648 19.468451352790819
v -17.091863645809209 10.73085912482305 21.161415462532339
v -19 13.386939999999999 4.8829174999999951
v -19 12.035905 2.7246060000000001
v -17.159665149631149 11.248583517053209 3.414790911484948
v -16.884212121307041 12.003047354778669 6.3299761524462266
v -16.862422809562489 11.53237532650318 6.9848708365614556
v -18.98005647011691 12.67899377246261 22.860114965136759
v -19 13.48538310339644 21.92272217117425
v -16.807249932612351 11.845394130430201 22.21848662953844
v -19 13.946235 20.6616
v -19 11.98940382282602 18.75140062619132
v -17.106161981663281 12.34361048873771 19.18344098213316
v -17.06529245675209 11.88478782625393 18.613668435541811
v -19 14.139514999999999 4.2971629999999994
v -19 12.892775 2.0914280000000001
v -16.739117038074511 12.5908064305839 2.3006852633127548
v -17 11.845355 2.8845394999999998
v -17 12.692975000000001 5.5370599999999994
v -18.14214443623105 13.35925907914315 23.309287123410371
v -18.987379611405629 13.38825097244624 23.327030215022759
v -19 14.265403259746069 22.76122139584476
v -17.597340847414241 12.90155243808492 23.015010113097642
v -19 14.736940000000001 3.9034819999999999
v -19 13.56739 1.6628000000000001
v -16.978851777089609 13.305970830325959 1.823459269784349
v -17 12.949325 19.81081
v -16.94927737940905 13.60346762851735 20.396113302869569
v -17.096220350858161 14.37319138293279 4.1350458138824191
v -16.967900822402271 13.505464426897079 4.7813246199189647
v -18.607988286842311 13.8877176127107 23.617175448113159
v -19 14.14622 23.752230000000001
v -19 15.36348000000001 3.5580104999999969
v -19 14.270479999999999 1.2826649999999999
v -16.999500979083109 13.92970284832896 1.460278794127035
v -19 14.534190000000001 21.069279999999999
v -17.005054448014381 14.226712961244781 20.863170296882849
v -18.465111813615209 14.434027406759281 23.899185004168238
v -19 15.241004999999999 0.84309624999999966
v -16.999458474483209 14.56793358341459 1.135377166376855
v -19 15.152395 21.429455000000001
v -17 14.8432925 21.249367500000002
v -17.03761730230104 15.225913315295241 3.6283095886359278
v -16.632317604856691 15.61817084756334 21.666264078197759
v -19 16.232234999999999 3.1646394999999998
v -19 16.905200000000001 2.9217
v -19 16.245155 0.48695119999999997
v -16.968811310305391 16.045030605176411 0.54841906212009361
v -16.972398207398069 15.264127835579179 0.8336162341362251
v -17.2238028176832 15.895588218916799 3.3047058629567632
v -19 17.595185000000001 2.7324429999999991
v -19 17.275755 0.21676790000000001
v -17.223359578863061 16.76309495636907 0.33944658047014498
v -17 16.568717500000002 3.0431697500000001
v -17 17.250192500000001 2.8270715000000002
v -19 18.497105604460629 2.5582621041565692
v -19 18.58971 0
v -17.123860839116919 17.648824801146372 0.14051504071769819
v -16.930342410944419 17.871748354344401 2.6680809778393559
v -19 19.481290000000001 2.4633284999999998
v -16.976213141564141 18.897142082961441 2.5073698238532618
v -19 21.326540000000001 0
v -17.239482190825409 19.876802049926191 0
v -17.035117621747769 18.700557891866399 0
v -19 20.553963498613609 2.468954914760189
v -16.74738069568345 19.879154283124659 2.4520629999999999
v -19 19.316713938150318 24.100180000000002
v -19 20.67304 22.621089999999999
v -19 19.719639999999991 22.643615
v -17.041158370858611 19.859831596271359 22.646927561409711
v -19 21.620529999999999 2.5869970000000002
v -16.93907649638831 21.764048246632381 2.6144446617687209
v -16.860897187434809 20.7405660744123 2.480974221772684
v -19 21.62006499999999 22.508714999999999
v -17.045083689292689 20.910990000000002 22.604199999999999
v -19 21.47371839467554 24.100180000000002
v -19 22.117554999999999 0.114537955
v -16.901487136501931 22.20067892085023 0.1289735021442924
v -16.85929396073773 21.240928838079139 0
v -19 22.552264999999998 22.307500000000001
v -17.01285117559252 22.506016745311381 22.319795020624461
v -17.02619382322359 21.747489902069901 22.487450889926372
v -19 23.158645 0.34097945000000002
v -19 22.667632909966549 2.8216632599280791
v -19 24.176925000000001 0.65442295000000006
v -19 23.684014999999999 3.1646394999999998
v -17.047863790814649 23.691792407409089 3.1677272936805738
v -17.011507688931069 22.77761875114992 2.8537019246461961
v -19 23.437829742757579 24.100180000000002
v -19 23.461320000000011 22.019235000000009
v -17.081603798014029 23.4339394903445 22.029363940605361
v -17.094868383305279 24.05416148956829 0.61088126564618428
v -16.890024726080281 23.224249911141442 0.35817850415804547
v -19 24.339124999999999 21.646495000000002
v -19 24.671984585729991 23.049975085621451
v -19 25.22222535275958 1.078489756681273
v -19 24.55277000000001 3.558010500000004
v -17.020995163339279 25.172061868788159 1.055769835679379
v -19 25.177849999999999 21.192599999999999
v -17.024491601339719 24.942981991960071 21.33251624543762
v -19 25.7422189384245 22.624177874907879
v -17.050670182780269 24.231714182736329 21.698222610286731
v -19 26.116250000000001 1.5327770000000021
v -19 25.38054 4.0315890000000003
v -16.920106644767849 25.19970823651321 3.9164679210107729
v -17.007078142656081 24.487087828417462 3.524445710590479
v -19 25.970015 20.6616
v -17 25.573932500000002 20.927099999999999
v -19 26.360286827869182 21.827020516319379
v -17.255807079681411 25.050470000000001 24.100180000000002
v -19 25.770029999999998 23.752230000000001
v -19 25.050470000000001 24.100180000000002
v -21.161649211843059 25.11225702397461 24.100180000000002
v -19.81566782218621 26.282856440098019 24.100180000000002
v -18.485919584483121 26.284991976662941 24.100180000000002
v -19 27.023475000000001 2.0914280000000001
v -19 26.159939999999999 4.5811504999999997
v -17.090833921811331 25.89749170370909 4.3823125133554468
v -19 26.694215 23.222114999999999
v -17.931613370898681 26.338257503300891 23.439260661636752
v -19 27.988524999999999 22.285665000000002
v -19 26.531140000000001 20.21771
v -16.97359055478303 26.266768877679191 20.433703360716059
v -16.892086449463608 26.203017652774971 1.581279968687703
v -19 26.867498170909361 5.1862216870201099
v -19 27.880344999999998 2.7246060000000001
v -17.15349133609902 26.552622907557911 4.9029000933259148
v -17.038688194074041 27.012798382590351 23.015385351550229
v -19 27.357849999999999 22.776669999999999
v -19 28.781110000000002 21.57366
v -19 27.055624999999999 19.731069999999999
v -17 26.7933825 19.97439
v -19 27.388940000000002 5.7087019999999997
v -19 28.680759999999999 3.4277989999999989
v -17.009992145675358 27.147010535588969 5.4580515676318058
v -17 27.023475000000001 2.0914280000000001
v -19 29.510819999999999 20.797345
v -19 27.701525 19.029430000000001
v -17 27.378575000000001 19.38025
v -17.06704816871498 27.709679742117419 22.510625138547059
v -19 27.852419999999999 6.2537554999999996
v -19 29.848414566431121 4.707973740617688
v -17.053526397848639 27.64335377612451 5.9985178875357859
v -19 29.242640000000002 3.9962390000000001
v -19 30.172450000000001 19.962244999999999
v -16.869492249685159 28.480417119418458 3.236817893321013
v -17.137683114164869 27.828458709499131 2.6827662920814679
v -19 28.411145000000001 7.0266109999999973
v -19 30.398454999999998 5.4580825000000051
v -17.08292321189775 28.081955064628751 6.5520340159141366
v -16.953670840702891 28.312333375417399 22.009897678793699
v -19 28.78342 7.6376059999999999
v -19 30.959344999999999 6.3639209999999986
v -16.898999794322631 28.570963629866728 7.2762289610597861
v -17.02844720981113 29.000319671694982 3.7440891108674239
v -17.1277069789287 29.405976705548898 20.918771174414669
v -17.066963408799531 28.877270415710051 21.479644445037131
v -19 29.106475 8.2759885000000004
v -19 31.331299999999999 7.0713720000000002
v -17 28.944947500000001 7.9567972500000002
v -19 29.468824999999999 9.158136000000006
v -19 31.652584999999998 7.8032244999999998
v -16.815544862102691 29.29964102544832 8.7166066080695863
v -17.17159318931726 29.580544268569799 4.378950980092033
v -19 32.051864999999999 16.158465
v -19 29.68506 15.25845
v -19 29.38608 16.16404
v -17.142173573405579 29.449530205226839 15.998549382760819
v -19 31.801829999999999 16.917619999999999
v -17.127978812279789 29.925115163005671 20.29253711507738
v -19 29.746334999999998 10.070532
v -19 32.011204999999997 8.8064844999999998
v -16.915656578610399 29.592501920794941 9.526055621224053
v -16.944690826498441 30.462751829455129 5.5527455979663669
v -19 32.313184999999997 15.125584999999999
v -19 29.897269999999999 14.32869500000001
v -17.00246092675836 29.865309856931152 14.507208820045459
v -17 29.685060000000011 15.25845
v -19 29.900040000000001 10.769299999999999
v -19 32.218533962117931 9.5454839176670045
v -17 29.8231875 10.419916000000001
v -19 32.454259999999998 14.33886
v -19 30.00112 13.620799999999999
v -17.163387805603641 29.993583161115168 13.67848528942949
v -19 30.030675479506069 11.83439250530561
v -19 32.527895000000001 11.415229999999999
v -17.165273856255041 29.97572329780764 11.266218456735411
v -19 32.387459999999997 10.3591
v -19 30.048970000000001 12.906929999999999
v -19 32.578755000000001 12.47945
v -16.880502725896971 30.052511268751282 12.807020121857491
v -16.973340919988011 30.041550595614471 12.018388652692829
v -19 32.539664999999999 13.544165
v -17.04613988742306 30.49154812212549 19.501424003655551
v -19 30.48282 26.1921
v -19 30.48282 26.600180000000002
v -19 28.754122858932259 26.600180000000002
v -17.317878882126202 30.48282 26.1921
v -19 28.46064961794136 26.1921
v -17.486160551009799 28.941254587412459 26.1921
v -19.407072160139531 30.48282 29.02803655722661
v -20.483814552300728 30.48282 27.935158018755381
v -17.879394136843619 30.48282 27.504698397375801
v -20.048773034124221 29.528817371010781 26.600180000000002
v -20.118681226955911 30.48282 26.600180000000002
v -16.967038313139941 31.122136804233151 6.6595875912507072
v -17.126831431981469 31.496171845002291 7.4330154239016943
v -16.867429900619602 31.869610362387789 8.3769531339840544
v -16.896411503995711 31.945275452573039 16.50187327353839
v -16.823769652670361 32.193994453946573 9.4528162019750592
v -16.9645218776501 32.18966502814839 15.659666028202039
v -17.009254983706541 32.375499840048867 14.816672848545229
v -16.94568038583704 32.52376601580562 11.369465439332229
v -16.791917114126001 32.390497916797237 10.37634136040438
v -17.048828646429801 32.505738434459701 13.91596146349527
v -16.856468397243059 32.567981861642288 13.079425035241171
v -16.991318553772771 32.577611561544622 12.272879121894659
v -15 7.3428975000000003 12.925850000000001
v -15 7.3558199999999996 11.865360000000001
v -15 9.8672784999999994 12.906929999999999
v -15 7.3889100000000001 13.720140000000001
v -15 7.4577349999999996 10.809695
v -15 9.8855727655509416 11.834392555352251
v -15 7.4904005000000007 14.50926000000001
v -15.013545793858169 7.6270950532242514 9.8584250539232947
v -15 10.019626083199951 10.752465923093631
v -15 7.698982 15.549115
v -15 7.9250375000000002 8.7425950000000014
v -15 10.26321655008582 9.7250421086734118
v -15 7.9096719999999996 16.316330000000001
v -15 8.2871255000000019 7.7457514999999972
v -15 10.618175000000001 8.7127820000000007
v -15 8.7316290000000016 6.7828280000000003
v -15 10.304431365646479 24.083454742387669
v -15 10.648180727956721 26.184522007529999
v -15 8.4828250000000001 26.1921
v -16.43645584838352 9.5710592129307699 26.1921
v -16.129866919375129 8.4828250000000001 27.58958001614862
v -15 8.4828250000000001 28.6921
v -15 8.4828250000000001 31.1921
v -15 6.7759070486227584 29.163496469068789
v -17.365769332806341 8.4828250000000001 28.867062343606591
v -17.708656308034669 8.4828250000000018 31.1921
v -17.22705948997428 10.53621038516718 31.1921
v -15 10.811059996174199 31.1921
v -15 9.2554090000000002 5.8606239999999996
v -15 11.02178 7.8487305000000003
v -15 9.6957989999999992 5.1980000000000004
v -15 11.505105 7.0266109999999999
v -15 10.268912243187319 4.4607290799882353
v -15 12.063829999999999 6.2537554999999996
v -15 10.886115 3.7751689999999982
v -15 12.70353795185178 5.5261159491640139
v -15 12.690950000000001 19.563389999999998
v -15 11.042465 21.482144999999999
v -15 10.4953 20.90455
v -15 11.98940382282602 18.75140062619132
v -15 11.654805 3.044473
v -15 13.207700000000001 20.058229999999998
v -15 11.621119999999999 22.028199999999998
v -15 12.268420000000001 2.5380219999999998
v -15 13.386939999999999 4.8829174999999996
v -15 12.23658 22.532405000000001
v -15 13.936820044169639 22.38637822741741
v -15 13.102015 23.14544999999999
v -16.63927677720314 12.46518107421522 22.707780512588968
v -15 13.946235 20.6616
v -15 12.912074705231049 2.0783819953018101
v -15 14.139514999999999 4.2971630000000003
v -15 13.58841 1.650493
v -15 14.736940000000001 3.9034819999999999
v -15 13.78185 23.558779999999999
v -16.510255410730512 13.271739693194361 23.255121722310189
v -15 14.384209809066251 1.2254380096634401
v -15 15.461940962212431 3.4840436037018869
v -15 14.534190000000001 21.069279999999999
v -15 14.488944999999999 23.92351
v -16.8340929990825 14.16276723663055 23.762194471832149
v -15 15.25568 0.83716745000000992
v -15 15.152395 21.429455000000001
v -15 16.905200000000001 2.9217
v -15 16.255614999999999 0.48370840000001092
v -15 17.595185000000001 2.732443
v -15 17.281694999999999 0.21545079999999989
v -15 18.531874999999999 2.5533009999999998
v -15 18.58971 0
v -15 19.481290000000001 2.4633284999999998
v -15 21.326540000000001 0
v -15 20.553963498613609 2.468954914760189
v -15 19.672760033925819 22.64250728191535
v -15 20.67304 22.621089999999999
v -15 19.703927560915648 24.38238021103404
v -15 21.620529999999999 2.5869970000000002
v -15 21.620065 22.508714999999999
v -15 21.776548911525619 24.284363774622321
v -15 22.241148068886719 0.13600149466912351
v -15 22.552264999999998 22.307500000000001
v -15 23.158645 0.34097944999999957
v -15 22.667632909966549 2.82166325992808
v -15 24.14537420973414 0.64323253563307103
v -15 23.684014999999999 3.1646394999999998
v -15 23.47384564531777 22.014601356614111
v -15 24.259766279241269 23.152771397615179
v -15 23.550541917369902 24.433734092283821
v -15 24.339124999999999 21.646495000000002
v -15 25.165140000000001 1.052634800000001
v -15 24.552769999999999 3.5580105000000009
v -15 25.154456156252319 21.206727956958691
v -15 25.376759898092271 22.6580850494156
v -15 26.106987981547949 1.5275995476131079
v -15 25.38054 4.0315890000000003
v -15 25.970015 20.6616
v -15 26.694215 23.222114999999999
v -15 25.770029999999998 23.752230000000001
v -15 25.050470000000001 24.100180000000002
v -16.092973356989539 25.050470000000001 24.100180000000002
v -14.99387350902424 25.021660523829031 26.1921
v -15 26.158516866101969 25.100619620245048
v -15 26.432385976536921 24.100180000000002
v -16.055220197667222 26.11223448839716 24.100180000000002
v -15 27.023475000000001 2.0914279999999992
v -15 26.159939999999999 4.5811504999999997
v -16.31542605225264 26.193635305029861 23.52221743113169
v -15 27.357849999999999 22.776669999999999
v -15 26.531140000000001 20.21771
v -15 27.988524999999999 22.285665000000002
v -15 27.880344999999998 2.7246060000000001
v -15 26.884015000000002 5.2017910000000001
v -15 27.055624999999999 19.731069999999999
v -15 28.781110000000002 21.57366
v -15 28.581578778198011 3.3440763567421259
v -15 27.388940000000002 5.7087019999999997
v -15 27.701525 19.029430000000001
v -15 29.510819999999999 20.797344999999989
v -15 29.763159999999999 4.6027780000000007
v -15 27.852419999999999 6.2537554999999996
v -15 29.242640000000002 3.9962390000000001
v -15 30.172450000000001 19.962244999999999
v -15 30.425825100688641 5.4983790207584082
v -15 28.411145000000001 7.0266109999999999
v -15 30.959344999999999 6.3639209999999986
v -15 28.78342 7.6376059999999999
v -15 31.331299999999999 7.0713720000000002
v -15 29.106475 8.2759885000000004
v -15 31.652584999999998 7.8032244999999998
v -15 29.468824999999999 9.1581359999999989
v -15 29.38608 16.16404
v -15 29.685060000000011 15.25845
v -15 32.051864999999999 16.158465
v -15 31.801829999999999 16.917619999999999
v -15 32.011204999999997 8.8064845000000016
v -15 29.746334999999998 10.070532
v -15 29.897269999999999 14.328695
v -15 32.313184999999997 15.125584999999999
v -15 32.226660000000003 9.5761699999999994
v -15 29.900040000000001 10.769299999999999
v -15 30.00112 13.620799999999999
v -15 32.454259999999998 14.33886
v -15 32.527895000000001 11.415229999999999
v -15 30.030675479506069 11.83439250530561
v -15 32.387459999999997 10.3591
v -15 32.578755000000001 12.47945
v -15 30.048970000000011 12.906929999999999
v -15 32.545813934081103 13.466400963152831
v -14.996758394049889 28.690348161919129 26.1921
v -15 30.081386766694909 24.12156965493018
v -15 30.48282 26.1921
v -14.99717169160887 32.60653329281115 24.100180000000002
v -15 31.919856730621252 26.972434835295331
v -15 30.48282 28.6921
v -16.135400997066348 30.48282 27.37769434319797
v -16.0589555156544 29.36102461492586 26.1921
v -17.621511810833269 30.48282 31.1921
v -16.990229467229511 30.48282 28.942937107583141
v -15 30.48282 31.1921
v -15 33.099210885433628 31.402868457554462
v -15 32.547628381987138 33.184783714187837
v -15 30.007125088731559 35
v -16.827940487907359 27.534948595023589 31.1921
v -15 27.153038487413511 31.1921
v -15 31.936960739202849 29.918779170451462
v -15 28.010626583232341 33.316071491967577
v -15 35 24.100180000000002
v -16.244845174220369 33.803266646405582 24.100180000000002
v -15 34.056712861380689 25.608190631067139
v -17.492518656831869 35 24.100180000000002
v -15.97982341029522 35 25.458409700812119
v -15.011701682559529 35 25.765242942629062
v -15 32.737660055603072 35
v -15 35 35
v -15 35 32.924265981505407
v -16.7561574580381 32.3109203071064 35
v -16.692637503264852 35 34.980051311400537
v -25.989643388573501 19.89725062382357 26.600180000000002
v -24.685539085215598 17.190499467724319 26.600180000000002
v -23.40735360333527 19.295974629745661 26.600180000000002
v -22.415134120680801 17.301984605090599 26.600180000000002
v -24.392007675623379 21.521456001982958 26.600180000000002
v -20.669973926279209 18.96904463952114 26.600180000000002
v -21.912927774639471 21.341757802921759 26.600180000000002
v -22.439847858132101 28.81085877476891 35
v -23.786885320480671 30.836246240369171 35
v -25.06331224007695 28.644678227997719 35
v -21.477120355875851 31.154782322059319 35
v -23.762115213381321 27.60732532429012 35
v -22.48762927066543 26.050948287759599 35
v -21.20805389159527 27.429029704719539 35
v -20.254904275750079 29.03837466864028 35
v -27.795047246554269 11.53652282456085 35
v -26.768465284038061 13.64709947929641 35
v -29.787528203470501 13.80195668259798 35
v -30.022348770805571 11.542556227836091 35
v -21.881255736009781 10.745006783683809 26.600180000000002
v -22 8.4828250000000001 26.600180000000002
v -21.037847475079051 9.4212263451134923 26.600180000000002
v -22.92651248466165 9.3830829618148197 26.600180000000002
v -20.422971598966591 12.25174315207185 26.600180000000002
v -23.164546399595171 12.70327823581491 26.600180000000002
v -20.2191682300538 10.389705724341271 26.600180000000002
v -23.96939487072887 10.49437023218514 26.600180000000002
v -14.996300855372359 19.796586670510429 26.1921
v -16.447170717315739 20.90321254368072 26.1921
v -16.82625922374152 18.93381152970694 26.1921
v -17.673187658136261 19.979778199892021 26.1921
v -17.99086952670557 18.42424899760773 26.1921
v -30.35770209098963 19.002896257146521 24.100180000000002
v -32.576426935177238 21.480082803756719 24.100180000000002
v -30.141793671957309 21.81633988357687 24.100180000000002
v -32.646522177091683 18.80920532826719 24.100180000000002
v -28.43645991773856 19.462548849379839 24.100180000000002
v -29.291228203739479 17.080394624501491 24.100180000000002
v -27.335698054889662 30.48282 29.331281843209471
v -27.493334152105259 30.48282 26.600180000000002
v -25.367935075109241 30.48282 29.044828540384259
v -25.74000122815789 30.48282 26.600180000000002
v -27.46606012525168 27.39409675018317 26.600180000000002
v -25.522150546208369 28.74938411242838 26.600180000000002
v -25.21975327633956 13.92601940274993 31.1921
v -24.27735120809665 16.03968203415047 31.1921
v -22.556100779581591 15.09665448831146 31.1921
v -28.1582530954364 15.347139945538339 31.1921
v -28.114191126896639 13.36407190589191 31.1921
v -21.64732640733553 8.4828250000000001 29.38515033929146
v -19.011838833909721 8.4828250000000001 29.204158389491671
v -19.605186571474071 8.4828250000000001 31.1921
v -23.855388171257111 8.4828250000000001 28.989116724785809
v -23.5833828416092 8.4828250000000001 31.1921
v -22.505165580539611 8.4828250000000001 27.916975158935688
v -21.675282488081741 8.4828250000000001 31.1921
v -22.86036704216221 17.68221834872821 24.100180000000002
v -26.468877037045399 17.78155932021064 24.100180000000002
v -24.952160656225921 19.587559762033599 24.100180000000002
v -26.764718619104531 19.685999223740382 24.100180000000002
v -26.366708208662381 21.12105494619481 24.100180000000002
v -24.804981588046239 22.43651756920891 24.100180000000002
v -22.416644404341181 20.286721485800541 24.100180000000002
v -30.122042124424659 9.8946976314241475 24.100180000000002
v -29.650914759806948 12.489161712859451 24.100180000000002
v -28.078488251629391 10.44159718960943 24.100180000000002
v -20.938725385307158 10.6552313756199 24.100180000000002
v -22.89300390850952 12.057980157622371 24.100180000000002
v -20.57106283354554 11.99577280219536 24.100180000000002
v -22.728348067480329 9.3980462781473371 24.100180000000002
v -20.3461280512591 9.7375898704226742 24.100180000000002
v -21.380229509634638 9.1115643430974735 24.100180000000002
v -25.660338105270991 16.59026182936147 35
v -28.721962648812848 16.335616717490769 35
v -24.267208071767499 14.92382919111194 35
v -23.75348022202154 12.530182567239949 35
v -31.94188781230293 21.892034166951849 35
v -32.473565413523737 18.605603559538611 35
v -30.634762618626269 20.264040040820451 35
v -33.586631070090498 20.753848437154499 35
v -29.707163595023321 23.549397316110809 35
v -32.892875494027763 23.84181157667528 35
v -35 22.501781272182889 35
v -22.897255138198691 22.831776948585262 24.100180000000002
v -23.178629346436761 24.910345425189789 24.100180000000002
v -22.38136677358759 27.13011838355099 24.100180000000002
v -20.777034100740519 22.37891499128779 24.100180000000002
v -20.58725199066599 27.60035546176351 24.100180000000002
v -29.40921671093491 18.580318600245128 35
v -30.781629917725802 16.873763067874609 35
v -26.736169765776339 18.938630448970841 35
v -28.509390570577821 21.190583526515152 35
v -23.8355468158605 18.851816531907669 35
v -23.810470483322 16.720608405654829 35
v -25.70920148389326 21.210987013600299 35
v -27.218965757965051 23.57791265040245 35
v -24.327979117487899 23.545877903145239 35
v -22.494003988596479 21.42183741893372 35
v -31.209226944409568 31.382741912598711 35
v -33.115144083358871 30.147314528115789 35
v -30.558196794553812 35 31.120631823343231
v -33.360154414710458 35 31.000902280583158
v -30.858987799256749 35 32.771619029696453
v -32.700011282732362 26.333398188290261 35
v -31.105244690937049 25.13332665140976 35
v -29.872050573197289 26.611758989884041 35
v -20.691328913918611 13.327161552758749 31.1921
v -20.943805524574781 16.534157379785292 31.1921
v -35 26.72833702591705 26.182193411890982
v -35 24.208279884153601 25.93309050538452
v -35 25.897912567493901 28.22424821921042
v -35 23.417653764336269 28.510010303301542
v -35 24.9504485059466 30.266716084298221
v -35 27.428171217441541 29.878143491845329
v -35 29.604007610362721 27.467149667757319
v -27.977670442410481 28.887450028367539 31.1921
v -29.026957808788879 27.121311971663111 31.1921
v -26.732452753799489 26.938084666272601 31.1921
v -28.709368858751731 24.857175944998431 31.1921
v -31 25.944477113467091 31.1921
v -23.03126080089676 18.209302548996732 31.1921
v -26.24817338473537 17.5000235896938 31.1921
v -26.61121140751467 29.599432095733071 24.100180000000002
v -29.142770178265611 29.163251404681208 24.100180000000002
v -28.899744199077301 31.70785354805443 24.100180000000002
v -27.72692568737256 27.208546583970151 24.100180000000002
v -26.134926287066062 32.772781767830331 24.100180000000002
v -23.61922287013082 30.98029973351813 24.100180000000002
v -24.094232123132119 28.64005523148079 24.100180000000002
v -24.784503408233771 26.75908004515848 24.100180000000002
v -23.528261994217399 8.4904338315583754 26.600180000000002
v -28 8.4828250000000001 26.600180000000002
v -26.539690447411051 8.4828250000000001 28.779388353482179
v -25.056523988434801 8.4980426631167507 26.600180000000002
v -28.833548116574899 8.4828250000000001 28.626262938706461
v -26.35888509225942 10.49086245359908 26.600180000000002
v -28.97590346439048 11.114886777439439 26.600180000000002
v -28.10194608839026 33.1818034961032 24.100180000000002
v -30.035945379683689 33.511552526062367 24.100180000000002
v -27.978011147346901 35 24.100180000000002
v -18.639140520961131 35 29.401745624459078
v -16.48520718534375 35 27.536342120227811
v -18.120814771331361 35 26.88351646982408
v -19.690654437619578 35 26.28959050986629
v -19.260022088072709 35 27.77057437286205
v -27.394255933538851 30.48282 31.1921
v -25.870564898038989 31.44195403285692 35
v -23.282645036043821 32.988059821966488 35
v -27.299782583766909 17.628361700051141 26.600180000000002
v -16.454572406126829 11.520036382587881 35
v -17.365385678325779 14.17834719705677 35
v -18.38479941600577 11.60614735350762 35
v -19.366660399934059 13.745546819542779 35
v -20.27436500466273 11.65166465873553 35
v -31.489181160302401 31.435426154541119 24.100180000000002
v -33.511699162331752 30.19956424871334 24.100180000000002
v -25.43016571631475 23.004570657243921 31.1921
v -25.271939021987802 20.61098670143992 31.1921
v -27.232482508516728 22.7066777407634 31.1921
v -23.772398769727381 23.271218838858861 31.1921
v -25.525471020367309 25.257013522268171 31.1921
v -33.197067691246602 35 28.734095836646731
v -31.286674024248651 35 29.028158717137021
v -30.880181018243391 35 25.927479964986919
v -35 33.104193719300852 32.235264602292887
v -35 31.00745206858808 30.084770059120419
v -35 31.062780591326622 32.254405396558369
v -35 33.485931644840292 30.09745435893009
v -30.549382667816161 27.199980404561149 24.100180000000002
v -31.207383088183921 29.529139493937741 24.100180000000002
v -26.753285069674579 12.63563483992478 24.100180000000002
v -24.996937897868079 12.30219972982988 24.100180000000002
v -25.11375476709086 10.409072104267819 24.100180000000002
v -24.81851682368368 13.912734190595581 24.100180000000002
v -33.17088639443989 27.63065389492132 24.100180000000002
v -32.027520358180489 25.748865078482709 24.100180000000002
v -28.158094363456609 24.99498358605247 24.100180000000002
v -30.090669075906941 24.351101309046399 24.100180000000002
v -26.338634119935069 28.747081402367449 31.1921
v -20.528479323047261 8.912740049728507 24.100180000000002
v -19.980467347188249 9.2066919922560757 24.100180000000002
v -17.354408102183751 12.645822524324929 26.1921
v -19 11.52131828506883 26.1921
v -17.70023649005789 10.83258215805132 26.1921
v -16.267982565150859 11.62031156232883 26.1921
v -15 12.870995603545939 26.1921
v -23.651954446751031 10.294539929246961 31.1921
v -25 8.4828250000000001 31.1921
v -19.552110734470919 10.254131804681739 31.1921
v -14.997650822638411 12.95897983069929 24.17243030467678
v -17.64669431132554 21.870523870593178 26.1921
v -17.91954189161153 23.468702462897269 26.1921
v -19 22.06043986425221 26.1921
v -16.512171147708109 23.7024000171713 26.1921
v -19 20 26.1921
v -19 23.996384199745361 26.1921
v -17.841562166923339 25.03742339344123 26.1921
v -17.90371843329071 26.807599510739252 26.1921
v -16.396636344125699 26.794312226828939 26.1921
v -19 26.619297462758791 26.1921
v -19 25.369337397338452 26.1921
v -21.802012930915701 22.429327549543739 31.1921
v -22.39562596467692 25.36086385606675 31.1921
v -20.74667561601936 23.96131995480739 31.1921
v -20.740728778610031 19.549172536872511 31.1921
v -23.017922575492172 20.738470644246991 31.1921
v -18.84523152855289 21.713051066582921 31.1921
v -21.336535745280109 27.930403100094338 31.1921
v -20.183694350159062 26.671250209726811 31.1921
v -24.051327375770619 27.729196721585481 31.1921
v -19.336140381614289 25.003562544365781 31.1921
v -17.54650130543429 26.971868130450829 24.100180000000002
v -18.791647324061891 28.036822426831179 24.100180000000002
v -20.474169156993842 29.72733736645116 24.100180000000002
v -16.851626543148289 28.758720923833572 24.100180000000002
v -18.140626924699031 29.800877019794349 24.100180000000002
v -14.993516788099781 26.897876323838251 26.1921
v -17.056778850546479 31.07443889782903 24.100180000000002
v -19.36467638698408 31.129449598972251 24.100180000000002
v -17.396119518788829 32.701627288862383 24.100180000000002
v -19.44025236552438 32.994078229580033 24.100180000000002
v -21.20815883217691 31.691093443497941 24.100180000000002
v -23.986668304210529 30.48282 26.600180000000002
v -21.34441204074378 30.48282 26.600180000000002
v -22.49600669263549 30.48282 28.7778966191173
v -24.81695833320348 30.48282 31.1921
v -22.65090359198544 30.48282 31.1921
v -21.518106777276 30.48282 30.080069472380568
v -20.838851036325948 30.48282 29.219445317285022
v -35 23.75267190827433 32.503896532900072
v -35 21.31353550285737 32.284436140719379
v -35 23.208427045772119 30.83173957446331
v -35 26.088856691873399 31.98665019419979
v -35 25.09561829256911 33.540120555304682
v -18.873446297033389 28.797272084313111 31.1921
v -20.1514099259186 30.48282 31.1921
v -14.9936837266268 14.810290480275169 26.1921
v -15 13.905810509550269 25.13932821335866
v -15 22.009838416851021 26.1921
v -15 23.490442111406011 26.171188713861671
v -24.148168062020449 32.508906360914438 24.100180000000002
v -25 35 24.100180000000002
v -15 27.814301953073841 24.100180000000002
v -15 25.003562544365781 31.1921
v -16.89402494490103 24.688407908572639 31.1921
v -18.26248980515037 26.24857272377238 31.1921
v -17.13252656249843 35 30.622430982990199
v -15 35 29.08880702034115
v -15 35 27.235674891776998
v -15 33.546387542689708 26.99757145564049
v -15 33.234175983520743 28.868226052516579
v -19.066842644528329 31.8381025976581 35
v -17.8605273651375 29.787566640952232 35
v -17.743861091027469 33.830562896593463 35
v -19.817179268717329 35 31.251042880197449
v -17.556201032538411 35 32.786948887754193
v -19.275485250120742 35 32.814828393398479
v -15 35 30.848531963010831
v -19.153646161635461 35 35
v -28.406815554356509 8.4828250000000001 31.186656683549899
v -22.617906623832379 35 28.56940436867761
v -21.388564128361281 35 29.82265057173613
v -20.724898988280842 35 28.21396676038237
v -21.840580715382728 35 26.23429413437951
v -19.506516071144919 18.344826112721972 35
v -22.019623840969679 16.74889330029481 35
v -19.995012437887912 16.252783723338052 35
v -21.421332582168951 19.530854917394969 35
v -19.957548958999269 21.678161807357281 35
v -18.471527897337111 20.217315562047379 35
v -35 14.99643745563422 35
v -35 16.20113003379323 32.32039888117805
v -35 13.594195835113631 32.665194550811819
v -35 14.91895915822534 31.205036287255819
v -35 12.49465618345133 35
v -25.80195624564487 24.676193007014469 24.100180000000002
v -35 18.785655145990152 32.303367762231247
v -35 17.498218727817111 30.00779306580014
v -35 15.8920070841015 30.090288666188808
v -35 17.498218727817111 35
v -35 17.13186410108505 25.761572821804862
v -35 17.019557886324389 27.784429944636798
v -35 18.79846344381378 27.573905767865309
v -35 19.342570014279481 25.948403977211768
v -35 17.498218727817111 24.100180000000002
v -35 18.920848949446441 29.619962322418939
v -35 15.99101766479053 28.79589834827275
v -35 20.740473398390169 28.02352250676968
v -35 21.118921481765138 29.833578741495622
v -35 19.961428665991139 33.75649962725965
v -35 21.74176364127764 25.9549858244958
v -35 20 24.100180000000002
v -16.737466311275629 28.327334466983501 35
v -18.431980626839579 27.934106387336151 35
v -16.9783265662902 26.5399774794985 35
v -15 28.049733382868119 35
v -35 19.88736962916645 35
v -35 22.501781272182889 24.100180000000002
v -24.753419411368849 26.268202968301111 35
v -35 25.003562544365781 24.100180000000002
v -35 27.17144596385338 33.476466927168246
v -35 27.50534381654867 35
v -35 25.01703895521117 35
v -35 28.604785770841151 32.016418971445788
v -35 29.05595930402076 25.62945199780938
v -35 27.50534381654867 24.100180000000002
v -27.2885427939773 19.491688208215798 31.1921
v -35 30.007125088731559 33.755145287252091
v -35 31.25302958276729 26.260440844348189
v -35 30.007125088731559 24.100180000000002
v -35 32.658036994550002 28.16006382733212
v -20.871517368239459 33.371609948422602 35
v -19.111597941117729 33.460499447110742 35
v -35 30.007125088731559 35
v -35 35 30.060196405872929
v -20.444691332513951 28.505812704499661 26.600180000000002
v -22.640262850117729 28.828389840553921 26.600180000000002
v -23.829185020001031 27.341465409364542 26.600180000000002
v -21.54579827217 27.183870193500741 26.600180000000002
v -22.497162925743812 23.789905413667888 26.600180000000002
v -22.362249277989651 25.589952054288879 26.600180000000002
v -24.980432159991629 25.60476402413164 26.600180000000002
v -20.336304089829088 24.180995726000429 26.600180000000002
v -24.307376916161161 23.629048563726819 26.600180000000002
v -20.28642252809858 22.463675408595549 26.600180000000002
v -30.86199244140257 15.060736809243281 35
v -32.534839662123829 16.218376326440811 35
v -32.418084652818813 13.56162354737252 35
v -31.20016007385032 12.57817844580504 35
v -16.397143965562609 11.272184093375291 24.11589170322349
v -16.325018123444039 8.9264089438043683 24.037265669411141
v -16.779856897002979 9.955673266501897 24.071764603292731
v -32.24207941004321 23.78795143485118 24.100180000000002
v -28.77149221444455 19.83844022734279 26.600180000000002
v -29.299240198302009 17.979021116694259 26.600180000000002
v -27.95327991567838 22.08715962068548 26.600180000000002
v -31 21.748255205294601 26.600180000000002
v -31 19.246473933111709 26.600180000000002
v -27.530772724198211 22.40184766856229 24.100180000000002
v -33.511463299617489 28.557994264148881 35
v -31.40781073587122 28.7088746589524 35
v -29.055498651157571 28.944177398470821 35
v -26.404810127023051 25.920631054130521 35
v -21.92541238987134 23.294825562500311 35
v -20.102831312139219 24.08714337396141 35
v -28.40323822120499 25.372402348699179 35
v -31 13.48938532185764 31.1921
v -31 15.99116659404053 31.1921
v -29.074446017218829 17.595751294317061 31.1921
v -28.35459558646091 35 28.986928580094741
v -29.460062670948329 35 27.357970180691549
v -27.34934577668982 35 31.266483584984041
v -25.566237163250591 35 29.32249921610331
v -26.872494559799449 35 26.452979170857549
v -28.55969005487988 31.541241095747669 35
v -28.974730070737301 33.401449869012438 35
v -27.35162048804423 30.104360187738099 35
v -26.107628436613911 33.440878339219033 35
v -31 18.492947866223421 31.1921
v -28.965590820963129 20.92203015446642 31.1921
v -23.336069462679671 35 30.216027880708829
v -21.868159548619811 35 31.524902365756699
v -29.709961891333879 22.715954147910331 31.1921
v -31 21.21953780549061 31.1921
v -31 24.18815599808682 31.1921
v -31 22.824421058828911 31.1921
v -27.436740386775831 27.609780857986291 35
v -29.73692914758945 35 24.100180000000002
v -29.098598159306409 35 25.404700214329502
v -29.006699026833299 35 33.1472176433629
v -24.105967918461712 35 27.786921222362931
v -26.908924693963549 35 35
v -28.940300149686419 35 35
v -25.778645444375059 35 33.319231560678617
v -24.858648309228709 35 25.880734108373961
v -24.813121301932441 35 31.25380729612958
v -29.284992332634339 16.130259671973189 26.600180000000002
v -26.013346511108551 23.068494518681678 26.600180000000002
v -31 27.024596091304549 28.946587887164831
v -31 26.751817749660379 26.600180000000002
v -24.17783393409734 34.980448472893173 35
v -23.44442761642653 35 32.906656774747738
v -22.497506218943951 35 24.100180000000002
v -21.409029290018601 13.91344693755477 35
v -19.660096586881149 26.29731170349719 35
v -22.26064593610004 33.406867110173771 24.100180000000002
v -22.125665549152409 29.22317401887932 24.100180000000002
v -21.78476004637497 35 35
v -20.80800368699126 35 33.516301521569837
v -19.995012437887912 35 24.100180000000002
v -19.062186411533489 17.812945184496339 31.1921
v -18.39466847278857 19.447109643930791 31.1921
v -16.718344081712701 18.360019933354089 31.1921
v -18.609267932620781 15.185864057243309 35
v -17.028265656232389 22.607987961351601 31.1921
v -16.624702580500099 20.34884572840528 31.1921
v -18.20059111214654 22.83770753470797 35
v -16.803887515877289 21.40207788379481 35
v -18.272117386220099 24.512607972400129 35
v -15 13.33554445662435 35
v -15 15.83732572880724 35
v -16.67720752622343 24.104765059429589 35
v -15 25.844450817538799 35
v -20.292766114556951 25.873138672035669 26.600180000000002
v -15 14.53286151976371 32.828640662130383
v -15 12.88165202494762 33.196109216471122
v -20.393068323418309 17.09430752422076 26.600180000000002
v -15 18.730274028958728 31.1921
v -15.018789819366599 21.28470189674492 31.1921
v -15 22.934197869663642 35
v -15 20.49757945247287 35
v -15 21.637426102761321 32.964837064759742
v -15 19.57292361167983 33.08593400838194
v -15 23.73383657332451 31.1921
v -15 23.971605663656259 33.683182211121377
v -15 23.427588524540941 32.318358630607896
v -15 26.05070093084711 33.193615986049913
v -25.451577630976939 12.60109124468806 26.600180000000002
v -27.347365921863279 24.55768643972544 26.600180000000002
v -31 26.325008938907018 29.99789507496752
v -29.093076103991411 26.07937872790961 26.600180000000002
v -19 11.39944967027745 26.600180000000002
v -16.52296402646089 12.975651941370231 24.172988770171251
v -16.11499701845468 13.862554804657529 24.202716210466761
v -14.998825411319199 14.08716991534965 24.210245152338391
v -20.416556098206669 17.32024807371856 24.100180000000002
v -20.58126311911262 18.948994787853579 24.100180000000002
v -20.481130483729849 20.740313529158069 24.100180000000002
v -19 25.410037765352602 26.600180000000002
v -19 23.264662444524141 26.600180000000002
v -19 26.299649512654572 26.600180000000002
v -19.909344592551172 27.436513436821091 26.600180000000002
v -19 27.668462303139119 26.600180000000002
v -16.016652835935879 27.23819146657754 24.100180000000002
v -31 16.924617785311689 28.5708398484343
v -31 21.37412756013638 29.807300700207211
v -31 19.799249182533341 28.463359946316022
v -31 22.63406359660712 28.328735513366698
v -31 23.383582001935729 29.922558932499001
v -31 25.011549124441821 29.16477307427089
v -31 24.336546684937009 26.600180000000002
v -29.088033097190209 24.14048020893873 26.600180000000002
v -18.12542875248327 11.83702842090632 24.13482385648928
v -18.273336615159309 12.462401301967899 24.15578533159902
v -17.209809784477549 12.01387566872291 24.140751646965771
v -17.408686480421562 12.680162672554429 24.163084336221129
v -17.94193722463632 11.013102117696601 24.107207396539451
v -17.308757369583709 10.74671340886086 24.098278685502869
v -19 20.603296808154461 26.600180000000002
v -19 13.36953554422931 24.186190986235129
v -19.020497418873081 13.74207857504477 24.100180000000002
v -18.983393726958241 13.845191601920851 24.202134198542591
v -19.014953441674582 13.394454376194011 24.100180000000002
v -18.73870088341021 13.53414999150778 24.191708593000349
v -18.79808361522182 13.18132158268179 24.179882362388849
v -19 13.0858551047793 24.176682482347729
v -19.012584886960219 13.04943835790006 24.100180000000002
v -16.83769528787726 14.180062292333639 24.213358515833349
v -17.373680547321381 13.358305073683569 24.185814559249021
v -17.790342084950911 14.23730765104205 24.215277286534882
v -18.049381145214209 13.69622055415622 24.19714093291763
v -18.547176883985731 13.976548485761221 24.206537066230808
v -31 17.554898510188409 26.600180000000002
v -22.645552552443199 14.014247951650219 24.100180000000002
v -21.318803492243259 12.95275960594201 24.100180000000002
v -19 18.519928275699058 26.600180000000002
v -19 17.944078521137211 26.1921
v -19.278190750851021 13.51821802293501 24.100180000000002
v -19.267955999346359 12.110639580278249 24.100180000000002
v -19.483487917184089 12.043473939399931 24.100180000000002
v -19.68456851446664 12.28189840817862 24.100180000000002
v -19.311572706032479 11.82237991466404 24.100180000000002
v -19.228236946879331 12.408428034107789 24.100180000000002
v -19.06495902809295 11.87164517406417 24.100180000000002
v -19.131533277275299 12.25404479329147 24.100180000000002
v -19.02063932398563 12.14811672809275 24.100180000000002
v -19.768836535058199 11.69575182352599 24.100180000000002
v -18.635480412608668 12.409187141234 24.154001680053689
v -18.852162017640399 12.72950852828024 24.164738328515789
v -18.613477938284159 12.122712721332331 24.144399526515869
v -18.532441713838349 12.99165691537376 24.173525113260581
v -18.078534410859401 13.06939639795389 24.176130813441208
v -18.890106374276051 11.337227696368389 24.118071354478889
v -19.256205983673919 11.485637464670971 24.100180000000002
v -18.806738969142081 12.21628437491731 24.147535895148081
v -18.852567558983669 12.455740967075419 24.155562088077751
v -18.002883993442769 14.039725395287711 23.697619153855548
v -17.365472015440051 13.56375165434482 23.431836519274569
v -18.421313190138481 11.20588200700241 24.113668911477451
v -18.625442746362051 11.549018818788721 24.125170246156991
v -18.687695135228061 11.826511654041109 24.134471351682059
v -19.590893529423681 9.6113163367162109 24.100180000000002
v -19.348291874837091 10.00890123325617 24.100180000000002
v -17.651540816943879 9.9937519072307026 24.073040727347301
v -17.497486181587739 9.373183335799304 24.052240450627131
v -18.148686681003181 9.6692931913773741 24.06216535544036
v -18.359582860715111 10.14089942744439 24.077972676654639
v -17.904454750072279 10.52347049173245 24.09079585743055
v -19 8.9459311498954577 24.03791969505685
v -19.014992435623579 9.0518647722379111 24.100180000000002
v -18.9718725459662 9.1690617904612726 24.045398586440921
v -19.069744923151799 9.2685294908804039 24.100180000000002
v -18.86614045447903 8.9920559387306085 24.039465705434161
v -18.689544001159959 9.1127736024692254 24.04351191931563
v -18.943745091932399 9.3921924310270875 24.052877477824978
v -19.997385531083012 12.77371617353416 24.100180000000002
v -18.375380893331691 10.6336752689579 24.094489609078
v -20.257376336157911 13.37134042538127 24.100180000000002
v -19.56022182668374 12.98796584828102 24.100180000000002
v -20.113883174949191 13.93390925171272 24.100180000000002
v -19.605649409143471 13.49407901843929 24.100180000000002
v -18.949682509904189 11.62446950313111 24.127699229567931
v -19.438640385339291 12.611307416028479 24.100180000000002
v -18.433546486028149 13.437767467960819 24.188478008608978
v -18.40570059591521 9.3633512159286987 24.051910778161691
v -17.97590449402789 9.1903750916774669 24.046112965534832
v -18.387319962080721 8.9701021742193401 24.038729859295621
v -18.710308043698749 8.9171427125573963 24.036954764398189
v -18.991317534556071 12.30137439960842 24.150387973465939
v -18.94116582346015 12.011752324715779 24.140680315686168
v -19 12.54444918683056 24.158535442370429
v -18.49057090028543 9.7095498517632883 24.063514661824431
v -19 8.890371661412539 24.100180000000002
v -19.211482037572729 9.0860882872656372 24.100180000000002
v -18.908232615361559 10.241665527537741 24.08135011164336
v -18.996469549010101 12.819994075378171 24.167771255911141
v -19 12.84835633756258 24.100180000000002
v -19.211766929877491 12.82146562951222 24.100180000000002
v -19.242444500581961 13.18849314069046 24.100180000000002
v -19.096430343367871 9.5819227685319888 24.100180000000002
v -18.957490734758121 9.7510991649932954 24.064907311439661
v -18.94249778639572 9.5862399353395418 24.05938156083403
v -18.760616627810428 9.6293873566808728 24.06082777582672
v -18.815546349160979 12.95662503007849 24.172350901819851
v -19.059370136588441 9.8770559051370679 24.100180000000002
v -18.79956061856554 10.03710112467164 24.074493523295821
v -18.646156351465581 9.882523916811401 24.069312405430939
v -19.721535724703681 8.9989831662122945 24.100180000000002
v -19.510513617729469 9.2277603454353496 24.100180000000002
v -19.268404427391399 9.3958268863146177 24.100180000000002
v -19.016951073206851 12.66140098497527 24.100180000000002
v -19.27363692179841 9.6910711370739477 24.100180000000002
v -19.11411847343966 12.537628390322309 24.100180000000002
v -19.024055315363519 12.411932326765511 24.100180000000002
v -35 23.677490341128781 10.410160220960625
v -33.504031361549472 23.107235381448326 11.547933151578857
v -32.030460979860777 23.677490341128781 10.410160220960625
v -35 22.678924866934182 12.402498466690606
v -35 20.632489024426697 8.8839970856333093
v -35 20.946343989190101 11.515739217150387
v -33.194065047625813 22.340404140847159 9.7400088957602833
v -35 13.933087627282148 5.5262384584035722
v -35 14.57004420088321 7.7222429128524066
v -35 16.164595798871268 6.6446765651395978
v -35 12.777714439945205 7.8314395180325924
v -32.217756404152183 13.351343688349836 6.6869342051609664
v -33.604031848249512 12.930009700036821 7.5275799523204387
v -32.923176919182268 13.933087627282148 5.5262384584035722
v -35 10.235281857253675 37.230060128977357
v -32.43664111194434 11.002800650760609 35.698706315794752
v -35 11.351475192235116 35.003030726918297
v -31.97136451412285 10.235281857253675 37.230060128977357
v -35 7.1902805405515924 35.703896993650048
v -32.923699880308988 8.2782567230135307 36.24919368455128
v -35 1.6094669015933718 30.114331610195848
v -33.378218411407161 1.2034349634249644 30.924446700599169
v -35 0.49087914340704231 32.346138366420305
v -31.66611506691569 0.49087914340704231 32.346138366420305
v -32.732186135219877 2.3791181337736163 33.292529004078965
v -35 2.7797041200589501 33.493303815388259
v -35 2.0471066331211318 32.036102190950054
v -31 19.881936690032308 12.403610110542312
v -28 19.881936690032308 12.403610110542312
v -28.97590346439048 18.702579251539646 14.756664557963724
v -28.833548116574899 18.070625302650718 11.495775801618493
v -31 18.983138837197902 14.196891957009399
v -31 17.402916636174176 13.4884199809453
v -31 17.829356110271974 11.374851010854382
v -31 15.776775530511635 10.346091911166454
v -28.406815554356509 15.781641837256949 10.348530917651985
v -31 14.654450124119283 12.585356024632256
v -19 23.85139057213236 10.497319500770072
v -19 23.677490341128781 10.410160220960625
v -19 23.45234746289708 10.859365384414263
v -18.5 23.85139057213236 10.497319500770072
v -19 23.541243993412184 11.067591580701006
v -18.500638059171688 23.178215081775889 10.159922071300107
v -19.617197729172791 23.083822755076874 10.112612374428831
v -19.622955423752568 23.677490341128781 10.410160220960625
v -19.374557475209041 23.501895844792692 10.760506432431884
v -19 33.019013904324218 17.706816359301005
v -19 32.049649961462769 17.264686177705869
v -19 31.674751614762322 19.855342773568047
v -17.027100042495089 32.401637977860339 17.412028673656131
v -19 32.453967137154869 20.273821708136005
v -19 33.947635129728916 18.22913169837706
v -17.044773403930549 33.292195485600509 17.846738295632985
v -19 30.843681921033458 19.499801945522009
v -19 33.347625710761044 20.867841892697776
v -19 34.828886383739466 18.827904555030635
v -17.074678902618299 34.216566915402588 18.397443430006877
v -19 35.656500485108651 19.498874109597107
v -16.754435567272139 34.826508331384055 18.825181345624788
v -19 34.17050718270486 21.556578273866744
v -19 36.424572551668788 20.237256427102434
v -17.01570300100175 35.727039947973935 19.560736806443579
v -19 34.916416826326184 22.327476991163454
v -19 37.127630617465925 21.037788799346576
v -16.953398063442371 36.468949579154909 20.283046301524607
v -19 28.437793306048565 16.388764930552835
v -19 27.373587358169821 16.337727707227597
v -19 27.342031955879584 18.861242557608964
v -16.922755643403939 28.092528619318756 16.36119329399186
v -16.931029027877031 28.936817694576625 16.442932390887179
v -19 35.50803123266742 23.075457194702786
v -19 37.760663324075402 21.894767113888541
v -16.918954246966571 37.200680647612458 21.128187167780471
v -19 20.246758848514425 12.586459991812303
v -19 19.881936690032308 12.403610110542312
v -17.410102352481861 20.246758848514425 12.586459991812303
v -19 19.280987076881352 13.602625026417483
v -18.983733787577641 19.499990354430125 14.076412799033429
v -18.13234459279094 19.811406311446305 13.455075553226516
v -20.264303128187318 19.881936690032308 12.403610110542312
v -20.216856082047759 18.621923903154268 11.772088194664455
v -18.17810379165439 19.029702704691328 11.976468064998253
v -19.71157497385127 19.520427453004658 13.124893489276969
v -19 26.308862679238601 16.376628258365287
v -16.960096999840889 26.537843222030187 16.359185700112139
v -16.790172241091479 27.298296730218098 16.33626523833226
v -19 36.026438142232749 23.875918189392831
v -19 38.319159462212028 22.802084128856144
v -16.83328246386445 37.703982339317278 21.809816400087357
v -19 25.251221269536089 16.505196175524759
v -19 26.389259205533779 18.902464935615157
v -17.07331779775042 25.583161728218904 16.452566424459047
v -19 36.46701844950632 24.721712633893372
v -19 38.689240721939164 23.510514790953728
v -17 38.580576639649692 23.294135898088832
v -16.771321529698941 38.158539350112633 22.520261322661277
v -19 24.15465521475361 16.736042806299512
v -19 25.327513810168522 19.055310835023644
v -17 24.528030797366359 16.650417556398679
v -17 31.503319417772964 19.776890964513186
v -17 32.453967137154876 20.273821708136008
v -19 39.00859577629214 24.243213916915717
v -17.138707658943879 39.030858686146452 24.297605878039498
v -17 33.347625710761044 20.867841892697776
v -16.937872787211631 34.838976006741483 22.238547369549064
v -16.970970634494471 34.172965172057317 21.55891385677376
v -19 23.187196426390145 17.02702186430562
v -19 24.41253906945186 19.280572120773805
v -17.091863645809209 23.736889261146189 16.850312011372548
v -19 36.817088534775344 25.580444550137191
v -19 39.364571431171065 25.247415985545217
v -16.9188701082069 35.553802400351742 23.139305386742251
v -19.929128719846339 21.005002749577823 15.742308565244503
v -19.32799561185309 20.935143589377113 15.881691590473483
v -19.389931181960801 21.127928256849245 15.497047542465653
v -18.92155583362484 20.978902200491284 15.779015258373537
v -19.67461638155152 21.362458804155278 15.02911209780523
v -19.245940409796489 21.29419884555741 15.16530439533701
v -18.81469585927945 21.151216393719313 15.462178179774332
v -17.099527367810349 27.302653564861288 18.861085457763945
v -19 22.316039700755937 17.363246086931976
v -19 23.613326336465668 19.558907789508226
v -17.009537256434381 22.945690799776404 17.111035854128943
v -19 37.099692365606515 26.518804899257187
v -19 39.634578783584303 26.278066555387777
v -17.159665149631149 39.370333759369458 25.264950127365452
v -16.916468939724862 26.343826525646083 18.906587121200662
v -16.884212121307041 36.426112540164155 24.633220688495381
v -16.862422809562489 36.051534595275641 23.919000436271702
v -18.98005647011691 21.345349837083528 17.830795457758178
v -19 21.822054083849711 18.971725808100317
v -16.807249932612351 22.292477434389447 17.373056887545065
v -19 22.742997521461039 19.948801437696602
v -17.106161981663281 24.782560511763613 19.178384527973179
v -17.06529245675209 25.497521596968589 19.023498643850665
v -19 37.286145932637112 27.454065575345307
v -19 39.816696963596975 27.327815832640624
v -16.739117038074511 39.764925817216813 26.964094280396559
v -17 39.576979195739753 26.036053509453495
v -17 36.825838560104266 25.605298509162846
v -18.14214443623105 20.638982490313087 18.23768817907159
v -18.987379611405629 20.610129723138908 18.255656623735941
v -19 20.7229321224534 19.293351845698446
v -17.597340847414241 21.107151425492312 17.96035773321222
v -19 37.370405053044081 28.164559601368218
v -19 39.897611782977776 28.122976289789726
v -16.978851777089609 39.871117964495397 27.817281244322963
v -17 23.950290011541089 19.438783775653107
v -16.94927737940905 23.133926758557298 19.761326135617402
v -17.096220350858161 37.326373934233871 27.73561191586986
v -16.967900822402271 37.137408392885121 26.670286430609227
v -18.607988286842311 20.126943029157299 18.572171709918692
v -19 19.890376610915656 18.742757600249462
v -19 37.398519377963581 28.879480935255092
v -19 39.922415125931309 28.921864868067907
v -16.999500979083109 39.916322237215752 28.537627176433773
v -19 22.115085838673139 20.291760594220328
v -17.005054448014381 22.437119574227314 20.109229467434396
v -19 19.256894620593933 19.230134624777737
v -19 19.923680938882825 19.357206276574413
v -18.465111813615209 19.630040421994455 18.934209801525849
v -19 39.88052147556062 29.986470139358715
v -16.999458474483209 39.920808855028206 29.253783171439935
v -19 21.516089240501671 20.683048886952189
v -17 21.815587539587405 20.487404740586257
v -17.03761730230104 37.397312229143466 28.72499761125075
v -18.361042897234991 19.015555257759811 19.435064583161186
v -19 18.96805281925425 19.47639685208604
v -19 19.198543386229574 19.052590082762187
v -19.517721072979938 19.099492438413979 19.544183523545662
v -19 19.051692452377903 19.639554075388389
v -19.410975354747119 19.36214698730474 19.020135059330443
v -19 19.691781297227923 20.060210881193672
v -19 19.394047892635751 18.693112754316353
v -19 19.53212403847138 18.680996776776823
v -19 20.76117524821845 21.26578926935245
v -16.632317604856691 21.095680846359219 20.993343040659251
v -19 37.360925545140503 29.832404173191733
v -19 37.276574786518921 30.542887418177294
v -19 39.748980840382366 31.043756089533222
v -16.968811310305391 39.783699237992607 30.837303420999973
v -16.972398207398069 39.878635845560595 30.011389622208533
v -17.2238028176832 37.386549224532686 29.468683032343385
v -18.572031705595499 19.257527921155962 18.944134255197255
v -19 20.064608087658517 21.917152587808037
v -16.890685366674319 19.945830199781032 22.039235328212182
v -16.994868055708089 20.515505750272446 21.480092990274677
v -19 37.13660583905709 31.244532774479485
v -19 39.52873914036023 32.086171059288667
v -17.223359578863061 39.648774248919651 31.572885610741089
v -17 37.318750165829712 30.187645795684514
v -19 18.436085947729808 20.867812427220343
v -17 37.206590312788009 30.893710096328391
v -19 36.888196152101997 32.128892649561067
v -19 39.133780351454931 33.357970422223666
v -17.123860839116919 39.429746207280367 32.453861111202457
v -16.930342410944419 37.070224529861385 31.520618414548462
v -19 36.532079416434314 33.051287458847611
v -16.976213141564141 36.754447889390732 32.509327414727871
v -19 37.907479036624132 35.804687311065578
v -17.239482190825409 38.557068362353391 34.508626420604486
v -17.035117621747769 39.084112335706052 33.457068067719383
v -19 36.046412726960945 34.007732939733472
v -16.74738069568345 36.363878247779802 33.412024573849386
v -19 35.462983187473668 34.908348289492196
v -16.93907649638831 35.374138329679695 35.02435455008434
v -16.860897187434809 35.952055815675848 34.169169485560317
v -19 37.450649535536087 36.460530646242688
v -16.901487136501931 37.40049856874964 36.528374966338447
v -16.85929396073773 37.945839139527031 35.72815121794136
v -19 36.781726633489441 37.289799173244248
v -19 34.784013146710251 35.739307037779241
v -19 36.045244788430153 38.059692333358242
v -19 34.021979533941476 36.4942706310771
v -17.047863790814649 34.015734205631261 36.499840048471967
v -17.011507688931069 34.706088933763994 35.823278332484279
v -19 15.415985294717423 26.893518495021031
v -19 17.265817817347259 27.846935257738799
v -19 17.415433430224759 26.905079179755909
v -17.081603798014029 17.26903106221307 27.817918662414488
v -17.01285117559252 17.425164345525584 26.858224320015353
v -17.094868383305279 36.139177999017861 37.969452044581168
v -16.890024726080281 36.73695490668409 37.340743302529908
v -19 17.205724873131476 28.798704958706665
v -19 15.80187276091478 28.46741792066706
v -19 35.19775896911127 38.804174213635761
v -19 33.281040978003958 37.094675536113058
v -17.020995163339279 35.24054743634494 38.769508423492219
v -19 17.235694945068516 29.751900684377993
v -17.024491601339719 17.215848446139269 29.479236690755336
v -19 15.702990270145648 29.6149923571888
v -17.050670182780269 17.207608515421832 28.679502269043439
v -19 34.391038832670404 39.399875137570191
v -19 32.486761481827763 37.622501123325655
v -16.920106644767849 32.670705284530769 37.512420848250855
v -17.007078142656081 33.340478235886735 37.050995390425562
v -19 17.355458937319447 30.698020641563719
v -17 17.295576941193978 30.224960662970858
v -19 16.138706374851598 30.524728168517711
v -17.255807079681411 14.693403743139335 28.335213504583702
v -19 14.682054031017246 29.134404958576262
v -19 14.693403743139335 28.335213504583702
v -21.161649211843059 14.665718607877173 28.39045089787081
v -19.81566782218621 14.141203894456062 29.436962870297897
v -18.485919584483121 14.140247016865041 29.438872032861937
v -19 33.485103116160509 39.960614486981029
v -19 31.646226757973373 38.073038114345565
v -17.090833921811331 31.941583411796664 37.927504268793506
v -19 14.74187215741952 30.198153810140262
v -17.931613370898681 14.707239823135184 29.782631753871311
v -16.97359055478303 17.426230189413001 31.065432089387084
v -16.892086449463608 34.308799044546959 39.455712229086565
v -19 30.788256987275464 38.434476323658174
v -19 32.535103257242632 40.442943052006996
v -17.15349133609902 31.182632844643578 38.279927819785669
v -17.038688194074041 14.783938965125008 30.575596392396616
v -19 14.842741166997188 30.991033437925473
v -19 30.087517004712815 38.666533935933778
v -19 31.547806217921334 40.843429161156124
v -17.009992145675358 30.419999864946867 38.562559647539203
v -17 33.485103116160509 39.960614486981029
v -19 29.392567834625464 38.836659416850502
v -19 29.880139067012884 41.313695922477706
v -17.053526397848639 29.714426467536203 38.764120150223263
v -19 30.78785915103358 41.091045040147534
v -16.869492249685159 31.808311049070998 40.749896889422104
v -17.137683114164869 32.595756694340075 40.415304150637461
v -19 28.451287665008351 38.989861544090409
v -19 28.963085732701074 41.469326290627095
v -17.08292321189775 29.023059230137854 38.908212265568658
v -19 27.738253568087245 39.048903412945464
v -19 27.901949125389457 41.564877746949989
v -16.898999794322631 28.156519529236935 39.020891643509628
v -17.02844720981113 31.12185765641059 40.987393187750463
v -19 27.02278932092765 39.051671149856361
v -19 27.102827069841251 41.580414148155334
v -17 27.380521444507444 39.050287281400912
v -19 17.563869478406062 36.987091388360419
v -19 19.845613974180477 35.767209327164267
v -19 19.236496739243091 35.033409763010518
v -16.939273941147821 19.408245971926306 35.25795610161952
v -19 17.072974735099681 36.356331782948686
v -19 26.071792924319666 38.980343820627709
v -19 26.304594044835465 41.53971807007207
v -16.815544862102691 26.54232560285552 39.026931583113409
v -17.17159318931726 30.294309930187787 41.221647188009534
v -19 18.656130080807152 38.152910233450598
v -19 20.521243363020208 36.440267435677981
v -17.142173573405579 19.965131670949376 35.898085578243638
v -19 18.089482130260325 37.589222451614695
v -19 25.131769035225172 38.819616259681716
v -19 25.246994791895325 41.410788817454744
v -16.915656578610399 25.687457645339876 38.926055500056052
v -16.944690826498441 28.849647526073454 41.48439140502029
v -19 19.462430757340023 38.849335718210199
v -19 21.257355528907365 37.046581152624825
v -17.00246092675836 21.112085266257004 36.938021558476279
v -17 20.521243363020204 36.440267435677988
v -19 24.438201619427204 38.643928512265092
v -19 24.493433140313776 41.265014076464539
v -17 24.784985327326186 38.7317723859734
v -19 20.102548297115746 39.32796701317686
v -19 21.843678852051877 37.456611778629508
v -17.163387805603641 21.795485454416387 37.424026613580246
v -19 23.427478161560977 38.283476344727013
v -19 22.683269861994575 40.703797923824823
v -17.165273856255041 23.960046488094957 38.488933078164649
v -19 23.690371776604131 41.05147349057458
v -19 22.460435927764625 37.819255831328924
v -19 21.709071708541259 40.27241769037856
v -16.880502725896971 22.548168276389696 37.867188694163822
v -16.973340919988011 23.258113367080931 38.210754843130566
v -19 20.774735248510282 39.760400660601448
v -16.98537138481899 16.813947487904564 35.981796969690151
v -19 16.627633576416724 35.692620554997902
v -17.04613988742306 16.366672710762252 35.260100421131639
v -16.967038313139941 27.56468146687423 41.577932678085645
v -16.84465056471743 17.27749831044839 36.626902985127117
v -17.126831431981469 26.705644331671991 41.565766150812081
v -17.002677415107769 17.748387101370778 37.209394072492813
v -16.867429900619602 25.694439221324771 41.476665356257371
v -16.896411503995711 18.396884193968173 37.903747346743188
v -16.823769652670361 24.587273275130233 41.284597796501465
v -16.9645218776501 19.040310140486767 38.499601657874351
v -17.009254983706541 19.71067555436705 39.043460362075265
v -16.94568038583704 22.726033315421624 40.72061251791996
v -16.791917114126001 23.673596847561843 41.046463979352225
v -17.048828646429801 20.457552049511506 39.563478238338632
v -16.856468397243059 21.177523187853026 39.99395355700252
v -16.991318553772771 21.894257728967993 40.363954420554052
v -15 23.829514026101847 10.50813286365743
v -16.277130586820888 22.066300919204988 9.60262759813976
v -16.43571947888109 23.192141785787737 10.166902174114158
v -15 22.051278994301917 9.5950985675666143
v -16.93522533230044 23.850336425574014 10.499257778963758
v -15 21.737369662076691 11.170513673056524
v -15 23.159614226067941 11.769300599653151
v -16.494215548115861 23.333671758515891 11.449258373927265
v -15 13.933087627282148 5.5262384584035722
v -17.427569709446971 13.172274407689471 7.0442133077483646
v -18.349266831307808 13.933087627282148 5.5262384584035722
v -15 13.000655635055006 7.3866271536513182
v -16.87537612947234 15.614919690908479 6.3691773698710783
v -15 16.650944260810579 6.8884357679562349
v -15 14.543697772080202 8.0591008255645935
v -15 32.617513524055411 17.511625220039381
v -15 33.559797814532736 17.998355481093583
v -15 31.503319417772964 19.776890964513186
v -15 31.88680392686198 17.196859848968064
v -15 34.457893379824817 18.562482785035435
v -15 32.453967137154876 20.273821708136008
v -15 30.843681921033458 19.499801945522009
v -15.013545793858169 35.232439766324852 19.14012907221872
v -15 33.361140181861572 20.878447705361381
v -15 36.096487962152324 19.906462632828244
v -15 34.17050718270486 21.556578273866744
v -15 36.825420645767252 20.676827368517902
v -15 34.916416826326177 22.327476991163451
v -15 28.543221099523048 16.39871397513518
v -15 27.749578960998754 16.342659400256522
v -15 37.487100751442753 21.505672629177432
v -15 27.34203195587958 18.86124255760895
v -15 26.953952649244975 16.342285060386303
v -15 21.315666922117853 15.159798310805776
v -15 19.283294777267816 14.525676286603003
v -15 20.246758848514425 12.586459991812303
v -16.43645584838352 19.759149809531053 13.55933774738839
v -15 22.467837880003518 13.041281698536231
v -16.129866919375129 18.997416376629104 11.96028606750834
v -15 18.01176718951303 11.466275951489378
v -15 20.120608000830092 10.351553363392807
v -15 15.776775530511635 10.346091911166452
v -15 18.355165217841844 9.729076677392051
v -15 16.639499141283867 8.6909172371388408
v -17.365769332806341 17.855351438073004 11.387879941503138
v -17.708656308034669 15.776775530511635 10.346091911166454
v -17.22705948997428 14.856707715672988 12.181811594592059
v -15 14.733554856577378 12.427526229824245
v -15 14.027563995724737 10.020036283001314
v -15 38.076856051945704 22.387145482726915
v -15 35.50803123266742 23.075457194702786
v -15 26.389259205533779 18.902464935615157
v -15 25.895951419285474 16.416021983248456
v -15 38.471912557360227 23.077757005223937
v -15 36.026438142232749 23.875918189392831
v -15 25.327513810168522 19.055310835023644
v -15 24.84787835001389 16.57832528458238
v -15 38.874233376694008 23.920469979695248
v -15 36.46701844950632 24.721712633893372
v -15 24.072073956516 16.754817576355631
v -15 39.21056952977127 24.779428569164985
v -15 36.830889525004686 25.619645493309296
v -15 24.287253686616516 19.318659761797996
v -15 23.310535753434323 16.985176180486501
v -15 39.51937960789521 25.794040463519217
v -15 23.613326336465668 19.558907789508226
v -15 22.563084366950694 17.257818981406867
v -15 39.697200420211274 26.569537557216709
v -15 37.099692365606515 26.518804899257184
v -15 21.836555391397113 17.582117210366057
v -15 21.205270134003598 19.167556881216534
v -15 20.90071661678537 18.081123922929304
v -16.63927677720314 21.577340158290713 17.707904667903723
v -15 22.742997521461039 19.948801437696602
v -15 39.819712359557371 27.350915275226811
v -15 37.286145932637112 27.454065575345307
v -15 39.899195692505671 28.147282541652313
v -15 37.370405053044081 28.164559601368218
v -15 20.226584848998172 18.503691876973516
v -16.510255410730512 20.726621305922716 18.183716227173047
v -15 39.922616537550105 29.049180842425358
v -15 37.420527777084907 29.00064732166604
v -15 22.115085838673139 20.291760594220328
v -15 19.583686832286283 18.972406557811361
v -16.8340929990825 19.874054026189178 18.753085957662336
v -15 20.060120200823018 19.818963615625592
v -15 39.879246322663064 30.002246079252359
v -15 18.96805281925425 19.47639685208604
v -16.13604115508948 18.96805281925425 19.47639685208604
v -15 21.516089240501671 20.683048886952189
v -15 20.76117524821845 21.26578926935245
v -15 37.276574786518921 30.542887418177294
v -15 39.747193042738374 31.054560307756859
v -15 17.951552601548229 20.290164016940142
v -14.9936837266268 17.411588509835035 18.243193020226006
v -15 18.7580365858243 17.906310205503569
v -15 19.221533123649905 20.891845061498142
v -14.998825411319199 19.507371377808649 18.484742516036505
v -15 20.064608087658517 21.917152587808037
v -15 37.13660583905709 31.244532774479485
v -15 39.527255066086056 32.092071557230256
v -15 36.877052113875791 32.162199313048099
v -15 39.133780351454931 33.357970422223666
v -15 36.532079416434314 33.051287458847611
v -15 37.907479036624132 35.804687311065578
v -15 36.046412726960945 34.007732939733472
v -15 35.462983187473668 34.908348289492196
v -15 37.376082409378256 36.561405191637093
v -15 36.781726633489441 37.289799173244248
v -15 34.784013146710251 35.739307037779241
v -15 36.069386058224651 38.036500161557967
v -15 34.021979533941476 36.4942706310771
v -15 17.415433430224759 26.905079179755909
v -15 17.264347867882687 27.860209356210088
v -15 15.894677348184988 28.052835814751298
v -15 15.067285697425049 26.844826014767317
v -15 17.205724873131476 28.798704958706665
v -15 35.246451654560857 38.764725022663278
v -15 33.281040978003965 37.094675536113051
v -15 17.233546762847137 29.724656301355775
v -15 15.83642992301238 29.273080284154727
v -15 34.399817523930707 39.39391480378918
v -15 32.486761481827763 37.622501123325655
v -15 17.355458937319447 30.698020641563719
v -15 14.74187215741952 30.198153810140262
v -15 14.682054031017246 29.134404958576262
v -15 14.693403743139335 28.335213504583702
v -16.092973356989539 14.693403743139335 28.335213504583702
v -14.99387350902424 12.836143008786772 27.372123769953841
v -15 13.302527494371553 28.877533107629823
v -15 14.074203654345766 29.570641776984015
v -16.055220197667222 14.217655089345683 29.284427414740314
v -15 33.485103116160509 39.960614486981029
v -15 31.646226757973373 38.073038114345565
v -16.31542605225264 14.697878139335479 29.61616925144444
v -15 14.842741166997188 30.991033437925473
v -15 32.535103257242632 40.442943052006996
v -15 30.766937318079261 38.442266115390922
v -15 31.667094470366621 40.792275387289763
v -15 30.087517004712815 38.666533935933778
v -15 30.012384030022403 41.284614060431529
v -15 29.392567834625464 38.836659416850502
v -15 30.78785915103358 41.091045040147534
v -15 28.91479695759897 41.47573926155151
v -15 28.451287665008351 38.989861544090409
v -15 27.901949125389457 41.564877746949989
v -15 27.738253568087245 39.048903412945464
v -15 27.102827069841251 41.580414148155334
v -15 27.02278932092765 39.051671149856361
v -15 19.236496739243091 35.033409763010518
v -15 19.845613974180477 35.767209327164267
v -15.014505028131341 17.574640541747883 37.000155051623523
v -15 17.072974735099681 36.356331782948686
v -15 26.304594044835465 41.53971807007207
v -15 26.071792924319674 38.980343820627716
v -15 20.521243363020204 36.440267435677988
v -15 18.656130080807152 38.152910233450598
v -15 18.089482130260325 37.589222451614695
v -15 25.246994791895325 41.410788817454744
v -15 25.131769035225172 38.819616259681716
v -15 21.257355528907375 37.046581152624832
v -15 19.462430757340023 38.849335718210199
v -15 24.462358821910485 41.258529103343619
v -15 24.438201619427204 38.643928512265092
v -15 21.843678852051877 37.456611778629508
v -15 20.102548297115746 39.32796701317686
v -15 22.683269861994575 40.703797923824823
v -15 23.427478161560977 38.283476344727013
v -15 23.690371776604131 41.05147349057458
v -15 21.709071708541259 40.27241769037856
v -15 22.460435927764621 37.819255831328931
v -15 20.841500862870699 39.800741800349563
v -15 16.558869544166345 35.583626690773386
v -15 10.235281857253675 37.230060128977357
v -14.99717169160887 11.307731139828558 35.090308878311518
v -16.244845174220369 10.771506498541113 36.160184503644444
v -15 9.3097874636547751 35.711064797610895
v -17.492518656831869 10.235281857253675 37.230060128977357
v -15.97982341029522 9.0210290363244567 36.62147323540043
v -15.011701682559529 8.7467211418583677 36.483989355190879
v -15 1.5045739832064378 30.323614004199182
v -15 3.212519465612079 30.967076847248524
v -15 0.49087914340704231 32.346138366420305
v -15 2.3465784304633885 33.276220014209514
v -16.7561574580381 1.6957848054613969 29.942110092817416
v -16.692637503264852 0.50871320445816792 32.355076847458108
v -25.989643388573501 14.767433724728221 22.608068535157301
v -24.685539085215598 15.980257503203426 20.188242032407615
v -23.40735360333527 15.036849633686371 22.070529802548538
v -22.415134120680801 15.930303954559058 20.28790937325412
v -24.392007675623379 14.039670147599898 24.060102724233875
v -20.669973926279209 15.183338336627347 21.778255482056856
v -21.912927774639471 14.120188169465148 23.899453133818135
v -15 20.251167416471464 8.6928776343631515
v -16.901511467553728 20.620996201917269 8.8782368510026899
v -15 18.451055838641025 7.7906567011596941
v -17.95090461510285 19.237943768195329 8.1850471216605598
v -19.284373288557621 21.019398205580913 9.0779170441431383
v -17.850246880459942 22.104189763861989 9.6216175925409058
v -26.60503482205695 21.160463657620085 9.1486194413439499
v -28.25189813422941 19.61188782801057 8.3724689252684321
v -28.80130840582456 21.363003414997856 9.2501329314868297
v -26.087642471965491 18.658137134515353 7.894446423037877
v -24.27182195956382 21.686438187551353 9.4122393397325705
v -25.17245322430713 20.04733375628739 8.5907156365323285
v -27.232065254760229 23.677490341128781 10.410160220960625
v -25 23.677490341128781 10.410160220960625
v -22.439847858132101 3.2640700329304604 26.813066760511045
v -23.786885320480671 2.3565473471562548 28.623756397256066
v -25.06331224007695 3.3385311514525498 26.664501906142284
v -21.477120355875851 2.2138197331657352 28.908526591523454
v -23.762115213381321 3.8033416182189086 25.73711187125134
v -22.48762927066543 4.5007131050375406 24.345715993288529
v -21.20805389159527 3.8832311812198892 25.577716182220648
v -20.254904275750079 3.1621261636366551 27.016465210548148
v -16.904657250355811 17.654044412685579 7.3911923560850408
v -18.72956099773986 17.282547885518543 7.2049972626528618
v -20.221732164994801 19.266761568282458 8.1994906832751209
v -26.033985503633161 11.279064544470828 10.821546407238907
v -26.768465284038061 10.058550494565141 13.256716542716685
v -27.795047246554269 11.004244208370311 11.369868055109867
v -29.787528203470501 9.989163067498156 13.395158365802802
v -28.021848822883371 12.136539769470071 9.1107114848620636
v -30.022348770805571 11.001540799547207 11.375261897508089
v -21.881255736009781 18.868312717875568 14.425993077613596
v -22 19.881936690032308 12.403610110542312
v -21.037847475079051 19.461463805946828 13.24253778219205
v -22.92651248466165 19.478554849632864 13.208437724784599
v -20.422971598966591 18.193183904738603 15.773010363878125
v -23.164546399595171 17.990862946956664 16.176681222243019
v -20.2191682300538 19.027513748349701 14.108355115987623
v -23.96939487072887 18.980616343839721 14.201924836797437
v -29.291228203739479 18.264584237461008 21.209992710243071
v -32.42670971022374 18.594376666654949 20.551990719572164
v -30.35770209098963 17.403161978907516 22.928702755594351
v -32.646522177091683 17.489949773821895 22.755543711406538
v -28.43645991773856 17.197203779742384 23.339630639466286
v -30.994119501044899 19.574176898984902 8.3535681026769151
v -28.985036026235541 17.7576293892302 7.4431094346455726
v -23.19820117465424 13.947108240670978 13.996644842060469
v -26.247635383819901 14.517787216657926 12.858025913932735
v -25.21975327633956 13.337823731177416 15.212289546554121
v -28.114191126896639 13.589617578169324 14.709910359244367
v -24.27735120809665 12.390747272648678 17.101896887003381
v -22.556100779581591 12.813293035222181 16.258833407339882
v -28.1582530954364 12.701057110614762 16.482766570381173
v -23.31268653584382 19.213396230623328 8.1727438275043411
v -28.067130232596949 19.170145410937653 19.40321668364269
v -29.650914759806948 20.321794570671713 17.105445805422011
v -30.267771876114718 19.179600244885055 19.384352395053472
v -32.472485972763522 19.712989367646525 18.320134197452393
v -21.64732640733553 17.392182498479229 11.155738379803505
v -19.011838833909721 17.553988697738802 11.236836097240566
v -19.605186571474071 15.776775530511635 10.346091911166452
v -23.855388171257111 17.746235228520952 11.333190593563758
v -23.5833828416092 15.776775530511635 10.346091911166452
v -22.505165580539611 18.704726211298436 11.813588941976612
v -21.675282488081741 15.776775530511635 10.346091911166452
v -22.86036704216221 17.994922905074418 21.748021111777419
v -26.468877037045399 17.9504108367525 21.83683160884155
v -24.952160656225921 17.141189688054006 23.451389978292408
v -26.764718619104531 17.097081562477239 23.539394528624907
v -22.416644404341181 16.827913766226651 24.07643822665727
v -29.62934774709446 22.38807909876612 12.982794063228544
v -32.409924759043399 22.373754591468735 13.011374326092966
v -30.122042124424659 21.484305473557676 14.786003572787365
v -32.035188329373852 21.56905391284991 14.616913451777494
v -32.642737524469908 20.751065002500894 16.248965262887623
v -28.078488251629391 21.239254210862153 15.274929953129625
v -31.070993035241671 21.920232693181497 9.5294177966933837
v -29.486241883436929 23.677490341128781 10.410160220960625
v -25.513307566254969 16.916526135389343 18.32019847153262
v -27.299782583766909 15.784062989398354 20.579689407224485
v -22.54520241837259 16.823806186551899 18.505193351673022
v -27.533343810918989 16.887376805257677 18.378357227026918
v -27.310905988645711 17.959011382976836 16.240231475825045
v -25.451577630976939 18.036650241592231 16.085326393112236
v -24.454406421035539 17.455149290895811 17.245537329641216
v -20.938725385307158 21.143530368607628 15.465918202654008
v -22.89300390850952 20.514995649334992 16.719970933633963
v -20.57106283354554 20.542869124031007 16.6643577654308
v -22.728348067480329 21.706841841375862 14.341998919985196
v -20.3461280512591 21.554701316151565 14.645549758626293
v -21.380229509634638 21.835206837969338 14.085885025868786
v -23.75348022202154 10.559011494266105 12.258196549819171
v -25.660338105270991 8.7397970975162629 15.887893864109625
v -28.721962648812848 8.8538968536217855 15.660241983695027
v -24.267208071767499 9.4864815957724034 14.39810864539947
v -31.94188781230293 6.3642127943185383 20.627660645085154
v -32.473565413523737 7.8367756407397735 17.689602646902966
v -30.634762618626269 7.0936740094512825 19.17223932796238
v -33.586631070090498 6.8742037900954553 19.610126400088557
v -29.707163595023321 5.6215920948356537 22.10933777080778
v -32.892875494027763 5.4905689796967945 22.37075514414164
v -35 6.0910012039533719 21.172772522801804
v -23.178629346436761 14.75618986808311 28.209942602214923
v -22.38136677358759 13.761568171644461 30.194412220940578
v -20.58725199066599 13.550867343571761 30.614802599963845
v -29.40921671093491 7.8481051638840835 17.666997977655313
v -30.781629917725802 8.6127676723985829 16.141343025466998
v -26.736169765776339 7.6875550781236246 17.987327574944651
v -28.509390570577821 6.6785143193151324 20.000566112854273
v -24.966044009024088 12.218288219855317 8.9476069429560354
v -24.092028868351569 11.498174678436348 10.384377777631901
v -23.8355468158605 7.7264541038724577 17.90971622273608
v -23.810470483322 8.6813922357264399 16.004423268427644
v -25.70920148389326 6.6693720550752449 20.018806762234213
v -27.218965757965051 5.6088151258844654 22.134830384525959
v -24.327979117487899 5.6231690509297891 22.106191427358727
v -22.494003988596479 6.5748955514951977 20.207306321121116
v -31.209226944409568 2.1116770551014241 29.112321704901419
v -33.115144083358871 2.6652394707316898 28.007853745052923
v -30.558196794553812 3.9590213502163731 34.084380893631334
v -33.360154414710458 4.0660591619782984 34.138028542813331
v -30.858987799256749 2.483044296089389 33.344617085897646
v -23.651954446751031 14.964993870768746 11.965759013308556
v -28.924893728749758 14.495785115401029 12.901924515429942
v -25 15.776775530511635 10.346091911166452
v -32.700011282732362 4.3741547567314427 24.59822526199725
v -31.105244690937049 4.9118751498751791 23.525365311944089
v -29.872050573197289 4.249428625772703 24.847078889899269
v -25.670376664706271 18.863555827975492 20.014924345947545
v -23.553675812376429 18.854528320785292 20.032936032014643
v -20.691328913918611 13.606156133570304 14.676912626691003
v -21.607943900664669 14.809136378235497 12.276725946656637
v -18.530602343280389 13.78048630248847 14.329089001805146
v -19.552110734470919 14.983099685263682 11.929634284764893
v -20.943805524574781 12.169185916443361 17.543956196233644
v -18.845837400903662 12.70346107562645 16.47797017839892
v -26.361152231309848 16.499353154723707 6.8124578836498202
v -28.425321439509052 16.407608625069052 6.766475270027005
v -23.238894805800449 17.086658757943614 7.1068170866783955
v -25.84136627625244 13.933087627282148 5.5262384584035722
v -27.797161667328261 15.15948294986765 6.1409112076078287
v -23.75409844794294 15.046303318490889 6.0841852613398544
v -17.504570934639862 23.08554586182894 10.11347600032903
v -19.14622101453314 22.400951855342765 9.7703555787927865
v -23.03126080089676 11.418597562933481 19.041530388555262
v -26.24817338473537 11.736406751072682 18.407437365376367
v -21.51203303014049 21.279640789606969 9.2083513516110411
v -23.0140654122347 22.548987393987804 9.844551402800862
v -23.528261994217399 19.878527373361429 12.410412380569397
v -26.539690447411051 17.933731692728774 11.427164343298656
v -25.056523988434801 19.87511805669055 12.417214650596485
v -26.35888509225942 18.982188086875357 14.198788894444849
v -15 2.7280546597797031 27.88252485397139
v -15 4.5583961929484005 32.258618977705581
v -32.908766075858857 15.892401319283941 6.5082519343497154
v -32.53825998553399 17.387617215339969 7.257658303207247
v -30.746399437483081 15.578395247141383 6.3508712169935961
v -27.978011147346901 10.235281857253675 37.230060128977357
v -26.134926287066062 11.233239584450754 35.238934460307341
v -28.10194608839026 11.049967739588126 35.604598520723421
v -30.035945379683689 10.902215899319238 35.899393053332439
v -18.996320317831419 22.690441989463004 12.631976493162876
v -19.02768285588996 22.514563979562002 12.730431376926488
v -18.990268868540021 22.52576793442541 12.934765633267103
v -19 22.806279088951253 12.148401270425683
v -18.706719358626671 22.496704520108125 12.988205054720678
v -18.427083810339649 22.846390352450872 12.345231439614652
v -19 22.945069714107174 12.163787926517671
v -19.42448565317618 22.656731696399113 12.446778289690377
v -19.358583169018399 22.367671260171054 13.023511791205696
v -19 22.322600987783193 13.113436017252297
v -18.120814771331361 7.7469883395531927 35.982920492039085
v -16.48520718534375 7.1633643861793939 35.690406542160808
v -19.690654437619578 8.277956166181216 36.249043044630362
v -19.260022088072709 6.9539615338167398 35.585453249708905
v -25.870564898038989 2.0851456662586543 29.165257142856973
v -23.282645036043821 1.3923764544140838 30.547470559894435
v -35 19.049797643465144 9.7555044947548399
v -35 18.770694615193463 11.472690485018008
v -35 18.395313508054034 13.347610598082229
v -35 19.673475056799234 14.247328458531362
v -35 21.680359392739582 14.394836712420586
v -32.879987166979767 20.730604178385057 8.9331726738890129
v -32.507481343168138 18.957588698441942 8.044532380365423
v -35 13.456011464855761 9.5257884090672427
v -35 14.83098841368561 10.200459578791229
v -35 16.430793649882382 8.6273223170585602
v -31.3950376255873 12.771221631333079 7.844393972451897
v -32.247164187480386 12.212377268191183 8.9594004761528581
v -33.817850618501467 12.127406431607742 9.1289343243298173
v -30.004667905018241 13.306745346588716 6.7759168350265568
v -30.759223539022411 13.933087627282148 5.5262384584035722
v -19.995012437887912 12.253958677020272 8.8764372321168619
v -17.484662889690931 12.136506956018046 9.1107769542750692
v -18.38479941600577 10.97304729391384 11.43211215169304
v -16.454572406126829 11.011631348042243 11.355129230991389
v -20.27436500466273 10.952652190363917 11.472804470702881
v -19.366660399934059 10.014438838822651 13.344728136437288
v -25.43016571631475 9.2699644413622782 23.328484078398407
v -25.271939021987802 10.342466259948141 21.188628007861805
v -27.232482508516728 9.4034423976689698 23.062168804954585
v -23.772398769727381 9.1504864263918044 23.56686666311732
v -33.197067691246602 6.0925765598857105 35.153724703212831
v -31.286674024248651 5.8296853258386214 35.021962884982187
v -30.880181018243391 8.6016817851579539 36.411295225912966
v -35 3.8120041403688241 31.890098863933233
v -35 4.7095956964217915 30.056505853591773
v -30.85244497650115 17.721723798751047 7.425113452758513
v -30.555089071095061 23.041840924055869 11.678408199924426
v -28.49528846288699 22.992231536912545 11.777388869602182
v -26.753285069674579 20.256163826961807 17.236392292325558
v -31 13.533467942728061 14.821940135022118
v -24.996937897868079 20.405567302486453 16.938302416373432
v -25.11375476709086 21.253827843466077 15.245852635350904
v -24.81851682368368 19.683929302750524 18.378114850911693
v -25.0696219736088 22.374976896215411 13.008935583158555
v -27.338840572235821 22.38807909876612 12.982794063228544
v -28.158094363456609 14.718265741282845 28.285608835639451
v -30.090669075906941 15.00677240150244 27.70998022824449
v -30.549382667816161 13.730264843260347 30.256868634636053
v -27.72692568737256 13.726426564276144 30.264526770447503
v -21.622683418306391 22.649093271326983 9.8947247471559709
v -20.448653980691311 22.625463964442176 9.8828816727759605
v -20.528479323047261 21.924294758073497 13.90813677095419
v -21.008372046245839 22.153390842754092 13.45104416836417
v -20.458149534797489 22.194999218081051 13.368027120760511
v -19.980467347188249 21.792582648216975 14.170928826832739
v -19.99934697739203 22.087371487707671 13.582766012766518
v -17.354408102183751 18.381429493853371 16.308165889136173
v -17.761847719994449 17.412925744371243 18.240524969328142
v -19 18.115905806301953 16.837938859989819
v -16.266242361592472 17.837494436359691 17.393425340062077
v -19 18.88529017468943 15.302862851036537
v -17.70023649005789 19.193894661680968 14.687135051381713
v -16.267982565150859 18.840933898975067 15.391362510625861
v -15 18.280535377991871 16.509469870692421
v -21.244661045635031 17.689093107540021 7.4087588594999296
v -21.269719518428481 15.874774192555478 6.4994171693704139
v -19.02955957023045 15.383909071348654 6.2533942043573205
v -14.997650822638411 20.046689936363055 17.493088179986962
v -17.51227349261023 16.422239830798134 20.217141912458104
v -19 16.783516315028791 19.496322922199955
v -16.352247854513202 16.992187170209142 19.07998274592827
v -19 17.418727077648828 18.228950146781347
v -20.499679065361349 19.099638108375348 19.543892882778689
v -19.868140256267662 19.410185720647515 18.924288158762977
v -20.777962342066189 19.560928258403916 18.623526585294091
v -20.113883174949191 19.674441316544012 18.397045284901949
v -19.72918074001695 19.628707682669763 18.488293050059635
v -14.99260171074472 16.16906045817224 20.722285501083917
v -19 16.007420770183629 21.044789073187999
v -17.99086952670557 15.792269048433017 21.474059877112136
v -17.90371843329071 12.035910868735844 28.968747265645739
v -16.396636344125699 12.041864550086071 28.956868478161606
v -17.486160551009799 11.079876322958516 30.876227785465979
v -17.841562166923339 12.829080082799061 27.386215722795917
v -19 11.295222729559082 30.446568546248969
v -19 12.120284048298977 28.800405863002055
v -19 12.680358174828921 27.682945734882338
v -20.740728778610031 10.818237172323034 20.23936968737473
v -23.017922575492172 10.285344068696173 21.302598227393972
v -21.802012930915701 9.5277157007828812 22.81421865935523
v -18.84523152855289 9.8486602946514186 22.173869873372716
v -17.54650130543429 13.832475934804407 30.052937022655094
v -18.791647324061891 13.355298012212966 31.005002610506203
v -14.993516788099781 11.995460210637956 29.049454435356736
v -14.996758394049889 11.192300872339358 30.651918278199002
v -16.512171147708109 13.427268834621302 26.192709278581848
v -17.396119518788829 11.265122029145711 35.175322593509762
v -19.44025236552438 11.134082478597975 35.43677275877819
v -21.136033859768229 13.933087627282148 5.5262384584035722
v -35 7.7620182848468833 23.409502684732754
v -35 9.0511278126563752 21.327257287744864
v -35 9.5007827903068947 23.672199008576349
v -20.26935273934016 13.167069095946182 7.0545989478842444
v -16.57110169352001 14.067575113184049 13.756289288364952
v -15 17.687896290766044 21.61933778352962
v -14.996300855372359 15.177360744785215 22.700925178020501
v -25 10.235281857253675 37.230060128977357
v -24.148168062020449 11.351475192235116 35.003030726918297
v -15 13.455003565552193 30.806070049384328
v -15 7.4321598852684474 35.825127594464298
v -15 9.04762655039554 33.189440712245769
v -15 8.2963489529637453 34.632290775103158
v -19.066842644528329 1.9076419463038086 29.51941263807938
v -17.8605273651375 2.8264330074278927 27.686240334191353
v -17.743861091027469 1.0148730551660314 31.300665497684165
v -17.13252656249843 4.4044112392949781 34.307611545726907
v -19.817179268717329 3.84243430049208 34.025947139803435
v -17.556201032538411 2.4693394541322995 33.337748180962969
v -19.275485250120742 2.4444152691034731 33.32525611005304
v -15 4.202277717519717 34.206301661998715
v -19.153646161635461 0.49087914340704231 32.346138366420305
v -16.78284163750018 13.39661417020347 15.094990838375431
v -35 16.823302877438579 10.744051047837457
v -35 18.396103970460391 7.7631146718756234
v -29.248098746512131 17.434938241646126 17.285862423435351
v -31 18.0843409843635 15.990173803476477
v -35 16.158928454087732 12.226728184324543
v -21.840580715382728 8.3273909413756009 36.273819891553558
v -22.617906623832379 6.2398101827735832 35.22751860481138
v -20.724898988280842 6.5575702187076903 35.38678081926853
v -35 13.39017147253627 12.088873662270087
v -35 11.695912110909486 9.9898519708524933
v -35 18.295001350768185 15.601628941105851
v -35 20.319332643364895 17.110357843799402
v -35 16.747051602021379 14.556009951454872
v -21.869154180990112 11.414444303269265 10.551436656679613
v -22.57253546468138 12.380448138415288 8.6240654066015274
v -21.409029290018601 9.9392072257965047 13.494830281758148
v -19.506516071144919 7.9536231343398374 17.456468479506619
v -22.019623840969679 8.6687185207032726 16.029709869866082
v -19.995012437887912 8.8910121328465994 15.586189563286453
v -21.421332582168951 7.4221949189966505 18.516774273818434
v -19.957548958999269 6.4600433558721555 20.436459469171233
v -18.471527897337111 7.1146100156168828 19.130467799830775
v -17.225331959578391 7.6493374848055353 18.063579332886508
v -35 15.01268504671474 13.62904274615302
v -35 10.574929929518266 12.226436081242353
v -35 12.169563503451165 14.255585581900808
v -35 17.373720783193669 18.161839076758639
v -35 16.291254942032914 16.639263558478287
v -35 14.482010435436161 15.715283262392685
v -35 12.881348626697054 16.09417796609549
v -35 14.554748774562739 18.132065842223486
v -35 13.441932177873301 17.463568562995107
v -35 9.4539477481270424 14.463020191632216
v -35 11.309711248314507 16.740669900265047
v -35 14.998136416353688 19.504789673871297
v -35 16.756242483344476 20.51157996110889
v -35 19.198350461973671 19.346941954189266
v -25.80195624564487 14.861107388820315 28.000611121592186
v -24.784503408233771 13.92782066165055 29.862705184349782
v -35 10.166879498831609 19.05885792261417
v -35 12.795981909914062 18.936480515494129
v -35 8.3329655667358189 16.699604302022077
v -23.530687317204119 22.768039925448537 12.224696065208798
v -23.405585234330029 23.677490341128781 10.410160220960625
v -22.273279623893991 23.167355715983994 11.427981035331198
v -21.681489670879412 22.737616452719127 12.285396990539322
v -21.7360738395457 22.282924002835262 13.192599553975587
v -35 14.389263682098104 21.189455636295921
v -35 15.598657061030895 22.404229560297971
v -35 18.077368280582448 21.583526064579129
v -35 12.505258232718484 20.382083910800951
v -35 13.117144394712746 22.724144658293195
v -35 11.32938755870339 22.251437539685643
v -35 8.3409513668687936 19.458885477169137
v -35 16.956386099191228 23.820110174968992
v -16.737466311275629 3.4807245180062214 26.380797642581118
v -18.431980626839579 3.6569196456173394 26.029253051342334
v -16.9783265662902 4.2815920267023664 24.782906459106385
v -15 3.6051102396071784 26.13262319957007
v -35 7.2624500828899539 18.835497236666654
v -24.753419411368849 4.4033670147063191 24.539940952844248
v -15.01185377593691 12.064672048931319 9.2541019905054469
v -27.2885427939773 10.843994383335005 20.187978889346311
v -20.871517368239459 1.220517762286093 30.890363093269773
v -19.111597941117729 1.1806887231729881 30.969830008526095
v -35 3.8409506196437651 28.440311406667785
v -35 2.7280546597797031 27.88252485397139
v -35 3.8490368411709248 25.64594074358153
v -22.640262850117729 10.765625879734808 30.592477197066334
v -25.522150546208369 10.801026262030938 30.521846339716767
v -23.829185020001031 11.431877486528643 29.263171716556869
v -21.54579827217 11.502491744785393 29.122282119375221
v -20.444691332513951 10.910164183567232 30.30409431368
v -32.592219412931144 11.169233783807123 11.040680786188277
v -30.309707760032751 12.0824652437786 9.2186010008116508
v -32.418084652818813 10.096850004474289 13.180301344758579
v -31.20016007385032 10.53750580739815 12.30110470512294
v -30.86199244140257 9.4251369042406612 14.520503599230388
v -32.534839662123829 8.9064291795959374 15.555429465257141
v -16.397143965562609 20.853043923120971 16.010431874247725
v -16.325018123444039 21.974415288915544 13.948546968266417
v -16.779856897002979 21.482387170103802 14.853247776664169
v -28.77149221444455 14.793785111745354 22.555492236918457
v -29.299240198302009 15.626941756553327 20.893177755763553
v -31 15.059029589828059 22.026276344911881
v -35 4.9639805984222125 23.421404499524755
v -33.511463299617489 3.3773719485947087 26.58700673167375
v -31.40781073587122 3.3097664244920999 26.721893301230832
v -29.055498651157571 3.20433347511098 26.93225316529637
v -35 4.9070470753986886 34.559534025808695
v -26.404810127023051 4.5591048191536725 24.229212821214482
v -28.18772616578363 13.181983107966431 7.0248425049537637
v -28.729379870808721 13.933087627282148 5.5262384584035722
v -21.92541238987134 5.7356589810402543 21.881751472433049
v -20.102831312139219 5.3806422741353295 22.590080952390569
v -28.40323822120499 4.8047516376621076 23.739098187668809
v -31 12.412485761336836 17.058524245411981
v -29.074446017218829 11.693513692298392 18.493017613923701
v -29.460062670948329 7.3228283050047729 35.770330302124798
v -28.35459558646091 5.8665449307942144 35.040437021580217
v -26.872494559799449 8.1318872483848672 36.175832896465508
v -28.55969005487988 2.040657752954349 29.254019445820003
v -28.974730070737301 1.2071472811623991 30.917039882719195
v -27.35162048804423 2.6844861773531647 27.969452708068108
v -26.107628436613911 1.1894804239384875 30.952288803534763
v -31 11.291503579945612 19.295108355801844
v -28.965590820963129 10.203095895177254 21.466699817102295
v -29.284992332634339 16.455322982449687 19.24039119238957
v -29.709961891333879 9.399285884373958 23.070461881994138
v -31 10.069790566156749 21.732670664513559
v -31 9.3506847233683104 23.16743093846641
v -27.436740386775831 3.8022413583561381 25.739307110183073
v -29.73692914758945 10.235281857253675 37.230060128977357
v -29.098598159306409 9.0690451380436166 36.645539039229142
v -29.006699026833299 2.1472603886185908 33.176321256859019
v -27.34934577668982 3.8286303619292266 34.019028567374122
v -26.613574229612599 12.819537765120167 7.7479936024035894
v -24.105967918461712 6.9393475049025728 35.578128657740727
v -26.908924693963549 0.49087914340704231 32.346138366420305
v -28.940300149686419 0.49087914340704231 32.346138366420305
v -25.778645444375059 1.9934805204454769 33.099246358902825
v -24.858648309228709 8.6434724250070882 36.43224081092459
v -24.813121301932441 3.8399629218719511 34.024708477960239
v -23.81649332000676 12.854873716090896 7.6774912984610175
v -25 13.374940858411495 6.6398531217270005
v -22.420686003010129 13.294000328318818 6.8013457007322593
v -23.675012957869239 13.933087627282148 5.5262384584035722
v -17.555247111051649 22.99829470591138 12.065922178954875
v -17.330307750448821 23.410704716266647 11.307616492140163
v -17.798700776141128 23.270187588038841 11.565987857418687
v -18.214552168853121 23.172224022207462 11.746115223887282
v -17.695451800660461 22.657708154994133 12.692164782015544
v -16.458214357109888 22.743337968366582 12.53471564006604
v -24.17783393409734 0.49963966685864492 32.328659366418506
v -23.44442761642653 2.3623210025533972 33.284110235158593
v -22.497506218943951 10.235281857253675 37.230060128977357
v -19.660096586881149 4.3903241584660648 24.565964064991174
v -23.336069462679671 4.7677342568114405 34.489710053372235
v -21.868159548619811 3.5976048341067468 33.903237929797626
v -21.78476004637497 0.49087914340704231 32.346138366420305
v -20.80800368699126 1.8173006329128327 33.010944508895861
v -22.26064593610004 10.949122672172427 35.805804640800396
v -19.995012437887912 10.235281857253675 37.230060128977357
v -19.062186411533489 11.5961948405246 18.687188227098403
v -16.146406180679531 12.861215250755384 16.163218983154103
v -16.882215270687809 12.210126400173799 17.462271726218667
v -17.028265656232389 9.4476626840050049 22.973940471428961
v -16.624702580500099 10.459924713671391 20.954274852575836
v -18.20059111214654 5.9404815087510023 21.473089480715029
v -16.803887515877289 6.5837492778579207 20.189641362632631
v -18.272117386220099 5.1900028129779461 22.970444883874933
v -21.034581686037878 23.677490341128781 10.410160220960625
v -20.323364080974841 23.677490341128781 10.410160220960625
v -15 6.9890311607635045 19.38102278279888
v -15 8.0636154926753516 17.237011680815844
v -16.67720752622343 5.3727464618053116 22.60583468040614
v -15 4.5932391732409013 24.16110794386918
v -24.980432159991629 12.210047556346488 27.710566472488189
v -22.362249277989651 12.216684409235931 27.697324620867409
v -20.292766114556951 12.089795957382737 27.950492512309367
v -15 11.13472072263486 11.109541260065743
v -15 10.198150080197017 12.978187391919866
v -15 12.590438463891063 11.488191121357051
v -15 13.979179824842831 13.932655604100619
v -15 12.014199645366684 13.380684938845192
v -15 13.427128350789186 15.034108932692618
v -15 12.306146169397966 17.270693043082471
v -15 11.602851897596359 15.021513682073554
v -20.393068323418309 16.023358575171557 20.102246755850182
v -15.018789819366599 10.04059225614666 21.790927144681476
v -15 5.8972467354459006 21.559351518235101
v -15 8.2977248243243444 21.311944700978184
v -15 9.1145136574404386 19.412026016525303
v -15 8.9431996252242971 23.98044537425206
v -15 6.6096423836183948 23.07682193330378
v -15 8.07354983776046 23.202013863092198
v -31 15.793880092280183 14.513889135603971
v -31 15.60048102049673 16.519743091157821
v -27.46606012525168 11.408294771326315 29.310223959649548
v -27.347365921863279 12.67921539595917 26.774482605498115
v -29.270008573079359 10.889374983117847 30.345572934986095
v -29.093076103991411 11.997385229756617 28.13487043416146
v -19 17.554814296007351 17.046685670359935
v -20.457784197264441 17.369126219194982 17.41717059775813
v -19 18.575074127129543 15.011062834745429
v -16.52296402646089 20.038720337157425 17.507742757648373
v -16.11499701845468 19.6147463316074 18.287310876693525
v -19 16.74702405006423 18.658389102043451
v -20.416556098206669 18.157112235129262 21.424420893596217
v -20.58126311911262 17.427313805168279 22.880515021883294
v -21.542665364044549 18.955804263358001 19.830870229646795
v -19 17.925410318381246 21.886712653401293
v -19.973543433716682 18.756598365681025 20.228325918806213
v -19 12.297299255272916 27.536481846824309
v -19 11.898687702708333 28.331791780812132
v -19.909344592551172 11.389288973160241 29.348144335984841
v -19 11.285358805872061 29.555505848599086
v -19 10.798902954749025 30.526082763280883
v -16.016652835935879 13.713143474526525 30.291029196591339
v -31 14.337628740512717 19.067544010969705
v -31 16.871807935092587 18.409420243197925
v -31 11.23852892954724 22.491365419265005
v -31 13.145668929219017 21.685613797570618
v -18.12542875248327 20.583026800879704 16.506917820139254
v -18.273336615159309 20.284074223821069 17.056606805362751
v -17.209809784477549 20.498486790139523 16.662362583139767
v -17.408686480421562 20.179975813269348 17.248014252733022
v -17.94193722463632 20.976895462038428 15.782704661091429
v -17.308757369583709 21.104239451979396 15.54855476401295
v -19 19.850428749777134 17.853957819758698
v -19.020497418873081 19.760395581523127 18.225549299984568
v -18.983393726958241 19.62304664136359 18.27204901556501
v -19.014953441674582 19.916156813356192 17.914774426025172
v -18.73870088341021 19.771736637078796 17.99865029239043
v -18.79808361522182 19.940402348804213 17.688521893991769
v -19 19.986039040857779 17.604608963082452
v -19.012584886960219 20.070749388295649 17.60633125678163
v -16.83769528787726 19.462965417965531 18.566392975094608
v -17.373680547321381 19.855797351795065 17.844086483561014
v -17.790342084950911 19.435599908477055 18.616710384259783
v -18.049381145214209 19.694260600243229 18.14110674647522
v -17.476921104676251 18.988886363186687 19.438089874653347
v -18.547176883985731 19.560252938394239 18.387508822612869
v -22.645552552443199 19.6384436647479 18.468867814604081
v -19 15.872463958964735 20.403311756306039
v -31 15.816979906532532 20.514013560589749
v -21.318803492243259 20.114068586288347 17.519900775090068
v -19 15.384575529827892 21.3767469512315
v -19.278190750851021 19.860701588615619 18.025418713286662
v -19.374118937413801 19.629391767462423 18.486928163799334
v -19.267955999346359 20.491400351402298 16.76704828179545
v -19.483487917184089 20.52149550299028 16.707002422941642
v -19.68456851446664 20.414663789090937 16.920153102550522
v -19.311572706032479 20.620561902158244 16.509345102485735
v -19.228236946879331 20.357969202053383 17.033270165977825
v -19.06495902809295 20.598487439229284 16.553388080020866
v -19.131533277275299 20.427144259035693 16.895252063772197
v -19.02063932398563 20.474607830258847 16.800552726902879
v -19.768836535058199 20.677300608858005 16.39614001149021
v -18.635480412608668 20.309512663780939 17.009832730408171
v -18.852162017640399 20.156386573660249 17.291388172805892
v -18.613477938284159 20.446458586260977 16.758028026467493
v -18.532441713838349 20.031069441647205 17.521810829821021
v -18.078534410859401 19.993906943303692 17.590142122375205
v -18.890106374276051 20.821950999771644 16.06760399409221
v -19.256205983673919 20.771447309430833 16.208298475699252
v -18.806738969142081 20.401727693978952 16.840275448545501
v -18.852567558983669 20.287258123124161 17.050752517722263
v -18.002883993442769 19.986915947796881 18.672021458257035
v -21.811170468660059 23.677490341128781 10.410160220960625
v -17.860140387322691 19.468439877350992 19.063129324645384
v -17.365472015440051 20.437796011642053 18.365592708073653
v -18.421313190138481 20.884739307123816 15.952154004576165
v -18.625442746362051 20.720706600209226 16.253763724851488
v -18.687695135228061 20.588054224760544 16.497673813753565
v -19.01812698016888 22.047139964603439 13.663035964247847
v -18.987034196034749 22.071967744967271 13.769176185152745
v -18.974068392069491 22.178852283242229 13.572645666563631
v -19 21.934317442713215 13.888139506429594
v -19.203789968967559 22.056190418015625 13.644978495869179
v -19.154838194084078 21.950354277421354 13.856142807209396
v -19.012970587666999 22.158554335410795 13.440741965687085
v -19.590893529423681 21.611281155020826 14.532661640791664
v -19.348291874837091 21.433133852709826 14.888101211796359
v -17.651540816943879 21.464184285208038 14.886718156910405
v -17.497486181587739 21.760840067055216 14.341251979721864
v -18.148686681003181 21.619288221505286 14.601526114678501
v -18.359582860715111 21.393842217495642 15.016057672677833
v -17.904454750072279 21.210958336463296 15.352329198760934
v -19 21.965083206692317 13.965706703741859
v -19.014992435623579 21.861956640565744 14.032513808701951
v -18.9718725459662 21.858418149759984 14.161833658047653
v -19.069744923151799 21.764874896595991 14.226211344288293
v -18.86614045447903 21.943033777646548 14.006249384609427
v -18.689544001159959 21.885326075814273 14.112357571543903
v -18.943745091932399 21.751753092827663 14.357960612353457
v -18.853468295567289 22.011672280312698 13.880042538026444
v -18.679271897411571 22.098393566166308 13.720586553497785
v -17.803204309841881 22.35357315095445 13.251383271702633
v -17.066483110286711 22.336502270555989 13.282771748866963
v -17.680233466689941 22.057030997824928 13.796640650166092
v -20.8706512745254 23.286797799731051 11.189670140604056
v -19.997385531083012 20.194293224491513 17.359836543877858
v -18.375380893331691 21.158276281768188 15.449196829255571
v -20.257376336157911 19.926513564879887 17.894110631115954
v -19.56022182668374 20.098293597973189 17.551375038279055
v -19.605649409143471 19.871517639649774 18.003838523804852
v -18.249768159044041 22.463395323687408 13.049451271919182
v -18.252210074973409 22.175889006040208 13.578094297531548
v -18.949682509904189 20.684638236504831 16.320083214177892
v -19.438640385339291 20.267064303758129 17.214643656528267
v -18.433546486028149 19.817811234603504 17.913932177540495
v -18.664081420191241 22.300280786325178 13.349372898887889
v -18.387319962080721 21.953528524291539 13.986952505623092
v -20.60123787995008 22.476066883445014 12.80724079896792
v -18.40570059591521 21.765540306644041 14.33260981489515
v -17.97590449402789 21.848229569285891 14.18056758380135
v -18.710308043698749 21.97884519070254 13.940402296780899
v -18.991317534556071 20.361051350418592 16.915067705679679
v -18.94116582346015 20.499501974493061 16.660496282346113
v -20.098328306676368 23.119145136708617 11.524170802974227
v -19.896030619003341 23.399407653934894 10.964990913077839
v -20.736204351950889 22.899209381670858 11.962986712084895
v -19 18.851228898563889 20.039519040590836
v -19 20.244852141500736 17.128725088607354
v -18.49057090028543 21.600043998707349 14.636910846160433
v -18 23.85139057213236 10.497319500770072
v -19.211482037572729 21.846621986430616 14.063109516953421
v -18.908232615361559 21.345672171032138 15.104628890456691
v -18.996469549010101 20.113130960392265 17.37092297527002
v -19 20.160848936286826 17.426564601489865
v -19.211766929877491 20.172897953083222 17.402524398210986
v -19.242444500581961 20.0084426089307 17.730645768653947
v -19.096430343367871 21.624451637408072 14.506383888903654
v -18.957490734758121 21.580181823571117 14.673431784013856
v -18.94249778639572 21.658990897359669 14.528524125795334
v -18.760616627810428 21.638364764874296 14.566449765735978
v -19.87626893145103 22.308076984362415 13.142414314864348
v -19.887487896935419 22.549865272433571 12.659998222837649
v -20.010339496262951 22.821691037470309 12.117651344387534
v -18.174255838845291 23.462738189329933 11.21194161146833
v -18.815546349160979 20.047816046281653 17.491018574413758
v -19.571904702152299 22.208569969551601 13.340950751832493
v -19.265040351682408 22.18412760635891 13.389718164949896
v -19.41286726069432 21.946502403147363 13.86382806834864
v -19.059370136588441 21.492210265649888 14.770231928346561
v -18.79956061856554 21.44346184986204 14.924821253138148
v -18.646156351465581 21.517355720444051 14.788951267259712
v -19.577858018838509 22.073766262457937 13.609911163792969
v -19 23.133338381650098 11.495852434816415
v -19 23.228219771562486 11.643154834694041
v -18.59482269586967 23.339337231249399 11.438841167544199
v -19.721535724703681 21.885651493004357 13.985237829349211
v -19.510513617729469 21.783142475022053 14.189763864282568
v -19.268404427391399 21.707836292299959 14.340014791091521
v -19.016951073206851 20.244618697175323 17.259427140034543
v -19 22.367006889954549 13.22668241473221
v -18.634411918282421 23.099963400128747 11.878982126433739
v -19.27363692179841 21.575545133220878 14.603962166217608
v -19.461592371360791 22.956887595472516 11.84790711613239
v -19.11411847343966 20.300077931239166 17.148774853369613
v -19.024055315363519 20.356399020970262 17.03640299192211
v -19.39697252067549 23.251561982488951 11.259972657689991
v -34.999999999999993 5.5446366319861733 24.579355111708477
v -35 5 24.100180000000002
v -35 5.0000000000000009 24.921948693882072
v -35 5.3606811434425623 26.030092150524659
v -35 5.8915385790829831 24.884561866982743
v -35 5.0000000000000009 25.938432909985668
v -35.000000000000007 6.9120353115026694 26.244474336597026
v -35.000000000000007 7.0760400425641921 25.926694525251822
v -34.999999999999993 6.9037142997655616 25.775081133485184
v -35 5.7066024531879869 27.039944532173042
v -35 7.2121385560316558 26.04643494769881
v -34.999999999999993 5 26.602115034608072
v -35 5 27.506234452640111
v -35 7.1776520219713618 25.729808524235722
v -35 7.2161017409277051 25.57713867813159
v -35 7.2285745874105043 24.100180000000002
v -35 6.2338986233958558 24.145787626847973
v -35 6.3285547915612517 24.100180000000002
v -35 7.214296530585619 25.790900715872986
v -35 7.2148503551503671 25.725320176723667
v -35 6.1539437690848064 24.100179999999998
v -35.000000000000007 6.2317065012722237 24.100180000000002
v -35 5.2760076188123559 34.744458077125074
v -34.999999999999993 6.0802171677257197 33.999879882479625
v -35 5.5521526726361561 33.189267662076844
v -35 5 34.362093069572822
v -35 5 34.606122290342199
v -35 5 35
v -35.000000000000007 6.3009175550169711 33.234827259760451
v -34.999999999999993 5.7003223907235387 32.89737815832212
v -35 6.6778172202785484 33.446591291401553
v -35 5 32.503896532900072
v -34.999999999999993 5 32.777038757015603
v -35 5 33.249818605203586
v -35 6.7317345167053455 35
v -35 7.3905300000040972 34.675761100449002
v -35 7.3273781688133672 35
v -35 7.5785342982655628 35
v -35 5.7858649686688803 35
v -34.509952544802346 5.7858649686688812 35
v -33.31592826757111 5.7858649686688803 35
v -33.663509263986775 5.7858649686688821 34.999999999999993
v -32.496191032464615 5.7858649686688803 35
v -33.221750720620832 5.7858649686688803 35
v -32.923176919182268 5 35
v -33.250893429823286 5 34.606122290342199
v -33.284994264918836 5 34.606122290342199
v -34.858638833407554 5 34.606122290342199
v -31 8.4828250000000001 26.600180000000002
v -31 8.6121415708954796 26.600180000000002
v -31 9.2357588437181839 26.600180000000002
v -31 10.488740591725669 26.600180000000002
v -31.000000000000004 9.9710902784753053 26.600180000000005
v -31 9.2678006438418823 28.68267346247255
v -31 8.4828250000000001 28.896139999999999
v -31 9.4761774451407756 27.928528136497903
v -30.999999999999996 8.4828250000000001 27.755852172752341
v -31.000000000000004 10.549911507751004 28.319103679316669
v -31 10.563424884770169 28.330340975703962
v -31 8.7908718456450092 26.856342001605888
v -30.999999999999996 8.9295379137946149 26.971652312599801
v -30.999999999999996 8.4828249999999983 26.983444323722097
v -30.999999999999993 9.6190582112865997 27.545035556254167
v -31 8.8497788719981578 26.832036543055356
v -31.000000000000004 10.563147646553567 28.323918383699862
v -31.000000000000004 8.4828250000000018 30.36789943781956
v -31 8.4828250000000018 31.1921
v -31.000000000000004 8.4828250000000018 29.768292011937213
v -31 8.4828250000000018 29.118507192923971
v -30.459635921390806 10.465661761469621 31.190965729476716
v -31 9.6340573049906695 31.1921
v -31.000000000000004 10.465093261926244 31.192099999999996
v -31 8.9810291919224561 29.720540195908931
v -31.000000000000004 9.6459475724055181 29.962295077305892
v -31.000000000000004 10.629577322326366 30.863921334887991
v -30.999999999999996 9.2684883826811895 29.616304000227853
v -30.999999999999996 9.0621025436173301 29.427124187693657
v -19 9.8693557228729585 13.634198029184573
v -19.000000000000004 9.8766530009004647 13.619638497056094
v -19 9.9109253490152263 13.551258293970172
v -19 9.4226931487678609 14.525379381157052
v -19 9.5202782637041743 14.330677519610731
v -19 9.702010401359269 13.968085483649809
v -19 8.7704854138971839 15.826664522616431
v -19.000000000000004 8.8338817105995542 15.700176205303391
v -19.000000000000004 9.0843353671687872 15.200470966477393
v -19 9.2342746926998451 14.901311962371604
v -19 8.1659507793926647 17.032832274574016
v -19 8.596674368661045 16.17345239171793
v -18.433619711796275 8.1639326245959474 17.03685889785632
v -18.942666946513818 8.1657464873660643 17.033239878109697
v -17.312314363544125 8.1658411861260127 17.033050935104811
v -16.92751117553043 8.16649615541019 17.031744140119038
v -19 10.676453550771409 20.522256427538906
v -19 10.852169150896732 20.171668589737443
v -19 11.406473910401141 19.065719505085255
v -19 11.742199591274131 18.395879488218572
v -19 11.613708008431461 18.65224594727156
v -18.999999999999996 11.527980185302219 18.823290135316739
v -19 11.589691100915688 18.700164491047001
v -18.807430992289323 9.9105208346327736 13.55206538123279
v -17.287323495425557 9.922598475361788 13.52796806747175
v -17 9.9248813336187975 13.523413307736357
v -17.454505624530238 9.9212701708202999 13.530618301240473
v -18.333139883606908 9.914289198135652 13.544546740818495
v -19.000000000000004 10.491240126142669 20.891794328704673
v -19 10.553152505496342 20.768266723897423
v -18.677853229837709 10.490362662449373 20.893545044627224
v -17.051015818385832 10.49377031971423 20.886746085447726
v -18.560354318490653 10.490608781708771 20.893053987379428
v -18.122739051338971 11.741685437488957 18.396905328062694
v -18.544694822651167 11.741932741506453 18.396411906985044
v -17.020513488096917 11.739241437524289 18.401781597799634
v -19 14.184660358131818 23.770818196414428
v -18.999999999999996 14.213119771593465 23.714035962944536
v -18.608516455811685 14.549781180589211 23.95307218319784
v -19 14.552079257987488 23.948487058225506
v -19 14.333988273921502 23.843027113390114
v -19 14.451073057760876 23.239271468297019
v -19 14.498048416211427 23.145546213752851
v -19 14.284119274124825 24.100180000000002
v -18.999999999999996 14.428265686388372 24.195519947317035
v -19.000000000000004 14.276316487796686 24.140415597987989
v -19 14.324229476959269 24.218190763830801
v -19 14.476050333350987 24.100180000000002
v -19 14.251529555496919 24.100180000000002
v -19.000000000000004 14.415371863820381 24.221245707419637
v -18.448342160508197 14.550547188453496 23.951543843991264
v -19 15.685863892707294 21.68635948767718
v -17.014197929528812 15.681629734778399 21.694807481322261
v -19.000000000000004 15.318150395032955 21.509278407555339
v -19 15.354821209784784 21.526938100567079
v -17.431060146041599 15.68251857485242 21.693034067240191
v -17.941342261340541 15.683606606281428 21.690863226484538
v -18.145553761812184 15.684042029205372 21.689994470487203
v -19.000000000000004 15.196424403518057 21.752146156002329
v -19.000000000000004 14.604929578513438 22.932296874670588
v -16.66565284187018 15.682084130148247 21.693900871493039
v -16.920417762404107 15.681751995212514 21.694563547253729
v -19 17.293697494149992 23.213502664475346
v -18.999999999999996 17.678453276142481 22.379441445873805
v -19 17.262548555774874 23.20925471539061
v -19 17.82771 22.419119999999999
v -19.000000000000004 17.274850338713495 23.241539186821573
v -19 17.283708159822027 23.228362529989461
v -19 17.162900099150011 23.408073357124454
v -19 18.565387125636541 22.947074492557206
v -19 18.293220571918528 22.496128420472388
v -19 18.309693149410492 23.352059483391166
v -19.000000000000004 17.83268940284519 23.287007904289609
v -19 18.797436269544249 22.579539747290411
v -19.000000000000004 17.986881023974593 23.863350627556315
v -19 17.835210287703639 23.726386991456213
v -19 17.837354880295671 24.100180000000002
v -19 16.816014323344895 24.100180000000009
v -19 17.602029705070738 24.100180000000002
v -19 19.012483025394523 23.209277502118862
v -19 19.432593966084816 22.63132879572624
v -18.999999999999996 19.438978328657626 22.624114463488105
v -19 19.428089877440293 22.623357927551059
v -19 19.414556829708062 22.622417643506726
v -18.371879188572493 19.439251460516765 22.62402619715381
v -18.974253843163918 19.438858494077909 22.624101741480569
v -19 18.456270787117276 24.100180000000002
v -19 18.854670490981402 23.426380989037671
v -19 18.249141039201334 24.100180000000002
v -16.99314849772982 19.443185843284684 22.620344183058872
v -18.999999999999996 27.814485702470801 18.885473039339463
v -19 28.294449753286656 18.910088698011876
v -19 28.856956617615413 18.992643561226124
v -19 28.312568281036818 18.591395085584601
v -19 28.1432 18.466560000000001
v -19.000000000000004 28.414898951333367 18.666819231748207
v -17.617021824292532 27.824958037788537 18.880214090333901
v -17.707029757269797 27.824604159359208 18.880138750107985
v -17.055921309769577 27.82123904695608 18.880462705438582
v -19.000000000000004 28.336172474891573 18.176212024812166
v -19.000000000000004 28.704371557400894 18.082175684775855
v -19 28.53923 17.87069
v -19 29.261731100779304 18.795948562741369
v -19 29.238011481995066 19.048568091575678
v -19 29.511255133287918 19.115497207635226
v -19 29.330885272755879 18.884509659328764
v -19 29.170103278101944 17.141544207320337
v -19 29.002994999999999 17.037385
v -18.999999999999996 28.785407838665993 17.918507904408312
v -18.999999999999996 31.058453208818296 18.318559697880442
v -19 31.051170851860416 18.358612666737564
v -19 31.155100000000001 18.378799999999998
v -19 30.657237310959271 18.282094502047698
v -19 30.738198897358714 18.11894400198895
v -18.999999999999996 30.319993270210862 18.216587779792892
v -19.000000000000004 30.368257348367791 17.888358067315849
v -19 29.769526635915156 18.109664422916598
v -18.999999999999996 30.018294255295181 17.670224778050695
v -19 29.334110710451448 18.025088665754598
v -19 29.403416187458543 17.286969005973084
v -19 30.164293707818928 19.275454426547171
v -19.000000000000004 30.235729347704456 18.789641780048363
v -19 29.584335724311007 18.436797948696743
v -19 29.309434980129794 18.287891007739905
v -18.999999999999996 28.75201521487778 17.985950493465264
v -19 30.544619430984451 19.401045555057895
v -19 30.761289999999999 19.074325000000009
v -19 30.369433122497654 18.862065811340596
v -19 30.996604991547059 18.658724940337304
v -18.999999999999996 30.446642216052929 16.91356249128069
v -19 30.089006713684483 16.66081366745097
v -19 29.474865099508861 16.526021257948312
v -19 30.207230699318032 17.336474895045253
v -18.999999999999996 29.417191665514711 17.140256918916741
v -19 31.215157007256579 17.45668868620848
v -19 31.192521053641187 17.581186448464983
v -19 31.499040000000001 17.657315000000001
v -19.000000000000004 31.025624678072354 17.539735244617944
v -19.000000000000004 31.105346450835754 17.379083166634366
v -18.999999999999996 30.440875420935289 17.394504046071052
v -19 30.505480397454804 16.95514471968675
v -19 29.240883724605762 16.495053851062249
v -19.000000000000004 29.197728493754056 17.085749967291438
v -18.127191657486616 29.247886437159305 16.490969699797869
v -17.908083325846459 29.248685999448906 16.492129321199947
v -19 31.711478072440411 17.138343501622217
v -19 31.300925987439555 16.984959229379228
v -19 30.534386045130638 16.75856596405913
v -17.013628525776163 29.245056523391018 16.49567502760215
v -17.492438275851899 30.553162239027845 19.403866560415853
v -17.038071782982321 30.550600916461399 19.405401590493099
v -17.285925821633832 30.552551472694123 19.403664873208186
v -18.078244427958353 31.715655102870311 17.136889890603598
v -16.971575991973811 31.711734516808278 17.132011472126692
v -17.033989756989332 31.711952497881882 17.132295040525594
v -17.071436768084752 31.712149147165164 17.132287755253294
v -15 5.7985246174689786 25.699995266305461
v -15 5 25.919215140777059
v -15 6.1157252207965556 25.154887874282586
v -15 5.0144465876664714 24.436044765569122
v -14.999999999999998 5.0268347201683534 23.927949425098085
v -15 5.0193564413939393 23.931970740386852
v -15 5.01946941343191 23.92037237655093
v -15 6.3808505350123532 25.540128667639983
v -15 6.2177598202712296 25.153111882332684
v -15 6.549070337720754 25.493947093238109
v -15.000000000000002 6.1361115092958674 25.069116301674431
v -15.000000000000002 6.4013718880332418 23.953081873156084
v -15.000000000000002 6.5261464998223717 25.147744171152759
v -15 6.447113587498154 23.954164574714881
v -14.999999999999998 5.0400208222293426 23.920858826389932
v -18.349266831307808 5 35
v -16.123546268289864 5.7858649686688839 35
v -16.808402983714153 5.7858649686688821 35
v -15 5 35
v -17.922679962255071 5.7858649686688794 35
v -15 5.7858649686688883 34.999999999999993
v -15.011128122949662 5.7858649686688892 34.999999999999993
v -15.392647699982103 5 34.606122290342199
v -14.999999999999998 5 34.606122290342199
v -18.040678178074 5.0000000000000009 34.606122290342199
v -17.954785962324703 5 34.606122290342199
v -16.992786550582945 5 34.606122290342199
v -16.206152985184687 5 34.606122290342199
v -15 5.2927382810243406 34.75284353159352
v -15 5.2364540927179766 32.121334736155482
v -15 5 32.169208849547914
v -15 5 31.95988056310825
v -15 5 33.991014952890779
v -15 6.7565442351290628 33.516964476818231
v -15.000000000000002 6.9102959993399491 33.264257481704199
v -15 6.9907722099765426 33.319207767778558
v -14.999999999999998 6.7687398182176617 33.506667848595278
v -15 6.7631029179978555 33.511427036038107
v -14.999999999999998 6.6733151583076475 33.102443637515236
v -15.000000000000002 6.7609020731554574 33.513285190826927
v -14.999999999999998 5 32.510180338459506
v -15 7.0553557497108867 34.522564599505664
v -15 7.0809794611034214 35
v -15 6.7638837469216391 33.514983713117651
v -15 5.7754659451210948 34.99478798045341
v -15 7.0109469766795662 33.695115366532754
v -15 6.9994770027726814 33.481400362410092
v -15.000000000000002 9.8672844320553033 13.638330669477764
v -15 9.8752855944153932 13.622366747038765
v -15 9.9151279999999993 13.620799999999999
v -15 9.9105208346327736 13.55206538123279
v -15 9.3430639866202014 14.684255518297867
v -15.000000000000002 9.5027974188507738 14.365555308467989
v -15 10.018978000000001 14.328695
v -15 8.7072153402124197 15.952900999712725
v -15 8.9834942644407221 15.401669176207964
v -14.999999999999998 9.3224931954342392 15.672527752833616
v -15 9.1660985149014831 15.380708508970711
v -15 10.231185 15.25845
v -15 9.0771678988057936 15.214771502309731
v -14.999999999999998 10.201578869907982 15.128734922346085
v -15.000000000000002 8.5435262094019677 16.279493620979743
v -15 9.7467640645687137 16.464181303978204
v -15 8.1633689229895285 17.037983595533813
v -15 8.1735415000000007 17.06692
v -15 9.6144305258029892 16.217258115230564
v -15 10.53017 16.16404
v -15.147466273706266 8.1630923134994848 17.038535486902369
v -14.999999999999998 9.0715076569661672 17.328555661525925
v -15.000000000000002 8.2513659608566687 17.254064522227296
v -15.000000000000002 9.8688568034492885 16.691996026447729
v -15 8.4790390000000002 17.801549999999999
v -15.354429333489355 8.1634880729188879 17.037745867545638
v -15.000000000000002 10.210211413495729 17.53661477227342
v -15 8.8352035000000004 18.513005
v -15 10.268262631589355 17.437253514523604
v -14.999999999999998 9.7805875441284034 17.392959372371276
v -15.000000000000002 10.360787095515894 17.429691297132116
v -14.999999999999998 10.400191393992657 17.198449281265351
v -15 10.913254999999991 17.037385000000011
v -15.000000000000002 10.28785311285786 17.481481564837154
v -14.999999999999998 10.177710977473909 17.268291788047428
v -15 10.725563840625211 16.609492663875727
v -14.999999999999998 8.9149140880885547 24.036880689604828
v -15 8.3742689178867131 25.115576156049933
v -15 8.256555800444918 25.350437416492113
v -15.000000000000002 8.2009898228522324 24.012951266812394
v -14.999999999999996 8.1119365852649103 24.812491542671779
v -15 7.894227174996308 24.00266914942976
v -15 8.1942589601082467 25.118709370053441
v -15 7.0826336697231316 27.692647335608605
v -15 7.5730240274366505 26.714220291755648
v -15 7.4111454593026576 27.037200477624268
v -15 6.5413507972338758 27.30628113164715
v -15 7.0598350145931859 27.008731294922299
v -14.999999999999998 7.2976338948786372 26.872262303903305
v -14.999999999999998 7.934019462155252 25.993962051599798
v -15 6.8666977310682675 25.141816610812104
v -14.999999999999998 7.6476285827682871 24.276055145302674
v -14.999999999999998 6.5427966627562411 26.966832001792685
v -15 6.5478400985302541 25.782773139829764
v -14.999999999999998 6.6777869592126171 30.394240878026725
v -15 8.1541498750393675 31.134198080718335
v -15.000000000000002 8.2627025961420166 31.188605006678479
v -14.999999999999998 8.0357843724212401 31.185002112731567
v -15 6.6165406757444449 31.162468071877171
v -15.000000000000002 8.123667894501919 31.186397483295227
v -15 8.177212133433498 31.187247631913415
v -15 6.7185527160938623 31.750375281067697
v -14.999999999999998 6.9649865054423872 33.17060176462676
v -15 8.2954497770644071 31.459226803327962
v -15 8.4273810372528306 31.27114229972592
v -15 8.5187686579726272 31.316946029597169
v -15.000000000000002 8.927053714382664 32.912089954679502
v -15 8.9751078940390041 32.90198620040232
v -15.000000000000002 9.9219044256998838 32.020201581842315
v -14.999999999999998 10.694950248384265 18.400556106487588
v -15.000000000000002 9.3773714388333538 19.424117629562744
v -15 9.2399858410744464 19.197266113324243
v -15 9.7791190878868424 18.274478284623996
v -15.000000000000002 10.552535587324742 18.079036552761583
v -15.000000000000002 9.3740931933091005 19.423966828334365
v -15 9.3751865000000016 19.425815
v -15 11.37702 17.87069
v -15.000014427989971 9.3751840088935765 19.425810963437424
v -15 11.098052025860984 17.369433096848823
v -15 11.017178955322739 19.499549742853056
v -15 9.9898990000000012 20.290064999999998
v -15 9.3811009635030356 19.424289189898069
v -15 11.296935384767158 19.284270816582861
v -15.000000000000002 11.500840107492413 18.877440029750229
v -14.999999999999998 11.139908350167653 19.405106686096591
v -14.999999999999998 10.967165421241218 19.015117137235904
v -15.00672267138955 9.9884661877691094 20.288116302390584
v -15.000014473866949 9.3751877064832225 19.42581683781097
v -15 11.742199591274131 18.395879488218576
v -15 11.185163988006744 19.507277153472334
v -15.006744433623926 9.9905996303120475 20.290920329072183
v -15.011431782889497 10.488803087202236 20.896656709803189
v -15.043691645474324 10.488797907626713 20.896667044094411
v -15.192569007710674 9.9105208346327718 13.552065381232792
v -16.725325992187102 9.9226989787584952 13.527767543053217
v -16.76991717497874 10.493074000549083 20.888135381733058
v -16.628149023054029 10.49272282176004 20.888836053797711
v -16.551651793754477 10.492533327829381 20.88921413216627
v -15.806920228931176 11.741685437488957 18.396905328062694
v -16.79247869139105 11.739700666372904 18.400865344211585
v -16.016314085384799 11.741263748777431 18.397746681553752
v -14.999999999999998 14.783082962348089 23.487588372063609
v -15 14.95444703191435 23.145682709827316
v -15 14.984269922995296 23.08618006524938
v -15 14.550756453845567 23.951126317594735
v -15.096666995346297 14.550756453845567 23.951126317594735
v -16.574132540831606 14.554761756051709 23.943134936982027
v -16.453756335920172 14.554435424868844 23.943786033092593
v -16.07328222399051 14.553403987076914 23.945843958200221
v -16.369043283018026 15.681629734778401 21.694807481322265
v -15 15.685863892707294 21.68635948767718
v -14.999999999999998 15.178142205404692 22.699366007470388
v -15 15.042886079345388 22.969229085937609
v -14.999999999999998 15.176096523657176 22.703447552536289
v -15.000000000000002 16.260437893034087 24.728754362350255
v -15 16.398332058670881 24.792180206935061
v -14.99923943434432 15.827446058008432 24.786119271658023
v -14.999168675062636 15.162046222521333 24.50392747687172
v -15 13.991500696304557 25.081008203150695
v -15 14.271518676926783 24.89043035396092
v -15.000000000000002 14.445195386329688 24.772227466921979
v -15.000000000000002 16.390427461819105 24.435590242736602
v -14.999192429678768 14.402161692151184 24.24760264737936
v -14.999167111004102 14.41537178101848 24.221245872626028
v -15.329652932187765 14.41537178101848 24.221245872626028
v -16.469185082981234 15.681783148479589 21.694501390242412
v -15.000000000000002 17.369076465800283 22.29719641062654
v -15 17.82771 22.419119999999999
v -15 17.078003072387791 22.91606197478718
v -15 17.766784466892016 23.416612866963806
v -15.000000000000004 18.267285202920757 22.492473269373441
v -14.999999999999998 18.290737010431155 23.409647807160752
v -14.999999999999998 18.561886902636726 22.936436197927424
v -15 18.768364999999999 22.576090000000001
v -15.000000000000002 17.968927780614347 23.971270245101081
v -15 17.70474640793471 24.432320373051791
v -15 17.739615490669824 23.861432281778136
v -15.000000000000002 17.321726625973373 24.133049365630274
v -15 16.836762300476131 23.428975933213067
v -15 16.729687072813586 23.670461578126908
v -14.999999999999998 19.437961014740125 22.625264028618158
v -15 19.432593966084816 22.63132879572624
v -15 19.060982873434771 23.141047195210458
v -15 19.431803225522692 22.624811810718811
v -15 19.419844423304383 22.62393357597789
v -15.510339150229266 19.437920318727038 22.625523916187753
v -15.019360457518559 19.43784946151235 22.625265808924272
v -15 18.870780622419453 23.401937111801626
v -15 18.293710330966942 24.417607872538781
v -15 18.406168240721307 24.180703423026941
v -16.903344779401248 19.442958298754142 22.620663752181482
v -14.999999999999998 27.814485702470808 18.885473039339455
v -15 28.856956617615413 18.992643561226124
v -15 28.294449753286656 18.910088698011876
v -14.999999999999998 28.325103624240967 18.600634422679732
v -14.999999999999998 28.402973243481739 18.658029234287046
v -15 28.210914242726723 18.516469659791902
v -15 28.1432 18.466560000000001
v -16.471677271530428 27.824896482837325 18.880288502972562
v -16.249666286972719 27.824073485570981 18.880117970390494
v -17.013406011216972 27.821460618458406 18.88050032259466
v -15 29.238011481995066 19.048568091575678
v -15 29.251371765199927 18.688008804685801
v -14.999999999999998 28.711580009497322 17.941251181868058
v -15 29.57094996869764 19.130119038914344
v -15 29.330007704193388 18.796795176931074
v -14.999999999999998 28.371670806153581 18.130533483241933
v -15 28.60274189108312 17.790682571435781
v -15 28.186733893832479 18.402531939033612
v -15.000000000000002 28.760733040153632 17.827087082230189
v -15 29.080056650017795 17.085417811251599
v -15 29.002994999999999 17.037385
v -14.999999999999998 29.27884891674578 17.946471966339956
v -15 29.305546760045974 17.225966630172355
v -15 30.983513286747083 18.271849367499186
v -15 31.155100000000001 18.378799999999998
v -15 30.976032954864479 18.337539155858348
v -14.999999999999998 30.142078401646852 18.145378343602303
v -15.000000000000002 29.612609603748364 18.023377505695908
v -15 30.134157396345014 17.742442702060611
v -15 29.792967748903688 17.529777933881313
v -15 30.590349845091922 18.248669589331751
v -15 30.663498551928999 18.072383000613737
v -14.999999999999998 30.308696006169793 18.927448430542182
v -15 30.548474734940328 19.402318653207924
v -15 30.164293707818928 19.275454426547171
v -15 30.694661197620398 19.18463709028654
v -15 28.737690647505854 17.880605939053691
v -15 29.268190838243978 18.234105778086523
v -14.999999999999998 29.483248442363976 18.377409832951102
v -15.000000000000002 30.15544504131795 18.82532935056339
v -14.999999999999998 30.925595039213245 18.780468167085214
v -15.004751287839294 30.080448872411118 16.648107742030593
v -15.000490014848262 29.332594380160614 16.499157841697443
v -14.999999999999998 29.24402990565402 16.487881287564349
v -15.000488800516852 29.332378862732231 16.499120871473433
v -16.024104327923766 29.249148434274854 16.491025052254173
v -15.416884872555194 29.247060714818726 16.487001640660036
v -15.004371643935931 31.712637980205681 17.135888998999743
v -15.003982210527344 31.136973502302236 16.934391326959375
v -15.003981556127112 31.135402094632365 16.933864296927293
v -15.004684968703287 30.1145179057809 16.655002102556395
v -15.00468798938757 30.112045985864071 16.654401043354007
v -16.955564614326128 29.245071644990773 16.495948414386021
v -16.417660602025091 30.553935039719274 19.404121754595579
v -17 30.550536874227266 19.405760121713445
v -16.711840179394823 30.552930910836483 19.403790171239841
v -15.918247375433012 31.716212624594181 17.135471290390853
v -16.964831430298734 31.711773359501031 17.132006139532496
v -15 5.4926804539623095 29.729149346383263
v -15 5 29.946325422331189
v -15.000000000000002 5 29.400064739296905
v -15 5.8126000541962304 29.588127142561572
v -14.999999999999998 5.4820008449819682 28.266803001782105
v -15 5 27.932770281554131
v -15.000000000000002 6.4564130174666188 28.942083039124118
v -14.999999999999998 6.2233654478084475 29.407059646170222
v -15.000000000000002 5.3616467851445826 27.785777275550295
v -15 6.6892681823812392 28.477490318101644
v -15 6.126671958807254 26.933110458918193
v -15 5.1280594326580733 26.852185787068677
v -15 5 26.907162609550067
v -15 5 26.791680303932729
v -15 5 26.20782369387798
v -15.000000000000002 5.440361036562523 26.315497297062535
v -26.149879724209537 11.352994201002227 35
v -26.175039918198813 11.352994201002227 35
v -26.828813830389315 11.352994201002227 34.999999999999993
v -27.268085735430063 11.352994201002231 35
v -27.811518985228446 11.352994201002229 35
v -29.872641189883232 11.352994201002231 35
v -29.402214589827111 11.352994201002231 35
v -28.467996963632455 11.352994201002231 35
v -15 17.581675848165336 26.1921
v -14.99260171074472 17.583334924169851 26.1921
v -14.999999999999998 17.588783715173314 26.1921
v -17.306030873839592 17.594174074984902 26.192099999999996
v -15.483448266435174 17.598462208126431 26.1921
v -17.024650643152409 17.593182374671262 26.192099999999996
v -15.013880622523519 17.599006701666397 26.1921
v -17.708789690587448 17.595593563638793 26.1921
v -15 17.599022797130797 26.192100000000003
v -30.417496935379962 16.816014323344895 24.100180000000002
v -32.059651942434861 16.816014323344891 24.100180000000002
v -31.531363142754806 16.816014323344891 24.100180000000005
v -32.468770528346155 16.816014323344891 24.100180000000005
v -15 5.3543386273375839 30.212898558134516
v -15 5.9191582160379728 30.014014040395409
v -15.000000000000002 5.659437773618949 30.442428250582225
v -15 6.1210142490067287 30.78967768647265
v -25.479120986665233 13.261524279835514 31.192099999999996
v -24.231869229527327 13.261524279835516 31.192099999999996
v -24.238802315132084 13.261524279835516 31.192100000000003
v -27.242746051634555 13.261524279835514 31.1921
v -25.740849397522233 13.261524279835516 31.1921
v -28.021787591153895 13.261524279835516 31.1921
v -23.021769338983006 13.261524279835514 31.192099999999996
v -23.64733613377469 13.261524279835514 31.1921
v -28.707861203015415 14.019583305435622 24.100180000000002
v -30.021258524972101 14.019583305435619 24.100180000000002
v -30.787664630690543 14.019583305435621 24.100180000000005
v -31 13.888031050326997 24.100180000000005
v -31 13.138808594746889 24.100180000000002
v -31 14.019583305435617 24.100180000000005
v -29.131096675050308 16.816014323344891 24.100180000000002
v -29.417655672724521 16.816014323344891 24.100179999999998
v -30.257141152266243 16.816014323344891 24.100179999999998
v -31 8.8831882975324472 24.100180000000002
v -30.999999999999996 9.1329490158393032 24.100179999999998
v -30.7192557645437 8.8831882975324454 24.100180000000002
v -29.874962342287319 8.8831882975324472 24.100180000000002
v -30.999999999999993 9.8079000037614339 24.100180000000002
v -30.999999999999996 12.057160335371696 24.100179999999998
v -31 10.464665489886112 24.100180000000002
v -31 11.91958813949122 24.100180000000005
v -30.999999999999996 10.313310072591415 24.100179999999998
v -31 10.122570596433743 24.100179999999998
v -29.021135941839187 8.8831882975324454 24.100180000000002
v -29.171719034420015 8.8831882975324472 24.100180000000005
v -25.330267296994855 15.563007364894508 26.600180000000002
v -25.839903748275137 15.56300736489451 26.600180000000002
v -22.934878638838992 15.563007364894506 26.600180000000002
v -22.835247380658455 15.563007364894508 26.600180000000005
v -24.362409549606316 15.56300736489451 26.600180000000002
v -25.104647861092552 15.563007364894508 26.600180000000005
v -27.495687635265867 15.56300736489451 26.600180000000002
v -26.992700075904644 15.563007364894508 26.600180000000005
v -27.17271155109994 12.766576346985238 26.600180000000002
v -25.455664003475174 12.766576346985239 26.600180000000002
v -25.486265179610161 12.766576346985241 26.600180000000002
v -27.227341543089231 12.766576346985239 26.600180000000002
v -25.32442434821515 12.766576346985238 26.600179999999998
v -25.424039618699187 11.352994201002229 35.000000000000007
v -25.759825892935673 11.352994201002229 35
v -23.943621039013099 11.352994201002229 35
v -24.146994986846348 11.352994201002232 35
v -23.6178877230012 10.465093261926246 31.192099999999993
v -24.095514710430258 10.465093261926246 31.192099999999996
v -28.155299288030246 13.261524279835516 31.192100000000003
v -28.766187591444204 10.465929010188121 31.190432514723401
v -28.400310686903747 10.465922591144917 31.190445322001047
v -27.484631786555731 10.465906526227053 31.190477374731802
v -26.882921364508118 10.465895969656941 31.19049843720483
v -25.880192743692614 10.465093261926244 31.192100000000003
v -25.616373005718859 10.465093261926244 31.192099999999996
v -24.858040101012495 10.465093261926244 31.192100000000003
v -26.37370328113569 10.465488328662511 31.191311762684951
v -27.035771398101655 16.816014323344888 24.100180000000002
v -28.174324324537046 16.816014323344891 24.100180000000002
v -29.052817852831748 16.816014323344891 24.100180000000005
v -27.374782242903738 16.816014323344891 24.100180000000002
v -26.590743748383485 16.816014323344891 24.100180000000002
v -26.090558804809596 16.816014323344888 24.100180000000005
v -25.073904814136625 16.816014323344888 24.100180000000002
v -25.621587924784297 16.816014323344891 24.100180000000005
v -23.173405085824943 16.816014323344891 24.100180000000002
v -24.914669546514716 16.816014323344891 24.100180000000002
v -20.907570255447641 13.261524279835514 31.192099999999996
v -21.199414652981119 13.261524279835514 31.192099999999996
v -22.245030697704735 13.261524279835516 31.1921
v -20.713738217458676 13.261524279835513 31.192099999999996
v -20.66699619321836 13.261524279835514 31.192100000000003
v -20.552920189305887 13.261524279835516 31.1921
v -19.471819451971442 10.465093261926246 31.192099999999993
v -19.630317308099475 10.465093261926246 31.192100000000003
v -20.32680404494754 13.261524279835516 31.1921
v -20.669186685112368 10.465093261926247 31.1921
v -20.008557361928009 10.465093261926246 31.1921
v -20.060269709240544 10.465093261926246 31.1921
v -18.573019004060217 13.261524279835513 31.192099999999996
v -18.785559052566253 14.882150156839018 31.1921
v -18.999939772629713 13.261524279835514 31.192099999999996
v -18.714412278723213 13.261524279835516 31.1921
v -19 14.882852502310799 31.1921
v -18.999999999999996 15.1734846968002 31.1921
v -19.000000000000004 15.42939332063855 31.192100000000007
v -25.84136627625244 5 35
v -26.402918607839567 4.9999999999999991 34.606122290342199
v -26.147515628304006 5 34.606122290342199
v -25.912687740733453 5.0000000000000009 34.606122290342199
v -25.181134896370462 5 34.606122290342192
v -25.319116283587871 5 34.606122290342199
v -32.45730747237949 5 34.606122290342199
v -32.920587020796219 5 34.606122290342192
v -22.649729913522197 10.465093261926246 31.1921
v -23.18610826422201 10.465093261926244 31.192099999999996
v -22.528561809931986 15.563007364894506 26.600179999999998
v -22.685728973804313 15.563007364894505 26.600180000000002
v -35 6.6600329158853153 27.941232663394075
v -35 6.0237173940963586 27.965702123020158
v -35 6.0858579538321562 28.253654864753486
v -35 6.488286966341728 28.530655790440651
v -35 5.7530267433846669 28.024559669015471
v -35 5.9161516379084071 28.136842196818119
v -35 8.1485042155689165 28.010747230292779
v -35 8.0891698519116559 27.886275323271484
v -35 10.005039073230455 27.425056891225982
v -35 10.126326597264445 26.615644334751622
v -35 9.0622453753274872 25.99360868116332
v -35 8.7822151113807898 26.870675970729355
v -35 9.8975555082857447 27.456194751097243
v -35 9.6189991296100779 25.977711641105071
v -35 10.22450920954828 25.960422457291941
v -35.000000000000007 7.3649546185393353 26.042071576911386
v -35.000000000000007 7.439011523831037 26.165536151038133
v -35 9.9928749112684443 27.506234452640111
v -35 9.9502104022392786 25.295464335616895
v -35 9.4571491748210086 24.100180000000002
v -35 9.22535805033543 25.482732500329103
v -35 9.432414860323096 24.121622785867739
v -35 7.641996174535751 25.673780800846369
v -34.999999999999993 7.3143972193617328 25.957784396211192
v -35 8.707949925829217 24.74967926426131
v -35.000000000000007 8.4263808909384572 27.934736299484538
v -35 8.4625384764500229 27.87191746436196
v -35 8.4811984017433915 27.919741410059814
v -35 7.5880720253908125 24.100179999999998
v -35.000000000000007 8.2495163774115579 24.100180000000005
v -35 9.4356768125315416 24.100180000000002
v -35 6.9471391988199587 33.274147477359982
v -35 7.6551310937056165 33.317226188252093
v -35 7.6137204762410429 33.529839706867079
v -35.000000000000007 8.7850100730877134 33.120693639379702
v -35 7.9322196645183354 33.55817014869664
v -35 8.7893495530645147 33.634411688209433
v -35 8.776412434268801 32.102884532711549
v -35 8.5154574562589556 32.269971051030112
v -35 7.4909437331314157 32.925955590096883
v -35 6.8726489337710523 31.452513449752278
v -35 6.6532024536090093 31.37754529067303
v -35 6.6755691312053598 33.257623434480081
v -35 8.6798264948969557 32.06988846887721
v -35 8.4543705966423079 34.012209494912753
v -35 6.3759285515996051 31.566456094237129
v -31.33819324819553 5.7858649686688786 34.999999999999993
v -30.759223539022411 5 35
v -31.269609424293098 5.7858649686688794 35.000000000000007
v -31.642062831976222 5.7858649686688794 35
v -30.335017507956817 5.785864968668883 34.999999999999993
v -18.297040799780511 11.352994201002231 35.000000000000007
v -18.527392007340232 11.352994201002231 34.999999999999993
v -17.355221707939133 11.352994201002231 35
v -17.641674260393479 11.352994201002232 35
v -16.523112769233567 11.352994201002231 35
v -20.245636388211231 11.352994201002231 35
v -19.420450273403187 11.352994201002232 35.000000000000007
v -20.10313949275675 11.352994201002229 35
v -27.50348373524557 14.019583305435622 24.100180000000002
v -28.142803671483698 14.019583305435622 24.100180000000002
v -31 12.075617919035521 24.100179999999998
v -30.77983840735466 13.261524279835518 31.192100000000003
v -28.478456306292514 13.261524279835518 31.192100000000007
v -29.799872751263518 13.261524279835514 31.192100000000007
v -30.117268290002823 10.465715791645284 31.190857928447965
v -29.258580779754908 10.465851303979878 31.190587554182112
v -30.999999999999996 13.261524279835513 31.192099999999996
v -30.844918526504344 13.261524279835514 31.192100000000007
v -26.271079602840015 14.019583305435621 24.100180000000002
v -27.486224996357688 14.019583305435621 24.100180000000002
v -26.002118409615338 14.019583305435622 24.100180000000002
v -24.868230609392519 14.019583305435622 24.100179999999998
v -25.086841346407013 8.883188297532449 24.100180000000002
v -26.45500043080515 8.883188297532449 24.100180000000002
v -25.466689317730989 8.8831882975324454 24.100179999999995
v -27.628913561860148 8.8831882975324472 24.100180000000005
v -26.455331850237631 8.883188297532449 24.100180000000005
v -28.029878653713123 8.8831882975324472 24.100180000000002
v -20.55621629875068 8.8831882975324472 24.100180000000005
v -21.260638624699233 8.8831882975324472 24.100180000000002
v -20.811120076212006 8.8831882975324472 24.100180000000005
v -20.667555627252767 8.8831882975324454 24.100179999999998
v -20.52503917995568 8.8831882975324472 24.100180000000005
v -19.989750832686671 8.8831882975324472 24.100179999999998
v -20.485515301506116 8.8831882975324472 24.100180000000005
v -17.5017682831234 13.427574206742381 26.192100000000003
v -18.850715434238168 13.42757420674238 26.1921
v -19 13.238411951582959 26.1921
v -18.396655355367127 13.427574206742378 26.1921
v -17.907958871537978 13.427574206742378 26.192099999999996
v -16.653653119236452 13.427574206742378 26.1921
v -19 12.97110717882701 26.192100000000003
v -16.516275402981798 13.42757420674238 26.1921
v -16.512593230137171 13.427574206742376 26.1921
v -15.726280623488861 13.438124934019477 26.1921
v -16.512155321959607 13.42757420674238 26.1921
v -16.511562261022871 13.427574206742376 26.1921
v -16.507056034544497 13.427653329086507 26.1921
v -21.613471972074446 10.465093261926246 31.1921
v -22.114912763700641 10.465093261926246 31.192100000000003
v -17.436195256363785 10.921560289841612 31.192099999999996
v -19.000000000000004 10.640997341980722 31.192099999999996
v -19 10.465093261926244 31.192099999999996
v -17.447590485202507 10.921560289841612 31.1921
v -17.833131718794064 10.921560289841612 31.1921
v -19 10.921560289841613 31.192099999999996
v -20.896733858711663 10.465093261926246 31.192100000000007
v -19 13.42757420674238 26.192100000000003
v -19 13.283910861668719 26.1921
v -20.07818421958611 14.019583305435621 24.100179999999998
v -20.338464024582514 14.019583305435621 24.100180000000002
v -19.790968402712167 14.019583305435621 24.100180000000002
v -15 17.573339005006272 26.1921
v -18.444152267348393 17.598185285510063 26.1921
v -18.522724945610683 17.598462208126431 26.1921
v -19 17.59902279713079 26.1921
v -21.964163519137664 5.0000000000000009 34.606122290342199
v -21.160277788369953 5 34.606122290342206
v -21.136033859768229 5 35
v -21.426196729840242 5.0000000000000009 34.606122290342199
v -21.241621407866656 5 34.606122290342206
v -20.624776587559953 5 34.606122290342199
v -18.264367141717042 5.7858649686688786 35
v -18.572334315936935 5.7858649686688768 35
v -18.762683614843287 5.7858649686688777 35
v -19.231896833946067 5.7858649686688777 35.000000000000007
v -19.209091740901844 5.7858649686688759 35
v -17.08353350367684 10.921560289841615 31.1921
v -15.116803560463367 10.921560289841613 31.192100000000003
v -15.953723380828325 10.921560289841613 31.1921
v -16.284863334810574 10.921560289841613 31.1921
v -16.067697006709444 10.921560289841613 31.192100000000003
v -15 16.774478832076451 26.1921
v -14.999999999999998 15.466229303032174 26.1921
v -15 14.814642203004317 26.192100000000003
v -15 13.870164562372073 26.1921
v -15 14.801516668978282 26.1921
v -14.999191068631344 13.447876514898622 26.192100000000003
v -15 14.805572594441486 26.1921
v -15 17.556072344276288 24.473273554468562
v -18.230467351663645 14.880332098547367 31.1921
v -16.78284163750018 13.794812304385299 31.1921
v -17.870785757906621 13.261524279835518 31.1921
v -18.229225616860056 13.261524279835514 31.192100000000003
v -17.05097384448354 13.261524279835516 31.1921
v -16.707433753047624 13.261524279835514 31.192099999999996
v -35 7.5708445636406623 29.421113078395784
v -35 6.6740337005797326 30.979198690189023
v -35 6.6140161937908033 30.701083949907488
v -34.999999999999993 6.795871275870093 31.269546624371788
v -35 7.198514107357517 30.964750607223621
v -35 8.3696778477176146 30.078193054040749
v -35 6.6346241987221033 31.056834121294184
v -35 6.6288988436369376 30.957998932755185
v -35 6.6309217594982437 30.992919958189717
v -35.000000000000007 8.1851990686307445 28.353756566345631
v -34.999999999999993 5 29.594464626839475
v -35 5 30.00779306580014
v -35 6.2060795615289885 28.810749002609288
v -34.999999999999993 5 28.188293828536441
v -35 6.525523989625766 31.27175796878295
v -35 6.3116334419651849 31.094540076988896
v -35 5.5158614402454633 30.435207357352763
v -27.30765930164053 12.766576346985238 26.600179999999998
v -27.318719343520563 12.766576346985238 26.600180000000009
v -29.134817446714798 12.766576346985238 26.600180000000002
v -27.395183699824877 12.766576346985239 26.600179999999998
v -28.160819801740175 12.766576346985236 26.600180000000002
v -29.088611125582961 12.766576346985236 26.600179999999998
v -30.671310152599862 12.766576346985236 26.600179999999998
v -31 12.49465618345133 26.600180000000002
v -30.999999999999996 10.501418414643462 26.600180000000002
v -35 9.3075115399395472 30.037518090792826
v -35.000000000000007 8.540350285728179 30.92778648009789
v -35 9.5760317327561832 30.72571458237276
v -35 9.4736313079105781 30.902076994168048
v -35 9.7872479256538512 30.361940728447671
v -35 9.9928749112684443 30.00779306580014
v -34.999999999999993 9.8813313262128126 30.012630843820173
v -35 8.7521084578996913 31.981901327743422
v -35 9.0745634094948784 31.589384465214064
v -35.000000000000007 8.9590243779823293 29.144372440538586
v -35 9.9928749112684425 29.598495336438052
v -34.999999999999993 9.8816919579791076 32.312181850345532
v -35 9.9829344542779559 32.912325189051984
v -35 10.063916140387436 33.036040073760176
v -35 10.376567403729117 32.8892594794263
v -35.000000000000007 9.949474211382519 33.089767201475958
v -35 11.11024038139616 32.544821543824597
v -35 10.438534735971132 32.417626398333141
v -35 10.447226743843091 31.039419305469711
v -35.000000000000007 10.188152893307299 30.451180493467017
v -35 9.6430240304646109 30.897410661398379
v -34.999999999999993 10.855040014074428 31.965377649407909
v -35 10.549250470170144 33.777480312147233
v -35 9.6603989031985869 34.622753814470066
v -35 9.9928749112684443 35
v -35 10.969291405796818 32.854527631548912
v -35 9.5894137918252529 34.999192833564628
v -34.999999999999993 9.9600016869047128 34.999999999999993
v -34.999999999999993 9.586665830419463 34.999999999999993
v -35 9.5896474780804439 35
v -35 10.998852137503178 26.22533774621224
v -35.000000000000007 10.636328892615209 27.218781359552633
v -34.999999999999993 10.613937318780092 27.228784448109995
v -35 10.487371502360809 27.285325764915147
v -35 12.05290702068281 26.58594703679216
v -35 11.4995045175481 24.915644109433938
v -35.000000000000007 12.226395269784524 25.609711183428924
v -35 11.467086058844741 24.942208994427389
v -35 12.370980127320763 24.796117625875961
v -35 11.525185555230886 24.894600116602625
v -35 12.49465618345133 24.100180000000002
v -35 11.482652040131391 24.899552627111188
v -35 12.08326050815349 24.100180000000002
v -35.000000000000007 11.436386894124823 24.100180000000002
v -35 10.19186509421902 24.100180000000005
v -34.999999999999993 11.560421370934405 28.309541124207009
v -35 11.732962171974703 28.506284982242448
v -35 10.488057673143244 27.759996383462695
v -35 11.811722574044669 28.438323229379371
v -35 11.997899330450405 27.008424262069422
v -35 10.626783859025348 27.244938172371338
v -22.591588973395307 11.352994201002229 35
v -21.766862005535287 11.352994201002229 35
v -22.765290673384992 11.352994201002229 35
v -20.736531446566861 11.352994201002231 35
v -21.70774076554677 11.352994201002231 34.999999999999993
v -19 16.380286035883444 35
v -19 17.619133985280637 34.999999999999993
v -19 17.919551526936218 35
v -19 18.117961600339562 35
v -19 18.495613491033975 35
v -17.429389064932916 19.21933433897463 35
v -18.875516638901388 19.212869675795162 35
v -18.999999999999996 19.213721272586167 35
v -35 11.510291951878582 31.227138702881742
v -35.000000000000007 11.608968823811685 30.902118554135996
v -35 11.728019208269179 30.396985802558508
v -35 10.571310701514408 30.137536170528634
v -35 11.498174512868585 31.267050910801316
v -35 11.76014087936742 30.40419069099665
v -35 11.807703155476927 28.591510212210839
v -34.999999999999993 11.793385699235541 29.13717319467354
v -34.999999999999993 11.764377759631408 30.242715867382174
v -18.514379034068661 5 34.606122290342199
v -35 11.890235446302874 33.928096045920881
v -35 12.472457373626334 32.766446616528441
v -35 12.548601008801048 32.614524804240816
v -35 11.274782303537009 32.836626781657188
v -35 12.37418245691925 32.606072444302974
v -35 11.531485602540698 31.230881144362453
v -35 12.236341438686447 30.99124578402596
v -35 12.932223222890487 31.849121604557325
v -35 11.352994201002232 35
v -35 11.349491329286369 35
v -35 13.129690077835559 24.707775080142699
v -34.999999999999993 13.115523925609905 26.458690101725995
v -34.999999999999993 13.609321630375179 26.399553848425523
v -34.999999999999993 14.020689548264215 25.560275866997774
v -35 14.754527855455381 26.262406176911309
v -35 13.432151037322704 26.761019512710867
v -35 12.512237936785395 26.919702168607028
v -35.000000000000007 14.684681810437949 26.39393828347103
v -34.999999999999993 14.079183470791648 27.534195718408316
v -35 13.074186849957552 27.328020718510821
v -35 13.87837480581806 27.912352945676218
v -35.000000000000007 12.480710870615045 28.268063347851424
v -35 13.593439555017557 30.529862506138581
v -34.999999999999993 13.186318583339641 30.091967143783009
v -35 13.857086233075137 30.003834545400775
v -35 13.86301423241752 29.94382269071053
v -35.000000000000007 13.878120954954158 29.961866059637057
v -35 13.874025267121835 28.487589041089421
v -35 13.896113234759117 29.925967855553633
v -35 14.714421736408779 28.293278395748718
v -35 14.674156591295439 28.24516326193126
v -34.999999999999993 14.727380750017765 28.267422566454254
v -35.000000000000007 13.886321097098197 29.9455051326511
v -35 12.356821530066775 28.838386370724379
v -35 12.195430153463226 28.719936793089538
v -35 12.080282753650637 28.902325749423511
v -35.000000000000007 15.485960386828257 26.753904162397188
v -35 15.835403917800004 26.056694285358851
v -35.000000000000007 15.847729981481907 26.032101318019819
v -34.999999999999993 14.869613712582053 26.339739990365715
v -34.999999999999993 15.819195230910212 26.038112733061432
v -35 15.278528369363766 24.319650811683019
v -35 14.961316944848759 24.41409266700736
v -35 14.897798710220211 24.981828670553746
v -35 16.305539229421697 25.118680117817608
v -35 14.99643745563422 24.100180000000002
v -35 15.236917873047636 27.250793888549651
v -35 14.801949593123622 26.359570423820426
v -35 14.517757547275519 24.546151506052681
v -34.999999999999993 14.17493031925839 24.100179999999998
v -35 14.742812612889146 24.100180000000002
v -23.536745243338963 8.8831882975324472 24.100180000000002
v -22.902768918814175 8.8831882975324472 24.100180000000002
v -23.379359169226767 8.8831882975324472 24.100180000000002
v -22.33098810551763 8.8831882975324472 24.100180000000002
v -35 16.816014323344895 24.100180000000002
v -34.999999999999993 16.015687212488409 24.100180000000002
v -15.000000000000002 6.2633651909607506 31.336683634398302
v -15 6.4059406899720948 31.884552478236813
v -32.578781533330869 11.352994201002231 35
v -32.92749649774381 11.352994201002231 35
v -32.708775189120402 11.352994201002231 35
v -32.409862115213457 11.352994201002232 35
v -30.044929094584177 11.352994201002231 35.000000000000007
v -31.324007350662782 11.352994201002231 35
v -30.740145229465835 11.352994201002231 35
v -32.036731166224456 11.352994201002231 35
v -34.997815191588117 11.352994201002231 35
v -16.31026229783512 8.9149142374997865 24.036880391499473
v -15.125254155891506 8.914914102371478 24.036880661107528
v -33.478559107644777 16.816014323344891 24.100179999999998
v -32.607048870932687 16.816014323344891 24.100180000000005
v -34.487019889931332 16.816014323344895 24.100180000000005
v -16.352027992018385 11.352994201002232 35.000000000000007
v -28.475447162308139 5.7858649686688901 35
v -29.446338105666293 5.7858649686688866 34.999999999999993
v -28.729379870808721 5 35
v -28.461719302581049 5 34.606122290342206
v -29.161058256687408 5 34.606122290342206
v -30.756478951144185 5 34.606122290342199
v -29.355641904214142 5 34.606122290342199
v -32.262128056760126 5.0000000000000009 34.606122290342199
v -30.963576516859955 5 34.606122290342206
v -27.702015957689223 15.563007364894508 26.600180000000005
v -28.254523744171429 15.563007364894512 26.600180000000005
v -29.275419929658309 15.563007364894508 26.600179999999998
v -28.460386303792902 15.56300736489451 26.600180000000002
v -24.745505252497367 14.019583305435622 24.100180000000002
v -26.941363407885046 5.7858649686688866 35
v -28.447798346216253 5.7858649686688892 34.999999999999993
v -28.314798277084986 5.7858649686688901 35
v -27.604710986064561 5.7858649686688874 34.999999999999993
v -26.085552918897854 5.7858649686688839 35.000000000000007
v -27.927151698406199 5 34.606122290342192
v -24.299036558035425 8.8831882975324472 24.100180000000005
v -23.675012957869239 5 35
v -22.98390185439019 5.7858649686688759 35
v -23.697025661271816 5.7858649686688777 35.000000000000007
v -24.510924877413476 5.7858649686688803 35
v -25.310562519944796 5.7858649686688812 35.000000000000007
v -25.677913199534327 5.7858649686688803 34.999999999999993
v -25.332944247930332 5.7858649686688803 35.000000000000014
v -35 5.0000000000000009 31.511994580878348
v -35 5 30.192908208902285
v -23.984522150691614 5 34.606122290342199
v -23.700028780722359 5.0000000000000009 34.606122290342206
v -22.049839526265494 5 34.606122290342192
v -23.222756947643294 5 34.606122290342206
v -23.4184142527426 5 34.606122290342206
v -20.737635664973986 5.7858649686688794 35
v -21.84385358481142 5.7858649686688794 35
v -21.081016944070964 5.7858649686688812 35
v -22.839367064760047 5.7858649686688759 35
v -22.119820961355877 5.7858649686688786 35
v -19.000000000000004 17.102642808027973 31.192100000000003
v -19 17.458014943043075 31.192099999999996
v -18.495303024910889 17.456647030483836 31.1921
v -19 16.274311125295963 31.192100000000007
v -19 15.530343046758027 31.192100000000003
v -17.059277515747773 14.884852719094912 31.1921
v -16.20429362501099 14.881020705105085 31.192100000000007
v -18.10395647252269 14.879917745112735 31.1921
v -16.795452251679436 17.457882748118784 31.192099999999996
v -16.978534752212251 17.458929402197626 31.1921
v -17.744108744139467 17.454611020478193 31.192099999999996
v -19 16.230503804775886 35
v -18.079582296468313 16.224396016861647 35.000000000000007
v -17.716473354329775 16.226293981742753 34.999999999999993
v -16.253309092216163 16.225774528400699 35
v -17.402915071358972 16.227932946087041 35
v -17.070866542487948 16.229668558663555 34.999999999999993
v -15.963888542564407 16.224396016861647 35
v -15 16.228722269481747 35
v -17.190513013292215 19.220402193044563 35
v -16.962280634229689 19.221422466417287 35
v -16.927339332816796 19.22125977815536 35
v -15 19.21275665203455 35
v -15.125358710619382 19.212869675795162 34.999999999999993
v -15.570087746612849 11.352994201002231 35
v -15.132969705761653 11.352994201002229 34.999999999999993
v -15.000000000000002 11.352060182024378 35
v -14.999999999999998 12.703112154798045 32.271562989039033
v -15 12.420060394898329 32.823252168828738
v -15.000000000000002 12.178217684135559 33.316164613781183
v -15.000000000000002 10.921560289841613 31.192099999999996
v -14.999999999999998 10.821369021159599 31.392001660574017
v -15 11.810067623417305 34.06651076217527
v -15 9.3073074521815453 33.008438739739319
v -15 10.38914153404076 32.25438212104126
v -16.047116932959899 14.880316243548158 31.1921
v -15 13.726711484592959 31.1921
v -15.513307928979785 13.259721745225331 31.192099999999993
v -15.846591295392299 13.261524279835513 31.1921
v -16.570131624547276 13.261524279835514 31.1921
v -15.000000000000002 14.882852502310797 31.1921
v -15.958205529275695 14.879917745112733 31.1921
v -15.988968363460593 17.455262741860135 31.192099999999996
v -16.223156122890824 17.454611020478193 31.192099999999993
v -15 16.913334642844735 32.318791538549661
v -15.000000000000002 17.08474220383852 32.600788671820375
v -15 15.28050283838329 32.80246017030116
v -14.999999999999998 15.301431939386056 32.859490157132967
v -15.000000000000002 16.70788611158153 32.915943541037372
v -15.000000000000002 16.672390243703575 31.922393448281614
v -14.999999999999998 16.450058851418177 31.556617196072764
v -15 15.740182901934304 31.663392882393058
v -14.999999999999998 15.129883210375763 32.252424412079385
v -14.999999999999998 16.238453261248171 31.208486871680819
v -15.000000000000002 16.187287357379908 31.231869444050581
v -15 17.29051910856796 32.939329730864593
v -15 16.228492756775839 31.1921
v -15 16.059083296457022 34.685541351222682
v -15 15.647562059860752 33.802664745002446
v -15.000000000000002 17.014387673097406 33.330892097837079
v -15.000000000000002 13.034538214666462 31.625588658427152
v -14.999999999999998 13.256945563150518 31.1921
v -15 14.999109170956114 31.774861169629261
v -22.237854835584415 15.563007364894508 26.600180000000002
v -15.000000000000002 17.458014943043079 31.192100000000007
v -15.000000000000002 17.793251937994409 32.329233016614673
v -15 18.038769524684547 32.977317118592268
v -15 18.043671502505557 32.987706503002549
v -15 18.028561534879078 32.986735953792632
v -14.999999999999998 18.014161019453027 32.985810974387348
v -15 18.344070512321544 33.624380291298671
v -15.000000000000002 17.500405422324501 33.47406161526149
v -14.999999999999998 17.690120165303703 33.957401954111852
v -15 17.392926718356687 33.200235805104512
v -15.000000000000002 18.686314096770701 34.237574187993758
v -15.000000000000002 18.589852640682153 34.362870484443754
v -15.000000000000002 17.893724925480861 34.476130189093375
v -15 18.504473047148064 34.473772261132737
v -14.999999999999998 18.004700045593435 34.758863894006616
v -15 18.099347793141991 35
v -15 17.500869808474615 31.398559916890157
v -15 17.700916454293687 32.085498301551794
v -15 16.274311125295959 31.192100000000003
v -15.000000000000002 17.581982218834842 35
v -15 16.097679726994023 34.768346034369948
v -15 18.74239408156043 34.33805205218853
v -15.000000000000002 18.194864076881522 35.000000000000007
v -31 10.868347606429406 30.387526765622528
v -31 10.678262576588628 29.105102746392841
v -31 11.591422608208026 28.944847224016353
v -31 11.413506564362832 28.83849434197662
v -31.000000000000007 12.419672083844242 27.292323528815714
v -31 11.69608304565439 28.736028676081471
v -31 11.166808175586963 27.789778991297453
v -31 10.568443579468969 28.325844802861916
v -31 13.357865183950633 30.999880588396998
v -31 13.677726728778103 30.361692702307671
v -31 12.66182741463771 26.809175112998155
v -20.432716888306281 12.766576346985239 26.600180000000002
v -19.908762280887679 12.766576346985239 26.600180000000002
v -20.331628510701393 12.766576346985241 26.600180000000005
v -20.138724176703999 12.766576346985238 26.600180000000005
v -22.454230697330015 12.766576346985239 26.600180000000002
v -20.597601069692278 12.766576346985239 26.600180000000005
v -23.041070072353101 12.766576346985238 26.600180000000002
v -19.000000000000004 12.766576346985236 26.600180000000005
v -31 10.860201210606515 30.40378045792637
v -23.149494889795161 12.766576346985236 26.600180000000002
v -20.879865933677408 15.563007364894508 26.600180000000002
v -20.426063498496863 15.563007364894506 26.600180000000002
v -19.07224641669195 15.563007364894508 26.600180000000005
v -19.550640213529203 15.563007364894506 26.600179999999998
v -19.000000000000004 12.937656973530858 26.258839863395334
v -19 13.285862740124916 26.236306448795698
v -19 13.161960271407425 26.600180000000002
v -19 13.295542278850565 26.455530156954396
v -19 13.367362696172401 26.3122340307089
v -19 13.223043374900604 26.600180000000002
v -23.232835279269509 12.766576346985234 26.600180000000002
v -22.328115533729289 16.816014323344891 24.100180000000002
v -22.303323996746901 16.816014323344891 24.100180000000002
v -20.735109660268392 16.816014323344891 24.100180000000002
v -20.249593849518224 16.816014323344891 24.100180000000005
v -20.505001252267373 16.816014323344891 24.100179999999998
v -19.269322705768879 16.816014323344888 24.100179999999998
v -20.036837872613582 16.816014323344891 24.100180000000002
v -16.32596997711239 8.9149142392909564 24.036880387925727
v -15.000000000000002 7.3965637479276154 23.985988390511004
v -14.999999999999998 5 31.530184417640157
v -14.999999999999998 5 30.3376684287697
v -31.000000000000004 13.92848339658779 29.861382895329825
v -31 13.697094121238015 30.323050872888256
v -31 14.370709278330496 28.979053633787611
v -31 14.570071161658149 28.581286721993674
v -31.000000000000004 12.766576346985236 26.600180000000002
v -31.000000000000004 15.431056256675523 26.863448905509856
v -31 14.712730761380728 28.296652229821724
v -31.000000000000007 15.113425155372424 27.497186609759957
v -23.280939567488964 12.766576346985238 26.600180000000002
v -24.557311162186288 12.766576346985238 26.600180000000002
v -22.446148046323874 16.816014323344888 24.100180000000002
v -22.395832297547035 16.816014323344891 24.100179999999998
v -22.421659433604024 16.816014323344891 24.100180000000002
v -18.992352776007827 5 34.606122290342199
v -30.971366392499938 12.766576346985236 26.600179999999998
v -16.989367628408495 14.415371863820383 24.221245707419637
v -17.730619465963375 14.415371863820381 24.221245707419637
v -17.65192571513062 14.415371863820381 24.22124570741963
v -17.183719828291188 14.415371863820381 24.221245707419634
v -18.16400383286145 14.415371863820383 24.221245707419634
v -17.902139875250807 14.417495744330651 24.217008140150064
v -17.920003785743351 14.417350856841445 24.217297219728259
v -18.564400143731273 14.415371863820384 24.22124570741963
v -22.587954717951202 14.019583305435621 24.100179999999998
v -22.641690196142303 14.019583305435622 24.100180000000005
v -22.648321968647945 14.019583305435622 24.100180000000002
v -19 17.222333342098782 26.600179999999998
v -19 17.431070526493411 26.600180000000002
v -19 15.563007364894506 26.600179999999998
v -31 15.563007364894508 26.600180000000002
v -30.331620440505318 15.563007364894506 26.600180000000005
v -30.115707195646049 15.563007364894508 26.600180000000002
v -24.39020754559759 14.019583305435622 24.100180000000002
v -24.354561555247667 14.019583305435622 24.100180000000002
v -24.438990049196033 14.019583305435621 24.100180000000002
v -18.999999999999996 17.510139396459614 26.537283466626846
v -19 17.493943783641697 26.600179999999998
v -19 14.004150045847 24.13097244589294
v -19.009332201970299 14.019583305435621 24.100180000000002
v -19.371356395095141 14.019583305435619 24.100180000000002
v -19.356138033401006 14.019583305435621 24.100179999999998
v -17.877502177883958 14.550906085200511 23.950827773053668
v -18.091421533526852 14.549946395716903 23.952742545906958
v -17.701379742847539 14.550680707528226 23.951277446678329
v -18.134217897044639 14.55001843342616 23.952598816239757
v -17.081962202844828 14.551833727235303 23.948976941283483
v -17.65615971275265 14.550764882712953 23.951109500315056
v -18.999541172413124 8.8844254872638171 24.097711558537995
v -19.000517138528355 8.8831882975324472 24.100180000000005
v -19.031076827933109 8.8831882975324472 24.100180000000002
v -18.953365553050801 8.9149143957839598 24.036880075690821
v -18.998201361563321 8.9149143957839598 24.036880075690821
v -16.336270357962498 8.9149142404655244 24.036880385582226
v -16.415156055267161 8.9149142487549362 24.0368803690432
v -20.851416703848983 14.019583305435621 24.100179999999998
v -20.670986197481341 14.019583305435622 24.100180000000005
v -18.371289892991523 8.9149143957839598 24.036880075690828
v -18.207089712849548 8.9149143957839598 24.036880075690824
v -18.440488367013135 8.9149143957839598 24.036880075690828
v -21.461560530943366 8.8831882975324472 24.100180000000002
v -17.789439246392242 8.9149143957839616 24.036880075690817
v -18.173713252618303 8.9149143957839616 24.036880075690828
v -17.632650708593797 8.9149143804423847 24.036880106300352
v -18.714953516907809 8.9149143957839616 24.036880075690821
v -18.859332226532203 8.9149143957839598 24.036880075690824
v -18.710031499853024 8.9149143957839598 24.036880075690821
v -22.093285888445411 8.8831882975324472 24.100179999999998
v -19.134559765676009 8.883188297532449 24.100180000000002
v -19.161837651807293 8.8831882975324472 24.100180000000005
v -19.725443739388577 14.019583305435619 24.100179999999998
v -19.380488707196548 14.019583305435621 24.100180000000002
v -19.665891414397208 14.019583305435619 24.100180000000005
v -19.394788869704477 8.8831882975324472 24.100180000000005
v -19.166692138156151 8.8831882975324472 24.100179999999998
v -16.951546114681644 8.9149143067723049 24.036880253286913
v -19.418226745347688 8.8831882975324472 24.100180000000002
v -19.458349066803937 8.8831882975324454 24.100180000000002
v -21.966509869571997 14.019583305435621 24.100180000000002
v -21.587417942175836 14.019583305435619 24.100180000000002
v -16.678218518928979 14.415371863820381 24.221245707419637
v -16.123596599243463 14.415371856301187 24.22124572242193
v -16.460963231500244 14.415371860874981 24.221245713296302
v -18.863416240686423 14.415371863820379 24.221245707419637
v -19.792991867845764 8.8831882975324472 24.100180000000005
v -19.681907448897849 8.8831882975324472 24.100180000000002
v -16.801582815813571 14.553450330175547 23.945751494430727
v -15.670426163439155 14.415371813331014 24.221245808156048
v -15 31.13585806434374 16.934008165395362
v -15 30.112771296752744 16.654547740384167
v -15 29.332479016306188 16.499135098039631
v -15.000000000000002 10.872829334022629 32.389865378000977
v -14.999999999999998 11.563986729709828 32.583461857058353
f 1 2 3
f 4 2 1
f 5 6 1
f 1 6 4
f 1 3 7
f 7 5 1
f 8 9 10
f 10 9 11
f 10 12 13
f 11 12 10
f 14 8 10
f 10 13 14
f 15 16 17
f 18 16 15
f 17 19 15
f 15 19 20
f 20 21 15
f 15 21 18
f 22 16 23
f 17 16 22
f 23 24 22
f 22 24 25
f 25 19 22
f 22 19 17
f 26 27 28
f 29 27 26
f 30 31 26
f 26 31 32
f 26 28 30
f 32 29 26
f 33 34 27
f 29 33 27
f 35 36 31
f 31 36 37
f 31 30 35
f 37 32 31
f 38 39 34
f 33 38 34
f 35 40 36
f 36 40 41
f 41 37 36
f 42 43 39
f 38 42 39
f 44 45 40
f 40 45 46
f 40 35 44
f 46 41 40
f 42 47 43
f 48 49 45
f 45 49 50
f 45 44 48
f 45 50 46
f 51 52 49
f 49 52 53
f 49 48 51
f 49 53 50
f 54 55 56
f 57 55 54
f 54 58 57
f 59 58 54
f 54 56 59
f 60 61 55
f 55 61 62
f 63 60 55
f 62 56 55
f 55 57 63
f 64 65 52
f 52 65 66
f 52 51 64
f 52 66 53
f 67 68 65
f 65 68 69
f 65 64 67
f 65 69 70
f 65 70 66
f 71 30 28
f 72 35 30
f 71 72 30
f 67 73 68
f 68 73 74
f 68 74 69
f 75 44 35
f 72 75 35
f 76 48 44
f 77 76 44
f 75 77 44
f 78 79 73
f 73 79 74
f 73 67 78
f 80 51 48
f 76 80 48
f 81 82 83
f 83 82 84
f 83 85 81
f 86 85 83
f 84 87 83
f 83 87 86
f 80 64 51
f 88 89 90
f 91 89 88
f 90 92 88
f 88 93 91
f 94 95 79
f 79 95 96
f 79 78 94
f 96 74 79
f 97 67 64
f 98 97 64
f 80 98 64
f 89 99 100
f 101 99 89
f 102 90 89
f 100 102 89
f 89 91 101
f 103 92 104
f 103 104 105
f 106 107 95
f 95 107 108
f 95 94 106
f 95 108 109
f 109 96 95
f 110 78 67
f 97 110 67
f 110 94 78
f 111 112 99
f 99 112 113
f 113 100 99
f 99 114 111
f 101 114 99
f 115 116 107
f 107 116 117
f 107 106 115
f 107 117 108
f 92 90 118
f 118 104 92
f 90 102 119
f 90 119 118
f 120 106 94
f 121 120 94
f 110 121 94
f 122 123 112
f 112 123 113
f 111 122 112
f 124 125 116
f 116 125 126
f 116 115 124
f 116 126 117
f 100 127 102
f 102 127 128
f 128 119 102
f 123 122 129
f 120 115 106
f 124 130 125
f 125 130 131
f 125 131 126
f 127 132 133
f 113 132 127
f 127 100 113
f 127 133 128
f 134 124 115
f 120 134 115
f 132 135 133
f 130 124 136
f 137 138 130
f 130 138 139
f 130 136 137
f 140 131 130
f 139 140 130
f 141 136 124
f 134 141 124
f 138 137 142
f 142 143 138
f 138 143 144
f 138 144 139
f 145 137 136
f 136 141 145
f 146 142 137
f 137 145 146
f 143 142 147
f 143 147 148
f 143 148 149
f 149 144 143
f 150 147 142
f 146 150 142
f 151 148 147
f 152 151 147
f 147 150 152
f 148 151 153
f 148 153 154
f 148 154 155
f 155 149 148
f 151 156 153
f 157 156 151
f 152 157 151
f 158 159 160
f 160 159 161
f 162 153 156
f 163 162 156
f 164 163 156
f 157 164 156
f 159 165 166
f 167 165 159
f 159 166 161
f 158 167 159
f 153 162 168
f 153 168 169
f 170 154 153
f 153 169 170
f 167 171 165
f 165 171 172
f 173 166 165
f 165 172 173
f 174 168 162
f 162 175 174
f 163 175 162
f 168 174 169
f 176 174 175
f 175 177 176
f 178 177 175
f 179 178 175
f 163 179 175
f 180 181 171
f 171 181 182
f 167 180 171
f 171 182 172
f 174 176 183
f 174 184 169
f 183 184 174
f 181 185 182
f 186 185 181
f 181 180 186
f 187 176 177
f 177 188 187
f 178 188 177
f 176 187 189
f 176 189 183
f 185 190 191
f 192 190 185
f 185 191 193
f 185 193 182
f 186 192 185
f 194 187 188
f 188 195 194
f 196 195 188
f 197 196 188
f 178 197 188
f 187 194 189
f 190 198 199
f 200 198 190
f 190 199 191
f 192 200 190
f 201 202 203
f 203 202 186
f 180 204 203
f 203 204 205
f 186 180 203
f 203 206 201
f 205 206 203
f 207 194 195
f 195 208 207
f 209 208 195
f 196 209 195
f 202 210 192
f 211 210 202
f 202 201 211
f 202 192 186
f 212 213 198
f 198 213 214
f 200 212 198
f 214 199 198
f 194 207 215
f 194 215 189
f 208 216 217
f 218 216 208
f 217 207 208
f 209 218 208
f 219 220 210
f 210 220 200
f 211 219 210
f 210 200 192
f 221 222 213
f 213 222 223
f 213 212 221
f 213 223 214
f 216 224 225
f 226 224 216
f 225 217 216
f 216 218 226
f 207 217 227
f 207 227 215
f 228 229 222
f 222 229 230
f 222 221 228
f 222 230 223
f 231 212 220
f 220 212 200
f 220 219 231
f 224 232 233
f 234 232 224
f 235 225 224
f 233 235 224
f 224 226 234
f 229 228 236
f 217 225 237
f 217 237 238
f 217 238 227
f 232 239 240
f 241 239 232
f 240 233 232
f 234 241 232
f 242 221 212
f 231 242 212
f 239 243 244
f 245 243 239
f 244 240 239
f 239 241 245
f 225 235 246
f 246 237 225
f 247 228 221
f 221 242 248
f 248 247 221
f 243 249 250
f 251 249 243
f 250 244 243
f 243 245 251
f 249 252 253
f 254 252 249
f 253 250 249
f 251 254 249
f 235 233 255
f 255 246 235
f 256 257 258
f 258 257 259
f 258 260 256
f 261 236 228
f 247 261 228
f 252 262 263
f 264 262 252
f 263 253 252
f 252 254 264
f 233 240 265
f 265 255 233
f 266 267 257
f 257 267 268
f 257 256 266
f 257 268 269
f 257 269 259
f 262 270 271
f 272 270 262
f 271 263 262
f 262 264 272
f 273 274 267
f 267 274 275
f 267 266 273
f 275 268 267
f 270 276 277
f 278 276 270
f 279 271 270
f 277 279 270
f 272 278 270
f 276 280 281
f 282 280 276
f 281 277 276
f 278 283 276
f 276 283 282
f 284 280 274
f 274 280 275
f 274 273 284
f 261 285 236
f 280 284 281
f 282 275 280
f 240 244 265
f 286 287 288
f 289 287 286
f 286 290 291
f 288 290 286
f 286 291 289
f 287 292 293
f 294 292 287
f 295 288 287
f 287 289 294
f 287 293 296
f 296 295 287
f 244 250 297
f 244 297 265
f 250 253 298
f 298 297 250
f 253 263 299
f 253 299 298
f 300 256 260
f 263 271 301
f 301 299 263
f 302 266 256
f 300 302 256
f 271 279 301
f 303 273 266
f 266 302 303
f 279 277 304
f 305 301 279
f 304 305 279
f 306 284 273
f 273 303 306
f 277 281 304
f 307 281 284
f 306 307 284
f 281 307 308
f 281 308 304
f 309 310 311
f 32 310 309
f 311 312 309
f 309 312 29
f 309 29 32
f 310 313 314
f 37 313 310
f 314 311 310
f 310 32 37
f 312 315 33
f 312 33 29
f 313 316 317
f 41 316 313
f 317 314 313
f 313 37 41
f 315 318 38
f 315 38 33
f 316 319 320
f 46 319 316
f 320 317 316
f 316 41 46
f 318 321 42
f 318 42 38
f 319 322 323
f 50 322 319
f 323 320 319
f 46 50 319
f 321 47 42
f 322 324 323
f 53 324 322
f 50 53 322
f 325 326 327
f 327 326 328
f 329 330 327
f 327 328 56
f 56 329 327
f 331 332 330
f 330 333 331
f 331 333 334
f 334 335 331
f 331 335 336
f 324 337 338
f 66 337 324
f 338 323 324
f 53 66 324
f 337 339 340
f 70 339 337
f 340 338 337
f 66 70 337
f 339 341 342
f 69 341 339
f 342 340 339
f 70 69 339
f 311 314 71
f 314 317 72
f 314 72 71
f 341 343 344
f 74 343 341
f 344 342 341
f 69 74 341
f 317 320 75
f 317 75 72
f 320 323 76
f 320 76 77
f 320 77 75
f 345 346 347
f 347 346 93
f 347 348 345
f 323 338 80
f 323 80 76
f 343 349 344
f 96 349 343
f 343 74 96
f 350 351 346
f 346 351 91
f 346 345 350
f 91 93 346
f 338 340 80
f 340 342 97
f 340 97 98
f 340 98 80
f 349 352 353
f 109 352 349
f 353 344 349
f 349 96 109
f 350 354 351
f 351 354 101
f 101 91 351
f 104 345 348
f 105 104 348
f 342 344 110
f 342 110 97
f 355 356 354
f 354 356 357
f 354 350 358
f 354 358 355
f 354 357 101
f 352 359 360
f 108 359 352
f 360 353 352
f 109 108 352
f 344 353 110
f 118 350 345
f 345 104 118
f 359 361 362
f 117 361 359
f 362 360 359
f 108 117 359
f 355 363 356
f 356 363 364
f 364 357 356
f 119 358 350
f 118 119 350
f 353 360 120
f 353 120 121
f 353 121 110
f 361 365 366
f 126 365 361
f 366 362 361
f 117 126 361
f 358 367 355
f 128 367 358
f 358 119 128
f 363 368 369
f 363 369 364
f 360 362 120
f 365 370 366
f 131 370 365
f 126 131 365
f 367 371 355
f 133 371 367
f 128 133 367
f 362 366 134
f 362 134 120
f 133 135 371
f 372 366 370
f 370 373 372
f 139 373 370
f 370 131 140
f 370 140 139
f 366 372 145
f 366 141 134
f 145 141 366
f 374 372 373
f 373 375 374
f 144 375 373
f 139 144 373
f 372 374 146
f 146 145 372
f 376 374 375
f 377 376 375
f 149 377 375
f 375 144 149
f 374 376 150
f 374 150 146
f 376 377 378
f 376 378 152
f 152 150 376
f 379 378 377
f 154 379 377
f 155 154 377
f 377 149 155
f 379 380 378
f 378 380 157
f 378 157 152
f 381 382 383
f 161 382 381
f 380 379 384
f 380 384 163
f 380 163 164
f 380 164 157
f 166 385 382
f 382 385 386
f 161 166 382
f 386 383 382
f 387 384 379
f 169 387 379
f 379 154 170
f 170 169 379
f 172 388 385
f 385 388 386
f 385 166 173
f 173 172 385
f 384 387 389
f 389 390 384
f 384 390 163
f 169 389 387
f 390 389 391
f 391 392 390
f 390 392 178
f 390 178 179
f 390 179 163
f 388 393 394
f 182 393 388
f 394 395 388
f 388 395 386
f 172 182 388
f 183 391 389
f 169 184 389
f 389 184 183
f 393 396 394
f 182 396 393
f 392 391 397
f 397 398 392
f 392 398 178
f 189 397 391
f 183 189 391
f 191 399 396
f 396 399 400
f 400 394 396
f 193 191 396
f 182 193 396
f 398 397 401
f 401 402 398
f 398 402 196
f 398 196 197
f 398 197 178
f 189 401 397
f 399 403 404
f 199 403 399
f 399 404 400
f 191 199 399
f 394 405 406
f 406 405 407
f 406 408 395
f 409 408 406
f 406 395 394
f 410 409 406
f 411 410 406
f 406 407 411
f 402 401 412
f 412 413 402
f 402 413 209
f 402 209 196
f 405 404 414
f 400 404 405
f 405 414 407
f 405 394 400
f 415 404 403
f 403 416 417
f 214 416 403
f 417 415 403
f 403 199 214
f 215 412 401
f 189 215 401
f 418 419 413
f 413 419 218
f 413 412 418
f 413 218 209
f 404 415 219
f 404 219 414
f 416 420 421
f 223 420 416
f 421 417 416
f 214 223 416
f 422 423 419
f 419 423 226
f 419 418 422
f 226 218 419
f 227 418 412
f 215 227 412
f 420 424 425
f 230 424 420
f 425 421 420
f 223 230 420
f 415 417 231
f 231 219 415
f 426 427 423
f 423 427 234
f 423 422 428
f 423 428 426
f 234 226 423
f 429 425 424
f 237 422 418
f 238 237 418
f 227 238 418
f 430 431 427
f 427 431 241
f 427 426 430
f 427 241 234
f 417 421 242
f 417 242 231
f 432 433 431
f 431 433 245
f 431 430 432
f 245 241 431
f 246 428 422
f 422 237 246
f 421 425 247
f 248 242 421
f 421 247 248
f 434 435 433
f 433 435 251
f 433 432 434
f 251 245 433
f 436 437 435
f 435 437 254
f 435 434 436
f 435 254 251
f 255 426 428
f 428 246 255
f 438 439 440
f 259 439 438
f 440 441 438
f 425 429 261
f 425 261 247
f 442 443 437
f 437 443 264
f 437 436 442
f 264 254 437
f 265 430 426
f 426 255 265
f 439 444 445
f 268 444 439
f 445 440 439
f 269 268 439
f 259 269 439
f 446 447 443
f 443 447 272
f 443 442 446
f 272 264 443
f 444 448 449
f 275 448 444
f 449 445 444
f 444 268 275
f 450 451 447
f 447 451 278
f 447 446 452
f 447 452 450
f 447 278 272
f 453 454 451
f 451 454 282
f 451 450 453
f 451 283 278
f 282 283 451
f 448 454 455
f 275 454 448
f 455 449 448
f 429 285 261
f 453 455 454
f 454 275 282
f 265 432 430
f 456 457 458
f 458 457 459
f 460 461 458
f 458 461 462
f 463 456 458
f 458 459 460
f 458 462 289
f 458 289 463
f 464 465 466
f 466 465 461
f 467 468 466
f 466 468 469
f 466 470 464
f 471 470 466
f 466 461 472
f 466 473 471
f 469 473 466
f 472 467 466
f 297 434 432
f 265 297 432
f 298 436 434
f 434 297 298
f 299 442 436
f 298 299 436
f 441 440 300
f 301 446 442
f 442 299 301
f 440 445 302
f 440 302 300
f 301 452 446
f 445 449 303
f 303 302 445
f 304 450 452
f 452 301 305
f 452 305 304
f 449 455 306
f 306 303 449
f 304 453 450
f 455 453 307
f 455 307 306
f 308 307 453
f 304 308 453
f 474 459 475
f 476 459 474
f 475 477 474
f 474 477 478
f 474 478 479
f 479 476 474
f 480 468 481
f 481 468 482
f 481 483 480
f 484 483 481
f 482 484 481
f 485 486 487
f 487 486 488
f 489 485 487
f 487 488 490
f 487 491 489
f 490 491 487
f 492 493 494
f 495 493 492
f 494 496 492
f 492 496 497
f 492 497 498
f 499 495 492
f 498 499 492
f 500 501 502
f 502 503 500
f 504 505 506
f 507 505 504
f 504 508 509
f 510 508 504
f 504 509 511
f 506 510 504
f 504 511 507
f 512 513 514
f 514 513 515
f 515 516 514
f 517 518 519
f 520 518 517
f 517 519 521
f 521 522 517
f 523 16 524
f 524 16 18
f 525 523 524
f 526 525 524
f 524 527 528
f 21 527 524
f 524 528 526
f 18 21 524
f 529 530 531
f 532 530 529
f 529 533 532
f 534 535 61
f 536 535 534
f 534 537 538
f 539 537 534
f 534 538 540
f 534 540 536
f 534 61 539
f 541 542 543
f 543 542 544
f 545 546 543
f 543 546 547
f 544 545 543
f 547 541 543
f 548 549 550
f 551 552 553
f 554 552 551
f 551 85 555
f 81 85 551
f 551 553 81
f 555 556 551
f 551 556 554
f 501 557 558
f 559 557 501
f 558 502 501
f 501 560 559
f 561 562 563
f 564 562 561
f 565 566 561
f 561 566 567
f 563 565 561
f 561 567 564
f 568 569 204
f 204 569 570
f 204 180 571
f 204 571 568
f 570 572 204
f 204 572 205
f 573 562 574
f 563 562 573
f 573 558 575
f 574 558 573
f 575 576 573
f 573 576 563
f 575 558 557
f 577 575 557
f 578 577 557
f 559 578 557
f 579 580 576
f 581 580 579
f 579 576 575
f 579 575 577
f 582 581 579
f 579 577 582
f 9 583 11
f 584 583 9
f 9 8 584
f 585 586 12
f 12 586 13
f 587 585 12
f 12 11 587
f 588 566 589
f 589 566 565
f 590 588 589
f 589 565 590
f 542 522 521
f 542 521 544
f 591 531 592
f 593 594 595
f 595 594 596
f 595 597 598
f 596 597 595
f 599 593 595
f 595 598 599
f 24 600 601
f 601 600 602
f 25 24 601
f 602 603 601
f 601 603 604
f 604 25 601
f 465 464 292
f 462 461 465
f 465 292 294
f 294 462 465
f 333 535 334
f 62 535 333
f 333 330 329
f 333 329 62
f 605 531 530
f 530 532 606
f 606 605 530
f 607 608 609
f 610 608 607
f 607 609 611
f 607 611 612
f 607 612 613
f 614 610 607
f 613 614 607
f 505 61 60
f 539 61 505
f 60 506 505
f 505 615 539
f 507 615 505
f 616 617 618
f 619 617 616
f 620 621 616
f 618 620 616
f 468 480 469
f 468 467 482
f 611 609 622
f 622 609 623
f 624 611 622
f 622 623 624
f 625 626 627
f 627 626 478
f 477 628 627
f 627 628 629
f 629 625 627
f 478 477 627
f 16 523 630
f 630 23 16
f 493 631 494
f 632 631 493
f 495 632 493
f 485 633 486
f 634 635 636
f 636 635 637
f 636 637 638
f 2 639 640
f 623 639 2
f 2 640 3
f 4 623 2
f 641 642 643
f 644 642 641
f 643 645 641
f 641 645 644
f 6 646 647
f 5 646 6
f 647 648 6
f 6 648 4
f 649 650 651
f 652 650 649
f 649 651 8
f 13 652 649
f 649 8 14
f 14 13 649
f 608 653 654
f 610 653 608
f 654 609 608
f 549 655 550
f 655 656 657
f 658 656 655
f 657 550 655
f 653 659 654
f 660 659 653
f 661 662 653
f 653 662 660
f 653 610 661
f 639 609 654
f 623 609 639
f 654 640 639
f 600 24 23
f 663 602 600
f 600 23 630
f 600 630 663
f 523 525 630
f 664 556 555
f 664 555 665
f 666 667 668
f 666 669 670
f 668 669 666
f 540 538 671
f 671 538 672
f 673 335 334
f 536 540 673
f 673 334 536
f 326 325 674
f 326 674 670
f 326 669 328
f 670 669 326
f 531 605 592
f 675 676 677
f 678 676 675
f 515 513 675
f 675 513 678
f 675 677 679
f 675 679 515
f 676 680 677
f 681 680 676
f 678 681 676
f 682 683 291
f 681 683 682
f 290 684 682
f 682 684 685
f 291 290 682
f 682 685 681
f 686 687 688
f 644 687 686
f 689 690 686
f 686 690 644
f 691 689 686
f 686 688 691
f 687 692 693
f 694 692 687
f 687 645 694
f 644 645 687
f 687 693 695
f 695 688 687
f 696 206 697
f 697 206 205
f 697 572 698
f 205 572 697
f 697 699 696
f 700 699 697
f 697 698 700
f 408 701 683
f 683 701 456
f 678 408 683
f 683 456 463
f 463 291 683
f 683 681 678
f 702 703 704
f 704 703 705
f 704 459 702
f 475 459 704
f 705 477 704
f 704 477 475
f 703 702 700
f 703 706 705
f 698 706 703
f 700 698 703
f 707 708 709
f 709 708 293
f 710 525 709
f 709 525 707
f 709 711 710
f 712 711 709
f 713 712 709
f 709 293 713
f 714 715 567
f 716 715 714
f 717 597 714
f 714 597 716
f 714 718 717
f 567 718 714
f 719 693 692
f 711 720 692
f 692 720 719
f 694 711 692
f 721 670 722
f 723 395 724
f 386 395 723
f 723 513 512
f 678 513 723
f 723 512 386
f 723 724 678
f 725 612 611
f 611 624 726
f 611 726 725
f 701 408 409
f 727 456 701
f 409 727 701
f 724 395 408
f 678 724 408
f 457 456 727
f 702 459 457
f 699 702 457
f 727 699 457
f 719 464 470
f 728 729 470
f 470 729 730
f 470 471 728
f 730 719 470
f 626 625 731
f 626 731 732
f 732 733 626
f 626 733 478
f 460 459 734
f 734 459 476
f 733 735 734
f 734 735 460
f 476 733 734
f 483 736 737
f 738 736 483
f 483 737 469
f 469 480 483
f 483 484 738
f 731 739 740
f 740 739 741
f 742 731 740
f 740 743 484
f 741 743 740
f 482 742 740
f 740 484 482
f 617 537 618
f 672 537 617
f 617 744 672
f 619 744 617
f 745 746 747
f 747 746 625
f 748 745 747
f 628 748 747
f 629 628 747
f 747 625 629
f 749 750 751
f 752 750 749
f 753 752 749
f 754 753 749
f 536 334 535
f 62 61 535
f 755 756 757
f 757 756 758
f 757 759 755
f 720 292 464
f 719 720 464
f 568 546 569
f 569 546 760
f 569 760 614
f 569 614 570
f 761 762 756
f 756 762 763
f 764 761 756
f 756 755 764
f 756 763 758
f 765 766 767
f 765 767 768
f 765 768 769
f 770 767 766
f 766 762 770
f 771 762 766
f 767 770 772
f 772 768 767
f 761 770 762
f 762 771 763
f 770 761 773
f 773 772 770
f 761 774 715
f 764 774 761
f 761 715 773
f 768 772 775
f 768 775 776
f 776 769 768
f 777 737 778
f 469 737 777
f 777 778 779
f 777 779 780
f 780 469 777
f 596 775 772
f 772 773 596
f 567 715 774
f 764 781 774
f 774 781 567
f 716 773 715
f 775 594 782
f 596 594 775
f 782 776 775
f 494 783 496
f 496 783 497
f 552 657 656
f 656 658 552
f 594 593 784
f 784 782 594
f 597 717 598
f 596 716 597
f 785 717 718
f 786 785 718
f 567 787 718
f 718 787 786
f 788 598 717
f 717 785 788
f 599 789 593
f 593 789 790
f 790 784 593
f 598 788 650
f 650 599 598
f 791 643 642
f 642 690 605
f 644 690 642
f 642 605 606
f 606 791 642
f 792 788 785
f 786 792 785
f 651 650 788
f 788 792 651
f 643 603 645
f 645 603 602
f 645 602 694
f 789 599 793
f 789 793 794
f 794 790 789
f 795 793 599
f 599 650 795
f 793 3 794
f 7 3 793
f 793 795 7
f 499 737 736
f 736 495 499
f 796 495 736
f 797 796 736
f 736 738 797
f 650 652 795
f 737 499 778
f 8 651 792
f 798 8 792
f 792 786 798
f 799 5 652
f 652 5 795
f 13 799 652
f 800 708 801
f 801 708 707
f 801 528 802
f 707 528 801
f 803 800 801
f 801 802 803
f 804 805 806
f 807 805 804
f 804 806 808
f 809 807 804
f 489 491 804
f 804 491 809
f 804 808 489
f 810 811 812
f 812 811 755
f 812 502 810
f 813 502 812
f 755 759 812
f 814 674 325
f 815 816 325
f 325 816 814
f 574 562 811
f 811 562 764
f 811 810 574
f 764 755 811
f 562 781 764
f 564 781 562
f 817 519 518
f 782 817 518
f 518 520 776
f 518 776 782
f 818 633 485
f 819 633 818
f 818 485 820
f 818 820 821
f 818 821 822
f 818 822 819
f 546 545 823
f 546 568 547
f 546 823 760
f 519 817 662
f 519 662 823
f 823 521 519
f 660 662 817
f 817 782 784
f 817 784 660
f 566 588 787
f 566 787 567
f 659 640 654
f 790 640 659
f 659 784 790
f 660 784 659
f 824 588 825
f 786 588 824
f 824 825 584
f 798 786 824
f 584 798 824
f 590 825 588
f 786 787 588
f 794 3 640
f 640 790 794
f 825 590 826
f 826 583 825
f 825 583 584
f 647 646 586
f 586 646 799
f 585 647 586
f 586 799 13
f 646 5 799
f 783 827 581
f 494 827 783
f 783 581 497
f 828 581 582
f 497 581 828
f 828 582 753
f 829 497 828
f 828 753 829
f 580 565 576
f 830 565 580
f 581 827 580
f 580 827 830
f 831 532 533
f 503 502 813
f 832 833 532
f 532 833 606
f 532 831 832
f 558 810 502
f 834 647 585
f 835 647 834
f 834 585 836
f 837 838 834
f 834 838 835
f 834 836 837
f 839 583 826
f 840 583 839
f 839 826 841
f 842 840 839
f 839 631 842
f 841 631 839
f 843 844 833
f 833 844 791
f 833 832 843
f 833 791 606
f 746 745 845
f 746 845 846
f 746 739 625
f 846 739 746
f 520 769 776
f 844 847 643
f 848 847 844
f 844 643 791
f 844 843 848
f 847 603 643
f 849 603 847
f 847 848 850
f 847 850 849
f 730 695 693
f 693 719 730
f 661 823 662
f 603 849 604
f 830 590 565
f 563 576 565
f 851 826 590
f 590 830 851
f 583 840 11
f 648 647 835
f 852 4 648
f 648 835 853
f 853 852 648
f 623 4 852
f 852 624 623
f 585 854 836
f 587 854 585
f 564 567 781
f 810 558 574
f 826 851 841
f 855 845 745
f 745 748 855
f 840 842 856
f 857 11 840
f 856 857 840
f 858 836 854
f 856 858 854
f 854 11 857
f 587 11 854
f 854 857 856
f 838 837 855
f 838 859 726
f 855 859 838
f 726 624 838
f 838 624 853
f 853 835 838
f 860 837 836
f 836 858 860
f 773 716 596
f 819 861 633
f 862 820 485
f 489 862 485
f 460 735 461
f 461 735 472
f 8 798 584
f 708 800 295
f 296 293 708
f 708 295 296
f 602 663 694
f 827 494 851
f 851 830 827
f 841 494 631
f 632 842 631
f 841 851 494
f 19 25 863
f 864 20 19
f 863 864 19
f 710 630 525
f 526 707 525
f 860 845 837
f 837 845 855
f 842 632 865
f 865 856 842
f 865 866 858
f 858 866 860
f 858 856 865
f 859 748 867
f 855 748 859
f 867 726 859
f 823 545 521
f 521 545 544
f 560 868 559
f 577 750 752
f 578 750 577
f 752 582 577
f 750 868 751
f 559 868 750
f 750 578 559
f 167 571 180
f 689 605 690
f 605 689 592
f 582 752 753
f 497 829 869
f 497 869 498
f 612 870 706
f 725 870 612
f 612 706 871
f 612 871 613
f 860 866 845
f 845 866 846
f 632 495 796
f 632 796 872
f 872 865 632
f 872 873 866
f 866 873 846
f 866 865 872
f 705 706 870
f 870 726 867
f 725 726 870
f 874 705 870
f 870 867 874
f 748 628 874
f 874 867 748
f 702 699 700
f 637 751 868
f 638 637 868
f 672 538 537
f 615 618 537
f 539 615 537
f 875 689 876
f 592 689 875
f 876 877 875
f 637 878 751
f 689 691 876
f 695 691 688
f 691 695 879
f 879 880 691
f 691 880 876
f 881 829 753
f 753 882 881
f 754 882 753
f 729 879 695
f 730 729 695
f 883 869 829
f 829 881 883
f 869 499 498
f 778 499 869
f 779 778 869
f 883 779 869
f 743 872 796
f 797 743 796
f 873 739 846
f 741 739 873
f 873 872 743
f 873 743 741
f 628 477 874
f 731 625 739
f 292 720 713
f 713 293 292
f 635 634 884
f 635 884 885
f 635 878 637
f 706 698 871
f 779 886 887
f 883 886 779
f 779 887 780
f 802 806 805
f 805 807 888
f 805 888 803
f 803 802 805
f 885 884 889
f 889 884 890
f 488 891 490
f 877 880 892
f 876 880 877
f 880 879 893
f 893 892 880
f 882 886 881
f 894 886 882
f 882 895 894
f 893 896 897
f 897 896 895
f 897 892 893
f 879 729 898
f 898 893 879
f 883 881 886
f 886 894 887
f 896 899 894
f 900 899 896
f 896 893 900
f 894 895 896
f 887 894 899
f 900 728 899
f 899 728 901
f 901 887 899
f 728 898 729
f 901 471 473
f 780 887 473
f 473 887 901
f 473 469 780
f 735 733 732
f 742 467 735
f 735 467 472
f 732 742 735
f 620 618 511
f 620 511 902
f 7 795 5
f 528 527 806
f 806 527 903
f 802 528 806
f 806 903 862
f 806 862 808
f 657 552 554
f 904 863 25
f 25 604 904
f 527 21 905
f 905 903 527
f 510 906 508
f 731 742 732
f 814 907 674
f 674 907 908
f 722 670 674
f 909 722 674
f 674 908 909
f 910 541 911
f 571 167 912
f 547 568 571
f 912 547 571
f 158 912 167
f 206 696 201
f 871 698 572
f 572 570 871
f 913 888 807
f 807 914 913
f 809 914 807
f 913 915 888
f 888 915 916
f 916 803 888
f 684 915 685
f 917 915 684
f 684 290 917
f 913 685 915
f 917 916 915
f 290 288 917
f 699 727 918
f 918 696 699
f 720 711 712
f 720 712 713
f 727 409 410
f 410 918 727
f 901 728 471
f 477 705 874
f 479 478 733
f 733 476 479
f 386 512 383
f 528 707 526
f 800 803 916
f 916 288 800
f 800 288 295
f 21 20 864
f 21 864 905
f 694 710 711
f 919 843 832
f 920 843 921
f 921 843 919
f 922 920 921
f 821 922 921
f 822 821 921
f 919 822 921
f 843 920 848
f 920 922 923
f 850 848 920
f 920 923 850
f 924 923 922
f 925 924 922
f 821 925 922
f 849 850 923
f 924 849 923
f 862 903 820
f 820 903 926
f 926 821 820
f 927 928 929
f 929 928 930
f 931 927 929
f 930 907 929
f 929 907 814
f 929 932 931
f 814 932 929
f 849 924 604
f 924 925 864
f 924 864 863
f 924 863 904
f 904 604 924
f 903 905 926
f 467 742 482
f 760 661 610
f 614 760 610
f 624 852 853
f 489 808 862
f 710 663 630
f 663 710 694
f 902 511 509
f 541 547 911
f 912 911 547
f 491 933 809
f 490 933 491
f 911 912 158
f 738 484 743
f 797 738 743
f 893 898 900
f 898 728 900
f 615 511 618
f 58 667 906
f 906 510 57
f 57 58 906
f 667 58 668
f 934 935 936
f 937 935 934
f 936 938 934
f 934 938 939
f 940 941 934
f 934 941 937
f 939 940 934
f 942 943 944
f 944 943 945
f 945 946 944
f 680 914 677
f 913 914 680
f 680 685 913
f 681 685 680
f 933 677 914
f 809 933 914
f 933 679 677
f 925 821 926
f 905 864 925
f 926 905 925
f 823 661 760
f 947 861 819
f 947 822 919
f 819 822 947
f 948 552 658
f 613 570 614
f 949 553 552
f 948 949 552
f 679 933 950
f 950 951 679
f 679 951 516
f 679 516 515
f 490 950 933
f 935 937 952
f 490 891 950
f 211 414 219
f 411 201 696
f 696 918 411
f 953 954 955
f 956 954 953
f 953 955 957
f 958 956 953
f 957 959 953
f 953 959 960
f 960 958 953
f 961 955 954
f 956 961 954
f 928 962 963
f 964 962 928
f 928 927 964
f 928 963 965
f 966 930 928
f 965 966 928
f 82 967 84
f 968 967 82
f 81 961 82
f 82 961 968
f 962 969 970
f 964 969 962
f 962 970 963
f 122 111 971
f 122 971 129
f 111 114 972
f 972 114 364
f 971 111 972
f 369 971 972
f 364 369 972
f 927 973 974
f 931 973 927
f 927 974 975
f 975 964 927
f 976 555 85
f 85 86 977
f 85 977 976
f 932 816 978
f 978 816 979
f 978 980 981
f 979 980 978
f 982 932 978
f 981 982 978
f 983 984 985
f 985 984 986
f 985 987 983
f 988 987 985
f 985 986 989
f 985 989 988
f 553 955 961
f 990 955 553
f 553 961 81
f 949 990 553
f 973 967 974
f 84 967 973
f 973 991 87
f 931 991 973
f 973 87 84
f 992 990 949
f 993 990 992
f 994 995 992
f 992 995 993
f 996 974 967
f 967 968 996
f 955 990 997
f 955 997 957
f 998 938 946
f 939 938 998
f 998 946 945
f 998 945 966
f 965 939 998
f 998 966 965
f 956 968 961
f 114 357 364
f 101 357 114
f 999 980 1000
f 1000 980 979
f 1000 1001 999
f 988 1001 1002
f 1002 987 988
f 1003 970 969
f 964 1004 969
f 969 1004 1003
f 938 936 946
f 816 815 979
f 816 932 814
f 510 506 60
f 510 60 63
f 63 57 510
f 976 665 555
f 1005 963 970
f 1003 1005 970
f 980 1006 981
f 999 1006 980
f 993 997 990
f 984 983 1007
f 1008 986 984
f 930 943 907
f 907 943 942
f 907 942 908
f 1009 87 991
f 991 982 981
f 931 982 991
f 991 981 1009
f 1010 1011 941
f 941 1011 1012
f 941 1013 937
f 1012 1013 941
f 941 940 1010
f 1014 1015 1016
f 1016 1015 1017
f 989 1014 1016
f 1016 1017 989
f 1009 86 87
f 943 930 966
f 966 945 943
f 988 999 1001
f 1005 1010 963
f 963 1010 1018
f 963 1018 965
f 995 1013 993
f 952 1013 995
f 1015 1019 1020
f 1014 1019 1015
f 1015 1020 1021
f 1021 1017 1015
f 1021 981 1006
f 999 1017 1006
f 1006 1017 1021
f 974 996 975
f 968 956 996
f 463 289 291
f 668 328 669
f 1022 665 1023
f 1023 665 976
f 1023 1024 1008
f 976 1024 1023
f 958 996 956
f 932 982 931
f 1011 1010 1025
f 1025 1012 1011
f 511 615 507
f 1009 977 86
f 59 56 328
f 668 59 328
f 1009 1020 1019
f 1026 977 1019
f 1019 977 1009
f 1014 1026 1019
f 1004 964 975
f 975 996 1004
f 1004 996 958
f 1004 958 960
f 960 1003 1004
f 957 997 1027
f 1027 997 1012
f 1028 957 1027
f 1027 1012 1025
f 1027 1025 1028
f 1009 981 1020
f 1020 981 1021
f 288 916 917
f 959 957 1028
f 959 1028 960
f 952 937 1013
f 1012 993 1013
f 1018 1010 940
f 940 939 1018
f 1024 1026 1014
f 976 1026 1024
f 1014 986 1024
f 1024 986 1008
f 977 1026 976
f 986 1014 989
f 58 59 668
f 211 201 414
f 414 201 407
f 997 993 1012
f 613 871 570
f 329 56 62
f 294 289 462
f 1010 1005 1025
f 1017 999 989
f 1028 1025 1005
f 1005 1003 1028
f 988 989 999
f 965 1018 939
f 960 1028 1003
f 411 407 201
f 918 410 411
f 1029 1030 1031
f 1032 1030 1029
f 1033 1034 1029
f 1029 1034 1032
f 1035 1033 1029
f 1029 1031 1035
f 1036 1037 1038
f 1039 1037 1036
f 1040 1041 1036
f 1036 1041 1039
f 1042 1040 1036
f 1036 1038 1042
f 1043 1044 1045
f 1046 1044 1043
f 1047 1048 1043
f 1043 1048 1046
f 1049 1050 1051
f 1051 1050 1052
f 1051 1053 1054
f 1052 1053 1051
f 1055 1049 1051
f 1051 1054 1055
f 1056 1057 1058
f 1059 1057 1056
f 1056 1058 1060
f 1056 1061 1062
f 1060 1061 1056
f 1056 1062 1059
f 1063 1064 1062
f 1065 1064 1063
f 1063 1062 1065
f 1066 1067 1068
f 1069 1067 1066
f 1068 1070 1066
f 1066 1070 1069
f 1067 1071 1072
f 1069 1071 1067
f 1067 1072 1073
f 1074 1068 1067
f 1067 1073 1074
f 1075 1076 1077
f 1078 1076 1075
f 1079 1080 1075
f 1075 1080 1081
f 1075 1077 1079
f 1081 1078 1075
f 1082 1077 1076
f 1083 1084 1080
f 1080 1084 1085
f 1080 1079 1083
f 1085 1081 1080
f 1083 1086 1084
f 1084 1086 1087
f 1087 1085 1084
f 1088 1089 1086
f 1086 1089 1090
f 1086 1083 1088
f 1090 1087 1086
f 1091 1092 1089
f 1089 1092 1093
f 1089 1088 1091
f 1089 1093 1090
f 1094 1095 1096
f 1097 1095 1094
f 1094 1098 1097
f 1099 1100 1092
f 1092 1100 1101
f 1092 1091 1099
f 1092 1101 1093
f 1102 1103 1104
f 1105 1103 1102
f 1102 1106 1105
f 1107 1106 1102
f 1102 1104 1107
f 1108 1109 1103
f 1103 1109 1110
f 1111 1108 1103
f 1110 1104 1103
f 1103 1105 1111
f 1095 1112 1096
f 1113 1112 1095
f 1095 1097 1114
f 1114 1113 1095
f 1115 1116 1100
f 1100 1116 1117
f 1100 1099 1115
f 1100 1117 1101
f 1112 1118 1119
f 1120 1118 1112
f 1119 1096 1112
f 1113 1120 1112
f 1121 1122 1116
f 1116 1122 1123
f 1116 1115 1121
f 1116 1123 1124
f 1116 1124 1117
f 1118 1125 1126
f 1127 1125 1118
f 1126 1119 1118
f 1120 1127 1118
f 1128 1079 1077
f 1077 1082 1128
f 1129 1083 1079
f 1128 1129 1079
f 1121 1130 1122
f 1122 1130 1131
f 1122 1131 1123
f 1132 1088 1083
f 1129 1132 1083
f 1133 1091 1088
f 1134 1133 1088
f 1132 1134 1088
f 1125 1135 1136
f 1137 1135 1125
f 1136 1126 1125
f 1127 1137 1125
f 1138 1139 1130
f 1130 1139 1131
f 1130 1121 1138
f 1140 1099 1091
f 1133 1140 1091
f 1141 1142 1143
f 1143 1142 1144
f 1143 1145 1141
f 1146 1145 1143
f 1144 1147 1143
f 1143 1147 1146
f 1096 1119 1148
f 1140 1115 1099
f 1135 1149 1150
f 1151 1149 1135
f 1150 1136 1135
f 1135 1137 1151
f 1152 1153 1139
f 1139 1153 1154
f 1139 1138 1152
f 1154 1131 1139
f 1119 1126 1155
f 1119 1155 1148
f 1156 1121 1115
f 1157 1156 1115
f 1140 1157 1115
f 1149 1158 1159
f 1160 1158 1149
f 1161 1150 1149
f 1159 1161 1149
f 1149 1151 1160
f 1126 1136 1162
f 1126 1162 1163
f 1126 1163 1155
f 1164 1165 1153
f 1153 1165 1166
f 1153 1152 1164
f 1153 1166 1167
f 1167 1154 1153
f 1168 1138 1121
f 1156 1168 1121
f 1168 1152 1138
f 1169 1170 1158
f 1158 1170 1171
f 1171 1159 1158
f 1158 1172 1169
f 1160 1172 1158
f 1173 1174 1165
f 1165 1174 1175
f 1165 1164 1173
f 1165 1175 1166
f 1136 1150 1176
f 1176 1162 1136
f 1150 1161 1177
f 1150 1177 1176
f 1178 1164 1152
f 1179 1178 1152
f 1168 1179 1152
f 1180 1181 1170
f 1170 1181 1171
f 1169 1180 1170
f 1182 1183 1174
f 1174 1183 1184
f 1174 1173 1182
f 1174 1184 1175
f 1159 1185 1161
f 1161 1185 1186
f 1186 1177 1161
f 1181 1187 1188
f 1189 1187 1181
f 1181 1180 1189
f 1181 1188 1171
f 1178 1173 1164
f 1182 1190 1183
f 1183 1190 1191
f 1183 1191 1184
f 1185 1192 1193
f 1171 1192 1185
f 1185 1159 1171
f 1185 1193 1186
f 1194 1182 1173
f 1178 1194 1173
f 1195 1196 1187
f 1187 1196 1197
f 1187 1198 1199
f 1200 1198 1187
f 1201 1188 1187
f 1187 1202 1203
f 1197 1202 1187
f 1187 1189 1195
f 1187 1203 1200
f 1187 1199 1201
f 1192 1204 1205
f 1201 1204 1192
f 1192 1205 1193
f 1171 1201 1192
f 1190 1182 1206
f 1207 1208 1190
f 1190 1208 1209
f 1190 1206 1207
f 1210 1191 1190
f 1209 1210 1190
f 1211 1206 1182
f 1194 1211 1182
f 1195 1212 1196
f 1196 1212 1197
f 1204 1213 1214
f 1201 1213 1204
f 1215 1205 1204
f 1204 1214 1215
f 1208 1207 1216
f 1216 1217 1208
f 1208 1217 1218
f 1208 1218 1209
f 1219 1207 1206
f 1206 1211 1219
f 1213 1201 1220
f 1221 1216 1207
f 1207 1219 1221
f 1217 1216 1222
f 1217 1222 1223
f 1217 1223 1224
f 1224 1218 1217
f 1225 1222 1216
f 1221 1225 1216
f 1226 1223 1222
f 1227 1226 1222
f 1222 1225 1227
f 1223 1226 1228
f 1223 1228 1229
f 1223 1229 1230
f 1230 1224 1223
f 1226 1231 1228
f 1232 1231 1226
f 1227 1232 1226
f 1233 1228 1231
f 1234 1233 1231
f 1235 1234 1231
f 1232 1235 1231
f 1228 1233 1236
f 1228 1236 1237
f 1238 1229 1228
f 1228 1237 1238
f 1239 1236 1233
f 1233 1240 1239
f 1234 1240 1233
f 1236 1239 1237
f 1241 1239 1240
f 1240 1242 1241
f 1243 1242 1240
f 1244 1243 1240
f 1234 1244 1240
f 1245 1246 1247
f 1247 1246 1248
f 1247 1248 1249
f 1239 1241 1250
f 1239 1251 1237
f 1250 1251 1239
f 1246 1252 1248
f 1253 1252 1246
f 1246 1245 1253
f 1254 1241 1242
f 1242 1255 1254
f 1243 1255 1242
f 1241 1254 1256
f 1241 1256 1250
f 1252 1257 1258
f 1259 1257 1252
f 1252 1258 1260
f 1252 1260 1248
f 1253 1259 1252
f 1261 1254 1255
f 1255 1262 1261
f 1263 1262 1255
f 1264 1263 1255
f 1243 1264 1255
f 1254 1261 1256
f 1257 1265 1266
f 1267 1265 1257
f 1257 1266 1258
f 1259 1267 1257
f 1268 1269 1270
f 1270 1269 1253
f 1245 1271 1270
f 1270 1271 1272
f 1253 1245 1270
f 1270 1273 1268
f 1272 1273 1270
f 1274 1261 1262
f 1262 1275 1274
f 1276 1275 1262
f 1263 1276 1262
f 1269 1277 1259
f 1278 1277 1269
f 1269 1268 1278
f 1269 1259 1253
f 1279 1266 1265
f 1261 1274 1280
f 1261 1280 1256
f 1275 1281 1282
f 1283 1281 1275
f 1282 1274 1275
f 1276 1283 1275
f 1284 1285 1277
f 1277 1285 1267
f 1278 1284 1277
f 1277 1267 1259
f 1281 1286 1287
f 1288 1286 1281
f 1287 1282 1281
f 1281 1283 1288
f 1274 1282 1289
f 1274 1289 1280
f 1286 1290 1291
f 1292 1290 1286
f 1293 1287 1286
f 1291 1293 1286
f 1286 1288 1292
f 1282 1287 1294
f 1282 1294 1295
f 1282 1295 1289
f 1290 1296 1297
f 1298 1296 1290
f 1297 1291 1290
f 1292 1298 1290
f 1296 1299 1300
f 1301 1299 1296
f 1300 1297 1296
f 1296 1298 1301
f 1287 1293 1302
f 1302 1294 1287
f 1299 1303 1304
f 1305 1303 1299
f 1304 1300 1299
f 1299 1301 1305
f 1306 1307 1308
f 1308 1307 1309
f 1308 1310 1306
f 1303 1311 1312
f 1313 1311 1303
f 1312 1304 1303
f 1305 1313 1303
f 1293 1291 1314
f 1314 1302 1293
f 1315 1316 1307
f 1307 1316 1317
f 1307 1306 1318
f 1307 1318 1315
f 1307 1317 1309
f 1311 1319 1320
f 1321 1319 1311
f 1320 1312 1311
f 1311 1313 1321
f 1291 1297 1322
f 1322 1314 1291
f 1323 1324 1316
f 1316 1324 1325
f 1316 1315 1323
f 1316 1325 1326
f 1316 1326 1317
f 1319 1327 1328
f 1329 1327 1319
f 1328 1320 1319
f 1319 1321 1329
f 1330 1331 1324
f 1324 1331 1332
f 1324 1323 1330
f 1332 1325 1324
f 1327 1333 1334
f 1335 1333 1327
f 1336 1328 1327
f 1334 1336 1327
f 1329 1335 1327
f 1333 1337 1338
f 1339 1337 1333
f 1338 1334 1333
f 1335 1340 1333
f 1333 1340 1339
f 1341 1337 1331
f 1331 1337 1332
f 1331 1330 1341
f 1337 1341 1338
f 1339 1332 1337
f 1297 1300 1322
f 1342 1310 1343
f 1343 1344 1342
f 1300 1304 1345
f 1300 1345 1322
f 1346 1306 1310
f 1310 1342 1346
f 1304 1312 1347
f 1347 1345 1304
f 1348 1318 1306
f 1306 1346 1348
f 1312 1320 1349
f 1312 1349 1347
f 1350 1315 1318
f 1348 1350 1318
f 1320 1328 1351
f 1351 1349 1320
f 1352 1323 1315
f 1350 1352 1315
f 1328 1336 1351
f 1353 1330 1323
f 1323 1352 1353
f 1336 1334 1354
f 1355 1351 1336
f 1354 1355 1336
f 1356 1341 1330
f 1330 1353 1356
f 1334 1338 1354
f 1357 1338 1341
f 1356 1357 1341
f 1338 1357 1358
f 1338 1358 1354
f 1359 1360 1361
f 1362 1360 1359
f 1359 1361 1363
f 1359 1364 1362
f 1365 1364 1359
f 1359 1363 1366
f 1366 1365 1359
f 1367 1368 1369
f 1370 1368 1367
f 1367 1371 1372
f 1369 1371 1367
f 1372 1373 1367
f 1367 1373 1370
f 1374 1375 1376
f 1081 1375 1374
f 1376 1377 1374
f 1374 1377 1078
f 1374 1078 1081
f 1375 1378 1379
f 1085 1378 1375
f 1379 1376 1375
f 1375 1081 1085
f 1377 1376 1380
f 1378 1381 1382
f 1087 1381 1378
f 1382 1379 1378
f 1378 1085 1087
f 1381 1383 1384
f 1090 1383 1381
f 1384 1382 1381
f 1381 1087 1090
f 1383 1385 1386
f 1093 1385 1383
f 1386 1384 1383
f 1090 1093 1383
f 1387 1388 1097
f 1097 1098 1387
f 1385 1389 1386
f 1101 1389 1385
f 1093 1101 1385
f 1390 1391 1388
f 1388 1391 1114
f 1114 1097 1388
f 1392 1393 1394
f 1394 1393 1395
f 1396 1392 1394
f 1397 1398 1394
f 1394 1398 1399
f 1364 1396 1394
f 1394 1395 1104
f 1399 1364 1394
f 1104 1397 1394
f 1400 1401 1398
f 1402 1401 1400
f 1398 1403 1400
f 1400 1403 1404
f 1404 1405 1400
f 1400 1405 1406
f 1400 1373 1402
f 1407 1373 1400
f 1400 1406 1407
f 1389 1408 1409
f 1117 1408 1389
f 1409 1386 1389
f 1101 1117 1389
f 1410 1411 1391
f 1391 1411 1113
f 1391 1390 1410
f 1391 1113 1114
f 1408 1412 1413
f 1124 1412 1408
f 1413 1409 1408
f 1117 1124 1408
f 1414 1415 1411
f 1411 1415 1120
f 1411 1410 1414
f 1411 1120 1113
f 1412 1416 1417
f 1123 1416 1412
f 1417 1413 1412
f 1124 1123 1412
f 1414 1418 1415
f 1415 1418 1127
f 1415 1127 1120
f 1376 1379 1128
f 1128 1380 1376
f 1379 1382 1129
f 1379 1129 1128
f 1416 1419 1420
f 1131 1419 1416
f 1420 1417 1416
f 1123 1131 1416
f 1382 1384 1132
f 1382 1132 1129
f 1384 1386 1133
f 1384 1133 1134
f 1384 1134 1132
f 1421 1422 1418
f 1418 1422 1137
f 1418 1414 1421
f 1418 1137 1127
f 1386 1409 1140
f 1386 1140 1133
f 1419 1423 1420
f 1154 1423 1419
f 1419 1131 1154
f 1148 1410 1390
f 1424 1425 1422
f 1422 1425 1151
f 1422 1421 1424
f 1151 1137 1422
f 1409 1413 1140
f 1155 1414 1410
f 1148 1155 1410
f 1413 1417 1156
f 1413 1156 1157
f 1413 1157 1140
f 1423 1426 1427
f 1167 1426 1423
f 1427 1420 1423
f 1423 1154 1167
f 1424 1428 1425
f 1425 1428 1160
f 1160 1151 1425
f 1162 1421 1414
f 1163 1162 1414
f 1155 1163 1414
f 1417 1420 1168
f 1417 1168 1156
f 1429 1430 1428
f 1428 1430 1431
f 1428 1424 1432
f 1428 1432 1429
f 1428 1431 1160
f 1426 1433 1434
f 1166 1433 1426
f 1434 1427 1426
f 1167 1166 1426
f 1420 1427 1168
f 1176 1424 1421
f 1421 1162 1176
f 1433 1435 1436
f 1175 1435 1433
f 1436 1434 1433
f 1166 1175 1433
f 1429 1437 1430
f 1430 1437 1438
f 1438 1431 1430
f 1177 1432 1424
f 1176 1177 1424
f 1427 1434 1178
f 1427 1178 1179
f 1427 1179 1168
f 1435 1439 1440
f 1184 1439 1435
f 1440 1436 1435
f 1175 1184 1435
f 1432 1441 1429
f 1186 1441 1432
f 1432 1177 1186
f 1437 1442 1443
f 1444 1442 1437
f 1437 1429 1444
f 1437 1443 1438
f 1434 1436 1178
f 1439 1445 1440
f 1191 1445 1439
f 1184 1191 1439
f 1444 1446 1442
f 1442 1446 1447
f 1447 1443 1442
f 1441 1448 1429
f 1193 1448 1441
f 1186 1193 1441
f 1436 1440 1194
f 1436 1194 1178
f 1205 1449 1448
f 1448 1449 1444
f 1444 1429 1448
f 1193 1205 1448
f 1450 1440 1445
f 1445 1451 1450
f 1209 1451 1445
f 1445 1191 1210
f 1445 1210 1209
f 1440 1450 1219
f 1440 1211 1194
f 1219 1211 1440
f 1452 1453 1446
f 1446 1453 1454
f 1455 1452 1446
f 1444 1455 1446
f 1446 1454 1456
f 1456 1447 1446
f 1449 1457 1455
f 1214 1457 1449
f 1449 1205 1215
f 1449 1455 1444
f 1215 1214 1449
f 1458 1450 1451
f 1451 1459 1458
f 1218 1459 1451
f 1209 1218 1451
f 1450 1458 1221
f 1221 1219 1450
f 1460 1458 1459
f 1461 1460 1459
f 1224 1461 1459
f 1459 1218 1224
f 1458 1460 1225
f 1458 1225 1221
f 1460 1461 1462
f 1460 1462 1227
f 1227 1225 1460
f 1463 1462 1461
f 1229 1463 1461
f 1230 1229 1461
f 1461 1224 1230
f 1463 1464 1462
f 1462 1464 1232
f 1462 1232 1227
f 1464 1463 1465
f 1464 1465 1234
f 1464 1234 1235
f 1464 1235 1232
f 1466 1465 1463
f 1237 1466 1463
f 1463 1229 1238
f 1238 1237 1463
f 1465 1466 1467
f 1467 1468 1465
f 1465 1468 1234
f 1237 1467 1466
f 1468 1467 1469
f 1469 1470 1468
f 1468 1470 1243
f 1468 1243 1244
f 1468 1244 1234
f 1471 1472 1473
f 1248 1472 1471
f 1473 1474 1471
f 1249 1248 1471
f 1250 1469 1467
f 1237 1251 1467
f 1467 1251 1250
f 1472 1475 1473
f 1248 1475 1472
f 1470 1469 1476
f 1476 1477 1470
f 1470 1477 1243
f 1256 1476 1469
f 1250 1256 1469
f 1258 1478 1475
f 1475 1478 1479
f 1479 1473 1475
f 1260 1258 1475
f 1248 1260 1475
f 1477 1476 1480
f 1480 1481 1477
f 1477 1481 1263
f 1477 1263 1264
f 1477 1264 1243
f 1256 1480 1476
f 1478 1482 1483
f 1266 1482 1478
f 1478 1483 1479
f 1258 1266 1478
f 1473 1484 1485
f 1485 1484 1486
f 1485 1487 1474
f 1488 1487 1485
f 1485 1474 1473
f 1489 1488 1485
f 1490 1489 1485
f 1485 1486 1490
f 1481 1480 1491
f 1491 1492 1481
f 1481 1492 1276
f 1481 1276 1263
f 1484 1483 1493
f 1479 1483 1484
f 1484 1493 1486
f 1484 1473 1479
f 1494 1483 1482
f 1482 1266 1279
f 1280 1491 1480
f 1256 1280 1480
f 1495 1496 1492
f 1492 1496 1283
f 1492 1491 1495
f 1492 1283 1276
f 1483 1494 1284
f 1483 1284 1493
f 1497 1498 1496
f 1496 1498 1288
f 1496 1495 1497
f 1288 1283 1496
f 1289 1495 1491
f 1280 1289 1491
f 1499 1500 1498
f 1498 1500 1292
f 1498 1497 1501
f 1498 1501 1499
f 1292 1288 1498
f 1294 1497 1495
f 1295 1294 1495
f 1289 1295 1495
f 1502 1503 1500
f 1500 1503 1298
f 1500 1499 1502
f 1500 1298 1292
f 1504 1505 1503
f 1503 1505 1301
f 1503 1502 1504
f 1301 1298 1503
f 1302 1501 1497
f 1497 1294 1302
f 1506 1507 1505
f 1505 1507 1305
f 1505 1504 1506
f 1305 1301 1505
f 1508 1509 1510
f 1309 1509 1508
f 1510 1511 1508
f 1512 1513 1507
f 1507 1513 1313
f 1507 1506 1512
f 1507 1313 1305
f 1314 1499 1501
f 1501 1302 1314
f 1509 1514 1515
f 1317 1514 1509
f 1516 1510 1509
f 1515 1516 1509
f 1309 1317 1509
f 1517 1518 1513
f 1513 1518 1321
f 1513 1512 1517
f 1321 1313 1513
f 1322 1502 1499
f 1499 1314 1322
f 1514 1519 1520
f 1325 1519 1514
f 1520 1515 1514
f 1326 1325 1514
f 1317 1326 1514
f 1521 1522 1518
f 1518 1522 1329
f 1518 1517 1521
f 1329 1321 1518
f 1519 1523 1524
f 1332 1523 1519
f 1524 1520 1519
f 1519 1325 1332
f 1525 1526 1522
f 1522 1526 1335
f 1522 1521 1527
f 1522 1527 1525
f 1522 1335 1329
f 1528 1529 1526
f 1526 1529 1339
f 1526 1525 1528
f 1526 1340 1335
f 1339 1340 1526
f 1523 1529 1530
f 1332 1529 1523
f 1530 1524 1523
f 1528 1530 1529
f 1529 1332 1339
f 1322 1504 1502
f 1531 1511 1342
f 1342 1344 1531
f 1345 1506 1504
f 1322 1345 1504
f 1511 1510 1346
f 1346 1342 1511
f 1347 1512 1506
f 1506 1345 1347
f 1510 1516 1348
f 1348 1346 1510
f 1349 1517 1512
f 1347 1349 1512
f 1516 1515 1350
f 1516 1350 1348
f 1351 1521 1517
f 1517 1349 1351
f 1515 1520 1352
f 1515 1352 1350
f 1351 1527 1521
f 1520 1524 1353
f 1353 1352 1520
f 1354 1525 1527
f 1527 1351 1355
f 1527 1355 1354
f 1524 1530 1356
f 1356 1353 1524
f 1354 1528 1525
f 1530 1528 1357
f 1530 1357 1356
f 1358 1357 1528
f 1354 1358 1528
f 1532 1533 1534
f 1535 1533 1532
f 1534 1536 1532
f 1532 1536 1537
f 1532 1537 1538
f 1538 1535 1532
f 1539 1540 1541
f 1541 1540 1542
f 1541 1543 1539
f 1544 1543 1541
f 1542 1544 1541
f 1545 1546 1547
f 1547 1546 1548
f 1549 1545 1547
f 1547 1548 1550
f 1547 1551 1549
f 1550 1551 1547
f 1360 1552 1553
f 1553 1552 1554
f 1553 1555 1556
f 1554 1555 1553
f 1553 1557 1360
f 1556 1557 1553
f 1558 1559 1560
f 1561 1559 1558
f 1562 1563 1558
f 1558 1563 1561
f 1558 1560 1564
f 1565 1562 1558
f 1564 1565 1558
f 1566 1567 1568
f 1569 1567 1566
f 1568 1570 1566
f 1566 1570 1571
f 1566 1571 1572
f 1573 1569 1566
f 1572 1573 1566
f 1552 1401 1554
f 1399 1401 1552
f 1552 1360 1362
f 1552 1362 1399
f 1574 1575 1555
f 1555 1575 1576
f 1554 1574 1555
f 1555 1576 1556
f 1577 1578 1579
f 1579 1578 1580
f 1581 1577 1579
f 1580 1582 1579
f 1579 1582 1581
f 1583 1584 1585
f 1586 1584 1583
f 1583 1587 1588
f 1589 1587 1583
f 1583 1588 1590
f 1585 1589 1583
f 1583 1590 1586
f 1591 1592 1593
f 1593 1592 1594
f 1595 1591 1593
f 1596 1560 1559
f 1559 1597 1596
f 1561 1597 1559
f 1399 1398 1401
f 1401 1402 1554
f 1598 1599 1600
f 1600 1599 1601
f 1600 1602 1603
f 1604 1602 1600
f 1603 1598 1600
f 1600 1601 1604
f 1563 1562 1605
f 1563 1605 1561
f 1606 1607 1608
f 1608 1607 1609
f 1591 1606 1608
f 1608 1609 1592
f 1608 1592 1591
f 1610 1611 1109
f 1612 1611 1610
f 1610 1613 1614
f 1615 1613 1610
f 1610 1614 1616
f 1610 1616 1612
f 1610 1109 1615
f 1617 1618 1619
f 1619 1618 1620
f 1621 1617 1619
f 1622 1623 1624
f 1624 1623 1625
f 1626 1607 1624
f 1624 1607 1627
f 1625 1626 1624
f 1624 1627 1622
f 1560 1596 1628
f 1560 1628 1629
f 1560 1629 1564
f 1630 1546 1631
f 1632 1546 1630
f 1631 1633 1630
f 1630 1633 1634
f 1630 1634 1635
f 1636 1632 1630
f 1635 1636 1630
f 1637 1638 1639
f 1640 1638 1637
f 1637 1145 1641
f 1141 1145 1637
f 1637 1639 1141
f 1641 1642 1637
f 1637 1642 1640
f 1578 1577 1643
f 1578 1644 1645
f 1646 1644 1578
f 1645 1580 1578
f 1578 1643 1646
f 1647 1648 1649
f 1650 1648 1647
f 1651 1652 1647
f 1647 1652 1653
f 1649 1651 1647
f 1647 1653 1650
f 1271 1654 1655
f 1655 1656 1271
f 1271 1656 1272
f 1657 1648 1658
f 1649 1648 1657
f 1657 1645 1659
f 1658 1645 1657
f 1659 1660 1657
f 1657 1660 1649
f 1577 1581 1661
f 1577 1661 1662
f 1662 1643 1577
f 1659 1645 1644
f 1663 1659 1644
f 1664 1663 1644
f 1646 1664 1644
f 1665 1666 1660
f 1667 1666 1665
f 1665 1660 1659
f 1665 1659 1663
f 1668 1667 1665
f 1665 1663 1668
f 1050 1669 1052
f 1670 1669 1050
f 1050 1049 1670
f 1671 1672 1053
f 1053 1672 1054
f 1673 1671 1053
f 1053 1052 1673
f 1599 1598 1674
f 1599 1675 1601
f 1064 1675 1599
f 1599 1674 1676
f 1676 1064 1599
f 1677 1652 1678
f 1678 1652 1651
f 1679 1677 1678
f 1678 1651 1679
f 1618 1606 1591
f 1680 1606 1618
f 1618 1591 1595
f 1681 1680 1618
f 1618 1595 1620
f 1618 1617 1681
f 1682 1598 1603
f 1683 1598 1682
f 1684 1685 1682
f 1682 1685 1683
f 1682 1603 1686
f 1687 1684 1682
f 1686 1687 1682
f 1688 1597 1561
f 1689 1597 1688
f 1688 1561 1690
f 1691 1692 1688
f 1688 1692 1689
f 1688 1693 1691
f 1690 1693 1688
f 1030 1623 1031
f 1032 1623 1030
f 1694 1360 1557
f 1557 1695 1071
f 1556 1695 1557
f 1071 1694 1557
f 1403 1611 1404
f 1110 1611 1403
f 1403 1398 1397
f 1403 1397 1110
f 1696 1603 1602
f 1602 1604 1697
f 1697 1696 1602
f 1562 1698 1605
f 1699 1698 1562
f 1562 1565 1699
f 1584 1109 1108
f 1615 1109 1584
f 1108 1585 1584
f 1584 1700 1615
f 1586 1700 1584
f 1057 1701 1702
f 1059 1701 1057
f 1703 1058 1057
f 1702 1703 1057
f 1540 1539 1704
f 1540 1705 1542
f 1706 1707 1708
f 1038 1707 1706
f 1706 1708 1042
f 1042 1038 1706
f 1709 1710 1711
f 1711 1712 1709
f 1713 1714 1715
f 1716 1714 1713
f 1713 1715 1717
f 1713 1718 1719
f 1717 1718 1713
f 1719 1716 1713
f 1720 1721 1714
f 1714 1721 1722
f 1716 1720 1714
f 1722 1715 1714
f 1683 1674 1598
f 1723 1724 1537
f 1536 1725 1723
f 1723 1725 1726
f 1537 1536 1723
f 1567 1727 1568
f 1728 1727 1567
f 1569 1728 1567
f 1545 1631 1546
f 1632 1548 1546
f 1033 1729 1034
f 1034 1729 1730
f 1731 1732 1034
f 1034 1732 1733
f 1730 1731 1034
f 1034 1733 1032
f 1628 1596 1734
f 1734 1596 1735
f 1035 1628 1734
f 1734 1033 1035
f 1735 1033 1734
f 1736 1737 1037
f 1037 1737 1738
f 1039 1736 1037
f 1738 1038 1037
f 1041 1040 1739
f 1740 1741 1041
f 1041 1741 1039
f 1739 1740 1041
f 1742 1739 1040
f 1743 1742 1040
f 1042 1743 1040
f 1744 1745 1746
f 1746 1745 1747
f 1748 1744 1746
f 1746 1749 1748
f 1046 1712 1044
f 1750 1751 1752
f 1753 1751 1750
f 1048 1754 1755
f 1047 1754 1048
f 1755 1756 1048
f 1048 1756 1046
f 1757 1758 1049
f 1757 1049 1055
f 1055 1054 1757
f 1759 1596 1597
f 1597 1708 1759
f 1689 1708 1597
f 1623 1760 1031
f 1622 1760 1623
f 1032 1733 1623
f 1623 1733 1625
f 1629 1031 1760
f 1761 1629 1760
f 1760 1622 1761
f 1596 1707 1735
f 1759 1707 1596
f 1628 1031 1629
f 1035 1031 1628
f 1606 1762 1607
f 1607 1762 1627
f 1607 1626 1609
f 1763 1601 1675
f 1675 1064 1065
f 1675 1065 1763
f 1762 1606 1680
f 1762 1764 1765
f 1766 1764 1762
f 1762 1680 1766
f 1765 1627 1762
f 1765 1767 1768
f 1768 1767 1564
f 1768 1627 1765
f 1622 1627 1768
f 1761 1622 1768
f 1768 1564 1761
f 1769 1770 1771
f 1771 1772 1769
f 1576 1605 1698
f 1773 1774 1698
f 1698 1774 1556
f 1556 1576 1698
f 1699 1773 1698
f 1775 1776 1642
f 1777 1776 1775
f 1775 1642 1641
f 1775 1641 1778
f 1775 1778 1779
f 1775 1779 1777
f 1780 1781 1782
f 1783 1781 1780
f 1780 1782 1784
f 1780 1784 1785
f 1780 1786 1787
f 1785 1786 1780
f 1780 1787 1783
f 1690 1561 1605
f 1576 1788 1605
f 1605 1788 1690
f 1616 1614 1674
f 1674 1614 1676
f 1683 1616 1674
f 1684 1405 1685
f 1685 1405 1404
f 1685 1616 1683
f 1612 1616 1685
f 1685 1404 1612
f 1575 1789 1788
f 1790 1789 1575
f 1574 1371 1575
f 1575 1371 1790
f 1575 1788 1576
f 1393 1392 1791
f 1393 1791 1787
f 1393 1786 1395
f 1787 1786 1393
f 1781 1792 1793
f 1794 1792 1781
f 1795 1782 1781
f 1793 1795 1781
f 1783 1794 1781
f 1796 1198 1797
f 1797 1198 1200
f 1798 1796 1797
f 1797 1799 1798
f 1800 1799 1797
f 1200 1800 1797
f 1794 1801 1792
f 1792 1802 1793
f 1803 1802 1792
f 1603 1696 1686
f 1804 1805 1806
f 1807 1805 1804
f 1808 1809 1804
f 1804 1809 1810
f 1806 1808 1804
f 1804 1810 1807
f 1811 1812 1813
f 1813 1812 1753
f 1814 1811 1813
f 1815 1273 1816
f 1816 1273 1272
f 1272 1656 1816
f 1487 1817 1805
f 1805 1817 1818
f 1819 1487 1805
f 1805 1807 1819
f 1534 1533 1820
f 1821 1536 1820
f 1820 1536 1534
f 1690 1788 1789
f 1822 1693 1789
f 1789 1693 1690
f 1790 1822 1789
f 1823 1824 1653
f 1825 1824 1823
f 1368 1745 1744
f 1370 1745 1368
f 1744 1826 1368
f 1368 1826 1369
f 1405 1684 1827
f 1405 1827 1406
f 1452 1801 1453
f 1453 1801 1794
f 1783 1787 1453
f 1453 1787 1454
f 1453 1794 1783
f 1828 1829 1801
f 1801 1452 1828
f 1710 1709 1830
f 1710 1830 1831
f 1817 1487 1488
f 1832 1818 1817
f 1488 1832 1817
f 1724 1833 1537
f 1834 1533 1835
f 1835 1533 1535
f 1535 1833 1835
f 1543 1836 1837
f 1838 1836 1543
f 1543 1837 1704
f 1704 1539 1543
f 1543 1544 1838
f 1839 1840 1841
f 1841 1840 1842
f 1843 1839 1841
f 1841 1844 1544
f 1842 1844 1841
f 1542 1843 1841
f 1841 1544 1542
f 1684 1687 1845
f 1684 1845 1827
f 1738 1846 1729
f 1729 1846 1730
f 1729 1033 1847
f 1729 1847 1738
f 1701 1613 1702
f 1676 1613 1701
f 1701 1064 1676
f 1059 1064 1701
f 1058 1703 1634
f 1058 1634 1848
f 1848 1849 1058
f 1058 1849 1060
f 1846 1737 1850
f 1738 1737 1846
f 1850 1731 1846
f 1846 1731 1730
f 1851 1852 1853
f 1725 1851 1853
f 1726 1725 1853
f 1737 1736 1854
f 1854 1850 1737
f 1855 1854 1736
f 1736 1039 1855
f 1732 1731 1856
f 1732 1856 1857
f 1857 1733 1732
f 1731 1850 1858
f 1858 1856 1731
f 1859 1860 1744
f 1662 1860 1859
f 1861 1643 1859
f 1859 1643 1662
f 1859 1744 1748
f 1748 1861 1859
f 1862 1863 1864
f 1865 1863 1862
f 1866 1865 1862
f 1867 1866 1862
f 1862 1868 1867
f 1850 1854 1869
f 1869 1858 1850
f 1371 1574 1372
f 1371 1369 1790
f 1870 1871 1854
f 1854 1871 1869
f 1854 1855 1870
f 1612 1404 1611
f 1110 1109 1611
f 1856 1872 1857
f 1873 1872 1856
f 1856 1858 1873
f 1869 1871 1874
f 1874 1871 1875
f 1874 1876 1873
f 1877 1876 1874
f 1873 1858 1874
f 1874 1858 1869
f 1875 1877 1874
f 1878 1879 1871
f 1871 1879 1875
f 1871 1870 1878
f 1880 1881 1872
f 1872 1881 1882
f 1876 1880 1872
f 1882 1857 1872
f 1873 1876 1872
f 1654 1883 1884
f 1654 1884 1655
f 1885 1886 1879
f 1879 1886 1877
f 1887 1885 1879
f 1879 1878 1887
f 1879 1877 1875
f 1565 1767 1888
f 1888 1767 1640
f 1889 1565 1888
f 1890 1889 1888
f 1891 1890 1888
f 1888 1892 1891
f 1640 1892 1888
f 1881 1880 1893
f 1881 1893 1894
f 1881 1894 1895
f 1895 1882 1881
f 1896 1893 1880
f 1880 1886 1896
f 1876 1886 1880
f 1893 1896 1897
f 1897 1894 1893
f 1885 1896 1886
f 1886 1876 1877
f 1896 1885 1898
f 1898 1897 1896
f 1885 1899 1824
f 1887 1899 1885
f 1885 1824 1898
f 1900 1895 1894
f 1901 1837 1902
f 1704 1837 1901
f 1901 1902 1903
f 1901 1903 1904
f 1904 1704 1901
f 1653 1824 1899
f 1887 1905 1899
f 1899 1905 1653
f 1825 1898 1824
f 1568 1906 1570
f 1570 1906 1571
f 1638 1765 1764
f 1764 1766 1638
f 1373 1372 1402
f 1373 1907 1370
f 1407 1907 1373
f 1908 1752 1751
f 1751 1812 1696
f 1753 1812 1751
f 1751 1696 1697
f 1697 1908 1751
f 1573 1837 1836
f 1836 1569 1573
f 1909 1569 1836
f 1910 1909 1836
f 1836 1838 1910
f 1837 1573 1902
f 1049 1758 1911
f 1912 1049 1911
f 1911 1913 1912
f 1914 1915 1916
f 1917 1918 1914
f 1914 1916 1917
f 1759 1708 1707
f 1707 1038 1847
f 1707 1847 1735
f 1741 1740 1919
f 1741 1919 1855
f 1855 1039 1741
f 1920 1919 1740
f 1740 1739 1920
f 1857 1609 1626
f 1626 1733 1857
f 1625 1733 1626
f 1919 1921 1870
f 1922 1921 1919
f 1919 1920 1582
f 1919 1582 1922
f 1870 1855 1919
f 1882 1592 1609
f 1609 1857 1882
f 1923 1924 1921
f 1921 1924 1878
f 1921 1580 1923
f 1922 1580 1921
f 1878 1870 1921
f 1925 1791 1392
f 1392 1396 1926
f 1926 1927 1392
f 1392 1927 1925
f 1895 1594 1592
f 1592 1882 1895
f 1658 1648 1924
f 1924 1648 1887
f 1924 1923 1658
f 1887 1878 1924
f 1648 1905 1887
f 1650 1905 1648
f 1928 1631 1545
f 1929 1631 1928
f 1928 1930 1929
f 1907 1747 1745
f 1370 1907 1745
f 1652 1677 1931
f 1652 1931 1653
f 1932 1677 1933
f 1913 1677 1932
f 1932 1933 1670
f 1912 1913 1932
f 1670 1912 1932
f 1679 1933 1677
f 1913 1931 1677
f 1933 1679 1934
f 1934 1669 1933
f 1933 1669 1670
f 1672 1935 1054
f 1906 1936 1667
f 1568 1936 1906
f 1906 1667 1571
f 1739 1742 1920
f 1937 1920 1742
f 1938 1937 1742
f 1742 1743 1938
f 1708 1692 1938
f 1689 1692 1708
f 1938 1743 1708
f 1708 1743 1042
f 1581 1582 1920
f 1920 1937 1581
f 1939 1667 1668
f 1571 1667 1939
f 1939 1668 1866
f 1940 1571 1939
f 1939 1866 1940
f 1666 1651 1660
f 1941 1651 1666
f 1667 1936 1666
f 1666 1936 1941
f 1763 1604 1601
f 1582 1580 1922
f 1942 1943 1604
f 1604 1943 1697
f 1604 1763 1942
f 1645 1923 1580
f 1944 1755 1945
f 1945 1946 1944
f 1947 1669 1934
f 1948 1669 1947
f 1947 1934 1949
f 1950 1948 1947
f 1947 1727 1950
f 1949 1727 1947
f 1951 1952 1943
f 1943 1952 1908
f 1943 1942 1951
f 1943 1908 1697
f 1633 1631 1953
f 1848 1634 1633
f 1633 1953 1848
f 1594 1895 1900
f 1952 1954 1752
f 1955 1954 1952
f 1952 1752 1908
f 1952 1951 1955
f 1954 1955 1956
f 1681 1766 1680
f 1941 1679 1651
f 1649 1660 1651
f 1957 1934 1679
f 1679 1941 1957
f 1669 1948 1052
f 1756 1755 1944
f 1958 1046 1756
f 1756 1944 1959
f 1959 1958 1756
f 1712 1046 1958
f 1958 1709 1712
f 1671 1960 1961
f 1673 1960 1671
f 1650 1653 1905
f 1962 1581 1937
f 1937 1938 1691
f 1937 1691 1962
f 1691 1938 1692
f 1962 1661 1581
f 1923 1645 1658
f 1934 1957 1949
f 1852 1851 1963
f 1767 1765 1640
f 1767 1565 1564
f 1948 1950 1964
f 1965 1052 1948
f 1964 1965 1948
f 1966 1961 1960
f 1964 1966 1960
f 1960 1052 1965
f 1673 1052 1960
f 1960 1965 1964
f 1946 1967 1830
f 1963 1967 1946
f 1830 1709 1946
f 1946 1709 1959
f 1959 1944 1946
f 1961 1966 1968
f 1969 1661 1970
f 1970 1661 1962
f 1971 1969 1970
f 1972 1971 1970
f 1970 1691 1972
f 1962 1691 1970
f 1661 1969 1860
f 1661 1860 1662
f 1929 1953 1631
f 1049 1912 1670
f 1738 1847 1038
f 1936 1568 1957
f 1957 1941 1936
f 1973 1974 1975
f 1366 1974 1973
f 1973 1976 1718
f 1975 1976 1973
f 1973 1977 1978
f 1718 1977 1973
f 1973 1978 1366
f 1949 1568 1727
f 1728 1950 1727
f 1949 1957 1568
f 1950 1728 1979
f 1979 1964 1950
f 1979 1980 1966
f 1966 1980 1968
f 1966 1964 1979
f 1967 1851 1981
f 1963 1851 1967
f 1981 1830 1967
f 1972 1691 1693
f 1822 1972 1693
f 1969 1971 1860
f 1826 1860 1971
f 1822 1826 1971
f 1971 1972 1822
f 1860 1826 1744
f 1643 1861 1646
f 1663 1863 1865
f 1664 1863 1663
f 1865 1668 1663
f 1863 1861 1864
f 1646 1861 1863
f 1863 1664 1646
f 1811 1696 1812
f 1696 1811 1686
f 1668 1865 1866
f 1571 1940 1982
f 1571 1982 1572
f 1968 1980 1983
f 1983 1980 1984
f 1728 1569 1909
f 1728 1909 1985
f 1985 1979 1728
f 1985 1986 1980
f 1980 1986 1984
f 1980 1979 1985
f 1987 1830 1981
f 1831 1830 1987
f 1988 1821 1987
f 1987 1981 1988
f 1851 1725 1988
f 1988 1981 1851
f 1826 1822 1369
f 1749 1864 1861
f 1748 1749 1861
f 1676 1614 1613
f 1700 1702 1613
f 1615 1700 1613
f 1686 1989 1687
f 1990 1845 1687
f 1991 1990 1687
f 1686 1811 1989
f 1992 1993 1814
f 1994 1940 1866
f 1866 1995 1994
f 1867 1995 1866
f 1996 1982 1940
f 1940 1994 1996
f 1982 1573 1572
f 1902 1573 1982
f 1903 1902 1982
f 1996 1903 1982
f 1844 1985 1909
f 1910 1844 1909
f 1986 1840 1984
f 1842 1840 1986
f 1986 1985 1844
f 1986 1844 1842
f 1725 1536 1988
f 1554 1372 1574
f 1774 1773 1997
f 1774 1997 1998
f 1072 1695 1774
f 1774 1695 1556
f 1998 1072 1774
f 1999 1995 1868
f 1868 1995 1867
f 1868 2000 1999
f 1903 2001 2002
f 1996 2001 1903
f 1903 2002 1904
f 1916 2003 2004
f 2004 2005 1917
f 1917 1916 2004
f 1907 2006 1747
f 1747 2006 2007
f 2008 2009 2010
f 1406 2009 2008
f 2008 2006 1907
f 2007 2006 2008
f 2008 1907 1407
f 2010 2007 2008
f 1407 1406 2008
f 1845 1990 2011
f 1845 2011 1827
f 1990 1991 2012
f 2012 2011 1990
f 2013 2009 2011
f 2010 2009 2013
f 2013 2011 2012
f 2013 2007 2010
f 1548 1632 2014
f 1548 2014 1550
f 1993 1992 2015
f 1995 2001 1994
f 2016 2001 1995
f 1995 1999 2016
f 2015 2017 2018
f 2018 2017 1999
f 1999 2000 2018
f 2019 2015 1992
f 1996 1994 2001
f 2001 2016 2002
f 2017 2020 2016
f 2021 2020 2017
f 2017 2015 2021
f 2016 1999 2017
f 1635 1634 1703
f 1703 1702 1590
f 1703 1590 1635
f 1735 1847 1033
f 1059 1062 1064
f 1065 1061 2022
f 2022 1061 1849
f 1763 1065 2022
f 2022 2023 1763
f 1849 2023 2022
f 1761 1564 1629
f 1915 2024 2003
f 2003 2024 2025
f 1916 1915 2003
f 1765 1638 1640
f 2024 2026 2027
f 2027 2025 2024
f 2028 2029 1587
f 1587 2029 1588
f 2030 2028 1587
f 1589 2030 1587
f 1065 1062 1061
f 1060 1849 1061
f 1925 2031 1791
f 1791 2031 2032
f 1454 1787 1791
f 1456 1454 1791
f 1791 2032 1456
f 2029 2028 2033
f 2029 1632 1588
f 2014 1632 2029
f 2029 2033 2014
f 1782 2028 2030
f 1795 2028 1782
f 1782 2030 1784
f 2028 1795 2033
f 1636 1588 1632
f 2034 1617 2035
f 2036 1617 2034
f 2034 2035 2037
f 2038 2036 2034
f 2034 2037 1220
f 1220 2038 2034
f 1273 1815 1268
f 2039 2040 2005
f 2005 2040 2041
f 2041 1917 2005
f 1809 2040 1810
f 2042 2040 1809
f 1809 1808 2042
f 2039 1810 2040
f 2042 2041 2040
f 1808 2043 2042
f 1978 1926 1396
f 1365 1978 1396
f 1396 1364 1365
f 1554 1402 1372
f 1827 2011 2009
f 1406 1827 2009
f 1832 1488 1489
f 1489 2044 1832
f 1536 1821 1988
f 1538 1537 1833
f 1833 1535 1538
f 1918 1917 2041
f 2041 2043 1918
f 1694 1361 1360
f 1942 1763 2023
f 2045 1942 2023
f 2023 1849 2046
f 2023 2046 2045
f 2045 1951 1942
f 2047 1951 2048
f 2048 1951 2045
f 2045 1930 2048
f 1951 2047 1955
f 1956 1955 2047
f 2049 2050 2051
f 2051 2050 2052
f 2053 2049 2051
f 2052 2031 2051
f 2051 2031 1925
f 2051 2054 2053
f 1925 2054 2051
f 1705 1843 1542
f 1883 1769 1772
f 1884 1883 1772
f 1709 1958 1959
f 1889 1699 1565
f 1635 1590 1588
f 1588 1636 1635
f 1617 1621 2035
f 1617 2036 1681
f 1790 1369 1822
f 1838 1544 1844
f 1910 1838 1844
f 2015 2019 2021
f 1848 2046 1849
f 1700 1590 1702
f 1106 1784 2030
f 2030 1589 1105
f 1105 1106 2030
f 1784 1106 1785
f 2055 2056 2057
f 2058 2056 2055
f 2057 2059 2055
f 2055 2059 2060
f 2061 2062 2055
f 2055 2062 2058
f 2060 2061 2055
f 2063 2064 2065
f 2065 2064 2066
f 2067 2063 2065
f 2065 1212 1195
f 2068 1212 2065
f 2065 1195 2067
f 2066 2068 2065
f 2036 1796 1798
f 2038 1796 2036
f 2036 1798 2069
f 2036 2069 1681
f 1793 2033 1795
f 2033 1793 2070
f 2033 2070 2014
f 1953 2071 2046
f 2046 2071 2045
f 1848 1953 2046
f 2071 1953 1929
f 2071 1930 2045
f 1929 1930 2071
f 2069 1638 1766
f 1681 2069 1766
f 2072 1639 1638
f 2069 2072 1638
f 2070 1793 1802
f 1802 2073 2070
f 1203 2057 2056
f 2056 2058 2074
f 2056 2074 2075
f 2056 2075 1203
f 2014 2070 2073
f 1550 2014 2073
f 1278 1493 1284
f 1490 1268 1815
f 1815 2044 1490
f 2076 2077 2078
f 2079 2077 2076
f 2076 2078 2080
f 2081 2079 2076
f 2080 2082 2076
f 2076 2082 2083
f 2083 2081 2076
f 2084 2078 2077
f 2079 2084 2077
f 2050 2085 2086
f 2087 2085 2050
f 2050 2049 2087
f 2050 2086 2088
f 2089 2052 2050
f 2088 2089 2050
f 1142 2090 1144
f 2091 2090 1142
f 1141 2084 1142
f 1142 2084 2091
f 2085 2092 2093
f 2087 2092 2085
f 2085 2093 2086
f 1180 1169 2094
f 1180 2094 1189
f 2095 1997 1773
f 1773 1699 2095
f 1189 2094 2096
f 2096 2094 1443
f 1195 1189 2096
f 2067 1195 2096
f 2096 1443 2067
f 1169 1172 2097
f 2097 1172 1438
f 2094 1169 2097
f 1443 2094 2097
f 1438 1443 2097
f 2049 2098 2099
f 2053 2098 2049
f 2049 2099 2100
f 2100 2087 2049
f 2101 2102 2103
f 2104 2102 2101
f 2105 2106 2101
f 2101 2106 2104
f 2101 2103 2107
f 2101 2107 2105
f 2108 1641 1145
f 1145 1146 2109
f 1145 2109 2108
f 2054 1927 2110
f 2110 1927 2111
f 2110 2112 2113
f 2111 2112 2110
f 2114 2054 2110
f 2113 2114 2110
f 2115 2116 2117
f 2117 2116 2118
f 2117 2119 2115
f 2120 2119 2117
f 2117 2118 2121
f 2117 2121 2120
f 2115 2122 2102
f 2102 2122 2123
f 2123 2103 2102
f 2104 2115 2102
f 1977 2124 2125
f 2125 2124 2126
f 2125 1926 1978
f 2126 1926 2125
f 1978 1977 2125
f 1361 1694 1363
f 1997 2127 1998
f 2095 2127 1997
f 1639 2078 2084
f 2128 2078 1639
f 1639 2084 1141
f 2072 2128 1639
f 2098 2090 2099
f 1144 2090 2098
f 2098 2129 1147
f 2053 2129 2098
f 2098 1147 1144
f 2130 2128 2072
f 2131 2128 2130
f 1799 2132 2130
f 2130 2132 2131
f 2130 2072 1798
f 1798 1799 2130
f 2133 2134 2124
f 2124 2134 2126
f 1977 2133 2124
f 2135 2099 2090
f 2090 2091 2135
f 2078 2128 2136
f 2078 2136 2080
f 2137 2059 2068
f 2060 2059 2137
f 2137 2068 2066
f 2137 2066 2089
f 2088 2060 2137
f 2137 2089 2088
f 2079 2091 2084
f 2134 2133 2138
f 2134 2139 2126
f 2123 2139 2134
f 2134 2138 2123
f 1892 1642 1776
f 1777 2140 1776
f 1776 2140 1892
f 1172 1431 1438
f 1160 1431 1172
f 2141 2112 2142
f 2142 2112 2111
f 2126 2139 2142
f 2142 2139 2141
f 2111 2126 2142
f 2143 2122 2119
f 2123 2122 2143
f 2143 2139 2123
f 2120 2139 2143
f 2143 2119 2120
f 2144 2093 2092
f 2087 2145 2092
f 2092 2145 2144
f 1642 1892 1640
f 2059 2057 2068
f 1927 1926 2111
f 1927 2054 1925
f 2127 2146 2147
f 2148 2146 2127
f 2127 1890 1891
f 2095 1890 2127
f 2147 1998 2127
f 2127 1891 2148
f 1589 1585 1108
f 1589 1108 1111
f 1111 1105 1589
f 1198 1796 2038
f 2038 2149 1198
f 1198 2149 1199
f 2108 1778 1641
f 1072 1071 1695
f 2150 2086 2093
f 2144 2150 2093
f 2112 2151 2113
f 2141 2151 2112
f 2131 2136 2128
f 1071 2152 1694
f 1694 2152 1363
f 2116 2106 2153
f 2104 2106 2116
f 2116 2115 2104
f 2153 2118 2116
f 2052 2064 2031
f 2031 2064 2063
f 2031 2063 2032
f 2154 1147 2129
f 2129 2114 2113
f 2053 2114 2129
f 2129 2113 2154
f 2155 2156 2062
f 2062 2156 2157
f 2062 2158 2058
f 2157 2158 2062
f 2062 2061 2155
f 2133 1977 1718
f 2133 1718 1717
f 1717 2138 2133
f 2159 2160 2161
f 2161 2160 2162
f 2121 2159 2161
f 2161 2162 2121
f 2154 1146 1147
f 2064 2052 2089
f 2089 2066 2064
f 2115 2119 2122
f 1777 2163 2140
f 2140 2163 2164
f 2164 2165 2140
f 2140 2165 2148
f 1891 1892 2140
f 2148 1891 2140
f 2152 1974 1363
f 2166 1974 2152
f 2152 1071 1069
f 2152 1069 2166
f 2120 2141 2139
f 2150 2155 2086
f 2086 2155 2167
f 2086 2167 2088
f 2163 2168 1721
f 1721 2168 2169
f 2164 2163 1721
f 1721 1720 2164
f 1721 2169 1722
f 2166 1975 1974
f 1366 1363 1974
f 2132 2158 2131
f 2074 2158 2132
f 2132 1799 1800
f 2075 2074 2132
f 1800 2075 2132
f 2105 2170 2106
f 2106 2170 2153
f 2160 2171 2172
f 2159 2171 2160
f 2160 2172 2173
f 2173 2162 2160
f 2173 2113 2151
f 2141 2162 2151
f 2151 2162 2173
f 2099 2135 2100
f 1926 2126 2111
f 2149 2038 1220
f 1201 1199 2149
f 1220 1201 2149
f 2168 2163 1779
f 1779 2174 2168
f 2168 2174 2169
f 2091 2079 2135
f 1070 1068 2175
f 2166 1069 1070
f 2176 2177 1070
f 1070 2177 2166
f 1070 2175 2176
f 1785 1395 1786
f 1777 1779 2163
f 2178 1778 2179
f 2179 1778 2108
f 2179 2170 2178
f 2153 2170 2179
f 2179 2180 2153
f 2108 2180 2179
f 1188 1201 1171
f 1452 1455 1828
f 2081 2135 2079
f 2054 2114 2053
f 2156 2155 2181
f 2181 2157 2156
f 1590 1700 1586
f 1998 1073 1072
f 2182 2107 2103
f 2103 2138 2182
f 2123 2138 2103
f 2069 1798 2072
f 2063 2067 1447
f 1447 2032 2063
f 1202 1212 2068
f 1197 1212 1202
f 2068 2057 1202
f 1202 2057 1203
f 2154 2109 1146
f 1778 2178 1779
f 1107 1104 1395
f 1785 1107 1395
f 2183 1718 1976
f 1976 1975 2166
f 2177 2183 1976
f 2166 2177 1976
f 2154 2172 2171
f 2184 2109 2171
f 2171 2109 2154
f 2159 2184 2171
f 1720 1716 2185
f 2185 2165 1720
f 1720 2165 2164
f 2145 2087 2100
f 2100 2135 2145
f 2145 2135 2081
f 2145 2081 2083
f 2083 2144 2145
f 2107 2182 1722
f 2169 2105 2107
f 1722 2169 2107
f 2080 2136 2186
f 2186 2136 2157
f 2187 2080 2186
f 2186 2157 2181
f 2186 2181 2187
f 2154 2113 2172
f 2172 2113 2173
f 2043 2041 2042
f 2082 2080 2187
f 2082 2187 2083
f 2174 2178 2170
f 2105 2174 2170
f 1715 2182 1717
f 1722 2182 1715
f 1978 1365 1366
f 1399 1362 1364
f 2183 1719 1718
f 1699 1889 2095
f 2074 2058 2158
f 2157 2131 2158
f 2178 2174 1779
f 1717 2182 2138
f 2167 2155 2061
f 2061 2060 2167
f 2180 2184 2159
f 2108 2184 2180
f 2159 2118 2180
f 2180 2118 2153
f 2109 2184 2108
f 2174 2105 2169
f 1068 1074 2188
f 1068 2188 2175
f 2118 2159 2121
f 1106 1107 1785
f 1278 1268 1493
f 1493 1268 1486
f 2136 2131 2157
f 1716 1719 2176
f 2175 2185 1716
f 2176 2175 1716
f 1719 2183 2176
f 2185 2146 2165
f 2165 2146 2148
f 1397 1104 1110
f 1889 1890 2095
f 2155 2150 2181
f 2147 1074 1073
f 1073 1998 2147
f 2146 2185 2188
f 2146 2188 2147
f 2175 2188 2185
f 2162 2141 2121
f 2187 2181 2150
f 2150 2144 2187
f 1200 1203 2075
f 2075 1800 1200
f 2120 2121 2141
f 2088 2167 2060
f 2147 2188 1074
f 2183 2177 2176
f 1447 2067 1443
f 2083 2187 2144
f 1490 1486 1268
f 2044 1489 1490
f 2032 1447 1456
f 2189 2190 2191
f 2189 2191 2192
f 2193 2189 2192
f 2191 2194 2192
f 2195 2196 2197
f 2198 2195 2197
f 2192 2198 2197
f 2197 2193 2192
f 2195 2199 2196
f 2198 2200 2201
f 2200 2198 2192
f 2192 2194 2200
f 2197 2196 2202
f 2203 2204 2205
f 2202 2203 2205
f 2204 2206 2205
f 2207 2208 2202
f 2193 2197 2202
f 2205 2193 2202
f 2202 2196 2207
f 2196 2199 2207
f 2208 2203 2202
f 2189 2209 2190
f 2209 2189 2205
f 2205 2210 2209
f 2205 2189 2193
f 2206 2210 2205
f 2211 2212 2213
f 2214 2211 2213
f 2211 2214 2215
f 2211 2215 2216
f 2217 2218 2213
f 2213 2212 2217
f 2212 2219 2217
f 2218 2220 2213
f 2213 2220 2221
f 2213 2221 2222
f 2213 2222 2214
f 2223 2224 2212
f 2224 2219 2212
f 2224 2223 2225
f 2224 2225 2226
f 2211 2216 2227
f 2211 2227 2223
f 2212 2211 2223
f 2228 2216 2229
f 2228 2229 2230
f 2228 2227 2216
f 2216 2231 2232
f 2216 2233 2231
f 2229 2216 2232
f 2234 2233 2235
f 2233 2216 2215
f 2235 2233 2236
f 2233 2215 2236
f 2237 616 621
f 619 616 2237
f 621 2238 2237
f 621 2239 2238
f 621 2240 2241
f 621 2241 2239
f 2242 2243 2244
f 2244 2243 2245
f 2244 2246 2242
f 2246 2247 2242
f 2248 2249 2244
f 2245 2248 2244
f 2248 2245 2250
f 2249 2251 2244
f 2251 2246 2244
f 2248 2250 2237
f 2252 2239 2241
f 2252 2241 2249
f 2251 2249 2241
f 2253 2241 2240
f 2241 2253 2251
f 2253 2246 2251
f 2253 2247 2246
f 2248 2237 2252
f 2237 2238 2252
f 2249 2248 2252
f 2252 2238 2239
f 619 2245 2243
f 619 2250 2245
f 619 2237 2250
f 744 2254 2255
f 744 2256 2254
f 744 2243 2257
f 744 2257 2256
f 2255 2258 744
f 2258 2255 2259
f 2258 2259 2260
f 2254 2259 2255
f 2259 2254 2261
f 2262 2263 2261
f 2261 2263 2259
f 2263 2260 2259
f 2264 2262 2261
f 2265 2264 2261
f 2257 2243 2265
f 2261 2257 2265
f 2254 2256 2261
f 2256 2257 2261
f 2266 2267 27
f 27 34 2266
f 27 2268 28
f 2268 27 2267
f 2269 2270 34
f 34 39 2269
f 2266 34 2270
f 2266 2270 2271
f 39 2272 2273
f 39 43 2272
f 2274 39 2273
f 2269 39 2274
f 2269 2274 2275
f 2276 2277 43
f 2278 2276 43
f 43 47 2278
f 2276 2278 2279
f 2272 43 2277
f 2278 47 2280
f 47 2281 2280
f 2282 103 2283
f 103 2284 2283
f 103 2285 2286
f 2284 103 2287
f 2287 103 2288
f 103 2286 2288
f 2268 2289 71
f 71 28 2268
f 2290 2291 2292
f 2291 71 2292
f 2292 71 2293
f 71 2289 2293
f 92 2294 88
f 2294 92 2295
f 2294 2296 93
f 93 88 2294
f 2282 2295 92
f 92 103 2282
f 2297 93 2296
f 2297 2296 2298
f 2285 103 2299
f 2285 2299 2300
f 2301 2299 103
f 103 105 2301
f 2302 2303 123
f 2304 2302 123
f 123 129 2304
f 2304 2305 2306
f 2304 2306 2302
f 2307 113 2303
f 113 123 2303
f 2308 113 2307
f 2309 2310 2311
f 2310 2312 2311
f 2310 2309 2313
f 2311 2314 2309
f 2315 2312 2310
f 2304 129 2316
f 2317 2318 135
f 135 2319 2320
f 135 2320 2317
f 2318 2317 2321
f 2321 2317 2322
f 2322 2317 2323
f 135 132 2319
f 2319 132 2324
f 2324 132 2325
f 132 113 2325
f 2326 135 2327
f 135 2318 2327
f 2328 2329 2330
f 2328 2331 2329
f 2330 2332 2333
f 2330 2333 2328
f 2334 2332 2330
f 2335 2336 2331
f 2331 2337 2335
f 2337 2331 2338
f 2335 2339 2336
f 2340 2341 2342
f 2338 2340 2337
f 2340 2338 2341
f 2338 2331 2328
f 2332 2343 2344
f 2343 2332 2334
f 2344 2342 2341
f 2333 2344 2341
f 2344 2333 2332
f 2338 2328 2333
f 2341 2338 2333
f 2345 158 2346
f 158 2347 2346
f 158 160 2347
f 2346 2348 2349
f 2346 2349 2345
f 2349 2339 2345
f 2347 2348 2346
f 2347 160 2350
f 2347 2350 2351
f 2352 158 2353
f 2353 158 2345
f 2335 2345 2339
f 2345 2335 2353
f 2337 2340 2352
f 2353 2337 2352
f 2340 2354 2352
f 2340 2342 2354
f 2335 2337 2353
f 2355 2350 160
f 160 161 2355
f 2356 229 2357
f 229 2358 2357
f 229 236 2358
f 2359 2356 2357
f 2359 2360 2356
f 2357 2361 2359
f 2358 2361 2357
f 2356 2362 229
f 2362 2356 2363
f 229 2364 230
f 2364 229 2362
f 2365 2360 2359
f 2359 2366 2365
f 2366 2367 2365
f 2366 2359 2361
f 2368 2361 2369
f 2361 2358 2369
f 2361 2368 2366
f 2370 2358 236
f 2358 2370 2369
f 2369 2371 2368
f 2369 2370 2371
f 2367 2372 2373
f 2372 2367 2374
f 2375 2376 2377
f 2378 2375 2379
f 2375 2378 2376
f 2380 2379 2381
f 2379 2380 2378
f 2382 2381 2383
f 2381 2382 2380
f 2384 2383 2385
f 2383 2384 2382
f 2374 2385 2372
f 2385 2374 2384
f 2371 2370 2386
f 2387 2371 2386
f 2371 2387 2388
f 2389 2366 2368
f 2366 2389 2390
f 2388 2368 2371
f 2368 2388 2389
f 2370 236 2391
f 2370 2391 2386
f 2391 2392 2386
f 2386 2392 2393
f 2366 2390 2367
f 2386 2393 2387
f 2394 2377 2376
f 2387 2378 2380
f 2378 2387 2393
f 2393 2392 2394
f 2376 2393 2394
f 2393 2376 2378
f 2390 2374 2367
f 2380 2388 2387
f 2388 2380 2382
f 2389 2382 2384
f 2382 2389 2388
f 2390 2384 2374
f 2384 2390 2389
f 2395 2396 2397
f 2395 2397 2398
f 2397 2399 2398
f 2400 2401 2402
f 2403 2400 2404
f 2400 2403 2401
f 2405 2404 2406
f 2404 2405 2403
f 2398 2406 2395
f 2406 2398 2405
f 2396 258 2397
f 258 2407 2397
f 2397 2408 2399
f 2407 2373 2408
f 2397 2407 2408
f 2407 258 2409
f 258 2410 2409
f 2402 2375 2377
f 2375 2402 2401
f 2401 2379 2375
f 2379 2401 2403
f 2405 2383 2381
f 2383 2405 2398
f 2403 2381 2379
f 2381 2403 2405
f 2399 2372 2385
f 2372 2399 2408
f 2398 2385 2383
f 2385 2398 2399
f 2372 2408 2373
f 2411 260 2412
f 2412 260 2413
f 260 2396 2413
f 260 258 2396
f 2412 2400 2411
f 2400 2402 2411
f 2413 2395 2406
f 2412 2404 2400
f 2406 2404 2412
f 2413 2406 2412
f 2396 2395 2413
f 2414 2410 258
f 258 259 2414
f 2415 2391 236
f 236 285 2415
f 2415 285 2416
f 2415 2416 2417
f 2418 260 2411
f 260 2419 300
f 2420 2419 2421
f 2419 260 2421
f 260 2418 2421
f 2422 2423 2424
f 2424 2423 2425
f 2426 2427 2428
f 2429 2422 2424
f 2430 2431 2429
f 2424 2430 2429
f 2426 2432 2424
f 2425 2426 2424
f 2426 2425 2427
f 2432 2430 2424
f 2433 2434 2432
f 2434 2430 2432
f 2434 2433 2435
f 2426 2428 2436
f 2434 2431 2430
f 2426 2436 2433
f 2432 2426 2433
f 2437 2438 2439
f 2437 2440 2438
f 2441 2437 2439
f 2438 2440 2442
f 2438 2442 2443
f 2444 2445 2440
f 2440 2446 2447
f 2440 2437 2446
f 2448 2444 2447
f 2444 2440 2447
f 2444 2448 2449
f 2450 2440 2445
f 2451 2452 2453
f 2450 2445 2454
f 2455 2450 2454
f 2456 2457 2458
f 2456 2458 2459
f 2460 2456 2459
f 2459 2461 2460
f 2451 2460 2461
f 2462 2451 2461
f 2451 2462 2452
f 2455 2454 2462
f 2461 2455 2462
f 2463 2464 2465
f 2465 2464 2466
f 2464 2442 2466
f 2467 2463 2465
f 2468 2467 2465
f 2465 2458 2468
f 2458 2457 2468
f 2461 2459 2465
f 2455 2461 2465
f 2459 2458 2465
f 2450 2455 2465
f 2466 2450 2465
f 2450 2442 2440
f 2442 2450 2466
f 312 2469 315
f 2469 312 2470
f 2469 2470 2471
f 2472 2470 312
f 312 311 2472
f 2472 2471 2470
f 315 2473 318
f 2473 315 2474
f 2473 2474 2475
f 2475 2469 2471
f 2469 2475 2474
f 2469 2474 315
f 318 2476 321
f 2476 318 2477
f 2477 2478 2476
f 2478 2477 2479
f 2478 2479 2480
f 2480 2479 2481
f 2482 2480 2481
f 2473 2477 318
f 2477 2473 2481
f 2473 2475 2482
f 2481 2473 2482
f 2479 2477 2481
f 2483 2484 2485
f 2484 2486 2485
f 2484 2483 2487
f 2484 2487 2488
f 2485 321 2483
f 2485 2489 47
f 47 321 2485
f 2488 2478 2480
f 2478 2488 2487
f 2476 2483 321
f 2487 2476 2478
f 2476 2487 2483
f 2490 2491 2486
f 2486 2492 2490
f 2492 2486 2484
f 2492 2484 2488
f 2490 2493 2491
f 2281 47 2489
f 2281 2489 2494
f 2493 2495 2496
f 2495 2493 2497
f 2493 2498 2497
f 2499 2500 2501
f 2500 2499 2497
f 2497 2502 2495
f 2497 2503 2500
f 2497 2498 2503
f 2497 2499 2502
f 2504 2501 2500
f 2503 2490 2492
f 2490 2503 2498
f 2492 2488 2504
f 2500 2492 2504
f 2492 2500 2503
f 2490 2498 2493
f 327 2505 325
f 2505 327 2506
f 2506 327 2507
f 2508 2509 2510
f 2509 2508 2506
f 2508 2505 2506
f 2506 2511 2509
f 2506 2507 2511
f 2512 2513 327
f 327 330 2512
f 2513 2512 2514
f 2512 2515 2516
f 2514 2512 2516
f 2516 2517 2514
f 2517 2513 2514
f 2518 2519 2507
f 2511 2507 2519
f 2519 2518 2431
f 2519 2520 2511
f 2520 2509 2511
f 2520 2510 2509
f 2507 327 2518
f 2518 327 2513
f 2521 2516 2515
f 2517 2521 2522
f 2521 2517 2516
f 2522 2431 2518
f 2513 2522 2518
f 2522 2513 2517
f 331 2523 332
f 2523 331 2524
f 331 2525 2524
f 2523 2526 2527
f 2526 2523 2524
f 2524 2528 2526
f 2524 2525 2529
f 2524 2529 2528
f 2530 2527 2526
f 2530 2526 2528
f 2531 2530 2528
f 2532 2457 2531
f 2532 2531 2529
f 2531 2528 2529
f 2533 2525 331
f 2533 2529 2525
f 2529 2533 2532
f 2534 2535 2533
f 2535 2532 2533
f 2535 2534 2536
f 2535 2457 2532
f 2533 331 2534
f 2537 2534 331
f 331 336 2537
f 2537 2536 2534
f 2538 2539 2540
f 2541 2538 2540
f 2538 2541 2542
f 2539 2543 2540
f 2539 2544 2543
f 2538 2542 2545
f 2540 2496 2541
f 2543 2544 2546
f 2499 2547 2545
f 2545 2502 2499
f 2502 2545 2542
f 2499 2501 2547
f 2495 2541 2496
f 2542 2495 2502
f 2495 2542 2541
f 2544 2548 2549
f 2548 2544 2550
f 2551 2552 348
f 2550 2553 2548
f 2553 2550 2554
f 2554 2551 2553
f 2551 2554 2552
f 2555 2556 2544
f 2544 2549 2555
f 2557 348 2552
f 2539 2550 2544
f 2554 2539 2538
f 2539 2554 2550
f 2538 2545 2557
f 2552 2538 2557
f 2538 2552 2554
f 2556 2546 2544
f 347 2551 348
f 2551 347 2558
f 2558 347 2548
f 347 2549 2548
f 2548 2553 2558
f 2553 2551 2558
f 2559 2549 2560
f 2549 347 2560
f 347 2561 2560
f 2559 2555 2549
f 2562 2472 311
f 311 71 2562
f 71 2291 2563
f 2562 71 2563
f 2297 2561 347
f 347 93 2297
f 2561 2297 2564
f 2561 2564 2565
f 2561 2565 2566
f 2567 348 2557
f 348 2301 105
f 2568 2301 2569
f 2301 348 2569
f 348 2567 2569
f 363 2570 368
f 2570 363 2571
f 2572 2571 363
f 363 355 2572
f 2573 368 2570
f 2573 2574 368
f 368 2575 369
f 2576 2574 2577
f 2575 368 2576
f 368 2574 2576
f 2578 2579 371
f 371 135 2578
f 371 2579 2580
f 2581 371 2580
f 2581 2580 2582
f 371 2572 355
f 2572 371 2581
f 2583 2584 2585
f 2584 721 2585
f 721 2586 2585
f 722 2586 721
f 2586 2587 2588
f 2586 2588 2589
f 2586 722 2587
f 2590 2584 2583
f 909 2587 722
f 909 2589 2588
f 909 2588 2587
f 2589 909 2591
f 909 2592 2591
f 2593 2592 909
f 2578 135 2326
f 2578 2326 2594
f 2595 2596 2597
f 2598 2599 2600
f 2599 2601 2600
f 2599 2598 2596
f 2599 2602 2601
f 2603 2604 2605
f 2603 2605 2598
f 2600 2603 2598
f 2605 2606 2607
f 2606 2605 2604
f 2597 2596 2598
f 2607 2597 2598
f 2606 2608 2607
f 2607 2598 2605
f 383 2609 381
f 2609 383 2610
f 2610 383 2611
f 2610 2612 2609
f 2613 2611 2602
f 2611 2613 2610
f 2613 2612 2610
f 2614 381 2609
f 2614 2609 2615
f 2601 2611 2616
f 2611 2601 2602
f 2611 383 2617
f 2611 2617 2616
f 2616 2617 2618
f 2617 2604 2618
f 2618 2604 2603
f 2603 2616 2618
f 2616 2603 2600
f 2616 2600 2601
f 381 2355 161
f 2355 381 2619
f 381 2614 2619
f 2620 2621 429
f 429 424 2620
f 2621 2620 2622
f 2623 2624 2622
f 2625 2623 2622
f 2622 2620 2625
f 2620 2626 2625
f 2624 2621 2622
f 2620 424 2627
f 2620 2627 2628
f 424 2364 2629
f 424 230 2364
f 2627 424 2629
f 2630 2621 2624
f 2630 2624 2631
f 2632 2631 2624
f 2633 429 2630
f 2630 429 2621
f 2634 2633 2630
f 2631 2634 2630
f 2635 2636 2632
f 2635 2632 2623
f 2632 2624 2623
f 2637 2625 2626
f 2637 2623 2625
f 2623 2637 2635
f 2638 2636 2639
f 2636 2640 2639
f 2641 2638 2642
f 2639 2642 2638
f 2643 2644 2645
f 2646 2647 2648
f 2649 2648 2647
f 2647 2641 2649
f 2642 2649 2641
f 2650 2646 2651
f 2648 2651 2646
f 2651 2643 2650
f 2643 2645 2650
f 2652 2653 2654
f 2653 2652 2655
f 2632 2656 2657
f 2631 2632 2657
f 2657 2658 2631
f 2634 2631 2658
f 2634 2658 2659
f 2654 2634 2659
f 2633 2634 2654
f 2653 429 2633
f 2653 2633 2654
f 2659 2652 2654
f 2632 2636 2656
f 2656 2636 2638
f 2660 2645 2644
f 2658 2647 2646
f 2659 2658 2646
f 2656 2638 2641
f 2657 2656 2641
f 2660 2655 2652
f 2650 2660 2652
f 2660 2650 2645
f 2646 2650 2659
f 2652 2659 2650
f 2641 2647 2657
f 2658 2657 2647
f 438 2661 2662
f 2663 438 2664
f 438 2662 2664
f 2665 438 2666
f 438 2663 2666
f 438 2667 2668
f 438 441 2667
f 438 2668 2669
f 438 2669 2670
f 2661 438 2671
f 438 2670 2671
f 438 2414 259
f 2414 438 2665
f 2414 2665 2672
f 2653 2673 285
f 285 429 2653
f 2674 2673 2675
f 2416 285 2674
f 285 2673 2674
f 2667 441 2676
f 441 2419 2677
f 441 300 2419
f 2676 441 2677
f 2678 2679 2680
f 2681 2678 2682
f 2680 2682 2678
f 2682 2680 2683
f 2682 2684 2681
f 2684 2685 2681
f 2684 332 2685
f 2686 2687 2682
f 2687 2684 2682
f 2687 2686 2515
f 2687 332 2684
f 2682 2683 2686
f 2688 2515 2689
f 2689 2515 2686
f 2690 2686 2683
f 2686 2690 2689
f 2689 2691 2692
f 2693 2688 2689
f 2689 2692 2693
f 2692 2423 2693
f 2690 2691 2689
f 500 2694 501
f 2695 2694 2696
f 2694 500 2696
f 500 2697 2696
f 2697 500 2698
f 500 2699 2700
f 500 503 2699
f 2701 2698 2700
f 2698 500 2700
f 2702 2703 2704
f 514 2705 2706
f 2706 2705 2707
f 2708 514 2706
f 2709 2705 514
f 514 516 2709
f 512 2704 2703
f 512 514 2708
f 2704 512 2710
f 512 2708 2710
f 2711 2712 517
f 517 522 2711
f 2712 2711 2713
f 2712 2714 520
f 520 517 2712
f 332 2512 330
f 2512 332 2687
f 2512 2687 2515
f 2715 2679 2716
f 2679 2678 2716
f 2523 2685 332
f 2685 2523 2716
f 2717 2715 2716
f 2718 2717 2716
f 2523 2527 2718
f 2716 2523 2718
f 2716 2681 2685
f 2716 2678 2681
f 2719 529 2720
f 2719 2720 2721
f 2722 533 2723
f 533 529 2719
f 2724 533 2722
f 533 2719 2723
f 529 2725 2726
f 529 531 2725
f 2720 529 2726
f 2727 549 2728
f 2729 2728 2730
f 2728 549 2731
f 2728 2731 2730
f 2732 2729 2730
f 2733 2734 522
f 2711 522 2735
f 522 2734 2735
f 2736 2737 2738
f 2737 548 2739
f 2737 2739 2738
f 2737 2740 548
f 548 2741 549
f 548 2742 2743
f 548 2743 2741
f 548 2744 2742
f 548 2740 2745
f 548 2745 2744
f 2746 2739 548
f 548 550 2746
f 2739 2746 2747
f 633 2748 486
f 2748 633 2749
f 2750 2751 2752
f 2751 486 2752
f 2752 486 2753
f 486 2748 2753
f 2754 2749 633
f 2749 2754 2755
f 2756 2757 2758
f 2759 902 2756
f 902 2757 2756
f 2760 2757 902
f 2694 2761 560
f 560 501 2694
f 2761 2694 2762
f 2763 560 2764
f 560 2761 2764
f 2765 671 2766
f 2767 533 2724
f 744 2768 2769
f 2770 2771 2769
f 2771 744 2769
f 672 2766 671
f 2766 672 2772
f 2766 2772 2773
f 2766 2773 2774
f 672 2771 2775
f 672 744 2771
f 2772 672 2775
f 522 2776 2777
f 522 542 2776
f 2778 2733 2777
f 2733 522 2777
f 2777 2776 2779
f 2776 542 2780
f 542 2781 2780
f 2781 542 2782
f 2781 2782 2783
f 2784 2782 542
f 542 541 2784
f 2782 2784 2785
f 2786 2725 531
f 531 591 2786
f 2725 2786 2787
f 2725 2787 2788
f 2786 591 2789
f 2790 591 2791
f 2792 673 2793
f 591 2794 2791
f 2793 673 2795
f 2793 2795 2796
f 2796 2795 2797
f 2790 2789 591
f 2798 2794 591
f 591 2799 2798
f 2794 2798 2800
f 2800 2798 2801
f 2799 591 2802
f 591 2803 2802
f 2804 2803 591
f 591 592 2804
f 2805 2806 2807
f 2808 2805 2807
f 2809 2805 2808
f 2809 2808 2810
f 2811 2233 2812
f 2234 2812 2233
f 2813 671 2814
f 671 2765 2814
f 486 2815 488
f 2815 486 2751
f 2815 2751 2816
f 2817 2199 2818
f 2818 2199 2195
f 2818 2819 2817
f 2819 2820 2817
f 2821 2198 2201
f 2198 2821 2818
f 2821 2822 2818
f 2822 2819 2818
f 2818 2195 2198
f 2823 2817 2820
f 2817 2823 2824
f 2817 2824 2199
f 2825 2826 2827
f 2828 2825 2827
f 2825 2828 2829
f 2826 2830 2827
f 2826 2831 2830
f 2832 2833 2828
f 2827 2832 2828
f 2825 2829 2834
f 2832 2199 2833
f 2835 2836 2837
f 2837 2836 2838
f 2837 2830 2835
f 2830 2831 2835
f 2832 2827 2837
f 2839 2832 2837
f 2832 2839 2840
f 2827 2830 2837
f 2832 2840 2199
f 2837 2841 2839
f 2837 2838 2841
f 2824 2842 2843
f 2842 2824 2823
f 2833 2199 2824
f 2843 2833 2824
f 2829 2828 2843
f 2842 2844 2843
f 2843 2844 2829
f 2844 2834 2829
f 2828 2833 2843
f 2845 2204 2203
f 2846 2845 2841
f 2839 2841 2845
f 2839 2845 2208
f 2845 2203 2208
f 2838 2847 2846
f 2841 2838 2846
f 2838 2836 2847
f 2840 2207 2199
f 2840 2208 2207
f 2208 2840 2839
f 2848 2219 2849
f 2219 2850 2849
f 2851 2852 2853
f 2852 2851 2849
f 2851 2854 2855
f 2849 2851 2855
f 2855 2856 2849
f 2856 2848 2849
f 2849 2850 2852
f 2857 2858 2856
f 2858 2848 2856
f 2848 2858 2859
f 2856 2855 2857
f 2855 2860 2857
f 2855 2854 2860
f 2848 2859 2219
f 2850 2219 2224
f 2861 2224 2226
f 2224 2861 2850
f 2861 2852 2850
f 2861 2853 2852
f 2859 2862 2217
f 2862 2218 2217
f 2862 2859 2858
f 2862 2220 2218
f 2217 2219 2859
f 2863 2864 2865
f 2866 2864 2863
f 2864 2867 2865
f 2866 2231 2233
f 2233 2864 2866
f 2868 636 2869
f 634 2868 2870
f 634 636 2868
f 2870 2868 2871
f 2872 634 2870
f 636 2873 2874
f 636 638 2873
f 2874 2873 2875
f 2869 636 2874
f 549 2876 655
f 2876 549 2727
f 2876 2727 2877
f 549 2741 2878
f 549 2878 2731
f 2767 2879 831
f 831 533 2767
f 2879 2767 2880
f 2879 2880 2881
f 2768 744 2258
f 2258 2882 2883
f 2258 2883 2768
f 2884 831 2885
f 831 2879 2885
f 2876 2886 655
f 2886 2876 2887
f 658 2886 2888
f 658 655 2886
f 2889 658 2888
f 2890 2891 657
f 2891 2890 2892
f 657 2893 550
f 2893 657 2894
f 657 2891 2894
f 2746 550 2893
f 2746 2893 2895
f 2896 2897 556
f 556 664 2896
f 2897 2896 2898
f 2898 2896 2899
f 2896 664 2900
f 2901 2902 664
f 664 665 2901
f 2902 2900 664
f 2903 2904 2905
f 2905 666 2903
f 2904 2903 2906
f 2906 2903 2907
f 2903 666 2908
f 666 2909 667
f 666 2905 2909
f 2910 666 2911
f 666 670 2912
f 2908 666 2910
f 2911 666 2913
f 2913 666 2914
f 666 2912 2914
f 2914 2912 2915
f 671 2916 540
f 2916 671 2917
f 671 2813 2917
f 673 2918 335
f 2919 2918 2920
f 2918 2919 2921
f 2919 2922 2921
f 2922 2919 2923
f 2918 673 2920
f 673 2792 2920
f 673 2916 2924
f 673 540 2916
f 2795 673 2924
f 2925 2926 2904
f 2926 2905 2904
f 2927 994 2928
f 2929 994 2927
f 2930 2703 2702
f 2931 951 2932
f 951 2933 2932
f 2931 2709 516
f 516 951 2931
f 2934 2935 2936
f 2935 2934 2937
f 2935 2937 2938
f 2939 2936 2935
f 2437 2441 2940
f 2437 2940 2941
f 2437 2941 2942
f 2943 2437 2944
f 2437 2942 2944
f 2918 2945 335
f 2945 2946 336
f 336 335 2945
f 2947 2946 2948
f 2946 2945 2948
f 2949 2947 2948
f 2584 2703 721
f 721 2930 2950
f 721 2703 2930
f 721 2950 2951
f 721 2951 2952
f 2953 721 2954
f 2912 670 2955
f 670 721 2955
f 721 2953 2955
f 721 2956 2954
f 2952 2956 721
f 2604 512 2703
f 2703 2957 2604
f 2703 2584 2957
f 2799 2958 2959
f 2959 2798 2799
f 2798 2959 2960
f 2798 2960 2961
f 2960 2959 2962
f 2959 2963 2962
f 2964 2820 2965
f 2820 2966 2965
f 2965 2967 2968
f 2968 2969 2964
f 2965 2968 2964
f 2967 2970 2858
f 2970 2967 2965
f 2965 2971 2972
f 2965 2972 2970
f 2966 2971 2965
f 2964 2973 2823
f 2823 2820 2964
f 2964 2969 2973
f 2974 2975 2822
f 2975 2819 2822
f 2819 2975 2976
f 2819 2976 2820
f 2822 2821 2974
f 2821 2977 2974
f 2821 2201 2977
f 2978 2858 2970
f 2976 2966 2820
f 2978 2970 2972
f 2979 2978 2972
f 2976 2975 2980
f 2971 2976 2980
f 2976 2971 2966
f 2972 2971 2979
f 2980 2979 2971
f 2981 2982 621
f 621 620 2981
f 2982 2983 621
f 2983 2982 2984
f 2983 2984 2985
f 2983 2985 2986
f 621 2987 2988
f 2987 621 2983
f 621 2989 2240
f 621 2988 2989
f 2990 2991 2992
f 2993 2992 2991
f 2991 2990 2969
f 2994 2995 2996
f 2991 2997 2993
f 2997 2998 2993
f 2997 2854 2998
f 2994 2996 2990
f 2992 2994 2990
f 2991 2969 2968
f 2857 2860 2991
f 2968 2857 2991
f 2857 2968 2967
f 2860 2997 2991
f 2860 2854 2997
f 2857 2967 2858
f 2999 2969 2990
f 3000 2996 2995
f 3000 2834 2999
f 2990 3000 2999
f 3000 2990 2996
f 2973 2999 2842
f 2999 2844 2842
f 2999 2973 2969
f 2999 2834 2844
f 2842 2823 2973
f 3001 2851 3002
f 2851 3001 2854
f 3003 3004 3002
f 3005 3003 3002
f 3004 3006 3002
f 3002 3006 3007
f 3002 2851 3005
f 2851 2853 3005
f 3002 3007 3001
f 3008 3009 3010
f 3011 3008 3010
f 3001 3011 3010
f 3011 3001 3007
f 3009 2995 2994
f 3010 3009 2994
f 2994 2992 3010
f 2992 2993 3010
f 2993 2998 3010
f 2998 2854 3001
f 3010 2998 3001
f 3011 3007 3006
f 3003 3005 3012
f 3013 3012 3005
f 3012 3013 3014
f 3015 3006 3004
f 3015 3004 3003
f 3012 3015 3003
f 3005 2853 3013
f 3013 2861 3016
f 2861 3013 2853
f 3017 3014 3013
f 3016 3017 3013
f 3018 3019 3016
f 3016 2861 3018
f 2861 2226 3018
f 3019 3017 3016
f 3020 2826 3021
f 3022 3021 2826
f 2826 3020 2831
f 2826 2825 3022
f 2825 3023 3022
f 2825 2834 3023
f 3021 3024 3020
f 3025 3020 3026
f 3020 3024 3026
f 3020 3025 3027
f 3020 3027 2831
f 3028 3029 3025
f 3026 3028 3025
f 3028 3030 3029
f 2835 2831 3031
f 2831 3027 3031
f 3032 3029 3030
f 3029 3032 3031
f 3031 3032 3033
f 3031 3033 3034
f 3034 2836 2835
f 3031 3034 2835
f 3031 3027 3025
f 3031 3025 3029
f 3035 3000 3036
f 3000 2995 3036
f 3000 3035 3037
f 3000 3037 2834
f 3036 3038 3035
f 3035 3039 3040
f 3039 3035 3038
f 3039 3024 3021
f 3040 3039 3021
f 3021 3022 3040
f 3023 2834 3037
f 3040 3023 3037
f 3022 3023 3040
f 3040 3037 3035
f 3041 3042 868
f 868 560 3041
f 3041 560 2763
f 3041 2763 3043
f 2873 638 3044
f 3042 3044 638
f 638 868 3042
f 3044 3042 3045
f 749 3046 3047
f 749 751 3046
f 749 3047 3048
f 749 3048 3049
f 749 3049 3050
f 3051 754 3052
f 754 749 3053
f 749 3050 3053
f 754 3053 3052
f 3054 3055 3008
f 3009 3008 3055
f 3056 3009 3055
f 3009 3056 3057
f 3009 3057 2995
f 3011 3058 3054
f 3008 3011 3054
f 3011 3006 3058
f 3055 3059 3056
f 3060 3036 2995
f 2995 3061 3060
f 3061 2995 3057
f 3060 3038 3036
f 3062 3056 3059
f 3057 3062 3061
f 3062 3057 3056
f 2446 2437 3063
f 3064 759 3065
f 759 3066 3065
f 759 757 3066
f 3067 3064 3065
f 3068 3006 3067
f 3065 3068 3067
f 3066 3068 3065
f 3059 3055 3069
f 3070 3059 3069
f 3068 3058 3006
f 3058 3068 3069
f 3066 3071 3070
f 3068 3066 3070
f 3069 3068 3070
f 3066 757 3071
f 3069 3054 3058
f 3055 3054 3069
f 3072 759 3064
f 3015 3067 3006
f 3015 3012 3072
f 3064 3015 3072
f 3015 3064 3067
f 3012 3073 3072
f 3012 3014 3073
f 3074 3030 3028
f 3075 3026 3024
f 3075 3076 3074
f 3028 3075 3074
f 3075 3028 3026
f 3076 3077 3074
f 3076 3078 3077
f 3075 3024 3079
f 3079 3024 3080
f 3076 3075 3079
f 3079 3081 3076
f 3081 3078 3076
f 3082 3083 3084
f 3083 3082 3079
f 3082 3081 3079
f 3079 3080 3083
f 3085 3084 3083
f 3039 3080 3024
f 3039 3038 3085
f 3083 3039 3085
f 3039 3083 3080
f 3070 3071 3086
f 3070 3087 3059
f 3087 3070 3086
f 3088 3089 3087
f 3086 3088 3087
f 3071 757 3086
f 757 3088 3086
f 758 3088 757
f 3088 758 3090
f 3088 3090 3089
f 3091 3092 3093
f 3092 3091 3089
f 3094 3084 3091
f 3093 3094 3091
f 3092 771 3095
f 3092 3095 3093
f 3095 3094 3093
f 3092 3096 763
f 763 771 3092
f 3092 3089 3096
f 3097 3089 3091
f 3085 3091 3084
f 3091 3085 3097
f 3085 3098 3097
f 3085 3038 3098
f 3097 3098 3099
f 3087 3097 3099
f 3097 3087 3089
f 3098 3038 3060
f 3099 3098 3060
f 3060 3061 3099
f 3062 3059 3087
f 3099 3062 3087
f 3061 3062 3099
f 3096 3090 758
f 758 763 3096
f 3096 3089 3090
f 3100 766 3101
f 766 3102 3101
f 766 765 3102
f 3103 3100 3101
f 3104 3078 3103
f 3101 3104 3103
f 3102 3104 3101
f 3104 3102 3105
f 3106 3104 3105
f 3104 3106 3107
f 3102 3108 3105
f 3104 3107 3078
f 3102 765 3108
f 3105 3109 3106
f 3110 771 3100
f 771 766 3100
f 3100 3103 3110
f 3103 3111 3110
f 3103 3078 3111
f 3077 3078 3112
f 3112 3078 3107
f 3074 3077 3112
f 3113 3030 3074
f 3112 3113 3074
f 3114 3106 3109
f 3106 3114 3112
f 3114 3113 3112
f 3112 3107 3106
f 3111 3078 3081
f 3094 3082 3084
f 3094 3095 3111
f 3081 3094 3111
f 3094 3081 3082
f 3095 3110 3111
f 3095 771 3110
f 3115 554 3116
f 3115 3116 3117
f 3118 3116 554
f 3119 3120 3108
f 3120 3105 3108
f 3108 765 3119
f 765 769 3119
f 3120 3109 3105
f 3121 2527 3122
f 3122 2527 2530
f 3122 2451 3121
f 2451 2453 3121
f 2456 2531 2457
f 2456 2460 3122
f 2530 2456 3122
f 2456 2530 2531
f 2460 2451 3122
f 759 3123 812
f 3123 759 3124
f 3123 3124 3125
f 3123 3126 813
f 813 812 3123
f 3127 503 3128
f 3127 3128 3129
f 813 3128 503
f 3128 813 3130
f 813 3126 3130
f 759 3072 3131
f 3124 759 3131
f 3132 815 3133
f 815 325 2505
f 815 2505 3133
f 2714 3134 769
f 769 520 2714
f 3134 2714 3135
f 3119 769 3136
f 769 3134 3136
f 3137 634 2872
f 3138 3139 3140
f 3140 2867 2864
f 2867 3140 3139
f 3141 3140 3142
f 3143 3142 3140
f 3140 2864 3143
f 3142 3143 3144
f 2233 3143 2864
f 2233 2811 3145
f 3143 2233 3146
f 2233 3145 3146
f 2699 503 3127
f 861 2754 633
f 2754 861 3147
f 861 3148 3147
f 3148 861 3149
f 3148 3149 3150
f 3151 658 2889
f 2805 3138 3140
f 3138 2805 3152
f 3138 3152 3153
f 3153 3152 3154
f 3154 3152 3155
f 3152 2805 3156
f 3141 2806 2805
f 2805 3140 3141
f 2806 3141 3157
f 554 2890 657
f 2890 554 3158
f 554 3115 3158
f 3159 3160 3161
f 3162 3159 3161
f 3159 3163 2805
f 3163 3159 3162
f 3164 3163 3165
f 3156 2805 3164
f 2805 3163 3164
f 3166 2220 2979
f 2220 2978 2979
f 2978 2220 2862
f 2979 2980 3166
f 2980 3167 3166
f 2980 2975 3167
f 2978 2862 2858
f 3159 2809 3168
f 3159 2805 2809
f 3169 3159 3168
f 3170 2936 3171
f 2936 3159 3169
f 2934 2936 3170
f 3171 2936 3172
f 2936 3169 3172
f 3173 3174 2936
f 3174 3173 3175
f 2936 3160 3159
f 3176 3174 3177
f 3160 2936 3176
f 2936 3174 3176
f 2437 3173 2936
f 3173 2437 2943
f 3178 875 3179
f 875 3180 3179
f 592 3178 3181
f 592 875 3178
f 592 3181 3182
f 592 3182 2804
f 3183 3184 3185
f 3184 2959 3185
f 2959 2958 3185
f 875 3186 3187
f 875 877 3186
f 3188 3180 3187
f 3180 875 3187
f 3046 751 3189
f 751 878 3189
f 3189 878 3190
f 878 3191 3190
f 3192 3193 635
f 635 885 3192
f 3193 3192 3194
f 3193 3191 878
f 878 635 3193
f 3192 885 3195
f 885 3196 3195
f 895 3197 3198
f 895 882 3197
f 3199 895 3198
f 754 3197 882
f 3197 754 3051
f 3200 895 3199
f 3200 3199 3201
f 3202 634 3137
f 884 3202 3203
f 884 634 3202
f 3204 884 3203
f 3205 890 3206
f 3206 890 3207
f 3208 3209 336
f 3204 3210 884
f 3210 3207 890
f 890 884 3210
f 3211 2537 3212
f 2537 3211 2536
f 3212 2537 3209
f 2537 336 3209
f 3184 3213 3214
f 3214 2959 3184
f 2959 3215 3216
f 2959 3214 3215
f 2963 2959 3216
f 2963 3216 3217
f 3218 3214 3219
f 3214 3213 3219
f 3186 877 3220
f 3186 3220 3221
f 3222 3223 3224
f 3223 3225 3224
f 3223 3226 3225
f 3227 3222 3224
f 3228 3227 3224
f 3228 3224 3229
f 3224 3230 3229
f 3229 3231 3228
f 3231 3229 3232
f 3223 3233 3226
f 3225 889 3224
f 3224 889 3230
f 3231 3232 3234
f 3235 885 3236
f 885 3225 3236
f 885 889 3225
f 3237 3235 3236
f 3226 3233 3237
f 3236 3226 3237
f 3225 3226 3236
f 3238 3239 3214
f 3214 889 3238
f 3205 3238 889
f 889 890 3205
f 889 3218 3240
f 3230 889 3240
f 889 3214 3218
f 3229 3230 3240
f 3232 3229 3240
f 3240 3218 3232
f 3218 3234 3232
f 2815 3241 891
f 891 488 2815
f 877 892 3242
f 3220 877 3242
f 3243 892 3244
f 892 3245 3244
f 892 897 3245
f 3244 3246 3247
f 3247 3233 3243
f 3244 3247 3243
f 3245 3246 3244
f 3246 3245 3248
f 3249 3246 3248
f 3250 3249 3248
f 3247 3251 3233
f 3249 3247 3246
f 3247 3249 3251
f 3245 897 3252
f 3245 3252 3248
f 3253 3254 3250
f 3248 3253 3250
f 3252 3253 3248
f 3255 3256 3254
f 3253 3255 3254
f 3255 3257 3256
f 3242 892 3258
f 3258 892 3259
f 892 3243 3259
f 3228 3231 3242
f 3258 3228 3242
f 3231 3260 3242
f 3231 3234 3260
f 3222 3227 3258
f 3259 3222 3258
f 3227 3228 3258
f 3223 3243 3233
f 3243 3223 3259
f 3259 3223 3222
f 3261 3196 3262
f 3254 3261 3262
f 3261 3254 3256
f 3237 3233 3251
f 3237 3251 3249
f 3235 3237 3249
f 3262 3235 3249
f 3196 885 3262
f 885 3235 3262
f 3261 3256 3257
f 3250 3254 3262
f 3249 3250 3262
f 3252 897 3263
f 897 3200 3263
f 897 895 3200
f 3253 3252 3263
f 3255 3253 3263
f 3263 3264 3255
f 3264 3257 3255
f 3200 3264 3263
f 2759 2981 620
f 620 902 2759
f 619 2243 744
f 3265 3266 3267
f 3266 3268 3267
f 3266 2247 3268
f 2988 3269 3270
f 3271 2988 3270
f 3268 2247 3272
f 3268 3272 3270
f 3272 3271 3270
f 3270 3267 3268
f 2884 3273 831
f 3274 831 3273
f 3275 3269 2988
f 3276 508 3277
f 3276 3277 3278
f 3278 3277 3279
f 509 3276 3280
f 509 508 3276
f 3280 3276 3281
f 3282 509 3280
f 508 906 3283
f 3277 508 3283
f 2265 2242 2247
f 2247 2264 2265
f 2264 2247 3266
f 2265 2243 2242
f 2262 3266 3284
f 3266 3265 3284
f 3266 2262 2264
f 3284 2263 2262
f 3272 2247 2253
f 2989 2253 2240
f 2253 2989 3272
f 2989 3271 3272
f 2989 2988 3271
f 3285 509 3282
f 891 3241 3286
f 3287 891 3286
f 3288 891 3289
f 891 3287 3289
f 3290 3291 3283
f 3292 3283 3291
f 3293 3292 3291
f 3291 3290 2905
f 3291 3294 3293
f 3295 3292 3293
f 3283 906 3290
f 3294 3291 2925
f 3291 2926 2925
f 3291 2905 2926
f 667 3290 906
f 3290 667 2909
f 3290 2909 2905
f 3296 509 3285
f 910 3297 541
f 3297 910 3298
f 910 3299 3298
f 910 911 2342
f 3299 910 3300
f 3299 3300 3301
f 2343 3302 910
f 910 2342 2344
f 910 2344 2343
f 3300 910 3303
f 910 3302 3303
f 3304 815 3132
f 2519 2434 2435
f 2435 2520 2519
f 2520 2435 3305
f 2520 3305 2510
f 2519 2431 2434
f 2718 3121 2453
f 2453 2717 2718
f 2717 2453 3306
f 2715 3307 2679
f 3306 2715 2717
f 2715 3306 3307
f 2718 2527 3121
f 3215 3214 3239
f 2946 3208 336
f 512 2617 383
f 512 2604 2617
f 832 3274 3308
f 832 831 3274
f 3308 3274 3309
f 3310 832 3308
f 3310 3311 919
f 919 832 3310
f 3275 2988 3312
f 3313 919 3311
f 3313 3311 3314
f 3313 3314 3315
f 902 3296 3316
f 902 509 3296
f 3317 2760 3316
f 2760 902 3316
f 3318 541 3319
f 2784 541 3318
f 541 3297 3319
f 3320 3318 3319
f 2936 3063 2437
f 3063 2936 3321
f 2936 2939 3321
f 911 2354 2342
f 911 2352 2354
f 911 158 2352
f 3312 2988 3322
f 2988 2987 3322
f 944 3323 942
f 3323 944 3324
f 3323 3324 3325
f 3323 3325 3326
f 3327 3328 944
f 3328 3327 3329
f 3330 3327 944
f 944 946 3330
f 3328 3324 944
f 3331 948 3332
f 3332 948 3333
f 891 3334 3335
f 891 3336 3334
f 3336 891 3288
f 3337 3338 861
f 861 947 3337
f 919 3337 947
f 3337 919 3313
f 3149 861 3338
f 3149 3338 3339
f 658 3333 948
f 3340 3341 3342
f 3333 658 3341
f 658 3151 3341
f 3341 3151 3342
f 2933 951 3343
f 3344 3343 951
f 951 950 3344
f 2314 936 3345
f 936 935 3346
f 936 3346 3345
f 3347 3348 935
f 935 952 3347
f 3348 3346 935
f 891 3344 950
f 891 3335 3344
f 3349 3350 129
f 129 971 3349
f 369 3349 971
f 3349 369 3351
f 2316 129 3350
f 2316 3350 3352
f 3351 369 3353
f 3351 3353 3354
f 3355 3356 1007
f 3357 1007 3356
f 3358 3359 983
f 3359 3355 1007
f 1007 983 3359
f 3360 815 3304
f 3361 815 3360
f 3362 3363 992
f 992 949 3362
f 992 2928 994
f 2928 992 3363
f 3364 1001 3365
f 3366 1001 3364
f 3367 556 2897
f 1000 3365 1001
f 3365 1000 3368
f 3365 3368 3369
f 3370 3368 1000
f 1000 979 3370
f 3371 3372 987
f 987 1002 3371
f 3371 1002 3373
f 3366 3373 1002
f 1002 1001 3366
f 554 3367 3374
f 554 556 3367
f 3118 554 3374
f 3375 3376 1008
f 1008 984 3375
f 3357 3375 984
f 984 1007 3357
f 3372 3358 983
f 983 987 3372
f 2929 3377 995
f 995 994 2929
f 995 3347 952
f 3347 995 3378
f 3378 995 3377
f 3378 3377 3379
f 3380 1008 3381
f 1008 3376 3381
f 979 3361 3382
f 979 815 3361
f 3370 979 3382
f 3383 3384 1022
f 1022 1023 3383
f 3380 3383 1023
f 1023 1008 3380
f 2325 113 2308
f 2957 2590 2606
f 2590 2608 2606
f 2590 2957 2584
f 2606 2604 2957
f 949 3331 3385
f 949 948 3331
f 3386 3362 3385
f 3362 949 3385
f 3323 3387 942
f 942 3388 908
f 3388 942 3389
f 942 3387 3389
f 3390 3330 946
f 946 2312 3390
f 3390 2312 2315
f 946 936 2312
f 936 2311 2312
f 936 2314 2311
f 3391 2901 665
f 665 1022 3391
f 3392 1022 3384
f 2688 2693 2429
f 2522 2688 2429
f 2688 2522 2521
f 2693 2422 2429
f 2688 2521 2515
f 2693 2423 2422
f 2429 2431 2522
f 3392 3391 1022
f 3353 369 2575
f 3353 2575 3393
f 3388 2593 909
f 909 908 3388
f 2593 3388 3394
f 3017 3019 1043
f 1043 1045 3017
f 1043 3018 1047
f 3018 1043 3019
f 2882 2263 3284
f 3284 2026 2882
f 2263 2882 2258
f 2260 2263 2258
f 2882 2026 2883
f 2377 1082 2402
f 1082 2411 2402
f 1082 1076 2411
f 2394 1082 2377
f 2411 1076 2418
f 1076 2421 2418
f 2420 2421 1076
f 1076 1078 2420
f 2391 1082 2392
f 1082 2394 2392
f 2373 2407 2367
f 2407 2365 2367
f 2407 1094 2365
f 2407 2409 1098
f 1098 1094 2407
f 2414 2409 2410
f 2672 1098 2414
f 1098 2409 2414
f 2356 2365 1094
f 1094 1096 2356
f 2365 2356 2360
f 1082 2391 2415
f 2417 1082 2415
f 2417 2674 1128
f 1128 1082 2417
f 2674 2417 2416
f 2356 1096 2363
f 1096 2629 2364
f 1096 1148 2629
f 2362 2363 2364
f 2363 1096 2364
f 2347 2351 1214
f 1214 1213 2347
f 2348 2347 1213
f 1213 1220 2348
f 2336 2349 2037
f 2349 2336 2339
f 2355 2351 2350
f 2619 1214 2355
f 1214 2351 2355
f 2349 2348 1220
f 1220 2037 2349
f 2336 2037 2329
f 2336 2329 2331
f 1247 3344 3335
f 1247 3335 3334
f 1249 3344 1247
f 1249 2933 3343
f 1249 3343 3344
f 2933 1249 2932
f 1249 2707 2705
f 1249 2705 2709
f 1249 2709 2931
f 1249 2931 2932
f 1247 3336 1245
f 3336 1247 3334
f 1265 3181 3178
f 1265 3178 3179
f 1279 3179 3180
f 1279 1265 3179
f 1279 3180 3188
f 3182 3181 1265
f 1265 1267 3182
f 3187 1279 3188
f 1285 2799 2802
f 1285 3185 2958
f 1285 2958 2799
f 1267 2802 2803
f 1267 1285 2802
f 1267 2803 2804
f 1267 2804 3182
f 3183 3185 1285
f 1285 1284 3183
f 1310 3053 3050
f 1310 1308 3053
f 1310 3050 3049
f 3053 1308 3052
f 1343 3047 3046
f 1343 3046 3189
f 1310 3047 1343
f 1310 3049 3048
f 1310 3048 3047
f 1308 3198 3197
f 1308 1309 3198
f 1308 3051 3052
f 1308 3197 3051
f 3189 3190 1344
f 1344 1343 3189
f 1344 3190 3191
f 1344 3191 3193
f 1344 3193 3194
f 2920 2043 2919
f 1806 2923 1808
f 2923 1806 2922
f 2923 2919 2043
f 2043 1808 2923
f 2922 1806 2921
f 2043 2920 2792
f 2043 2792 2793
f 2043 2793 2796
f 1377 2643 3395
f 2643 1377 2644
f 1377 2660 2644
f 1377 1380 2660
f 1377 2668 2667
f 1377 3395 2668
f 2677 1377 2676
f 1377 2667 2676
f 2677 2420 1078
f 1078 1377 2677
f 2420 2677 2419
f 3395 2648 3396
f 2648 3395 2651
f 2670 2669 3395
f 3395 3396 2670
f 2643 2651 3395
f 2660 1380 2655
f 1380 2653 2655
f 2669 2668 3395
f 3396 2642 3397
f 2642 3396 2649
f 2662 2671 3396
f 3396 3397 2662
f 2671 2662 2661
f 2648 2649 3396
f 2671 2670 3396
f 2636 2635 2640
f 2635 2663 2640
f 2635 1387 2663
f 2663 3397 2640
f 2640 3397 2639
f 1098 2663 1387
f 2663 2664 3397
f 2663 1098 2666
f 2642 2639 3397
f 2664 2662 3397
f 2666 1098 2672
f 2666 2672 2665
f 1387 2637 1388
f 2637 1387 2635
f 2620 1390 2626
f 1390 2637 2626
f 1390 1388 2637
f 2653 1380 2673
f 1380 2675 2673
f 2674 2675 1380
f 1380 1128 2674
f 2628 1390 2620
f 1390 2629 1148
f 2629 1390 2628
f 2629 2628 2627
f 2609 2612 1455
f 1455 1457 2609
f 2615 2609 1457
f 1457 1214 2615
f 2599 1828 2602
f 1828 2613 2602
f 2619 2615 1214
f 2615 2619 2614
f 2612 2613 1828
f 1828 1455 2612
f 2595 1828 2596
f 2596 1828 2599
f 1249 2710 2708
f 1249 1471 2710
f 1249 2708 2706
f 1471 2704 2710
f 1471 2702 2704
f 1471 2950 2930
f 1471 2930 2702
f 2707 1249 2706
f 2951 2950 1471
f 1471 1474 2951
f 3242 3260 1482
f 1482 3221 3220
f 1482 1279 3221
f 1482 3220 3242
f 1482 3218 1494
f 1482 3234 3218
f 1482 3260 3234
f 1279 3187 3186
f 1279 3186 3221
f 3218 3219 1494
f 1494 3183 1284
f 1494 3184 3183
f 1494 3219 3213
f 1494 3213 3184
f 1511 3200 1508
f 3200 1511 3264
f 3201 1508 3200
f 3196 3261 1531
f 3264 1511 3257
f 3257 1511 3261
f 1511 1531 3261
f 1309 3201 3199
f 1309 1508 3201
f 1309 3199 3198
f 1344 3196 1531
f 3196 1344 3195
f 1344 3194 3192
f 1344 3192 3195
f 1818 3398 3212
f 1818 3206 3399
f 1818 3399 3398
f 1533 3399 3206
f 1533 3398 3399
f 1533 3212 3398
f 2535 3211 1834
f 3211 2535 2536
f 2946 1818 3208
f 2947 1818 2946
f 1818 3212 3209
f 1818 3209 3208
f 1533 3211 3212
f 1533 1834 3211
f 3306 1705 3307
f 1705 1540 3307
f 1704 3307 1540
f 3307 1704 2679
f 2679 1704 2680
f 1704 2690 2683
f 1704 2683 2680
f 1705 3306 2453
f 1705 2453 2452
f 1801 2327 1792
f 2327 1801 2326
f 1801 2594 2326
f 2327 2321 1803
f 1803 1792 2327
f 2321 2327 2318
f 2578 1801 2579
f 2594 1801 2578
f 1801 1829 2579
f 2579 1829 2580
f 2582 2580 1829
f 2322 1803 2321
f 1593 2713 2711
f 1593 2711 2735
f 1593 3135 2714
f 1593 1594 3135
f 1593 2712 2713
f 1593 2714 2712
f 1595 2735 2734
f 1595 1593 2735
f 1595 2733 2778
f 1595 2734 2733
f 1915 2770 2024
f 2770 1915 2771
f 1915 2775 2771
f 2770 2769 2026
f 2026 2024 2770
f 2775 1915 2773
f 2775 2773 2772
f 2883 2026 2768
f 2026 2769 2768
f 1619 2783 2782
f 1619 2782 2785
f 1621 2785 2784
f 1621 1619 2785
f 1621 2784 3318
f 1619 2780 2781
f 1619 1620 2780
f 1619 2781 2783
f 1271 2750 1654
f 1271 2816 2751
f 1271 2751 2750
f 1271 3289 3287
f 1271 1245 3289
f 1271 3287 3286
f 1271 3286 3241
f 1271 2815 2816
f 1271 3241 2815
f 1772 2880 2767
f 1772 2724 2722
f 1772 2767 2724
f 2696 1710 2695
f 1710 2762 2694
f 1710 2694 2695
f 2722 2723 1884
f 1884 1772 2722
f 1884 2723 2719
f 1884 2719 2721
f 1711 2696 2697
f 1711 1710 2696
f 1711 2697 2698
f 1711 2698 2701
f 2701 2700 1712
f 1712 1711 2701
f 1723 2940 1724
f 2940 1723 2941
f 2942 2941 1723
f 1723 1726 2942
f 2290 2292 1746
f 1746 1747 2290
f 2292 2293 1749
f 1749 1746 2292
f 1044 3130 3126
f 1044 3123 3125
f 1044 3126 3123
f 1044 3129 3128
f 1044 1712 3129
f 1044 3128 3130
f 1045 3125 3124
f 1045 1044 3125
f 1045 3124 3131
f 1750 2894 2891
f 1750 1752 2894
f 1750 2891 2892
f 1753 2892 2890
f 1753 1750 2892
f 1753 2890 3158
f 3167 1758 3166
f 1758 1757 3166
f 3166 1757 2220
f 2220 1757 2221
f 2222 2221 1757
f 1757 1054 2222
f 1771 2885 2879
f 1771 2879 2881
f 2881 2880 1772
f 1772 1771 2881
f 3309 2885 1771
f 2885 3309 3274
f 2885 3273 2884
f 2885 3274 3273
f 3309 1771 3308
f 1771 3314 3311
f 1771 1770 3314
f 1771 3310 3308
f 1771 3311 3310
f 1712 2700 2699
f 1712 2699 3127
f 1712 3127 3129
f 2910 2911 1819
f 3353 3326 3354
f 3326 3325 3354
f 3393 3326 3353
f 2576 3393 2575
f 3323 3393 3387
f 3393 2576 3389
f 3393 3389 3387
f 3326 3393 3323
f 2913 1819 2911
f 3352 3329 2316
f 2316 3327 2304
f 2305 2304 3327
f 3327 2316 3329
f 3330 2305 3327
f 3390 2313 3330
f 2313 2305 3330
f 2315 2310 3390
f 2310 2313 3390
f 3329 3352 3350
f 3351 3329 3349
f 3329 3350 3349
f 3328 3325 3324
f 3354 3329 3351
f 3329 3354 3328
f 3354 3325 3328
f 2904 3294 2925
f 3293 2904 2906
f 2904 3293 3294
f 2906 2907 1807
f 1807 3293 2906
f 1819 2907 2903
f 1819 1807 2907
f 1819 2903 2908
f 1819 2908 2910
f 1813 3374 3367
f 1813 2897 2898
f 1813 3367 2897
f 1813 3117 3116
f 1813 1753 3117
f 1813 3116 3118
f 1813 3118 3374
f 2898 2899 1814
f 1814 1813 2898
f 1753 3158 3115
f 1753 3115 3117
f 1816 2791 2794
f 1816 1656 2791
f 1816 2794 2800
f 1815 2961 2960
f 1815 1816 2961
f 1815 2960 2962
f 1816 2801 2798
f 1816 2798 2961
f 2800 2801 1816
f 2947 2949 1805
f 1805 1818 2947
f 1805 2948 1806
f 2948 1805 2949
f 2871 1820 2870
f 1821 2871 2868
f 1821 1820 2871
f 1821 2869 2874
f 1821 2868 2869
f 1820 3203 3202
f 1820 1533 3203
f 1820 2872 2870
f 1820 3137 2872
f 1820 3202 3137
f 2875 1821 2874
f 2846 1823 2845
f 2847 1825 2846
f 1825 1823 2846
f 1823 2206 2204
f 1823 2204 2845
f 2210 2206 1823
f 1823 1653 2210
f 2954 1474 2953
f 1474 2952 2951
f 1474 2954 2956
f 1474 2956 2952
f 2573 2570 2592
f 2570 1829 2592
f 1829 2570 2571
f 1829 2571 2572
f 2582 1829 2581
f 1829 2572 2581
f 2593 2573 2592
f 2573 3394 2574
f 3394 2573 2593
f 2574 3394 2577
f 1829 2591 2592
f 3388 2576 3394
f 2576 2577 3394
f 2913 2914 1819
f 3389 2576 3388
f 2589 2591 2586
f 2591 1829 2586
f 1829 2585 2586
f 2915 1819 2914
f 1710 2764 2761
f 1710 1831 2764
f 1710 2761 2762
f 1487 2953 1474
f 2953 1487 2955
f 1487 2915 2912
f 1487 1819 2915
f 1487 2912 2955
f 1818 3205 3206
f 1818 3238 3205
f 1818 3239 3238
f 1818 1832 3239
f 1533 3206 3207
f 1533 3207 3210
f 3203 1533 3204
f 1533 3210 3204
f 1832 3216 3215
f 1832 3215 3239
f 2447 1839 2448
f 1724 2940 2441
f 1724 2441 2439
f 1724 2439 2438
f 2448 1839 2449
f 1724 2438 2443
f 1724 2442 1833
f 2442 1724 2443
f 2463 2467 1835
f 1835 1833 2463
f 2467 2468 1834
f 1834 1835 2467
f 1853 3177 3174
f 1853 1852 3177
f 1853 3174 3175
f 1853 3175 3173
f 1853 2943 2944
f 1853 3173 2943
f 2944 2942 1726
f 1726 1853 2944
f 1862 2273 2272
f 1862 1864 2273
f 2279 1862 2276
f 1862 2272 2277
f 1862 2277 2276
f 1868 2279 2278
f 1868 1862 2279
f 2280 1868 2278
f 2752 1654 2750
f 2752 2753 1883
f 1883 1654 2752
f 3113 3114 1894
f 1894 1897 3113
f 1900 3114 3109
f 1900 3109 3120
f 1900 1894 3114
f 3113 1897 3030
f 3030 1897 3032
f 3033 3032 1897
f 1897 1898 3033
f 3119 1900 3120
f 1825 2847 2836
f 1825 2836 3034
f 2194 2191 1913
f 2209 2210 1653
f 1653 1931 2209
f 1931 1913 2190
f 2209 1931 2190
f 2190 1913 2191
f 1911 2977 2201
f 1911 2201 2200
f 2200 2194 1913
f 1913 1911 2200
f 1758 3167 2975
f 1758 2975 2974
f 1758 2977 1911
f 2977 1758 2974
f 1752 2895 2893
f 1752 2893 2894
f 3073 1045 3072
f 1045 3073 3014
f 1045 3014 3017
f 2227 1047 2223
f 2215 2214 1935
f 2223 1047 2225
f 2214 2222 1054
f 1054 1935 2214
f 1914 2924 2916
f 1914 1918 2924
f 1914 2916 2917
f 1914 2917 2813
f 1914 2813 2814
f 1914 2774 1915
f 1914 2766 2774
f 1914 2814 2765
f 1914 2765 2766
f 2003 3280 2004
f 2003 3282 3280
f 2003 3285 3282
f 2003 3316 3296
f 2003 3296 3285
f 3281 2004 3280
f 3316 2003 3317
f 1549 3385 3331
f 1549 1551 3385
f 1549 3332 3333
f 1549 3333 3341
f 1549 3331 3332
f 3385 1551 3386
f 3340 1549 3341
f 1900 3135 1594
f 1900 3136 3134
f 1900 3134 3135
f 3136 1900 3119
f 1928 2887 2876
f 1928 1545 2887
f 1928 2876 2877
f 1928 2877 2727
f 1928 2727 2728
f 1928 2728 2729
f 2729 2732 1930
f 1930 1928 2729
f 3320 1621 3318
f 1883 2753 2748
f 1883 2748 2749
f 1883 2749 2755
f 3313 3315 3338
f 3337 3313 3338
f 3315 1770 3339
f 3315 3339 3338
f 1770 3150 3149
f 1770 3149 3339
f 2777 1595 2778
f 3314 1770 3315
f 3072 1045 3131
f 1755 1754 2232
f 1672 2234 2235
f 1672 2812 2234
f 1672 3145 2811
f 1672 2811 2812
f 1755 2232 2231
f 2863 1755 2866
f 1755 2231 2866
f 2236 1935 2235
f 1754 2230 2229
f 1754 2229 2232
f 1935 1672 2235
f 3145 1672 3146
f 2865 1755 2863
f 1672 1671 3146
f 2230 1754 2228
f 2215 1935 2236
f 1754 1047 2227
f 1754 2227 2228
f 1945 1755 2865
f 3153 1945 3138
f 1671 3144 3143
f 1671 3143 3146
f 1945 2865 2867
f 3138 1945 3139
f 1945 2867 3139
f 1961 3144 1671
f 3144 1961 3142
f 3153 3154 1945
f 3142 1961 3141
f 3141 1961 3157
f 1945 3164 1946
f 1945 3155 3152
f 1945 3152 3156
f 1945 3156 3164
f 3154 3155 1945
f 1961 2807 2806
f 1961 2806 3157
f 3171 1983 3170
f 3177 1852 3176
f 1984 3170 1983
f 1984 2937 2934
f 1984 2934 3170
f 1840 2935 2938
f 1840 3321 2939
f 1840 2939 2935
f 2938 2937 1984
f 1984 1840 2938
f 1752 2747 2746
f 1752 1954 2747
f 1752 2746 2895
f 1954 2738 2739
f 1954 2739 2747
f 2736 2738 1954
f 1954 1956 2736
f 1770 3147 3148
f 1770 1769 3147
f 1770 3148 3150
f 3176 1852 3160
f 1852 1963 3161
f 3172 1983 3171
f 1852 3161 3160
f 3164 3165 1963
f 1963 1946 3164
f 1961 2810 2808
f 1961 1968 2810
f 1961 2808 2807
f 3034 3033 1898
f 1898 1825 3034
f 1545 2888 2886
f 1545 2886 2887
f 1545 3342 3151
f 1545 1549 3342
f 1545 2889 2888
f 1545 3151 2889
f 2535 2468 2457
f 2468 2535 1834
f 1918 2797 2795
f 1918 2795 2924
f 1968 3168 2809
f 1968 1983 3168
f 1968 2809 2810
f 1983 3172 3169
f 1983 3169 3168
f 3161 1963 3162
f 1963 3165 3163
f 1963 3163 3162
f 2779 1595 2777
f 1620 2779 2776
f 1620 1595 2779
f 1620 2776 2780
f 1245 3336 3288
f 1245 3288 3289
f 1987 3045 3042
f 1987 3042 3041
f 1987 3041 3043
f 1831 3043 2763
f 1831 1987 3043
f 1831 2763 2764
f 1987 2875 2873
f 1987 1821 2875
f 1987 2873 3044
f 1987 3044 3045
f 1687 2300 1991
f 2300 1687 2285
f 1687 1989 2285
f 1989 2286 2285
f 1989 2283 2284
f 1989 1811 2283
f 1989 2284 2287
f 2301 2568 2299
f 2568 1991 2299
f 1991 2300 2299
f 2286 1989 2288
f 2288 1989 2287
f 1864 2275 2274
f 1864 2274 2273
f 1864 2271 2270
f 1864 1749 2271
f 1864 2270 2269
f 1864 2269 2275
f 2283 1811 2282
f 1811 1814 2294
f 2294 1814 2296
f 2282 1811 2295
f 1811 2294 2295
f 1814 2298 2296
f 1814 2899 2896
f 1814 2896 2900
f 1814 2900 2902
f 1814 2902 2901
f 1814 3380 3381
f 1814 3383 3380
f 1814 3384 3383
f 1814 2901 3391
f 1814 3391 3392
f 1814 3392 3384
f 3358 1992 3359
f 1992 1814 3381
f 3359 3381 3355
f 3371 3358 3372
f 1992 3381 3359
f 1992 3358 3371
f 3369 1992 3373
f 1992 3371 3373
f 3364 3369 3373
f 3369 3364 3365
f 3366 3364 3373
f 3355 3381 3376
f 3355 3357 3356
f 3355 3375 3357
f 3355 3376 3375
f 2564 2298 1814
f 1814 1993 2564
f 2298 2564 2297
f 1992 3369 3368
f 3382 1992 3370
f 1992 3368 3370
f 1840 2447 2446
f 1840 1839 2447
f 1840 2446 3063
f 1840 3063 3321
f 2007 2290 1747
f 2290 2007 2291
f 2007 2563 2291
f 2563 2007 2472
f 2563 2472 2562
f 2267 1749 2268
f 1749 2267 2266
f 1749 2266 2271
f 1749 2293 2268
f 2268 2293 2289
f 2280 2494 2000
f 2000 1868 2280
f 2494 2280 2281
f 2485 2000 2489
f 2000 2494 2489
f 2005 3281 3276
f 2005 2004 3281
f 2005 3276 3278
f 2568 2569 2012
f 2012 1991 2568
f 2504 2013 2501
f 2013 2547 2501
f 2013 2012 2547
f 2504 2482 2013
f 2482 2504 2480
f 2480 2504 2488
f 2013 2472 2007
f 2472 2013 2471
f 2471 2013 2475
f 2475 2013 2482
f 2565 1993 2566
f 2564 1993 2565
f 2557 2012 2567
f 2012 2569 2567
f 2543 2018 2540
f 2000 2540 2018
f 2540 2000 2496
f 2000 2493 2496
f 2493 2000 2491
f 2547 2012 2557
f 2547 2557 2545
f 2000 2485 2486
f 2491 2000 2486
f 1993 2560 2561
f 1993 2015 2560
f 2566 1993 2561
f 2560 2015 2559
f 2015 2555 2559
f 2015 2018 2543
f 2015 2543 2546
f 2555 2015 2556
f 2015 2546 2556
f 3132 2019 3304
f 2019 1992 3382
f 3133 2019 3132
f 3304 2019 3360
f 2019 3382 3360
f 3360 3382 3361
f 2002 2016 2428
f 2427 2002 2428
f 2428 2016 2436
f 2016 2020 2436
f 2508 3305 2020
f 2020 2021 2508
f 3305 2508 2510
f 2020 3305 2435
f 2433 2020 2435
f 2425 2002 2427
f 2436 2020 2433
f 2505 2019 3133
f 2692 2691 1904
f 1904 2002 2692
f 2692 2002 2423
f 2002 2425 2423
f 1904 2690 1704
f 2690 1904 2691
f 2463 1833 2464
f 1833 2442 2464
f 1843 1705 2462
f 2454 1843 2462
f 2462 1705 2452
f 2445 1843 2454
f 2225 1047 2226
f 2226 1047 3018
f 2756 2758 2003
f 2003 2025 2756
f 2003 2758 2757
f 2003 2757 2760
f 2003 2760 3317
f 2449 1839 2444
f 1839 1843 2445
f 1839 2445 2444
f 3320 3319 1621
f 1621 3319 3297
f 1621 3297 3298
f 3303 2334 2330
f 2334 3303 3302
f 2334 3302 2343
f 1656 2787 2786
f 1656 2786 2789
f 1656 2789 2790
f 1656 2790 2791
f 2788 2787 1656
f 1656 1655 2788
f 3278 3279 2039
f 2039 2005 3278
f 2039 3279 3277
f 2039 3277 3283
f 2044 3216 1832
f 3216 2044 3217
f 2044 2962 2963
f 2044 1815 2962
f 2044 2963 3217
f 2607 2585 1829
f 2585 2590 2583
f 2585 2608 2590
f 2585 2607 2608
f 1829 2597 2607
f 1829 1828 2595
f 1829 2595 2597
f 2774 2773 1915
f 2796 2797 1918
f 1918 2043 2796
f 2026 3267 3270
f 2026 3284 3265
f 2026 3265 3267
f 2026 3270 2027
f 2048 2743 2047
f 2048 2878 2741
f 2048 2741 2743
f 2048 2730 2731
f 2048 2731 2878
f 2732 2730 2048
f 2048 1930 2732
f 2047 2743 2742
f 2047 2742 2744
f 2744 2745 1956
f 1956 2047 2744
f 1956 2737 2736
f 1956 2745 2740
f 1956 2740 2737
f 2025 2759 2756
f 2025 2984 2982
f 2025 2982 2981
f 2025 2981 2759
f 2984 2025 2985
f 2986 2985 2025
f 2025 2027 2986
f 3340 3342 1549
f 1621 3301 2035
f 1621 3298 3299
f 1621 3299 3301
f 1551 3379 3377
f 1551 2307 3379
f 1551 2927 2928
f 1551 2928 3363
f 1551 2929 2927
f 1551 3377 2929
f 1551 3363 3362
f 1551 3362 3386
f 1550 2307 1551
f 2330 3301 3300
f 2330 2035 3301
f 2330 3300 3303
f 2035 2329 2037
f 2035 2330 2329
f 2505 2508 2021
f 2021 2019 2505
f 3283 3292 2039
f 2039 3295 1810
f 3295 2039 3292
f 1807 3295 3293
f 1807 1810 3295
f 2314 3345 2302
f 2306 2314 2302
f 2306 2309 2314
f 3379 2303 2302
f 2302 3345 3346
f 2302 3346 3348
f 2302 3348 3347
f 2302 3347 3378
f 2302 3378 3379
f 3379 2307 2303
f 2313 2309 2306
f 2305 2313 2306
f 3312 3322 2027
f 2027 3270 3269
f 2027 3269 3275
f 2027 3275 3312
f 2027 2983 2986
f 2027 3322 2987
f 2027 2987 2983
f 1883 3147 1769
f 1883 2755 2754
f 1883 2754 3147
f 1884 2726 1655
f 1884 2721 2720
f 1884 2720 2726
f 2319 2073 2320
f 2073 1802 2317
f 2320 2073 2317
f 1803 2317 1802
f 2317 1803 2323
f 2323 1803 2322
f 1550 2308 2307
f 1550 2325 2308
f 1550 2073 2319
f 1550 2319 2324
f 1550 2324 2325
f 1806 2918 2921
f 1806 2948 2945
f 1806 2945 2918
f 1655 2726 2725
f 1655 2725 2788
