v 0 0 9
v 0 0 11.30260608469958
v 0 2.1673393742573399 9
v 2.0691510797190649 0 10.68169773224774
v 2.6690334888361882 0 9
v 2.0970298909604721 2.1872211616425061 18
v 0 3 18
v 0 0 18
v 0 1.663289711277699 15.81396860806413
v 2.905376768735223 0.00319361791035548 18
v 0 0 15.871166094488791
v 1.3327400049345339 0 16.88147993198147
v 0 6 9
v 2.9999985694885249 6 9
v 1.9870108222938261 3.962335663400653 9
v 1.4999992847442629 6 10.28003466189708
v 0 4.08366968712867 9
v 0 3.7243093004017038 10.53941867184264
v 0 6 11.28499084743677
v 0 6 18
v 2.9999985694885249 6 18
v 1.562243197768471 6 16.91351133024865
v 2.215149188986528 4.2775731884900683 18
v 0 4.3569041263006847 16.454094818133601
v 0 6 15.78499084743677
v 2.9999985694885249 7.3851668803391686 10.212753495721291
v 2.9999985694885249 9 9.0010933218914619
v 4.2987520119500902 7.6517095587217581 9
v 4.1650475511743021 3.393003245460565 9
v 4.9504490059167994 4.9803812813323161 9
v 2.9999985694885249 6 11.560069323794171
v 5.8883800673061266 6.8549294742512021 9
v 2.9999985694885249 9 18
v 2.9999985694885249 7.3421938419787436 16.903677626188529
v 4.5143484023459823 7.3648597318408218 18
v 2.9999985694885249 6 15.61791554363173
v 4.1570560285906248 3.5591684160151158 18
v 4.6264961152335591 5.6818829477318058 18
v 4.4662089314180573 9 10.34224252360082
v 5.9999990463256836 9 9
v 2.9999985694885249 9 11.28499084743677
v 5.9999990463256836 9 18
v 4.6113165078369578 9 16.747975436189289
v 2.9999985694885249 9 15.854972542310311
v 8.9238062397569493 9.3282756098134989 9
v 8.0555484385695433 7.0425852971039724 9
v 5.9999990463256836 9 12.34473768964355
v 5.9999990463256836 10.77429488395236 10.33073549637774
v 7.6938193866393414 9.6213368853298356 18
v 5.9999990463256836 12 18
v 5.9999990463256836 10.43394592794232 16.8664321587869
v 8.4246305308950102 7.2096119623429669 18
v 6.9769795660393594 5.6818829477318058 18
v 5.9999990463256836 9 15.854972542310311
v 5.9999990463256836 12 11.28499084743677
v 7.8205164970154772 12 11.28499084743677
v 5.9999990463256836 12 9
v 8.1688011118484418 12 9
v 8.6918393854833305 12 18
v 7.5304627517389982 12 16.69885449415456
v 5.9999990463256836 12 15.854972542310311
v 13.476241286880789 0 6.0139465820794697
v 13.458792686462401 0 9
v 13.458792686462401 2.2501759133571362 7.5253987922641761
v 15.358641904174631 0 7.7280540267971336
v 16.458791732788089 2.0175064930330562 5.9999995231628418
v 16.458791732788089 0 5.9999995231628418
v 13.458792686462401 2.048114258776387 5.9999995231628418
v 16.24836260887799 0 9.6997015607581272
v 15.290562061706 0 11.458077040127611
v 13.458792686462401 2.231743089988965 9
v 11.18538263876848 0 10.67034877431926
v 11.7004864159289 0 9.0179483640648748
v 12.799887423045019 0 10.82172995720536
v 11.524947734107769 1.6238401741279589 9
v 13.458792686462401 9 15.54298370211489
v 13.458792686462401 12 18
v 13.458792686462401 9 18
v 11.67794646765096 12 18
v 16.458791732788089 9 18
v 15.101653497228821 7.5311486485344279 18
v 14.06836910021952 5.8409414738659029 18
v 12.55737404650373 7.1528584476777572 18
v 11.520417175818681 8.692213054625336 18
v 13.458792686462401 12 15
v 11.67794646765096 12 15.854972542310311
v 14.958792209625241 18 5.9999995231628418
v 15.034523556546491 16.839210735946349 5.9999995231628418
v 13.47277969922304 18 5.9999995231628418
v 15.212419182505609 18 7.5625826433749914
v 13.46621086503948 18 7.6623930794818147
v 13.458792686462401 16.98392833735711 6.9405858192088683
v 13.458792686462401 18 12
v 13.458792686462401 15 12
v 15.08300206260901 16.536521769975121 12
v 13.458792686462401 16.500585896869271 10.45094099673191
v 14.958792209625241 18 12
v 15.05411980836841 18 10.36390785440331
v 13.458792686462401 18 10.59285584139263
v 18.680821608732039 0 5.8577125385180349
v 16.458791732788089 0 2.9999995231628418
v 16.458791732788089 1.531283104972285 4.0822677779911967
v 17.943380815301751 2.7634048551053332 2.9999995231628418
v 19.458793640136719 0 2.9999995231628418
v 16.458791732788089 2.7772212807977059 2.9999995231628418
v 17.25754267928124 0 8.5070720196456691
v 16.458791732788089 7.5 16.5
v 16.458791732788089 6 18
v 16.458791732788089 6 15
v 16.458791732788089 9 15
v 15.02515709481642 3.9729323938974228 18
v 17.23892888202575 3.3754628740146382 18
v 17.167400360107418 18 10.694704055786129
v 16.91395378112793 18 10.28308010101318
v 16.458791732788089 18 12
v 17.50871379453109 18 11.075293774536741
v 17.852550413370071 18 11.35292393164181
v 18.28487396240234 18 11.597001075744631
v 17.483351748496251 18 12.738650236710731
v 16.458791732788089 16.777008426184469 13.51979049558779
v 16.458791732788089 18 13.5
v 16.458791732788089 15.944220208580891 15
v 18.007429671594849 16.50751536139482 15
v 16.458791732788089 18 15
v 18.82413639339552 17.98746690893827 15
v 17.7000365450568 18 13.90230529093556
v 16.611360549926761 23.538239082431211 8.8790426254272461
v 16.631877899169918 25 9.3620004653930664
v 16.611360549926761 25 8.8790426254272461
v 17.721098451315999 25 8.433688037211251
v 16.672760009765621 25 8.3995637893676758
v 16.640229660851581 23.55427785023025 9.4007535749907607
v 16.73371696472168 25 9.8345451354980469
v 17.716874804611109 25 9.4910465731780427
v 16.82216835565157 25 7.9217728071082636
v 16.78834800578214 23.866002252632921 8.0221330738233867
v 16.678976334122879 23.303080973259831 8.379265559178803
v 16.968524328355791 23.36907428408696 10.37170842085283
v 16.89523339650021 25 10.236492798591581
v 16.75102411088573 22.8373064904854 9.8776154713075712
v 17.03193473815918 25 7.5057239532470703
v 16.980260122155901 23.81890688777322 7.6082149458688386
v 16.900100387930749 19.512815353265911 10.248604729311319
v 17.167400360107418 25 10.694704055786129
v 18.419410948157982 25 10.342644184297161
v 17.319377899169918 25 7.1170768737792969
v 17.275118999569589 23.29979787170225 7.176918589997701
v 18.267114315291181 25 7.7100458634514162
v 17.214258977958089 19.31319178570925 10.74794538710978
v 17.258237343048219 23.126988359166319 10.79791414022789
v 17.48676872253418 25 11.05757427215576
v 17.668365478515621 25 6.7825980186462402
v 17.615989709335341 23.514910298572389 6.8327963304170476
v 17.86286544799805 19.268074546048769 11.361252784729
v 17.528566741660921 19.278456946715149 11.09132399507946
v 17.86286544799805 23.99524516307968 11.361252784729
v 17.86286544799805 25 11.361252784729
v 17.553849546351799 22.664108666521582 11.11173854272737
v 18.068862915039059 25 6.5119094848632812
v 18.28487396240234 23.72822065011108 11.597001075744631
v 18.28487396240234 25 11.597001075744631
v 18.607319012737271 25 6.287288304513404
v 18.330751956808431 23.617026037230911 6.3935281308151852
v 19.364746486612209 25 7.4274728836554624
v 17.93408293546884 22.932538739089111 6.6030046872941863
v 18.73593162396018 18 12.868570958706441
v 18.740655899047852 18 11.75803852081299
v 18.740655899047852 18.939920335377359 11.75803852081299
v 18.31373645245937 19.44772885721444 11.607198806903749
v 18.740655899047852 25 11.75803852081299
v 18.977140426635739 25 6.1909942626953116
v 18.696770043059612 23.37877217405601 6.2639970592506424
v 19.217096328735352 18 11.83973217010498
v 19.186037863397718 23.776861524855491 11.83440667878069
v 19.217096328735352 25 11.83973217010498
v 19.571513719705269 25 10.64476450681947
v 18.667901609010801 23.19737878915873 11.73233288387714
v 19.40094849034605 25 6.1549229560392362
v 19.11345493745581 23.668469557483579 6.1793922122802813
v 19.70048904418945 18 11.83973217010498
v 19.657308221683468 19.699945520592511 11.84156649804221
v 19.165503135668121 19.365603813331479 11.83088565759752
v 19.615065397438009 25 11.84336097967002
v 21.064455324727991 0 1.7222231354938611
v 19.458793640136719 0 0
v 19.458793640136719 1.6108325872317431 1.5380151328212579
v 19.458793640136719 3 0
v 21.08094558165751 1.4488545065164511 0
v 22.18210139815864 0 0
v 19.458793640136719 3.0740309332069069 2.9999995231628418
v 20.901198032748241 0 4.103654861725925
v 19.458793640136719 0 15
v 19.458793640136719 0 18
v 17.603772302549931 0 16.32421615934874
v 19.458793640136719 2.1673393742573399 18
v 22.438452354249979 0 15
v 21.045015261413401 1.73018383787925 15
v 20.677906512089329 0 13.209892213482989
v 17.456380388043691 0 13.371206890537451
v 19.46489962619987 3.7449861546667869 15
v 17.481134496547039 0 18
v 19.458793640136719 4.5 1.4999997615814209
v 19.458793640136719 6 2.9999995231628418
v 19.458793640136719 6 0
v 21.02107296400624 6 1.6807020625744471
v 22.458793640136719 6 0
v 21.600346297428679 3.4491415200950759 0
v 20.676057745620351 7.6552419971393073 2.9999995231628418
v 22.458793640136719 6 2.9999995231628418
v 16.458791732788089 4.7444753884439077 2.9999995231628418
v 18.06274462903621 7.896893259072983 2.9999995231628418
v 19.924798523649969 25 6.1896625533853769
v 19.563097238881731 23.871822531427799 6.15887717966437
v 20.171526035788791 25 11.758965030295901
v 19.79186957205636 23.973325525732061 11.82406345617872
v 20.74639951616965 18 12.90129211585035
v 20.166787448907421 18 11.7597775399628
v 20.40824127197266 25 6.3127985000610352
v 20.26260754629714 23.41499347775385 6.2748785679950583
v 20.632711410522461 18 11.597001075744631
v 20.26784765208274 19.024243795214559 11.7259151961453
v 20.632711410522461 25 11.597001075744631
v 20.31742524214658 24.06678238290846 11.70839837989039
v 20.39207297190644 25 7.494837117624634
v 20.848722457885739 25 6.5119094848632812
v 20.63874539346585 24.035626133620429 6.416993421658761
v 22.458793640136719 18 12
v 21.054719924926761 18 11.361252784729
v 20.703924591161499 19.197093272240679 11.55721897405614
v 21.054719924926761 25 11.361252784729
v 20.43158317893128 25 10.2628000664829
v 20.724488179892219 23.76527001872606 11.54573145488307
v 21.288120152819989 25 6.819880843469619
v 21.056263906122549 23.214302901009191 6.6521827680335361
v 21.430818557739261 18 11.05757427215576
v 21.099867864961901 19.327025934526329 11.32479836006627
v 21.451330332097609 23.767328175121449 11.03426840555271
v 21.416555159217111 25 11.06807996220107
v 21.082015654124159 23.81901310762138 11.3392130171811
v 21.598209381103519 25 7.1170768737792969
v 21.418025558060219 23.603068128092421 6.9443849127237369
v 21.736934659564199 18 10.709759358168411
v 21.384427067733071 19.189656648779732 11.095032793543581
v 21.750185012817379 25 10.694704055786129
v 21.169717037245839 25 9.7985904441091751
v 20.9574114319275 25 8.6496357260689773
v 21.885652542114261 25 7.5057239532470703
v 21.683840566160981 24.007673551165329 7.2328573636226654
v 22.003631591796879 18 10.28308010101318
v 21.892650831693839 19.612234241984151 10.463324551584421
v 21.647496463885901 19.150457861569091 10.81138073042416
v 21.807345289509762 23.46556782053138 10.60186974236683
v 22.003631591796879 25 10.28308010101318
v 22.09318138552074 25 7.9173384986928772
v 22.078027486174911 24.01072051297184 7.8872821205596964
v 21.883441057691879 23.990835867817989 7.5027338422316454
v 23.684068556163691 18 10.35138397137726
v 22.083533184346749 19.186738576844181 10.084238051017239
v 22.046629512209119 23.331778393133991 10.176076043052801
v 22.183868408203121 25 9.8345451354980469
v 22.24482536315918 25 8.3995637893676758
v 22.28598386581934 23.40649647105516 9.35553937025416
v 22.285709381103519 25 9.3620004653930664
v 22.183868408203121 23.45903160717004 9.8345451354980469
v 22.30622673034668 25 8.8790426254272461
v 22.223594667284321 23.298710969677661 8.3302389718113083
v 22.300104816878392 23.601044815991781 8.8312370458662741
v 22.458793640136719 1.206268428029895 13.54666938203651
v 22.458793640136719 0 12
v 23.788457032487631 0 10.39341808698717
v 25.458793640136719 0 12
v 23.922103177736918 1.1207222380359829 12
v 22.355933283582122 0 10.352919513147089
v 22.458793640136719 2.1673393742573399 12
v 20.594095230102539 0 11.64249542371839
v 20.76684589859703 0 9.985741007687718
v 22.458793640136719 3.071467792494913 15
v 22.458793640136719 7.4570234976348218 1.640027885417356
v 22.458793640136719 9 0
v 23.899447253028889 7.3714591382902146 0
v 24.409403357442759 3.299190838151937 0
v 25.265417081798748 5.9081594859979694 0
v 25.458793640136719 9 0
v 24.056051043562292 9 1.547706783766442
v 22.439380044442949 18 13.469959057303059
v 22.458793640136719 16.660525683573589 13.36518034759017
v 23.771594477244101 16.48811805097635 12
v 23.958793640136719 18 12
v 22.458793640136719 18 15
v 20.594095230102539 18 15
v 22.458793640136719 15.944220208580891 15
v 25.458793640136719 0 9
v 25.458793640136719 1.1135910275712311 10.561168207883449
v 22.262898154209751 0 8.5325726663395827
v 25.458793640136719 2.1673393742573399 9
v 24.133111138938659 0 6.9727826325745959
v 25.542580615612032 0 5.3839775830888099
v 27.741237210192011 0 7.235122811644807
v 27.137201968128139 0 9
v 25.458793640136719 2.1673393742573399 12
v 25.458793640136719 12 0.011150209958672649
v 26.864631513213411 10.54661862772744 0
v 25.458793640136719 10.5 1.616140436290689
v 28.57016340183651 8.8783254905583249 0
v 27.074925924081111 7.3067748873063572 0
v 25.458793640136719 9 2.9999997615814209
v 25.458793640136719 9 5.9999995231628418
v 23.957577297872099 9 4.4564431403729534
v 25.458793640136719 10.265276457229721 4.5957125534861074
v 28.458794593811039 12 0
v 27.101071854895249 12 1.2930234564713441
v 29.95879507064819 10.5 0
v 31.458795547485352 12 0
v 31.458795547485352 9 0
v 31.458795547485352 10.507106332044501 2.1114110270383901
v 32.701812487064693 9 1.299659841782572
v 34.458793640136719 9 0
v 32.958794593811042 7.5 0
v 30.163109041824161 7.2065983720897329 0
v 31.46856489288389 9 3.378060389055459
v 31.620956252681829 5.8269810307443137 0
v 31.458795547485352 9 9
v 34.458793640136719 9 9
v 33.030307692970808 9 7.4006440140717036
v 32.942700773807992 7.2338408918566186 9
v 31.479413006208329 5.9706347566638378 9
v 29.763273750060481 8.2746455727154817 9
v 28.780764760508241 10.0976627924629 9
v 31.458795547485352 9 5.6598373234214696
v 31.458795547485352 12 6.7150091525632316
v 29.740440073108871 12 1.75256013075124
v 31.458795547485352 12 2.098483623560738
v 34.458793640136719 6 0
v 34.458793640136719 7.5125661853878336 1.0758104754375999
v 37.458793640136719 6 0
v 35.483373656676633 4.3162152147479969 0
v 36.106435657758723 6 1.0930110906984529
v 33.302576326212112 3.7616975942666371 0
v 34.458793640136719 6 2.1450274576896948
v 34.458793640136719 7.8110737864865234 7.8013997309367547
v 34.458793640136719 6 9
v 37.458793640136719 6 9
v 36.020437996836471 6 6.8001041111874896
v 35.847093155118337 4.0939169185348856 9
v 33.514249883741108 3.7321582115538701 9
v 34.458793640136719 6 6.3780603904344391
v 34.458793640136719 7.3756397275195518 6.1266843725622024
v 34.458793640136719 9 2.1450274576896948
v 34.458793640136719 9 6.1074110752708961
v 37.458793640136719 0 0
v 35.300136803634743 2.403413865154163 0
v 37.454983230290182 3.1414463784089079 0
v 35.182780975708972 0 0
v 37.458793640136719 1.8084178347296229 1.406246393685576
v 37.458793640136719 0 2.1450274576896948
v 36.045617173094023 0 6.8484286566584212
v 37.458793640136719 0 7.1292705247800816
v 37.458793640136719 0 9
v 37.458793640136719 1.3591703924527181 7.4326115437909728
v 35.534356327913272 1.9504431176502941 9
v 35.182780975708972 0 9
v 37.458793640136719 2.1673393742573399 9
v 37.458793640136719 3.497798106612275 2.0079774193970552
v 37.458793640136719 6 2.2150091525632321
v 37.441570027746081 4.0805968662824181 9
v 37.458793640136719 3.689110893296681 7.257968839852694
v 37.458793640136719 6 6.6928936569038129
v 3.6942103857020032 1.541807050069296 9
v 25.458793640136719 4.4634861799779308 12
v 25.458793640136719 3.6976829571252252 10.30201429354492
v 25.458793640136719 5.3873947042868684 10.592418780655761
v 25.458793640136719 6.7596329856985218 12
v 23.991728270761609 4.2173888359186016 12
v 23.357859664517932 1.692868071005607 0
v 24.700862074201378 0 0
v 25.490640312848871 1.7803972540358139 0
v 33.5970126290512 1.885269736068814 9
v 31.260003547797659 1.940555186552845 9
v 33.527888298039407 0 9
v 29.33152730787122 6.0712662510763504 9
v 29.435810593338029 3.8770171011170991 9
v 31.53401326994085 4.0620268734310283 9
v 22.49009071475864 0 6.2917581262100359
v 20.931771448788218 0 6.131054484455464
v 22.348111086876401 0 4.415775701886524
v 22.87323290078378 0 2.3602618069487011
v 23.896822333826972 0 4.7299456271558347
v 29.030234314785108 12 5.2102382627378283
v 28.581824147048259 12 6.8598471291537271
v 27.15974171984675 12 5.1920482525030076
v 29.877186787981142 12 7.9509495748990311
v 27.064139767907982 12 7.3896018520464244
v 27.944077500885431 7.857486404183244 9
v 27.259372430917882 9.5772332585878726 9
v 27.243934293217151 10.989376736364949 9
v 20.087834997240051 0 7.9282985528201868
v 19.02669489658815 0 9.3924953045090955
v 27.394396470388848 5.3268632784997392 9
v 25.458793640136719 6.7596329856985218 9
v 25.315791344861459 0 2.5857976400212062
v 7.9413330909592439 0 13.72272736382177
v 6.9163952075183346 0 12.12493776242945
v 9.5361233294946768 0 12.58515385304722
v 6.7521187707751267 0 14.38870441714738
v 9.1288024568987218 0 15.74752523968621
v 31.458795547485352 12 4.4300183051264632
v 28.392719160711898 12 3.206406004389569
v 33.318312668502692 1.536210149694347 0
v 29.12803525534002 5.7223727045135018 0
v 11.749327656581221 12 14.013533363406051
v 14.95538112617862 14.989578111253239 12
v 5.4844864342676214 1.884946197556383 9
v 6.9769795660393594 3.3154127771176358 9
v 18.668548307634119 0 11.19870945060593
v 17.068938832364449 0 11.432589237722141
v 15.80698135781574 0 14.779510930172661
v 10.051513888600621 7.7878124361807721 9
v 11.77255500297521 9.2362231477238588 9
v 8.2967352337557507 12 15.33009094522998
v 9.8149765415028192 9.736647859117415 18
v 10.146812358119529 12 16.55603305003201
v 15.37630553522667 2.0635947340545751 18
v 9.6735990530810181 12 13.269908393578049
v 7.8061791771423064 12 13.396426669886759
v 6.0022057177565173 12 13.56247578207897
v 19.774616017720309 16.032138061047029 15
v 19.676886052197961 18 13.802687281243109
v 32.898121244512879 9 2.7160839018091152
v 13.458792686462401 4.07505933255361 8.9845563067038992
v 13.458792686462401 4.1230936803252423 5.9999995231628418
v 25.4626195631032 4.7417120620616 9
v 11.9282093921837 0 12.6464969023355
v 9.0142497450145953 0 10.71187693898298
v 10.0230537899814 0 9
v 9.7824362081300222 2.64626530429048 9
v 11.39312785165378 3.889449478547784 9
v 30.712555787972761 2.921446243945049 0
v 26.91577192714113 3.502722270004194 9
v 28.49331459102893 1.9996878837519709 9
v 13.001433174025131 3.7290964574266812 18
v 11.67794646765096 1.0895893362906239 18
v 13.16272409160784 1.831365810714539 18
v 13.01288822389693 0 18
v 34.287909950677417 0 5.3513507548806896
v 34.150147325418807 0 6.9551958616622116
v 35.745688547138833 0 3.890488976983113
v 31.831783315708009 0 6.6498498065396143
v 32.206182825605197 0 4.6021253813055516
v 33.697823767685037 0 3.2473155620829308
v 37.458793640136719 0 5.2585410495601632
v 4.4212704323954792 1.379351200725039 18
v 5.7341512511091812 4.2426347054368554 18
v 6.7699690991177768 5.4656053052417644 9
v 9.359736249984584 5.1476906490003698 9
v 2.9999985694885249 7.6581602453237432 12.43338720008205
v 2.9999985694885249 9 13.56998169487354
v 2.9999985694885249 6 13.707520933052241
v 9.1819812703267694 5.5325556925724131 18
v 10.518415004377861 7.0225408861146326 18
v 10.170999947821279 12 11.28499084743677
v 14.18922628166046 0 13.159601967659039
v 13.407845164330681 0 11.824193155966119
v 13.458792686462401 6.3652299186491046 9
v 11.285102043966891 6.3511672740631608 9
v 11.67794646765096 12 12.10502392024762
v 11.85980020742188 12 10.282757543629479
v 10.170999947821279 12 15.034939469499459
v 16.66204386289489 21.99860890522115 8.4832480048657395
v 16.61146349804309 21.41677454636902 8.8814659209175577
v 19.048286988885639 25 8.9718913008486574
v 16.7249998423076 20.124103932211241 9.7940967111816306
v 16.747483731652409 21.44009774063516 9.8688049302150791
v 16.640304869045892 20.912835307816369 9.4011025494356542
v 16.94163342873788 21.214706619754509 10.32803476586527
v 16.62967451185655 19.38543171067009 9.3101349361347854
v 16.64855801936578 21.891676091164751 9.4393980912703146
v 16.672760009765621 20.239545655781829 8.3995637893676758
v 16.77661879118855 21.25428229338209 8.0604326032675839
v 16.79359661852034 19.64830190716691 8.0049947226998981
v 17.009160077282701 19.91162540027479 7.5508950213727921
v 16.792488772438581 22.661346019332822 8.0086121843201443
v 17.03193473815918 22.360873586752149 7.5057239532470703
v 17.234076452852179 21.421362281214289 7.2324115294002347
v 17.56763279101564 21.87906765256287 6.8791428700493791
v 17.634566002485581 20.46457604518082 6.8149923235318806
v 17.962037290749571 21.484833029221971 6.5841108748656367
v 17.27256410408469 20.424935130529121 7.180373021354006
v 18.05610765570421 20.241110676285022 6.5205305199374219
v 18.415218173671139 22.016430974413868 6.3553469795307693
v 18.977140426635739 22.523945385100969 6.1909942626953116
v 18.340130479683921 22.039944287368471 11.61652437768128
v 18.24294135074614 20.657297301929109 11.57357609449816
v 18.728930484531791 20.20876979415862 11.7538956826612
v 18.817933903396462 21.79375469702169 11.771289122130311
v 19.218818409171259 20.599297928522471 11.839805323767701
v 14.02842991845676 0 15.854972542310311
v 13.0604324024335 0 14.65081236493266
v 15.503475352957359 0 18
v 2.3669391941792859 0 15.35273479201431
v 20.29005523638553 21.87899154850729 11.71806878462759
v 20.25563460580041 23.247916682760799 11.730230324963889
v 19.790950119199859 22.79246658136438 11.824221111689299
v 19.755483787877939 21.430466883798889 11.830302405072789
v 19.25176111700809 22.33965362068513 11.841204723986181
v 20.660311807811329 22.669352575680271 11.58158255628326
v 21.13234696523876 21.76304488771785 11.29857331163141
v 21.148657732062301 22.825591337006578 11.2854032839425
v 21.47815257625534 22.56286921661761 11.00379246361744
v 21.37598253263808 20.439080173534581 11.101851281124461
v 21.022810649767621 20.71051623943136 11.37907838973352
v 20.706673897510139 21.643927311941951 11.5556831181408
v 20.632711410522461 20.536513820022069 11.597001075744631
v 21.919572940944729 20.879672533697779 10.41960020886375
v 22.101961939056899 20.16975017154012 10.038376494964391
v 22.212029442950382 19.770955728872782 9.7038772275287144
v 22.207318840994819 21.070770392200728 9.7257345388218752
v 22.045901346349041 21.625416677473321 10.17788814701388
v 4.4157237401879703 9 14.591877512218581
v 5.9999990463256836 9 14.099855115976929
v 5.9999990463256836 10.499555141766081 14.47186145144639
v 1.394033128347008 6 14.711992922819521
v 0 6 13.56998169487354
v 4.8113172892237763 0.011924126377918251 9
v 29.17832649494067 0 9
v 27.92225225051466 0 5.1684558763743293
v 30.357170767421199 0 5.5562259700068228
v 29.982346679866371 0 7.5860618809754801
v 27.17186899524512 5.4136728966435061 0
v 11.846494226022759 5.6939567083323777 18
v 5.653201233957164 2.575518545550409 18
v 4.7669206967356601 0 14.607517275582129
v 4.6504359887402984 0 16.545011081728791
v 2.65149306072832 0 13.36415639052179
v 0 0 13.56998169487354
v 24.01013430600111 13.689561373799711 12
v 25.458793640136719 14.58029235211009 12
v 25.458793640136719 16.333965560350151 12
v 30.748442064173361 0 3.072286880418114
v 27.722521524992271 0 3.2002397872003141
v 29.229884944012468 0 1.779713609079842
v 27.121152722704601 0 1.711911507995538
v 31.225396524704031 0 0
v 28.874913073898231 0 0
v 37.458793640136719 6 4.4300183051264632
v 35.81971048792866 6 4.0370178203813092
v 10.951450228971931 0 14.40550869850755
v 11.81201475675263 0 16.5274280726758
v 0 4.0683130942558154 12.68717905875868
v 0 3.878617591497119 14.622059163616591
v 0 2.2708863627768441 13.458311993846481
v 0 1.7160836771357491 11.730557463681199
v 4.2338830575014201 0 12.235825435965189
v 5.6500849253338128 0 13.359495426778469
v 5.3935468597754239 0 10.52311499966993
v 3.7990497763987809 0 10.68169773224774
v 7.2101527982240388 1.4383146514901419 18
v 5.7686467679576729 0 18
v 6.9769795660393594 0 16.933377159369009
v 6.9769795660393594 0 9
v 7.1845786693210698 3.4816987472457002 18
v 9.3274630168451615 3.3857361420112149 18
v 9.344674632622139 1.412352395594016 18
v 8.4520250005399546 0 18
v 10.421650932670641 0 18
v 10.720271501311689 4.4934476479553886 18
v 11.513608897092659 3.1234128318949881 18
v 37.458793640136719 3.2972287770623909 4.5918078411677481
v 37.458793640136719 1.5606089498121181 3.7562004895834522
v 37.458793640136719 1.9556386675613151 6.034392215393547
v 37.458793640136719 4.6758936957490498 3.287522881408079
v 10.239052466967641 12 9
v 16.458791732788089 3.2730213886796031 4.5073317583927901
v 16.458791732788089 5.8652154452098948 4.7097736488744442
v 16.458791732788089 4.4634861799779308 5.9999995231628418
v 1.3942533704065501 6 12.50508291004985
v 16.978812565681359 21.155168465943479 7.6110860170335002
v 16.62132387285655 19.67361547518734 8.8012373402634942
v 22.458793640136719 5.3428070590806769 15
v 22.458793640136719 4.2039586548030217 13.27585600552065
v 22.458793640136719 6.0518607028866889 13.59177191116402
v 13.458792686462401 18 8.9649017213871041
v 13.458792686462401 16.10042456353699 8.2626736953951188
v 21.47073868625942 21.702637762077721 11.012216265880269
v 22.069521098047339 21.63946265023587 7.8704104750330233
v 22.097445981736811 19.788095870034532 7.9257969365860212
v 21.918315866391051 20.67054826864938 7.5705086798144814
v 22.221812889738381 21.634948395549639 8.3244209145970558
v 26.492253886073691 3.525267499226767 0
v 26.524429623092431 0 0
v 29.306572348694459 0 4.3659274984667826
v 28.538693403518671 2.8246593054482578 0
v 27.560640764338551 1.4634956145149109 0
v 33.009467982331053 0 1.3600186119588979
v 31.336468933347991 0 9
v 32.884409935448623 0 0
v 15.47447950444016 18 9.0818258540802521
v 34.458793640136719 6 4.1549402923198926
v 34.458793640136719 9 4.3558899363542878
v 1.057691151783543 0 12.175324359584319
v 17.203868218045908 21.948044393369631 10.736139279363449
v 17.86286544799805 20.768339459385469 11.361252784729
v 17.50724640422014 20.417456262701329 11.074108933306221
v 17.936139841820999 22.283007893500159 11.402186350117731
v 22.458793640136719 7.7948050414284742 15
v 21.704098812513539 20.48564756109683 10.74706806963292
v 21.89527620745471 19.3919818242994 7.5248116162900001
v 22.236510369500252 20.02213892023126 8.3724127519365155
v 22.285810018302371 19.219263731194349 9.3596315665843388
v 22.289655726460818 21.15177827439835 9.2691074504653326
v 17.15689305664452 20.30299398427907 10.677639087606989
v 14.958792209625241 5.441363333011882 5.9999995231628418
v 17.563924354275301 21.62326363462693 11.119873425265631
v 18.973301511351131 21.417789345379749 6.1919938388557503
v 20.17692947387695 20.44713091564245 11.75803852081299
v 21.750185012817379 21.653767010937418 10.694704055786129
v 19.420358981806469 23.011571181280981 6.1532708832030467
v 22.19467393848543 22.346666718572639 9.7844072038076604
v 21.78338718427279 22.41295867636294 10.64078023019513
v 21.673986746851782 23.028999589367729 7.2195341797185479
v 21.933217835741399 23.026006841226909 7.6000653777640599
v 22.30622673034668 20.585954053894461 8.8790426254272461
v 22.296319530050141 19.1506445940432 8.8016780147616682
v 22.298277066286541 22.417141061658711 8.8169642736703668
v 22.288428878778099 22.20288168455313 9.2979862154456168
v 19.379453531287631 22.146965883994561 6.1567524428426923
v 19.421694813004741 20.87029004819399 6.153157187450371
v 22.103275299072269 22.832660625742658 7.9373588562011719
v 0 16.963113049971916 -1.2774132155177451
v 0 14.904590892664149 -2.3091502504101147
v 0 15.991985459169296 0.66018095395843801
v 2.0691510797190631 15.459680888157813 -2.0309375996422148
v 2.6690334888361882 16.963113049971916 -1.2774132155177451
v 2.0970298909604708 7.9371069823954947 -3.354707339615338
v 0 7.572922229179385 -2.6280857698786022
v 0 8.9171430775668963 -5.3100757606802755
v 0 10.126171612881006 -2.84359731744029
v 2.9053767687352234 8.9157121016412688 -5.3072206769236026
v 0 10.820313486453662 -4.3562014544994838
v 1.3327400049345357 9.9170962865457302 -4.8088964290901686
v 0 14.274671353196895 4.0865667660856033
v 2.9999985694885254 14.274671353196895 4.0865667660856033
v 1.9870108222938256 15.187694980954412 2.2649016476279424
v 1.4999992847442627 13.130324636167838 3.513017006358699
v 0 15.133328406183097 2.3733738600220207
v 0 13.918113157645703 1.36233398222861
v 0 12.231897159230611 3.0627226542525525
v 0 6.2287013807918745 0.053904220923071122
v 2.9999985694885254 6.2287013807918745 0.053904220923071122
v 1.5622431977684705 7.2000186265893902 0.54073112806193002
v 2.2151491889865298 7.0004753907429667 -1.4859396018629543
v 0 8.3469633653986186 -0.72233868310826033
v 0 8.2089121730281018 1.0463913816712864
v 2.9999985694885254 12.569817041236215 4.7814984913376817
v 2.9999985694885254 12.929473078686177 6.7680668681937757
v 4.2987520119500893 13.534583878425321 5.5631896008200048
v 4.1650475511743021 15.44279781624039 1.7559203655098665
v 4.9504490059167985 14.731535599543315 3.1750310334520178
v 2.9999985694885254 11.985977919138771 2.9394672466317893
v 5.8883800673061266 13.891600012133749 4.8508708636799565
v 2.9999985694885254 4.8844805324043641 2.7358942117247445
v 2.9999985694885254 6.6074082768882541 1.7450541680343044
v 4.5143484023459823 5.6171437452368682 1.274084267471518
v 2.9999985694885254 8.3582769371998573 1.121253417213091
v 4.157056028590624 7.3223736149902727 -2.1281910715702796
v 4.6264961152335591 6.3712412387540365 -0.23049136243913892
v 4.4662089314180573 11.730490166967458 6.1671332956151144
v 5.9999990463256836 12.930450504809386 6.7685567568872766
v 2.9999985694885254 10.887676310843101 5.7447126450542259
v 5.9999990463256836 4.8844805324043641 2.7358942117247445
v 4.6113165078369569 6.0037863151970834 3.2968933855139566
v 2.9999985694885254 6.8021279229105334 3.6970244213881243
v 8.9238062397569493 12.783358865233241 7.0620340568019833
v 8.0555484385695433 13.807516389000414 5.0186345432155504
v 7.2937370579944236 12.155854021733861 8.3140319792146169
v 5.9999990463256836 9.9402661696490142 5.2698680452851647
v 5.9999990463256836 10.945762686180833 7.7585029974108046
v 7.6938193866393405 4.6060758673601896 3.2913673141815805
v 5.9999990463256836 3.5402596840168545 5.4178842025264178
v 5.9999990463256836 5.2553730631469495 4.5257589288288758
v 8.4246305308950102 5.6867061747117598 1.1352932795090069
v 6.9769795660393594 6.3712412387540365 -0.23049136243913892
v 5.9999990463256836 6.8021279229105334 3.6970244213881243
v 8.6918393854833305 3.5402596840168545 5.4178842025264178
v 7.5304627517389982 4.7034794251015377 6.0008931744408027
v 5.9999990463256836 5.4579070745230229 6.3790144121897985
v 13.476241286880789 19.632634842925913 0.060558537404775237
v 13.458792686462401 16.963113049971916 -1.2774132155177451
v 13.458792686462401 17.273157151404405 1.3949664390365069
v 15.358641904174631 18.100228506295444 -0.70748778378379917
v 16.458791732788089 18.741112037167014 1.8704519200919316
v 16.458791732788089 19.645103467064416 0.06680784652791516
v 13.458792686462401 18.727397504888767 1.8978151605467355
v 16.24836260887799 16.337582189138047 -1.5909310240578627
v 15.290562061706 14.765600377224697 -2.3788126836118106
v 13.458792686462401 15.963127853369272 0.71775766094599014
v 11.18538263876848 15.469826818681216 -2.0258524310239032
v 11.7004864159289 16.947067272380831 -1.2854554039078963
v 12.799887423045019 15.334492546249137 -2.0936823450535886
v 11.524947734107769 16.23551311113458 0.17429448237320067
v 13.458792686462401 10.248460514007711 5.4243359084997653
v 13.458792686462401 7.0810449051258466 3.8368183892064325
v 15.144699592330049 9.0482996250087453 4.8228119304294852
v 13.458792686462401 3.5402596840168545 5.4178842025264178
v 13.458792686462401 4.8844805324043641 2.7358942117247445
v 11.67794646765096 3.5402596840168545 5.4178842025264178
v 16.458791732788089 4.8844805324043641 2.7358942117247445
v 15.101653497228821 5.5426340690117621 1.4227460041893529
v 14.06836910021952 6.2999713097729559 -0.088293570758033013
v 12.55737404650373 5.7121359272558401 1.0845558267507052
v 11.520417175818681 5.0223917420157411 2.4607337094599879
v 11.67794646765096 5.4579070745230229 6.3790144121897985
v 13.47277969922304 11.579778376739355 16.158747791337959
v 15.034523556546491 12.099897419847792 15.121006062130647
v 13.458792686462401 12.653439960068415 14.016577757707664
v 14.958792209625241 11.579778376739355 16.158747791337959
v 15.212419182505609 10.182834280671145 15.458595522162099
v 13.46621086503948 10.093604083799127 15.413873099128285
v 18.680821608732039 19.772307556610659 0.13056289026583023
v 16.458791732788089 22.327093457866091 1.4110286949154265
v 16.458791732788089 20.673421690766311 2.295054831225805
v 17.943380815301751 21.08888465161014 3.8815034155571775
v 19.458793640136719 22.327093457866091 1.4110286949154265
v 16.458791732788089 21.082693875788181 3.8938552540290434
v 17.25754267928124 17.403789019804051 -1.0565451928691303
v 16.458791732788089 8.9106913715935487 1.3981250693105824
v 16.458791732788089 6.2287013807918745 0.053904220923071122
v 17.730660964344189 7.7813926102033921 0.8321173868340761
v 16.458791732788089 6.8975859519989564 2.0670096405176634
v 19.458793640136719 8.9106913715935487 1.3981250693105824
v 18.017937445214301 8.1851379021342154 2.8457496506549651
v 17.23892888202575 7.4046872214973956 -2.2924232132036391
v 19.458793640136719 6.2287013807918745 0.053904220923071122
v 15.02515709481642 7.1369768931965565 -1.7582874558254016
v 16.458791732788089 14.261768367541029 17.502968639725466
v 17.70267059717985 14.777758784923662 16.473464346268134
v 16.458791732788089 15.18290905264746 15.665108365099332
v 17.88066830192944 14.261768367541029 17.502968639725466
v 16.458791732788089 12.920773372140193 16.830858215531713
v 16.458791732788089 11.579778376739355 16.158747791337959
v 17.05654974709433 10.263419346510192 15.498984981459502
v 17.319377899169918 10.581114952304494 15.658214903351251
v 17.668365478515621 10.88013793283838 15.808086053489463
v 18.068862915039059 11.122132578915274 15.929374443666298
v 17.582534557623781 12.304873628868364 16.522167549920752
v 16.611360549926761 6.5243846362999287 19.819891799430319
v 16.631877899169918 5.4376454384594117 20.910300516927087
v 16.611360549926761 5.8694081360485875 21.126701182718506
v 17.721098451315999 6.2675536520328867 21.326252823520164
v 16.672760009765621 6.298060615752922 21.341542998649125
v 16.640229660851581 6.0507902393402961 19.600465492585819
v 16.73371696472168 5.0151920799833327 20.698565717810581
v 17.716874804611109 5.3222786486490046 20.852478360764479
v 16.79359661852034 9.0487587618012064 16.733938747573415
v 16.814310073852539 9.8477855968076859 15.290668189241876
v 16.672760009765621 9.4345759286571127 15.083566353445219
v 16.672760009765621 8.4310946081845763 17.085712697695296
v 16.62132387285655 8.3255781763227326 16.399793683959629
v 16.82216835565157 6.7252041597912697 21.555628531824006
v 16.78834800578214 7.1435968875349882 20.496869541524557
v 16.678976334122879 7.0765518104086294 19.833598151744859
v 16.968524328355791 5.265744678234654 18.999834873483231
v 16.89523339650021 4.6558522102356728 20.518463574913596
v 16.75102411088573 5.9457332448567559 18.74582625479988
v 17.009160077282701 9.3367340699610377 17.172819167116316
v 17.03193473815918 7.0971504470380129 21.742049046259986
v 16.980260122155901 7.5347405033657511 20.640232234842944
v 17.167400360107418 4.2462128750795287 20.313151199951339
v 18.419410948157982 4.5609532255783076 20.470899939663372
v 17.319377899169918 7.4445996394003027 21.916191548555155
v 17.275118999569589 8.1529170605338024 20.369403024229044
v 18.267114315291181 6.9144873410148344 21.650497789100307
v 17.258237343048219 4.9931905028990409 18.592439326404204
v 17.48676872253418 3.921808112325067 20.150558629917022
v 17.338343080304661 9.9975169638176098 16.863176236694731
v 17.668365478515621 7.7436226199341895 22.066062698693365
v 17.615989709335341 8.3641750094875675 20.715904921390809
v 17.86286544799805 4.1005246683795722 19.116240828704317
v 17.86286544799805 3.6503205352774089 20.014488300647606
v 17.553849546351799 4.9200367118241539 18.038009990673842
v 17.683224137172679 10.391367430001878 16.80569418089042
v 18.068862915039059 7.985617266011082 22.187351088870201
v 18.28487396240234 4.0094131218830356 18.771889215759181
v 18.28487396240234 3.4395623496599033 19.908855711395958
v 18.509346008300781 11.300137135014703 16.01859082263768
v 18.079955451679229 10.632733038565391 16.917015056379423
v 18.607319012737271 8.186427851817891 22.287997913408773
v 18.330751956808431 8.7111239460730303 21.004020541698793
v 19.364746486612209 7.1671066421760852 21.777111285977874
v 17.93408293546884 8.8305533023511522 20.29823026272723
v 18.740655899047852 3.2955954110540304 19.836699081051975
v 18.977140426635739 11.40902971683207 16.073168087733997
v 18.750047237651589 12.813705355996476 16.77719542782949
v 18.50645937956287 10.501098711349323 17.609920506516875
v 18.977140426635739 8.2725144039278788 22.331144732937901
v 18.696770043059612 8.9336795619138591 20.849061838567497
v 19.186037863397718 3.7753786122103064 18.7089988084536
v 19.217096328735352 3.2225615611496377 19.800094312198926
v 19.571513719705269 4.2908586652374385 20.33552779424469
v 18.667901609010801 4.1262831691631989 18.236679750521034
v 19.458793640136719 11.445678791941106 16.09153670618695
v 19.016252044280719 10.752485621648173 17.390534457085273
v 19.40094849034605 8.3047620317301227 22.347307333749789
v 19.11345493745581 8.879510258654248 21.14595953252962
v 19.615065397438009 3.2193174175056498 19.798468338374875
v 21.064455324727991 23.469421285269732 1.9835665815427355
v 19.458793640136719 25.009083022376934 2.7552493296447871
v 19.458793640136719 22.912331042727928 3.5061842860244123
v 19.458793640136719 23.664862173989427 5.4372393204464604
v 21.08094558165751 24.359889544397067 4.0505204245131274
v 22.18210139815864 25.009083022376934 2.7552493296447871
v 19.458793640136719 20.949701301531146 4.1592020930073099
v 20.901198032748241 21.340429267425751 0.91650985640520233
v 19.458793640136719 11.59913306836857 -3.965854912292766
v 19.458793640136719 8.9171430775668963 -5.3100757606802755
v 17.603772302549931 10.41528824002485 -4.5592012353488371
v 19.458793640136719 7.946015486764276 -3.3724815912040924
v 22.438452354249979 11.59913306836857 -3.965854912292766
v 21.045015261413401 10.823883339561768 -2.4190763338131074
v 20.677906512089329 13.199483457000156 -3.1637548431271032
v 17.456380388043691 13.055268673923667 -3.2360356938096064
v 19.46489962619987 9.9211035796933462 -0.61784978479037456
v 17.481134496547039 8.9171430775668963 -5.3100757606802755
v 22.458793640136719 9.2051621891258328 0.8105967727868677
v 20.569233822344302 8.1810358843801136 2.8539339981688334
v 19.98473198644054 11.398720678734994 16.068001169145766
v 20.52528431933932 12.728094398732082 16.734286977760739
v 19.50932880174393 10.786751860806381 17.396628710675756
v 19.924798523649969 8.2737049476078468 22.331741436744032
v 19.563097238881731 8.8067335269807216 21.336948657618223
v 20.171526035788791 3.2947671146675148 19.836283936597589
v 19.79186957205636 3.6965950833953762 18.889271494908566
v 20.40824127197266 11.300137135014703 16.01859082263768
v 19.991636385927421 10.87856227991238 17.101809224987459
v 20.40824127197266 8.1636218221105104 22.276567467841581
v 20.26260754629714 8.9077217188726063 20.876567846252577
v 19.883581921962119 9.2514145342119516 20.388844062934094
v 20.632711410522461 3.4395623496599033 19.908855711395958
v 20.31742524214658 3.7581237237451504 19.024648082407232
v 20.848722457885739 11.122132578915274 15.929374443666298
v 21.49203897973802 12.153936387735719 16.446517384549349
v 20.37280216537366 10.722029237705035 17.192625855856747
v 20.39207297190644 7.1068832417616381 21.746927150065538
v 20.848722457885739 7.985617266011082 22.187351088870201
v 20.63874539346585 8.5025823954471864 21.36773345353209
v 21.054719924926761 3.6503205352774089 20.014488300647606
v 20.43158317893128 4.6323336005123874 20.506675982259054
v 20.724488179892219 4.0386471473067207 18.827983792106487
v 21.24921989440918 10.88013793283838 15.808086053489463
v 22.458793640136719 11.579778376739355 16.158747791337959
v 21.221668232109351 10.391359104131217 16.824857105547796
v 20.848722457885739 10.305289542707893 17.55914000621669
v 21.288120152819989 7.7102918989324856 22.049357248555246
v 21.056263906122549 8.660337175320759 20.528091082934814
v 21.451330332097609 4.4949712013843879 19.05899687508704
v 21.416555159217111 3.9124160604757376 20.14585130738849
v 21.082015654124159 4.1991930814010034 18.968565397448963
v 21.586800196846362 10.588991950674957 15.666902742710242
v 21.596360848121581 10.080764780123271 16.660467750289264
v 21.598209381103519 7.4445996394003027 21.916191548555155
v 21.418025558060219 8.2249139917463303 20.744717827259098
v 21.750185012817379 4.2462128750795287 20.313151199951339
v 21.169717037245839 5.047335454125772 20.714676066398003
v 21.885652542114261 10.233665759942204 15.484072401056084
v 20.9574114319275 6.0744971386818287 21.229492361678943
v 21.885652542114261 7.0971504470380129 21.742049046259986
v 21.683840566160981 7.7857275680802616 20.977176831333043
v 21.807345289509762 5.0167450169034993 18.982970557499716
v 22.003631591796879 4.6142033173046126 20.497589033851845
v 22.097445981736811 9.0569233318964422 16.894400522382039
v 22.103275299072269 9.8477855968076859 15.290668189241876
v 23.054565739169679 10.569594909219639 15.652441025692461
v 21.89527620745471 9.5928911232659821 16.719946829569263
v 22.09318138552074 6.7291684167200012 21.557615428430722
v 22.078027486174911 7.1993087556060997 20.686670337696953
v 21.883441057691879 7.5520034182842473 20.841199468919228
v 22.046629512209119 5.4573506760061798 19.054150178358075
v 22.183868408203121 5.0151920799833327 20.698565717810581
v 22.24482536315918 9.4345759286571127 15.083566353445219
v 23.93505050787639 9.8464444050818152 15.289995980215824
v 22.24482536315918 6.298060615752922 21.341542998649125
v 22.28598386581934 6.1574285244857085 19.488608724877729
v 22.285709381103519 5.4376454384594117 20.910300516927087
v 22.183868408203121 5.7056593600994088 19.320945115906685
v 22.236510369500252 8.5527817672303073 16.903517464992238
v 22.296319530050141 8.5595136686361428 15.932062006440592
v 22.30622673034668 5.8694081360485875 21.126701182718506
v 22.223594667284321 7.122339499250451 19.851658903410701
v 22.300104816878392 6.5389810727787987 19.89746033459349
v 22.458793640136719 12.35790873536666 -2.236255856805208
v 22.458793640136719 14.281123059170243 -2.6216340639052547
v 23.788457032487631 15.717401929204716 -1.9017670965338755
v 25.458793640136719 14.281123059170243 -2.6216340639052547
v 23.922103177736918 13.778956993297083 -1.6197121222781359
v 22.355933283582122 15.753607519098328 -1.8836207541052765
v 22.458793640136719 13.309995468367623 -0.68403989442907154
v 20.594095230102539 14.600730957587933 -2.4614456956280275
v 20.76684589859703 16.081863877924846 -1.7190977533991916
v 22.458793640136719 10.222889387761095 -1.2199729534457422
v 22.458793640136719 22.320641325601915 8.1192293112481355
v 22.458793640136719 19.638651761091072 6.775008676518774
v 22.458793640136719 20.201608080456516 8.6869502317496501
v 22.458793640136719 20.976420477214404 10.801219302049809
v 23.899447253028889 21.706126670134822 9.3453092051440834
v 24.409403357442759 23.530802653225969 5.7047149315341468
v 21.600346297428679 23.463613708926673 5.838770340895941
v 25.265417081798748 22.361792636817967 8.0371241981469588
v 22.458793640136719 18.294430912703561 9.4569986673204465
v 24.056051043562292 19.592775776295255 10.107732726739931
v 25.458793640136719 20.976420477214404 10.801219302049809
v 25.458793640136719 18.294430699558148 9.4569985604913729
v 22.458793640136719 15.258337697008544 15.51461310277779
v 21.014046241664531 14.765637709062254 16.497648321823224
v 22.458793640136719 14.261768367541029 17.502968639725466
v 20.7824434450614 14.261768367541029 17.502968639725466
v 22.458793640136719 13.388656896626465 15.635712590557025
v 22.458793640136719 12.920773372140193 16.830858215531713
v 21.595793358122538 13.536359582561785 17.139391737605457
v 23.958793640136719 11.579778376739355 16.158747791337959
v 23.947366385140111 12.288222839705316 14.745259106801626
v 25.458793640136719 16.963113049971916 -1.2774132155177451
v 25.458793640136719 15.068463122192011 -0.98138483654577868
v 22.262898154209751 17.380991526740033 -1.0679713598469043
v 25.458793640136719 15.991985459169296 0.66018095395843801
v 24.133111138938659 18.775438612843335 -0.36907059901558625
v 25.542580615612032 20.195825026195344 0.34283102483179384
v 27.741237210192011 18.540907368026193 -0.48661831170755043
v 27.137201968128139 16.963113049971916 -1.2774132155177451
v 25.458793640136719 13.309995468367623 -0.68403989442907154
v 25.458793640136719 19.622231378325395 13.4782131779547
v 26.864631513213411 20.283421475915837 12.183891195100614
v 25.458793640136719 18.859485895066825 11.418064407989302
v 28.57016340183651 21.030939614650681 10.692442696563717
v 27.074925924081111 21.735109976379768 9.2874817005770129
v 28.458794593811039 19.632199628826896 13.48320929285148
v 27.101071854895249 18.476240972784254 12.903839596970528
v 25.458793640136719 16.742551312919243 12.034909513928795
v 25.458793640136719 11.579778376739355 16.158747791337959
v 25.458793640136719 10.65804504187429 13.870369963501517
v 25.458793640136719 12.923999225126867 13.476757800536284
v 25.458793640136719 8.8977879596468537 14.814526729292297
v 25.458793640136719 6.2157979688451794 13.470305880904787
v 25.458793640136719 8.6873739640902095 12.893557409481449
v 25.458793640136719 7.5567929642460161 14.142416305098543
v 23.958793640136719 6.2157979688451794 13.470305880904787
v 23.771594477244101 6.8932323809046245 12.118688462719735
v 23.684068556163691 7.6896551979923107 14.20900722645829
v 29.95879507064819 20.30431005302065 12.142214297450645
v 31.458795547485352 19.632199628826896 13.48320929285148
v 31.458795547485352 20.976420477214404 10.801219302049809
v 31.458795547485352 18.413531479462307 11.20249976056877
v 32.701812487064693 19.814528914845155 10.218876017004426
v 34.458793640136719 20.976420477214404 10.801219302049809
v 32.958794593811042 21.648530901408161 9.4602243066489713
v 30.163109041824161 21.7799964298041 9.1979242302022204
v 31.46856489288389 17.956445759957624 9.2875995680230172
v 31.620956252681829 22.398166560815255 7.9645509299939432
v 31.458795547485352 12.930450504809386 6.7685567568872766
v 34.458793640136719 12.930450504809386 6.7685567568872766
v 33.030307692970808 14.360269420138863 7.4851859769800022
v 32.942700773807992 13.721819803054661 5.1896164068193569
v 31.479413006208329 14.287829143967043 4.0603143365172558
v 29.763273750060481 13.255462686018062 6.120092318967024
v 28.780764760508241 12.43861676810009 7.7498636311075808
v 31.458795547485352 15.916544793553701 8.2651955258415057
v 31.458795547485352 13.629003850388157 10.474390859522
v 29.740440073108871 18.065416719175929 12.697933337581961
v 31.458795547485352 17.756162270743186 12.542934147254778
v 29.877186787981142 12.524077236410887 9.9205985651657844
v 28.367353943825471 11.586229656421875 9.45054674768895
v 31.458795547485352 11.586229656421875 9.45054674768895
v 34.458793640136719 22.320641325601915 8.1192293112481355
v 34.458793640136719 20.681129349572743 8.9894161444609146
v 37.458793640136719 22.320641325601915 8.1192293112481355
v 35.483373656676633 23.075100863113057 6.6139313310114618
v 36.106435657758723 21.343493057239094 7.6294798793695913
v 33.302576326212112 23.323565578529482 6.118194428393406
v 34.458793640136719 20.402993935095743 7.158099101584753
v 34.458793640136719 14.534721614142402 6.2427218455915483
v 34.458793640136719 14.274671353196895 4.0865667660856033
v 37.458793640136719 14.274671353196895 4.0865667660856033
v 36.020437996836471 16.241370938063863 5.0722820720935191
v 35.847093155118337 15.128736892151601 2.3825348507103206
v 33.514249883741108 15.290831424154797 2.0591237736408408
v 34.458793640136719 16.618676616310658 5.2613887282159482
v 34.458793640136719 16.227018070396998 6.6038410162709722
v 34.458793640136719 19.058773086708232 9.8400890923864264
v 34.458793640136719 15.516415352685129 8.0646495363658346
v 37.458793640136719 25.009083022376934 2.7552493296447871
v 35.300136803634743 23.932176680762325 4.9038933063439316
v 37.454983230290182 23.601483783727375 5.5636919108224063
v 35.182780975708972 25.009083022376934 2.7552493296447871
v 37.458793640136719 22.94159911954193 3.7418669335015151
v 37.458793640136719 23.091435631870763 1.7941191199814055
v 36.045617173094023 18.886610652417858 -0.31335086334678763
v 37.458793640136719 18.635538959317746 -0.43918869475653111
v 37.458793640136719 16.963113049971916 -1.2774132155177451
v 37.458793640136719 17.755344707706822 0.63998599405234202
v 35.534356327913272 16.089170949192095 0.46627642420428828
v 35.182780975708972 16.963113049971916 -1.2774132155177451
v 37.458793640136719 15.991985459169296 0.66018095395843801
v 37.458793640136719 21.646686862731187 4.9825474634895528
v 37.458793640136719 20.340430533365687 7.1267421504999184
v 37.441570027746081 15.134705256131394 2.3706267684376297
v 37.458793640136719 16.867489836770861 2.8011978160788589
v 37.458793640136719 16.337216726496571 5.1203202480312573
v 3.6942103857020037 16.272269989673919 0.10095714316002535
v 25.458793640136719 12.281152665964955 1.368707689022215
v 25.458793640136719 14.142282441684218 1.4449047584443129
v 25.458793640136719 13.12554654634584 2.8253788341735993
v 23.991728270761609 12.391422392837404 1.1486974845122155
v 23.357859664517932 24.25055350417184 4.2686677370397117
v 24.700862074201378 25.009083022376934 2.7552493296447871
v 25.490640312848871 24.211333986614665 4.3469185346363997
v 33.5970126290512 16.118373421952676 0.40801163851487843
v 31.260003547797659 16.093601470234965 0.45743664679325668
v 33.527888298039407 16.963113049971916 -1.2774132155177451
v 19.458793640136719 21.651756967540251 6.1061239984826177
v 29.33152730787122 14.242738826369145 4.1502785567751799
v 29.435810593338029 15.225923977679745 2.1886271376032491
v 31.53401326994085 15.143025979979809 2.354025256785401
v 22.49009071475864 19.384272249363466 -0.063921485776235798
v 20.931771448788218 19.527940768920516 0.008085576109861492
v 22.348111086876401 21.061394277681973 0.77665674288516762
v 22.87323290078378 22.899016841740973 1.697678286793713
v 23.896822333826972 20.780527412687572 0.63588548839071635
v 18.893392576328459 15.279426733573125 15.472536248331066
v 19.349829308742262 14.261768367541029 17.502968639725466
v 29.030234314785108 14.974264005375311 11.148638993571977
v 28.581824147048259 13.499519182553598 10.409492783598264
v 27.15974171984675 14.990525813836101 11.15678945723532
v 27.064139767907982 13.025920227760889 10.172123669250228
v 27.944077500885431 13.442380703163741 5.747153414108821
v 27.259372430917882 12.671807511283893 7.2846013641841125
v 27.243934293217151 12.039063276703095 8.5470529218421074
v 20.087834997240051 17.921210568126558 -0.79721207266902105
v 19.02669489658815 16.612223557261899 -1.4532800059228546
v 27.394396470388848 14.576286158148852 3.4847847829173517
v 25.458793640136719 13.93429985436396 4.7656761208610119
v 25.315791344861459 22.697388559451781 1.5966216305022112
v 7.9413330909592439 12.741010543620195 -3.393542743417548
v 6.9163952075183346 14.169429116400595 -2.6776153789081061
v 9.5361233294946768 13.757997466853016 -2.8838260668320395
v 6.7521187707751267 12.145629279912569 -3.6919494899602032
v 9.1288024568987218 10.93084799813189 -4.3008012495867902
v 31.458795547485352 15.67177804435444 11.49823497135505
v 28.392719160711898 16.765683358753826 12.046503359686364
v 33.318312668502692 24.320747785469059 4.1286160780608459
v 29.12803525534002 22.445038791826711 7.8710314353587592
v 23.753604502071969 13.048465581849586 13.228422474297055
v 5.4844864342676214 16.118518391023898 0.40772239616421935
v 6.9769795660393594 15.477564057967962 1.6865547456840826
v 18.668548307634119 14.997474136903199 -2.2625969098681242
v 17.068938832364449 14.788386387537699 -2.3673922718208065
v 15.80698135781574 11.796249561154601 -3.8670595774582726
v 10.051513888600621 13.473599769956676 5.6848651191747983
v 11.77255500297521 12.82460514479534 6.9797394628176281
v 8.2967352337557507 5.9271494710981711 6.6142000074332366
v 9.8149765415028192 4.5544080623558125 3.3944549400242074
v 10.146812358119529 4.8311613196377108 6.0648876953695847
v 15.37630553522667 7.9925007228539489 -3.4652289534118044
v 9.6735990530810181 7.768945798683081 7.5373134532381378
v 7.8205164970154772 9.5434554624555901 8.4267026358559001
v 7.8061791771423064 7.6558388817786005 7.4806239516660646
v 6.0022057177565173 7.5073915294849298 7.4062217255110623
v 15.174609751353531 12.840297951982066 13.643758615217143
v 32.898121244512879 18.548250530937871 9.5842137664559708
v 13.458792686462401 15.150993089174083 2.3725961432610729
v 13.458792686462401 17.797653972081758 3.7528398404512275
v 25.4626195631032 14.838476979680671 2.9616615477198476
v 11.9282093921837 13.703156985454211 -2.9113122687510291
v 9.0142497450145953 15.432700778026396 -2.0444601059359826
v 10.0230537899814 16.963113049971916 -1.2774132155177451
v 9.7824362081300222 15.777391385841323 1.0883391375198599
v 11.39312785165378 15.220353357367296 2.199741641546904
v 30.712555787972761 23.700060039525496 5.3670125246200424
v 26.91577192714113 15.393635616154961 1.8540088073853775
v 28.49331459102893 16.067105668769482 0.51030108079897651
v 5.9999990463256836 9.5434554624555901 8.4267026358559001
v 13.001433174025131 7.2462333429932446 -1.9762759694961627
v 11.67794646765096 8.428926843559374 -4.3359865293417119
v 13.16272409160784 8.0965563763047026 -3.6728408360693461
v 13.01288822389693 8.9171430775668963 -5.3100757606802755
v 13.458792686462401 13.476159971317982 12.37508645213056
v 34.287909950677417 20.224993301757273 0.3574502457298312
v 34.150147325418807 18.791161127362514 -0.36119043097683878
v 35.745688547138833 21.530998857179284 1.0120238652172873
v 31.831783315708009 19.064139481885707 -0.22437291988727992
v 32.206182825605197 20.894798286018329 0.69315836816337217
v 33.697823767685037 22.105993744216626 1.3002129030297596
v 37.458793640136719 20.307964868663575 0.3990358260046829
v 4.4212704323954792 8.2990921971459137 -4.0769403892986666
v 22.458793640136719 12.442123118229988 1.0475393763096754
v 22.458793640136719 11.256829090484935 0.56501353334958004
v 5.7341512511091821 7.0161304031866871 -1.517174489143791
v 6.7699690991177768 14.514119516517463 3.6088196919259019
v 9.359736249984584 14.656568686160005 3.3246050499363768
v 2.9999985694885254 10.462256794230839 4.0305462748077403
v 2.9999985694885254 8.8449021168768169 4.7208685332211751
v 2.9999985694885254 10.066163345218408 1.9772508386091205
v 9.1819812703267694 6.4381508419599491 -0.36398943033626452
v 10.518415004377861 5.7705277883105657 0.96805236150471075
v 10.170999947821279 9.5434554624555901 8.4267026358559001
v 14.18922628166046 13.24444276897842 -3.1412211108247412
v 13.407845164330681 14.438293791174676 -2.5428596555587362
v 13.458792686462401 14.111021462829228 4.4130810948050057
v 11.285102043966891 14.117322562841192 4.4005091374637715
v 11.67794646765096 8.8103486313205774 8.0592674515760265
v 11.85980020742188 10.439448692208673 8.8757769364979175
v 11.749327656581221 7.1041475566867822 7.2041147239633592
v 10.170999947821279 6.1910139056580373 6.7464495964696711
v 16.66204386289489 7.5680913675570709 18.620812684705257
v 16.61146349804309 7.4727905043798497 17.92222376747052
v 19.048286988885639 5.7864017300021144 21.085098140969631
v 16.7249998423076 7.2361132193342188 16.357654772894538
v 16.747483731652409 6.5796622162306733 17.500674065087622
v 16.640304869045892 7.2340389691276954 17.238868306333771
v 16.94163342873788 6.2701040899099691 17.093406381920946
v 16.62967451185655 7.9997529649764134 15.914134773955869
v 16.900100387930749 7.1036868516130722 15.607511771577215
v 16.64855801936578 6.7612101530871147 18.0967894789319
v 16.77661879118855 8.2796000424526532 18.14483960304122
v 16.792488772438581 7.6954591922871192 19.425969242021651
v 17.03193473815918 8.2796733624439831 19.382678837996302
v 17.234076452852179 8.9449839855502233 18.665222951516533
v 17.56763279101564 9.055719287502626 19.232700392074658
v 17.634566002485581 9.7468660315614599 17.996893781738876
v 17.962037290749571 9.496123040135986 19.012452007087855
v 17.27256410408469 9.4379789547390907 17.797737485761221
v 18.05610765570421 10.110242837453487 17.929057052664248
v 18.415218173671139 9.4624421856886549 19.590201862288815
v 18.977140426635739 9.3819691489590067 20.117560168325404
v 14.02842991845676 10.834790468073065 -4.3489455510168966
v 13.0604324024335 11.911305649089341 -3.8093931459405503
v 15.503475352957359 8.9171430775668963 -5.3100757606802755
v 2.3669391941792846 11.283789341171939 -4.1239060660851887
v 21.178494677219621 9.6454013157983454 18.378316015788442
v 20.848722457885739 9.8588481167289199 18.449880123356778
v 20.88773773453876 9.4468906364756506 19.212966642187641
v 21.30372661040386 8.9538406250681284 19.534846399399804
v 21.625107127201979 8.6891976807197064 19.351803808007627
v 21.624125501032019 9.3367025151494438 18.062863998639465
v 20.66337559039669 9.0204399743205208 20.309656088729589
v 20.29005523638553 4.7297697646788137 17.064437322576673
v 20.25563460580041 4.1055181530788394 18.282802559962068
v 19.790950119199859 4.225565877236221 17.833516897186254
v 19.755483787877939 4.8304053508960108 16.613168844620652
v 20.660311807811329 4.4976480739531057 17.832173321795302
v 21.13234696523876 5.1567499575109634 17.148746248210504
v 21.148657732062301 4.6924248884863653 18.104560370726336
v 21.47815257625534 5.0619028728105935 17.995870050248687
v 21.37598253263808 5.925852453552424 16.053272162587316
v 21.022810649767621 5.5563890038020496 16.171716946836401
v 20.706673897510139 4.9802680912350308 16.92705141214573
v 20.632711410522461 5.4395327428651905 15.918513958468491
v 21.919572940944729 6.3383648238341923 16.752858967636971
v 21.892650831693839 6.8671810659124883 15.600181639169675
v 22.101961939056899 6.9972750321285782 16.289007032493675
v 22.083533184346749 7.3967365139621126 15.389648593292932
v 22.212029442950382 7.4750055292110744 16.082366427639094
v 22.207318840994819 6.8730525093446371 17.234602715443373
v 22.045901346349041 6.2203063254713298 17.527856541687072
v 4.4157237401879712 7.9313306656229869 4.2629839790361093
v 5.9999990463256836 8.3711970462797751 4.4834462333366449
v 5.9999990463256836 7.3667135285755885 5.6573573030038204
v 1.394033128347008 9.1681687376862442 1.5271734418536322
v 0 10.189122965264328 2.0388785424195017
v 4.8113172892237763 16.957770163546581 -1.2667530863195342
v 29.17832649494067 16.963113049971916 -1.2774132155177451
v 27.92225225051466 20.388500712931588 0.4394006153136818
v 30.357170767421199 20.041835542980063 0.26565106723302456
v 29.982346679866371 18.227169010917486 -0.64386484954355083
v 27.17186899524512 22.583359031037403 7.5950548370688491
v 11.846494226022759 6.3658313051814606 -0.21969746074511498
v 5.653201233957164 7.7631211694543829 -3.0075707739168482
v 4.7669206967356601 11.950011314519003 -3.7899937586946209
v 4.6504359887402984 10.217898316077141 -4.658133614642626
v 2.6514930607283205 13.061571797414382 -3.2328765507720707
v 0 12.877564662039349 -3.3251014391838449
v 30.748442064173361 22.262468801659377 1.3786386373496358
v 27.722521524992271 22.148079329898096 1.321306315713497
v 29.229884944012468 23.418024993695049 1.9578066171500863
v 27.121152722704601 23.478639845849528 1.9881869497640858
v 31.225396524704031 25.009083022376934 2.7552493296447871
v 28.874913073898231 25.009083022376934 2.7552493296447871
v 37.458793640136719 18.360219741129459 6.1342549897517031
v 35.81971048792866 18.71156086328503 6.3103481380919808
v 10.951450228971931 12.130606308442372 -3.6994790450757069
v 11.81201475675263 10.233617467506573 -4.6502551321938199
v 0 11.843883513654955 0.70751746305566421
v 0 10.199104705329415 -0.32903840887071212
v 0 11.959872737794973 -1.2449003606940838
v 0 13.753071968876863 -0.96673089049913763
v 4.2338830575014192 14.070295906225216 -2.7273012197734161
v 5.6500849253338128 13.065738683450075 -3.2307880958929527
v 5.393546859775423 15.601453321987034 -1.9598808612004301
v 3.7990497763987818 15.459680888157813 -2.0309375996422148
v 7.2101527982240388 8.2726722305421418 -4.0242272610402896
v 5.7686467679576729 8.9171430775668963 -5.3100757606802755
v 6.9769795660393594 9.8707003384111509 -4.8321502074327807
v 6.9769795660393594 16.963113049971916 -1.2774132155177451
v 7.1845786693210698 7.3570857296161138 -2.1974486969803788
v 9.3274630168451615 7.4000840411567053 -2.2832389458904245
v 9.344674632622139 8.2843052324243889 -4.0474374311909695
v 8.4520250005399546 8.9171430775668963 -5.3100757606802755
v 10.421650932670641 8.9171430775668963 -5.3100757606802755
v 10.720271501311689 6.9037477410604104 -1.2929485553443847
v 11.513608897092659 7.5176241953154568 -2.5177551099189852
v 37.458793640136719 19.426620911134584 3.6454929115040002
v 37.458793640136719 20.951784621368688 2.467374187688173
v 37.458793640136719 18.738086425341699 1.7997318325597433
v 37.458793640136719 19.974903937997755 5.4624304274154127
v 13.458792686462401 16.76881116967909 5.805587423902514
v 16.458791732788089 19.512988939339159 3.6617030909407076
v 16.458791732788089 18.170512800057502 5.8884070589598441
v 16.458791732788089 20.20121921393018 5.6525738627192412
v 16.458791732788089 18.27839972457226 7.9724713878189997
v 16.458791732788089 19.360525532554547 7.3299262423407709
v 1.394253370406549 11.141138925968995 2.5160315917470113
v 16.458791732788089 18.269437459855467 9.5068656147454682
v 16.978812565681359 8.725724682415045 18.257572521783626
v 22.458793640136719 10.146405171924066 2.0754782167626695
v 21.47073868625942 5.4398190402365367 17.223051516424306
v 22.069521098047339 8.2768900357472308 18.574333459095595
v 21.918315866391051 8.9791462107574418 17.842505316509879
v 22.221812889738381 7.8730289359585495 18.366867631051608
v 21.89164195132 8.4466299317778155 19.023054755260066
v 22.103275299072269 7.6823978747061155 19.611050664969596
v 26.492253886073691 23.429503666175762 5.9068267122530003
v 26.524429623092431 25.009083022376934 2.7552493296447871
v 29.306572348694459 21.105958405225703 0.79899240764899382
v 28.538693403518671 23.743427713051826 5.2804853245237986
v 27.560640764338551 24.353329250192058 4.063609526215167
v 33.009467982331053 23.79323092085102 2.1458608721813892
v 31.336468933347991 16.963113049971916 -1.2774132155177451
v 32.884409935448623 25.009083022376934 2.7552493296447871
v 23.386879910778472 8.8166407802170674 14.77385553709864
v 34.458793640136719 18.606138566808404 6.2575101896675687
v 34.458793640136719 17.082269407102427 8.8494599468068813
v 1.0576911517835441 14.124383666653957 -2.7001922836997316
v 18.973301511351131 9.8767148679275696 19.128212475688223
v 19.421694813004741 10.156754694627598 18.656151609514058
v 19.420358981806469 9.1972014705525869 20.570398854257611
v 20.48024719274272 10.159353480113648 18.222041025060719
v 19.846010081559239 10.368284183135984 18.167602143913992
v 20.40824127197266 9.8232311301617319 18.965314292313153
v 19.94937720983642 9.7024550899533573 19.472935884540611
v 21.704098812513539 6.2221618431886467 16.253872248215494
v 21.647496463885901 6.7629298158998177 15.031400305080247
v 22.285810018302371 8.0299586299436161 15.743403020515569
v 22.289655726460818 7.2449781081337692 17.511626042555839
v 17.15689305664452 6.3660733701406729 16.121689854986236
v 17.214258977958089 6.7467240233208585 15.205307593985445
v 14.958792209625241 17.206972121769113 4.9313685116789499
v 20.366326760265181 9.4570823709719409 19.720211269986649
v 20.17692947387695 5.3356159254448219 15.766449309826202
v 21.750185012817379 5.7455715908995213 17.321630072099268
v 22.19467393848543 6.2489038618394064 18.348960101151953
v 21.78338718427279 5.4536055562041126 18.024506731551114
v 21.673986746851782 8.2361564311131925 20.108215341923522
v 21.933217835741399 7.8973037811462019 19.935033845112414
v 22.30622673034668 7.8472256648803995 17.180558833920585
v 22.298277066286541 7.0822169198551901 18.84544958084556
v 22.288428878778099 6.7481888826787353 18.438369171679327
v 19.379453531287631 9.5814957899301785 19.795884608134678
v 19.657308221683468 5.5957362543635254 15.061041376755441
v 5.9999990463256845 10.687298599713797 9
v 5.9999990463256836 11.585397513357334 9.4501296752688315
v 5.9999990463256836 11.415690147383257 9
v 5.9999990463256827 11.585875399383134 9.4496108393029665
v 5.9999990463256836 11.587681559845681 9.4476499093792849
v 5.9999990463256836 11.812044940406453 9.0000000000000018
v 6.1912753514638501 11.812044940406452 9
v 6.8011251230784815 10.687298599713797 9.0000000000000018
v 7.2627338068895391 10.687298599713799 8.9999999999999982
v 7.341956854637389 10.687298599713799 9
v 5.9999990463256836 11.586229656421875 9.45054674768895
v 8.0394248258687746 11.812044940406453 9
v 7.8219008564186856 11.812044940406453 9
v 6.5128735550321517 11.812044940406452 9
v 13.458792686462399 10.48662522126005 13.584761424482849
v 13.458792686462401 10.380941240306161 13.472100954442157
v 13.458792686462401 10.408104850874674 13.44668909040826
v 13.458792686462401 10.539451328514817 13.677652274245043
v 13.458792686462399 8.9999999999999982 14.763987058793004
v 13.459243943883006 9 14.865755688412259
v 13.977645058091911 9.0000000000000018 14.865755688412257
v 13.55787541153525 9 14.865755688412259
v 13.458792686462401 13.876133060090027 10.533641338728778
v 13.458792686462402 14.167984132108883 10.305534731388461
v 13.458792686462399 11.999999999999998 9.646254750194327
v 13.458792686462402 12 9.2919402380580003
v 13.458792686462402 14.12630994430144 10.169250272622129
v 13.458792686462401 12.312832241748504 9.1720253366305933
v 13.458792686462401 12 9
v 13.458792686462401 13.02168001897855 11.201469566979938
v 13.458792686462401 12 11.575739814684653
v 13.458792686462401 12 11.835149395353772
v 13.458792686462402 12.143678561100533 11.887702899655398
v 13.458792686462401 12 12
v 13.458792686462401 14.25312832788485 10.238987250514651
v 13.458792686462401 10.687298599713799 9
v 13.458792686462401 9.2804519293894767 9
v 13.458792686462402 11.812044940406453 9
v 13.344117399263396 11.812044940406453 9
v 12.657886286763009 10.687298599713797 9
v 13.458792686462399 9.6528101557143433 8.4815115124928688
v 13.458792686462401 11.871067033251499 8.882239096026165
v 10.518683575553656 11.812044940406453 9
v 13.15131063038401 11.81204494040645 9
v 10.343340756488839 11.812044940406452 8.9999999999999982
v 12.205385066605073 10.687298599713797 9
v 10.967414789237518 10.687298599713801 9
v 11.509513456859773 10.687298599713799 9
v 13.458792686462399 13.440298264838964 8.2299853627712292
v 13.458792686462401 13.66309901184915 8.6544408775213739
v 13.458792686462399 14.054402441799187 8.5044463885633341
v 13.458792686462401 13.989328604650661 7.9364618556905899
v 13.458792686462401 11.991818868017321 8.641314985526499
v 13.458792686462401 12.804787394657438 7.0192798460618082
v 13.458792686462401 13.106281959654215 7.1054655270204545
v 13.458792686462402 12.872062712858501 6.885052103455604
v 13.458792686462401 12 14.380338438825945
v 13.458792686462401 11.582887835100932 14.612538816027422
v 13.458792686462401 12 12.518108188849972
v 13.458792686462399 12 13.85072811393788
v 13.458792686462399 12.450693022032985 11.999999999999998
v 13.458792686462401 13.664154345134007 12
v 13.458792686462401 14.298879982567549 10.733595146553455
v 13.458792686462402 14.387721615952323 10.556338283002905
v 14.855734567745952 13.664154345134005 12.000000000000002
v 14.820444360682165 16.671371284407034 5.9999995231628409
v 13.696223632584692 16.671371284407037 5.9999995231628427
v 13.465024185619784 16.67137128440703 5.9999995231628409
v 13.458792686462401 16.399559595561545 6.5423183167903805
v 17.077915744760872 5.9999999999999991 17.154556891221418
v 17.178677066858818 5.9999999999999991 16.791534707612136
v 17.486082464416359 5.9999999999999991 16.020290545879636
v 17.473002175607533 5.9999999999999991 16.053732879206247
v 16.61431748058299 8.8622716202511302 15.000000000000002
v 16.631270783500803 8.415889908347598 15.000000000000002
v 16.69421870892122 8.0940200287552511 15
v 16.813479493261379 7.64929695607041 15.000000000000002
v 16.906252959931734 7.3910467459056566 15
v 17.004709024429989 7.2128905057958956 15.000000000000002
v 17.205894354249185 6.8602556586681613 15.000000000000002
v 17.242783929067507 6.8142262246728524 15
v 16.731173257673394 7.8845316848945934 15.000000000000004
v 17.260034249089298 6.7927019194795442 14.999999999999998
v 17.528210222306679 6.4658529291298246 14.999999999999998
v 17.580922751413208 6.4182435555605366 15
v 18.130317646592705 6.0000000000000009 15
v 17.899266176667656 6.1408502129154003 15
v 17.86286544799805 6.1635960287892049 14.999999999999998
v 17.829083344082008 6.1941076515960898 14.999999999999998
v 17.965170897684708 5.9999999999999991 15.198857958562048
v 17.862865447998047 5.9999999999999991 15.32640686407585
v 17.561844284334104 6 15.868859931669366
v 17.508954600576814 5.9999999999999991 15.964169413730321
v 17.49247116479021 6 16.003956575693763
v 16.95442127684543 5.7924854239529271 18
v 17.132650034544564 5.4825803663689614 18
v 17.226852124420979 5.3300113329700229 18
v 17.525657489743907 4.9729305701651638 18
v 16.87314441848542 6 18
v 18.16696226603505 4.4726729907962151 18
v 18.061433492212505 4.5359079599947911 18
v 17.915665883997523 4.6269941359589337 18
v 17.584710777019001 4.9128602102478656 18
v 17.554259481031156 4.9387171764754365 17.999999999999996
v 16.948865244245084 6 17.606105448316843
v 17.043778336950879 5.9999999999999991 17.27754690433278
v 16.458791732788089 9.0000000000000018 14.865755688412259
v 16.458791732788089 9.0881138442229954 14.909918592391152
v 16.352362853674993 9 14.865755688412259
v 16.613660291921306 8.8795754460168279 14.999999999999998
v 16.624511802982799 9.0550056266768699 15
v 16.612214815606752 8.9475899370263985 15
v 16.630248658746641 9.2678443058164728 15
v 16.648877652692747 9.2678443058164728 15
v 16.458791732788089 9.1342775727599594 14.933055981625083
v 16.458791732788089 9.267844305816471 15.000000000000002
v 15.440643528196894 8.9999999999999982 14.865755688412259
v 16.458791732788089 18 3.9820202013453887
v 16.458791732788089 18 3.3491189621400514
v 16.458791732788089 17.645133073859132 4.0571495994553857
v 16.458791732788086 17.777338455770657 4.5179631400995142
v 16.458791732788089 18 4.4999995231628418
v 16.458791732788089 17.398868447972642 4.5484968825364227
v 16.458791732788093 18 7.5016605417364959
v 16.458791732788089 18 6.1802217196012563
v 16.458791732788089 18 5.9999995231628418
v 15.280525809339887 16.671371284407034 5.9999995231628418
v 16.458791732788089 17.387455213580008 5.9999995231628418
v 15.375379634852672 16.671371284407034 5.9999995231628418
v 16.318916953975343 16.671371284407037 5.9999995231628427
v 16.458791732788089 16.671371284407037 5.9999995231628418
v 16.458791732788089 17.893381233498921 5.9279006989612464
v 16.458791732788089 17.007692507166556 5.3289712808786733
v 16.458791732788089 18 5.9127066045681875
v 16.458791732788089 18 5.2940696274305701
v 16.458791732788086 17.019871566625131 12
v 16.458791732788089 16.606533382428449 12
v 16.458791732788089 16.694674378662203 12.648833563472593
v 16.458791732788089 16.682122285864558 12.673877504196529
v 16.458791732788089 16.679903963158818 12.654101085959301
v 16.458791732788089 16.676290404936182 12.62188609823434
v 16.631323510654351 18.3485848469894 9.3489507153106324
v 16.618040090520889 18.505300130429994 9.0362723171906367
v 16.458791732788089 18 9.320101021251384
v 16.458791732788089 18 9.2692406391474869
v 16.458791732788093 18.000000000000004 8.9062560242731266
v 16.458791732788089 18 8.7354692441908597
v 16.458791732788089 18 8.5430636462665603
v 16.458791732788089 18 8.2769298053498819
v 16.650143234988722 18.735898660748163 8.5761820344452087
v 16.614920778200151 18.598038744255618 8.851240196658134
v 16.723966672493258 18.129835117008163 9.78540026673965
v 16.683911342737062 18.224414062658937 9.5966963153910072
v 16.639998405210559 18.328101620768305 9.389818856710324
v 16.458791732788089 17.999999999999996 9.921193989195805
v 16.458791732788086 18 9.4719135820136984
v 16.801306256388344 19.034796791888439 7.9798203599858608
v 16.741437847940606 18.936817184879072 8.1753093122789462
v 16.458791732788089 18 7.9174922497668234
v 16.458791732788089 18 7.8541822689728447
v 16.672760009765621 18.82442021677674 8.3995637893676758
v 16.818062911045864 18 10.04444734571344
v 16.458791732788089 17.999999999999996 10.04444734571344
v 16.743891754673822 18.092512692424368 9.8598659836538456
v 16.733281058802778 18.106217330952664 9.8325224832130154
v 17.025236818283489 19.26311473174918 7.5242803122611717
v 16.934092069359643 19.175151660641617 7.6997842679940813
v 16.946142337616887 19.186781278541634 7.6765808495661485
v 17.105596080290923 19.317367108697614 7.4160359474103794
v 17.280818499773066 19.436734552254691 7.1778739748210558
v 17.281688000479036 19.437326885568829 7.1766921511485329
v 16.458791732788089 6.620715477378937 2.9999995231628418
v 16.458791732788089 5.4114235586520421 2.9999995231628418
v 19.461420636862815 5.0298186193486005 16.203678377957264
v 19.461833032447228 4.8775159866548012 16.506682321705213
v 19.460376417692871 5.4154612758212792 15.422491350822638
v 19.45979370487597 5.6306641040574394 14.999999999999998
v 19.639617313419279 5.6264128196576415 15
v 19.659043540474176 5.6264128196576415 15
v 19.555237590668458 5.6288099376623171 14.999999999999998
v 19.67827737565915 5.6300957803869585 15
v 19.724791868725834 5.6406291578326089 15
v 20.232337154808672 5.7416604218957552 14.999999999999998
v 20.36899619273785 5.8006071025412629 15.000000000000004
v 21.110164047076587 6.2136722930400126 15
v 21.097275130175689 6.2023300336115881 15.000000000000002
v 20.76203437908481 5.9807048675964962 15
v 20.688162092499827 5.9345441040554663 15
v 20.57001595152083 5.8873152171597658 14.999999999999998
v 21.459303457681049 6.5517951883955252 15
v 21.399176944622518 6.4793414194881809 15.000000000000002
v 21.383967263675132 6.4609670773285375 15
v 19.458793640136719 4.1335385941359037 17.999999999999996
v 19.222218874440252 4.1265446865398427 18.000000000000004
v 18.588971311051157 4.2761021885500039 18
v 18.695811591445388 4.2368015447834431 18
v 18.312970264871947 4.3851820537298796 18
v 18.837335263162156 4.2095673575609505 18.000000000000004
v 19.459648263187155 4.3409034551536072 17.580105633260573
v 19.460653830829276 4.5862587226037341 17.086048998480059
v 19.739487231992371 23.295650698461479 6.1738902086118239
v 19.892377675556244 23.289128587346038 6.1869031273978345
v 20.161079691148938 23.256946692056523 6.2511124581451138
v 22.099821215070971 19.059512286268419 7.930507995410994
v 22.020488990606996 19.138375660311578 7.7731597590119472
v 21.894389519361567 19.263729888491444 7.5230529512754361
v 21.81435780681398 19.318409848726613 7.413955472074699
v 22.100305335459833 18 10.042499096839499
v 22.458793640136719 18 10.038733560952293
v 22.458793640136719 18 9.9292605219880077
v 22.175856872243873 18.094758335280385 9.85448253828209
v 22.166469111880716 18.950665472674714 8.1476792027607008
v 22.458793640136719 18.000000000000004 9.4844630730600663
v 22.458793640136719 18 9.5428257847084694
v 22.285737640724093 18.34237767759511 9.3613352622447739
v 22.257250798762442 18.276077027420101 9.4936183468036273
v 22.206451744723122 18.157846641769918 9.7295116609884129
v 22.194776838783412 18.130469331981743 9.7837262236416773
v 22.185599500066544 18.108862727532564 9.8265128258075229
v 22.301022128921559 18.60447415159847 8.8384002692749473
v 22.276221082556191 18.701541882923642 8.6447306917228381
v 22.241412396296273 18.830005819611934 8.3884193922884744
v 22.298059352109192 18.487746902748427 9.0712945242964924
v 22.286606539876463 18.352628785786884 9.3408822469549566
v 22.458793640136719 18 9.3193677426032693
v 22.499143561888115 18 9.3094290743602617
v 22.458793640136715 18 9.3094290743602617
v 23.438428792712219 17.999999999999996 9.3094290743602635
v 22.797710192321716 18 9.3094290743602635
v 21.27604696800757 8.1078274366972334 2.9999995231628414
v 22.458793640136722 8.1078274366972316 2.9999995231628409
v 22.424807850207031 8.1078274366972316 2.9999995231628418
v 22.458793640136719 8.3811910033389143 2.454584422316644
v 22.458793640136719 9 2.5965494753913418
v 22.458793640136719 9 2.9999995231628418
v 22.458793640136719 9.0000000000000018 1.2199364571002749
v 22.458793640136715 10.034123595158746 4.1139538540845928
v 22.458793640136719 9.6652975837503803 5.2416502192543932
v 22.458793640136719 9 4.7018188969211856
v 22.458793640136715 9 4.9644643222581681
v 22.458793640136719 10.35314254440387 4.4575999538558264
v 22.458793640136719 9 3.121621705107569
v 22.458793640136719 9.1288269837358165 3.1387715008489994
v 22.458793640136719 9 5.9999995231628418
v 22.458793640136719 10.912195551688219 3.0075081542790443
v 22.458793640136719 11.252309863562287 3.4214552724735015
v 22.458793640136722 11.054869002705269 3.8153893594421757
v 22.458793640136719 11.252962659588878 3.0088462467704238
v 22.458793640136719 11.458705737609325 3.0096541394967735
v 20.423625589464397 8.1078274366972334 2.9999995231628418
v 20.581240447063717 8.1078274366972316 2.9999995231628414
v 20.44788593839743 8.1078274366972334 2.9999995231628422
v 24.475216264973909 9.9599363080478973 5.9999995231628418
v 23.752510748579358 9.9599363080478973 5.9999995231628418
v 22.458793640136719 9.9599363080478973 5.9999995231628409
v 22.458793640136719 10.223467061159619 5.4742028559247871
v 22.458793640136722 10.566756405415815 4.7892718147581315
v 23.267114395610506 9.9599363080478973 5.9999995231628418
v 22.458793640136715 16.354172187888857 12.405637923220482
v 22.458793640136719 16.96982713289794 12.074143150805394
v 22.458793640136719 17.007352878390122 12
v 22.458793640136719 16.948784982951604 12
v 22.458793640136722 16.873991950570868 12
v 22.458793640136719 16.224664005025009 12
v 25.458793640136719 9.9599363080478973 5.9999995231628409
v 24.590778889440156 9.9599363080478973 5.9999995231628418
v 25.458793640136722 10.548753279335655 4.8251916593343003
v 25.458793640136719 10.365122500094815 5.1915718657697436
v 25.458793640136722 12.000000000000004 3.1835352714528633
v 25.458793640136719 12 3.2322808725813772
v 25.458793640136722 12 1.9296636040489392
v 25.458793640136719 11.576057519579855 2.7755138157357977
v 25.458793640136719 12 7.1634564783654522
v 25.458793640136715 11.999999999999998 6.4997644840980575
v 25.458793640136719 12.760264755392917 7.1081114342749814
v 25.458793640136719 12.000000000000002 8.6249919876223302
v 25.458793640136719 12 5.9999995231628418
v 25.458793640136719 12.831245626522572 6.9664903709381942
v 25.832625205528615 11.999999999999998 8.6249919876223284
v 25.458793640136719 13.31565352953902 5.9999995231628409
v 25.458793640136715 10.922776273437679 4.0789408273265808
v 25.458793640136715 12 4.99648843293786
v 25.458793640136719 11.999999999999998 3.7961996499619697
v 28.15842108528512 11.812044940406452 9
v 27.807136424467195 11.812044940406453 9
v 25.790792941860452 11.812044940406452 8.9999999999999982
v 26.348992656891326 11.812044940406453 9
v 28.063878832136933 12 8.6249919876223267
v 27.340845058451748 11.999999999999998 8.6249919876223267
v 27.089940772943816 11.999999999999998 8.6249919876223267
v 25.458793640136719 9.5954103145186522 9
v 25.458793640136719 9.3798164928492618 9
v 25.458793640136719 11.812044940406452 9
v 25.458793640136722 11.409105630179264 9
v 25.458793640136719 10.965010515746203 9
v 25.458793640136722 9.9245206452432768 9.9143382638251367
v 25.458793640136719 11.58138966583093 9.4662458746563818
v 25.458793640136719 10.42492312426265 10.75431191166582
v 25.458793640136719 11.586229656421875 9.45054674768895
v 25.458793640136719 9.9076973882702557 9.8860988103438459
v 25.458793640136726 11.592612560298399 9.4537458768779121
v 25.458793640136719 11.141230991802674 11.578910107873028
v 25.458793640136722 10.985375782143084 11.399492945813709
v 25.458793640136719 11.900111772353117 9.6078653378469401
v 25.458793640136715 11.594912431621484 11.465142263615787
v 25.458793640136719 11.507021268884889 12
v 25.458793640136719 13.184076995766761 10.251392281585181
v 25.458793640136719 13.16355984282162 10.28255967569647
v 25.458793640136719 13.09459834410112 10.206545332317258
v 25.458793640136719 12.159462210060376 11.323572418275527
v 25.458793640136715 16.337666290928016 11.831980013957857
v 25.458793640136715 16.672899836338523 12
v 25.458793640136722 16.862356360523979 11.999999999999998
v 25.458793640136719 18 12
v 25.458793640136719 16.763566528744075 12.000000000000002
v 25.458793640136722 16.735419735034487 12
v 25.458793640136719 18 11.668506567358323
v 25.458793640136719 18 10.5
v 31.458795547485355 11.812044940406453 9
v 31.194200272701597 11.812044940406455 9
v 31.458795547485355 12 8.6249919876223302
v 31.458795547485352 12 9
v 28.476875169208284 11.812044940406453 9
v 28.408199832965611 11.812044940406452 9
v 30.74932883406915 11.812044940406453 9
v 28.907079585569385 12 8.6249919876223284
v 30.158811416262783 12 8.6249919876223284
v 30.893411898549981 12 8.6249919876223284
v 22.458793640136719 9.0846524598251897 14.908183736896619
v 22.458793640136719 8.2828031267518174 14.506294619308726
v 22.458793640136719 8.9792004703239829 14.855330906245639
v 22.458793640136719 8.4646795886934818 14.597451608265224
v 22.458793640136719 8.6122742632978895 14.671426469989042
v 22.458793640136719 9.2678443058164728 15
v 22.458793640136715 8.0670321533738587 14.39814960687905
v 22.458793640136722 7.7341790292147286 14.231322694593715
v 22.458793640136719 7.4867814281683716 14.107326328347707
v 22.458793640136722 6.838362767778305 12.228164337447074
v 22.458793640136719 6.7596329856985218 12
v 22.458793640136722 6.9042606865422043 12.096684782765678
v 22.458793640136722 6.9527193687748667 12
v 28.404934457685215 12 8.6249919876223267
v 28.568034049512381 11.999999999999998 8.6249919876223284
v 22.458793640136719 14.675963298569849 12
v 22.458793640136719 14.812076301793896 12.093632126889574
v 22.458793640136719 14.95417327267155 13.159456804305707
v 22.458793640136715 14.217372217862623 12.736944744408399
v 22.458793640136715 14.275808694417657 13.461856940198667
v 22.458793640136719 13.75308171097118 13.483048328465671
v 22.458793640136715 14.989491121660338 13.432924204958328
v 22.458793640136719 15.743574476434544 12.734409666283044
v 22.458793640136715 14.775807461608849 13.441586955399506
v 22.458793640136719 13.664154345134005 12
v 22.458793640136719 13.500757924952518 12.326008604899453
v 22.458793640136719 13.130214310640801 13.065317376915322
v 22.458793640136722 14.799593159031529 12.000000000000002
v 23.991783102544023 13.664154345134007 12.000000000000002
v 23.903920389576975 13.664154345134005 12.000000000000002
v 23.090227951317946 13.664154345134005 12
v 25.458793640136719 8.4563277189153272 9
v 13.458792686462401 11.194172270372579 14.828931212005257
v 13.458792686462401 14.533525165866426 10.265430980112859
v 15.117916790189929 13.664154345134005 11.999999999999998
v 25.458793640136722 11.371514032090015 3.183619066290039
v 25.458793640136719 11.252309863562287 3.4214552724735015
v 16.458791732788089 12.702956501689375 14.180922139442558
v 16.458791732788089 13.08983428877211 13.145883613192716
v 16.458791732788089 12.535305124928316 14.252280429475341
v 16.458791732788089 13.292407343603131 13.348405005852941
v 16.458791732788089 12.615502130178061 14.304439246406217
v 16.458791732788089 12.251477738701906 14.818572947470262
v 16.458791732788089 13.397498105033625 12.532032640166175
v 10.14652526471445 11.812044940406453 9.0000000000000018
v 10.209105680323979 10.687298599713797 8.9999999999999982
v 9.5928310339027973 10.687298599713797 9
v 8.2219155102986381 11.81204494040645 8.9999999999999982
v 8.0155370566377808 10.687298599713797 9
v 8.5397586448444169 10.687298599713797 9
v 8.3112182345061978 11.812044940406452 9
v 9.9909566907380025 11.812044940406452 9
v 9.0498768179528675 10.687298599713797 9
v 13.458792686462401 8.4563277189153272 8.9999999999999982
v 13.458792686462401 9.0842820421067394 9
v 13.458792686462401 8.9042396656202012 8.1063258993014387
v 13.458792686462401 9.1337950163862249 8.2213796800451764
v 13.458792686462401 7.5837801303528396 7.4445079048845741
v 22.22545345938094 8.0880190175346041 14.999999999999998
v 22.227640775498635 8.0994300984229071 14.999999999999998
v 22.285741449493514 8.4007488712220528 15
v 22.30316250347002 8.8594465028807399 14.999999999999998
v 22.305003626356772 8.9508114529198899 14.999999999999998
v 22.268708462127524 9.2678443058164728 15.000000000000002
v 15.048752479908028 16.671371284407034 5.9999995231628418
v 22.458793640136719 15.118003488391469 14.428000176114747
v 22.458793640136719 13.939208334769129 13.611906040287788
v 22.458793640136722 14.446218079029883 13.962915015703787
v 22.458793640136715 13.737951331848947 13.701622023379249
v 22.458793640136719 15.191876291341231 15
v 22.458793640136719 13.79056144804669 15
v 22.458793640136719 13.6480734028603 15
v 22.458793640136719 12.56533653529686 14.267848845767132
v 22.458793640136719 13.006020013564997 14.999999999999998
v 22.458793640136719 12.76769365811397 14.134141735926551
v 22.458793640136715 12.160545994993546 14.999999999999998
v 22.458793640136715 12.508768679665684 14.305225956001889
v 22.458793640136719 12.544692464912103 14.233550804870152
v 25.458793640136719 8.973230344638619 11.827337975357755
v 25.458793640136719 8.7396365644223231 12
v 25.458793640136719 9.157059790271596 11.14167013361835
v 25.458793640136719 8.9460788476215924 11.0325737779383
v 25.458793640136715 9.6955693215940357 11.293417465472412
v 25.458793640136715 10.409331962177081 10.765836198013371
v 25.458793640136719 9.918265119124845 9.9160842132802944
v 25.458793640136719 9.1466189989862663 10.092806023000506
v 25.458793640136715 7.8231875185908324 10.611443349376902
v 25.458793640136719 7.7239946058708258 10.461151329020138
v 25.458793640136719 7.7480787407397909 10.413098653201896
v 13.458792686462401 13.920871995571382 7.3383254359491605
v 13.458792686462401 13.76770082791052 5.9999995231628418
v 13.458792686462399 13.315653529539022 5.9999995231628409
v 13.458792686462401 14.861330707691623 5.9999995231628409
v 13.458792686462401 15.130023435677451 6.5682897908439308
v 13.458792686462402 14.378862417980564 7.4692472534893728
v 13.458792686462401 15.6038277089282 5.9999995231628418
v 19.311511888789752 15.516263216484672 15
v 18.96073858410411 15.516263216484667 14.999999999999998
v 18.025445174861666 15.516263216484669 14.999999999999998
v 18.579797922047568 15.516263216484671 15
v 16.830696140784912 15.516263216484671 15.000000000000002
v 17.926525199601372 15.516263216484669 15
v 22.458793640136719 4.0928817839187346 12
v 22.458793640136719 4.1042361673223589 12
v 22.458793640136719 3.533807978043507 12.126085032517276
v 22.458793640136715 3.5970021472837423 12
v 22.458793640136719 5.8648515152210932 12.44669710022764
v 22.458793640136719 5.7117004616854388 12
v 17.330312739859142 19.471331360721411 7.1088464083071718
v 17.379781933665416 19.496222267004626 7.0591840618306643
v 17.879713660212275 19.706442865347224 6.6397518373628497
v 17.664503149036307 19.6316980281897 6.7888827672699747
v 18.255608195771572 8.1078274366972334 2.9999995231628422
v 18.005784047860949 8.1078274366972334 2.9999995231628418
v 18.090051094934793 8.1078274366972316 2.9999995231628418
v 21.600826087135886 20.342493422649682 7.1277760763508615
v 21.602376756823428 19.464096434393358 7.1232815362991868
v 21.395416082182678 19.952529087304885 6.9323248660570593
v 21.501970799699521 19.511173373356105 7.0293536082752253
v 21.618324211234 20.375713052507813 7.1444258472986144
v 21.229859042137949 19.638651761091072 6.775008676518774
v 21.039427255329333 23.061632608195659 6.6408031987743827
v 21.098499825935377 23.040304182514504 6.683357682485175
v 20.923572052706877 23.093855805419171 6.5765114623913652
v 21.363842879533891 22.935503977149054 6.8924550954298374
v 20.656851177738876 23.169704662940106 6.4251777906000687
v 20.913114297676838 23.096829733767891 6.570577879324123
v 19.908740628415103 15.516263216484671 14.999999999999998
v 21.95361181124774 15.516263216484672 14.999999999999998
v 20.097461736018172 15.516263216484669 14.999999999999998
v 20.858217587486735 15.516263216484667 15.000000000000002
v 21.411906321896709 15.516263216484671 15.000000000000002
v 25.458793640136712 15.24109174872725 11.282373801223015
v 25.458793640136719 14.593443272797751 10.957770582435238
v 15.02970351234252 7.8580443694236664 5.9999995231628418
v 13.458792686462399 8.3112331669412356 5.9999995231628409
v 13.458792686462401 8.7153872917664224 5.9999995231628418
v 13.458792686462402 8.0372467958137719 5.9999995231628427
v 13.458792686462401 6.4459858989605561 5.9999995231628418
v 13.458792686462401 6.4192404860458332 5.9999995231628418
v 16.458791732788089 6.7596329856985218 5.9999995231628418
v 16.458791732788089 9.0557797914191127 5.9999995231628418
v 16.458791732788089 8.0059705598127753 5.9999995231628427
v 16.458791732788086 8.5855691867422248 5.9999995231628418
v 16.458791732788089 8.2280066599394655 5.9999995231628409
v 13.458792686462401 15.577789283679001 8.1819147817989286
v 13.458792686462402 14.886278769181416 9.5616168453708461
v 13.458792686462401 15.0917488751747 8.1068105994610651
v 13.458792686462401 15.739968367276422 7.8583350073537996
v 13.458792686462399 15.928935494583547 7.4813077170568203
v 22.454758260227091 15.516263216484671 15.000000000000002
v 13.458792686462402 4.7016964117033799 5.9999995231628427
v 13.458792686462401 6.222249674818527 6.7621050509139291
v 13.458792686462399 6.4038809698415742 6.8531391615284214
v 16.458791732788089 7.2519949693029133 3.9224990371909945
v 16.458791732788089 7.5664705232060383 4.0801150601122558
v 16.458791732788089 7.2076292657372809 4.7960752849312431
v 16.458791732788089 7.8267931816860754 4.2105895011193715
v 16.458791732788089 7.826887259537445 4.8358863902617966
v 16.458791732788089 8.0027279636752091 4.8471909077067279
v 16.458791732788089 6.4014558876013883 3.4962064820685894
v 16.458791732788089 6.8504285879764328 5.5087622244407504
v 16.458791732788089 6.6694334461724631 5.8698838059757197
v 16.458791732788089 7.1513831570271149 5.6367022847256978
v 16.458791732788089 7.8724212599215448 4.968033396334115
v 16.458791732788089 6.6042190865567729 5.9999995231628418
v 16.458791732788089 8.299619116169314 4.4475711755366918
v 16.458791732788093 8.7234041552113339 4.6599734166594198
v 16.458791732788089 9.3360996125885496 4.9670580852612547
v 16.458791732788089 9.1045350929772866 5.8203426901685615
v 16.458791732788089 8.9428107534913668 5.8763288008187118
v 16.458791732788089 9.8780530186213422 5.5525644428580847
v 16.458791732788089 10.17831489666794 5.3891787298471527
v 17.770801910163467 8.1078274366972352 2.9999995231628414
v 17.823102086478283 8.1078274366972334 2.9999995231628414
v 16.458791732788089 8.1078274366972334 2.9999995231628418
v 16.458791732788093 7.207585881222407 2.9999995231628418
v 16.458791732788089 9.9599363080478973 5.9999995231628418
v 16.458791732788089 10.248460514007711 5.4243359084997653
v 16.458791732788093 14.258082185150803 14.798638576482412
v 16.458791732788089 15.516263216484667 15
v 16.458791732788089 15.45754956600819 14.416071876448424
v 16.458791732788089 15.676974982522086 14.679347818155431
v 16.458791732788089 14.15582147395974 15
v 16.458791732788089 14.990914005323074 13.856182695763783
v 16.458791732788089 14.83295517454267 13.66665697634005
v 16.458791732788089 14.786692949928895 13.757751858184902
v 16.458791732788089 15.875788049464681 14.282675905039182
v 16.458791732788089 16.237728992415875 13.56053118646793
v 16.458791732788086 13.87926393173049 14.470982653305901
v 16.458791732788086 14.080212228276524 14.85536969191128
v 16.458791732788089 14.421215242120949 13.581598244511175
v 16.458791732788086 14.260497415105712 13.548396571630425
v 16.458791732788086 13.541124961658866 13.824168325556048
v 16.458791732788089 14.2123837978393 13.538457085692515
v 16.458791732788089 13.891913066221043 12.871741633205929
v 16.458791732788089 14.275749528903864 13.511486414154943
v 16.458791732788089 14.951573993455547 12.394137916014541
v 16.458791732788089 14.98831385499795 12
v 16.458791732788089 14.867077144464433 13.300603280145433
v 16.458791732788093 16.030655096710674 12.885640476486351
v 16.458791732788089 15.121513465908933 12.113174996972354
v 16.458791732788089 16.413114235968546 13.210602476236383
v 22.144086998142068 7.767094854862564 15
v 22.193463857011107 7.9211314162073254 15
v 22.458793640136715 6.1679386018509703 13.330714020702096
v 21.907732878617825 21.183953657506198 7.5495182881646663
v 22.037587278439226 21.697826235353386 7.8070726544844096
v 22.075405825762939 21.84748550319798 7.8820822960867565
v 22.020687733749355 22.493894779847849 7.7735539479201439
v 22.091695155178162 22.423307009571431 7.9143906962725135
v 22.155919034909182 22.300744582058897 8.1092570080041746
v 22.091216037175499 21.936491045734932 7.9266921217425379
v 22.152978978882729 22.330451116842912 8.0996568117204131
v 25.458793640136719 10.912368619690222 11.636300991479002
v 25.458793640136719 11.309893871631644 12.000000000000002
v 25.458793640136719 10.870965585919322 12
v 25.458793640136719 10.268722392382065 12
v 25.458793640136719 8.9269391780712439 11.999999999999998
v 16.458791732788093 16.252030178995245 12
v 16.458791732788089 15.189966980507803 12.000000000000002
v 14.602862100607545 9.9599363080478973 5.9999995231628418
v 13.458792686462401 9.9599363080478973 5.9999995231628427
v 14.044559507987188 9.9599363080478973 5.9999995231628418
v 16.458791732788089 13.665809836457312 14.987542152834017
v 16.458791732788089 13.693703479659709 15
v 16.458791732788086 13.668761367872042 14.999999999999998
v 16.458791732788089 13.643621195748755 15
v 16.458791732788089 13.660774590145857 15
v 16.458791732788089 12.160545994993544 15
v 19.006085137065657 19.932516324467997 6.1886899785357397
v 18.532820575453229 19.873114673868169 6.3072081762983681
v 18.502861081192279 19.868843575758451 6.3157298730074558
v 18.435390888128143 19.853331828063904 6.3466789184016834
v 18.065992918151224 19.769029710911671 6.5148785372938516
v 18.380622732943092 19.840832919542805 6.3716167458351398
v 19.458793640136715 20.274105047139447 6.1536413236245062
v 19.151623984283589 19.938804627150915 6.1761435544306833
v 19.458793640136719 19.949264029530454 6.1552749504915711
v 19.145430208088399 19.938537012419797 6.1766774994525271
v 24.026998201948011 13.664154345134005 11.999999999999998
v 24.3081910179767 13.664154345134005 11.999999999999998
v 25.458793640136719 13.664154345134005 12
v 21.832423469897812 7.0613768201058731 15
v 21.941607262606414 7.2569319171859519 14.999999999999998
v 22.05646139042133 7.5166706804599022 15
v 22.124727101041348 7.7066995189564693 15
v 21.65035350119264 6.782298868226075 15
v 21.557760968592333 6.6704386516513088 15.000000000000002
v 19.458793640136719 23.243208216778726 6.1547804721065686
v 19.458793640136719 23.304758705759095 6.1557179086972447
v 19.46905093598987 23.305026630337441 6.1551833454680809
v 19.458793640136719 22.996088487777598 6.1559993112513993
v 19.458793640136722 20.823816116785046 6.155762621242082
v 19.458793640136722 20.935938397131668 6.1559808452648364
v 15.934584455795141 13.664154345134005 12
v 16.458791732788089 14.059338186181222 12.000000000000002
v 15.383407406382156 13.664154345134005 12.000000000000002
v 16.458791732788086 13.664154345134005 12
v 15.243519441535655 9.9599363080478973 5.9999995231628418
v 15.881194312043325 9.9599363080478973 5.9999995231628427
v 25.458793640136715 13.264715154723488 10.291808351300944
v 25.458793640136715 14.010407819538232 11.309154925140147
v 25.458793640136715 13.703005004708716 10.936504487226662
v 25.052431309660019 18 9.3094290743602617
v 25.458793640136719 18 9.9460933522348771
v 25.458793640136719 18 9.5184629234690235
v 25.119327180689208 18 9.3094290743602617
v 25.458793640136719 18 9.3094290743602635
v 16.458791732788089 13.529761864248455 12.268139933260537
v 22.458793640136719 6.2157979688451794 13.470305880904787
v 22.751348237236179 6.9527193687748658 12
v 23.110038528189037 6.9527193687748667 11.999999999999998
v 23.889003172950577 6.9527193687748676 12
v 25.224670752750722 6.9527193687748676 11.999999999999998
v 23.782910645681014 6.9527193687748667 11.999999999999998
v 23.675416382536525 6.9527193687748667 12.000000000000002
v 25.458793640136719 6.9527193687748667 11.999999999999998
v 25.458793640136719 6.9623040448148235 11.980876650414197
v 25.458793640136719 8.3490034088892866 11.999999999999998
v 25.458793640136715 6.9984493396493157 11.999999999999996
v 25.458793640136719 14.268220073514376 10.79476780973461
v 20.276527312399566 23.243218486397751 6.2785029797343723
v 20.404359505020562 23.217867808609228 6.3290826625077985
v 21.660194870034353 22.780917341663276 7.2008864142729418
v 21.581174893631257 22.819902208043814 7.1231037928006034
v 21.808537541047606 22.671429997226276 7.4193356090252252
v 21.916434825843343 22.597531557044395 7.5667778073376688
v 19.458793640136722 22.253670743172488 6.1613797604540501
v 19.458793640136715 22.099228238651595 6.1618430836060529
v 21.665777096660733 20.505284336498903 7.2093673354810921
v 21.767101250354287 19.350887498786783 7.3491560512870873
v 21.730882785979382 20.693986695812594 7.3039454831995148
v 22.158973048533849 22.320641325601915 8.1192293112481355
v 19.458793640136719 21.669551014202213 6.1596777846327351
v 19.458793640136715 21.493252958124142 6.1587893549508657
v 17.528566741660921 6.4553084583579121 15.020395869239639
f 1 2 3
f 4 2 1
f 1 3 5
f 1 5 4
f 6 7 8
f 8 7 9
f 10 6 8
f 11 12 8
f 8 12 10
f 8 9 11
f 13 14 15
f 16 14 13
f 13 15 17
f 13 17 18
f 19 16 13
f 18 19 13
f 20 21 22
f 23 21 20
f 24 7 20
f 20 7 23
f 20 22 25
f 20 25 24
f 26 27 14
f 14 27 28
f 29 15 14
f 30 29 14
f 14 16 31
f 14 32 30
f 28 32 14
f 31 26 14
f 21 33 34
f 35 33 21
f 21 34 36
f 36 22 21
f 37 38 21
f 21 38 35
f 23 37 21
f 39 40 27
f 27 40 28
f 27 26 41
f 27 41 39
f 35 42 33
f 33 42 43
f 44 34 33
f 43 44 33
f 40 45 46
f 47 48 40
f 46 32 40
f 40 32 28
f 40 39 47
f 49 50 42
f 42 50 51
f 42 52 49
f 53 52 42
f 35 53 42
f 42 54 43
f 51 54 42
f 55 56 57
f 57 56 58
f 50 59 60
f 49 59 50
f 50 60 61
f 50 61 51
f 62 63 64
f 65 63 62
f 66 67 62
f 62 67 65
f 62 64 68
f 68 66 62
f 63 69 70
f 65 69 63
f 71 64 63
f 63 72 73
f 74 72 63
f 63 75 71
f 73 75 63
f 63 70 74
f 76 77 78
f 78 77 79
f 78 80 76
f 81 80 78
f 78 82 81
f 83 82 78
f 78 79 84
f 84 83 78
f 77 85 86
f 76 85 77
f 77 86 79
f 87 88 89
f 89 90 87
f 91 90 89
f 92 91 89
f 93 94 95
f 96 94 93
f 93 95 97
f 97 98 93
f 93 98 99
f 99 96 93
f 100 67 101
f 101 67 102
f 103 104 101
f 101 104 100
f 105 103 101
f 102 105 101
f 100 106 67
f 67 106 65
f 67 66 102
f 107 108 109
f 109 110 107
f 107 80 108
f 108 80 81
f 111 112 108
f 108 82 111
f 81 82 108
f 110 80 107
f 76 80 110
f 113 114 115
f 115 114 98
f 116 113 115
f 117 116 115
f 118 117 115
f 119 118 115
f 97 95 115
f 115 98 97
f 120 121 115
f 115 121 119
f 122 123 124
f 124 123 125
f 120 122 124
f 124 125 126
f 124 121 120
f 126 121 124
f 127 128 129
f 129 128 130
f 129 131 127
f 130 131 129
f 132 133 128
f 128 133 134
f 128 127 132
f 134 130 128
f 131 135 136
f 130 135 131
f 137 127 131
f 136 137 131
f 138 139 133
f 133 139 134
f 133 140 138
f 132 140 133
f 135 141 142
f 130 141 135
f 142 136 135
f 114 113 143
f 138 144 139
f 139 144 145
f 139 145 134
f 141 146 147
f 148 146 141
f 141 147 142
f 130 148 141
f 113 116 149
f 149 143 113
f 150 151 144
f 144 151 145
f 144 138 150
f 146 152 153
f 148 152 146
f 146 153 147
f 116 117 154
f 116 154 155
f 155 149 116
f 156 157 151
f 151 157 145
f 158 156 151
f 150 158 151
f 152 159 153
f 148 159 152
f 117 118 154
f 160 161 157
f 157 161 145
f 157 156 160
f 159 162 163
f 164 162 159
f 165 153 159
f 159 163 165
f 148 164 159
f 166 167 118
f 118 167 168
f 119 166 118
f 169 154 118
f 168 169 118
f 160 170 161
f 161 170 145
f 162 171 172
f 164 171 162
f 162 172 163
f 166 173 167
f 167 173 168
f 174 175 170
f 170 175 176
f 170 160 177
f 170 177 174
f 170 176 145
f 171 178 179
f 164 178 171
f 179 172 171
f 166 180 173
f 173 180 181
f 173 181 182
f 173 182 168
f 174 183 175
f 175 183 176
f 184 104 185
f 185 104 186
f 185 187 188
f 186 187 185
f 188 189 185
f 185 189 184
f 103 190 104
f 104 190 186
f 191 100 104
f 104 184 191
f 192 193 194
f 195 193 192
f 192 196 197
f 198 196 192
f 194 199 192
f 192 199 198
f 192 197 200
f 192 200 195
f 201 194 193
f 193 195 201
f 202 203 204
f 204 203 205
f 204 206 207
f 205 206 204
f 187 202 204
f 204 207 187
f 208 209 203
f 203 209 205
f 203 202 190
f 203 190 103
f 203 103 210
f 203 211 208
f 178 212 213
f 164 212 178
f 178 213 179
f 183 214 176
f 215 214 183
f 183 174 215
f 216 217 180
f 180 217 181
f 180 166 216
f 212 218 219
f 164 218 212
f 216 220 217
f 217 220 221
f 221 181 217
f 214 222 176
f 223 222 214
f 214 215 223
f 224 225 218
f 218 225 226
f 226 219 218
f 218 164 224
f 227 228 220
f 220 228 229
f 216 227 220
f 220 229 221
f 222 230 231
f 232 230 222
f 231 176 222
f 223 232 222
f 225 233 234
f 224 233 225
f 225 234 226
f 227 235 228
f 228 235 236
f 236 229 228
f 237 238 230
f 230 238 231
f 239 237 230
f 230 232 239
f 233 240 241
f 224 240 233
f 241 234 233
f 227 242 235
f 235 242 243
f 243 236 235
f 237 244 238
f 238 244 245
f 245 231 238
f 246 247 240
f 240 247 248
f 248 241 240
f 224 246 240
f 227 249 242
f 242 249 250
f 242 250 251
f 251 243 242
f 252 253 244
f 244 253 245
f 244 237 252
f 246 254 247
f 247 254 255
f 247 255 256
f 247 256 248
f 249 227 257
f 258 250 249
f 259 260 253
f 253 260 245
f 252 259 253
f 246 261 254
f 254 261 255
f 262 263 260
f 260 263 245
f 260 259 264
f 264 262 260
f 261 265 266
f 246 265 261
f 261 266 255
f 262 265 263
f 263 265 246
f 263 246 245
f 265 262 267
f 267 266 265
f 268 196 269
f 269 196 198
f 270 271 269
f 269 271 272
f 273 270 269
f 274 268 269
f 269 198 275
f 272 274 269
f 269 276 273
f 275 276 269
f 277 197 196
f 196 268 277
f 206 209 278
f 205 209 206
f 206 279 280
f 278 279 206
f 281 207 206
f 206 282 281
f 280 282 206
f 279 283 280
f 284 283 279
f 285 286 227
f 227 287 288
f 227 216 285
f 288 257 227
f 289 290 291
f 285 290 289
f 291 286 289
f 289 286 285
f 292 271 270
f 293 271 292
f 292 270 294
f 295 293 292
f 294 296 292
f 292 296 297
f 297 298 292
f 292 298 299
f 299 295 292
f 271 293 300
f 271 300 272
f 283 301 302
f 303 301 283
f 283 302 304
f 283 304 305
f 283 306 303
f 284 306 283
f 283 305 282
f 283 282 280
f 307 306 308
f 309 306 307
f 310 302 301
f 311 310 301
f 312 313 314
f 314 313 315
f 316 317 314
f 314 317 318
f 304 312 314
f 319 304 314
f 320 316 314
f 318 321 314
f 314 321 319
f 314 315 320
f 322 323 324
f 325 323 322
f 322 326 325
f 327 326 322
f 322 328 327
f 329 330 322
f 322 324 329
f 313 312 310
f 313 310 331
f 332 315 313
f 313 331 332
f 333 317 334
f 318 317 333
f 333 335 336
f 337 335 333
f 333 336 338
f 338 321 333
f 333 321 318
f 339 337 333
f 333 334 339
f 340 323 341
f 341 323 325
f 341 342 343
f 344 342 341
f 341 326 345
f 325 326 341
f 341 345 344
f 341 343 346
f 347 340 341
f 346 347 341
f 317 316 348
f 348 334 317
f 323 340 349
f 349 324 323
f 350 351 352
f 353 351 350
f 350 352 354
f 355 353 350
f 354 355 350
f 356 357 358
f 358 357 359
f 358 360 361
f 362 360 358
f 361 356 358
f 359 362 358
f 352 336 335
f 363 352 335
f 335 337 364
f 335 364 363
f 344 365 342
f 342 365 366
f 367 343 342
f 366 367 342
f 15 29 368
f 3 17 15
f 15 368 3
f 369 370 371
f 300 370 369
f 369 371 372
f 369 373 300
f 372 373 369
f 352 351 336
f 336 351 338
f 273 294 270
f 188 207 374
f 374 207 281
f 374 189 188
f 375 189 374
f 374 281 376
f 376 375 374
f 360 345 377
f 377 345 378
f 379 360 377
f 377 378 379
f 304 310 312
f 302 310 304
f 187 190 202
f 326 380 381
f 327 380 326
f 326 381 382
f 326 382 345
f 383 384 385
f 385 384 191
f 385 386 387
f 191 386 385
f 387 383 385
f 330 388 389
f 389 388 390
f 391 330 389
f 389 390 392
f 328 393 327
f 394 393 328
f 328 395 394
f 188 187 207
f 294 396 384
f 384 396 100
f 383 294 384
f 384 100 191
f 396 106 100
f 397 106 396
f 396 294 276
f 396 276 397
f 398 380 393
f 393 380 327
f 399 398 393
f 398 381 380
f 386 189 375
f 184 189 386
f 375 400 386
f 386 400 387
f 191 184 386
f 401 402 403
f 404 402 401
f 401 403 405
f 401 405 404
f 388 330 406
f 406 407 388
f 388 407 390
f 408 338 351
f 351 353 408
f 311 331 310
f 409 305 304
f 319 409 304
f 352 363 354
f 190 187 186
f 7 6 23
f 24 9 7
f 410 86 85
f 411 95 94
f 412 368 29
f 29 30 413
f 29 413 412
f 414 69 106
f 106 69 65
f 397 414 106
f 415 70 69
f 69 414 415
f 416 70 199
f 199 70 415
f 199 414 198
f 415 414 199
f 194 416 199
f 417 46 45
f 45 418 417
f 419 60 59
f 59 49 420
f 421 419 59
f 59 420 79
f 59 79 421
f 111 422 112
f 112 422 201
f 201 195 112
f 423 56 424
f 424 56 425
f 424 419 423
f 425 419 424
f 17 3 18
f 125 426 290
f 290 426 291
f 427 125 290
f 290 216 427
f 285 216 290
f 44 36 34
f 428 348 316
f 316 320 428
f 64 71 429
f 430 68 64
f 64 429 430
f 293 295 300
f 431 371 370
f 300 295 370
f 370 295 431
f 432 403 72
f 72 403 433
f 74 432 72
f 434 73 72
f 433 434 72
f 75 435 436
f 434 435 75
f 436 71 75
f 75 73 434
f 16 19 31
f 36 25 22
f 321 338 437
f 437 409 321
f 321 409 319
f 438 439 381
f 381 439 378
f 378 382 381
f 381 398 438
f 47 55 48
f 440 441 442
f 442 441 443
f 422 440 442
f 443 422 442
f 123 426 125
f 444 356 445
f 446 356 444
f 444 445 447
f 444 447 448
f 444 449 446
f 448 449 444
f 357 356 450
f 450 359 357
f 451 37 6
f 6 37 23
f 10 451 6
f 38 37 452
f 38 452 53
f 38 53 35
f 32 46 453
f 453 30 32
f 454 453 46
f 417 454 46
f 455 41 31
f 456 41 455
f 31 457 455
f 455 457 456
f 420 49 52
f 52 53 458
f 52 458 459
f 52 459 420
f 423 460 56
f 56 460 58
f 56 55 425
f 70 416 461
f 70 461 462
f 462 74 70
f 418 463 464
f 464 417 418
f 465 460 423
f 466 460 465
f 465 423 410
f 410 467 86
f 86 467 421
f 421 79 86
f 339 364 337
f 365 344 362
f 362 366 365
f 468 469 127
f 127 469 132
f 127 137 468
f 470 164 148
f 224 164 470
f 470 176 231
f 145 176 470
f 470 231 246
f 470 148 130
f 134 145 470
f 470 246 224
f 470 130 134
f 471 472 473
f 474 472 471
f 473 475 471
f 471 143 474
f 476 472 140
f 140 472 474
f 474 138 140
f 132 476 140
f 477 478 479
f 479 478 480
f 481 478 468
f 482 478 481
f 468 137 481
f 481 137 136
f 142 482 481
f 481 136 142
f 483 484 485
f 485 484 486
f 485 487 483
f 486 488 485
f 165 484 153
f 153 484 147
f 489 163 172
f 490 489 172
f 172 179 490
f 491 492 493
f 493 492 169
f 494 491 493
f 182 495 493
f 493 495 494
f 493 169 168
f 168 182 493
f 60 419 61
f 275 198 414
f 397 276 414
f 414 276 275
f 277 200 197
f 496 497 416
f 416 497 461
f 498 496 416
f 416 194 498
f 11 499 12
f 12 499 10
f 500 501 502
f 502 501 215
f 503 500 502
f 174 504 502
f 502 504 503
f 215 174 502
f 296 294 383
f 296 383 387
f 387 297 296
f 505 506 507
f 507 506 508
f 232 505 507
f 508 237 507
f 507 237 239
f 239 232 507
f 509 506 510
f 510 506 511
f 236 509 510
f 510 511 512
f 510 512 229
f 510 229 236
f 513 250 514
f 514 250 258
f 514 515 516
f 258 515 514
f 516 517 514
f 514 517 513
f 273 276 294
f 518 44 54
f 456 44 518
f 518 54 519
f 47 456 518
f 519 47 518
f 520 54 61
f 519 54 520
f 520 61 425
f 425 47 520
f 520 47 519
f 31 41 26
f 521 25 36
f 522 25 521
f 36 457 521
f 521 457 522
f 5 3 368
f 523 5 368
f 412 523 368
f 439 438 295
f 524 378 439
f 439 295 299
f 299 524 439
f 298 297 525
f 298 525 526
f 298 524 299
f 527 524 298
f 298 526 527
f 371 431 399
f 371 399 372
f 528 282 305
f 409 528 305
f 453 413 30
f 82 529 440
f 83 529 82
f 82 440 111
f 37 451 530
f 37 530 452
f 499 531 532
f 533 531 499
f 499 532 10
f 499 11 534
f 499 534 533
f 287 535 536
f 536 537 287
f 538 539 540
f 540 539 541
f 542 538 540
f 540 543 542
f 541 543 540
f 378 345 382
f 345 360 344
f 315 332 406
f 315 406 320
f 331 311 407
f 406 332 331
f 331 407 406
f 408 437 338
f 343 367 544
f 343 545 346
f 544 545 343
f 362 344 360
f 379 361 360
f 405 403 546
f 546 403 432
f 547 405 546
f 546 432 497
f 497 547 546
f 361 445 356
f 356 446 450
f 379 447 445
f 445 361 379
f 522 548 549
f 549 548 550
f 549 9 24
f 550 9 549
f 24 25 549
f 549 25 522
f 522 19 548
f 548 19 18
f 548 18 551
f 551 550 548
f 534 11 9
f 550 534 9
f 552 531 533
f 553 531 552
f 554 402 552
f 552 402 553
f 555 554 552
f 552 533 4
f 552 4 555
f 556 530 451
f 557 556 451
f 451 10 557
f 558 532 531
f 404 558 531
f 553 404 531
f 532 558 557
f 557 10 532
f 433 403 402
f 554 559 402
f 402 559 433
f 402 404 553
f 530 556 560
f 560 452 530
f 561 560 556
f 556 562 561
f 563 562 556
f 556 557 563
f 558 405 563
f 404 405 558
f 563 557 558
f 413 453 454
f 454 435 413
f 413 435 559
f 413 559 412
f 452 560 53
f 458 53 560
f 560 561 458
f 441 561 562
f 564 441 562
f 562 563 564
f 405 547 564
f 564 563 405
f 435 454 436
f 434 559 435
f 565 458 561
f 561 441 566
f 566 565 561
f 464 436 454
f 454 417 464
f 458 565 529
f 529 459 458
f 467 423 419
f 421 467 419
f 425 61 419
f 461 497 432
f 462 461 432
f 432 74 462
f 441 440 566
f 441 564 443
f 547 497 496
f 547 496 443
f 443 564 547
f 440 529 565
f 566 440 565
f 567 568 363
f 569 568 567
f 567 363 570
f 544 366 567
f 567 366 569
f 570 544 567
f 459 529 83
f 84 420 459
f 459 83 84
f 348 339 334
f 466 571 460
f 460 571 58
f 423 467 410
f 84 79 420
f 329 406 330
f 498 443 496
f 440 422 111
f 463 436 464
f 429 436 463
f 430 429 463
f 47 39 41
f 41 456 47
f 572 573 210
f 574 573 572
f 572 66 574
f 102 66 572
f 572 210 105
f 572 105 102
f 422 443 498
f 422 498 201
f 105 210 103
f 522 575 19
f 19 575 31
f 367 366 544
f 478 477 468
f 576 480 478
f 478 482 576
f 469 475 473
f 577 475 469
f 468 477 469
f 469 477 577
f 469 473 476
f 469 476 132
f 476 473 472
f 484 483 147
f 484 165 486
f 201 498 194
f 277 578 200
f 166 125 427
f 126 125 166
f 427 216 166
f 119 126 166
f 340 347 349
f 579 578 277
f 580 578 579
f 277 274 579
f 349 329 324
f 71 436 429
f 66 68 430
f 66 430 574
f 96 581 582
f 582 581 91
f 582 91 92
f 506 509 583
f 506 505 511
f 506 583 508
f 584 585 586
f 587 585 584
f 588 281 282
f 282 528 588
f 339 545 364
f 364 545 544
f 570 363 364
f 364 544 570
f 539 297 400
f 400 297 387
f 541 539 400
f 400 375 589
f 400 589 541
f 588 376 281
f 297 539 525
f 431 438 398
f 399 431 398
f 431 295 438
f 590 525 539
f 539 538 590
f 590 526 525
f 409 591 528
f 528 591 588
f 591 409 437
f 591 437 543
f 543 592 591
f 591 592 588
f 538 593 449
f 542 593 538
f 538 449 448
f 538 448 526
f 538 526 590
f 437 408 542
f 542 543 437
f 457 575 522
f 31 575 457
f 457 36 456
f 268 274 277
f 379 594 447
f 447 594 527
f 526 448 447
f 527 526 447
f 353 449 593
f 595 353 593
f 593 542 595
f 353 446 449
f 378 524 594
f 378 594 379
f 543 589 592
f 592 589 376
f 592 376 588
f 90 581 596
f 91 581 90
f 597 598 347
f 347 598 349
f 346 597 347
f 545 339 597
f 545 597 346
f 446 353 355
f 446 355 450
f 354 363 568
f 450 355 568
f 568 355 354
f 569 450 568
f 366 362 359
f 366 359 569
f 551 3 2
f 2 599 534
f 4 599 2
f 2 534 551
f 551 18 3
f 36 44 456
f 43 54 44
f 51 61 54
f 55 47 425
f 581 98 596
f 99 98 581
f 581 96 99
f 138 474 600
f 138 600 150
f 480 483 487
f 154 492 601
f 169 492 154
f 601 602 154
f 154 602 155
f 603 160 156
f 158 603 156
f 163 489 165
f 491 177 160
f 160 603 491
f 177 491 494
f 177 504 174
f 494 504 177
f 373 274 300
f 580 604 578
f 501 500 505
f 501 505 232
f 501 232 223
f 223 215 501
f 509 605 583
f 243 605 509
f 509 236 243
f 513 605 250
f 250 605 251
f 606 586 585
f 585 587 607
f 515 608 609
f 609 516 515
f 272 300 274
f 533 534 599
f 4 533 599
f 339 348 598
f 339 598 597
f 428 598 348
f 595 408 353
f 534 550 551
f 5 523 555
f 555 4 5
f 523 559 554
f 412 559 523
f 523 554 555
f 559 434 433
f 610 474 143
f 149 610 143
f 611 574 430
f 483 480 576
f 483 482 147
f 576 482 483
f 610 600 474
f 600 158 150
f 612 158 600
f 600 610 602
f 600 602 612
f 489 488 486
f 486 165 489
f 490 613 489
f 603 158 612
f 603 492 491
f 601 492 603
f 612 601 603
f 359 450 569
f 511 505 500
f 512 511 500
f 500 614 512
f 503 614 500
f 615 583 605
f 513 615 605
f 605 243 251
f 376 589 375
f 595 542 408
f 589 543 541
f 527 594 524
f 329 320 406
f 320 329 598
f 320 598 428
f 349 598 329
f 142 147 482
f 616 490 179
f 259 517 617
f 618 517 259
f 259 252 618
f 259 617 264
f 619 241 248
f 248 620 619
f 608 621 609
f 622 621 608
f 621 623 609
f 587 623 621
f 607 587 621
f 622 607 621
f 624 609 623
f 267 262 623
f 623 262 624
f 623 587 266
f 623 266 267
f 149 602 610
f 613 490 625
f 625 626 613
f 503 504 495
f 495 504 494
f 495 181 503
f 182 181 495
f 490 616 625
f 517 516 617
f 618 615 517
f 517 615 513
f 181 614 503
f 221 614 181
f 229 512 614
f 221 229 614
f 508 252 237
f 252 508 618
f 255 266 627
f 627 620 255
f 516 609 617
f 624 617 609
f 617 262 264
f 624 262 617
f 602 601 612
f 602 149 155
f 583 615 618
f 618 508 583
f 256 255 620
f 248 256 620
f 121 126 119
f 245 246 231
f 628 629 630
f 631 629 628
f 628 630 632
f 628 632 631
f 633 634 635
f 635 634 636
f 637 633 635
f 638 639 635
f 635 639 637
f 635 636 638
f 640 641 642
f 643 641 640
f 640 642 644
f 640 644 645
f 646 643 640
f 645 646 640
f 647 648 649
f 650 648 647
f 651 634 647
f 647 634 650
f 647 649 652
f 647 652 651
f 653 654 641
f 641 654 655
f 656 642 641
f 657 656 641
f 641 643 658
f 641 659 657
f 655 659 641
f 658 653 641
f 648 660 661
f 662 660 648
f 648 661 663
f 663 649 648
f 664 665 648
f 648 665 662
f 650 664 648
f 666 667 654
f 654 667 655
f 654 653 668
f 654 668 666
f 662 669 660
f 660 669 670
f 671 661 660
f 670 671 660
f 667 672 673
f 674 672 667
f 675 676 667
f 673 659 667
f 667 659 655
f 667 666 675
f 677 678 669
f 669 678 679
f 669 680 677
f 681 680 669
f 662 681 669
f 669 682 670
f 679 682 669
f 678 683 684
f 677 683 678
f 678 684 685
f 678 685 679
f 686 687 688
f 689 687 686
f 690 691 686
f 686 691 689
f 686 688 692
f 692 690 686
f 687 693 694
f 689 693 687
f 695 688 687
f 687 696 697
f 698 696 687
f 687 699 695
f 697 699 687
f 687 694 698
f 700 701 702
f 701 703 704
f 704 703 705
f 704 706 701
f 707 706 704
f 704 708 707
f 709 708 704
f 704 705 710
f 710 709 704
f 703 711 705
f 712 713 714
f 715 713 712
f 712 716 715
f 717 716 712
f 718 691 719
f 719 691 720
f 721 722 719
f 719 722 718
f 723 721 719
f 720 723 719
f 718 724 691
f 691 724 689
f 691 690 720
f 725 726 727
f 728 726 725
f 725 729 730
f 727 729 725
f 728 706 726
f 726 706 707
f 731 732 726
f 726 732 727
f 733 731 726
f 726 708 733
f 707 708 726
f 734 735 736
f 737 735 734
f 738 737 734
f 739 740 741
f 716 740 739
f 739 741 742
f 739 742 743
f 739 743 744
f 739 713 715
f 715 716 739
f 744 738 739
f 745 746 747
f 747 746 748
f 747 749 745
f 748 749 747
f 750 751 746
f 746 751 752
f 746 745 750
f 752 748 746
f 753 754 755
f 755 754 716
f 756 753 755
f 757 756 755
f 749 758 759
f 748 758 749
f 760 745 749
f 759 760 749
f 761 762 751
f 751 762 752
f 751 763 761
f 750 763 751
f 754 740 716
f 764 740 754
f 754 753 764
f 758 765 766
f 748 765 758
f 766 759 758
f 761 767 762
f 762 767 768
f 762 768 752
f 764 741 740
f 765 769 770
f 771 769 765
f 765 770 766
f 748 771 765
f 772 773 767
f 767 773 768
f 767 761 772
f 774 742 741
f 741 764 774
f 769 775 776
f 771 775 769
f 769 776 770
f 777 778 773
f 773 778 768
f 779 777 773
f 772 779 773
f 780 743 742
f 742 774 780
f 775 781 776
f 771 781 775
f 782 783 778
f 778 783 768
f 778 777 782
f 743 784 744
f 785 784 743
f 743 780 785
f 781 786 787
f 788 786 781
f 789 776 781
f 781 787 789
f 771 788 781
f 782 790 783
f 783 790 768
f 784 791 792
f 793 791 784
f 784 792 744
f 785 793 784
f 786 794 795
f 788 794 786
f 786 795 787
f 796 797 790
f 790 797 798
f 790 782 799
f 790 799 796
f 790 798 768
f 791 800 792
f 801 800 791
f 791 793 801
f 794 802 803
f 788 802 794
f 803 795 794
f 796 804 797
f 797 804 798
f 805 722 806
f 806 722 807
f 806 808 809
f 807 808 806
f 809 810 806
f 806 810 805
f 721 811 722
f 722 811 807
f 812 718 722
f 722 805 812
f 813 814 815
f 816 814 813
f 813 817 818
f 819 817 813
f 815 820 813
f 813 820 819
f 813 818 821
f 813 821 816
f 822 815 814
f 814 816 822
f 729 732 821
f 727 732 729
f 729 821 823
f 824 730 729
f 729 823 824
f 732 731 816
f 816 821 732
f 800 825 826
f 827 825 800
f 826 792 800
f 800 801 827
f 802 828 829
f 788 828 802
f 802 829 803
f 804 830 798
f 831 830 804
f 804 796 831
f 825 832 826
f 833 832 825
f 825 827 833
f 828 834 835
f 788 834 828
f 836 829 828
f 828 835 836
f 830 837 798
f 838 837 830
f 830 831 838
f 832 839 840
f 841 839 832
f 840 826 832
f 833 841 832
f 842 843 834
f 834 843 844
f 844 835 834
f 834 788 842
f 837 845 846
f 847 845 837
f 846 798 837
f 838 847 837
f 839 848 849
f 850 848 839
f 839 849 840
f 839 851 850
f 841 851 839
f 843 852 853
f 842 852 843
f 843 853 844
f 854 855 845
f 845 855 846
f 856 854 845
f 845 847 856
f 848 857 849
f 858 857 848
f 850 858 848
f 852 859 860
f 842 859 852
f 860 853 852
f 854 861 855
f 855 861 862
f 862 846 855
f 857 863 849
f 858 863 857
f 864 865 859
f 859 865 866
f 866 860 859
f 842 864 859
f 867 868 861
f 861 868 862
f 861 854 867
f 869 870 863
f 863 870 871
f 871 849 863
f 872 869 863
f 863 858 872
f 864 873 865
f 865 873 874
f 865 874 875
f 865 875 866
f 876 877 868
f 868 877 862
f 867 876 868
f 870 878 879
f 869 878 870
f 870 879 871
f 864 880 873
f 873 880 874
f 881 882 877
f 877 882 862
f 877 876 883
f 883 881 877
f 878 869 884
f 878 884 885
f 880 886 887
f 864 886 880
f 880 887 874
f 881 886 882
f 882 886 864
f 882 864 862
f 886 881 888
f 888 887 886
f 889 817 890
f 890 817 819
f 891 892 890
f 890 892 893
f 894 891 890
f 895 889 890
f 890 819 896
f 893 895 890
f 890 897 894
f 896 897 890
f 898 818 817
f 817 889 898
f 899 900 901
f 899 902 903
f 901 902 899
f 904 905 899
f 899 906 904
f 903 906 899
f 900 907 901
f 902 907 908
f 901 907 902
f 902 909 903
f 908 909 902
f 907 910 908
f 911 912 913
f 913 912 914
f 913 915 911
f 916 915 913
f 913 914 917
f 917 916 913
f 918 919 849
f 849 915 916
f 849 916 840
f 871 918 849
f 920 892 891
f 921 892 920
f 920 891 922
f 923 921 920
f 922 924 920
f 920 924 925
f 925 926 920
f 920 926 927
f 927 923 920
f 892 921 928
f 892 928 893
f 909 929 930
f 931 929 909
f 909 930 932
f 909 932 933
f 909 910 931
f 908 910 909
f 909 933 906
f 909 906 903
f 934 930 929
f 935 934 929
f 936 935 929
f 937 938 939
f 940 938 937
f 937 939 919
f 937 919 918
f 937 879 940
f 918 879 937
f 941 942 943
f 944 945 941
f 941 946 944
f 943 946 941
f 947 948 949
f 949 948 950
f 951 952 949
f 949 952 953
f 932 947 949
f 954 932 949
f 955 951 949
f 953 956 949
f 949 956 954
f 949 950 955
f 957 958 959
f 960 958 957
f 957 961 960
f 962 961 957
f 957 963 962
f 964 965 957
f 957 959 964
f 948 947 934
f 948 934 966
f 967 950 948
f 948 966 967
f 968 969 970
f 970 965 968
f 971 952 972
f 953 952 971
f 971 973 974
f 975 973 971
f 971 974 976
f 976 956 971
f 971 956 953
f 977 975 971
f 971 972 977
f 978 958 979
f 979 958 960
f 979 980 981
f 982 980 979
f 979 961 983
f 960 961 979
f 979 983 982
f 979 981 984
f 985 978 979
f 984 985 979
f 952 951 986
f 986 972 952
f 958 978 987
f 987 959 958
f 988 989 990
f 991 989 988
f 988 990 992
f 993 991 988
f 992 993 988
f 994 995 996
f 996 995 997
f 996 998 999
f 1000 998 996
f 999 994 996
f 997 1000 996
f 990 974 973
f 1001 990 973
f 973 975 1002
f 973 1002 1001
f 982 1003 980
f 980 1003 1004
f 1005 981 980
f 1004 1005 980
f 642 656 1006
f 630 644 642
f 642 1006 630
f 1007 1008 1009
f 928 1008 1007
f 1007 1010 928
f 990 989 974
f 974 989 976
f 894 922 891
f 940 942 938
f 809 905 1011
f 1011 905 904
f 1011 810 809
f 1012 810 1011
f 1011 904 1013
f 1013 1012 1011
f 998 983 1014
f 1014 983 1015
f 1016 998 1014
f 1014 1015 1016
f 932 934 947
f 930 934 932
f 808 811 1017
f 961 1018 1019
f 962 1018 961
f 961 1019 1020
f 961 1020 983
f 1021 1022 1023
f 1023 1022 812
f 1023 1024 1025
f 812 1024 1023
f 1025 1021 1023
f 912 1026 1027
f 912 1027 914
f 965 1028 1029
f 1029 1028 1030
f 1029 969 968
f 1031 969 1029
f 968 965 1029
f 1029 1030 1031
f 963 1032 962
f 1033 1032 963
f 963 1034 1033
f 809 808 905
f 922 1035 1022
f 1022 1035 718
f 1021 922 1022
f 1022 718 812
f 1035 724 718
f 1036 724 1035
f 1035 922 897
f 1035 897 1036
f 1037 1018 1032
f 1032 1018 962
f 1038 1037 1032
f 1037 1019 1018
f 1024 810 1012
f 805 810 1024
f 1012 1039 1024
f 1024 1039 1025
f 812 805 1024
f 1040 1041 1042
f 1043 1041 1040
f 1040 1042 1044
f 1040 1044 1043
f 1028 965 1045
f 1045 1046 1028
f 1028 1046 1030
f 1047 976 989
f 989 991 1047
f 935 966 934
f 1048 933 932
f 954 1048 932
f 990 1001 992
f 811 808 807
f 634 633 650
f 651 636 634
f 1049 919 939
f 1050 1006 656
f 656 657 1051
f 656 1051 1050
f 1052 693 724
f 724 693 689
f 1036 1052 724
f 1053 694 693
f 693 1052 1053
f 1054 694 820
f 820 694 1053
f 820 1052 819
f 1053 1052 820
f 815 1054 820
f 1055 673 672
f 672 1056 1055
f 1057 684 683
f 683 677 1058
f 1059 1057 683
f 683 1058 705
f 683 705 1059
f 733 1060 731
f 731 1060 822
f 822 816 731
f 1061 1062 1063
f 1063 1062 1064
f 1063 1057 1061
f 1064 1057 1063
f 644 630 645
f 1065 714 713
f 671 663 661
f 1066 986 951
f 951 955 1066
f 688 695 1067
f 1068 692 688
f 688 1067 1068
f 921 923 928
f 1069 1009 1008
f 928 923 1008
f 1008 923 1069
f 1070 1042 696
f 696 1042 1071
f 698 1070 696
f 1072 697 696
f 1071 1072 696
f 699 1073 1074
f 1072 1073 699
f 1074 695 699
f 699 697 1072
f 643 646 658
f 663 652 649
f 956 976 1075
f 1075 1048 956
f 956 1048 954
f 1076 1077 1019
f 1019 1077 1015
f 1015 1020 1019
f 1019 1037 1076
f 675 1078 676
f 1079 1080 1081
f 1081 1080 1082
f 1060 1079 1081
f 1082 1060 1081
f 1083 714 1065
f 1084 994 1085
f 1086 994 1084
f 1084 1085 1087
f 1084 1087 1088
f 1084 1089 1086
f 1088 1089 1084
f 995 994 1090
f 1090 997 995
f 1091 664 633
f 633 664 650
f 637 1091 633
f 1092 1093 895
f 895 1010 1092
f 665 664 1094
f 665 1094 681
f 665 681 662
f 659 673 1095
f 1095 657 659
f 1096 1095 673
f 1055 1096 673
f 1097 668 658
f 1098 668 1097
f 658 1099 1097
f 1097 1099 1098
f 1058 677 680
f 680 681 1100
f 680 1100 1101
f 680 1101 1058
f 1061 1102 1062
f 1062 1078 1064
f 694 1054 1103
f 694 1103 1104
f 1104 698 694
f 1056 1105 1106
f 1106 1055 1056
f 1107 1102 1061
f 1108 1102 1107
f 1107 1061 1109
f 1109 1110 711
f 711 1110 1059
f 1059 705 711
f 977 1002 975
f 792 826 1027
f 792 1027 737
f 792 737 738
f 792 738 744
f 736 735 1026
f 1026 735 1027
f 1003 982 1000
f 1000 1004 1003
f 1111 1112 745
f 745 1112 750
f 745 760 1111
f 1113 788 771
f 842 788 1113
f 1113 798 846
f 768 798 1113
f 1113 846 864
f 1113 771 748
f 752 768 1113
f 1113 864 842
f 1113 748 752
f 1114 1115 1116
f 1117 1115 1114
f 1116 1118 1114
f 1114 1119 1117
f 1120 1115 763
f 763 1115 1117
f 750 1120 763
f 756 1121 753
f 753 1121 764
f 1122 1121 1111
f 1123 1121 1122
f 1111 760 1122
f 1122 760 759
f 766 1123 1122
f 1122 759 766
f 1124 1125 1126
f 1126 1125 1127
f 1126 1128 1124
f 774 1128 1126
f 1127 1129 1126
f 1126 1129 780
f 780 774 1126
f 789 1125 776
f 776 1125 770
f 1130 787 795
f 1131 1130 795
f 795 803 1131
f 684 1057 685
f 896 819 1052
f 1036 897 1052
f 1052 897 896
f 898 821 818
f 1132 1133 1054
f 1054 1133 1103
f 1134 1132 1054
f 1054 815 1134
f 638 1135 639
f 639 1135 637
f 1136 851 1137
f 850 851 1136
f 1136 1137 1138
f 1136 1138 1139
f 1136 1140 1141
f 1139 1140 1136
f 1141 858 1136
f 1136 858 850
f 1139 1138 853
f 853 1138 1142
f 853 860 1139
f 853 1142 844
f 1143 1144 1145
f 1145 1144 831
f 1146 1143 1145
f 831 796 1145
f 924 922 1021
f 924 1021 1025
f 1025 925 924
f 1147 1148 1149
f 1149 1148 1150
f 847 1147 1149
f 1150 854 1149
f 1149 854 856
f 856 847 1149
f 1151 1148 1152
f 1152 1148 1153
f 1152 1153 1154
f 1155 1156 1157
f 1157 1156 1158
f 1157 1159 1160
f 1158 1159 1157
f 1160 1161 1157
f 1157 1161 1155
f 894 897 922
f 1162 671 682
f 1098 671 1162
f 1162 682 1163
f 675 1098 1162
f 1163 675 1162
f 1164 682 685
f 1163 682 1164
f 1164 685 1064
f 1064 675 1164
f 1164 675 1163
f 658 668 653
f 1165 652 663
f 1166 652 1165
f 663 1099 1165
f 1165 1099 1166
f 632 630 1006
f 1167 632 1006
f 1050 1167 1006
f 1077 1076 923
f 1168 1015 1077
f 1077 923 927
f 927 1168 1077
f 926 925 1169
f 926 1169 1170
f 926 1168 927
f 1171 1168 926
f 926 1170 1171
f 1009 1069 1038
f 1172 906 933
f 1048 1172 933
f 1095 1051 657
f 708 1173 1079
f 709 1173 708
f 708 1079 733
f 664 1091 1174
f 664 1174 1094
f 1135 1175 1176
f 1177 1175 1135
f 1135 1176 637
f 1135 638 1178
f 1135 1178 1177
f 942 940 943
f 1179 1180 1181
f 1181 1180 1182
f 1183 1179 1181
f 1181 1184 1183
f 1182 1184 1181
f 1015 983 1020
f 983 998 982
f 950 967 1045
f 950 1045 955
f 966 935 1046
f 1045 967 966
f 966 1046 1045
f 1047 1075 976
f 981 1005 1185
f 981 1186 984
f 1185 1186 981
f 1000 982 998
f 1016 999 998
f 1044 1042 1187
f 1187 1042 1070
f 1188 1044 1187
f 1187 1070 1133
f 1133 1188 1187
f 999 1085 994
f 994 1086 1090
f 1016 1087 1085
f 1085 999 1016
f 936 1046 935
f 1166 1189 1190
f 1190 1189 1191
f 1190 636 651
f 1191 636 1190
f 651 652 1190
f 1190 652 1166
f 1166 646 1189
f 1189 646 645
f 1189 645 1192
f 1192 1191 1189
f 1178 638 636
f 1191 1178 636
f 1193 1175 1177
f 1194 1175 1193
f 1195 1041 1193
f 1193 1041 1194
f 1196 1195 1193
f 1193 1177 631
f 1193 631 1196
f 1197 1174 1091
f 1198 1197 1091
f 1091 637 1198
f 1199 1176 1175
f 1043 1199 1175
f 1194 1043 1175
f 1176 1199 1198
f 1198 637 1176
f 1071 1042 1041
f 1195 1200 1041
f 1041 1200 1071
f 1041 1043 1194
f 1174 1197 1201
f 1201 1094 1174
f 1202 1201 1197
f 1197 1203 1202
f 1204 1203 1197
f 1197 1198 1204
f 1199 1044 1204
f 1043 1044 1199
f 1204 1198 1199
f 1051 1095 1096
f 1096 1073 1051
f 1051 1073 1200
f 1051 1200 1050
f 1094 1201 681
f 1100 681 1201
f 1201 1202 1100
f 1080 1202 1203
f 1205 1080 1203
f 1203 1204 1205
f 1044 1188 1205
f 1205 1204 1044
f 1073 1096 1074
f 1072 1200 1073
f 1206 1100 1202
f 1202 1080 1207
f 1207 1206 1202
f 1106 1074 1096
f 1096 1055 1106
f 1100 1206 1173
f 1173 1101 1100
f 1110 1061 1057
f 1059 1110 1057
f 1064 685 1057
f 1103 1133 1070
f 1104 1103 1070
f 1070 698 1104
f 1080 1079 1207
f 1080 1205 1082
f 1188 1133 1132
f 1188 1132 1082
f 1082 1205 1188
f 1079 1173 1206
f 1207 1079 1206
f 1208 1209 1001
f 1210 1209 1208
f 1208 1001 1211
f 1185 1004 1208
f 1208 1004 1210
f 1211 1185 1208
f 1101 1173 709
f 710 1058 1101
f 1101 709 710
f 986 977 972
f 1061 1110 1109
f 710 705 1058
f 964 1045 965
f 1134 1082 1132
f 1079 1060 733
f 1105 1074 1106
f 1067 1074 1105
f 1068 1067 1105
f 1212 1068 1105
f 675 666 668
f 668 1098 675
f 1213 1214 1215
f 720 690 1213
f 1213 1215 723
f 1213 723 720
f 1060 1082 1134
f 1060 1134 822
f 723 1215 721
f 1214 1216 1217
f 1217 1215 1214
f 1166 1218 646
f 646 1218 658
f 1219 1217 1216
f 1005 1004 1185
f 1121 756 1111
f 1220 764 1121
f 1121 1123 1220
f 1112 1118 1116
f 757 1118 1112
f 1111 756 1112
f 1112 756 757
f 1112 1116 1120
f 1112 1120 750
f 1120 1116 1115
f 1125 1124 770
f 1125 789 1127
f 822 1134 815
f 898 823 821
f 978 985 987
f 1093 823 898
f 1221 823 1093
f 898 895 1093
f 987 964 959
f 695 1074 1067
f 690 692 1068
f 1148 1151 1222
f 1148 1147 1153
f 1148 1222 1150
f 1223 869 1224
f 1225 869 1223
f 1223 1224 1226
f 1226 1227 1223
f 1223 1227 1225
f 1228 904 906
f 906 1172 1228
f 977 1186 1002
f 1002 1186 1185
f 1211 1001 1002
f 1002 1185 1211
f 1180 925 1039
f 1039 925 1025
f 1182 1180 1039
f 1039 1012 1229
f 1039 1229 1182
f 1228 1013 904
f 737 1027 735
f 925 1180 1169
f 1069 1076 1037
f 1038 1069 1037
f 1069 923 1076
f 1230 1169 1180
f 1180 1179 1230
f 1230 1170 1169
f 1048 1231 1172
f 1172 1231 1228
f 1231 1048 1075
f 1231 1075 1184
f 1184 1232 1231
f 1231 1232 1228
f 914 1027 826
f 917 914 826
f 826 916 917
f 840 916 826
f 1046 936 1030
f 1179 1233 1089
f 1183 1233 1179
f 1179 1089 1088
f 1179 1088 1170
f 1179 1170 1230
f 1075 1047 1183
f 1183 1184 1075
f 1099 1218 1166
f 658 1218 1099
f 1099 663 1098
f 889 895 898
f 1016 1234 1087
f 1087 1234 1171
f 1170 1088 1087
f 1171 1170 1087
f 991 1089 1233
f 1235 991 1233
f 1233 1183 1235
f 991 1086 1089
f 1015 1168 1234
f 1015 1234 1016
f 1184 1229 1232
f 1232 1229 1013
f 1232 1013 1228
f 1236 940 879
f 879 918 871
f 1237 1238 985
f 985 1238 987
f 984 1237 985
f 1186 977 1237
f 1186 1237 984
f 1086 991 993
f 1086 993 1090
f 992 1001 1209
f 1090 993 1209
f 1209 993 992
f 1210 1090 1209
f 1004 1000 997
f 1004 997 1210
f 1192 630 629
f 629 1239 1178
f 631 1239 629
f 629 1178 1192
f 1192 645 630
f 663 671 1098
f 670 682 671
f 679 685 682
f 1078 675 1064
f 764 1124 1128
f 774 764 1128
f 1240 801 793
f 1129 1130 793
f 793 1130 1240
f 785 1129 793
f 787 1130 789
f 1241 827 801
f 801 1240 1241
f 1010 895 928
f 1242 803 829
f 829 836 1242
f 1243 1137 851
f 841 1243 851
f 1244 827 1241
f 833 827 1244
f 1245 1243 1244
f 1244 1243 841
f 1246 1245 1244
f 1244 1241 1246
f 1244 841 833
f 1245 1138 1137
f 1137 1243 1245
f 1144 1143 1147
f 1144 1147 847
f 1144 847 838
f 838 831 1144
f 1151 1247 1222
f 1155 1247 1156
f 1156 1247 1248
f 872 1224 869
f 869 1225 884
f 1159 1249 1250
f 1250 1160 1159
f 893 928 895
f 1177 1178 1239
f 631 1177 1239
f 1236 946 940
f 940 946 943
f 977 986 1238
f 977 1238 1237
f 1066 1238 986
f 1235 1047 991
f 1178 1191 1192
f 632 1167 1196
f 1196 631 632
f 1167 1200 1195
f 1050 1200 1167
f 1167 1195 1196
f 1200 1072 1071
f 1251 1117 1119
f 1252 1251 1119
f 1068 1212 1253
f 1124 764 1220
f 1124 1123 770
f 1220 1123 1124
f 1130 1129 1127
f 1127 789 1130
f 1131 1240 1130
f 997 1090 1210
f 1138 1245 1254
f 1138 1254 1142
f 1153 1147 1143
f 1154 1153 1143
f 1143 1255 1154
f 1146 1255 1143
f 1256 1222 1247
f 1155 1256 1247
f 1013 1229 1012
f 1235 1183 1047
f 1229 1184 1182
f 1171 1234 1168
f 964 955 1045
f 955 964 1238
f 955 1238 1066
f 987 1238 964
f 766 770 1123
f 785 780 1129
f 835 1254 836
f 1142 1254 835
f 844 1142 835
f 1242 1131 803
f 876 1161 1257
f 1258 1161 876
f 876 867 1258
f 876 1257 883
f 1259 1140 1139
f 1260 1140 1259
f 1139 860 1259
f 1259 860 866
f 866 1260 1259
f 1249 1261 1250
f 885 1261 1249
f 1261 1262 1250
f 1225 1262 1261
f 884 1225 1261
f 885 884 1261
f 1263 1250 1262
f 888 881 1262
f 1262 881 1263
f 1262 1225 887
f 1262 887 888
f 1240 1131 1264
f 1264 1241 1240
f 1131 1242 1264
f 1246 1254 1245
f 1246 836 1254
f 1161 1160 1257
f 1258 1256 1161
f 1161 1256 1155
f 1140 1226 1141
f 1260 1226 1140
f 1265 1255 1146
f 1264 1242 836
f 836 1246 1264
f 1150 867 854
f 867 1150 1258
f 858 1141 872
f 1141 1226 1224
f 872 1141 1224
f 1227 1226 1260
f 887 1225 1227
f 874 887 1227
f 1227 1260 874
f 1160 1250 1257
f 1263 1257 1250
f 1257 881 883
f 1263 881 1257
f 1264 1246 1241
f 1222 1256 1258
f 1258 1150 1222
f 875 874 1260
f 866 875 1260
f 862 864 846
f 1266 40 1267
f 40 48 1267
f 1268 1266 1269
f 1267 1269 1266
f 1270 1271 1268
f 1269 1270 1268
f 1270 57 1271
f 1271 57 1272
f 40 1266 1273
f 40 1273 1274
f 40 1275 45
f 1275 40 1274
f 55 1267 48
f 1267 55 1276
f 55 1270 1276
f 55 57 1270
f 1276 1269 1267
f 1270 1269 1276
f 57 1277 1278
f 57 58 1277
f 1279 1272 1278
f 1272 57 1278
f 1280 1281 1282
f 1280 1283 76
f 76 1281 1280
f 1281 76 1284
f 1285 1286 1287
f 1284 76 1285
f 76 1286 1285
f 1288 1289 1290
f 1291 1290 1289
f 1292 1291 1289
f 1291 1292 1293
f 1291 1293 1294
f 1295 1288 1296
f 1290 1296 1288
f 1297 1298 1295
f 1296 1297 1295
f 1297 1299 1298
f 1289 1300 1292
f 466 1291 1294
f 466 1290 1291
f 466 1297 1296
f 466 1296 1290
f 466 1299 1297
f 418 1301 1302
f 1303 1304 1294
f 1301 418 1305
f 1306 1302 1301
f 1303 1294 1307
f 1308 571 1309
f 1310 571 1308
f 1311 1312 1313
f 1305 418 1311
f 418 1312 1311
f 571 1294 1304
f 571 1304 1309
f 1314 1294 1315
f 1294 1293 1315
f 1316 1292 1300
f 1292 1316 1315
f 1316 1317 1314
f 1315 1316 1314
f 1315 1293 1292
f 1318 1314 1319
f 1314 1318 1294
f 1320 1321 1319
f 1319 1314 1320
f 1314 1317 1320
f 1307 1294 1318
f 1294 571 466
f 1322 85 1323
f 410 1324 1299
f 410 85 1322
f 410 1325 1324
f 410 1322 1325
f 1326 1327 1328
f 1295 1326 1328
f 1326 1295 1298
f 1326 1298 1299
f 1329 1300 1289
f 1328 1329 1289
f 1327 94 1328
f 94 1329 1328
f 1328 1288 1295
f 1328 1289 1288
f 1330 94 1327
f 1299 465 410
f 466 465 1299
f 89 1331 1332
f 89 88 1331
f 1333 89 1332
f 1333 1334 92
f 92 89 1333
f 109 1335 1336
f 109 108 1335
f 1337 109 1336
f 1337 1336 1338
f 109 1339 110
f 1339 109 1340
f 1340 109 1341
f 1342 109 1343
f 1343 109 1344
f 1344 109 1345
f 109 1346 1345
f 1341 109 1347
f 109 1342 1347
f 1348 109 1349
f 1346 109 1348
f 1349 109 1350
f 109 1351 1352
f 109 1352 1353
f 1350 109 1354
f 109 1353 1354
f 1351 109 1355
f 1355 109 1356
f 1356 109 1357
f 1357 109 1358
f 1358 109 1359
f 109 1337 1359
f 1360 108 1361
f 1362 108 1363
f 1364 108 1360
f 1361 108 1362
f 112 1365 1366
f 112 1366 1367
f 112 1367 1368
f 108 112 1369
f 112 1368 1369
f 1363 108 1369
f 108 1364 1370
f 1335 108 1370
f 1335 1370 1371
f 1372 110 1373
f 1374 110 1372
f 110 1339 1375
f 1376 110 1377
f 110 1375 1377
f 1376 1378 110
f 1378 1376 1379
f 1373 110 1380
f 110 1381 1380
f 110 1286 76
f 1286 110 1374
f 1286 1374 1382
f 1381 110 1378
f 1383 1384 1385
f 1386 1387 1383
f 1385 1386 1383
f 1388 1386 1385
f 90 1389 1390
f 90 1390 1391
f 1391 1392 88
f 1392 1391 1393
f 1394 1392 1395
f 1392 1393 1395
f 1393 1396 1395
f 1391 88 87
f 1397 1393 1391
f 1397 1396 1393
f 1396 1397 1398
f 1386 1388 1397
f 1399 1386 1397
f 1386 1399 1400
f 1388 1398 1397
f 1386 1400 1387
f 1397 1391 1399
f 87 90 1391
f 95 1401 115
f 95 1402 1401
f 120 1401 1403
f 1404 120 1403
f 120 115 1401
f 1405 1404 1403
f 1406 1405 1403
f 1403 1401 1406
f 1401 1402 1406
f 1407 475 1408
f 596 1409 1410
f 596 1410 1411
f 90 1412 1413
f 90 1413 1414
f 1415 1416 577
f 596 1412 90
f 1412 596 1411
f 577 1408 475
f 1408 577 1416
f 1417 475 1407
f 1417 1407 1418
f 1418 1407 1419
f 1420 1421 98
f 1421 1409 596
f 596 98 1421
f 1422 1423 479
f 90 1414 1424
f 90 1424 1425
f 1423 1426 477
f 477 479 1423
f 1426 1415 577
f 577 477 1426
f 98 1427 1428
f 98 114 1427
f 1420 98 1428
f 143 1427 114
f 1427 143 1429
f 475 1430 471
f 1430 475 1417
f 1430 1429 143
f 143 471 1430
f 1389 90 1425
f 1431 1432 480
f 1432 1431 1433
f 480 1422 479
f 1422 480 1432
f 1434 1431 480
f 1434 480 1435
f 480 1436 1435
f 1437 211 203
f 203 1438 1437
f 203 210 1438
f 1439 1440 1441
f 1440 200 1441
f 200 1442 1441
f 578 1442 200
f 1442 578 1443
f 1443 578 1444
f 1442 1443 1445
f 1444 578 1446
f 1446 578 1447
f 1447 578 1448
f 578 1449 1448
f 578 1450 1451
f 578 1451 1452
f 1449 578 1453
f 578 1452 1453
f 1449 1453 1454
f 578 1455 1456
f 1450 578 1457
f 578 1456 1457
f 195 1365 112
f 195 1458 1459
f 1460 195 1461
f 1365 195 1462
f 195 1460 1462
f 195 1459 1461
f 1461 1459 1463
f 1464 195 1465
f 195 200 1440
f 1458 195 1464
f 195 1440 1465
f 212 1466 213
f 1466 212 1467
f 1468 1467 212
f 212 219 1468
f 1469 1470 585
f 1470 1471 606
f 606 585 1470
f 1472 606 1471
f 1473 249 1474
f 249 257 1474
f 257 1475 1474
f 1473 1476 258
f 258 249 1473
f 1477 1469 585
f 257 1478 1479
f 257 1479 1475
f 1480 608 1481
f 1481 608 1482
f 608 1483 1482
f 1484 1483 608
f 608 515 1484
f 258 1484 515
f 1484 258 1476
f 1485 1486 622
f 607 1477 585
f 1477 607 1487
f 622 1487 607
f 1487 622 1486
f 1488 608 1480
f 1488 1480 1489
f 1490 1491 1492
f 1478 257 1493
f 1478 1491 1490
f 1491 1478 1494
f 1494 1478 1493
f 1488 1485 622
f 622 608 1488
f 1495 1496 209
f 209 208 1495
f 1496 1495 1497
f 1498 278 1496
f 278 209 1496
f 284 1499 1500
f 284 1501 1499
f 284 279 1501
f 1501 279 1498
f 279 278 1498
f 1502 1503 1504
f 1503 1505 1504
f 1503 1502 1506
f 1507 1500 1508
f 1503 1509 1505
f 1507 1508 1502
f 1504 1507 1502
f 308 1505 1509
f 308 1500 1507
f 308 1507 1504
f 308 1504 1505
f 308 306 1500
f 1500 306 284
f 1500 1510 1511
f 1508 1500 1511
f 1512 1506 1502
f 1511 1512 1502
f 1510 1513 1511
f 1502 1508 1511
f 1513 1514 1511
f 1515 1495 208
f 1516 1495 1517
f 1495 1515 1517
f 1509 1518 307
f 1518 1509 1519
f 1509 307 308
f 1520 1503 1521
f 1503 1520 1509
f 1503 1506 1522
f 1503 1522 1521
f 1520 1519 1509
f 1519 1520 1523
f 227 1524 1525
f 1526 227 1525
f 227 286 1524
f 1527 1526 1525
f 1528 1527 1525
f 1525 1524 1528
f 1524 1529 1528
f 287 1528 1529
f 287 1526 1527
f 287 1527 1528
f 287 227 1526
f 1530 307 1518
f 1530 1518 1531
f 1532 309 1533
f 309 1530 1533
f 309 307 1530
f 311 1534 1535
f 311 301 1536
f 311 1536 1534
f 1536 301 1537
f 301 303 1537
f 1538 1539 1540
f 1541 1538 1540
f 1539 1542 1543
f 1539 1543 1540
f 1541 1544 392
f 392 1538 1541
f 392 1539 1538
f 392 1542 1539
f 1545 1543 1542
f 1546 309 1532
f 390 1547 1542
f 390 1548 1547
f 390 1535 1548
f 392 390 1542
f 395 1549 1550
f 1551 395 1552
f 395 1550 1552
f 1553 392 1554
f 1554 392 1555
f 392 1544 1555
f 395 1556 1557
f 395 1558 1559
f 395 1559 1560
f 395 1560 1556
f 1558 395 1551
f 1561 1562 1563
f 1562 1561 1564
f 1559 1558 1564
f 1560 1559 1564
f 1561 1565 1560
f 1564 1561 1560
f 1565 1556 1560
f 1565 1557 1556
f 1564 1566 1562
f 1567 1568 1566
f 1569 1567 1566
f 1567 1569 1570
f 1568 1562 1566
f 1568 1563 1562
f 1567 1570 1571
f 1572 1573 1574
f 1574 1575 1569
f 1575 1570 1569
f 1575 1574 1573
f 1575 1571 1570
f 1576 1577 537
f 287 1578 1579
f 287 1580 1578
f 287 1577 1581
f 287 1581 1580
f 287 537 1577
f 288 287 1579
f 1579 257 288
f 257 1582 1583
f 257 1579 1582
f 1584 1585 328
f 328 322 1584
f 1586 1584 322
f 322 330 1586
f 1586 1587 1584
f 1588 1589 1590
f 1589 328 1590
f 328 1585 1590
f 391 1591 1592
f 1593 391 1592
f 391 1586 330
f 1586 391 1593
f 1594 1595 1596
f 1595 1597 1598
f 1599 604 1594
f 604 1595 1594
f 1596 1595 1598
f 1600 604 1601
f 604 1602 1601
f 1595 604 1600
f 1603 1604 1605
f 1605 1604 1606
f 1607 1591 391
f 391 389 1607
f 1591 1607 1608
f 1553 1607 389
f 389 392 1553
f 1589 1549 395
f 395 328 1589
f 1609 1610 1611
f 1612 1609 1611
f 1613 1614 1612
f 1613 1612 1611
f 1615 1616 286
f 1616 1615 1611
f 1611 1617 1613
f 1611 1615 1617
f 1610 1616 1611
f 1612 1618 1609
f 1618 1612 1619
f 1612 1614 1620
f 1619 1612 1620
f 1621 1524 1610
f 1524 1616 1610
f 1524 1621 1529
f 1524 286 1616
f 1610 1609 1621
f 535 287 1609
f 287 1621 1609
f 287 1529 1621
f 1609 1622 535
f 1623 1622 1624
f 1622 1609 1624
f 1609 1618 1624
f 393 1625 399
f 393 1557 1625
f 394 1557 393
f 1323 85 1626
f 85 76 1626
f 76 1283 1626
f 1627 1329 94
f 94 96 1627
f 1627 1300 1329
f 1330 1628 411
f 411 94 1330
f 306 1537 303
f 1537 306 1629
f 1630 306 1546
f 306 309 1546
f 1629 306 1630
f 1631 1632 1633
f 1631 1634 1632
f 1633 1635 1631
f 1636 1635 1633
f 1637 1632 1634
f 45 1312 418
f 1310 1638 571
f 1312 45 1639
f 1639 45 1640
f 1277 58 1641
f 45 1275 1642
f 45 1642 1643
f 1644 58 1645
f 58 571 1638
f 1641 58 1644
f 45 1643 1646
f 45 1646 1640
f 58 1638 1645
f 418 1647 463
f 418 1302 1648
f 418 1648 1647
f 1648 1302 1649
f 1649 1302 1650
f 1647 1648 1649
f 1649 1651 1647
f 1651 463 1647
f 1306 1650 1302
f 1652 604 1599
f 1652 1599 1653
f 1653 1599 1654
f 1655 1654 1599
f 1656 1655 1599
f 1657 1656 1599
f 1331 88 1658
f 1392 1658 88
f 291 1615 286
f 1615 291 1659
f 1613 1660 1614
f 1661 1613 1617
f 1613 1661 1660
f 1659 1617 1615
f 1617 1659 1661
f 1662 1614 1660
f 1661 1663 1664
f 1663 1661 1659
f 1664 1665 1662
f 1660 1664 1662
f 1664 1660 1661
f 1663 1659 291
f 1666 1662 1667
f 1662 1665 1667
f 1662 1666 1668
f 1662 1668 1614
f 1669 1670 1666
f 1667 1669 1666
f 1666 1670 1671
f 1668 1666 1671
f 1671 1620 1668
f 1620 1614 1668
f 394 395 1557
f 1672 1673 1674
f 1673 1675 1674
f 1676 1672 1674
f 1561 1563 1677
f 1678 1561 1677
f 1677 1676 1678
f 1674 1678 1676
f 1565 1679 1557
f 1679 1565 1678
f 1565 1561 1678
f 1674 1675 1679
f 1678 1674 1679
f 1680 1681 1682
f 1675 1680 1682
f 1680 1675 1673
f 1625 1557 1679
f 1682 1625 1679
f 1681 399 1682
f 399 1625 1682
f 1682 1679 1675
f 1320 1683 1684
f 1684 1321 1320
f 1321 1684 1685
f 1320 1317 1683
f 1686 1683 1687
f 1683 1688 1687
f 1683 1686 1684
f 1683 1317 1688
f 1687 1689 1686
f 123 1690 426
f 1691 1692 1693
f 1690 123 1691
f 123 1692 1691
f 123 1694 1695
f 123 122 1694
f 1692 123 1695
f 579 1696 1697
f 1696 579 1698
f 579 274 1698
f 274 1699 1698
f 1698 1699 1696
f 1697 1700 579
f 1700 1697 1701
f 1700 1701 1604
f 373 1699 274
f 373 1696 1699
f 373 1697 1696
f 373 1701 1697
f 373 1604 1701
f 485 1702 487
f 1702 485 1703
f 1704 1705 485
f 485 488 1704
f 1703 485 1705
f 1522 1506 1512
f 1706 211 1707
f 1706 1707 1708
f 1706 1515 208
f 208 211 1706
f 1709 1710 1711
f 1710 1712 1711
f 1713 1710 1709
f 1714 1711 1712
f 1715 234 1716
f 1715 1717 234
f 1718 1716 234
f 234 241 1718
f 1717 1719 226
f 226 234 1717
f 1719 1717 1720
f 1690 1721 426
f 1721 1722 291
f 291 426 1721
f 1722 1721 1723
f 1722 1723 1724
f 1722 1724 1725
f 536 1576 537
f 1576 536 1726
f 1726 536 1727
f 1728 1729 1730
f 1728 1731 1729
f 1728 1732 1731
f 1728 1733 1732
f 1734 1733 1728
f 1728 1730 1735
f 1728 1736 1734
f 1728 1735 1737
f 1728 1737 1738
f 1728 1738 1736
f 1535 407 311
f 1739 1316 1740
f 1316 1300 1740
f 1316 1739 1741
f 1316 1741 1317
f 1740 582 1739
f 1688 1741 1742
f 1741 1688 1317
f 1741 1739 1742
f 1739 582 1743
f 1739 1743 1742
f 1743 1689 1742
f 1742 1689 1687
f 1742 1687 1688
f 291 1722 1744
f 1663 291 1744
f 463 1745 430
f 1745 463 1746
f 463 1747 1746
f 1747 463 1651
f 1740 1627 96
f 96 582 1740
f 1740 1300 1627
f 1748 573 1749
f 1749 573 1750
f 1751 1752 1753
f 1752 1751 1749
f 1749 1750 1752
f 1748 1754 573
f 1750 573 1755
f 573 1756 1755
f 1757 1758 1750
f 1755 1757 1750
f 1758 1752 1750
f 1758 1753 1752
f 1757 1756 1734
f 1756 1757 1755
f 573 1438 210
f 1438 573 1754
f 1759 1756 573
f 573 574 1759
f 1759 1734 1756
f 1751 1753 1760
f 1760 1753 1761
f 1762 1761 1753
f 1753 1763 1762
f 1763 1753 1764
f 1763 1764 1735
f 1738 1737 1758
f 1764 1758 1737
f 1758 1764 1753
f 1758 1757 1738
f 1757 1736 1738
f 1757 1734 1736
f 1737 1735 1764
f 1765 1763 1735
f 1762 1765 1766
f 1765 1762 1763
f 1707 211 1767
f 1707 1767 1768
f 1769 1767 211
f 211 1770 1769
f 211 1437 1770
f 1765 1771 1772
f 1765 1735 1771
f 1772 1766 1765
f 1773 1774 1775
f 1774 1776 1775
f 1774 1773 1777
f 1778 1779 1780
f 1774 122 1776
f 1778 1780 1773
f 1775 1778 1773
f 120 1776 122
f 1776 120 1781
f 1781 120 1782
f 1778 1782 1779
f 1782 1778 1781
f 1778 1775 1781
f 1775 1776 1781
f 1783 1784 1780
f 1785 1783 1780
f 1783 1785 1786
f 1784 1773 1780
f 1786 1787 1783
f 1787 1786 1788
f 1784 1777 1773
f 1787 1788 1634
f 1780 1779 1785
f 1789 1634 1790
f 1634 1788 1790
f 1791 1789 1790
f 1791 1792 1789
f 1793 1785 1779
f 1785 1793 1790
f 1790 1786 1785
f 1790 1788 1786
f 1790 1793 1791
f 1794 1795 1793
f 1795 1791 1793
f 1793 1779 1794
f 1779 1796 1794
f 1796 1779 1782
f 1795 1792 1791
f 1796 1782 120
f 1694 122 1774
f 1797 604 1798
f 604 1652 1798
f 1700 1799 580
f 580 579 1700
f 1700 1604 1799
f 1334 1743 582
f 582 92 1334
f 1334 1689 1743
f 1800 1801 584
f 584 586 1800
f 1802 584 1801
f 1803 627 1804
f 1805 587 1806
f 1804 627 1807
f 587 584 1802
f 587 1802 1806
f 1568 1567 1808
f 1568 1677 1563
f 1677 1568 1808
f 1567 1571 1809
f 1808 1567 1809
f 1809 1810 1808
f 1810 1811 1808
f 1812 1672 1676
f 1808 1812 1676
f 1811 1812 1808
f 1808 1676 1677
f 1812 1673 1672
f 411 1792 95
f 95 1813 1402
f 95 1792 1814
f 95 1814 1813
f 407 1535 390
f 1815 1730 1816
f 1815 1816 1817
f 1787 1634 1631
f 1783 1787 1818
f 1818 1787 1635
f 1787 1631 1635
f 1784 1783 1818
f 1819 1784 1818
f 1819 1777 1784
f 1818 1820 1819
f 1821 1822 1818
f 1823 1821 1818
f 1635 1823 1818
f 1823 1635 1636
f 1822 1820 1818
f 487 1436 480
f 1436 487 1702
f 1824 1825 613
f 1826 1827 488
f 488 489 1826
f 613 1826 489
f 1826 613 1825
f 1828 488 1827
f 1828 1827 1829
f 1830 1831 626
f 1831 1830 1832
f 626 1824 613
f 1824 626 1833
f 626 1831 1833
f 372 1604 373
f 1834 535 1622
f 536 1834 1835
f 536 535 1834
f 1836 536 1835
f 1837 578 1838
f 578 604 1797
f 1838 578 1839
f 1839 578 1840
f 578 1797 1840
f 578 1837 1841
f 1455 578 1842
f 578 1841 1842
f 179 1843 616
f 1843 179 1844
f 179 213 1845
f 179 1845 1844
f 1846 616 1843
f 1466 1845 213
f 1830 626 1847
f 1847 626 1848
f 1849 1850 1851
f 1850 1792 1851
f 1852 1850 1849
f 411 1851 1792
f 1851 411 1628
f 1815 1853 1735
f 1735 1730 1815
f 1771 1735 1853
f 1771 1853 1854
f 1855 1573 1572
f 1856 1836 1571
f 1571 1857 1856
f 1857 1571 1575
f 1857 1575 1573
f 1856 536 1836
f 1493 257 1858
f 1583 1858 257
f 1858 1859 1860
f 1858 1860 1861
f 1860 1862 1861
f 1858 1583 1859
f 611 1745 1733
f 611 430 1745
f 1733 1734 611
f 611 1759 574
f 611 1734 1759
f 1789 1850 1863
f 1850 1789 1792
f 1850 1852 1863
f 1637 1634 1863
f 1863 1634 1789
f 1814 1792 1795
f 1794 1404 1405
f 1404 1794 1796
f 1405 1406 1814
f 1795 1405 1814
f 1405 1795 1794
f 1406 1813 1814
f 1406 1402 1813
f 1404 1796 120
f 580 1602 604
f 1602 580 1864
f 1864 580 1799
f 1603 1799 1604
f 1799 1603 1864
f 1606 1604 1865
f 1865 1604 1866
f 1867 1604 1868
f 1866 1604 1869
f 1869 1604 1867
f 1866 1869 1870
f 1604 372 1871
f 1604 1871 1868
f 399 1871 372
f 1871 399 1872
f 1872 399 1681
f 1873 1874 1872
f 1681 1873 1872
f 1873 1681 1680
f 1874 1871 1872
f 1873 1680 1673
f 1727 536 1875
f 1875 536 1856
f 1855 1857 1573
f 1857 1855 1875
f 1875 1856 1857
f 1704 488 1828
f 1876 1468 219
f 1876 219 1877
f 1719 1877 219
f 219 226 1719
f 1878 1879 619
f 1880 1878 619
f 619 620 1880
f 619 1718 241
f 1718 619 1879
f 1881 1880 620
f 1846 1882 625
f 625 616 1846
f 1883 625 1882
f 1713 1884 606
f 606 1710 1713
f 1710 606 1472
f 1710 1472 1885
f 1800 586 1886
f 1884 1886 586
f 586 606 1884
f 1803 1881 620
f 620 627 1803
f 266 1807 627
f 1807 266 1887
f 266 587 1887
f 587 1805 1887
f 626 1883 1888
f 626 625 1883
f 626 1889 1848
f 626 1888 1889
f 1271 667 1268
f 667 676 1268
f 1279 674 1272
f 674 667 1271
f 674 1271 1272
f 1078 1268 676
f 1268 1078 1266
f 1273 1266 1078
f 1078 1062 1273
f 1062 1274 1273
f 1062 1642 1275
f 1062 1275 1274
f 1278 674 1279
f 700 1816 1730
f 700 1730 1729
f 1816 700 1817
f 700 1854 1853
f 700 1772 1854
f 700 1815 1817
f 700 1853 1815
f 702 1772 700
f 1729 1731 701
f 701 700 1729
f 1108 1301 1305
f 1108 1306 1301
f 1108 1305 1311
f 1108 1650 1306
f 1108 1649 1650
f 1056 1318 1319
f 1056 1303 1307
f 1056 1307 1318
f 1056 1309 1304
f 1056 1304 1303
f 1309 1056 1308
f 1313 1108 1311
f 1109 1651 1649
f 1109 1747 1651
f 1109 1746 1747
f 1649 1107 1109
f 1108 1107 1649
f 711 1745 1746
f 711 703 1745
f 1745 703 1733
f 703 1732 1733
f 703 701 1732
f 712 1323 1626
f 712 714 1322
f 712 1322 1323
f 1626 717 712
f 725 1768 1767
f 725 730 1768
f 725 1767 1769
f 1770 728 1769
f 728 725 1769
f 702 1766 1772
f 702 1749 1751
f 702 1751 1760
f 702 1760 1761
f 702 1761 1762
f 702 1762 1766
f 1771 1854 1772
f 728 1438 706
f 1438 728 1437
f 1437 728 1770
f 701 1748 1749
f 701 706 1438
f 701 1754 1748
f 701 1438 1754
f 730 1708 1707
f 730 1707 1768
f 702 701 1749
f 1819 1820 734
f 734 736 1819
f 1820 1822 738
f 738 734 1820
f 713 1636 1633
f 713 1823 1636
f 713 739 1823
f 1821 1823 739
f 1822 1821 739
f 739 738 1822
f 1118 1375 1339
f 1118 1339 1340
f 716 1379 755
f 1379 716 1378
f 1378 716 1381
f 716 1380 1381
f 757 1379 1376
f 757 755 1379
f 757 1376 1377
f 1373 1380 1382
f 1380 716 1382
f 1374 1373 1382
f 1372 1373 1374
f 757 1375 1118
f 1375 757 1377
f 1341 1118 1340
f 1343 1119 1342
f 1118 1347 1114
f 1347 1118 1341
f 1347 1342 1119
f 1119 1114 1347
f 1344 1119 1343
f 1252 1345 1346
f 1252 1346 1348
f 1344 1345 1252
f 1252 1119 1344
f 1350 1890 1349
f 1348 1349 1890
f 1890 1252 1348
f 1444 1265 1443
f 1443 1265 1445
f 1889 1888 1017
f 905 1887 899
f 1716 905 1715
f 905 1716 1718
f 905 1803 1804
f 1887 905 1807
f 905 1804 1807
f 905 1718 1878
f 1878 1718 1879
f 905 1878 1880
f 1803 905 1881
f 905 1880 1881
f 905 1720 1715
f 1715 1720 1717
f 1806 899 1805
f 899 1887 1805
f 808 1888 1843
f 808 1017 1888
f 1846 1888 1882
f 1843 1888 1846
f 1844 808 1843
f 1882 1888 1883
f 808 1720 905
f 1466 808 1845
f 808 1466 1467
f 808 1467 1468
f 1720 808 1719
f 1719 808 1876
f 808 1468 1876
f 1719 1876 1877
f 808 1844 1845
f 1885 900 1710
f 1710 900 1712
f 900 1714 1712
f 1714 900 1711
f 900 1709 1711
f 811 1889 1017
f 811 1832 1830
f 811 1830 1847
f 1889 811 1848
f 811 1847 1848
f 721 1832 811
f 1832 721 1831
f 721 1833 1831
f 1215 1833 721
f 1833 1215 1824
f 1824 1215 1825
f 1215 1829 1827
f 1825 1215 1826
f 1215 1827 1826
f 1217 1433 1431
f 1435 1217 1431
f 1435 1431 1434
f 1215 1217 1828
f 1828 1217 1704
f 1829 1215 1828
f 1217 1435 1436
f 1217 1436 1702
f 1217 1702 1703
f 1217 1703 1705
f 1217 1705 1704
f 1446 1265 1444
f 1447 1265 1446
f 1838 1156 1837
f 1248 1837 1156
f 1837 1248 1841
f 1842 1841 1248
f 1600 1601 946
f 1840 1158 1839
f 946 1601 1602
f 946 1602 1864
f 1838 1839 1158
f 1158 1156 1838
f 946 1597 1595
f 946 1595 1600
f 1654 1249 1653
f 1249 1798 1652
f 1249 1159 1798
f 1249 1652 1653
f 1158 1798 1159
f 1158 1840 1797
f 1158 1797 1798
f 879 1657 1599
f 879 878 1657
f 1594 879 1599
f 1656 1657 878
f 878 885 1656
f 1655 1249 1654
f 1596 1598 1236
f 1236 1597 946
f 1597 1236 1598
f 1594 1596 1236
f 1236 879 1594
f 1655 1656 885
f 885 1249 1655
f 900 899 1713
f 1713 899 1884
f 1709 900 1713
f 1801 899 1802
f 1884 1800 1886
f 899 1801 1800
f 899 1800 1884
f 899 1806 1802
f 900 1489 907
f 1469 900 1470
f 900 1469 1477
f 1485 900 1486
f 1489 900 1488
f 900 1485 1488
f 1486 900 1487
f 900 1477 1487
f 1470 900 1471
f 900 1885 1471
f 1471 1885 1472
f 907 1479 1478
f 907 1478 1490
f 907 1490 1492
f 907 1492 1491
f 907 1491 1494
f 907 1861 910
f 907 1494 1493
f 907 1493 1858
f 907 1858 1861
f 1475 907 1474
f 1479 907 1475
f 1481 1482 907
f 1481 907 1480
f 907 1489 1480
f 1482 1474 907
f 1482 1483 1484
f 1474 1482 1484
f 1474 1484 1476
f 1474 1476 1473
f 919 1669 849
f 919 1670 1669
f 919 1671 1670
f 849 1667 915
f 1667 849 1669
f 1864 1866 945
f 1866 1864 1603
f 1866 1603 1605
f 1605 1606 1865
f 1605 1865 1866
f 1864 945 944
f 944 946 1864
f 1862 910 1861
f 1860 910 1862
f 929 1578 936
f 1578 929 1579
f 1579 929 1582
f 929 931 1582
f 1031 1566 1564
f 1031 1569 1566
f 1031 1574 1569
f 1031 1855 1572
f 1031 1572 1574
f 1031 1875 1855
f 1835 939 1836
f 939 1809 1571
f 939 1571 1836
f 1581 1577 936
f 1030 1727 1875
f 1030 1577 1576
f 1030 1576 1726
f 1030 1726 1727
f 1030 936 1577
f 1031 1030 1875
f 1564 1550 969
f 1554 1555 1034
f 1550 1564 1552
f 1564 969 1031
f 1034 1541 1540
f 1541 1034 1544
f 1564 1558 1551
f 1564 1551 1552
f 1544 1034 1555
f 941 1874 942
f 1874 941 1871
f 1868 1871 941
f 941 945 1868
f 1592 963 1593
f 970 1590 1585
f 970 1585 1584
f 963 957 1586
f 963 1586 1593
f 965 1586 957
f 1586 965 1587
f 965 1584 1587
f 965 970 1584
f 970 969 1588
f 1590 970 1588
f 963 1592 1591
f 963 1591 1608
f 1007 1009 1534
f 1536 1007 1534
f 1010 1629 1630
f 1010 1007 1536
f 1010 1536 1537
f 1010 1537 1629
f 938 1809 939
f 1809 938 1810
f 1811 1810 938
f 938 942 1811
f 912 1723 1026
f 1723 912 1724
f 1725 1724 912
f 912 911 1725
f 1554 1034 1553
f 969 1550 1549
f 969 1549 1589
f 969 1589 1588
f 1034 963 1608
f 1034 1608 1607
f 1034 1607 1553
f 1869 945 1870
f 1870 945 1866
f 1032 1545 1038
f 1032 1540 1543
f 1032 1543 1545
f 1033 1540 1032
f 1049 1835 1834
f 1049 939 1835
f 1049 1622 1623
f 1049 1834 1622
f 1109 711 1746
f 1731 1732 701
f 910 1582 931
f 1582 910 1583
f 1583 910 1859
f 1578 1580 936
f 1581 936 1580
f 1860 1859 910
f 672 1308 1056
f 672 1310 1308
f 672 1645 1638
f 672 1638 1310
f 672 1278 1277
f 672 674 1278
f 672 1277 1641
f 672 1641 1644
f 1645 672 1644
f 1056 1685 1105
f 1056 1319 1321
f 1056 1321 1685
f 1105 1685 1684
f 1105 1684 1686
f 713 1633 1065
f 1530 1531 1533
f 1520 1521 1523
f 1533 1523 1521
f 1533 1531 1518
f 1533 1518 1519
f 1533 1519 1523
f 1049 1671 919
f 1033 1034 1540
f 1542 1547 1545
f 1547 1038 1545
f 1326 1083 1327
f 714 1299 1324
f 1299 714 1326
f 714 1083 1326
f 1083 1849 1851
f 1083 1863 1849
f 1083 1330 1327
f 1083 1628 1330
f 1083 1851 1628
f 1065 1863 1083
f 1664 915 1665
f 1665 915 1667
f 1663 911 1664
f 911 915 1664
f 1092 1513 1093
f 1513 1092 1514
f 1010 1514 1092
f 1010 1511 1514
f 1062 1646 1643
f 1062 1102 1646
f 1062 1643 1642
f 736 1774 1777
f 736 1777 1819
f 1026 1690 1691
f 1026 1723 1721
f 1026 1721 1690
f 1691 1693 1026
f 1026 1774 736
f 1774 1026 1694
f 1694 1026 1695
f 1026 1693 1692
f 1026 1692 1695
f 763 1360 761
f 1360 763 1364
f 763 1117 1364
f 1117 1370 1364
f 1464 1145 1458
f 1145 796 1458
f 796 1459 1458
f 1464 1465 1146
f 1146 1145 1464
f 1152 1450 1151
f 1450 1152 1451
f 1453 1452 1152
f 1152 1154 1453
f 1452 1451 1152
f 1516 1517 824
f 824 1708 730
f 824 1517 1515
f 824 1515 1706
f 824 1706 1708
f 1535 1009 1548
f 1009 1038 1548
f 1534 1009 1535
f 1744 911 1663
f 1811 942 1812
f 1874 1873 942
f 942 1873 1673
f 942 1673 1812
f 1869 1867 945
f 1868 945 1867
f 1332 1212 1333
f 1212 1334 1333
f 1212 1332 1331
f 1212 1392 1394
f 1212 1331 1658
f 1212 1658 1392
f 1624 1618 1619
f 1325 714 1324
f 1049 1624 1619
f 1624 1049 1623
f 1102 1313 1312
f 1102 1108 1313
f 1102 1312 1639
f 1102 1639 1640
f 1102 1640 1646
f 1105 1334 1212
f 1334 1105 1689
f 1689 1105 1686
f 1213 1400 1214
f 1400 1213 1387
f 1387 1213 1383
f 1384 1383 1213
f 1213 690 1384
f 1214 1424 1216
f 1214 1390 1389
f 1214 1389 1425
f 1214 1425 1424
f 1214 1399 1391
f 1214 1391 1390
f 1400 1399 1214
f 1216 1424 1414
f 1216 1414 1413
f 1219 1413 1412
f 1219 1216 1413
f 1219 1411 1410
f 1219 1412 1411
f 1219 1410 1409
f 1219 1420 1428
f 1219 1409 1421
f 1219 1421 1420
f 1418 1419 1219
f 1217 1219 1415
f 1415 1219 1416
f 1422 1217 1423
f 1433 1217 1432
f 1217 1422 1432
f 1423 1217 1426
f 1217 1415 1426
f 1416 1219 1408
f 1408 1219 1407
f 1219 1419 1407
f 1417 1418 1428
f 1418 1219 1428
f 1430 1417 1428
f 1429 1430 1428
f 1427 1429 1428
f 824 1497 1495
f 824 1495 1516
f 911 1744 1722
f 911 1722 1725
f 1513 1510 1221
f 1221 1093 1513
f 1068 1384 690
f 1068 1385 1384
f 1284 1285 717
f 717 1282 1281
f 717 1281 1284
f 1322 714 1325
f 717 1280 1282
f 717 1283 1280
f 717 1626 1283
f 1049 1620 1671
f 1049 1619 1620
f 716 1287 1286
f 716 1286 1382
f 1285 1287 716
f 716 717 1285
f 1852 1849 1863
f 1360 1361 761
f 1370 1117 1371
f 1361 1362 772
f 772 761 1361
f 1356 1352 1355
f 1352 1356 1353
f 1355 1352 1351
f 1357 1354 1356
f 1354 1353 1356
f 1357 1358 1890
f 1890 1354 1357
f 1354 1890 1350
f 777 1366 782
f 1366 777 1367
f 1368 1367 777
f 777 779 1368
f 782 1460 799
f 1460 782 1462
f 782 1366 1365
f 782 1365 1462
f 1460 1461 799
f 1463 1459 796
f 796 799 1463
f 1463 799 1461
f 1630 1511 1010
f 1501 823 1499
f 823 1221 1499
f 1496 1497 824
f 824 1498 1496
f 824 1501 1498
f 824 823 1501
f 1151 1456 1247
f 1456 1151 1457
f 1450 1457 1151
f 1253 1385 1068
f 1394 1395 1253
f 1253 1212 1394
f 1395 1388 1385
f 1385 1253 1395
f 1395 1398 1388
f 1395 1396 1398
f 1065 1637 1863
f 1065 1633 1632
f 1065 1632 1637
f 1117 1336 1335
f 1117 1251 1336
f 1117 1335 1371
f 772 1363 779
f 1363 772 1362
f 1369 779 1363
f 1336 1251 1338
f 1368 779 1369
f 1221 1500 1499
f 1500 1221 1510
f 1533 1512 1511
f 1533 1522 1512
f 1533 1521 1522
f 1511 1532 1533
f 1511 1546 1532
f 1511 1630 1546
f 1248 1456 1455
f 1248 1247 1456
f 1248 1455 1842
f 1548 1038 1547
f 1251 1359 1337
f 1251 1252 1359
f 1251 1337 1338
f 1146 1465 1440
f 1439 1146 1440
f 1146 1441 1265
f 1441 1146 1439
f 1442 1445 1441
f 1445 1265 1441
f 1265 1448 1255
f 1448 1265 1447
f 1255 1453 1154
f 1453 1255 1454
f 1255 1448 1449
f 1255 1449 1454
f 1890 1359 1252
f 1359 1890 1358
