v -35 -40 0
v -35.724796842581028 -40 4.4878837571869514
v -40 -40 0
v -40 -40 5
v -40 -35.694703030971219 6.1157619812740709
v -40 -32.313750082858412 0
v -34.851402452272417 -35.595616859094832 1.897905431451522e-08
v -40 -40 10
v -35.52096763203361 -40 10
v -36.675687744151311 -35.254395053325077 10
v -39.959638498590557 -35.059595273224282 10
v -40 -30.037800000000001 10
v -40 -29.694343714428491 4.5995013336543984
v -40 -25.174160821308899 10
v -35.400244033663412 -31.327323167361499 10
v -34.953266220099351 -25.74682000571481 10
v -39.992275076801398 -25.221960446573021 0
v -40 -22.510446423639038 4.8320170586664162
v -40 -20 10
v -40 -15.217422952031599 5.3527861807118011
v -40 -15.118124910910421 11.19420933043096
v -35.810418956931002 -20.000216957505021 10.0002186863147
v -40 -20 15.0311285123527
v -40 -19.978142094812078 20.563022410483299
v -40 -15.16283709633541 16.383234302376501
v -40 -14.501359995259561 20.579938115849949
v -40 -20 25.535534999999999
v -40 -17.270387566233978 23.45325494844565
v -37.088312060262332 -20 22.823836110420679
v -37.05359626221388 -20 18.86486806142743
v -40 -20 30
v -40 -15.422917543895201 29.98541514044577
v -40 -17.36773191858142 26.886618108712771
v -37.332446794403303 -17.717953725319759 30
v -37.33805840629865 -20 26.44943777538295
v -35.141129999999997 -20 30
v -36.909500599886186 -13.0128889456181 29.999727413694981
v -40 -9.9993549999999995 29.999359999999999
v -40 -14.30257398180912 27.777035871591838
v -36.345499110243743 -15.786510568939381 30
v -40 -9.9996775000000007 25.74846021366481
v -40 -14.23871226258303 24.6823123394745
v -40 -12.15560464676394 22.797289621756541
v -40 -10 21.019345140617421
v -37.077652546833328 -9.9999244533655283 22.636440682564881
v -36.865918792376291 -10 18.858455202712239
v -40 -10 15.401669267135199
v -40 -9.9993549999999995 10.00065
v -40 -5.1952900411585361 10.000001867207169
v -40 -9.1300651811600169 5.0785618711854994
v -36.359447402192671 -7.5359670903453502 10.00026703687551
v -36.390020131513417 -9.9995826944303552 13.0088181984593
v -36.427853592538533 -9.9857332642626133 10.00071271860986
v -34.969760000000001 -9.9993549999999995 29.999359999999999
v -35.868273805200531 -9.9996357055606389 26.18553932245344
v -35.67110104744296 -0.00064468380000004544 10.00065
v -40 -0.00064468380000000001 10.00065
v -40 -3.5516486494005899 5.333105241957373
v -35.180408533781879 -4.2673497469439212 10.00014053519471
v -40 0.03666996824889087 14.23728140575122
v -40 4.6605900473302526 9.3989935602920855
v -40 1.8300647445291709 4.5264898525227277
v -34.782535720332447 -5.5371893927824148e-05 15.35130222649428
v -40 0 20
v -34.213709999999999 0 20
v -40 6.1373699075868284 13.8879100989635
v -40 10 8.5956726371255403
v -40 6.5021791690184214 5.1873183996512999
v -35.460292036396631 10 14.642726576052141
v -34.546950830830262 10 8.7588300225686559
v -40 10 13.983218493123321
v -31.3770279607939 -14.45948481283958 0
v -30 -20 0
v -34.965366315962292 -16.51715279287054 0
v -35.002356291427873 -22.791810883089859 0
v -34.947517628222137 -10.76865903927931 1.5407740781338671e-08
v -40 -10.88772280621596 2.5983436846566121e-07
v -40.011827765102247 -18.186064829092839 1.1126261124255661e-07
v -30 -0.00064468380000000001 10.00065
v -32.611336654985926 -0.00032210125069994533 12.62703430482291
v -31.89384293479462 -3.3055472666243531 10.000116209412001
v -30 -40 10
v -33.002794806501832 -34.720964324384298 10
v -31.9766018275443 -20.00003591642141 12.285330002476689
v -33.643106554880653 -20.00032143420567 10.00032390037093
v -31.475794152830289 -20.000425910906319 10.00042911442716
v -31.57628047011071 -21.618019488234481 10
v -30.757171637637459 -21.01097959505584 10
v -30.71492279847563 -20.000383922935288 10.000385793504661
v -30.98830091377215 -20.000017958210709 11.30395500123835
v -34.564463918154338 -20 26.171506562160701
v -32.570245 -20 29.999680000000001
v -34.523126296445199 -17.277230488182578 30
v -35 -16.5 25
v -35 -16.299050000000001 24.25
v -35 -15.75 23.700959999999998
v -34.008362755435847 -16.303046892249309 24.264917306937729
v -35 -15.75 26.299029999999998
v -35 -16.299040000000002 25.75
v -34.014962441981403 -16.492112880078309 25.029437335412229
v -35 -14.82404194977426 25.17798375967023
v -33.885051348633048 -15.79168466458245 26.257346852326741
v -33.527794739630068 -16.299040000000002 25.75
v -34.895753426250437 -15 23.5
v -35 -14.25 23.700959999999998
v -33.597803197113123 -15.109509830518 23.52934421230902
v -33.151823439797262 -15.810372374245929 23.761332374245931
v -34.985545087631067 -15.04129539535181 26.488934498979191
v -33.824170703854499 -14.230716165410049 23.72024383458994
v -35 -14.33337483108423 26.321371140255511
v -33.943194833254218 -14.25903084493544 26.301449907431351
v -33.897901588091869 -15.017978519261989 26.495182481689511
v 9.9999576253669034 10.00004237463309 9.4026335254133429
v 9.9998465530585428 10.00031999049215 17.296498251541411
v 9.9999578131703135 13.78741889128948 11.998665770050939
v 10 15.26920727583796 5.9265524991177196
v -35 -13.70097 24.25
v -35 -13.7330203011085 25.782060301108501
v -33.715195265667752 -13.50351265841846 25.01309925329392
v -35 -13.543865 24.836295
v -33.618119552534758 -13.679266343183381 24.33099580864274
v -35 -13.59117582982053 25.340259785768762
v -33.450129360912477 -13.762473664128811 25.81151366412881
v -33.938932511240459 -20 23.110542424503649
v -31.94408646713876 -20 25.051428759921809
v -32.062620215541287 -20 22.83350794000367
v -35.098776172032821 -20 20.75258535894233
v -32.499078031685613 -20 20.557111725580079
v -29.999359999999999 -10 29.999359999999999
v -32.488121847618302 -9.9996770587944148 27.19065440498099
v -32.702544131268183 -12.988524594985931 29.999492448601099
v 19.861783900256931 40 4.6281390974434444
v 20 40 10
v 25.25833975006358 40 6.298589531572377
v 15.62218732795484 40 10
v 22.248752261280881 40 3.1945702631320879e-07
v 17.57828126389084 40 2.3853198757608311e-07
v 13.80211726128088 40 2.5000002838317141
v -30 10 11.586439499999999
v -30 0 15.363795273965939
v -30 0 20
v -32.301218951272617 -13.68855024822674 25.70365955143544
v -32.554447415160141 -13.718565488540721 24.232403870481232
v -32.498887873641117 -13.51182128000139 24.955874769324542
v -33.11774149495001 -15.7842319182324 29.999864054889699
v -31.642129186944011 -14.751640508603529 29.999597620724462
v -30.048986257829039 -16.937046076447249 29.999368442890979
v -34.811045451798464 -14.47006879785271 29.999824999238101
v -32.393804801931978 -14.25 26.299029999999998
v -31.662772994949201 -15.777221694681421 23.720191673358681
v -32.216846000667793 -15.07379904308444 23.51977489346196
v -32.417390069515001 -16.30872140793543 24.286095884425599
v -32.807333766857667 -14.326076451651989 23.680576059099209
v -31.323725236281749 -14.28186540021558 23.692422209432841
v -31.128612041081951 -15.01665754984824 23.504463489766518
v -34.315768067697839 -9.9993549999999995 10.00065
v -34.566575342439933 -9.9858377078347864 11.38056128080375
v -32.855707185077051 -9.9721115285252253 10.000775437219721
v -31.657089346659959 -9.9996279755138051 11.945203835894089
v -34.044628579630533 -8.6312646354098916 10.0004373139839
v -32.248042027340553 -8.136456310286956 10.000243351155399
v -31.58416180148593 -8.8251742755827784 10.066999606782449
v -31.427853592538529 -9.9860557642626127 10.161677718609861
v -31.250800522002951 -15.091541265701981 26.47547063152097
v -32.847980965565348 -15.01310490925726 26.49648841267825
v -31.255979156521668 -14.33634728380213 26.32216841339579
v -31.17989809102879 -13.70097 25.75001
v -32.26557968832374 -15.74176433706395 26.301236830267101
v -32.265211465184542 -16.301240694729209 25.74178733329946
v -32.879209193880598 -16.4995551963626 25.001660154022868
v -31.34121546554876 -13.5212809224862 24.920572813769379
v -31.350484999999999 -13.70097 24.25
v -31.186355552436321 -15.817912143485721 26.23112033036476
v -31.15333730544668 -16.251944496355669 25.797095503644329
v -31.22890350342448 -16.497141142087941 25.010669264645792
v -31.07436723743745 -16.31167312987586 24.29711237910038
v -29.999359999999999 -15 26.5
v -29.999359999999999 -15.75 26.299029999999998
v -29.999359999999999 -14.25 26.299029999999998
v -29.999409301702659 -16.486485170757781 24.949558195463961
v -30.049065829722789 -16.32791338318113 24.35772468190715
v -29.999359999999999 -16.299040000000002 25.75
v -29.999359999999999 -13.70097 24.25
v -29.999359999999999 -13.5 24.99999
v -29.999359999999999 -13.70097 25.75001
v 19.838709999999999 35 10
v 25 40 10
v 20.654229679184319 29.9999993190889 9.9972438311051537
v 24.57781590724726 34.090317791865978 10.00030932402391
v 14.919354999999999 30 10
v 14.919354999999999 35 10
v -30 -32.11263079461731 2.5463220314616188e-07
v -30 -40 0
v -30 -35.750955711689642 5.9651329300291911
v -30 -40 5
v -30 -35.623739999999998 10
v -30 -30.29858570788706 4.6531590906349347
v -30 -31.247479999999999 10
v -30 -25.785029999999999 10
v -30 -25.240044999999999 1.5366820000000001e-07
v -35.1307508635633 -29.731766706358801 2.4208667686452949e-08
v -29.99968218774687 -24.782567740117891 6.3228908976418676
v -30 -22.38664801156159 10
v -29.999827020308889 -21.218975861201759 9.1294888940323524
v -30 -20.322579999999999 10
v -29.999846691968671 -20.245461269363801 9.2284854768086557
v -29.334816657651992 -20.234966080639602 9.4775985013202853
v -29.321047119557441 -20.283308128633951 9.9686073853815671
v -29.865708028374058 -20.000337059815831 10.00033744266713
v -25.009892652137971 -14.20027532577115 0
v -21.100995999999999 -20 3.2782555e-07
v -25.832346408281161 -20.00020441465491 3.916624709785359
v -29.999359999999999 -20.000640000000001 3.9697820719092771
v -29.999536471143792 -22.511112976798909 3.7285215016817461
v -30 -20 11.2456812009797
v -30 -20 10.32258
v -29.99969463370752 -19.004367517411058 10.1689759835338
v -29.398597980886091 -20.00000099224884 10.29057203706884
v -29.278218361961031 -19.47518302511714 10.20320592450312
v -29.999951776550741 -17.0688520153866 27.387407819843411
v -29.999359999999999 -20 29.999359999999999
v -29.999589791716112 -20 26.445290013241522
v -29.999992392217219 -17.56212167352469 25.658512867278031
v -29.999751558442849 -15.83707361748076 28.430954302875119
v -29.999359999999999 -15 23.5
v -29.999578530326751 -15.838271274575151 23.748487074693209
v -29.999909823682241 -15.25021992910712 21.580017236122409
v -30 -17.46738759042367 21.937484413235001
v -29.99953385127586 -14.443905777786989 22.768094622281211
v -30 -17.167142291909961 19.791826778320921
v -29.9998740904879 -15.33229728284237 18.581833565424219
v -29.999793285881939 -13.26688184277929 19.850332097269732
v -29.99956889367304 -13.06656651561841 22.393018505896851
v -29.999870238910979 -12.150579932452001 25.743573337616819
v -29.999682470147651 -13.02581554163647 26.580734872886701
v -29.99964031373781 -12.61179776624488 24.093527530822481
v -29.999668072885619 -10 24.654685339110149
v -29.99953751074478 -10.038277607504821 27.077287620725301
v -29.999910359424501 -11.506693828770381 23.713048681683919
v -29.999726645481971 -12.192365602041949 27.968493488825189
v -30 -10 0
v -36.090908605941053 -6.0386584415265609 1.2767898712549401e-07
v -30 -4.3964204999999996 3.2782555e-07
v -29.999753309115849 -4.3440648625061833 4.0776447115652577
v -29.999680000000001 -9.9996775000000007 4.0524195000000001
v -25.588292948342922 -10 0
v -27.19319954750987 -9.9999109730883688 2.434625071115244
v -30 -10 10.32258
v -29.999591985501539 -9.3451823453316774 10.00041801449847
v -30.093301422078419 -9.2930297599560276 10.27320607784659
v -29.999540761278059 -10.07072776917791 10.000469238721941
v -30.713926796269259 -9.2852229403685911 10.20664278761206
v -30.71983090871796 -9.9998383945171678 10.24192007273135
v -30.713926796269259 -9.9930278821313063 10.771460014679469
v -30 -10 11.381242310749091
v -29.99976947485731 -10.947692463558109 11.55979957381426
v -29.999490823511032 -10.77805168537904 10.00051917648897
v -30 -10 18.896170000000001
v -33.536414726712323 -9.9998371347835526 16.43819566972973
v -34.26763733836988 -9.9998867331168917 20.59015414554619
v -30 -10 14.609375
v -29.999879971857681 -13.57199252101689 16.256373478330818
v -32.496289037001652 -9.9997965853153428 22.327799386550261
v -29.999840854142079 -10 21.657149215934801
v -29.999966227052141 -2.9516811994901242 8.0471799897065868
v -30.04323788902294 -3.3365610881469889 10.000051189016411
v -29.942542702717478 -4.7120283287633304 10.00000821882022
v -30 3.896146500786609 10.242259772533821
v -30 0.61393942064096629 6.1173219729349144
v -30 6.094226229341154 5.1990050250270317
v -29.999359999999999 -20.000640000000001 6.5720351137256632
v -28.209489668349931 -20.000452901669529 5.7217242980827034
v -29.999480068351069 -21.708728610231049 5.8286553677017503
v -28.73576930409558 -20.004628653734269 7.4919886419720916
v -29.999654040617781 -22.115371722403509 8.2589777880647048
v -29.999693383937331 -20.168342538727611 8.4569709536173114
v -29.999361654724211 -17.77762885966381 10.01938328796936
v -29.086834414641199 -17.211173682974419 10.009858600860101
v -29.999359999999999 -16.43078798942545 10.00065
v -28.57181106509724 -18.14260893725266 10.00047760204283
v -29.999468780891149 -16.755978513017769 11.232168666855779
v -29.999425407086829 -17.99025910645614 10.95131899245802
v -29.999871895102871 -17.84408056145184 23.786057411120449
v -29.999359999999999 -14.25 23.700959999999998
v -29.99936604687484 -14.21181483228812 27.828844572345091
v -29.999359999999999 -13.44810625621669 29.999359999999999
v -28.062496879490901 -9.9995161290091445 6.6356996544516136
v -29.99952 -9.9995162499999992 6.0786292500000014
v -29.98230939727247 -9.9876810691087812 8.2086665122724405
v -29.999463544625559 -8.5870223747147385 7.6898262214122646
v -29.950605856015951 -8.942001510133359 8.7039693133901821
v -29.820497730350962 -9.255539494295272 9.3774048912021062
v -29.826544885183768 -9.9997012314377098 9.1221480197249161
v -28.470829779836979 -9.9995816940472508 8.7709191818350671
v -29.677420000000001 -10 10
v -29.711834946473239 -9.3135809941876744 10.000001066865471
v -28.502338159719571 -10 10
v -28.458915375819359 -11.357526460270799 10.000335376446349
v -5.4332282468364923 -20 6.5565109963472423e-07
v -11.192414281001209 -20 4.8738598618778264
v -12.201992000000001 -20 6.5565109999999999e-07
v -16.651494 -20 4.9173832499999999e-07
v -18.06498855585539 -15.00873842845141 0
v -11.75089841175636 -13.835724105886561 6.2149209546220313e-08
v -5.7602544026600437 -14.80347452824082 9.3595461113429987e-09
v -24.602368792770189 -20.00000890551263 10.03530597346507
v -21.945330403092509 -20.000007127646729 10.024205252686469
v -23.696855935977741 -17.785319950545251 10
v -23.749498770166301 -20.000007754475799 8.7228527811068197
v -25.74685142819234 -16.987288097458549 10.000018099272181
v -25.448646653772009 -20.000166906999439 9.1527563698120424
v -26.028970023567432 -19.2500498888467 10.024366883157279
v -25.539080210903322 -20.046127831205691 10.03903938272453
v -6.878783302070504 -20.000002070237201 10
v -12.753248952624229 -20.000000305748351 10
v -17.706091785405849 -20.000000491183069 5.5298446397427536
v -17.133230674622951 -10 10
v -19.3214805687191 -10 5.8357390516370478
v -23.324094625000001 -10 10
v -14.71351128700393 -10 5.0594663533884683
v -17.297655082316101 -15.18447181552629 10
v -10.899538245996171 -13.494039028969761 10
v -11.60583007696663 -9.9997960895482478 10
v -20.88482587807373 -10 2.3273404010365409e-08
v -14.682457749999999 -10 1.5935860791003509e-07
v -11.08905165661238 -10 2.8361112455127779
v -7.2701774247347544 -10 0.019496388664358651
v 30 35.169406503632523 19.182601953676869
v 30 35.336764517797342 24.315950764228919
v 30 40 22.747045137000349
v 30.003168610630571 30 21.42628285353755
v 30 40 16.926186235385192
v 29.999693937997101 35.815571041595113 14.27680662885318
v 30.000308054683291 30.000308054683291 16.495093153156411
v -0.00064468380000000001 -9.9993549999999995 6.5565109999999999e-07
v 0.59895107085171517 -14.89858248312505 1.742381222454551e-08
v -4.1244763858739866 -9.9997308968705028 4.8221725150326487
v 5.6683951894679936 -6.0329587510396614 1.494110296160295e-07
v 5.3389120137172092 -13.13000050819269 0
v 0 -5.2872956392763459 0.021115537500160361
v -0.00064468380000000001 -9.9993549999999995 5.0000003278255498
v 5.7789824633980382 -6.1496337571678508 10
v 0 -4.5161290000000003 10
v -0.00064468380000000001 -9.9993549999999995 10
v 6.1098136351586732 -12.40278202557365 10
v 0.29917202720413311 -14.903170821598369 10
v -4.6674039715624076 -9.9998252805147274 10
v -4.9430111460160147 -14.570568969883549 10
v 0 -40 6.5565109999999999e-07
v 0 -31.757291398665451 4.14285149050967e-07
v 5.5589750000000002 -33.971209999999999 0
v 0 -35.743473640645817 5.6266637109442579
v 5.2797390000000002 -40 6.5565109999999999e-07
v 0 -40 5.0000003278255498
v 0 -40 10
v 5.0403209999999996 -40 10
v 2.8423644146766822 -36.292061971628222 10
v 0 -35.560735000000001 10
v 5.0535000611257104 -28.864686664082509 1.013904706512298e-07
v -0.00031235364677526699 -25.276712624288692 4.1893693206055707
v 0 -25.457409999999999 1.94646425422107e-07
v -4.471502798404414e-05 -30.868851528692758 4.9648870614981613
v 0 -25.560735000000001 10
v 0 -31.121469999999999 10
v 6.6684330107070409 -34.794017807874013 10
v 5 -30.038183470377081 10
v 0 -20 0
v 0 -20 5
v 5.2747765234288533 -22.961742521698621 2.9312976947514221e-08
v 4.5613492923912622 -18.221416382956981 0
v 5.7343013627785044 -22.053919313741851 10
v 0 -20 10
v 3.9317997328423751 -17.150419099992281 10
v 0 0 10
v 0 0 5.2094130782141903
v 5 0 10
v 0 0 6.5565109999999999e-07
v 5.122316706586572 0 6.5565109955145751e-07
v 4.5544080878230062 0 4.8977356286172347
v 10 -24.189308955075429 10
v 10 -16.567902681515779 10
v 10 -40 5.7510089999999998
v 9.9512281322097529 -40 10
v 6.1716047897929931 -40 4.0927653344754518
v 10 -39.972745102124442 6.5019671710864096e-07
v 10 0 6.5565109999999999e-07
v 10 0 5.0000003278255498
v 10 -35.45543450993209 0
v 10 -31.151099170755302 0
v 14.750979400137 10 14.5589420380758
v 12.921370697880381 10.00008453417653 20.522906975635099
v 9.9994592114381984 10.00053454612636 23.999814597556611
v 9.9994109613225763 14.51990290097466 39.999360000000003
v 9.999352 17.486135000000001 39.999360000000003
v 9.9995684667617439 16.346634119317699 38.24766298073154
v 11.4186566245798 15.527355094945349 39.999485629590048
v 9.9994615179504933 14.12766788759023 37.856058372948453
v 12.408586133467759 14.33557735320541 39.999398650455333
v 9.999352 20 39.999360000000003
v 12.45798988370068 20.00034609294385 39.999360000000003
v 9.9997488814532858 17.89757152743756 36.992380291720991
v 12.353517489412139 20.0002983066829 37.450906352918111
v 9.9995152422003493 20 35.267507273355278
v 10 -35.955054675632297 3.2103812526883209
v 10 -35.596711886669517 10
v 10 -32.212953152751069 5.6668156832215004
v 10 -30.2069084988733 10
v 10 -24.584423867571079 4.6862626731143084
v 10 -20.906740621229499 7.2583241606986793
v 10 -17.069367374999999 5.0000001280568487
v 10 -23.710377056358499 0
v 10 -16.66655077296592 2.7602556493562849e-08
v 10 -9.5279762492550617 3.4070741347192342e-07
v 10 -11.474519141035749 5.1627127483885404
v 10 -8.3303932500000002 10
v 10 -4.3694870624999993 5.5576674930412487e-07
v 10 -4.6961538054941014 4.7193059812110203
v 10 0 10
v 10 10 6.5565109999999999e-07
v 15.78626249990999 14.88743953109919 1.162093733370704e-07
v 18.80323783463318 10 3.5765492519333199e-07
v 10 15 6.5565109999999999e-07
v 14.90252962894224 10 4.6559782281286433
v 9.9999876196156752 16.339023901112299 33.508609368081387
v 9.9996784844006967 20 30.53565454671056
v 9.9999345414616574 15.357803160109111 30.959798126972501
v 9.9997920437615129 13.722800695897581 33.696917565276173
v 9.9997055330823468 15.09472180575411 36.067272127239981
v 10 20 6.5565109999999999e-07
v 17.40549 20 0
v 15.32827737227451 20 5.9603098165654478
v -24.382240866648921 -9.9998222921026887 5.2532116181241761
v 10 35 10
v 10 34.943434986584563 4.9850046371261287
v 10 30 10
v 15.097659323057471 30 5.071910089053441
v 10 40 6.5565109999999999e-07
v 14.894836624488789 34.762079409877359 2.1573832187728041e-07
v 10 40 5.0000003278255498
v 10 35 6.5565109999999999e-07
v 10 40 10
v 12.474807205514139 16.870522999747511 39.999848801366838
v 13.710405548537819 15.704612644020621 39.999361821619686
v 14.19355 16.24258 39.999360000000003
v 12.424164965971769 15.494513376285759 39.999423873306789
v 14.565456987190929 17.613933064031169 39.999971067450232
v 21.837004112364209 14.05745863103796 7.8268720290425351e-08
v 20.953134614482359 20 3.6927054321112029
v 23.702745 20 0
v 22.773523476991119 34.846456330981411 5.4492689482728438e-08
v 26.893270000000008 40 3.990761741801369e-07
v 33.264795574257533 40 1.5357389105770081e-07
v 29.37698789807785 35.059679368443767 1.297241728519314e-09
v 29.64657989627365 40 4.8183252614044303
v 26.410027500000002 10 1.0015941440293671e-07
v 24.63658110419977 10 4.3138820862517058
v 29.488254051621642 10 4.4228917045472951
v 27.991119878630268 14.62471208568703 3.8114029117715172e-08
v 33.205013749999999 10 3.779052572014683e-07
v 15.104529211821539 14.95237112950015 25
v 13.700950000000001 15.749980000000001 25
v 13.50001 15 25
v 13.75732373684836 15.80635589090196 26.026530556140219
v 13.70096 14.25001 25
v 13.504097095181979 15.01525552408679 26.48335447762366
v 13.496527387977009 15.043124533133019 39.999360000000003
v 13.522248095925169 15.083011842860079 39.069722113676747
v 13.64997471653427 14.34227155470372 39.999360000000003
v 13.707164062368911 15.776656131306581 39.047026232809827
v 13.71201575409297 14.23895384460924 38.996681353590617
v 13.50001 15 37.996474868988408
v 13.700950000000001 15.749980000000001 38.057475468181522
v 14.306271476451251 16.314118875490049 25.040407955852402
v 14.25 16.299040000000002 35.241604651817802
v 14.264403133413859 16.302899243190179 37.159445314409318
v 13.697372489895219 15.736628733496859 35.879544974079359
v 13.780115812044921 15.829148790442661 37.027751536032547
v 13.50255317518547 14.99050665844856 36.785606020528853
v 14.250019999999999 13.700950000000001 25
v 13.69939101838156 14.255865159815301 27.120981985270301
v 14.087158104739871 13.809276462227469 39.999372817403099
v 14.3178814338421 13.682767711707941 39.122557995102021
v 20.18472226299096 29.999852669343991 4.9329214825637733
v 25.41914763301742 29.99967596711884 6.0509319619874153
v 24.758064999999998 30 10
v 14.793455157407861 13.55534426836269 39.999360000000003
v 15.01645685447428 16.495600414847178 38.779279137070333
v 14.829055 16.4542 39.999360000000003
v 14.25 16.299040000000002 38.634143352272332
v 15 16.50001 25
v 15.08006045024262 16.478557581635499 26.522575066788729
v 14.25 16.299040000000002 26.757152814504671
v 15.01314603075291 13.50352208299128 25.04641427603131
v 15.00631553650075 13.5016920548552 26.503965489718599
v 14.250019999999999 13.700950000000001 26.883490506616251
v 15.367069827085309 20.000648045856661 39.987750163868071
v 16.182620927536359 17.717430908904909 39.999966670757637
v 20 20.00065 39.999360000000003
v 16.629565991365372 20.00025801588502 37.670528098176767
v 14.56822296546162 20.000042684080981 36.244535928820483
v 14.6875 10.000640000000001 39.999360000000003
v 17.017442777520131 10.027145245216939 39.99936717027164
v 15.6758137549963 11.235444934166241 39.999552493468457
v 15.75 13.70096 25
v 16.262716921498541 15.73979738062615 25
v 16.30462328112932 14.27085627185615 25
v 16.500019999999999 15 25
v 15.358361539336681 16.40397953869449 39.993438549582997
v 15 13.5 28.39266975276038
v 15.724825214097359 13.69421449399572 29.86811590623827
v 15.772346198223049 13.723307149327461 28.798862309545321
v 15.75 13.70096 27.78423551747585
v 14.18157378501413 13.76939395819484 28.190923954450319
v 14.23803760585178 13.71293199906779 29.50620287064913
v 15.74999 16.299040000000002 25
v 15.80605426352496 16.242978130235489 26.58216635113742
v 15.067245311308749 16.481991459124082 27.59575267405949
v 15.040723295914439 16.48909765855862 30.900656848448431
v 15.101235607516671 16.472883678526632 28.959691306889692
v 15.824894147589321 16.22413868475385 29.944660605867782
v 14.25 16.299040000000002 29.49633523857597
v 14.249642052268831 16.29868205226883 30.421154626531099
v 15.74999 16.299040000000002 31.083498492407831
v 15.779654534486101 16.269370210503361 38.850486543958503
v 15.74999 16.299040000000002 37.430192446538541
v 14.946097287129501 16.48556524529689 37.389248596307347
v 15.86618229796394 13.74832246280276 39.999373867103621
v 15.828322006942249 13.77928200694225 38.889038866821792
v 15.27792456818289 13.574469553582629 39.999360000000003
v 15.80644 16.24258 39.999360000000003
v 14.65841721159433 20 23.75920060155951
v 9.9998392422003484 20 25.87581639835528
v 13.88042022184 20 26.658690599552049
v 15.8142476081374 20 25.999740263083769
v 17.728799723198801 20 25.069630354801578
v 17.117164814501439 20 23.035789621450981
v 15.538757344586299 20 20.48639547644153
v 16.24490907032493 15.804106086832549 25.959318273618059
v 15.70219928444148 16.31184636045661 28.571332403263881
v 16.289716352893581 15.715348749071801 29.117393201687559
v 16.26814874222547 15.78086635702012 27.926111570167279
v 15.748459349791769 16.283079427557048 27.624205271078271
v 16.226415851850859 15.822599844269959 38.747559607195832
v 16.325196788090111 15.65234343494407 37.600700294231167
v 15.099921698736241 16.473235640818029 36.132310585932622
v 15.7544859461998 16.297835212208611 36.405204181367907
v 16.25940555055449 15.78960647090843 36.319532049491599
v 15.75 13.70096 26.36736595695913
v 16.27054437120298 14.22632701732136 28.790652252963721
v 16.286130997566129 14.295702634255351 29.750605040023981
v 16.118575599456278 14.069540161373039 39.988558821835838
v 16.318672670975989 14.32328190192797 39.11512505809165
v 16.316650250535321 14.31573497323126 38.138527097834618
v 16.353174725667589 15.672313701156121 39.999360000000003
v 17.20139132642937 16.556468762141691 39.999632181833832
v 16.475630192416709 15.091012843638531 39.14800427600607
v 16.456790000000002 15.12039105907799 39.999360000000003
v 17.294139094834041 15.59128491316239 39.999360000000003
v 16.370349999999998 14.51613 39.999360000000003
v 16.491372661142019 14.96773164787451 27.87875575948156
v 16.489926464416321 15.03766497020119 29.653867159332581
v 16.398976359404539 15.377050538767589 38.342937676793483
v 16.299040000000002 14.250019999999999 26.976561625903742
v 16.497494732841432 15.009423270120649 26.43286653039706
v 16.28384310035802 14.2348204087357 27.988719846842379
v 16.487825096208351 15.04550642181926 38.548421723437073
v 17.474302586980201 14.7099930250355 39.999471093077752
v 20.11283056286187 29.99998504570129 0.052414592578349982
v 24.84816 30 1.587905e-07
v 14.663946266953101 30 4.9303881173801753e-07
v 27.551391214253261 10.03980999811615 10
v 20 10 10
v 25.31158318818191 15.833262092051751 10.00018608056885
v 19.40161891731659 10 5.0000001788274622
v 20.01556231145436 15 9.9743334252496343
v 20.000215732113411 14.9933623571343 15.048823018494071
v 20 10.000075000000001 17.212070000000001
v 14.932347687995779 10 9.3122727832933343
v 20 13.590220839493149 21.250115755643009
v 20 10.00015 24.424140000000001
v 20 13.94754597465997 23.9690261263952
v 16.492389230883209 10 21.338881407950069
v 14.875976038686231 10.00018562006297 24.340080879297179
v 20 14.683935696171259 26.683993125073609
v 19.965024289787671 10.00006161336411 27.792149089865159
v 16.938727007358541 10.00019566934918 26.599790940747909
v 20 20 18.45084220154396
v 20 16.912316130963461 23.45194299345733
v 20 17.295828457796429 32.383298656552398
v 20 20 33.78454171542883
v 20.00015834942981 16.89653500690217 34.797441641068417
v 20 20.000162499999998 29.992123124999999
v 20.03112462290872 20 9.9486668504992686
v 25 20 10
v 25.661524617907808 20.00017182873562 5.5140658178945614
v 15.66465211950279 20 11.7850873883456
v 20 20 14.55193454622342
v 20 20 22.553609850771981
v 20 20 26.656377500000001
v 16.79740947079657 20 28.131528075104349
v 20 16.35142854900667 29.87713529179398
v 18.740365144286361 15.96500925181426 39.999512082516887
v 20.000621345615961 15.514350637009921 39.983116642080901
v 20.000317195117152 17.410387298734172 37.454239553906419
v 17.69636962972368 20 35.850818855335881
v 18.72137859476388 14.151994432350669 39.999608349974551
v 20.000554082329991 14.711302925948351 38.171166190404342
v 34.336076153929852 10 5.7073931788383678
v 33.837014030351298 10 10
v 30.664529993502089 14.563799327558179 10
v 29.677420000000001 30 10
v 29.13524942061148 29.999804446073099 9.2084434334508458
v 29.760668154232761 29.99983191594368 9.3196350458242971
v 28.43740423641151 30 10
v 29.757977958799462 29.35358699818083 9.5228605919990663
v 29.718197721547941 29.337575005408858 9.9831570956457121
v 29.999560847322829 31.213461328408879 10.025137037795419
v 29.99961846532182 29.963035483868811 10.0003856649139
v 29.99935 29.99935 6.9136222296722742
v 28.04685442333675 29.999495253685911 4.2736556332831537
v 28.435229190844499 29.999602990767698 8.3929994667264172
v 29.99935 29.99935 4.309439047077201
v 29.843916308465509 29.999663831887361 8.6392700916485943
v 29.999572476562161 28.045704585233661 6.1555487645524849
v 29.99949802937881 28.729791482332779 7.6833480874449869
v 29.945921172801359 33.240748124445517 10.00055135537222
v 29.999704148008409 36.491458096743209 10.000296300422489
v 27.934297677602281 34.037363061173032 10.0005184364309
v 29.999489611300579 34.38724963121706 11.80432285940824
v 28.040578999636519 31.851091578912978 10.00031493014801
v 29.99987888410211 31.984232228171159 12.32173695948957
v 35.477744998525147 22.48060299278718 7.7058391442142559e-08
v 34.621093899349987 16.36086680402104 1.6840013195275449e-07
v 30 20 0
v 30 20 5
v 30 25 0
v 29.99977089208291 22.869928660116361 4.1416866958981116
v 30 20 10
v 35.478010447714823 16.320362379295009 10
v 32.176561409722083 23.136099451166871 10.00000400334941
v 30 23.629471350112581 8.1744095221336934
v 30 22.959922382331669 10.000006605731031
v 30 24.335197197361339 10.000009674965399
v 30.864701744006862 25.233843713484099 10.00010846641365
v 29.994324870656019 25.344450475913028 9.4638104143309718
v 30 25.3022130639431 10.048015549619169
v 30 30 0
v 35.347380883661543 35.298912944573267 1.0916910810952249e-08
v 35.085474150535163 28.68971732177118 0
v 29.999736201401181 26.64783507530483 3.9270751834400568
v 30 30 10.32258
v 30.531667888662788 29.369920695978561 10.236617031738531
v 30.722400406624189 29.9566303393364 10.25327973043092
v 30.038641699162959 29.325735106950169 10.279600925833901
v 31.014034023294741 29.999887267391259 11.045678131150851
v 30 30 11.61978941837323
v 30 30 33.337825907968352
v 35.000918938692791 30 35.741210002391327
v 30 30 39.174844744739318
v 34.19650357688937 30 28.647165271375311
v 30 36.136168392763601 34.975849880227479
v 30 33.507567998886223 29.379702267862839
v 30 30 25.727183008731291
v 30 30 50
v 30 35.153674588994747 46.221650287069963
v 30 30 44.432875638108911
v 30 35 50
v 35.309514950025012 30 44.608223784950518
v 35 30 50
v 34.967983620134959 33.406962795829457 50
v 30 39.961201368980888 29.161163531642341
v 30 40 50
v 30 40 45.817755035332269
v 30 34.725579393001063 39.49971219807319
v 30 37.41260154199864 42.743543433090032
v 30 40 10
v 34.586707757653578 40 5.0400483358923029
v 34.683729634748303 40 9.8522838413623255
v 35.086652464033207 40 15.11120460711353
v 27.22956786705808 36.848719145318903 10.000278942829199
v 35.52350711202741 40 28.862448844381149
v 34.565900287646507 40 22.938068408477001
v 35.422169715436127 40 33.134536256896851
v 30 40 34.701898158961491
v 34.092739999999999 40 50
v 34.356031951835533 29.999350482187609 10.004994295199969
v 34.61774543749452 29.999531239859071 12.54786141356607
v 32.892041769419222 29.999618349158329 11.520899094180059
v 36.334862122194181 29.99935 10.00065
v 32.773529831775612 29.98603592726511 10.08811850337805
v 32.345753568281118 28.313696028929659 10.007224495395389
v 34.426956589731617 28.271379708460579 10.000446851231811
v 40 40 25.615052518580072
v 40 40 30.332411259290041
v 40 34.993699999999997 50
v 40 40 50
v 36.110860313801837 40 45.345828640133853
v 40 30 31.8422375
v 40 30 39.836607416553761
v 35.632417141134582 30 40.297900071317521
v 40 21.803170000000001 10
v 35.679430672430513 23.31214552929173 10
v 36.960111260100057 26.570461801388369 10.00013401256246
v 34.0009233905595 25.95023999007698 10.000268310069201
v 40 18.124905056790471 3.9633011393363909e-07
v 40 15.38773439164356 5.4409093671939761
v 40 10 6.5565109999999999e-07
v 40 10 5.0000003278255498
v 40 10 10
v 40 16.319032935931968 10
v 40.0145284398439 33.559867672461777 9.5846285514410175e-08
v 40 25.514110000000009 2.1513552204963871e-07
v 40 27.686764161231999 4.4120118927773779
v 40 22.879013900308159 4.8484401056891926
v 40 25.955191141128719 10
v 40 30 10
v 40 34.870414173915563 14.512086278643251
v 40 30 17.07673016347864
v 40 34.487228515407907 8.8224514492802797
v 37.623914114587343 29.999717520097551 13.311842108381351
v 40 32.547145781172588 5.2522294062394419
v 40 29.999856004418369 27.003634275526071
v 40 35.819237721661089 30.25926492649619
v 40 35.070550796177223 38.598798830491013
v 40 30 50
v 40 30 44.918303708276881
v 40 36.054539849292013 44.858210065001543
v 40 40 0
v 40 40 4.9325867499999996
v 40 36.592639226648913 5.2233954996980847
v 40 40 9.8651734999999992
v 40 40 17.494545223900651
v 40 40 35.049770000000002
v 40 40 42.524884999999998
v 34.812368028740451 40 38.117601072274191
v -33.620809501358004 -9.9996200247334954 13.51043409084998
v -31.738495214798 -9.9996405696303636 13.92872324722064
v -29.999604394519181 -14.11354494831412 12.767463263608819
v -29.999552312254231 -12.209739907861699 12.55711020573831
v -29.999623333609041 -16.015894849813851 12.98187447549741
v -29.999871117510502 -17.01497869572778 16.532325861655359
v -21.710809644590679 -20.00000055493954 4.875297293283035
v -34.220183982162673 -6.8458589311661617 10.00009978038112
v -32.061498811549967 -5.1838814667417488 10.000004463037531
v 40 34.132269096171129 24.59786806770509
v 40 35.907815957005887 20.607921263636179
v 40 29.999712008836731 22.165031051052139
v -26.500757312499999 -10 10
v -22.72244341254186 -14.92462512459608 10
v -19.042069160498851 -20.00000575602213 10
v -32.718398139066068 -23.251644228488122 10
v 14.7687215940598 20 16.204287155955019
v 32.797772906202709 40 42.127887755809162
v -8.4380581731298125 -10 6.516756066645871
v 30 40 39.174844744739318
v -40.006021832329232 -5.7093668215638074 4.1735477806759369e-07
v -40 -0.85778722136290386 4.9094867828152242e-07
v 9.999352 10.000640000000001 30.463144080003701
v 9.9999677878297266 10.00057282237718 35.233488217822163
v 9.9998607451267389 16.34860993118664 28.483570357848521
v 9.9998236704205183 16.384363799444259 25.501028423134191
v 13.445196503884571 20 29.05346951500772
v -29.999745345484001 -5.1095140043732723 7.2717221201566069
v -29.999534874170141 -7.4846777128236557 6.2069487758966666
v 27.2177425 30 10
v -29.999995934726009 -19.986745364720811 19.119709426468731
v -34.417702581435528 -20 16.449011644479508
v -30 -20 14.58558961884491
v -30 -20 12.16878240195941
v -29.999575159244269 -18.61482663034931 11.86081636877042
v -34.21225869857205 -0.45491254557354038 2.1135354129570259e-07
v -21.740892795011931 -20.000005147075921 7.5488284318476229
v 16.449515273016701 20 33.300163407617113
v 9.9996158111553708 13.25627904435218 27.209723387747761
v 9.9998148051408471 14.593461419800979 23.13840858461257
v 14.30973424374203 10.00032134150379 27.05703184410601
v 9.9996815159157784 10.000535712784339 27.49380773933774
v -29.999642871536761 -8.6244270561479563 10.00036712846323
v -30 -8.5843901164745713 10.251607856614269
v -29.74624989294648 -8.6271619883753488 10.00000213373095
v -8.3474592354374479 -10 10
v 9.999769932862641 13.243317400925671 30.143187612071412
v 14.128364887066351 20 31.703164340536031
v 15.430603529962671 20 29.88330964995944
v 12.953093147560921 20 34.802367385111012
v 17.087853106741239 20.000081250000001 30.80762595336406
v -26.988669568691041 -13.46229416230946 10.000229759724119
v 29.999709291217041 28.65797636051731 10.000296236340141
v 29.798842721547931 27.957785005408859 9.9831595956457129
v 29.919209645608522 27.949198180258659 10.000150618170069
v 29.764763937784672 28.665369712143299 9.9236731504491154
v 30.060941786055182 28.030812701482319 10.20185754079986
v 30.077283398325921 28.651470213900339 10.23662185166779
v 30 30 13.07623566591289
v 32.067532171439737 29.999886698316661 13.041148188360131
v 35.144996653338289 29.999733320367302 16.377127916904939
v 35.206937940131041 30 23.175969852564521
v -28.64058271758033 -20.00026945242627 10.000267689011229
v -27.797714470696391 -20.000222939533732 10.000219699518929
v -27.60882201633892 -20.000003945187238 10.19531615014529
v -28.078659521491591 -20.218929314794799 9.9860344992245622
v -29.29731708085065 -20.00030569369526 10.0003050807967
v -28.69894115605975 -20.244586358896729 9.9124483989345933
v -28.61975732110545 -19.958104572036628 10.24265718910333
v -32.971986831428033 -9.9996495994447034 24.907545876733451
v -25.814615917607458 -20.000204058246059 7.4798386802920342
v 14.978604274299251 16.480425035151921 34.806531942824257
v 13.50320427267855 14.988076626188651 28.1494654498062
v 13.672690642352769 15.644511810727231 29.394262974211031
v 13.519808672243229 14.9260968007804 29.526775861100521
v 13.687018695471849 15.697986268184369 28.249140658978941
v 13.678347305090229 14.334396547933579 28.307107416736429
v 13.677360561641921 14.33807889864989 29.43430279119266
v 13.70958913998035 15.7586194700839 27.177926037905259
v 29.999847682729559 25.653536739863011 6.7000876236022746
v 14.25 16.299040000000002 28.35183295691893
v 13.700950000000001 15.749980000000001 30.94711183438271
v -34.610886362004827 -9.9997260324809005 23.42393344022296
v 15.74999 16.299040000000002 35.250062828719329
v 16.500019999999999 15 37.88404769857857
v 16.21969108632344 15.829321803772491 34.676077009494591
v 16.47651110047849 15.087725652978561 36.401680024626273
v -35.583462859650787 -20.000323960099319 13.38906215442311
v 16.299029999999998 15.749980000000001 27.002593251363649
v 32.665944577239593 26.959035468516049 10.00032891718052
v 32.022525317587373 25.359341884314301 10.000153867701609
v 31.389308039629451 26.682166010742751 10.000265295115319
v 31.87964355981017 27.54909337549358 10.005615622029801
v -29.999714748405591 -5.9546316357323983 8.2253206033349304
v -29.999610872983581 -7.0514913617828636 7.6854247341996693
v -29.999684273901568 -6.6207978736264366 8.8340605397910004
v -29.960206023754569 -8.2225462873043682 8.8598133265325867
v -29.984880343102589 -7.3949415230794919 8.9588342629307505
v -29.999822335785051 -5.1954010358043128 9.1698766350614278
v -29.99975111707376 -5.9569917529126553 9.047744953357487
v 29.999831561840072 25.89826945879712 9.0372834477038673
v 29.999683968148471 27.146152545219241 8.324270410316629
v 29.9997528843063 26.562481712740389 8.6350421928352752
v -27.63702781449437 -20.000394144601561 7.5693770180142748
v -32.651597363904372 -6.788196420385761 10.00004459369644
v -28.174307174558191 -16.644718506285031 10.00033391375084
v 20.000012615716351 12.366502339122681 29.014368246089209
v -29.84888880470886 -8.3156362984965746 9.4876915764643535
v -30.83401933643319 -8.1841872222677949 10.1084375262236
v -29.99972469160797 -20 24.358862943720538
v -29.99983875168726 -18.961551654309041 24.912014392229871
v -29.9998589637854 -20 22.282144409427051
v -29.88508540543496 -5.8580356575266581 10.00000643764044
v -29.942382651898718 -6.2883090637738279 9.462809854646995
v -29.86221388755007 -6.5881158729305396 9.9191583995368546
v -29.999783235483271 -6.6362969849327786 10.00022676451673
v -30 -5.3674006164745709 10.09032285661427
v -30 -6.2680904247118567 10.1354792849214
v -31.60343118577007 -7.4454304656558099 10.000068797153521
v -31.257923527607971 -6.5891058486316183 10.000001527239959
v -29.982552314971411 -14.84272333627867 10.00062670808866
v -29.999482430948589 -13.391474995909929 11.386702246836251
v -29.990997432452701 -13.15226358560035 10.00059707907733
v -27.2093484014487 -18.500091278422069 10.00032326094161
v -27.73719333014089 -20.069640760372849 8.674184158832702
v -26.4890419571922 -20.036439423083021 9.0066204695254921
v -30 -10 12.65323603845925
v -30.468236369234859 -7.5406364091085489 10.129372197639251
v 31.040287263555729 28.7668135924872 10.15436065084099
v 30.553967975555 28.074998290510699 10.1588736467045
v 30.671829773085101 27.170761829098009 10.095132111985579
v -29.99525929998628 -11.74814650651297 10.000437008547079
v 30.65109339187093 26.383142022106249 10.05101578054939
v 30.022300086892219 25.945497594532149 10.083551614965961
v -27.946773030715349 -18.880124801122719 10.040548505375829
v -26.818896019953169 -19.625026917016971 10.109841516651279
v -26.918764423675729 -20.00000508370826 10.158589738952211
v -26.228706831012541 -20.000006222229281 10.121863327759121
v 29.86613033389574 27.903043046056681 9.4593229944336183
v 29.919109942873689 27.926663270790449 8.6849957971573808
v 29.934914834818429 27.227166865194182 9.2199872069025606
v 29.85911482349508 28.719468671800058 9.1266327008290666
v 29.838709999999999 27.24042 10.000005
v -30.973150277257261 -5.145234466751103 10.00000534572728
v 29.93176057653335 26.625779940171959 9.5330711664393029
v 31.490634718766589 29.999722304869849 10.19012787883567
v 30.044600173784431 27.410155189064291 10.167093229931931
v 29.914118475710399 26.00873071648077 9.9720567595357661
v 29.871292296291809 26.6829554752251 10.000006010053211
v -30.08424961691351 -7.8814229046213136 10.203786042553929
v 30.03345013033832 26.67782639179822 10.125322422448949
v -27.09525663475122 -20.00018417505785 10.00017970442476
v -27.44825851013097 -20.180813594977309 9.9403562389453182
v -28.70246775584236 -20.173048082857949 9.1948085000000006
v -28.002304656937039 -20.160687326136131 9.4439638914763453
v -30.48725879917405 -6.8745928229198263 10.09313984024784
v -30.593724510149361 -6.3182435643549297 10.04935195907427
v -29.999695428799161 -7.8800003252813333 10.000314571200841
v -26.126923578685449 -20.092247332493621 10.024205252686469
v 29.999964547934059 27.24038454793406 10.0001992851943
v -30 -7.1687802329491426 10.180635713228529
v -29.815079785892959 -7.2543239767506984 10.0000042674619
v -29.780664839419721 -7.9407429825630231 10.000003200596421
v -29.885966051788781 -7.7180231727113204 9.4458059377799248
v -29.917095410783091 -6.9867201644473012 9.4783986751959439
v -29.999739139755849 -7.2608736221259562 10.00027086024415
v -35 39.65463343108302 -12.878012430643988
v -35.724796842581028 35.642480325530748 -14.888914734494108
v -40 39.65463343108302 -12.878012430643988
v -40 35.184650113080231 -15.118380511289836
v -40 32.258072643026182 -11.769402890857439
v -40 36.21062763623685 -6.0065306491193446
v -34.851402452272417 37.68114553335208 -8.9405086059602397
v -40 30.714666795077445 -17.358748591935687
v -35.52096763203361 30.714666795077445 -17.358748591935687
v -36.675687744151311 28.588286425900336 -13.116193602842003
v -39.959638498590557 28.501001784009404 -12.942043249361774
v -40 26.250867816475427 -8.4525750298142164
v -40 30.925001906109337 -5.7257052900904135
v -40 24.071599422131797 -4.1044978311074125
v -35.400244033663412 26.828669125157433 -9.605404439071016
v -34.953266220099351 24.328192893698137 -4.6164532313465152
v -39.992275076801398 33.032983809079091 0.33350562467680334
v -40 27.498218786729353 0.59249075781141514
v -40 21.753194472494044 0.52118468007546426
v -40 23.764841529676524 6.8790865053057342
v -40 18.498135890788827 4.3504710287348285
v -35.810418956931002 21.753096180592149 0.52089273322200569
v -40 17.255382368305092 -1.7331312656649835
v -40 12.300093729365489 -4.1922860743319568
v -40 13.879199229137946 1.9854333007783929
v -40 7.8644780152443508 -6.439878665875824
v -40 8.5029621201872487 -3.0665995046728121
v -37.088312060262332 10.288727775217602 -5.2248379385685624
v -37.05359626221388 13.828032002318775 -3.4509288087163128
v -40 3.8732612004828861 -8.4402876425079398
v -40 1.8354301288351871 -4.3418561069644035
v -40 5.4771643459454475 -4.6920244775973465
v -37.332446794403303 2.8507364740128085 -6.4001458867617238
v -37.33805840629865 7.0474519831967033 -6.8493743872321495
v -35.141129999999997 3.8732612004828861 -8.4402876425079398
v -36.345499110243743 1.985307754585514 -4.6734421490235327
v -36.909500599886186 0.74276477529711782 -2.1937115329525483
v -40 3.3077174359842969 -2.3507562155930088
v -40 6.0457751969974698 -0.90700008771723262
v -40 17.271588205888595 9.4614366960785805
v -40 15.119592876215428 13.756545152207414
v -40 21.282412738404773 12.444036720607834
v -36.359447402192671 16.168151445036337 11.663868864135825
v -36.390020131513417 14.582397896783462 8.1133523354090915
v -36.427853592538533 17.26542859527083 9.4735863798259317
v -40 12.443384008509803 7.0408058344219686
v -35.67110104744296 12.791429917880823 18.400250359069858
v -40 12.791429917880823 18.400250359069858
v -40 18.555310546532887 17.317068319571494
v -35.180408533781879 14.703683344316513 14.586058545789182
v -40 11.240732466009078 22.836965033566674
v -40 16.865018232107424 22.489725212568555
v -40 6.5659499650435738 22.145836235524012
v -40 9.5664499656316728 27.9703266278045
v -40 14.180788510612324 26.370480083268703
v -40 17.250952038474619 31.821820455603941
v -35.220385686464347 13.754162202950397 30.069219657143773
v -35.443383256210943 19.215363140238889 27.902427466375439
v -40 19.68349610381491 26.968407717511742
v -35 17.250952038474619 31.821820455603941
v -35.460292036396631 4.1604039196186813 25.260801302461516
v -34.546950830830262 9.4205878074037379 27.897220108110822
v -40 4.7500019453746463 25.556309474045847
v -40 -0.62898064738664239 22.860348426800496
v -34.677419999999998 -0.62898064738664239 22.860348426800496
v -31.3770279607939 28.210602433370067 9.9551229333167992
v -30 30.693161108499623 5.0019208413671645
v -34.965366315962292 29.132589165975745 8.1155746243714209
v -35.002356291427873 31.944097906434468 2.5060512264811035
v -34.947517628222137 26.556840768733707 13.254708853906827
v -40 26.610189882818378 13.148266133988628
v -40.011827765102247 29.880384517578964 6.6235727822920332
v -30 12.791429917880823 18.400250359069858
v -32.611336654985926 10.443306571306906 17.223725233985771
v -31.89384293479462 14.272746776126297 15.445917653979041
v -30 30.714666795077445 -17.358748591935687
v -33.002794806501832 28.349270190229422 -12.639308310906934
v -31.9766018275443 19.710133168254448 -0.50284350734366257
v -33.643106554880653 21.753048932829973 0.52075218775755872
v -31.475794152830289 21.753001685067805 0.52061164229311174
v -31.57628047011071 22.478186315554737 -0.92531934404684435
v -30.757171637637459 22.206187755483516 -0.38262770487270004
v -30.71492279847563 21.753021600125965 0.52066859036152024
v -30.98830091377215 20.587471098502107 -0.063099207179579508
v -34.564463918154338 7.2959215605278489 -6.7248407434884889
v -32.570245 3.873547279415237 -8.4401442589507809
v -34.523126296445199 2.6532600194365967 -6.0061407831898457
v -35 6.774986862033578 -3.0709312392601369
v -35 7.3554439665728406 -2.5552273976127289
v -35 7.6002690758203713 -1.8183681912632821
v -34.008362755435847 7.3438988459040324 -2.5654846576108774
v -35 5.2776031640196699 -2.9824948111199951
v -35 6.0144444904358441 -3.2273288818398491
v -34.014962441981403 6.745135972045599 -3.0770702736920938
v -35 5.864917390667868 -1.6523801608315338
v -33.885051348633048 5.3335455573645199 -3.0010836434704089
v -33.527794739630068 6.0144444904358441 -3.2273288818398491
v -34.895753426250437 7.4438714332406608 -1.0578258196655455
v -35 6.9281586516266156 -0.47737319586244453
v -33.597803197113123 7.4667062711023036 -1.168875610101864
v -33.151823439797262 7.5733476427135411 -1.8993921604554664
v -34.985545087631067 4.7902773405574273 -2.4340064546629634
v -33.824170703854499 6.9022783903442253 -0.46877408957515243
v -35 4.6228778970345239 -1.7260471120394563
v -33.943194833254218 4.6073758340029869 -1.6506576576343974
v -33.897901588091869 4.7742439878737644 -2.4159608014395992
v 9.9999578131703135 4.8271429801247479 29.831475041542401
v 10 2.6872632952666926 35.708183192863004
v 10 9.5916417055408765 33.876942664343773
v 10 -1.622979712134593 28.060672359261424
v 9.9999576253669034 8.8450106368911534 27.608786627295181
v 9.9998465530585428 1.7877975164766662 24.072002301876235
v -35 6.191312865979965 -0.23255254584539031
v -35 4.836016962669814 -0.94768120734941519
v -33.715195265667752 5.4206292544654309 -0.39795098315693167
v -35 5.5967724866323039 -0.35480452077887747
v -33.618119552534758 6.1091780472946775 -0.2494416339332588
v -35 5.1674283841826165 -0.62291356875177328
v -33.450129360912477 4.822883029273517 -0.98720969049706397
v -33.938932511240459 10.032413286994213 -5.3533034734867861
v -31.94408646713876 8.2972673787024647 -6.2229634322932945
v -32.062620215541287 10.280081191839493 -5.2291716302243998
v -35.098776172032821 12.140419036519393 -4.2967651244434002
v -32.499078031685613 12.315171812567126 -4.2091785466848677
v 19.861783900256931 -0.32879677104432758 56.567973636060358
v 20 -5.1312224952561687 54.160984496108938
v 25.25833975006358 -1.8221738858656966 55.81948886947567
v 15.622187327954839 -5.1312224952561687 54.160984496108938
v 22.248752261280881 3.8087438551558939 58.641720514260371
v 17.57828126389084 3.8087439275026069 58.641720550520745
v 13.80211726128088 1.5737522280034097 57.521536489900207
v -30 -0.62898064738664239 22.860348426800496
v -30 6.8927143686147998 26.630242904557047
v -30 12.07183320354471 29.226031680080496
v -32.301218951272617 4.8861811138971287 -0.87279582102973308
v -32.554447415160141 6.2149278212400274 -0.24039849251186496
v -32.498887873641117 5.4755106263280311 -0.3797380816679059
v -33.11774149495001 1.9844082857983838 -4.6713441294768181
v -31.642129186944011 1.52196951015685 -3.7480914722861272
v -32.702544131268183 0.73205781061471553 -2.1718246031173152
v -30.048986257829039 2.501396969867911 -5.7017340700119128
v -34.811045451798464 1.3956013798884848 -3.4964691846234288
v -32.393804801931978 4.6054927398259142 -1.6414998157191576
v -31.662772994949201 7.5952733471753211 -1.8513215009120643
v -32.216846000667793 7.4592601485643284 -1.1326625259820169
v -32.417390069515001 7.3275078690533322 -2.5800472175012814
v -32.807333766857667 6.9804696775769361 -0.53625178370751314
v -31.323725236281749 6.9500694530121727 -0.50203519864628987
v -31.128612041081951 7.4473448968777305 -1.0747175856538718
v -34.315768067697839 17.271588205888595 9.4614366960785805
v -34.566575342439933 16.031895382804532 8.8552192726480214
v -32.855707185077051 17.259268984653062 9.4857360635732881
v -31.657089346659959 15.533285877533199 8.5898893878730807
v -34.044628579630533 16.658773149624022 10.68460021651854
v -32.248042027340553 16.437235996216909 11.127044117926186
v -31.58416180148593 16.686152475615085 10.4814208379319
v -31.427853592538529 17.121670926055568 9.4011738962816906
v -31.250800522002951 4.824827841967597 -2.4728932913366322
v -32.847980965565348 4.7708927538685177 -2.4121889635762237
v -31.255979156521668 4.6234970151452197 -1.7290617119109761
v -31.17989809102879 4.8503089306124929 -0.90466745077530675
v -32.26557968832374 5.2719400818507696 -2.9761209783505898
v -32.265211465184542 6.0227726603107019 -3.2256164163187862
v -32.879209193880598 6.7733033851017934 -3.0712774575086996
v -31.34121546554876 5.5113090730283796 -0.37237709560615073
v -31.350484999999999 6.191312865979965 -0.23255254584539031
v -31.186355552436321 5.3687438218105195 -3.012779509570592
v -31.15333730544668 5.9512390146858838 -3.2063279113325649
v -31.22890350342448 6.7641675962345147 -3.0731560458163258
v -31.07436723743745 7.3189817482931616 -2.5876222476738988
v -29.999359999999999 4.7618814424389875 -2.4020466680530568
v -29.999359999999999 5.2776031640196699 -2.9824948111199951
v -29.999359999999999 4.6054927398259142 -1.6414998157191576
v -29.999409301702659 6.8140260285848608 -3.0362473852459217
v -30.049065829722789 7.272071380836107 -2.6292997536453839
v -29.999359999999999 6.0144444904358441 -3.2273288818398491
v -29.999359999999999 6.191312865979965 -0.23255254584539031
v -29.999359999999999 5.4307749536127039 -0.38893676772230279
v -29.999359999999999 4.8503089306124929 -0.90466745077530675
v 19.838709999999999 -2.8908544146103186 49.691001178106148
v 25 -5.1312224952561687 54.160984496108938
v 20.654229679184319 -0.64802202306985635 45.222252217934482
v 24.57781590724726 -2.4835263527286848 48.877609719163587
v 14.919354999999998 -0.65048633396446753 45.221017860103359
v 14.919354999999998 -2.8908544146103186 49.691001178106148
v -30 36.120511161841002 -5.8267307905400543
v -30 39.65463343108302 -12.878012430643988
v -30 32.417939854346884 -11.752199696052894
v -30 35.184650113080231 -15.118380511289836
v -30 28.753780151756004 -13.446386752887108
v -30 31.147776945418528 -6.289938241453374
v -30 26.792893508434563 -9.5340249138385396
v -30 24.345313784009775 -4.6506128387536698
v -30 33.041086882950339 0.31733802539571343
v -35.1307508635633 35.053708986300805 -3.6982461359038581
v -29.99968218774687 27.183460163394791 -2.1067993506384965
v -30 22.822588477461938 -1.6124706794495047
v -29.999827020308889 23.077619418959195 -0.17852261371699996
v -30 21.897734059584991 0.23279923633119637
v -29.999846691968671 22.552910600729973 0.64743842652358552
v -29.334816657651992 22.325501770793522 0.54520011650907563
v -29.321047119557441 21.908202262900424 0.28197436065762105
v -29.865708028374058 21.753043827486003 0.52073215056857691
v -25.009892652137971 28.094457501164328 10.186855349929589
v -21.100995999999999 30.693160815424676 5.0019206944771852
v -25.832346408281161 27.191803278189621 3.2468018986132972
v -29.999359999999999 27.14447594810574 3.2225940752973194
v -29.999536471143792 28.485038797856372 1.086342106110969
v -30 20.639559634908256 -0.036972200191637938
v -30 21.464809028749777 0.37664509298451421
v -29.99969463370752 21.156013860176913 1.3355631177013443
v -29.398597980886091 21.493424485419411 0.39098612961285539
v -29.278218361961031 21.336372414222652 0.89931809121069506
v -29.999951776550741 4.8955398160163286 -4.6492174981105094
v -29.999359999999999 3.873833358347591 -8.4400008753936184
v -29.999589791716112 7.0511600687125489 -6.8475158844505941
v -29.999992392217219 6.6621872547743566 -4.3155267134379045
v -29.999751558442849 3.4106853408544193 -4.0155973663383371
v -29.999359999999999 7.4438714332406608 -1.0578258196655455
v -29.999578530326751 7.5973320588131639 -1.9185780444470595
v -29.999909823682241 9.2724465667804168 -0.42122798153736341
v -30 9.9463264346658118 -2.5635400840937415
v -29.99953385127586 7.8490212499370404 -0.23273195110072109
v -30 11.730005204877244 -1.3337092135096178
v -29.9998740904879 11.989589461936738 0.84880213721532627
v -29.999793285881939 9.9300978416465568 2.1268959253622342
v -29.99956889367304 7.5671886627443552 1.1666664657160695
v -29.999870238910979 4.1613744013308001 0.48426019548188393
v -29.999682470147651 3.8051247662771064 -0.67330751538605682
v -29.99964031373781 5.843169390003867 0.81127498230708284
v -29.999668072885619 4.1712185119218574 2.8947734629508233
v -29.99953751074478 2.0225713409382715 1.775049244784821
v -29.999910359424501 5.6881482942415378 1.9697167491353049
v -29.999726645481971 2.1910262654484152 -0.55002407146844234
v -30 26.212424947207918 13.941887477372743
v -36.090908605941053 24.437452196235377 17.483313556820647
v -30 23.701608524300685 18.951468707703246
v -29.999753309115849 20.032748870071231 17.171189608632346
v -29.999680000000001 22.58943093095688 12.126393531859389
v -25.588292948342922 26.212424947207918 13.941887477372743
v -27.19319954750987 24.035838365902393 12.851075807601365
v -30 16.984072867458071 9.3166117289900932
v -29.999591985501539 16.978678093202912 10.046368813353341
v -30.093301422078419 16.711438277179884 9.9707639166960487
v -29.999540761278059 17.303730060646789 9.3977106729211108
v -30.713926796269259 16.767447606684819 10.007568441517391
v -30.71983090871796 17.056110162169428 9.3528977890405454
v -30.713926796269259 16.579651609912151 9.1217134877173933
v -30 16.037632293768727 8.8422530791530853
v -29.99976947485731 16.302638685451665 7.9150123800650043
v -29.999490823511032 17.620618601356565 8.7653430759565651
v -29.999966227052141 15.860107192441383 16.637331931391529
v -30.04323788902294 14.286701379302656 15.418220534936076
v -29.942542702717478 14.90305037488486 14.188576664744394
v -30 21.190792101393448 23.961049938033749
v -30 17.250952038474619 31.821820455603941
v -30 14.353133655409387 26.000535047798735
v -30 15.987733295651175 20.689703329644829
v -34.21225869857205 21.935522906284518 22.475163720703595
v -30 10.829382269964304 21.775709712366979
v -30 5.8337746399826997 20.444654037182918
v 10 -5.8103389079770187 31.449161316539932
v 14.7687215940598 -1.7163621901163459 33.501073842625246
v 15.664652119502788 2.234387657910835 35.481200662895191
v 15.328277372274508 7.4417193732976497 38.091129812630811
v 10 8.2622809507376864 38.502397559178561
v -29.999359999999999 24.818070410877489 2.0565931447675183
v -28.209489668349931 25.57816160926026 2.4377622520496089
v -29.999480068351069 26.247998863866371 0.86265647704496828
v -28.73576930409558 23.997422236459819 1.6408203975646565
v -29.999654040617781 24.257504778333391 -0.58984446376518562
v -29.999693383937331 23.208087141874962 1.0620776167159676
v -29.999361654724211 20.740080004488281 2.499291924885279
v -29.086834414641199 20.494781423591498 3.0099687239204052
v -29.999359999999999 20.153343642352898 3.7117570613616646
v -28.57181106509724 20.920519567810022 2.1814720922986783
v -29.999468780891149 19.198079356858972 2.8692267958469682
v -29.999425407086829 20.002206597563863 1.8916253925622541
v -29.999871895102871 8.4624945238331719 -3.7285991312359812
v -29.999359999999999 6.9281586516266156 -0.47737319586244453
v -29.99936604687484 3.2207338500427269 -2.2928319506234729
v -29.999359999999999 -0.60690280294411192 0.49996576061196052
v -29.999359999999999 0.93810263607651567 -2.5826297281859709
v -28.062496879490901 20.279914785648192 10.969038116706962
v -29.99952 20.777933922831355 11.218646559102712
v -29.98230939727247 18.868384684715455 10.274813672736283
v -29.999463544625559 18.704627967526097 11.759476517686899
v -29.950605856015951 17.95704421174171 10.98771559247988
v -29.820497730350962 17.495483150385216 10.405664966146858
v -29.826544885183768 18.057121182393317 9.854760725406928
v -28.470829779836979 18.371065030076338 10.012243966917323
v -29.677420000000001 17.272458311202339 9.4611513160810414
v -29.711834946473239 16.964891111314049 10.074807139075002
v -28.502338159719571 17.272458311202339 9.4611513160810414
v -28.458915375819359 17.880430275822821 8.2473769165123922
v -5.4332282468364923 30.693160522349729 5.0019205475872059
v -11.192414281001209 26.335946653124171 2.8180728285487486
v -12.201992000000001 30.693160522349729 5.0019205475872059
v -16.651494 30.693160668887199 5.0019206210321947
v -18.06498855585539 28.45670848708928 9.4640920334892815
v -11.75089841175636 27.931111662245154 10.512762896370505
v -5.7602544026600437 28.364735140693742 9.6475972712414215
v -24.602368792770189 21.721635040336349 0.50535704337542953
v -21.945330403092509 21.731558251061173 0.51033257288251832
v -23.696855935977741 20.760854774165725 2.5011012552307275
v -23.749498770166301 22.894963299687291 1.0934337202987479
v -25.74685142819234 20.403261575277959 3.2145309595308724
v -25.448646653772009 22.510702237761699 0.90066298289555391
v -26.028970023567432 21.395377702028156 1.1807194198633013
v -25.539080210903322 21.738962058721818 0.46245403548961406
v -6.878783302070504 21.753195400112713 0.52118282929031423
v -12.753248952624229 21.75319460949181 0.52118440673745781
v -17.706091785405849 25.749498670426345 2.5241429178890957
v -17.133230674622951 17.272458311202339 9.4611513160810414
v -19.3214805687191 20.995293705400915 11.327046777719517
v -23.324094625000001 17.272458311202339 9.4611513160810414
v -14.71351128700393 21.689278907679348 11.674874092726107
v -17.297655082316101 19.59548334530497 4.8262508104694088
v -10.899538245996171 18.838045013809275 6.3374920816919431
v -11.60583007696663 17.272366944308857 9.4613336113445801
v -20.88482587807373 26.212424926401575 13.941887466944545
v -14.682457749999999 26.212424804741858 13.941887405968355
v -11.08905165661238 23.676950956119473 12.671100855851229
v -7.2701774247347544 26.194995240789723 13.933151660002444
v 30 -11.175976509047825 45.727968364287079
v 30 -15.840161929374279 43.577467706180812
v 30 -16.527038318500196 48.449369886611436
v 30.003168610630571 -10.865545082383299 40.101201983004046
v 30 -11.32320988116664 51.057543183635808
v 29.999693937997101 -7.0797411374875674 48.503794756545958
v 30.000308054683291 -6.4572159738370329 42.311013383731819
v -0.00064468380000004544 26.212135353575622 13.942463811440806
v 0.59895107085171495 28.407350498751942 9.5625710732796598
v -4.1244763858739866 21.901298229450077 11.781439778263303
v 5.6683951894679936 24.434898295879719 17.488409051361934
v 5.3389120137172092 27.614895593399957 11.143677465980428
v 0 24.081909242475486 18.145568137151283
v -0.00064468380000004544 21.74215232864778 11.702095877684936
v 5.7789824633980382 15.547210785354853 12.903365890813198
v 0 14.815280401846451 14.363713693696896
v -0.00064468380000004544 17.272169303719938 9.4617279439290645
v 6.1098136351586732 18.349081542171298 7.313072201858807
v 0.29917202720413316 19.469439791734956 5.0777329605084933
v -4.6674039715624076 17.272380024010765 9.4613075147179408
v -4.9430111460160147 19.32040967730584 5.3750779062489098
v 0 39.654632844933126 -12.878012724423947
v 0 35.961292811014495 -5.5090586276495301
v 5.5589750000000002 36.95329169489964 -7.4882942850955807
v 0 32.717177688311565 -11.59385162255909
v 5.2797390000000002 39.654632844933126 -12.878012724423947
v 0 35.184649820005284 -15.118380658179817
v 0 30.714666795077445 -17.358748591935687
v 5.0403209999999996 30.714666795077445 -17.358748591935687
v 2.8423644146766822 29.053237594322038 -14.04386436573369
v 0 28.725549273571787 -13.390060493096961
v 5.0535000611257104 34.665193227284362 -2.923079505617352
v -0.00031235364677528743 29.312234620127182 -1.5925885003102138
v 0 33.138482367885857 0.12301442225091463
v -4.4715027984087996e-05 31.124614247999112 -6.9394310617723924
v 0 24.244813112280085 -4.4500938570913853
v 0 26.736431752066125 -9.4213723942582313
v 6.6684330107070418 28.382003528747489 -12.704617881411139
v 5 26.251039639433966 -8.4529178510519145
v 0 30.693161108499623 5.0019208413671645
v 0 26.223177790496834 2.7615527607213135
v 5.2747765234288533 32.02023976403494 2.3541328953903236
v 4.5613492923912622 29.896224715623056 6.5919686609382371
v 5.7343013627785044 22.673501526639896 -1.315012333714499
v 0 21.753194472494044 0.52118468007546426
v 3.9317997328423751 20.476372454174967 3.06870049734224
v 0 12.791722149910637 18.401117952086619
v 0 17.074490874675618 20.547653557512298
v 5 12.791722149910637 18.401117952086619
v 0 21.731688199766321 22.881853819598362
v 5.122316706586572 21.731688199766321 22.881853819598362
v 4.5544080878230062 17.353129474734828 20.687307999419122
v 10 23.630313285077005 -3.2240435485539081
v 10 20.215362216093588 3.5894682319527771
v 10 34.513250572746237 -15.454887829665388
v 9.9512281322097529 30.714666795077445 -17.358748591935687
v 6.1716047897929931 35.995714877161944 -14.711872594030517
v 10 39.642420649160989 -12.85364693421246
v 10 21.731688199766321 22.881853819598362
v 10 37.618333538212454 -8.815186045009046
v 10 35.689674437754938 -4.967124612767023
v 14.750979400137 4.2353070170308431 25.298342943368286
v 9.9994592114381984 -4.205041068638887 21.06861491868057
v 12.921370697880381 -1.0964956165120432 22.626123180600288
v 9.9994615179504933 -18.441736334432171 18.549641101776764
v 10.047993763303021 -18.508628528647421 13.899735029196119
v 9.9994109613225763 -20.53359099892554 17.939940984601243
v 12.408586133467759 -20.451034137569692 17.775137241629906
v 9.999352 -21.862681341814241 20.591742584594776
v 9.9995684667617439 -19.786089770759499 20.357921816881209
v 11.4186566245798 -20.9851160589896 18.840543593443396
v 9.999352 -22.989077922824798 22.839129507336992
v 12.45798988370068 -22.989232997941667 22.83943891327409
v 9.9997488814532858 -19.358805367754801 22.306913738922969
v 12.353517489412139 -20.710902528347034 23.98129103370179
v 9.9995152422003493 -18.75881737255521 24.959347869555369
v 10 34.972130023759668 -10.70033194325794
v 10 28.741669567278866 -13.422223709746241
v 10 31.099348877229602 -8.4555691250207552
v 10 26.326640873083761 -8.6037574635934462
v 10 28.557817294191047 -1.1963294628456254
v 10 24.610530074549196 0.93903419751491057
v 10 24.910038518184564 5.3815284923313644
v 10 29.199530434482881 7.9820133162495122
v 10 26.000923253721492 14.363874983016936
v 10 22.257670098596066 10.310396914665002
v 10 23.689540157786599 18.975547008833104
v 13.830568708385229 -19.090013541328034 15.058889843223142
v 13.41431928068539 -19.838837681869414 16.552955652616397
v 12.90556619677554 -16.701819731757976 14.805312627232855
v 14.687499999999998 -18.508628528647421 13.899735029196119
v 9.9999677878297266 -14.247924955712005 16.035136376073847
v 9.9999876196156752 -15.545981714435268 22.474563196446471
v 9.9996784844006967 -14.52855682228563 27.07956623177374
v 9.9999345414616574 -12.827693843094085 22.73941019736829
v 9.9997920437615129 -14.542068022294437 20.051292444886325
v 9.9997055330823468 -17.275878744977803 20.215691999733838
v 9.9998392422003484 -10.362677064737412 29.167516761483945
v 14.658417211594328 -8.4704296042777543 30.115916455510352
v 15.538757344586299 -5.5445527418074745 31.582374082808048
v 9.9998236704205183 -8.4075466783416033 26.10308266473276
v 9.9998148051408471 -5.4929163199656861 25.560649527082269
v 10 8.2894797158912148 49.701753727615099
v 10 4.0998982157664789 47.601923818554582
v 10 1.6178799978786431 51.887519351950139
v 15.097659323057469 3.7552096043453269 47.429164927110861
v 10 6.0491116352453647 54.171737045617888
v 14.894836624488788 6.155717967693759 53.959037028959678
v 14.663946266953099 8.2894798612660594 49.701753800477377
v -24.382240866648921 21.515991661197056 11.588220821615366
v 10 -0.65048633396446753 45.221017860103359
v 10 -2.8908544146103186 49.691001178106148
v 10 3.8087435545995136 58.641720363620678
v 10 -0.66123947032832753 56.401352429864808
v 10 -5.1312224952561687 54.160984496108938
v 12.474807205514139 -21.587278833519711 20.041168491300578
v 13.710405548537819 -21.06442980607752 18.999066725999686
v 14.19355 -21.305477156108733 19.480008563590985
v 12.424164965971769 -20.970345341438712 18.811210877895974
v 14.565456987190929 -21.920490574760734 20.70571982425113
v 22.773523476991119 6.1179110396898757 54.034469787161498
v 26.893270000000008 3.8087437839766403 58.641720478585135
v 33.264795574257533 3.8087440034548643 58.641720588588228
v 29.37698789807785 6.0223714698086273 54.225090495091102
v 29.64657989627365 -0.4988225670884372 56.482756233836625
v 29.488254051621642 13.296902197292649 29.840039669579685
v 24.63658110419977 13.394356432349277 29.88888400344225
v 26.410027500000002 17.250952535082334 31.821820704505107
v 27.991119878630268 15.178741122760638 35.956297907023391
v 33.205013749999999 17.250952286778478 31.821820580054528
v 21.837004112364209 15.43291239354885 35.449175193158979
v 14.087158104739871 -20.215189499514693 17.304637576154754
v 13.64997471653427 -20.453999079264026 17.781139153684148
v 14.793455157407861 -20.101397724442485 17.077628785199028
v 14.926448495606168 -19.588217559336535 16.053731508242542
v 15.104529211821538 -7.3179908057982663 25.047383612839507
v 13.700950000000001 -7.6753782966598374 25.760443281924584
v 13.50001 -7.339332046035282 25.089963664157434
v 13.75732373684836 -8.6183537382321624 25.350881881941607
v 13.70096 -7.0032813146745641 24.419475106423651
v 13.504097095181979 -8.6722815978112955 24.438950047002272
v 13.514307383504599 -14.159886821030575 21.611794203131975
v 13.72460056384371 -12.387319996916681 21.694535174699723
v 13.52204002713648 -12.642481543835128 22.523989974670894
v 13.74376128884335 -13.562045240688047 21.084326292682928
v 13.69545268266705 -14.930581170415877 20.469278994148681
v 13.500651996977769 -15.086372911953536 21.20444457043055
v 13.700950000000001 -14.074364943231991 22.553253363850185
v 13.69549260278812 -15.212495496765658 21.960037193260558
v 13.496527387977009 -20.768032807683742 18.407699378074454
v 13.522248095925169 -19.954812090061143 18.85990470930599
v 13.707164062368911 -20.245325752920209 19.490189814314022
v 13.71201575409297 -19.511313774738294 18.138047312480989
v 13.50001 -18.958137217479415 19.266586172677915
v 13.700950000000001 -19.34871780026025 19.909733031378558
v 14.306271476451251 -7.9642786203146736 26.246675815520881
v 14.25 -17.077357984972785 21.66230825873577
v 14.264403133413859 -18.793630363698831 20.806424608424869
v 13.697372489895219 -17.395672854717034 20.873670235840255
v 13.780115812044921 -18.463621486707634 20.441901791788329
v 13.711190250409739 -16.422245956784874 21.38794375730571
v 13.50129399395553 -15.957211619888199 20.765297137369664
v 13.511280046729791 -16.951411587072393 20.225304732730052
v 13.50255317518547 -17.87137079102062 19.800657540591946
v 14.250019999999999 -6.7572620150026834 23.928617298307131
v 13.69939101838156 -8.9020556756945588 23.474353531878489
v 14.250019999999999 -13.386255921447056 20.606147101387137
v 14.33919233706623 -12.164685162505069 21.191674342262672
v 13.677360561641921 -11.006994565282014 22.51131432132226
v 14.23803760585178 -10.791161164521021 21.920218550233599
v 14.3178814338421 -19.374634740464746 17.584416763378123
v 14.26103393440167 -18.12394307740287 18.228304216329203
v 13.70096 -18.386305846625618 18.714271527725217
v 20.18472226299096 3.8795309698053844 47.491310341506519
v 25.41914763301742 2.8801125069351903 46.990201371921131
v 24.758064999999998 -0.65048633396446753 45.221017860103359
v 15.01645685447428 -20.328100707561795 20.252894014510087
v 14.829054999999999 -21.400298494753986 19.669196137542134
v 14.25 -20.110276264314908 20.142201175364953
v 14.999999999999998 -8.0114469509651975 26.430967599524905
v 15.080060450242618 -9.3630117180844223 25.729563493076739
v 14.25 -9.4922863499352275 25.463967274354445
v 14.249642052268831 -12.76773135837896 23.821904728858524
v 15.040723295914438 -13.281724954239802 23.7772833510626
v 14.224189316010801 -14.286959817870496 23.031992373308228
v 14.959793371343848 -14.287824545489642 23.260971645517422
v 13.700950000000001 -12.992076434657374 23.095699376768138
v 14.878863446773268 -15.293924136739477 22.74465993997223
v 14.25 -15.622097129984986 22.391689049799837
v 15.013146030752909 -6.7102939822191638 23.731320386698361
v 15.006315536500749 -8.0125199169579915 23.076594104640087
v 14.250019999999999 -8.4410962438409385 23.084674896062623
v 14.250019999999999 -14.493479279933442 20.051203672290239
v 14.98731311656176 -12.834300332067055 20.661813773125374
v 15.04813256251825 -13.962368910533812 20.107045341446103
v 15.367069827085308 -22.978989140308315 22.844910919429008
v 16.182620927536359 -21.966861297746377 20.79824852230005
v 20 -22.989369170675282 22.839710605168332
v 16.629565991365372 -20.907225582618903 23.882848304284266
v 14.56822296546162 -19.632296856393758 24.52160526626524
v 13.99099214035944 -12.938956181691488 16.690740496127685
v 12.093721957724791 -11.649953280609186 17.336997834486098
v 13.945475051643641 -15.072405118820996 15.62168767171614
v 15.202389309751259 -10.279799948424838 18.023525987121317
v 16.632262544487471 -11.646798140668093 17.338348274749706
v 16.893721477904581 -14.005511402330136 16.156421413622056
v 16.342673539390141 -16.458164640509757 14.927359041186142
v 17.017442777520131 -18.520511239917084 13.923427417178436
v 15.6758137549963 -19.062084129231991 15.003560269293754
v 15.749999999999998 -6.757266495738846 23.928626238273768
v 16.262716921498541 -7.6708157335753286 25.751340054177646
v 16.30462328112932 -7.0126219790879629 24.438111603911562
v 16.500019999999999 -7.339332046035282 25.089963664157434
v 15.277924568182888 -20.109967260150487 17.094726726376063
v 15.096868661372229 -19.295608429692049 17.448619536594748
v 15.358361539336679 -21.372502274136671 19.626952458391607
v 14.93983517937829 -11.515722758488398 21.336917138051813
v 15.724825214097359 -11.106323390668706 21.741321480567528
v 14.999999999999998 -9.7002570615078341 22.228802864305194
v 15.772346198223049 -10.163449893959605 22.246434542998717
v 15.749999999999998 -9.2463637590404275 22.681083761803091
v 14.18157378501413 -9.6406053159349234 22.560037133513188
v 14.250019999999999 -15.759038093389723 19.416902072454665
v 15.049321852380929 -15.16575315075999 19.504263341579669
v 14.910886297409037 -16.312044833209701 18.941665785019872
v 15.749999999999998 -16.269312850195966 19.16116212977882
v 15.750022305680618 -14.688454514796231 19.953517678129746
v 15.828322006942249 -19.209114928169107 17.775333981551203
v 14.956786648817948 -18.467261756003698 17.847707710212266
v 15.749989999999999 -7.9213975963317198 26.251301090041103
v 15.806054263524958 -9.3107291907972964 25.492254967244381
v 15.067245311308747 -10.323967548338963 25.251770796856086
v 15.101235607516669 -11.539243179257863 24.632483555998657
v 15.824894147589321 -12.308346377439452 23.968767605909122
v 14.25 -11.941106298048254 24.236611900363354
v 15.749989999999999 -13.360024951563343 23.525445921831572
v 15.779654534486101 -20.290392106005491 20.018738806321476
v 15.749989999999999 -19.033948171450032 20.681659811339081
v 14.946097287129499 -19.080921547107938 20.86675861734312
v 15.86618229796394 -20.187878559003696 17.250144433692846
v 16.917164414793682 -19.870766014048751 16.616650145190231
v 15.80644 -21.305477156108733 19.480008563590985
v 13.88042022184 -11.062563988626273 28.816731487179474
v 15.814247608137398 -10.473464586345166 29.111989747290352
v 17.728799723198801 -9.6419494315590661 29.528747457291921
v 17.117164814501439 -7.8237026016487201 30.44005782931513
v 16.24490907032493 -8.5572581040594109 25.378986615087797
v 15.702199284441479 -11.119895041697436 24.662530109232453
v 16.289716352893581 -11.340796731865659 23.884587798232651
v 16.26814874222547 -10.305151639391436 24.476942189609087
v 15.748459349791768 -10.260276841868684 25.06119524625068
v 16.226415851850859 -19.998189754367484 19.665446434265565
v 16.325196788090111 -18.896613949962028 20.027115171923104
v 15.099921698736241 -17.951698589015926 21.418936751634313
v 15.754485946199798 -18.117072248535404 21.139852933538204
v 16.25940555055449 -17.812757758539288 20.723885556401246
v 15.749999999999998 -7.9796870991812918 23.315945629367167
v 15.749999999999998 -12.648794576726363 20.975775965720491
v 16.291700681750768 -12.218331568611138 21.802287958801173
v 16.286130997566129 -11.270780034401263 22.331703389914054
v 16.27054437120298 -10.381500062004527 22.699811336451198
v 16.118575599456278 -20.322139120380683 17.542157920945861
v 16.318672670975989 -19.654987228970658 18.160364815388338
v 16.316650250535321 -18.778530331189959 18.591205665869786
v 15.800244944670117 -17.810121962915126 18.445106922533931
v 16.353174725667589 -21.049955873429155 18.970192395060717
v 17.20139132642937 -21.446365758475203 19.760502112188835
v 16.475630192416709 -20.028381119354449 18.831981405754078
v 16.456790000000002 -20.802653899369645 18.476775394477265
v 17.294139094834041 -21.013649011382242 18.897752928938726
v 16.370349999999998 -20.531900461542527 17.9365680237178
v 16.311093772300961 -14.823913906584426 20.550076899298055
v 16.258998073387069 -15.839148308393593 19.946132294656206
v 15.744006396481828 -13.73323619387509 20.430454384211078
v 16.492320765020271 -16.381539940994212 20.590120947653308
v 16.47270640973213 -15.385070639554204 21.171425578930602
v 16.500019999999999 -14.585067953728284 21.458380659584179
v 16.28685368528847 -14.054995187455294 20.871515869794084
v 16.489926464416321 -11.516750438718262 23.038360934784976
v 16.305462646272598 -13.094391456409351 23.011560681515846
v 16.491372661142019 -9.898471493109291 23.771221361913781
v 16.398976359404539 -19.43682021008788 19.448427253197451
v 16.299040000000002 -8.7703252943695666 23.533838931169448
v 16.497494732841432 -8.6245322623138811 24.456358348500032
v 16.28384310035802 -9.6683808311031036 23.066729153140226
v 16.487825096208351 -19.471966090822999 19.059955938972802
v 17.474302586980201 -20.61886468504478 18.109831143417978
v 16.488176182710259 -13.638662931905255 21.982156188979758
v 16.288783136457031 -13.256763800247796 21.27375045045294
v 16.494098091355131 -12.63984289401688 22.458050222938816
v 16.314696910567211 -14.566000814545916 22.241454148075405
v 20 -18.508628528647421 13.899735029196119
v 20.000345055522001 -19.716608614689147 16.402786720128653
v 18.72137859476388 -20.368962945033292 17.610920762069842
v 20.11283056286187 8.2426285317787844 49.678255056267382
v 24.84816 8.2894801600829346 49.701753950245219
v 27.551391214253261 8.2931481788049375 27.376674593585982
v 20 8.3109859886189366 27.341084588092201
v 25.31158318818191 5.6970887937963868 32.555918058500694
v 20.01556231145436 6.0935637401659672 31.822568421057035
v 20.000215732113411 1.5599611269710962 29.542889488426049
v 20 1.8633858654440507 24.109613353165265
v 14.932347687995778 8.9258118258219934 27.649237008992404
v 20 -3.3552631962999824 25.509849991685552
v 20 -4.5842142577308342 20.87814211823833
v 20 -5.9460679618294394 24.611025468591272
v 16.492389230883209 -1.825936159050821 22.260430992772193
v 14.875976038686231 -4.5090816446877371 20.915838636637734
v 20 -8.7031962058314747 24.052850341962916
v 19.965024289787671 -7.5951635433270761 19.368947088828939
v 16.938727007358541 -6.5292594031493119 19.90333116202838
v 20.00061861598925 -17.216120807888036 17.501138911834424
v 20.00019307183652 -14.895227493197019 15.710639707291227
v 20 -3.7247749054678581 32.494451799514977
v 20 -6.8122326511056093 27.493211405883969
v 20 -14.968676570456708 23.834165317623579
v 20 -17.433051111534429 25.623825609690485
v 20.00015834942981 -16.947999483629836 22.395484527801599
v 20 -14.042714356676942 27.323253595837254
v 20.000176185139889 -15.253936020032238 21.583326135483475
v 20.00008998688272 -12.66546512175206 21.431344188427587
v 20 -12.305014201721249 24.112820631518616
v 20.03112462290872 3.8761414917129975 36.304052254021869
v 25 3.830249827327235 36.28105122409778
v 25.661524617907808 7.84058302733827 38.291233589107563
v 20.953134614482359 9.4689501273657406 39.10718350912358
v 20 -0.23916446992462159 34.241449451588153
v 20 -7.3926354954060125 30.656109862787602
v 20 -11.060496085344166 28.817767926060228
v 16.79740947079657 -12.379275777795897 28.156791873538197
v 18.740365144286361 -21.181240988500154 19.231793096636533
v 20.000621345615961 -20.964655284276979 18.836252162862788
v 20.000317195117152 -19.553411608125362 21.664425714153154
v 17.69636962972368 -19.280295980685434 24.697981339687292
v 20.000554082329991 -18.984953134049 18.93021737959128
v 34.336076153929852 12.148562164886432 29.264488449070832
v 33.837014030351298 8.3109859886189366 27.341084588092201
v 30.664529993502093 6.266067920632068 31.421105960271682
v 29.677420000000001 -0.65048633396446753 45.221017860103359
v 29.13524942061148 0.057250218136764008 45.575518648689624
v 29.760668154232761 -0.04216702086971269 45.525721178822863
v 28.43740423641151 -0.65048633396446753 45.221017860103359
v 29.757977958799462 0.065715316098740484 44.856920373109702
v 29.718197721547941 -0.33861367092559114 44.6363589861134
v 29.999560847322829 -1.2166787673394461 46.294584995685426
v 29.99961846532182 -0.63426829269939322 45.187798899737878
v 29.99935 2.1090163431699325 46.603361210563442
v 28.04685442333675 4.4690725880144253 47.786390446178316
v 28.435229190844499 0.7863446705487882 45.940717475239659
v 29.99935 4.4371474198146093 47.770226986251586
v 29.843916308465509 0.56615229222504038 45.830424497542374
v 29.999572476562161 3.6621084573796638 45.196481446711601
v 29.99949802937881 1.9897396703327903 45.123486283002933
v 29.945921172801359 -2.103072974911818 48.117988823132009
v 29.999704148008409 -3.5594023289123067 51.024226976092848
v 27.934297677602281 -2.4599856808501164 48.83017466884985
v 29.999489611300579 -4.2293557574544485 48.334734924514606
v 28.040578999636519 -1.4801931780158482 46.8757464437804
v 29.99987888410211 -3.6151935392229371 45.954605776757838
v 35.477744998525147 11.658723641283874 42.979438150130946
v 34.621093899349987 14.400815883481656 37.508414374330599
v 30 12.770216463332812 40.761787385389482
v 23.702745 12.770216463332812 40.761787385389482
v 30 8.300233145330024 38.521419304743631
v 30 10.529848382686962 45.231770703392264
v 29.99977089208291 7.7816230627499996 41.471713497599978
v 30 3.830249827327235 36.28105122409778
v 35.478010447714823 5.4789983620814562 32.991467467928416
v 32.176561409722083 2.4250428267211728 39.084711876365247
v 30 3.8360512711584951 40.343785428720771
v 30 2.503980796512713 38.927208998565114
v 30 1.887753693085708 40.156698719492567
v 30.864701744006865 1.4850055797595743 40.960041440821122
v 29.994324870656019 1.9148942770070967 41.299224524923957
v 30 1.4115423051184384 40.99969751201391
v 30 8.2894803020411114 49.701754021395054
v 35.347380883661543 5.9151772076528175 54.438964509661787
v 35.085474150535163 8.8765833998265133 48.530365678684888
v 29.999736201401181 6.2807048500066847 44.945310984623646
v 30 -0.93887177770873542 45.076478273012405
v 30.531667888662788 -0.57969925868874306 44.551707215455593
v 30.722400406624189 -0.85748476724352241 45.068757563462206
v 30.038641699162959 -0.59832831994181568 44.492945497422355
v 31.014034023294741 -1.5852685819057406 44.752376295995305
v 30 -2.0985726697256233 44.495232958045094
v 30 -21.514424831378832 34.763953812926943
v 35.000918938692791 -23.663042193143621 33.687060810791507
v 30 -26.732700196825686 32.14853967532089
v 34.19650357688937 -17.320989872182185 36.865715086399938
v 30 -25.728267958399329 39.515712558792387
v 30 -19.547524180085915 39.673238673791744
v 30 -14.710535471605624 38.17408209785588
v 30 -36.410352877986782 27.298073214936547
v 30 -35.341746450155092 33.598419921653999
v 30 -31.433362272606761 29.792554759209885
v 30 -38.650720958632633 31.768056532939337
v 35.309514950025012 -31.590122930851702 29.71398588097302
v 35 -36.410352877986782 27.298073214936547
v 34.967983620134959 -37.936923017931633 30.343886587419313
v 30 -22.24385412034751 45.540686816560218
v 30 -40.891089039278484 36.23803985094213
v 30 -37.152175994505299 38.111993475798812
v 30 -29.14053806314605 36.227627351665404
v 30 -33.244496095454906 37.176340996303296
v 30 -5.1312224952561687 54.160984496108938
v 34.586707757653578 -0.69704225592385338 56.383407974071567
v 34.683729634748303 -4.9991647422741972 54.227172209470432
v 35.086652464033207 -9.7006223609954638 51.870788565023503
v 27.22956786705808 -3.7194660612192285 51.343624939033546
v 35.52350711202741 -21.994188829469113 45.709218833355592
v 34.565900287646507 -16.697812485870386 48.363777398596071
v 35.422169715436127 -25.813420722868091 43.795009178009764
v 30 -27.214637033968504 43.092715662768569
v 34.092739999999999 -40.891089039278484 36.23803985094213
v 34.356031951835533 -0.6546601854153371 45.218199381435859
v 34.61774543749452 -2.9280558979576909 44.078969313128809
v 32.892041769419222 -2.0099940421618241 44.539201908627405
v 36.334862122194181 -0.65077618394532344 45.220145514421532
v 32.773529831775612 -0.72300704941970562 45.169050449211596
v 32.345753568281118 0.098643309466324158 43.710230630373573
v 34.426956589731617 0.12366332746949737 43.675436864587581
v 40 -19.09102734881424 47.16429144806186
v 40 -23.308330324015881 45.050567458533394
v 40 -38.647898094851023 31.76242435395865
v 40 -40.891089039278484 36.23803985094213
v 36.110860313801837 -36.73027537173288 38.323451242242172
v 40 -20.177373784535455 35.434087519126187
v 40 -27.324313817523187 31.852021281941692
v 35.632417141134582 -27.736707911825434 31.64532821402787
v 40 3.0222969249315992 37.893079188002396
v 35.679430672430513 2.3461648028714244 39.242098276644086
v 36.960111260100057 0.88607944155684715 42.154962105360426
v 34.0009233905595 1.1638644098303685 41.600425700186264
v 40 13.610396680804428 39.085458584640818
v 40 9.9726961717928528 34.200509384689546
v 40 17.250952038474619 31.821820455603941
v 40 12.780969013546777 29.581452521848071
v 40 8.3109859886189366 27.341084588092201
v 40 5.4795940505765728 32.990278949997418
v 40.0145284398439 6.6943974354135705 52.88426380048918
v 40 10.299489063568352 45.691383231719406
v 40 5.3816563373685247 45.656822776213559
v 40 7.1457170159823171 41.163158115982746
v 40 1.1618857979812902 41.604972235370454
v 40 -0.65048633396446753 45.221017860103359
v 40 -6.8665805039025019 47.55340506677824
v 40 -6.9770594893158018 42.050121785383105
v 40 -1.6083705656901133 49.760213618979961
v 37.623914114587343 -3.6111355574378567 43.736816254461743
v 40 2.4526959154201506 49.625508428673918
v 40 -15.851614124747893 37.602009231360938
v 40 -21.36964847431182 41.345754872232867
v 40 -28.489697102416738 36.939706145574149
v 40 -36.410352877986782 27.298073214936547
v 40 -31.867333347754982 29.57504724843912
v 40 -34.526489395433671 35.014712049391562
v 40 3.8087441407494094 58.64172065740064
v 40 -0.60097195667090819 56.43155867545731
v 40 0.66579445452525832 53.255085784318794
v 40 -5.0106880540912284 54.221396693513974
v 40 -11.831320920626847 50.802876516392168
v 40 -27.525633299217517 42.936843469004927
v 40 -34.208361169248001 39.587441659973535
v 34.812368028740451 -30.268264042320762 41.56222930677761
v -33.536414726712323 11.516659887249926 6.5765113019581971
v -33.620809501358004 14.133971689301099 7.8885581154312803
v -31.738495214798 13.760031784711668 7.7011154134794069
v -30 13.15169243991852 7.3958119917356484
v -29.999879971857681 13.27979690101396 3.4644860315954737
v -29.999604394519181 16.641526346999932 4.5436285846874522
v -29.999552312254231 15.976536470033885 6.3398775943017078
v -29.999623333609041 17.302236238440937 2.7468621126962809
v -29.999871117510502 14.575807656594648 0.26282089630539929
v -21.710809644590679 26.334661842897525 2.8174282573469824
v -34.220183982162673 15.859081713380622 12.280898199187803
v -32.061498811549967 15.11447867435794 13.766743216549365
v 40 -15.552492438914154 42.374333112306871
v 40 -12.781069010673868 45.749455974621782
v 40 -11.525854464960329 39.769930943595675
v -26.500757312499999 17.272458311202339 9.4611513160810414
v -22.72244341254186 19.479052898860672 5.0585528852086643
v -19.042069160498851 21.753197051615693 0.52117953421088359
v -32.718398139066068 23.21017046031826 -2.3857744114089279
v 32.797772906202709 -33.853446957482774 39.76532565077143
v -8.4380581731298125 20.386466766127814 11.021901021159021
v 30 -31.213436358117388 41.088506311326469
v -40.006021832329232 24.289905050348441 17.777699036622895
v -40 22.116040169155205 22.114994979419542
v 9.999352 -9.9832833127962033 18.172661780657425
v 9.9998607451267389 -11.05790885198417 24.734720475855294
v 13.445196503884571 -13.203488349104607 27.743694238701359
v -29.999745345484001 17.520231888468004 15.055698814983245
v -29.999534874170141 19.536383897471332 13.409407226843975
v 27.2177425 -0.65048633396446753 45.221017860103359
v -29.999995934726009 13.594265619864419 -3.5532669009728259
v -34.417702581435528 15.987799578808215 -2.3684472879255978
v -30 17.65369265260534 -1.5334970425247612
v -30 19.814310241066728 -0.45058949336779719
v -29.999575159244269 19.468971206534768 0.92574233174420684
v -21.740892795011931 23.944535982603735 1.6194853869018075
v 16.449515273016701 -17.000018520430267 25.84086274964621
v 9.9996158111553708 -8.5335020280445697 22.540964198564566
v 14.30973424374203 -6.9380875555899229 19.698565927505474
v 9.9996815159157784 -7.3286598027831067 19.503049819900522
v -29.999642871536761 16.655772156379868 10.690744437845863
v -30 16.413224287314062 10.613962986753085
v -29.74624989294648 16.657323911425753 10.688462962068961
v -8.3474592354374479 17.272458311202339 9.4611513160810414
v 9.999769932862641 -11.150201486940421 21.214968609808238
v 14.128364887066351 -15.572306682686577 26.556435896588141
v 15.430603529962669 -13.945362661073279 27.371864768624427
v 12.953093147560921 -18.342983864357301 25.167764781286895
v 17.087853106741239 -14.77173475840992 26.957775657339688
v -26.988669568691041 18.823615572184462 6.3657689373022688
v 29.999709291217041 -0.049425783190351513 44.021120468244597
v 29.798842721547931 0.27963158888161566 43.40283020945995
v 29.919209645608522 0.26828920122979927 43.387540387520531
v 29.764763937784672 0.015762234152632448 44.062062883105227
v 30.060941786055182 0.051394571720293936 43.370123946974815
v 30.077283398325921 -0.25778486217488528 43.909412721832318
v 30 -3.4006307557396314 43.842637821212236
v 32.067532171439737 -3.3692119003783381 43.858258302833271
v 35.144996653338289 -6.3514979229240867 42.363356683155594
v 35.206937940131041 -12.42975942185868 39.317213402255838
v -28.64058271758033 21.753075893934135 0.52082384612211996
v -27.797714470696391 21.753097955180184 0.52088693131821273
v -27.60882201633892 21.578584253651162 0.43366513940720353
v -28.078659521491591 21.863776033349584 0.33172017551806121
v -29.29731708085065 21.753058704559127 0.52077469227602791
v -28.69894115605975 21.941058006026129 0.34175485374685621
v -28.61975732110545 21.51748751913015 0.44991076869356661
v -29.999840854142079 6.8510058050627691 4.2378903131398147
v -25.814615917607458 24.006301717164359 1.6502200484347185
v 14.978604274299249 -16.769678283321138 22.019410476986508
v 13.69623294917877 -16.412015638234806 19.723522927561799
v 13.71205904076904 -17.375072128100363 19.20868915070956
v 14.329875363096081 -16.931051904128687 18.805552694154617
v 13.519808672243229 -11.353140489008851 22.995565621136155
v 13.672690642352769 -11.556577221633919 23.697201771521474
v 13.50320427267855 -10.149601101067145 23.668111834782678
v 13.687018695471849 -10.55680218592525 24.258106854772258
v 13.678347305090229 -9.9976356970908498 23.01308881958435
v 13.70958913998035 -9.6263080267178545 24.792295743888779
v 13.65408192390324 -9.1962800480905642 18.566640463950783
v 29.999847682729559 4.2471598310514498 42.813897878480418
v 14.25 -10.917925076763634 24.749433176373508
v 15.02072437344062 -17.338652445451203 18.406629144672173
v 15.749989999999999 -17.084919566902897 21.658518372825643
v 16.762660395413601 -8.8243687582882373 18.752869559399947
v 15.767973784799208 -15.561790947054753 22.416524107019747
v 16.303580328329371 -16.830339211851587 19.513089222897563
v 20.0003512967067 -10.905685096314588 17.73241409752573
v 20.000012615716351 -9.7481630445260485 20.936893045233933
v 20.000358194448509 -14.691828878063532 19.348500267239725
v 16.500019999999999 -18.857627702234968 19.316961821474621
v 16.320095844117159 -17.865552325785856 19.063174967740398
v 16.21969108632344 -16.361309828816616 21.49577977419267
v 16.47651110047849 -17.571703498049693 20.05959810665043
v 15.758981892399598 -14.393137944159641 23.00495152963623
v -35.583462859650787 18.723529371678048 -0.99765427399134765
v 16.299029999999998 -9.4656899819279339 24.8631340821502
v 32.665944577239593 0.7117955893161092 42.502258335718587
v 32.022525317587373 1.4287325719381316 41.072216043712018
v 31.389308039629455 0.83591036637033422 42.254766471585185
v 31.87964355981017 0.44267991271437968 43.027399302928401
v -29.999714748405591 17.046392939229634 13.872884151505176
v -29.999610872983581 18.020531948766163 13.134208310394875
v -29.999684273901568 16.800672982193838 13.004573452814455
v -29.960206023754569 17.495351280614276 11.561076570778194
v -29.984880343102589 17.035999034415745 12.256583799730738
v -29.999822335785051 15.861771797896665 14.128403137972022
v -29.99975111707376 16.312205820485055 13.50226756211303
v 29.999831561840072 2.0480562877655411 41.985452328174205
v 29.999683968148471 2.126344077253842 43.420537974008489
v 29.9997528843063 2.1100426410788957 42.759489560747397
v -27.63702781449437 23.926339914657017 1.6099303451017022
v -32.651597363904372 15.833294000372138 12.33247301913768
v -28.174307174558191 20.249482842694714 3.520645522955526
v 20.000391695950881 -17.149936674845321 19.976270853207868
v -29.84888880470886 16.975741397968317 11.196518733422041
v -30.83401933643319 16.361897727017322 11.035893886597783
v -29.99972469160797 8.916418907710197 -5.9126429626205415
v -29.99983875168726 7.9566020528599344 -5.2321261760519704
v -29.9998589637854 10.772998348606016 -4.9821201792771888
v -29.88508540543496 15.416547615163154 13.164050734467857
v -29.942382651898718 16.089593729118299 13.020091360360945
v -29.86221388755007 15.81595517366679 12.547587330526033
v -29.999783235483271 15.765069010935196 12.468188981697253
v -30 15.115964420888307 13.562208419768506
v -30 15.479170064029184 12.73676133214229
v -31.60343118577007 16.127761597869615 11.744897130531021
v -31.257923527607971 15.744125269217445 12.510478622983101
v -29.982552314971411 19.44179459346153 5.131491999347805
v -29.999482430948589 17.552381594552358 5.8078392948184856
v -29.990997432452701 18.684370668291553 6.6427706523835042
v -27.2093484014487 21.08083595354967 1.8619532281724496
v -27.73719333014089 22.969673598376623 1.0529891709247003
v -26.4890419571922 22.657600002497812 0.93371511582412126
v -30 14.900474145075009 8.2723062498843714
v -30.468236369234859 16.054824060603025 11.601845892495891
v 31.040287263555733 -0.23592594783192311 44.049388391178979
v 30.553967975555004 0.070023632973362115 43.428885665008039
v 30.671829773085101 0.53217285344588561 42.649062185358247
v -29.99525929998628 18.05536595371613 7.8981183597735054
v 30.65109339187093 0.92452436161389118 41.964700069878866
v 30.022300086892219 1.0915343554399253 41.55886896280343
v -27.946773030715349 21.215157713999744 1.5041806560883835
v -26.818896019953169 21.486980977839664 0.80719227963525242
v -26.918764423675729 21.611418052865027 0.4501202574439418
v -26.228706831012541 21.644251852078902 0.46657537548068362
v 29.86613033389574 0.77246819031801151 43.588608440606052
v 29.919109942873689 1.4541305217078961 43.956680430062278
v 29.934914834818429 1.2892758702656217 43.091617441696059
v 29.85911482349508 0.70407342038541509 44.467559969005109
v 29.838709999999999 0.58600418564995049 42.753960306796444
v -30.973150277257261 15.097161184197894 13.801293110089187
v 29.93176057653335 1.2788454692004319 42.413694875291526
v 31.490634718766593 -0.82033559543985834 45.135578315386638
v 30.044600173784431 0.36057400561547581 42.830835172117311
v 29.914118475710399 1.1628772905924905 41.665357065906946
v 29.871292296291809 0.83578842814536891 42.255588428993818
v -30.08424961691351 16.140995768896005 11.263841021926355
v 30.03345013033832 0.72605418052769721 42.194852067460374
v -27.09525663475122 21.753116341322045 0.52093950737679151
v -27.44825851013097 21.887533597228316 0.38626272512744109
v -28.70246775584236 22.550571267303955 0.72726533843945518
v -28.002304656937039 22.322288649643571 0.62667585647145074
v -30.48725879917405 15.788779109062109 12.21352139975841
v -30.593724510149361 15.578639904621461 12.73051597497215
v -29.999695428799161 16.322261165154465 11.356283001058307
v -26.126923578685449 21.772888653199416 0.4278701374995677
v 29.999964547934059 0.58584638046984372 42.753841558698205
v -30 15.842375707170063 11.911314244516078
v -29.815079785892959 16.042189511649166 11.91577460805688
v -29.780664839419721 16.349756711537463 11.302118785062921
v -29.885966051788781 16.745412344888116 11.749550723587172
v -29.917095410783091 16.388596962981588 12.388729227342711
v -29.999739139755849 16.044885901878949 11.909799793751656
v -40 2.3500934053943014 16.916498648693079
v -40 1.6057399134015169 18.401633042745729
v -40 0.80463394556280932 20
v -40 3.2692750402746897 17.981019413039533
v -40 3.7232093559993249 20
v -40 5.0126039999999996 20
v -40 4.025501183944729 14.008851358668043
v -40 3.8517555139050597 13.920381790794918
v -40 3.8009696853468462 14.021709696868605
v -39.999999999999993 5.9360867968434619 14.981702558465805
v -40 5.4873478481314173 17.420194673246488
v -35.142537681753957 0.80463394556280954 20.000000000000004
v -38.09195356362806 0.80463394556280954 20
v -39.999999999999993 7.2520847530876482 15.65179563465156
v -40 7.4919830231976494 20
v -40 7.9725465122745911 16.791828963511794
v -40.000000000000007 8.5096766235899679 17.641764745703735
v -40 10 20
v -34.805529223035933 0.80463394556280921 19.999999999999996
v -34.336835011475422 0.80463394556280909 20
v -40.000000000000007 7.0687658586120463 4.3470623286682253
v -40 7.4212005204273455 4.5236734915491947
v -40 10 5.8161749684902997
v -40 10 1.1068625448679004
v -40 9.8309695851072494 0.69635936866224668
v -40 7.3016814646901009 4.0016451919293461
v -40 10 0.36169423268095924
v -40 10 6.5565109999999999e-07
v -40 9.7277195231323947 0.40379645230538702
v -40 9.4327556574568145 0.84123203525617241
v -40 9.5972110976490779 0.59734229240525039
v -40 10 0.75018356361480143
v -37.163933638997939 10 5.8161867791846547
v -37.522044013336632 10 5.8161749684902997
v -40.000000000000007 4.7803916288389328 0.56219018374276497
v -40 5.3327020333973678 2.0458264492234526
v -40 6.7975936552423093 1.7999201163594662
v -39.999999999999993 6.2976850454135924 5.9949046388547614e-07
v -40 5.264594046831844 5.8381944478675294e-07
v -40 4.5711063893185484 5.7329988914076121e-07
v -39.999999999999993 8.1870130872605902 6.2814979349976814e-07
v -39.999999999999993 5.9877071289414809 3.8053249229138437
v -40 9.5852136232099046 6.4935918077132898e-07
v -34.955749602307719 10.000000000000002 5.8162766443151988
v -35.870327175899469 10 5.8162294430996049
v -35.115589236690923 10 17.001563093605558
v -35.152600169611141 10 17.00156256790687
v -37.475258988102759 10 17.020573121921192
v -40 10 17.031804650631265
v -38.847497229237057 10 17.031804650631265
v -40 8.9871758651557432 16.535286779323624
v -40 9.9999999999999982 19.367472943852963
v 9.9999737692413646 16.137166106822669 11.726286790236161
v 10 17.678123806865798 8.6517673519146516
v 9.999980360214149 16.524360789449819 10.953755799853631
v 9.9999803599799435 16.524347030666771 10.95378325138325
v 9.9999781335764109 14.416988483589058 15.158385893183263
v 9.9999361840921317 12.975894225688918 18.033657750576541
v -33.056066049823428 10 17.00159234681654
v -30.000000000000004 10 5.8161749684902997
v -30.035197819552341 10 5.8161767816873873
v -31.095500194233274 10 5.8162314026043136
v -33.835194720646136 10 5.8163344759897111
v -30.000000000000004 0.80463394556280921 20
v -32.284879008037002 0.80463394556280887 20
v -33.308361692565697 0.80463394556280909 20
v -30.000000000000004 6.8257697960639918 4.2252419698413419
v -30 4.1709160848111173 2.8946219338249137
v -29.999999999999996 3.6949448124711988 2.6465796164346829
v -29.999999999999996 4.1711932500322373 2.8947608453914011
v -30 4.171495067284539 2.8949121035191343
v -30.000000000000004 1.0793781955194099 1.3176851461619858
v -30.000000000000004 2.0225492913623349 1.7750462177705812
v -29.999949723825587 0.075806700141357583 0.83103397279437308
v -29.999969752909792 -0.60690283839863357 0.49996583135083639
v -29.999969789376902 -0.60660075768245392 0.49936305310037599
v -29.999969734256457 -0.60628766241149579 0.50027415925939334
v -30.000000000000004 -0.35631888997724576 5.6418313756730324e-07
v -34.232247401871589 -0.35634642611980144 2.1237796564549448e-07
v -33.962458412289948 -0.35634643707542324 2.377017941692481e-07
v -30.505199872785113 -0.35634655759166245 5.2255647158820853e-07
v -30 1.9304835113284382 17.753704482299945
v -30 3.744961 20
v -30 3.1471558337073837 15.326199363167117
v -30 4.5768673370689816 16.743962966551724
v -30 2.1737372963723463 17.268364430109127
v -30 4.9445871436338029 15.30472725604384
v -29.999999999999996 4.0310640332352419 18.880207987262171
v -30 3.8517555139050597 13.920381790794918
v -30.000000000000004 4.7512558512230161 14.37121386351007
v -30.000000000000004 7.279069661651496 17.472904702577722
v -30 9.9242999199737856 19.92969268137719
v -30 6.0500298465783064 20
v -30 9.9587708441811014 20
v -30 6.1294345882140213 16.405167926340031
v -30 5.3213999568139618 20
v -30 10 20
v -30.000000000000007 9.9342389563754008 5.7832153503876658
v -30 9.3193120123789637 5.4750122544812001
v -30 6.8509675780169292 4.2378711681430881
v -29.999999999999996 10 17.001597727696193
v -33.006518319911393 10.000000000000002 17.00159305058633
v -32.138219548829191 10 17.001604023873504
v -30 7.9965070707486481 15.997742807504149
v -30.000000000000004 5.6210722242516562 14.807168250701649
v 10 20 17.712598687070123
v 10 20 20.78369654812461
v 10.000000000000002 20.000000000000004 16.795313467087929
v 10 20 16.43657881409079
v 10 20 15.660915136447526
v 10 20 11.27851319652266
v 10 20 10.56374645540412
v 10 20 5.0424522776622966
v 10 19.434118857462344 5.1482053031287851
v 9.9999067759329865 12.791783006766831 18.400996530462059
v 9.9999067662122947 12.791722149910637 18.401117952086619
v 9.9999325738376719 14.459340678705049 19.236933000334698
v 10.014112412702769 13.152346459093716 39.999359999999996
v 10 14.117078600547021 38.074526030765547
v 10.040783927177159 10.613741548058405 39.680956155564466
v 10.047993763303021 10.000640000000001 39.999360000000003
v 10.034573466743113 11.249021029724878 39.999359999999996
v 10.000000000000002 14.081877085637048 37.879839045869367
v 11.764249567770865 13.152332553307735 39.999388100602694
v 10.96519134861577 13.152338904536473 39.999375270741055
v 10.727812390009625 11.249043237916764 39.999371130807589
v 11.464261865425833 11.249326899998573 39.999513303032536
v 11.520816163522309 11.249337168325168 39.9995184495464
v 13.691454847567634 11.249731282082619 39.999715980458603
v 13.279275327547229 13.152186077814269 39.999680647920904
v 14.135834401104406 10.000640000000001 39.373667953182917
v 12.769461979834453 10.000640000000001 39.373667953182917
v 10.932664341439301 10.000640000000001 39.37366795318291
v 13.862084546713016 11.249731282082623 39.999715980458603
v 10 10.312738991433806 35.438851357426643
v 10.041688582517496 10.000631180459067 39.373663532804443
v 10 10.000572867434819 35.236684802000532
v 10 10.00057282312193 35.233518647622866
v 10 20 4.0191590142767852
v 9.9999611617310542 19.999999999999996 22.013926873928916
v 10 20 22.013926873928913
v 9.9999667775425678 19.318773854533486 21.672494433709765
v 9.9999550137147324 18.686680137935678 21.355687303593843
v 9.9999576264581176 17.261744006595592 20.641505348427238
v 9.9999576265280137 17.261705886233138 20.641486242395477
v 9.9999617898987641 14.99108970442275 19.503447092084091
v 9.9999576265987766 17.261667293161647 20.641466899440623
v 10.000000000000002 30.826305282893053 4.7362714998834168
v 10.000000000000002 32.125747653855619 2.1436235710609486
v 10 30.000000000000004 2.854424286451851
v 10 30 6.5565109963472423e-07
v 10 30 4.6863509192541661
v 10 32.355683173344879 1.6848561322826043
v 10 33.200137427825879 6.5565109986851073e-07
v 10 30.134772747850583 6.5565109964457004e-07
v 10 29.999999999999996 6.3849161247934045
v 13.445807935037266 13.15218857625146 39.999675695943594
v 13.561240135190197 13.15220266072544 39.999647617404165
v 13.845851391760897 13.152221357757316 39.999610369315896
v 14.840251462314995 13.152346942036116 39.999360000000003
v 13.717236750811219 15.76626724396889 34.784064943024383
v 13.710963929209838 15.759834223734027 34.796900106343593
v 13.62257415901767 15.453797581931335 35.4075045218284
v 13.581215983907137 15.250575254205742 35.812973785271275
v 13.506227410233615 14.97679121782476 36.359227791912225
v 13.523896142942718 15.041299938578607 36.230519969349338
v 13.544387940048075 14.975159183379199 30.68118674223345
v 13.703821598479285 14.275505369497337 30.330518303313323
v 14.018903889244317 13.932065473758911 30.158385271645432
v 14.272929029518663 13.700557168877911 30.042352664863454
v 14.310384545518041 13.684776372516636 38.937056490219064
v 13.983102903228996 13.971848110924036 38.364290782340248
v 13.711497235808324 14.239612139173262 37.830047836218256
v 13.701641610910391 14.249328364348743 37.81066201769243
v 13.69221870602586 14.282634449204602 37.744209701498399
v 14.712286534431136 16.402268293395565 31.396457800360828
v 14.236016367095788 16.285056321822651 31.337710833963012
v 15.002308132525222 16.483983419737132 31.437413649127478
v 13.700950000000001 15.749980000000001 31.069529092144684
v 13.770278530391982 15.819309844173585 31.1042774030158
v 10 10.000572819096451 35.233476401874348
v 10.000000000000002 10.000572818949999 35.233443510760758
v 10 10.000572820793685 35.233495748034571
v 15.139044474952255 10.000621904391826 39.373658883613729
v 16.836217525318702 10.020008819429775 39.383375659391909
v 16.331124967513684 10.014239115213487 39.380483867579422
v 15.257806916385563 11.249485128303201 39.999592607499217
v 15.122861568893867 13.532920607782875 39.24003933113444
v 15.051551301559337 13.530345248377026 39.245177675124097
v 14.756037738331663 13.59456586688956 39.117044613903147
v 15.150509288143487 13.152346972762105 39.999360000000003
v 15.513849935097136 13.646349352961767 30.015183556645329
v 14.953734521959335 13.512395491077632 29.948045508224478
v 15.399697562388821 13.619049352267529 30.001500720311089
v 14.615727872813226 13.607012286944494 29.995467709667462
v 15.463425904756791 13.65290657677911 39.000643346800473
v 15.728721290298125 13.748688403862394 38.809539460875619
v 14.409134845515156 13.658317215024843 38.989847830965793
v 15.509438978102379 16.353617307906699 31.372073791019623
v 16.750563953273414 13.152190661443791 39.999672188560787
v 16.57277429409816 13.152201267742383 39.999650991739905
v 15.865406776703908 13.831296836761181 30.10787975030475
v 15.727330935812066 13.694885894377709 30.039510206298644
v 16.289094993118233 14.2697740325263 30.327645741270953
v 16.193258387136932 14.180844004108089 37.947302532346981
v 15.825866262943803 13.776826262943803 38.753398812777093
v 16.829611324488912 13.152776261829564 39.998503814064335
v 16.875572640401177 13.152176551026853 39.999700366370845
v 16.309130192472665 15.707026600903456 31.048000728961853
v 16.305289787789665 15.720547247827247 31.054777314833157
v 16.298005737031929 15.728418206322585 31.05872226113889
v 16.954620581365777 13.152171184723679 39.999711088840257
v 18.733410134117875 11.249323008184694 39.999511352444578
v 16.97676279020439 11.249327702242555 39.999513705119448
v 20 10.000640000000001 39.999360000000003
v 20.000150509001539 11.212798798439263 39.981205316859416
v 19.049689888711782 11.240203642982424 39.994940701222546
v 16.812604589022573 11.249337885497093 39.999518808994971
v 15.685419375375174 11.2494078083755 39.999553854536252
v 17.099317415743808 13.152168603389475 39.999716267710205
v 17.135360020284903 13.152383060223439 39.999288390474092
v 19.639072821436869 13.167280145971938 39.969565736066784
v 18.050591469516807 13.157828691096292 39.988423283350691
v 15.666910406436426 11.249400529647701 39.999550206417616
v 20.00009457587576 10.404328273288458 39.575997639373014
v 20.000029889108877 10.000620350475934 39.373658104786756
v 20.000086801760755 10.355810284626441 39.551680288411603
v 19.002252321533877 10.000621904391824 39.373658883613729
v 20.000168184837761 16.077566804081236 34.162960202226373
v 20.000045948689273 16.80437451805054 32.712832960776517
v 20.000091468664028 16.533715881409321 33.252851242880368
v 20.00000799502746 17.013285438382081 32.296013761100383
v 20.000000000000004 17.155792441866144 32.011683698095915
v 20.00005083636206 15.088400068362084 30.737943388979303
v 20.000015214363952 16.459727360673945 31.425256444811179
v 20 17.045429276047759 31.718811875027619
v 20.000000000000004 17.250952341099165 31.821820607280209
v 20.000384635317573 13.171385745538776 39.961374241849342
v 20.000424447645077 13.513310148301413 39.279166510082334
v -39.999999999999993 -0.58577485782123284 0.45808415233043226
v -40 -0.60719181042651549 0.50054238845998356
v -40 -0.54081049926592784 0.53380658542322357
v -40 -0.57464063804435039 0.47683478592522538
v 9.9999783589987299 10.000639913288113 30.463701673224193
v 10 10.000593443064609 33.767214012343089
v 10 10.000589336197981 34.059183345831407
v 10 10.000579440349327 34.762708587226157
v -39.646628089175309 -0.35574579389375993 4.7415882031181508e-07
v -40 -0.35470647637237163 4.9857993938277265e-07
v -39.425843085324317 -0.35639515659876919 4.6348367930252388e-07
v -34.545103830445143 -0.35634643571269115 2.2750429627071656e-07
v -35.330127621708165 -0.35639505737869132 2.6545947119176792e-07
v 13.77368893131908 15.822720431832234 34.671429531074644
v 14.249999999999998 16.299040000000002 33.721076401530283
v 14.300281253716596 16.311557449175879 33.696101581190575
v 13.622254679545332 15.456263320731793 30.922317474970271
v 13.535246639669246 15.131521289649141 30.759555865111128
v 13.52176947588412 15.063298407709619 30.725362366792826
v 9.9999783543578911 10.000639928058987 30.462993245171464
v 9.9999634505303465 10.000560053643609 28.187944695437729
v 11.213717658550859 10.00043090546764 28.187874155897788
v 16.829829297330409 10.000114715866465 28.18768060767604
v 15.624137093666103 10.000183864471403 28.187715265149301
v 14.016238399102006 10.000276079858846 28.187770212364445
v 11.334818218553753 10.000424215221686 28.187870222997223
v 14.924651530620642 10.000223981219866 28.187735371775286
v 15.679825178268974 16.315014202689191 33.689204768166398
v 14.892159603068647 16.469265586284848 33.381442230517486
v 20.000045991287159 12.135300380895989 29.257841606022239
v 20.000031031055542 12.782835478792107 29.58238799942411
v 19.968818239410655 10.002241985316877 28.188746801045585
v 19.043864314373462 10.000062525158141 28.187654449547757
v 19.773659006765726 10.001782133468426 28.188516322019197
v 16.366223672899253 14.500723824869388 37.309078192096131
v 16.318233258723247 14.321642148571977 37.666382043232943
v 16.313028029854902 14.315777877149642 37.678082440468245
v 16.22176033071031 15.823372893510847 34.670127923981262
v 16.220455677338677 15.828212810766695 34.660471317284134
v 16.223830845029095 15.81716518461309 34.682513549662893
v 16.47944919785261 15.07676186837335 36.159766795482831
v 16.344891164410665 15.466511716635386 35.382137625436862
v 16.470367730886966 15.103066506508284 36.107283767845935
v 16.179398737784691 15.87078993947542 34.575521394524259
v 15.766061358656319 16.29473332553378 33.729669196242824
v 16.493398752447597 15.024707031507221 30.70602026162571
v 16.356886618629527 14.506994209998476 30.446541154493939
v 16.40585945799657 14.692720314608302 30.539627595070737
v 16.425284581258627 14.839107040376891 36.63393582870993
v 16.454318266621279 14.982394170646398 36.348049273726588
v 15.752018338721552 16.298496461972643 31.344447069615207
v 16.263265775724783 15.764546174734829 31.076829699464984
v -40 3.1330336615089873 2.3747987809618918
v -40 3.1932429195986702 2.4049701136018964
v -40 3.1964916283156799 2.2700058432194803
v -40 3.2511326525823043 5.5327712859552144e-07
v -40 0.080065583205538055 5.0517502343644005e-07
v 13.534953567118352 14.869581083462593 36.573133502161411
v 13.559204096490879 14.787273152245 36.737354325500405
v 13.672314405809963 14.356921477449553 37.595992187980983
v 20.000329693808904 15.320026134870313 35.674405877304331
v 20.000342782657249 15.258634278370661 35.796894940778031
v 20.000384855233804 15.061709773392703 36.189798813784577
v 20.000031617341971 12.851085936257871 29.616595318672918
v 20.000570398867307 14.18788896709396 37.933246528506757
v 20.000443555113613 14.788178776030813 36.73554799955938
v 20.000540483331335 14.329464653785967 37.65077465077254
v 18.197791430747337 10.000082469351774 28.187664445633125
v 15.78626249990999 15.061019816421453 36.191175331665697
v 10 12.770215877182917 40.76178709160952
v 17.40549 12.770216463332812 40.761787385389482
f 1 2 3
f 3 2 4
f 3 5 6
f 4 5 3
f 6 7 3
f 3 7 1
f 8 9 10
f 4 9 8
f 8 5 4
f 11 5 8
f 8 10 11
f 12 13 5
f 14 13 12
f 15 16 12
f 12 16 14
f 12 5 11
f 12 10 15
f 11 10 12
f 6 5 13
f 13 17 6
f 18 17 13
f 14 18 13
f 19 20 18
f 21 20 19
f 19 18 14
f 22 23 19
f 19 23 21
f 14 22 19
f 24 25 23
f 26 25 24
f 24 27 28
f 29 27 24
f 24 23 30
f 24 28 26
f 24 30 29
f 31 32 33
f 34 32 31
f 35 36 31
f 31 36 34
f 31 27 35
f 33 27 31
f 37 38 32
f 32 38 39
f 40 37 32
f 32 39 33
f 32 34 40
f 39 41 42
f 42 41 43
f 33 39 42
f 42 43 26
f 42 28 33
f 26 28 42
f 44 41 45
f 43 41 44
f 44 45 46
f 26 43 44
f 46 47 44
f 44 47 26
f 48 49 50
f 51 49 48
f 50 20 48
f 48 20 21
f 48 52 53
f 47 52 48
f 53 51 48
f 21 47 48
f 37 54 38
f 38 54 55
f 38 41 39
f 55 41 38
f 56 57 49
f 49 57 58
f 59 56 49
f 51 59 49
f 49 58 50
f 57 60 61
f 56 60 57
f 57 61 62
f 62 58 57
f 63 64 60
f 60 56 63
f 63 65 64
f 66 67 61
f 61 67 68
f 61 68 62
f 69 70 67
f 71 69 67
f 67 66 71
f 72 73 74
f 74 73 75
f 74 76 72
f 77 76 74
f 74 78 77
f 75 78 74
f 56 79 80
f 81 79 56
f 56 59 81
f 80 63 56
f 2 82 9
f 9 82 83
f 4 2 9
f 83 10 9
f 84 85 86
f 86 85 87
f 87 88 86
f 86 88 89
f 86 90 84
f 89 90 86
f 36 35 91
f 36 91 92
f 92 93 36
f 36 93 34
f 94 95 96
f 97 95 94
f 98 99 94
f 94 99 100
f 94 96 101
f 101 98 94
f 94 100 97
f 97 96 95
f 99 98 102
f 99 103 100
f 102 103 99
f 96 104 105
f 106 104 96
f 96 105 101
f 97 107 96
f 96 107 106
f 101 108 98
f 98 108 102
f 109 105 104
f 104 106 109
f 101 110 108
f 108 110 111
f 112 102 108
f 111 112 108
f 113 114 115
f 116 113 115
f 105 117 101
f 109 117 105
f 101 118 110
f 110 118 111
f 119 120 117
f 117 120 101
f 121 119 117
f 117 109 121
f 118 122 119
f 101 122 118
f 118 119 123
f 118 123 111
f 119 122 120
f 120 122 101
f 124 125 91
f 126 125 124
f 127 128 124
f 124 128 126
f 124 91 29
f 29 127 124
f 54 129 130
f 131 129 54
f 54 37 131
f 130 55 54
f 132 133 134
f 135 133 132
f 136 137 132
f 132 137 138
f 134 136 132
f 132 138 135
f 69 139 70
f 65 140 141
f 63 140 65
f 142 123 119
f 119 143 144
f 121 143 119
f 119 144 142
f 145 146 131
f 147 146 145
f 145 148 93
f 131 148 145
f 145 93 92
f 145 92 147
f 123 149 111
f 142 149 123
f 150 151 107
f 107 151 106
f 107 152 150
f 97 152 107
f 106 151 153
f 153 151 154
f 154 143 153
f 153 143 109
f 109 106 153
f 151 150 155
f 155 154 151
f 156 157 158
f 158 157 159
f 158 160 156
f 161 160 158
f 158 162 161
f 163 162 158
f 158 159 163
f 149 164 165
f 166 164 149
f 149 165 111
f 149 167 166
f 142 167 149
f 102 168 103
f 103 168 169
f 103 170 100
f 169 170 103
f 143 171 144
f 172 171 143
f 154 172 143
f 121 109 143
f 165 164 168
f 168 164 173
f 102 165 168
f 173 174 168
f 168 174 169
f 170 175 152
f 152 175 176
f 97 170 152
f 176 150 152
f 177 178 164
f 164 178 173
f 179 177 164
f 166 179 164
f 175 180 181
f 182 180 175
f 175 181 176
f 174 182 175
f 175 170 169
f 169 174 175
f 171 183 184
f 172 183 171
f 184 185 171
f 171 185 167
f 171 167 142
f 142 144 171
f 186 133 135
f 187 133 186
f 186 188 189
f 190 188 186
f 135 191 186
f 186 191 190
f 186 189 187
f 7 192 193
f 193 192 194
f 193 195 2
f 194 195 193
f 193 2 1
f 1 7 193
f 2 195 82
f 82 195 194
f 82 194 196
f 82 196 83
f 194 197 198
f 198 197 199
f 199 16 198
f 198 16 15
f 196 194 198
f 83 196 198
f 15 83 198
f 192 197 194
f 200 197 192
f 192 7 201
f 201 200 192
f 197 202 199
f 200 202 197
f 203 204 205
f 205 204 206
f 205 88 203
f 89 88 205
f 205 206 207
f 205 207 208
f 209 89 205
f 205 208 209
f 210 211 73
f 73 211 212
f 73 72 210
f 73 212 213
f 200 75 73
f 73 214 200
f 213 214 73
f 215 90 216
f 216 90 89
f 217 215 216
f 218 219 216
f 216 219 217
f 216 89 209
f 209 218 216
f 220 221 222
f 147 221 220
f 220 182 178
f 223 182 220
f 220 178 177
f 220 177 224
f 222 223 220
f 220 224 147
f 225 226 227
f 227 226 228
f 229 225 227
f 227 230 231
f 228 230 227
f 227 231 232
f 227 233 229
f 232 233 227
f 234 185 184
f 235 185 234
f 234 184 236
f 234 237 238
f 239 237 234
f 234 238 240
f 236 239 234
f 234 240 235
f 72 76 241
f 241 76 242
f 210 72 241
f 243 244 241
f 241 244 245
f 241 242 243
f 246 210 241
f 241 245 247
f 241 247 246
f 248 249 250
f 251 249 248
f 248 252 253
f 250 252 248
f 248 254 255
f 253 254 248
f 248 255 256
f 248 256 257
f 257 251 248
f 258 259 260
f 261 259 258
f 232 262 258
f 258 262 261
f 258 260 263
f 258 263 264
f 258 264 232
f 265 79 266
f 266 79 81
f 267 265 266
f 266 81 267
f 79 140 80
f 268 140 79
f 79 265 269
f 269 268 79
f 140 63 80
f 268 270 139
f 271 213 272
f 273 213 271
f 271 272 274
f 275 273 271
f 276 275 271
f 274 276 271
f 221 92 222
f 147 92 221
f 277 278 279
f 280 278 277
f 281 282 277
f 277 282 217
f 279 281 277
f 217 280 277
f 283 181 180
f 180 182 223
f 180 223 283
f 283 226 181
f 181 226 176
f 174 178 182
f 226 225 155
f 155 150 226
f 226 150 176
f 226 283 228
f 178 174 173
f 229 284 225
f 225 284 154
f 225 154 155
f 177 179 285
f 285 224 177
f 233 183 284
f 284 183 154
f 229 233 284
f 167 185 179
f 179 185 235
f 166 167 179
f 235 285 179
f 240 129 286
f 286 129 131
f 131 146 286
f 286 146 147
f 285 240 286
f 286 224 285
f 147 224 286
f 236 184 183
f 183 233 236
f 183 172 154
f 240 238 129
f 129 238 130
f 287 288 289
f 289 288 290
f 291 292 289
f 289 292 293
f 290 291 289
f 294 287 289
f 293 294 289
f 295 249 251
f 296 249 295
f 293 292 295
f 295 292 296
f 295 294 293
f 297 294 295
f 295 298 297
f 257 298 295
f 295 251 257
f 299 300 301
f 301 300 302
f 301 303 304
f 302 303 301
f 301 305 299
f 304 305 301
f 306 307 308
f 309 307 306
f 306 308 310
f 311 309 306
f 306 310 312
f 312 313 306
f 306 313 311
f 299 314 300
f 300 314 315
f 315 316 300
f 300 316 302
f 317 318 319
f 320 318 317
f 317 321 322
f 319 321 317
f 317 322 323
f 317 323 320
f 324 325 303
f 303 325 304
f 303 211 210
f 302 211 303
f 303 210 324
f 326 327 325
f 325 327 304
f 320 326 325
f 325 324 320
f 328 329 330
f 331 329 328
f 332 333 328
f 328 333 334
f 330 332 328
f 328 334 331
f 335 305 327
f 336 305 335
f 335 327 337
f 335 338 339
f 340 338 335
f 335 339 336
f 335 337 341
f 335 341 340
f 342 343 344
f 344 343 341
f 345 342 344
f 346 345 344
f 341 337 344
f 344 337 347
f 344 348 346
f 347 348 344
f 349 350 351
f 352 350 349
f 351 353 349
f 349 353 354
f 354 352 349
f 355 356 357
f 354 356 355
f 358 352 355
f 355 352 354
f 357 358 355
f 359 351 350
f 350 360 361
f 362 360 350
f 350 352 362
f 350 361 359
f 363 360 364
f 364 360 362
f 364 352 358
f 362 352 364
f 364 358 357
f 364 365 366
f 357 365 364
f 366 363 364
f 299 305 367
f 367 305 336
f 361 360 367
f 367 360 368
f 367 369 361
f 370 369 367
f 368 299 367
f 336 370 367
f 363 371 372
f 372 371 373
f 372 360 363
f 368 360 372
f 348 314 372
f 372 314 368
f 346 348 372
f 373 346 372
f 374 375 343
f 343 375 340
f 376 374 343
f 343 342 376
f 340 341 343
f 377 375 378
f 340 375 377
f 377 378 340
f 375 374 376
f 379 378 375
f 376 379 375
f 380 381 371
f 371 381 373
f 366 380 371
f 371 363 366
f 356 382 383
f 384 382 356
f 356 383 365
f 356 365 357
f 354 384 356
f 353 351 385
f 353 385 384
f 353 384 354
f 378 386 338
f 387 386 378
f 378 379 387
f 378 338 340
f 388 385 351
f 359 389 351
f 351 389 388
f 114 113 390
f 391 392 114
f 114 390 391
f 393 394 395
f 396 394 393
f 395 397 393
f 393 398 396
f 399 394 400
f 401 394 399
f 400 402 399
f 399 402 403
f 399 403 401
f 385 382 384
f 404 382 385
f 388 404 385
f 405 383 382
f 382 406 405
f 404 406 382
f 405 365 383
f 407 406 408
f 408 406 389
f 408 409 380
f 410 409 408
f 380 407 408
f 408 389 411
f 408 411 410
f 412 413 414
f 339 413 412
f 412 414 410
f 411 369 412
f 412 369 370
f 370 339 412
f 410 411 412
f 414 415 381
f 381 415 345
f 380 409 381
f 381 409 410
f 410 414 381
f 381 345 373
f 416 338 386
f 387 417 386
f 386 417 416
f 342 415 418
f 418 415 417
f 376 342 418
f 418 417 387
f 387 376 418
f 419 420 421
f 422 420 419
f 423 113 419
f 419 113 116
f 421 423 419
f 419 116 422
f 424 425 426
f 403 425 424
f 426 427 424
f 424 427 428
f 424 428 401
f 401 403 424
f 429 430 420
f 431 430 429
f 429 420 422
f 422 116 429
f 318 432 319
f 324 432 318
f 320 324 318
f 433 434 435
f 435 436 190
f 190 433 435
f 138 137 437
f 437 137 438
f 439 138 437
f 440 434 437
f 437 434 439
f 437 438 440
f 441 434 433
f 439 434 441
f 433 135 441
f 441 135 439
f 442 443 444
f 445 443 442
f 442 444 446
f 400 394 442
f 442 394 396
f 396 445 442
f 446 400 442
f 447 420 430
f 430 431 448
f 449 447 430
f 430 448 449
f 450 136 451
f 451 136 134
f 451 452 453
f 454 452 451
f 453 450 451
f 451 134 454
f 455 456 421
f 457 456 455
f 458 459 455
f 455 459 457
f 421 447 455
f 455 447 458
f 460 461 462
f 462 461 463
f 462 464 460
f 465 464 462
f 463 465 462
f 443 466 467
f 467 466 468
f 469 443 467
f 468 470 467
f 467 470 471
f 471 472 467
f 467 472 469
f 466 443 445
f 398 468 466
f 466 445 398
f 187 134 133
f 469 444 443
f 460 473 461
f 461 473 463
f 474 475 476
f 476 475 477
f 477 478 476
f 464 479 460
f 480 479 464
f 465 480 464
f 470 468 481
f 470 481 482
f 188 483 484
f 436 483 188
f 485 189 188
f 188 484 485
f 190 436 188
f 481 486 482
f 487 488 444
f 444 488 446
f 489 487 444
f 469 489 444
f 473 460 490
f 473 490 491
f 473 491 492
f 473 492 463
f 493 460 479
f 494 493 479
f 479 480 495
f 479 495 494
f 496 497 498
f 446 497 496
f 496 498 499
f 499 500 496
f 496 500 402
f 496 402 400
f 496 400 446
f 501 502 503
f 460 493 504
f 505 490 460
f 460 504 506
f 507 505 460
f 460 506 507
f 488 487 508
f 488 508 446
f 494 504 493
f 509 510 511
f 509 512 494
f 511 512 509
f 513 514 509
f 494 495 509
f 509 495 513
f 515 491 490
f 505 515 490
f 491 515 516
f 517 492 491
f 491 516 517
f 518 519 520
f 521 519 518
f 518 522 521
f 520 523 518
f 524 508 487
f 487 525 524
f 526 525 487
f 487 489 526
f 527 528 529
f 508 530 497
f 524 530 508
f 508 497 446
f 531 532 533
f 533 534 531
f 531 534 535
f 531 535 536
f 536 537 531
f 275 199 202
f 200 214 202
f 202 214 273
f 202 273 275
f 515 505 538
f 538 516 515
f 539 540 520
f 541 540 539
f 520 519 539
f 539 519 517
f 539 517 542
f 542 541 539
f 525 543 524
f 544 543 525
f 525 545 546
f 526 545 525
f 547 544 525
f 525 546 547
f 548 506 504
f 504 494 548
f 510 549 511
f 550 549 510
f 528 527 551
f 528 551 552
f 528 552 553
f 543 554 530
f 530 554 555
f 524 543 530
f 555 497 530
f 554 543 556
f 556 557 554
f 554 557 558
f 554 558 555
f 559 552 551
f 560 561 540
f 541 560 540
f 505 507 538
f 562 556 543
f 543 544 562
f 506 563 564
f 548 563 506
f 564 507 506
f 548 512 563
f 563 512 565
f 563 560 564
f 565 560 563
f 552 559 556
f 552 556 566
f 566 553 552
f 559 557 556
f 567 557 559
f 567 558 557
f 507 564 538
f 556 562 566
f 555 498 497
f 420 447 421
f 484 483 568
f 568 483 436
f 569 484 568
f 570 438 568
f 568 438 450
f 568 436 570
f 568 450 569
f 456 571 572
f 572 571 573
f 574 456 572
f 573 575 572
f 572 575 576
f 572 577 390
f 576 577 572
f 423 574 572
f 578 423 572
f 390 578 572
f 577 579 580
f 580 579 581
f 582 577 580
f 583 582 580
f 580 581 584
f 580 584 585
f 585 586 580
f 580 586 583
f 579 577 576
f 579 587 588
f 576 587 579
f 588 581 579
f 589 590 591
f 592 590 589
f 593 575 573
f 576 575 593
f 593 594 595
f 573 594 593
f 593 595 448
f 448 431 593
f 593 431 596
f 593 596 597
f 593 597 576
f 598 535 599
f 599 535 600
f 588 598 599
f 601 584 599
f 599 584 588
f 599 600 592
f 592 601 599
f 602 603 498
f 498 603 604
f 498 590 605
f 604 590 498
f 498 605 499
f 555 602 498
f 603 602 606
f 607 604 603
f 571 456 457
f 571 608 609
f 457 608 571
f 610 573 571
f 571 609 610
f 456 574 421
f 611 612 613
f 614 612 611
f 613 615 611
f 611 615 616
f 611 617 614
f 618 617 611
f 611 616 618
f 619 484 620
f 621 484 619
f 619 620 622
f 623 621 619
f 619 622 624
f 619 624 625
f 625 623 619
f 626 627 628
f 629 627 626
f 626 628 630
f 631 629 626
f 617 631 626
f 626 630 617
f 632 633 634
f 634 633 458
f 449 595 634
f 634 595 635
f 458 449 634
f 636 632 634
f 635 637 634
f 634 637 636
f 595 594 638
f 638 594 573
f 638 639 640
f 610 639 638
f 635 595 638
f 638 573 610
f 641 637 638
f 638 637 635
f 638 640 642
f 642 641 638
f 642 640 643
f 643 640 644
f 643 641 642
f 645 641 643
f 643 644 646
f 646 645 643
f 647 648 649
f 453 648 647
f 647 650 622
f 636 650 647
f 647 649 636
f 569 453 647
f 622 620 647
f 647 620 569
f 651 652 653
f 654 652 651
f 653 655 651
f 651 655 656
f 618 654 651
f 656 617 651
f 651 617 618
f 657 658 659
f 660 658 657
f 661 662 657
f 657 662 663
f 659 661 657
f 663 660 657
f 664 665 666
f 667 665 664
f 666 668 664
f 664 668 669
f 669 670 664
f 664 670 667
f 662 671 329
f 329 671 330
f 663 662 329
f 331 663 329
f 665 672 673
f 667 672 665
f 674 666 665
f 665 673 675
f 675 674 665
f 676 333 332
f 627 333 676
f 676 677 454
f 678 677 676
f 676 332 679
f 676 679 678
f 454 134 676
f 676 134 187
f 680 627 676
f 187 680 676
f 671 681 682
f 683 681 671
f 671 662 661
f 671 661 684
f 671 682 330
f 684 683 671
f 672 685 673
f 667 685 672
f 686 687 688
f 689 687 686
f 688 690 686
f 686 690 691
f 691 692 686
f 686 692 689
f 693 682 681
f 681 683 694
f 694 693 681
f 685 695 696
f 670 695 685
f 685 696 697
f 685 697 673
f 667 670 685
f 660 698 658
f 658 698 699
f 700 659 658
f 658 699 700
f 639 701 702
f 702 701 703
f 640 639 702
f 702 703 704
f 704 640 702
f 705 706 707
f 707 706 708
f 459 633 707
f 707 633 705
f 608 459 707
f 708 608 707
f 709 706 710
f 708 706 709
f 709 639 609
f 710 639 709
f 609 608 709
f 709 608 708
f 649 711 712
f 712 711 713
f 705 632 712
f 712 632 649
f 714 705 712
f 712 713 714
f 710 706 701
f 701 706 714
f 701 639 710
f 701 714 715
f 715 703 701
f 716 717 718
f 719 717 716
f 716 718 720
f 716 713 721
f 715 713 716
f 716 721 719
f 716 703 715
f 689 703 716
f 716 720 689
f 698 660 722
f 723 724 698
f 698 724 699
f 722 723 698
f 725 695 670
f 726 695 725
f 725 668 726
f 669 668 725
f 725 670 669
f 727 696 695
f 726 727 695
f 728 648 452
f 711 648 728
f 452 677 728
f 728 677 729
f 730 711 728
f 729 730 728
f 731 677 678
f 729 677 731
f 731 679 732
f 678 679 731
f 732 717 731
f 731 717 719
f 719 730 731
f 731 730 729
f 733 734 724
f 735 734 733
f 733 724 723
f 733 683 735
f 694 683 733
f 733 723 694
f 696 734 697
f 727 734 696
f 379 376 387
f 259 52 47
f 736 52 259
f 259 737 736
f 261 737 259
f 259 47 46
f 259 46 260
f 262 738 739
f 740 738 262
f 262 231 741
f 232 231 262
f 262 741 740
f 262 739 261
f 211 316 742
f 302 316 211
f 742 212 211
f 339 338 413
f 413 338 416
f 413 417 414
f 416 417 413
f 113 423 578
f 113 578 390
f 59 51 743
f 59 743 744
f 744 81 59
f 77 242 76
f 191 135 433
f 191 433 190
f 137 136 450
f 450 438 137
f 693 723 745
f 745 723 722
f 746 693 745
f 745 747 746
f 722 747 745
f 189 485 630
f 189 628 680
f 630 628 189
f 189 680 187
f 415 342 345
f 414 417 415
f 748 319 432
f 432 324 246
f 245 287 432
f 432 287 748
f 247 245 432
f 246 247 432
f 315 322 321
f 321 319 749
f 321 749 750
f 750 315 321
f 304 327 305
f 706 705 714
f 78 20 77
f 18 20 78
f 75 17 78
f 78 17 18
f 406 407 405
f 404 389 406
f 16 199 751
f 16 22 14
f 751 22 16
f 537 587 752
f 752 587 597
f 597 596 752
f 735 697 734
f 734 727 724
f 697 753 673
f 735 753 697
f 327 754 337
f 326 754 327
f 270 268 269
f 582 390 577
f 661 659 674
f 661 755 684
f 674 755 661
f 574 423 421
f 58 756 50
f 757 756 58
f 631 334 333
f 333 627 629
f 333 629 631
f 427 758 759
f 428 427 759
f 759 397 428
f 532 760 425
f 761 760 532
f 425 762 532
f 532 762 533
f 439 135 138
f 265 763 244
f 244 763 764
f 764 245 244
f 269 265 244
f 633 459 458
f 633 632 705
f 453 452 648
f 648 711 649
f 610 609 639
f 449 448 595
f 677 452 454
f 765 485 484
f 569 620 484
f 484 621 765
f 682 679 332
f 330 682 332
f 7 6 201
f 485 765 630
f 314 322 315
f 348 322 314
f 314 299 368
f 766 767 768
f 768 767 84
f 769 770 768
f 768 770 741
f 741 766 768
f 84 769 768
f 50 77 20
f 679 682 732
f 459 608 457
f 77 756 242
f 242 756 757
f 242 757 771
f 771 243 242
f 447 449 458
f 246 324 210
f 316 315 750
f 750 772 316
f 316 772 742
f 773 605 590
f 592 773 590
f 604 591 590
f 756 77 50
f 774 775 392
f 392 776 777
f 583 776 392
f 392 391 583
f 392 777 774
f 717 732 746
f 746 718 717
f 201 6 17
f 17 75 201
f 21 23 25
f 25 47 21
f 26 47 25
f 249 778 779
f 780 778 249
f 779 250 249
f 249 296 780
f 347 337 754
f 754 323 781
f 320 323 754
f 754 781 347
f 754 326 320
f 781 323 322
f 348 781 322
f 605 773 500
f 605 500 499
f 29 35 27
f 33 28 27
f 774 761 775
f 369 411 359
f 359 361 369
f 426 425 760
f 760 782 426
f 774 782 760
f 760 761 774
f 762 425 783
f 783 784 762
f 762 784 600
f 600 533 762
f 475 474 545
f 489 472 475
f 475 472 477
f 526 489 475
f 475 545 526
f 773 785 500
f 783 785 773
f 773 786 783
f 592 786 773
f 787 749 319
f 319 748 787
f 339 370 336
f 726 724 727
f 711 730 721
f 721 713 711
f 390 582 391
f 788 789 790
f 791 789 788
f 788 790 792
f 793 654 788
f 788 654 618
f 788 616 791
f 618 616 788
f 788 792 793
f 334 631 794
f 334 795 796
f 794 795 334
f 796 331 334
f 659 668 666
f 700 668 659
f 659 666 674
f 660 663 797
f 660 797 722
f 450 453 569
f 693 732 682
f 331 797 663
f 726 699 724
f 668 699 726
f 700 699 668
f 732 693 746
f 583 391 582
f 798 799 800
f 801 799 798
f 802 208 798
f 798 208 803
f 218 802 798
f 798 800 804
f 803 801 798
f 804 218 798
f 749 308 750
f 310 308 749
f 787 310 749
f 165 102 112
f 165 112 111
f 405 407 365
f 365 407 366
f 345 346 373
f 130 238 237
f 237 805 130
f 263 805 237
f 237 239 264
f 264 263 237
f 781 348 347
f 684 735 683
f 719 721 730
f 723 693 694
f 272 213 212
f 806 272 212
f 742 806 212
f 407 380 366
f 359 411 389
f 389 404 388
f 75 200 201
f 807 545 474
f 808 809 810
f 811 809 808
f 808 480 465
f 812 480 808
f 810 813 808
f 808 813 812
f 808 465 814
f 808 814 811
f 758 427 782
f 758 782 774
f 774 777 758
f 425 785 783
f 403 785 425
f 650 637 815
f 636 637 650
f 650 815 624
f 624 622 650
f 636 649 632
f 811 816 809
f 809 816 521
f 809 522 817
f 521 522 809
f 818 45 55
f 260 45 818
f 818 55 805
f 818 805 263
f 263 260 818
f 402 500 785
f 403 402 785
f 472 489 469
f 472 478 477
f 471 478 472
f 513 495 480
f 812 513 480
f 819 546 545
f 807 819 545
f 157 53 52
f 736 157 52
f 583 586 776
f 517 519 816
f 816 519 521
f 816 814 492
f 811 814 816
f 816 492 517
f 753 755 673
f 735 755 753
f 511 549 512
f 512 549 565
f 548 494 512
f 537 598 587
f 587 598 588
f 576 597 587
f 566 820 553
f 821 822 547
f 547 819 821
f 560 549 561
f 561 549 550
f 820 544 822
f 562 544 820
f 566 562 820
f 675 673 755
f 755 735 684
f 755 674 675
f 746 747 718
f 718 747 796
f 796 720 718
f 813 514 513
f 813 513 812
f 823 767 23
f 23 767 30
f 23 22 823
f 715 714 713
f 641 815 637
f 547 822 544
f 549 560 565
f 560 824 564
f 541 824 560
f 199 203 751
f 275 203 199
f 722 797 747
f 747 797 796
f 214 213 273
f 767 766 128
f 767 128 127
f 767 823 84
f 767 127 30
f 10 83 15
f 797 331 796
f 55 45 41
f 51 53 160
f 160 743 51
f 703 692 704
f 689 692 703
f 22 85 823
f 751 85 22
f 786 784 783
f 600 784 786
f 592 600 786
f 825 826 704
f 827 826 825
f 691 828 825
f 825 828 827
f 825 692 691
f 704 692 825
f 763 829 830
f 830 829 831
f 764 763 830
f 830 290 764
f 832 290 830
f 830 831 833
f 830 833 832
f 204 203 275
f 276 206 204
f 204 275 276
f 534 533 600
f 600 535 534
f 829 763 834
f 829 834 835
f 829 835 831
f 640 826 644
f 704 826 640
f 815 641 836
f 837 624 815
f 815 836 838
f 815 838 837
f 641 645 836
f 53 157 156
f 156 160 53
f 588 584 581
f 272 806 839
f 272 839 274
f 743 160 161
f 161 840 743
f 743 840 744
f 278 841 279
f 280 841 278
f 426 782 427
f 827 644 826
f 401 395 394
f 157 736 159
f 585 584 842
f 842 584 601
f 84 823 85
f 751 87 85
f 397 395 428
f 288 287 245
f 288 245 764
f 764 290 288
f 292 291 832
f 780 296 292
f 832 843 292
f 292 843 780
f 546 819 547
f 87 203 88
f 309 772 307
f 307 772 750
f 750 308 307
f 612 621 623
f 614 621 612
f 612 623 613
f 162 252 844
f 163 252 162
f 844 161 162
f 602 558 567
f 555 558 602
f 567 606 602
f 281 770 282
f 282 770 217
f 222 125 845
f 845 125 126
f 283 846 845
f 845 846 222
f 845 847 283
f 126 847 845
f 614 765 621
f 779 844 252
f 163 253 252
f 252 250 779
f 680 628 627
f 770 769 215
f 770 215 217
f 740 741 770
f 770 281 740
f 291 290 832
f 795 688 687
f 796 795 687
f 689 720 687
f 687 720 796
f 287 294 748
f 40 148 37
f 37 148 131
f 297 748 294
f 260 46 45
f 215 769 90
f 90 769 84
f 835 834 848
f 848 834 267
f 849 835 848
f 848 850 849
f 851 850 848
f 267 852 848
f 848 852 853
f 853 851 848
f 741 230 766
f 766 230 228
f 847 128 766
f 228 847 766
f 309 806 772
f 772 806 742
f 161 854 840
f 840 854 855
f 855 744 840
f 29 91 35
f 856 841 787
f 279 841 856
f 857 738 856
f 856 738 740
f 858 857 856
f 856 787 858
f 856 281 279
f 740 281 856
f 841 310 787
f 859 310 841
f 280 859 841
f 254 159 255
f 163 159 254
f 254 253 163
f 92 91 125
f 222 92 125
f 837 625 624
f 535 598 536
f 763 265 834
f 203 87 751
f 857 739 738
f 806 309 311
f 860 839 806
f 311 861 806
f 806 861 860
f 401 428 395
f 159 736 737
f 862 159 737
f 261 862 737
f 741 231 230
f 854 161 844
f 854 844 863
f 863 855 854
f 40 93 148
f 598 537 536
f 130 805 55
f 864 865 828
f 828 865 866
f 828 691 864
f 866 827 828
f 867 739 857
f 256 739 867
f 867 857 858
f 867 858 298
f 867 298 257
f 257 256 867
f 827 868 644
f 644 868 869
f 644 869 646
f 310 859 312
f 614 630 765
f 267 834 265
f 859 870 871
f 871 870 800
f 800 872 871
f 871 872 873
f 312 859 871
f 873 312 871
f 874 875 876
f 877 875 874
f 874 876 878
f 791 877 874
f 874 789 791
f 878 789 874
f 223 846 283
f 222 846 223
f 396 398 445
f 837 876 875
f 875 877 625
f 875 625 837
f 128 847 126
f 256 862 739
f 739 862 261
f 97 100 170
f 298 787 748
f 297 298 748
f 81 744 879
f 81 879 267
f 838 880 876
f 876 880 878
f 837 838 876
f 228 283 847
f 690 688 881
f 864 691 690
f 881 864 690
f 615 623 877
f 877 623 625
f 791 615 877
f 40 34 93
f 865 864 793
f 882 866 865
f 865 792 882
f 793 792 865
f 623 615 613
f 795 655 688
f 688 655 881
f 881 653 652
f 652 864 881
f 793 864 652
f 652 654 793
f 838 836 880
f 880 836 883
f 883 884 880
f 880 884 878
f 298 858 787
f 29 30 127
f 883 836 645
f 645 646 883
f 631 617 656
f 656 794 631
f 655 795 656
f 655 653 881
f 862 255 159
f 239 233 264
f 236 233 239
f 240 285 235
f 791 616 615
f 795 794 656
f 844 885 863
f 779 885 844
f 255 862 256
f 280 219 870
f 870 219 804
f 870 859 280
f 804 800 870
f 219 218 804
f 219 280 217
f 744 855 879
f 868 827 866
f 866 886 868
f 868 886 869
f 463 814 465
f 276 207 206
f 799 887 800
f 888 887 799
f 801 888 799
f 849 831 835
f 276 889 207
f 207 889 803
f 803 208 207
f 803 889 890
f 890 889 860
f 890 888 801
f 860 888 890
f 890 801 803
f 863 891 855
f 855 891 892
f 855 892 879
f 778 893 779
f 780 893 778
f 887 872 800
f 873 872 887
f 887 888 894
f 894 873 887
f 886 866 882
f 883 869 886
f 886 884 883
f 895 884 886
f 886 882 895
f 463 492 814
f 860 274 839
f 878 790 789
f 882 792 790
f 790 878 895
f 895 882 790
f 889 276 274
f 889 274 860
f 885 896 863
f 893 896 885
f 779 893 885
f 897 898 899
f 899 898 843
f 899 833 900
f 832 833 899
f 900 897 899
f 899 843 832
f 900 849 850
f 850 897 900
f 851 897 850
f 831 849 900
f 900 833 831
f 538 564 824
f 824 516 538
f 542 516 824
f 824 541 542
f 898 897 893
f 898 893 780
f 780 843 898
f 863 896 891
f 891 896 853
f 853 892 891
f 208 802 209
f 232 264 233
f 614 617 630
f 901 893 897
f 851 901 897
f 896 893 901
f 896 901 851
f 896 851 853
f 802 218 209
f 883 646 869
f 892 852 879
f 853 852 892
f 888 861 894
f 860 861 888
f 267 879 852
f 895 878 884
f 861 311 894
f 313 312 873
f 313 873 894
f 894 311 313
f 542 517 516
f 902 903 904
f 904 903 905
f 904 906 907
f 905 906 904
f 907 908 904
f 904 908 902
f 909 910 911
f 905 910 909
f 909 906 905
f 912 906 909
f 909 911 912
f 913 914 906
f 915 914 913
f 916 917 913
f 913 917 915
f 913 906 912
f 913 911 916
f 912 911 913
f 907 906 914
f 914 918 907
f 919 918 914
f 915 919 914
f 920 921 919
f 922 921 920
f 920 919 915
f 923 924 920
f 920 924 922
f 915 923 920
f 925 926 924
f 925 927 928
f 929 927 925
f 925 924 930
f 925 930 929
f 931 932 933
f 934 932 931
f 935 936 931
f 931 936 934
f 931 927 935
f 933 927 931
f 937 938 932
f 932 939 933
f 932 934 937
f 933 939 940
f 940 928 933
f 941 942 943
f 944 942 941
f 943 921 941
f 941 921 922
f 941 945 946
f 947 945 941
f 946 944 941
f 922 947 941
f 948 949 942
f 942 949 950
f 951 948 942
f 944 951 942
f 942 950 943
f 949 952 953
f 953 950 949
f 954 955 952
f 952 955 956
f 952 956 953
f 956 955 957
f 957 955 958
f 957 959 960
f 961 959 957
f 960 956 957
f 957 958 961
f 962 963 955
f 955 963 958
f 964 962 955
f 955 954 964
f 965 966 962
f 965 962 964
f 964 954 965
f 967 968 969
f 969 968 970
f 969 971 967
f 972 971 969
f 969 973 972
f 970 973 969
f 948 974 975
f 976 974 948
f 948 951 976
f 903 977 910
f 910 977 978
f 905 903 910
f 978 911 910
f 979 980 981
f 981 980 982
f 982 983 981
f 981 983 984
f 981 985 979
f 984 985 981
f 936 935 986
f 936 986 987
f 987 988 936
f 936 988 934
f 989 990 991
f 992 990 989
f 993 994 989
f 989 994 995
f 989 991 996
f 996 993 989
f 989 995 992
f 992 991 990
f 994 993 997
f 994 998 995
f 997 998 994
f 991 999 1000
f 1001 999 991
f 991 1000 996
f 992 1002 991
f 991 1002 1001
f 996 1003 993
f 993 1003 997
f 1004 1000 999
f 999 1001 1004
f 996 1005 1003
f 1003 1005 1006
f 1007 997 1003
f 1006 1007 1003
f 1008 1009 1010
f 1011 1009 1008
f 1012 1013 1008
f 1008 1013 1011
f 1010 1012 1008
f 1000 1014 996
f 1004 1014 1000
f 996 1015 1005
f 1005 1015 1006
f 1016 1017 1014
f 1014 1017 996
f 1018 1016 1014
f 1014 1004 1018
f 1015 1019 1016
f 996 1019 1015
f 1015 1016 1020
f 1015 1020 1006
f 1016 1019 1017
f 1017 1019 996
f 1021 1022 986
f 1023 1022 1021
f 1024 1025 1021
f 1021 1025 1023
f 1021 986 929
f 929 1024 1021
f 1026 1027 1028
f 1029 1027 1026
f 1030 1031 1026
f 1026 1031 1032
f 1028 1030 1026
f 1026 1032 1029
f 966 1033 962
f 963 1034 1035
f 962 1034 963
f 963 1035 958
f 1036 1020 1016
f 1016 1037 1038
f 1018 1037 1016
f 1016 1038 1036
f 1039 1040 1041
f 1042 1040 1039
f 1039 1043 988
f 1041 1043 1039
f 1039 988 987
f 1039 987 1042
f 1020 1044 1006
f 1036 1044 1020
f 1045 1046 1002
f 1002 1046 1001
f 1002 1047 1045
f 992 1047 1002
f 1001 1046 1048
f 1048 1046 1049
f 1049 1037 1048
f 1048 1037 1004
f 1004 1001 1048
f 1046 1045 1050
f 1050 1049 1046
f 1051 1052 1053
f 1053 1052 1054
f 1053 1055 1051
f 1056 1055 1053
f 1053 1057 1056
f 1058 1057 1053
f 1053 1054 1058
f 1044 1059 1060
f 1061 1059 1044
f 1044 1060 1006
f 1044 1062 1061
f 1036 1062 1044
f 997 1063 998
f 998 1063 1064
f 998 1065 995
f 1064 1065 998
f 1037 1066 1038
f 1067 1066 1037
f 1049 1067 1037
f 1018 1004 1037
f 1060 1059 1063
f 1063 1059 1068
f 997 1060 1063
f 1068 1069 1063
f 1063 1069 1064
f 1065 1070 1047
f 1047 1070 1071
f 992 1065 1047
f 1071 1045 1047
f 1072 1073 1059
f 1059 1073 1068
f 1074 1072 1059
f 1061 1074 1059
f 1070 1075 1076
f 1077 1075 1070
f 1070 1076 1071
f 1069 1077 1070
f 1070 1065 1064
f 1064 1069 1070
f 1066 1078 1079
f 1067 1078 1066
f 1079 1080 1066
f 1066 1080 1062
f 1066 1062 1036
f 1036 1038 1066
f 1081 1027 1029
f 1082 1027 1081
f 1081 1083 1084
f 1085 1083 1081
f 1029 1086 1081
f 1081 1086 1085
f 1081 1084 1082
f 908 1087 1088
f 1088 1087 1089
f 1088 1090 903
f 1089 1090 1088
f 1088 903 902
f 902 908 1088
f 903 1090 977
f 977 1090 1089
f 977 1089 1091
f 977 1091 978
f 1089 1092 1093
f 1093 1092 1094
f 1094 917 1093
f 1093 917 916
f 1091 1089 1093
f 978 1091 1093
f 916 978 1093
f 1087 1092 1089
f 1095 1092 1087
f 1087 908 1096
f 1096 1095 1087
f 1092 1097 1094
f 1095 1097 1092
f 1098 1099 1100
f 1100 1099 1101
f 1100 983 1098
f 984 983 1100
f 1100 1101 1102
f 1100 1102 1103
f 1104 984 1100
f 1100 1103 1104
f 1105 1106 968
f 968 1106 1107
f 968 967 1105
f 968 1107 1108
f 1095 970 968
f 968 1109 1095
f 1108 1109 968
f 1110 985 1111
f 1111 985 984
f 1112 1110 1111
f 1113 1114 1111
f 1111 1114 1112
f 1111 984 1104
f 1104 1113 1111
f 1115 1116 1117
f 1042 1116 1115
f 1115 1077 1073
f 1118 1077 1115
f 1115 1073 1072
f 1115 1072 1119
f 1117 1118 1115
f 1115 1119 1042
f 1120 1121 1122
f 1122 1121 1123
f 1124 1120 1122
f 1122 1125 1126
f 1123 1125 1122
f 1122 1126 1127
f 1122 1128 1124
f 1127 1128 1122
f 1129 1080 1079
f 1130 1080 1129
f 1129 1079 1131
f 1129 1132 1133
f 1134 1132 1129
f 1129 1133 1135
f 1131 1134 1129
f 1129 1135 1130
f 967 971 1136
f 1136 971 1137
f 1105 967 1136
f 1138 1139 1136
f 1136 1139 1140
f 1136 1137 1138
f 1141 1105 1136
f 1136 1140 1142
f 1136 1142 1141
f 1143 1144 1145
f 1146 1144 1143
f 1143 1147 1148
f 1145 1147 1143
f 1143 1149 1150
f 1148 1149 1143
f 1143 1150 1151
f 1143 1151 1152
f 1152 1146 1143
f 1153 974 1154
f 1154 974 976
f 1155 1153 1154
f 1154 976 1155
f 1156 1157 1158
f 959 1157 1156
f 1156 1158 1159
f 1156 1139 1138
f 1159 1139 1156
f 1160 959 1156
f 1156 1138 1160
f 974 1153 1159
f 1159 1161 974
f 1035 1158 1157
f 1157 959 961
f 958 1035 1157
f 961 958 1157
f 962 1033 1034
f 1034 1033 1162
f 1034 1158 1035
f 1161 1158 1034
f 1034 1162 1161
f 1009 1163 1164
f 1011 1163 1009
f 1009 1164 1165
f 1009 1166 1167
f 1165 1166 1009
f 1167 1010 1009
f 1168 1108 1169
f 1170 1108 1168
f 1168 1169 1171
f 1172 1170 1168
f 1173 1172 1168
f 1171 1173 1168
f 1116 987 1117
f 1042 987 1116
f 1174 1175 1176
f 1177 1175 1174
f 1178 1179 1174
f 1174 1179 1112
f 1176 1178 1174
f 1112 1177 1174
f 1180 1076 1075
f 1075 1077 1118
f 1075 1118 1180
f 1180 1121 1076
f 1076 1121 1071
f 1069 1073 1077
f 1121 1120 1050
f 1050 1045 1121
f 1121 1045 1071
f 1121 1180 1123
f 1073 1069 1068
f 1124 1181 1120
f 1120 1181 1049
f 1120 1049 1050
f 1072 1074 1182
f 1182 1119 1072
f 1128 1078 1181
f 1181 1078 1049
f 1124 1128 1181
f 1062 1080 1074
f 1074 1080 1130
f 1061 1062 1074
f 1130 1182 1074
f 1135 1183 1184
f 1041 1040 1184
f 1184 1040 1042
f 1182 1135 1184
f 1184 1119 1182
f 1042 1119 1184
f 1131 1079 1078
f 1078 1128 1131
f 1078 1067 1049
f 1135 1133 1183
f 1185 1186 1187
f 1187 1186 1188
f 1189 1190 1187
f 1187 1190 1191
f 1188 1189 1187
f 1192 1185 1187
f 1191 1192 1187
f 1193 1144 1146
f 1194 1144 1193
f 1191 1190 1193
f 1193 1190 1194
f 1193 1192 1191
f 1195 1192 1193
f 1193 1196 1195
f 1152 1196 1193
f 1193 1146 1152
f 1197 1198 1199
f 1199 1198 1200
f 1199 1201 1202
f 1200 1201 1199
f 1199 1203 1197
f 1202 1203 1199
f 1204 1205 1206
f 1207 1205 1204
f 1204 1206 1208
f 1209 1207 1204
f 1204 1208 1210
f 1210 1211 1204
f 1204 1211 1209
f 1197 1212 1198
f 1198 1212 1213
f 1213 1214 1198
f 1198 1214 1200
f 1215 1216 1217
f 1218 1216 1215
f 1215 1219 1220
f 1217 1219 1215
f 1215 1220 1221
f 1215 1221 1218
f 1222 1223 1201
f 1201 1223 1202
f 1201 1106 1105
f 1200 1106 1201
f 1201 1105 1222
f 1224 1225 1223
f 1223 1225 1202
f 1218 1224 1223
f 1223 1222 1218
f 1226 1227 1228
f 1229 1227 1226
f 1230 1231 1226
f 1226 1231 1232
f 1228 1230 1226
f 1226 1232 1229
f 1233 1203 1225
f 1234 1203 1233
f 1233 1225 1235
f 1233 1236 1237
f 1238 1236 1233
f 1233 1237 1234
f 1233 1235 1239
f 1233 1239 1238
f 1240 1241 1242
f 1242 1241 1239
f 1243 1240 1242
f 1244 1243 1242
f 1239 1235 1242
f 1242 1235 1245
f 1242 1246 1244
f 1245 1246 1242
f 1247 1248 1249
f 1250 1248 1247
f 1249 1251 1247
f 1247 1251 1252
f 1252 1250 1247
f 1253 1254 1255
f 1252 1254 1253
f 1256 1250 1253
f 1253 1250 1252
f 1255 1256 1253
f 1257 1249 1248
f 1248 1258 1259
f 1260 1258 1248
f 1248 1250 1260
f 1248 1259 1257
f 1261 1258 1262
f 1262 1258 1260
f 1262 1250 1256
f 1260 1250 1262
f 1262 1256 1255
f 1262 1263 1264
f 1255 1263 1262
f 1264 1261 1262
f 1197 1203 1265
f 1265 1203 1234
f 1259 1258 1265
f 1265 1258 1266
f 1265 1267 1259
f 1268 1267 1265
f 1266 1197 1265
f 1234 1268 1265
f 1261 1269 1270
f 1270 1269 1271
f 1270 1258 1261
f 1266 1258 1270
f 1246 1212 1270
f 1270 1212 1266
f 1244 1246 1270
f 1271 1244 1270
f 1272 1273 1241
f 1241 1273 1238
f 1274 1272 1241
f 1241 1240 1274
f 1238 1239 1241
f 1275 1273 1276
f 1238 1273 1275
f 1275 1276 1238
f 1273 1272 1274
f 1277 1276 1273
f 1274 1277 1273
f 1278 1279 1269
f 1269 1279 1271
f 1264 1278 1269
f 1269 1261 1264
f 1254 1280 1281
f 1282 1280 1254
f 1254 1281 1263
f 1254 1263 1255
f 1252 1282 1254
f 1251 1249 1283
f 1251 1283 1282
f 1251 1282 1252
f 1276 1284 1236
f 1276 1236 1238
f 1285 1283 1249
f 1257 1286 1249
f 1249 1286 1285
f 1013 1012 1287
f 1013 1288 1011
f 1289 1288 1013
f 1013 1287 1289
f 1290 1291 1292
f 1292 1291 1293
f 1292 1294 1295
f 1296 1294 1292
f 1295 1290 1292
f 1292 1293 1296
f 1297 1294 1298
f 1299 1294 1297
f 1298 1300 1297
f 1297 1300 1301
f 1297 1301 1299
f 1283 1280 1282
f 1302 1280 1283
f 1285 1302 1283
f 1303 1281 1280
f 1280 1304 1303
f 1302 1304 1280
f 1303 1263 1281
f 1305 1304 1306
f 1306 1304 1286
f 1306 1307 1278
f 1308 1307 1306
f 1278 1305 1306
f 1309 1310 1311
f 1237 1310 1309
f 1309 1311 1308
f 1309 1267 1268
f 1268 1237 1309
f 1278 1307 1279
f 1279 1307 1308
f 1308 1311 1279
f 1279 1243 1271
f 1312 1236 1284
f 1313 1314 1291
f 1291 1314 1293
f 1315 1316 1291
f 1291 1316 1313
f 1290 1317 1291
f 1291 1317 1315
f 1318 1319 1320
f 1301 1319 1318
f 1320 1321 1318
f 1318 1321 1322
f 1318 1322 1299
f 1299 1301 1318
f 1323 1324 1163
f 1163 1324 1325
f 1325 1164 1163
f 1326 1323 1163
f 1011 1327 1163
f 1163 1327 1326
f 1328 1329 1330
f 1331 1329 1328
f 1328 1330 1332
f 1328 1333 1334
f 1332 1333 1328
f 1334 1331 1328
f 1216 1335 1217
f 1222 1335 1216
f 1218 1222 1216
f 1330 1329 1336
f 1336 1329 1331
f 1337 1330 1336
f 1336 1331 1085
f 1085 1337 1336
f 1032 1031 1338
f 1338 1031 1333
f 1339 1032 1338
f 1332 1330 1338
f 1338 1330 1339
f 1338 1333 1332
f 1340 1330 1337
f 1339 1330 1340
f 1337 1029 1340
f 1340 1029 1339
f 1341 1342 1343
f 1344 1342 1341
f 1341 1343 1345
f 1298 1294 1341
f 1341 1294 1296
f 1296 1344 1341
f 1345 1298 1341
f 1346 1030 1347
f 1347 1030 1028
f 1347 1348 1349
f 1350 1348 1347
f 1349 1346 1347
f 1347 1028 1350
f 1351 1352 1353
f 1354 1355 1353
f 1353 1355 1351
f 1353 1356 1354
f 1357 1358 1314
f 1314 1358 1293
f 1359 1357 1314
f 1360 1359 1314
f 1314 1313 1360
f 1361 1362 1363
f 1363 1362 1364
f 1363 1365 1361
f 1366 1365 1363
f 1364 1366 1363
f 1367 1368 1369
f 1370 1368 1367
f 1367 1371 1370
f 1372 1371 1367
f 1369 1373 1367
f 1367 1373 1374
f 1367 1374 1372
f 1342 1375 1376
f 1376 1375 1358
f 1377 1342 1376
f 1358 1378 1376
f 1376 1378 1379
f 1379 1380 1376
f 1376 1380 1377
f 1375 1342 1344
f 1293 1358 1375
f 1375 1344 1293
f 1082 1028 1027
f 1377 1343 1342
f 1361 1381 1362
f 1362 1381 1364
f 1382 1383 1384
f 1384 1383 1385
f 1386 1382 1384
f 1384 1387 1386
f 1388 1387 1384
f 1384 1389 1388
f 1385 1389 1384
f 1365 1390 1361
f 1391 1390 1365
f 1366 1391 1365
f 1368 1392 1393
f 1370 1392 1368
f 1394 1369 1368
f 1395 1394 1368
f 1393 1395 1368
f 1378 1358 1357
f 1378 1357 1396
f 1378 1396 1397
f 1378 1397 1398
f 1378 1398 1379
f 1083 1399 1400
f 1331 1399 1083
f 1401 1084 1083
f 1083 1400 1401
f 1085 1331 1083
f 1357 1359 1396
f 1402 1403 1343
f 1343 1403 1345
f 1404 1402 1343
f 1377 1404 1343
f 1381 1361 1405
f 1381 1405 1406
f 1381 1406 1407
f 1381 1407 1364
f 1408 1409 1410
f 1410 1409 1411
f 1374 1373 1410
f 1410 1373 1412
f 1410 1413 1414
f 1411 1413 1410
f 1412 1408 1410
f 1414 1374 1410
f 1415 1361 1390
f 1416 1415 1390
f 1390 1391 1417
f 1390 1417 1416
f 1392 1371 1418
f 1370 1371 1392
f 1392 1419 1393
f 1420 1419 1392
f 1392 1418 1420
f 1421 1422 1423
f 1345 1422 1421
f 1421 1423 1424
f 1424 1425 1421
f 1421 1425 1300
f 1421 1300 1298
f 1421 1298 1345
f 1426 1317 1427
f 1428 1317 1426
f 1427 1429 1426
f 1426 1429 1430
f 1426 1430 1431
f 1431 1428 1426
f 1316 1315 1432
f 1316 1433 1434
f 1432 1433 1316
f 1316 1434 1313
f 1361 1415 1435
f 1436 1405 1361
f 1361 1435 1437
f 1438 1436 1361
f 1361 1437 1438
f 1439 1440 1359
f 1359 1440 1396
f 1360 1439 1359
f 1403 1402 1441
f 1403 1441 1345
f 1416 1435 1415
f 1442 1443 1444
f 1444 1443 1445
f 1444 1446 1416
f 1445 1446 1444
f 1444 1395 1442
f 1447 1395 1444
f 1416 1417 1444
f 1444 1417 1447
f 1418 1448 1449
f 1449 1448 1450
f 1449 1451 1452
f 1450 1451 1449
f 1449 1452 1420
f 1420 1418 1449
f 1440 1439 1453
f 1440 1453 1454
f 1454 1396 1440
f 1455 1406 1405
f 1436 1455 1405
f 1406 1455 1456
f 1457 1407 1406
f 1406 1456 1457
f 1409 1458 1459
f 1460 1458 1409
f 1409 1408 1460
f 1459 1461 1409
f 1409 1461 1411
f 1462 1441 1402
f 1402 1463 1462
f 1464 1463 1402
f 1402 1404 1464
f 1465 1453 1439
f 1466 1465 1439
f 1360 1466 1439
f 1441 1467 1422
f 1462 1467 1441
f 1441 1422 1345
f 1324 1323 1468
f 1468 1469 1324
f 1324 1469 1470
f 1324 1470 1471
f 1471 1325 1324
f 1172 1094 1097
f 1095 1109 1097
f 1097 1109 1170
f 1097 1170 1172
f 1455 1436 1472
f 1472 1456 1455
f 1473 1474 1459
f 1475 1474 1473
f 1459 1458 1473
f 1473 1458 1457
f 1473 1457 1476
f 1476 1475 1473
f 1463 1477 1462
f 1478 1477 1463
f 1463 1479 1480
f 1464 1479 1463
f 1481 1478 1463
f 1463 1480 1481
f 1482 1437 1435
f 1435 1416 1482
f 1483 1484 1443
f 1443 1484 1485
f 1443 1486 1445
f 1485 1486 1443
f 1442 1483 1443
f 1453 1465 1487
f 1453 1487 1488
f 1453 1488 1489
f 1453 1489 1490
f 1453 1490 1454
f 1477 1491 1467
f 1467 1491 1492
f 1462 1477 1467
f 1492 1422 1467
f 1466 1487 1465
f 1491 1477 1493
f 1493 1494 1491
f 1491 1494 1495
f 1491 1495 1492
f 1496 1488 1487
f 1466 1496 1487
f 1497 1452 1498
f 1499 1452 1497
f 1500 1501 1497
f 1497 1501 1502
f 1497 1498 1500
f 1497 1502 1503
f 1503 1499 1497
f 1504 1505 1474
f 1474 1505 1459
f 1506 1504 1474
f 1475 1506 1474
f 1436 1438 1472
f 1507 1493 1477
f 1477 1478 1507
f 1437 1508 1509
f 1482 1508 1437
f 1509 1438 1437
f 1482 1446 1508
f 1508 1446 1510
f 1508 1506 1509
f 1510 1506 1508
f 1488 1496 1493
f 1488 1493 1511
f 1511 1489 1488
f 1496 1494 1493
f 1512 1494 1496
f 1496 1466 1512
f 1512 1495 1494
f 1438 1509 1472
f 1513 1484 1514
f 1515 1484 1513
f 1516 1505 1513
f 1513 1505 1515
f 1502 1516 1513
f 1513 1514 1503
f 1503 1502 1513
f 1493 1507 1511
f 1492 1423 1422
f 1433 1517 1466
f 1466 1517 1518
f 1434 1433 1466
f 1466 1518 1519
f 1360 1434 1466
f 1466 1519 1512
f 1400 1399 1520
f 1520 1399 1331
f 1521 1400 1520
f 1334 1333 1520
f 1520 1333 1346
f 1520 1331 1334
f 1520 1346 1521
f 1352 1522 1523
f 1523 1522 1524
f 1524 1525 1523
f 1523 1525 1526
f 1523 1527 1287
f 1526 1527 1523
f 1287 1528 1523
f 1527 1529 1530
f 1530 1529 1531
f 1532 1527 1530
f 1533 1532 1530
f 1530 1531 1534
f 1530 1534 1535
f 1535 1536 1530
f 1530 1536 1533
f 1517 1537 1518
f 1538 1537 1517
f 1517 1433 1432
f 1432 1538 1517
f 1529 1527 1526
f 1529 1539 1540
f 1526 1539 1529
f 1540 1531 1529
f 1541 1542 1543
f 1544 1542 1541
f 1541 1543 1545
f 1541 1545 1546
f 1541 1546 1547
f 1541 1547 1544
f 1548 1525 1524
f 1526 1525 1548
f 1548 1549 1550
f 1524 1549 1548
f 1548 1550 1551
f 1551 1166 1548
f 1548 1166 1165
f 1548 1165 1552
f 1548 1552 1526
f 1553 1470 1554
f 1554 1470 1555
f 1540 1553 1554
f 1547 1534 1554
f 1554 1534 1540
f 1554 1555 1544
f 1544 1547 1554
f 1556 1557 1423
f 1423 1557 1558
f 1423 1542 1559
f 1558 1542 1423
f 1423 1559 1424
f 1492 1556 1423
f 1557 1556 1519
f 1519 1518 1557
f 1557 1518 1560
f 1560 1558 1557
f 1522 1352 1351
f 1522 1561 1562
f 1351 1561 1522
f 1563 1524 1522
f 1522 1562 1563
f 1564 1565 1566
f 1567 1565 1564
f 1566 1568 1564
f 1564 1568 1569
f 1564 1570 1567
f 1571 1570 1564
f 1564 1569 1571
f 1572 1400 1573
f 1574 1400 1572
f 1572 1573 1575
f 1576 1574 1572
f 1572 1575 1577
f 1572 1577 1578
f 1578 1576 1572
f 1579 1580 1581
f 1582 1580 1579
f 1579 1581 1583
f 1584 1582 1579
f 1570 1584 1579
f 1579 1583 1570
f 1585 1586 1587
f 1587 1586 1354
f 1588 1550 1587
f 1587 1550 1589
f 1354 1588 1587
f 1590 1585 1587
f 1589 1591 1587
f 1587 1591 1590
f 1550 1549 1592
f 1592 1549 1524
f 1592 1593 1594
f 1563 1593 1592
f 1589 1550 1592
f 1592 1524 1563
f 1595 1591 1592
f 1592 1591 1589
f 1592 1594 1596
f 1596 1595 1592
f 1596 1594 1597
f 1597 1594 1598
f 1597 1595 1596
f 1599 1595 1597
f 1597 1598 1600
f 1600 1599 1597
f 1601 1602 1603
f 1349 1602 1601
f 1601 1604 1575
f 1590 1604 1601
f 1601 1603 1590
f 1521 1349 1601
f 1575 1573 1601
f 1601 1573 1521
f 1605 1606 1607
f 1608 1606 1605
f 1607 1609 1605
f 1605 1609 1610
f 1571 1608 1605
f 1610 1570 1605
f 1605 1570 1571
f 1611 1612 1613
f 1614 1612 1611
f 1615 1616 1611
f 1611 1616 1617
f 1613 1615 1611
f 1617 1614 1611
f 1618 1619 1620
f 1621 1619 1618
f 1620 1622 1618
f 1618 1622 1623
f 1623 1624 1618
f 1618 1624 1621
f 1616 1625 1227
f 1227 1625 1228
f 1617 1616 1227
f 1229 1617 1227
f 1619 1626 1627
f 1621 1626 1619
f 1628 1620 1619
f 1619 1627 1629
f 1629 1628 1619
f 1630 1231 1230
f 1580 1231 1630
f 1630 1631 1350
f 1632 1631 1630
f 1630 1230 1633
f 1630 1633 1632
f 1350 1028 1630
f 1630 1028 1082
f 1634 1580 1630
f 1082 1634 1630
f 1625 1635 1636
f 1637 1635 1625
f 1625 1616 1615
f 1625 1615 1638
f 1625 1636 1228
f 1638 1637 1625
f 1626 1639 1627
f 1621 1639 1626
f 1640 1641 1642
f 1643 1641 1640
f 1642 1644 1640
f 1640 1644 1645
f 1645 1646 1640
f 1640 1646 1643
f 1647 1636 1635
f 1635 1637 1648
f 1648 1647 1635
f 1639 1649 1650
f 1624 1649 1639
f 1639 1650 1651
f 1639 1651 1627
f 1621 1624 1639
f 1614 1652 1612
f 1612 1652 1653
f 1654 1613 1612
f 1612 1653 1654
f 1593 1655 1656
f 1656 1655 1657
f 1594 1593 1656
f 1656 1657 1658
f 1658 1594 1656
f 1659 1660 1661
f 1661 1660 1662
f 1355 1586 1661
f 1661 1586 1659
f 1561 1355 1661
f 1662 1561 1661
f 1663 1660 1664
f 1662 1660 1663
f 1663 1593 1562
f 1664 1593 1663
f 1562 1561 1663
f 1663 1561 1662
f 1603 1665 1666
f 1666 1665 1667
f 1659 1585 1666
f 1666 1585 1603
f 1668 1659 1666
f 1666 1667 1668
f 1664 1660 1655
f 1655 1660 1668
f 1655 1593 1664
f 1655 1668 1669
f 1669 1657 1655
f 1670 1671 1672
f 1673 1671 1670
f 1670 1672 1674
f 1670 1667 1675
f 1669 1667 1670
f 1670 1675 1673
f 1670 1657 1669
f 1643 1657 1670
f 1670 1674 1643
f 1652 1614 1676
f 1677 1678 1652
f 1652 1678 1653
f 1676 1677 1652
f 1679 1649 1624
f 1680 1649 1679
f 1679 1622 1680
f 1623 1622 1679
f 1679 1624 1623
f 1681 1650 1649
f 1680 1681 1649
f 1682 1602 1348
f 1665 1602 1682
f 1348 1631 1682
f 1682 1631 1683
f 1684 1665 1682
f 1683 1684 1682
f 1685 1631 1632
f 1683 1631 1685
f 1685 1633 1686
f 1632 1633 1685
f 1686 1671 1685
f 1685 1671 1673
f 1673 1684 1685
f 1685 1684 1683
f 1687 1688 1678
f 1689 1688 1687
f 1687 1678 1677
f 1687 1637 1689
f 1648 1637 1687
f 1687 1677 1648
f 1650 1688 1651
f 1681 1688 1650
f 1690 945 947
f 1691 945 1690
f 1690 1692 1691
f 1693 1692 1690
f 1694 1695 1696
f 1697 1695 1694
f 1694 1126 1698
f 1127 1126 1694
f 1694 1698 1697
f 1694 1696 1693
f 1106 1214 1699
f 1200 1214 1106
f 1699 1107 1106
f 1237 1236 1310
f 1310 1236 1312
f 1012 1528 1287
f 951 944 1700
f 951 1700 1701
f 1701 976 951
f 972 1137 971
f 1086 1029 1337
f 1086 1337 1085
f 1031 1030 1346
f 1346 1333 1031
f 1647 1677 1702
f 1702 1677 1676
f 1703 1647 1702
f 1702 1704 1703
f 1676 1704 1702
f 1084 1401 1583
f 1084 1581 1634
f 1583 1581 1084
f 1084 1634 1082
f 1705 1217 1335
f 1335 1222 1141
f 1140 1185 1335
f 1335 1185 1705
f 1142 1140 1335
f 1141 1142 1335
f 1213 1220 1219
f 1219 1217 1706
f 1219 1706 1707
f 1707 1213 1219
f 1202 1225 1203
f 1660 1659 1668
f 973 921 972
f 919 921 973
f 970 918 973
f 973 918 919
f 1304 1305 1303
f 1302 1286 1304
f 917 1094 1708
f 917 923 915
f 1708 923 917
f 1325 1539 1164
f 1164 1539 1552
f 1552 1165 1164
f 1689 1651 1688
f 1688 1681 1678
f 1651 1709 1627
f 1689 1709 1651
f 1225 1710 1235
f 1224 1710 1225
f 1158 1161 1159
f 1532 1287 1527
f 1615 1613 1628
f 1615 1711 1638
f 1628 1711 1615
f 950 1712 943
f 1713 1712 950
f 953 1713 950
f 1584 1232 1231
f 1231 1580 1582
f 1231 1582 1584
f 1321 1714 1317
f 1317 1714 1427
f 1322 1321 1317
f 1317 1290 1322
f 1428 1315 1317
f 1323 1715 1319
f 1326 1715 1323
f 1319 1716 1323
f 1323 1716 1468
f 1339 1029 1032
f 1153 1717 1139
f 1139 1717 1718
f 1718 1140 1139
f 1159 1153 1139
f 1586 1355 1354
f 1586 1585 1659
f 1349 1348 1602
f 1602 1665 1603
f 1563 1562 1593
f 1588 1551 1550
f 1631 1348 1350
f 1719 1401 1400
f 1521 1573 1400
f 1400 1574 1719
f 1636 1633 1230
f 1228 1636 1230
f 908 907 1096
f 1401 1719 1583
f 1212 1220 1213
f 1246 1220 1212
f 1212 1197 1266
f 1720 1721 1722
f 1722 1721 979
f 1723 1724 1722
f 1722 1724 1698
f 1698 1720 1722
f 979 1723 1722
f 943 972 921
f 1633 1636 1686
f 1355 1561 1351
f 972 1712 1137
f 1137 1712 1713
f 1137 1713 1160
f 1160 1138 1137
f 1356 1588 1354
f 1141 1222 1105
f 1214 1213 1707
f 1707 1725 1214
f 1214 1725 1699
f 1726 1559 1542
f 1544 1726 1542
f 1558 1543 1542
f 959 1713 960
f 1160 1713 959
f 1712 972 943
f 1288 1327 1011
f 1727 1327 1288
f 1288 1728 1729
f 1533 1728 1288
f 1288 1289 1533
f 1288 1729 1727
f 1671 1686 1703
f 1703 1672 1671
f 1096 907 918
f 918 970 1096
f 922 924 926
f 926 947 922
f 1144 1730 1731
f 1732 1730 1144
f 1731 1145 1144
f 1144 1194 1732
f 1245 1235 1710
f 1710 1221 1733
f 1218 1221 1710
f 1710 1733 1245
f 1710 1224 1218
f 1733 1221 1220
f 1246 1733 1220
f 1559 1726 1425
f 1559 1425 1424
f 929 935 927
f 933 928 927
f 1727 1326 1327
f 1257 1259 1267
f 1320 1319 1715
f 1715 1734 1320
f 1727 1734 1715
f 1715 1326 1727
f 1716 1319 1735
f 1735 1736 1716
f 1716 1736 1555
f 1555 1468 1716
f 1383 1382 1479
f 1404 1380 1383
f 1383 1380 1385
f 1464 1404 1383
f 1383 1479 1464
f 1726 1737 1425
f 1735 1737 1726
f 1726 1738 1735
f 1544 1738 1726
f 1739 1706 1217
f 1217 1705 1739
f 1237 1268 1234
f 1680 1678 1681
f 1665 1684 1675
f 1675 1667 1665
f 1287 1532 1289
f 1740 1741 1742
f 1743 1741 1740
f 1740 1742 1744
f 1745 1608 1740
f 1740 1608 1571
f 1740 1569 1743
f 1571 1569 1740
f 1740 1744 1745
f 1232 1584 1746
f 1232 1747 1748
f 1746 1747 1232
f 1748 1229 1232
f 1613 1622 1620
f 1654 1622 1613
f 1613 1620 1628
f 1614 1617 1749
f 1614 1749 1676
f 1346 1349 1521
f 1647 1686 1636
f 1229 1749 1617
f 1680 1653 1678
f 1622 1653 1680
f 1654 1653 1622
f 1686 1647 1703
f 1533 1289 1532
f 1750 1751 1752
f 1753 1751 1750
f 1754 1103 1750
f 1750 1103 1755
f 1113 1754 1750
f 1750 1752 1756
f 1755 1753 1750
f 1756 1113 1750
f 1706 1206 1707
f 1208 1206 1706
f 1739 1208 1706
f 1060 997 1007
f 1060 1007 1006
f 1303 1305 1263
f 1263 1305 1264
f 1243 1244 1271
f 1132 1134 1757
f 1733 1246 1245
f 1638 1689 1637
f 1673 1675 1684
f 1677 1647 1648
f 1169 1108 1107
f 1758 1169 1107
f 1699 1758 1107
f 1305 1278 1264
f 1286 1302 1285
f 970 1095 1096
f 1759 1479 1382
f 1382 1386 1414
f 1414 1759 1382
f 1448 1371 1760
f 1418 1371 1448
f 1448 1760 1761
f 1448 1761 1762
f 1448 1762 1450
f 1387 1760 1371
f 1372 1387 1371
f 1373 1369 1412
f 1763 1764 1369
f 1369 1764 1412
f 1369 1394 1763
f 1765 1764 1763
f 1766 1764 1765
f 1765 1391 1366
f 1767 1391 1765
f 1763 1394 1765
f 1765 1394 1767
f 1765 1366 1768
f 1765 1768 1766
f 1714 1321 1734
f 1714 1734 1727
f 1769 1427 1714
f 1727 1729 1714
f 1714 1729 1769
f 1319 1737 1735
f 1301 1737 1319
f 1604 1591 1770
f 1590 1591 1604
f 1604 1770 1577
f 1577 1575 1604
f 1590 1603 1585
f 1766 1771 1764
f 1764 1771 1460
f 1764 1408 1412
f 1460 1408 1764
f 1300 1425 1737
f 1301 1300 1737
f 1380 1404 1377
f 1380 1389 1385
f 1379 1389 1380
f 1454 1397 1396
f 1397 1772 1762
f 1454 1772 1397
f 1761 1398 1397
f 1762 1761 1397
f 1447 1417 1391
f 1767 1447 1391
f 1773 1480 1479
f 1759 1773 1479
f 1052 946 945
f 1691 1052 945
f 1728 1536 1774
f 1533 1536 1728
f 1769 1729 1728
f 1728 1774 1769
f 1457 1458 1771
f 1771 1458 1460
f 1771 1768 1407
f 1766 1768 1771
f 1771 1407 1457
f 1413 1775 1759
f 1411 1775 1413
f 1413 1759 1414
f 1709 1711 1627
f 1689 1711 1709
f 1490 1776 1451
f 1451 1776 1498
f 1498 1452 1451
f 1451 1772 1490
f 1450 1772 1451
f 1777 1778 1546
f 1535 1778 1777
f 1777 1779 1538
f 1546 1779 1777
f 1777 1538 1431
f 1777 1430 1774
f 1431 1430 1777
f 1774 1535 1777
f 1445 1486 1446
f 1446 1486 1510
f 1482 1416 1446
f 1325 1553 1539
f 1539 1553 1540
f 1526 1552 1539
f 1511 1780 1489
f 1489 1780 1781
f 1781 1490 1489
f 1516 1501 1782
f 1782 1501 1500
f 1782 1783 1481
f 1500 1783 1782
f 1775 1516 1782
f 1773 1775 1782
f 1481 1773 1782
f 1515 1504 1484
f 1484 1504 1485
f 1484 1483 1514
f 1781 1783 1776
f 1776 1783 1500
f 1776 1490 1781
f 1500 1498 1776
f 1505 1504 1515
f 1505 1516 1784
f 1784 1461 1505
f 1505 1461 1459
f 1506 1486 1504
f 1504 1486 1485
f 1780 1478 1783
f 1507 1478 1780
f 1780 1783 1781
f 1511 1507 1780
f 1629 1627 1711
f 1711 1689 1638
f 1711 1628 1629
f 960 953 956
f 1703 1704 1672
f 1672 1704 1748
f 1748 1674 1672
f 1713 953 960
f 1760 1387 1388
f 1760 1389 1761
f 1388 1389 1760
f 1394 1395 1447
f 1394 1447 1767
f 1785 1721 924
f 924 1721 930
f 924 923 1785
f 1499 1420 1452
f 1669 1668 1667
f 1595 1770 1591
f 1501 1516 1502
f 1481 1783 1478
f 1486 1506 1510
f 1506 1786 1509
f 1475 1786 1506
f 1094 1098 1708
f 1172 1098 1094
f 1676 1749 1704
f 1704 1749 1748
f 1109 1108 1170
f 1454 1490 1772
f 1450 1762 1772
f 1516 1775 1784
f 1721 1720 1025
f 1721 1025 1024
f 1721 1785 979
f 1721 1024 930
f 1775 1773 1759
f 1411 1784 1775
f 911 978 916
f 1374 1386 1387
f 1372 1374 1387
f 1393 1442 1395
f 1749 1229 1748
f 1419 1483 1442
f 1499 1483 1419
f 1419 1442 1393
f 1419 1420 1499
f 1761 1389 1398
f 1398 1389 1379
f 944 946 1055
f 1055 1700 944
f 1657 1646 1658
f 1643 1646 1657
f 923 980 1785
f 1708 980 923
f 1738 1736 1735
f 1555 1736 1738
f 1544 1555 1738
f 1787 1788 1658
f 1789 1788 1787
f 1645 1790 1787
f 1787 1790 1789
f 1787 1646 1645
f 1658 1646 1787
f 1717 1791 1792
f 1792 1791 1793
f 1718 1717 1792
f 1792 1188 1718
f 1794 1188 1792
f 1792 1793 1795
f 1792 1795 1794
f 1099 1098 1172
f 1173 1101 1099
f 1099 1172 1173
f 1469 1468 1555
f 1555 1470 1469
f 1791 1717 1796
f 1791 1796 1797
f 1791 1797 1793
f 1429 1427 1769
f 1774 1430 1429
f 1769 1774 1429
f 1594 1788 1598
f 1658 1788 1594
f 1770 1595 1798
f 1799 1577 1770
f 1770 1798 1800
f 1770 1800 1799
f 1595 1599 1798
f 946 1052 1051
f 1051 1055 946
f 1540 1534 1531
f 1169 1758 1801
f 1169 1801 1171
f 1700 1055 1056
f 1056 1802 1700
f 1700 1802 1701
f 1175 1803 1176
f 1177 1803 1175
f 1320 1734 1321
f 1789 1598 1788
f 1804 1545 1543
f 1543 1558 1804
f 1299 1295 1294
f 1052 1691 1054
f 1535 1534 1778
f 1778 1534 1547
f 1547 1546 1778
f 979 1785 980
f 1708 982 980
f 1290 1295 1322
f 1186 1185 1140
f 1186 1140 1718
f 1718 1188 1186
f 1190 1189 1794
f 1732 1194 1190
f 1794 1805 1190
f 1190 1805 1732
f 1480 1773 1481
f 982 1098 983
f 1207 1725 1205
f 1205 1725 1707
f 1707 1206 1205
f 1565 1574 1576
f 1567 1574 1565
f 1565 1576 1566
f 1057 1147 1806
f 1058 1147 1057
f 1806 1056 1057
f 1556 1495 1512
f 1492 1495 1556
f 1512 1519 1556
f 1178 1724 1179
f 1179 1724 1112
f 1117 1022 1807
f 1807 1022 1023
f 1180 1808 1807
f 1807 1808 1117
f 1807 1809 1180
f 1023 1809 1807
f 1567 1719 1574
f 1731 1806 1147
f 1058 1148 1147
f 1147 1145 1731
f 1634 1581 1580
f 1724 1723 1110
f 1724 1110 1112
f 1697 1698 1724
f 1724 1178 1697
f 1189 1188 1794
f 1747 1642 1641
f 1748 1747 1641
f 1643 1674 1641
f 1641 1674 1748
f 1185 1192 1705
f 937 1043 938
f 938 1043 1041
f 1538 1779 1537
f 1537 1779 1804
f 1560 1518 1537
f 1804 1560 1537
f 1195 1705 1192
f 1110 1723 985
f 985 1723 979
f 1797 1796 1810
f 1810 1796 1155
f 1811 1797 1810
f 1810 1812 1811
f 1813 1812 1810
f 1155 1814 1810
f 1810 1814 1815
f 1815 1813 1810
f 1698 1125 1720
f 1720 1125 1123
f 1809 1025 1720
f 1123 1809 1720
f 1546 1545 1779
f 1779 1545 1804
f 1315 1428 1432
f 1207 1758 1725
f 1725 1758 1699
f 1056 1816 1802
f 1802 1816 1817
f 1817 1701 1802
f 929 986 935
f 1818 1803 1739
f 1176 1803 1818
f 1819 1695 1818
f 1818 1695 1697
f 1820 1819 1818
f 1818 1739 1820
f 1818 1178 1176
f 1697 1178 1818
f 1803 1208 1739
f 1821 1208 1803
f 1177 1821 1803
f 1149 1054 1150
f 1058 1054 1149
f 1149 1148 1058
f 987 986 1022
f 1117 987 1022
f 1799 1578 1577
f 1470 1553 1471
f 1717 1153 1796
f 1098 982 1708
f 1819 1696 1695
f 1758 1207 1209
f 1822 1801 1758
f 1209 1823 1758
f 1758 1823 1822
f 1299 1322 1295
f 1054 1691 1692
f 1824 1054 1692
f 1693 1824 1692
f 1698 1126 1125
f 1816 1056 1806
f 1816 1806 1825
f 1825 1817 1816
f 937 988 1043
f 1553 1325 1471
f 1826 1827 1790
f 1790 1827 1828
f 1790 1645 1826
f 1828 1789 1790
f 1829 1696 1819
f 1151 1696 1829
f 1829 1819 1820
f 1829 1820 1196
f 1829 1196 1152
f 1152 1151 1829
f 1789 1830 1598
f 1598 1830 1831
f 1598 1831 1600
f 1432 1431 1538
f 1208 1821 1210
f 1567 1583 1719
f 1155 1796 1153
f 1821 1832 1833
f 1833 1832 1752
f 1752 1834 1833
f 1833 1834 1835
f 1210 1821 1833
f 1835 1210 1833
f 1836 1837 1838
f 1839 1837 1836
f 1836 1838 1840
f 1743 1839 1836
f 1836 1741 1743
f 1840 1741 1836
f 1118 1808 1180
f 1117 1808 1118
f 1296 1293 1344
f 1799 1838 1837
f 1837 1839 1578
f 1837 1578 1799
f 1025 1809 1023
f 1151 1824 1696
f 1696 1824 1693
f 992 995 1065
f 1196 1739 1705
f 1195 1196 1705
f 976 1701 1841
f 976 1841 1155
f 1800 1842 1838
f 1838 1842 1840
f 1799 1800 1838
f 1123 1180 1809
f 1644 1642 1843
f 1826 1645 1644
f 1843 1826 1644
f 1536 1535 1774
f 1568 1576 1839
f 1839 1576 1578
f 1743 1568 1839
f 937 934 988
f 1827 1826 1745
f 1844 1828 1827
f 1827 1744 1844
f 1745 1744 1827
f 1576 1568 1566
f 1747 1609 1642
f 1642 1609 1843
f 1843 1607 1606
f 1606 1826 1843
f 1745 1826 1606
f 1606 1608 1745
f 1800 1798 1842
f 1842 1798 1845
f 1845 1846 1842
f 1842 1846 1840
f 1196 1820 1739
f 929 930 1024
f 1845 1798 1599
f 1599 1600 1845
f 1584 1570 1610
f 1610 1746 1584
f 1609 1747 1610
f 1609 1607 1843
f 1824 1150 1054
f 1134 1128 1757
f 1131 1128 1134
f 1135 1182 1130
f 1743 1569 1568
f 1747 1746 1610
f 1806 1847 1825
f 1731 1847 1806
f 1150 1824 1151
f 1177 1114 1832
f 1832 1114 1756
f 1832 1821 1177
f 1756 1752 1832
f 1114 1113 1756
f 1114 1177 1112
f 1360 1313 1434
f 1701 1817 1841
f 1830 1789 1828
f 1828 1848 1830
f 1830 1848 1831
f 1364 1768 1366
f 1173 1102 1101
f 1751 1849 1752
f 1850 1849 1751
f 1753 1850 1751
f 1811 1793 1797
f 1173 1851 1102
f 1102 1851 1755
f 1755 1103 1102
f 1755 1851 1852
f 1852 1851 1822
f 1852 1850 1753
f 1822 1850 1852
f 1852 1753 1755
f 1825 1853 1817
f 1817 1853 1854
f 1817 1854 1841
f 1428 1431 1432
f 1730 1855 1731
f 1732 1855 1730
f 1849 1834 1752
f 1835 1834 1849
f 1849 1850 1856
f 1856 1835 1849
f 1848 1828 1844
f 1845 1831 1848
f 1848 1846 1845
f 1857 1846 1848
f 1848 1844 1857
f 1364 1407 1768
f 1822 1171 1801
f 1840 1742 1741
f 1844 1744 1742
f 1742 1840 1857
f 1857 1844 1742
f 1851 1173 1171
f 1851 1171 1822
f 1558 1560 1804
f 1847 1858 1825
f 1855 1858 1847
f 1731 1855 1847
f 1499 1514 1483
f 1859 1860 1861
f 1861 1860 1805
f 1861 1795 1862
f 1794 1795 1861
f 1862 1859 1861
f 1861 1805 1794
f 1862 1811 1812
f 1812 1859 1862
f 1813 1859 1812
f 1793 1811 1862
f 1862 1795 1793
f 1472 1509 1786
f 1786 1456 1472
f 1476 1456 1786
f 1786 1475 1476
f 1860 1859 1855
f 1860 1855 1732
f 1732 1805 1860
f 1825 1858 1853
f 1853 1858 1815
f 1815 1854 1853
f 1103 1754 1104
f 1127 1757 1128
f 1567 1570 1583
f 1863 1855 1859
f 1813 1863 1859
f 1858 1855 1863
f 1858 1863 1813
f 1858 1813 1815
f 1754 1113 1104
f 1845 1600 1831
f 1386 1374 1414
f 1854 1814 1841
f 1815 1814 1854
f 1850 1823 1856
f 1822 1823 1850
f 1155 1841 1814
f 1857 1840 1846
f 1514 1499 1503
f 1823 1209 1856
f 1211 1210 1835
f 1211 1835 1856
f 1856 1209 1211
f 1476 1457 1456
f 1461 1784 1411
f 1864 60 1865
f 60 1866 1865
f 60 64 1866
f 1867 1864 1865
f 1865 1868 1867
f 1868 1869 1867
f 1866 1868 1865
f 61 1870 66
f 1870 61 1871
f 61 1872 1871
f 61 60 1872
f 1872 1870 1871
f 1873 66 1870
f 1864 1872 60
f 1864 1867 1873
f 1870 1864 1873
f 1864 1870 1872
f 1867 1874 1873
f 1867 1869 1874
f 1875 1866 64
f 64 65 1875
f 1866 1875 1876
f 1877 66 1873
f 1878 1874 1869
f 1874 1878 1879
f 1878 1880 1879
f 1877 1873 1874
f 1879 1877 1874
f 1878 1881 1880
f 1875 65 1882
f 65 1883 1882
f 1884 68 1885
f 68 1886 1885
f 68 67 1886
f 1885 1887 1888
f 1886 1887 1885
f 1889 1884 1885
f 1890 1891 1892
f 1888 1890 1892
f 1893 1889 1888
f 1885 1888 1889
f 1894 1893 1888
f 1892 1894 1888
f 1887 1895 1888
f 1895 1890 1888
f 1886 67 1896
f 1886 1896 1897
f 1898 1899 1900
f 1901 1898 1900
f 1898 1901 1902
f 1898 1902 1903
f 1894 1904 1901
f 1900 1894 1901
f 1893 1894 1900
f 1889 1893 1900
f 1900 1905 1889
f 1905 1884 1889
f 1899 1905 1900
f 1905 68 1884
f 1892 1891 1906
f 1892 1906 1904
f 1894 1892 1904
f 1907 1896 67
f 67 70 1907
f 1896 1907 1908
f 1909 69 1910
f 69 1911 1910
f 71 1911 69
f 1911 71 1912
f 1911 1912 1913
f 1879 1880 1914
f 71 66 1877
f 1914 71 1877
f 1912 71 1914
f 1877 1879 1914
f 1915 1912 1914
f 1914 1880 1915
f 1880 1881 1915
f 1916 1917 116
f 116 115 1916
f 1917 1916 1918
f 1918 1916 1919
f 1916 115 1920
f 1921 1920 115
f 115 114 1921
f 1922 69 1909
f 1923 1924 70
f 70 139 1923
f 70 1924 1925
f 1907 70 1926
f 70 1925 1926
f 65 1927 1928
f 65 141 1927
f 1929 65 1928
f 1929 1883 65
f 1930 270 1931
f 270 1932 1931
f 1930 1931 1933
f 1930 1933 1934
f 269 1932 270
f 1932 269 1935
f 1932 1935 1936
f 243 1937 244
f 1938 243 1939
f 1937 243 1940
f 243 1938 1940
f 243 1941 1939
f 1937 1935 269
f 269 244 1937
f 1942 1943 771
f 771 1941 243
f 1941 771 1944
f 771 1943 1944
f 140 1927 141
f 1927 140 1945
f 1927 1945 1946
f 1947 1948 1949
f 1948 1947 1950
f 1948 1951 1949
f 1951 1946 1945
f 1951 1945 1949
f 1945 140 1949
f 1949 140 1947
f 1947 140 1952
f 140 268 1952
f 268 1953 1952
f 1952 1953 1947
f 1953 1950 1947
f 1954 1955 1956
f 1955 1957 1956
f 1958 1954 1959
f 1951 1958 1959
f 1958 1951 1948
f 1956 1959 1954
f 1955 1960 1957
f 1958 1948 1950
f 1959 1946 1951
f 1961 270 1930
f 1962 1961 1963
f 1961 1930 1963
f 1922 1964 139
f 139 69 1922
f 1964 1922 1965
f 1964 1965 1966
f 1958 1950 1967
f 1950 1968 1967
f 1964 1968 139
f 1968 1964 1967
f 1964 1960 1955
f 1967 1964 1955
f 1954 1958 1967
f 1955 1954 1967
f 1961 1923 139
f 139 270 1961
f 1968 1953 268
f 268 139 1968
f 1968 1950 1953
f 752 1969 1970
f 752 1971 1969
f 752 1972 1971
f 752 1973 1972
f 752 1974 1973
f 1974 752 596
f 431 1975 1974
f 431 1976 1975
f 596 431 1974
f 1977 116 1917
f 1978 114 1979
f 114 392 1980
f 1921 114 1978
f 114 1980 1979
f 1981 393 1982
f 1983 1984 1985
f 393 397 1986
f 393 1986 1982
f 1987 398 1988
f 398 393 1981
f 1985 1984 1989
f 398 1981 1988
f 1990 1984 1991
f 1984 1992 1991
f 1993 398 1987
f 1990 1989 1984
f 1984 1994 501
f 1994 1984 1995
f 1984 1996 1995
f 1997 1992 1984
f 1984 501 1997
f 1986 397 1998
f 1999 1984 1983
f 397 759 2000
f 397 2000 1998
f 1999 1996 1984
f 2000 759 2001
f 431 2002 1976
f 431 429 2002
f 1977 2002 429
f 429 116 1977
f 531 2003 532
f 2003 531 2004
f 531 1970 2004
f 1970 531 537
f 537 752 1970
f 2003 2005 761
f 761 532 2003
f 775 2006 2007
f 775 2007 2008
f 2009 775 2010
f 775 2008 2010
f 761 2006 775
f 2006 761 2005
f 2011 434 2012
f 436 2013 2014
f 436 2015 2013
f 440 2012 434
f 2012 440 2016
f 2016 440 2017
f 2014 438 570
f 438 2017 440
f 438 2018 2017
f 438 2014 2018
f 570 436 2014
f 2011 2019 435
f 435 434 2011
f 436 2019 2015
f 436 435 2019
f 2020 2021 481
f 481 468 2020
f 398 2020 468
f 2020 398 1993
f 2021 2022 486
f 486 481 2021
f 2023 486 2022
f 476 2024 474
f 2024 476 2025
f 2026 2025 476
f 2026 476 2027
f 476 2028 2029
f 476 478 2028
f 476 2029 2027
f 2030 2031 813
f 2031 2032 514
f 514 813 2031
f 2033 514 2032
f 2034 2035 470
f 470 482 2034
f 470 2035 2036
f 2037 470 2036
f 2037 2038 471
f 471 470 2037
f 2039 2040 522
f 522 518 2039
f 2039 518 2041
f 2042 817 2043
f 2040 2043 817
f 817 522 2040
f 2044 759 2045
f 2046 759 2044
f 1994 2047 501
f 501 2048 502
f 2048 501 2049
f 501 2047 2049
f 2050 1997 501
f 501 503 2050
f 2051 2052 486
f 486 529 2051
f 2052 2053 482
f 482 486 2052
f 486 2054 529
f 2054 486 2023
f 509 2055 510
f 2055 509 2056
f 2055 2056 2057
f 2058 2056 509
f 509 514 2058
f 528 2051 529
f 2051 528 2059
f 2059 528 2060
f 2061 482 2053
f 2062 2041 518
f 518 523 2062
f 529 2063 527
f 2063 529 2064
f 2064 529 2054
f 2065 510 2066
f 2065 2067 550
f 550 510 2065
f 2066 510 2055
f 2068 2069 528
f 528 553 2068
f 2069 2060 528
f 527 2070 551
f 2070 527 2063
f 551 2071 559
f 2071 551 2070
f 2072 2073 540
f 540 561 2072
f 2073 2074 520
f 520 540 2073
f 2071 2075 567
f 567 559 2071
f 2076 2077 502
f 502 2078 2076
f 2076 2078 2079
f 2076 2079 2080
f 503 2077 2081
f 503 502 2077
f 2082 503 2081
f 606 2083 2084
f 2085 606 2086
f 606 2084 2086
f 2087 503 2082
f 567 2083 606
f 2083 567 2075
f 2088 2079 2078
f 2088 2078 2089
f 2088 2089 2090
f 2048 2091 2078
f 2078 502 2048
f 2089 2078 2091
f 2092 2093 589
f 589 591 2092
f 2093 2092 2094
f 2093 2095 589
f 2095 2096 589
f 2097 601 2098
f 2098 601 2099
f 592 2099 601
f 2099 592 2100
f 592 589 2096
f 592 2096 2100
f 2085 2101 603
f 603 606 2085
f 2101 2102 607
f 607 603 2101
f 58 2103 757
f 2103 58 2104
f 2104 58 2105
f 58 62 2105
f 2105 2106 2104
f 2106 2103 2104
f 2107 2045 759
f 759 758 2107
f 2107 2108 2109
f 2107 2109 2110
f 2107 2110 2045
f 2001 759 2046
f 2111 757 2112
f 771 2111 2113
f 771 757 2111
f 2114 1942 2115
f 1942 771 2115
f 771 2113 2115
f 2009 1980 392
f 392 775 2009
f 474 2024 2116
f 2117 474 2116
f 474 2118 807
f 2118 474 2117
f 2119 817 2042
f 2120 2121 810
f 810 809 2120
f 817 2120 809
f 2120 817 2119
f 810 2030 813
f 2030 810 2121
f 2107 758 2122
f 2122 758 2123
f 758 777 2123
f 777 2124 2123
f 2034 482 2061
f 2125 2126 776
f 776 586 2125
f 776 2124 777
f 2124 776 2127
f 2124 2127 2128
f 776 2126 2129
f 2127 776 2129
f 2130 807 2131
f 2131 807 2118
f 2132 842 2133
f 2132 2134 585
f 585 842 2132
f 2135 585 2136
f 585 2134 2136
f 2137 2138 553
f 553 820 2137
f 2068 553 2139
f 553 2138 2139
f 2140 821 2141
f 2140 2142 821
f 821 2143 822
f 821 2142 2144
f 2143 821 2145
f 821 2144 2145
f 2141 821 2146
f 2147 2146 821
f 821 819 2147
f 2148 561 2149
f 2148 2149 2150
f 550 2149 561
f 2149 550 2067
f 2151 822 2152
f 2152 822 2143
f 2072 561 2148
f 2153 523 2154
f 520 2154 523
f 2154 520 2074
f 2151 2137 820
f 820 822 2151
f 68 2155 62
f 2155 68 2156
f 2156 68 1905
f 2157 1898 1903
f 1898 2157 2156
f 2157 2155 2156
f 2156 1899 1898
f 2156 1905 1899
f 2157 1903 2158
f 2103 2112 757
f 2106 2105 2157
f 2106 2157 2159
f 2157 2158 2159
f 2105 2155 2157
f 2159 2103 2106
f 2103 2159 2112
f 2105 62 2155
f 2160 478 2161
f 2028 478 2160
f 807 2147 819
f 2147 807 2130
f 2058 514 2033
f 2161 478 2162
f 471 2162 478
f 2162 471 2038
f 2092 591 2163
f 591 2164 2163
f 2165 2164 591
f 591 604 2165
f 842 2097 2166
f 842 601 2097
f 2133 842 2166
f 2102 2167 607
f 2168 607 2169
f 607 2167 2169
f 2135 2125 586
f 586 585 2135
f 2125 2135 2170
f 2050 503 2087
f 2168 2165 604
f 604 607 2168
f 2153 2062 523
f 925 1895 926
f 1895 925 1890
f 1891 925 1906
f 925 928 1906
f 1890 925 1891
f 932 2113 2111
f 932 938 2113
f 2112 932 2111
f 2159 939 2112
f 939 932 2112
f 1902 940 1903
f 940 2158 1903
f 940 939 2158
f 1902 1901 940
f 1901 1904 940
f 940 1906 928
f 1906 940 1904
f 1897 947 1886
f 1886 947 1887
f 2115 2113 938
f 2158 939 2159
f 1912 1915 952
f 952 949 1912
f 1913 1912 949
f 949 948 1913
f 1878 954 1881
f 954 952 1881
f 952 1915 1881
f 1868 954 1869
f 1869 954 1878
f 948 1910 1911
f 948 1911 1913
f 1866 1876 966
f 966 965 1866
f 954 1866 965
f 1866 954 1868
f 966 1876 1875
f 966 1875 1882
f 948 1965 1922
f 948 975 1965
f 948 1909 1910
f 948 1922 1909
f 1938 1183 1940
f 1939 1183 1938
f 1041 1944 1942
f 1942 1944 1943
f 2114 1041 1942
f 1041 2115 938
f 2115 1041 2114
f 1928 1927 1033
f 1033 966 1928
f 966 1882 1883
f 966 1883 1929
f 966 1929 1928
f 1925 1690 1926
f 1693 1925 1924
f 1693 1690 1925
f 1693 1924 1923
f 1127 1694 1962
f 1694 1961 1962
f 1694 1693 1923
f 1694 1923 1961
f 1962 1963 1757
f 1962 1757 1127
f 1964 1966 975
f 975 974 1964
f 1964 974 1960
f 974 1161 1960
f 1161 1957 1960
f 1959 1956 1162
f 1965 975 1966
f 1161 1162 1956
f 1957 1161 1956
f 1959 1162 1946
f 1162 1927 1946
f 1162 1033 1927
f 1184 1944 1041
f 1184 1183 1939
f 1944 1184 1941
f 1184 1939 1941
f 1183 1936 1937
f 1183 1133 1936
f 1937 1936 1935
f 1940 1183 1937
f 1276 2004 1284
f 2004 1276 2003
f 2003 1276 2006
f 1276 2007 2006
f 2005 2003 2006
f 2008 2007 1276
f 1276 1277 2008
f 2017 2018 1306
f 1306 1286 2017
f 2013 1308 2014
f 1308 1306 2014
f 1306 2018 2014
f 1267 2012 2016
f 1267 2019 2011
f 1267 2011 2012
f 1267 1309 2019
f 2019 1309 2015
f 1309 2013 2015
f 1309 1308 2013
f 1976 1279 1975
f 1279 1311 1975
f 2002 1279 1976
f 1917 1918 1243
f 1243 1977 1917
f 1243 2002 1977
f 1243 1279 2002
f 1969 1284 1970
f 1970 1284 2004
f 1969 1971 1312
f 1312 1284 1969
f 1919 1978 1240
f 1978 1919 1916
f 1978 1916 1920
f 1978 1920 1921
f 1978 1979 1274
f 1274 1240 1978
f 2010 1274 1979
f 2010 1979 1980
f 2010 1980 2009
f 2117 2116 2130
f 2118 2117 2130
f 2116 2171 2144
f 2116 2144 2130
f 2141 2130 2140
f 2140 2130 2142
f 2130 2144 2142
f 2130 2141 2146
f 2130 2146 2147
f 2131 2118 2130
f 2029 2171 2116
f 2024 2025 2026
f 2027 2024 2026
f 2029 2116 2027
f 2116 2024 2027
f 2128 1012 2124
f 1012 2123 2124
f 1010 2123 1012
f 2123 1010 2108
f 2123 2108 2107
f 2123 2107 2122
f 2032 2031 2033
f 2030 2057 2031
f 2031 2057 2056
f 2033 2031 2058
f 2031 2056 2058
f 2040 2150 2043
f 2042 2030 2119
f 2150 2057 2030
f 2043 2150 2042
f 2150 2030 2042
f 2119 2030 2121
f 2119 2121 2120
f 2062 2040 2039
f 2062 2039 2041
f 2072 2062 2073
f 2150 2040 2062
f 2150 2062 2072
f 2150 2072 2148
f 2073 2062 2074
f 2074 2062 2154
f 2062 2153 2154
f 2108 1010 2109
f 1988 2172 1987
f 2172 2173 2084
f 2139 2171 2036
f 2139 2036 2035
f 1987 2172 1993
f 1993 2172 2020
f 2020 2172 2063
f 2021 2020 2064
f 2063 2172 2071
f 2022 2021 2064
f 2071 2172 2075
f 2054 2022 2064
f 2075 2172 2083
f 2172 2084 2083
f 2020 2063 2064
f 2023 2022 2054
f 2070 2063 2071
f 2051 2034 2053
f 2034 2139 2035
f 2139 2034 2051
f 2139 2051 2059
f 2139 2059 2060
f 2139 2060 2069
f 2139 2069 2068
f 2051 2053 2052
f 2053 2034 2061
f 2172 2081 2173
f 1994 1166 2047
f 2081 2172 1997
f 2172 1992 1997
f 2082 2050 2087
f 2050 2081 1997
f 2081 2050 2082
f 1992 2172 1991
f 1995 1166 1994
f 1166 2049 2047
f 2037 2036 2161
f 2172 1988 1981
f 2036 2171 2029
f 2038 2037 2161
f 2162 2038 2161
f 2161 2028 2160
f 2036 2029 2161
f 2029 2028 2161
f 1982 2172 1981
f 2172 1167 1983
f 1999 1167 1996
f 1983 1167 1999
f 1990 1985 1989
f 2172 1983 1985
f 1991 2172 1990
f 2172 1985 1990
f 1167 1166 1995
f 1167 1995 1996
f 1167 2110 1010
f 1167 2172 1998
f 1167 1998 2000
f 1167 2000 2001
f 2044 1167 2046
f 2110 1167 2045
f 1167 2044 2045
f 1167 2001 2046
f 2172 1982 1986
f 2109 1010 2110
f 1998 2172 1986
f 2145 2171 2139
f 2145 2139 2138
f 2145 2138 2137
f 2145 2137 2151
f 2143 2145 2152
f 2145 2151 2152
f 1356 2163 2164
f 2084 2173 2086
f 1356 2164 2165
f 2169 1356 2168
f 1356 2165 2168
f 1551 2049 1166
f 2049 1551 2048
f 2173 2081 2077
f 2048 1551 2091
f 2091 1551 2089
f 2080 2173 2076
f 2173 2077 2076
f 1551 2090 2089
f 1588 2086 2173
f 2086 1588 2085
f 1588 1356 2169
f 2085 1588 2101
f 2101 1588 2167
f 1588 2169 2167
f 2102 2101 2167
f 1588 2090 1551
f 1588 2173 2080
f 1588 2080 2079
f 2090 1588 2088
f 1588 2079 2088
f 2098 2100 1353
f 1353 1352 2098
f 2100 2098 2099
f 1353 2094 1356
f 2094 1353 2100
f 2094 2100 2093
f 2093 2100 2095
f 2095 2100 2096
f 2145 2144 2171
f 2163 1356 2094
f 2163 2094 2092
f 1352 1523 2132
f 2133 2166 2132
f 2166 1352 2132
f 2132 1523 2134
f 1523 2136 2134
f 2136 1523 2135
f 1523 2170 2135
f 1523 2129 2126
f 1523 1528 2129
f 2170 1523 2125
f 1523 2126 2125
f 1352 2166 2097
f 2098 1352 2097
f 2010 2008 1277
f 1277 1274 2010
f 1690 1897 1896
f 1690 947 1897
f 1690 1896 1908
f 1690 1908 1907
f 1690 1907 1926
f 1972 1973 1311
f 1311 1310 1972
f 1971 1972 1310
f 1310 1312 1971
f 2128 2129 1528
f 1528 1012 2128
f 2129 2128 2127
f 1243 1919 1240
f 1919 1243 1918
f 1311 1973 1974
f 1311 1974 1975
f 2055 2150 2066
f 2057 2150 2055
f 2066 2150 2065
f 2065 2150 2067
f 2067 2150 2149
f 926 1887 947
f 1887 926 1895
f 1267 2016 1257
f 1132 1936 1133
f 1132 1931 1932
f 1132 1932 1936
f 1933 1931 1132
f 1933 1132 1934
f 1132 1963 1930
f 1132 1757 1963
f 1132 1930 1934
f 1257 2017 1286
f 1257 2016 2017
