v -42.220222500000048 31.63325250000003 9.1587073010595974e-17
v -42.198138750000084 32.818916250000044 9.2144212282463209e-20
v -40.443087171953962 32.152626145730409 -6.8761174798626533e-17
v -42.21420666452115 32.504370997180388 1.7237172383278501
v -42.128155718954382 31.05401385437527 3.3864028200856112e-19
v -42.165105481421563 31.13701667982987 1.27697413216376
v -42.223572178967252 31.691769571022888 2.002841652145098
v -42.061847383406402 31.74969734123 4.4475210403912877
v -42.219817627548842 32.205090402969432 3.616671900223098
v -42.21700577383514 31.64208354128619 3.5469437510544788
v -42.220100888550242 32.274881780139843 2.6771123447495131
v -42.082270045844453 30.810128833791421 3.0651797789158879
v -42.13161618272224 31.15020939522838 3.8511354618372349
v -42.033704365857552 31.246462501479261 4.3971362857756224
v -42.172323458812897 33.420749030547547 2.5905569122152849
v -42.061382499999979 34.550112500000012 0
v -42.05053105500113 32.585875450371198 4.4817843528740369
v -42.184610889867521 33.116015893648822 3.8877173464373289
v -42.020622954434558 33.571697859351353 4.5645973237991644
v -42.068842013208553 34.486546373473011 4.1344285203018663
v -40.415605559102239 30.994146709674659 1.016626553426369e-16
v -41.96576500000009 30.500092500000001 3.9230327898521419e-20
v -42.021796678549123 30.728808788649879 3.872195531684119
v -41.85354627918403 30.301164694416819 3.7336025601779488
v -41.705567778844873 30.010784192404849 2.4243036704410308
v -42.123687763633001 30.97357275681065 2.1710769555398239
v -41.992003772745413 30.557493083442498 2.30930919358621
v -5.2771138209254486e-16 29.844554133706509 8.6181787656637319
v -3.3223366820917319e-16 28.13086476632159 5.4257868886714684
v -5.7817607501923467e-16 26.254525803924789 9.4423294500442303
v -3.3290425328681319e-16 24.621806392690111 5.4367400687743146
v -5.1278597252918207e-16 23.219911252910268 8.3744320216062782
v -6.5828081735260003e-16 22.622624907568561 10.750541257391321
v -7.9374659186535771e-16 25.760698515670889 12.962870020986729
v -41.842830903512187 30.783892115011639 4.582701818398256
v -41.741977369006626 31.203491939259159 5.014271628136874
v -41.806973908712664 31.88770591639744 5.0185704413578396
v -41.791222139085853 32.769407108284817 5.0452547231590419
v -41.836622499999997 35.885719999999999 0
v -40.378347268229582 35.161989340691541 0
v -41.978965691718109 35.152452707209108 2.4120468485876612
v -38.919673582538557 34.23520422940647 0
v -39.038660018277348 33.59437846195997 6.5768473375722666e-07
v -41.917655461981603 34.762472148581573 4.7708706212808991
v -41.86196197261588 35.762157481914699 4.4016356364617621
v -41.737953718423547 33.887668233751519 5.1347401288869712
v -41.633721268542558 29.906267241696479 0.02400293126910924
v -41.98055798704064 30.528748741309268 1.430615009567354
v -41.744408269120022 35.966560778904473 4.8962109214089216
v -41.649115635442158 35.350624384878373 5.2581838031234973
v -41.565743010045807 36.908836753905163 4.6255254708985332
v -41.711911991312398 36.418141355155811 2.509215959849755
v -41.51202549666634 30.690505354434482 5.1344315720114917
v -41.670693178036259 30.276779477149471 4.437111982008469
v -41.396450000000002 30.308579999999999 5.0261779999999998
v -41.554654999999968 36.951475000000023 0
v -39.824225033447547 36.212397126589558 0
v -41.399957555943097 31.859823528340979 5.5805846019016521
v -41.315394773966368 33.591446444969371 5.6685227569340979
v -41.230457962990187 30.747730472238281 5.5168928875662946
v -41.269938728574871 31.16855836308228 5.6231823938502599
v -41.374443031519696 36.238184622066541 5.5648931349115696
v -41.411628011765792 37.001335987671673 5.2350415532984371
v -41.408289761107369 29.84620311645569 4.3609557236032321
v -41.560967483940161 29.823758413825072 3.6010262650834788
v -41.134696522944907 34.872699306769363 5.8785033704779099
v -41.014425014063782 29.862414479348079 5.0624054473863316
v -40.268980499155937 29.876390192580491 0
v -41.189674048707928 29.40459643872191 0.0048263089181790342
v -41.216472342349803 29.430112517356989 1.9608727809187461
v -41.677251438610561 29.968083770545832 1.4162785228771131
v -41.180249927447029 29.493428847318832 4.1080908661240718
v -41.242123733434212 29.45453656915506 3.366371836625786
v -41.297893943666502 37.671624994450923 4.6953584340827943
v -41.258737199271827 37.778660434338413 3.7269020435749498
v -41.399889929525997 37.416117442435947 2.272002416019101
v -41.182820000000923 37.947135000000287 0
v -38.897490832974633 37.679000390001548 0
v -41.042070307134331 37.442980854252781 5.6887669645638281
v -40.975316590239082 36.509605539441402 5.9606780965174231
v -40.962147053061052 30.282832689865941 5.498887907519153
v -41.091208919680902 37.98139801107358 5.1919069453313904
v -40.77640185104412 29.464545374655248 4.7962633459157118
v -40.899352087035261 31.33671212006681 5.9770214811602207
v -40.847645413141919 32.169830783592509 6.0619247181163054
v -41.33493334831067 32.664269264556452 5.6486240622918533
v -40.898184052085711 38.545752369052622 4.6432782114336266
v -40.764849269194947 30.72547207521184 5.8994783742603136
v -40.945397864187107 38.454671718514419 2.3808589433355731
v -40.836814999999987 38.658115000000009 0
v -40.701677548428442 29.038993886156319 0
v -40.741027537101672 29.063913054828451 0.98918193901404727
v -40.832894911891117 29.194191338869171 4.0373797326906109
v -40.81500196183044 29.11083496668234 3.11173012850317
v -40.602970776596528 37.499584107086591 6.1348168923460742
v -40.779874276597262 38.160105239789281 5.6814478779823414
v -40.425704567964047 36.56559639816961 6.3067123507485281
v -40.523194306247007 35.290011313745239 6.2579261652611171
v -40.450615188288857 29.85690715259414 5.5641666084713721
v -40.254075704503457 29.524763940098111 5.3562590715891298
v -40.39213881018155 31.306278068557749 6.2757040886787001
v -40.293779146074158 32.310821268375477 6.3660480318233681
v -40.403532646377677 33.088080461319379 6.3168634913721453
v -40.951021455248977 32.907139618692298 5.9879173914169961
v -23 32.645660360215501 3.2588314261733511
v -23 33.430196673412183 6.3499999999999996
v -23 36.662401746837062 3.6874843616102151
v -23 31.084866003741919 4.6937237471720819
v -23 34.450000000000003 3.3708730000000001e-16
v -23 32.161523229062503 3.3708730000000001e-16
v -23 29.449999999999999 3.1749999999999998
v -40.35617940263581 30.244616000922321 5.9036936073337971
v -40.783722116427697 38.597958250655957 5.2250982876829708
v -40.531792959193872 28.971510056027022 3.7827380590381452
v -40.16274967773154 28.777232172275841 3.334784063910206
v -40.276434793000703 28.821739620818381 2.4505709628674408
v -40.696801167741512 29.035905820392021 2.0271826462769731
v -40.326647151176751 39.429903632181848 4.9372451101091359
v -40.439590180845819 39.306632954393642 2.983964059376389
v -40.262736669146641 30.66182247340717 6.1563530881138258
v -40.435793607714508 29.11936455487422 4.5312585371406939
v -40.19227632931382 29.194217823555331 4.9367487776435146
v -40.332428827277042 38.846294188898391 5.7780295519787543
v -40.407971569362388 39.162603913653591 5.3291813080873283
v -40.157077500000128 39.688287499999838 0
v -40.277029560846607 28.916877814312951 4.1757449587331559
v -40.397291965477301 38.243739895489533 6.0717401522739518
v -40.235576745969297 28.805323113790209 0
v -40.007374864902062 37.349807398616917 6.469599398135319
v -40.184265189135253 37.857054993003011 6.3364476023170386
v -39.90362842447702 36.05914666391044 6.503474449561649
v -39.741153727257569 29.883780000000002 5.9144953304255301
v -39.845430996169192 31.80689560095383 6.51882566984054
v -39.691849059867117 30.722491298366609 6.37401103769463
v -39.787059999999997 31.253319999999999 6.4940220000000002
v -39.787330587506517 28.919927466223989 4.6808033723964337
v -40.053594798892711 39.465979061053012 5.5923491747029317
v -39.605333800765202 29.54467121877968 0
v -39.700323273919537 28.642951000799819 0
v -39.587601961178962 28.62181587368638 1.091951766170411
v -40.112561642486277 28.75826473848597 1.75327810799298
v -39.766638236217673 33.102609782090681 6.5384910340392546
v -40.025708656321321 38.56534850276477 6.2142538980484829
v -39.797122033660877 39.228635590385558 6.068107619850629
v -39.800196762904442 30.333497028722832 6.179022535363238
v -39.861712196310151 39.960863860926182 5.1523377195037421
v -39.988162693907967 39.905079022092437 4.3614094601674704
v -39.643237658420837 29.126057732459849 5.1155873746965428
v -39.59664909517636 29.504940000000001 5.6220235322112622
v -39.865304442622481 40.0489242913902 1.974227582303947
v -39.642327500000007 40.290717499999971 0
v -39.69343771151798 38.254164816057568 6.4774255154272469
v -39.887416850379843 28.758065059790241 4.0716935466530924
v -39.533734153202978 28.614793079365381 3.565739144356292
v -39.61119774846081 28.62590986725932 2.6247578729240661
v -39.3630802822437 40.566618803498137 4.7472929574146914
v -39.15289098007765 40.764461863578703 3.91454948236004
v -39.130022116295542 40.784667653353857 2.4570431663713759
v -39.193128795186112 37.958926862356464 6.6203835378942744
v -39.208411976630792 36.353633786401893 6.619451107895828
v -39.303514491218372 39.132076520248837 6.4155694556329079
v -39.615660077126407 39.907953586118559 5.7038350375521718
v -39.42998237625411 28.728668013363169 4.3415805131576848
v -39.075534592319258 28.931320334788239 4.939268020150009
v -39.049999999999997 31.138493198716279 6.5765632432331493
v -39.487133082961748 32.272969750261083 6.5906864961944613
v -38.946357499999998 38.534480000000002 6.6291754999999997
v -39.055415000000004 30.313649999999999 6.2970320000000006
v -39.013941141210289 29.64137707913692 5.8466383122004526
v -39.049999999999997 29.074999999999999 5.3285449999999999e-17
v -39.049999999999997 28.574999999999999 3.9443050000000001e-31
v -39.05171798948593 28.575042125424201 0.834562360949199
v -39.229585637535067 39.800105437540218 6.1602081069227346
v -39.154268724443071 40.609845647073882 5.3699802178790561
v -39.049999999999997 28.574999999999999 3.6598694869566248
v -39.049999999999997 28.574999999999999 2.7608157628542309
v -39.030745649160608 40.368339602676969 5.8660627692737304
v -39.014517480964102 40.878096164827198 -9.4270005165437289e-08
v -37.330297996726387 39.183517874126423 -2.496094643846701e-17
v -39.070283766136889 29.11687360508078 5.2370801489193841
v -39.049999999999997 32.45076675041571 6.6336009999999996
v -38.885439008851982 40.987296728067882 4.7436716530056637
v -38.648259440054048 39.824035603450596 6.4601128154548197
v -38.340398503461138 39.356372354255967 6.6704104638482127
v -38.13892751097778 37.513996063816762 6.7149808253571379
v -38.548457624062813 40.388688284552522 6.2287573357634933
v -39.049999999999997 28.714574900239299 4.4503066752442662
v -37.944536327936163 40.332908367733452 6.5303919396902383
v -38.876960611312931 30.299783582516302 6.3232776916799667
v -38.780988868348807 29.14405224453623 5.4898860898713888
v -38.636250028813087 30.167935764682461 6.3189553056397259
v -38.618197820949987 29.248660736205782 5.7268246838969059
v -38.432151508671573 29.609561879683302 6.0986461384264743
v -38.46177434240397 29.910033971136691 6.2496367536290132
v -38.401127044512883 40.950986446054593 5.8186368074087973
v -38.62622332193088 41.060121510408173 5.3441817147528221
v -39.049999999999997 29.02534024269643 4.5594358110634774
v -39.049999999999997 29.0271854369274 3.9767404973170981
v -39.049999999999997 29.074999999999999 3.4804012499404591
v -37.134670564981008 39.131461661505128 6.8046847882530024
v -37.313504017713392 40.215870503634733 6.7403026726392534
v -39.049999999999997 31.247530064402468 5.383205926425493
v -38.790660831701643 30.26836717685778 5.639957873114442
v -39.067098345369402 30.315292863453589 4.9835794459991094
v -39.049999999999997 29.074999999999999 0.39056594597169397
v -38.800082417828037 29.12808327193056 0.032948936678016037
v -39.010317987257523 29.67156738125388 0
v -39.049999999999997 30.324999999999999 0.5815117217249347
v -38.710905055849359 30.22452849918453 0.019359713842182751
v -39.049999999999997 30.324999999999999 5.3285449999999999e-17
v -39.659490249577971 30.100695096290249 2.6642724999999999e-17
v -39.322684954996973 29.914696043216061 0
v -39.052906242531542 31.657320000999089 -2.2767488982914689e-16
v -39.049999999999997 30.82478191571607 0.58489613207980251
v -39.049999999999997 32.257100868296263 5.5171755452348554
v -38.997012606944978 33.849699928032123 1.9961828994094519
v -39.049999999999997 32.417597124153517 0.86549193610385045
v -39.049999999999997 32.60875903879176 2.0885924917517662
v -39.039375099885888 33.593121044493891 6.6345511689079322
v -38.927259672140408 34.209091899386458 6.6445645751020397
v -39.785580065966982 34.600187943861982 6.5345246569041811
v -39.021667740290553 33.758896661398921 5.7022845494264303
v -39.044687549942942 32.964095888133443 6.045827369347915
v -38.639797324493067 34.931832795823048 6.6702417470450728
v -38.873821972927878 34.37945493684375 5.8716119087609009
v -38.690459481665449 34.80308468812089 0
v -38.883456538144443 34.349322639682462 1.990308249263294
v -37.914739891107089 40.854005058018281 6.2613405600411918
v -38.574142981919842 29.300017313826231 5.2132647637806784
v -38.736947902839468 29.15919243305488 4.9384304258326006
v -37.994176089609468 41.454355322196257 5.4734499361973814
v -38.481837625061139 41.271992680536002 4.9728440928470068
v -38.43965 29.578634999999998 0
v -38.561360000000001 29.310320000000001 0
v -38.658859899806828 29.212612029043999 0.35296540733330589
v -38.520585632845233 30.032113380562869 0.1845248024922026
v -38.440669999999997 29.839079999999999 0
v -38.709406510658077 30.22330971003931 0.52048140166249901
v -38.410376598595057 35.248351883238882 5.0340411036678354
v -38.259369887583709 35.432615127941503 6.7042230100408942
v -38.726333475279077 34.733434986237853 5.0804790750381574
v -38.331898324379857 35.347368850081082 0
v -38.317768886992333 35.365109455131872 1.581998488903533
v -38.672627172986601 34.8384655007589 1.873761511992448
v -37.796110398961908 41.299032791781507 5.9255937258830107
v -38.473216530473991 29.46032712028904 5.4349143669891076
v -38.604610750211577 30.13672559323518 5.4806955712264394
v -38.064150083832587 41.573856611201514 4.8126992814075864
v -37.399149991358883 41.928435654306867 5.1139078259287079
v -37.331312515059032 42.005686959544143 4.2140540800859174
v -37.977670600703583 41.635243270480203 4.0190202237027153
v -38.36504731468515 41.380485224935093 4.3585830797837737
v -36.015129807816002 40.703884677572248 6.8795469578134636
v -35.866384075300481 38.269436249179648 6.9179718911570909
v -37.034706767218303 37.710813427954577 6.8136134782869711
v -38.474825098307981 29.45822427019619 0.44875210669069387
v -38.428781233592296 29.766837570009979 0.58423965277336187
v -38.51163270777834 30.015847285733241 0.88050923535644321
v -38.455257038370668 29.890076981014111 5.4994944834108894
v -38.425254458343147 29.694271503367499 5.0744760852707502
v -37.91521695755867 35.768938357342194 3.135225775353092e-07
v -38.075534997041338 35.625171909273497 5.5415437678477266
v -37.812513614830223 35.851616067471333 6.7441381237267812
v -37.001609279660748 41.107495880243199 6.5010858542271768
v -37.352977158971541 41.34876763583285 6.1736598929551159
v -37.392984534080988 36.124985253576547 7.0568027567173302e-07
v -37.443394152985682 36.097244434760398 1.423170334568796
v -37.945692445626968 35.743124903842727 2.3228772216075719
v -37.024567280095148 36.296186056782147 6.8145197429575672
v -37.062267874245457 36.281381908736357 5.0754177858406351
v -37.527090937123319 36.047672086443249 5.0560483785298356
v -37.40961490468824 41.71628292360689 5.677437799661516
v -36.729374029082017 42.274820986754378 5.0665329099137022
v -36.56464280817481 42.375561424994423 4.3917075118850351
v -38.173699972469478 41.509930754673718 2.739669728554639
v -36.273016310486291 42.499787591679201 2.947610574214238
v -37.277692247610602 42.033886826997538 2.9715608702035698
v -37.510686091832618 37.461975777060211 0
v -36.677340193478273 36.408493622063219 3.1017924009133179e-07
v -36.762992075139913 36.385352587688509 1.215983915126877
v -8.025602992948126e-16 7.788096985008103 13.10680510418104
v -9.1386424350368316e-16 11.367951561137261 14.924538592758671
v -6.4985893533199405e-16 10.16444220839775 10.612999913484741
v -4.5284662687859303e-16 11.78489973123432 7.39554673814684
v -4.7189236643676955e-16 7.7599178603877901 7.7065868125585748
v -6.0795715467307015e-16 5.730923877242736 9.9286940982860585
v -36.76493565906236 42.072907863315528 5.6354177038423483
v -36.857602123696829 41.748585642509347 6.0523973418884554
v -36.485719452775427 40.915312528087789 6.7393856378165262
v -36.022497876630887 41.902755176707501 6.3227124940238619
v -35.652776448691533 42.381456113616757 5.9529023483540309
v -36.376838836152373 36.472216920787403 6.8723761300205766
v -36.569672244418321 36.435144911790331 5.285538718211952
v -35.445147380928333 41.585966992783732 6.724844673129275
v -35.781296428256908 42.581671893831192 5.4591236635904314
v -35.850359999999988 42.666545000000013 4.7951899999999998
v -35.749580447900208 36.50907942343499 6.928405319179447
v -35.909893105951859 36.511426751889232 5.3072288761603641
v -34.725772881115617 42.309127220765752 6.4531812365890682
v -34.748934524885783 41.010144164187253 7.0311208218572148
v -34.300607706646247 41.816940235812233 6.9136464797650694
v -34.805802370381123 43.018414102096493 2.979264881178266
v -34.871440864460418 42.998609220239523 0
v -36.051235177792869 42.588787335877832 0
v -34.246565635212313 40.91658094442738 -1.4900504604822081e-17
v -37.119729999692318 42.110643748558537 1.9857578168879e-17
v -35.861131986942503 40.34702530152024 -1.6237189199847161e-17
v -33.994646245916677 38.232525798643707 7.1080025077467406
v -35.070443099375531 38.209669823379613 -2.7317143909492011e-17
v -35.385727133338861 36.473615745156494 0
v -35.934269152313277 36.511509999997998 7.7044970676300827e-08
v -35.285203432350123 36.456341394964838 1.3701736831353739
v -36.672021070372281 37.703156491076797 3.8522485328265777e-08
v -36.087899662887367 36.504874474898457 1.851776448803703
v -34.378615229716857 42.64025404278069 6.2491120830874838
v -33.798021331696923 42.433459218416992 6.6773013011947624
v -35.266509831419469 36.452416300330491 4.7427379322471941
v -35.137800724658653 36.424798558324127 6.9829320632371932
v -34.709008576642823 42.979199077537082 5.3476308846322462
v -34.947047429709762 42.975596699873037 4.590225259315587
v -34.923923593683767 42.730680032826847 5.8319701914010116
v -34.826565343537268 36.333618747606153 2.549480671589952e-07
v -34.533403217861633 36.21501648025599 5.3704892722399551
v -34.418483133777023 36.158697671352492 7.0515645904904334
v -33.581215337888537 43.34761984037393 0.03031394487680017
v -34.126093393049381 42.960063783243093 5.9122940014855194
v -33.579482289340689 37.541932909097881 -2.8472543484436449e-17
v -34.357015465858623 36.124985253687377 0
v -34.556799249803667 36.225711855921119 1.0238095234394819
v -34.101524400675842 43.216584776317362 4.9115487717561228
v -33.559848813333687 43.25101039346697 5.6300537577866443
v -32.627628109309221 43.551888691509809 5.2054341039762209
v -33.233203833058766 43.428069184101432 3.254683446032002
v -33.952848369354747 35.863566854109308 7.1141984221128194
v -33.834783042462568 35.76893835731687 4.7824903797466264e-07
v -33.931453238249922 35.846885221596587 1.469728748058527
v -33.50369762288048 42.966811515764917 6.2460023427327576
v -32.177862499995612 43.639027500002108 0
v -31.925452356523781 41.229231136187153 -2.5709868809136741e-17
v -33.985172689492323 35.88730903933704 5.3211640766865136
v -33.54489849180765 35.492957932823337 7.1833979150133001
v -32.664353130769904 37.479711209335399 7.3805397716048651
v -31.868863788718581 36.231805256331981 -2.9486836787239232e-17
v -33.418101675620093 35.347368850081033 0
v -33.343423834002436 35.222634421225067 5.4647727864328672
v -33.238616052885547 35.129943845547373 7.2444524363220486
v -33.610354815165167 35.561445445771703 5.4961032778898682
v -33.482739241955549 41.316403650802258 7.1826946859009659
v -32.044413650999353 41.647608551574919 7.5391414987932857
v -33.156068032364168 42.047913478840719 7.1024482864008638
v -32.61311659438568 39.776396144972018 7.3939872746537683
v -32.824115434717797 42.91763497077266 6.6203490644497904
v -32.817408948898539 42.507360281644438 6.9724167049441537
v -32.699465588404451 43.263391964640157 6.2019725608433376
v -33.059540518334607 34.803084688121011 -1.2325951644078309e-32
v -33.482715993182673 35.422702975276067 2.0505596123188008
v -32.63352950027609 43.473043437744757 5.7240277741766716
v -33.008617694910797 34.702266198087628 5.3207224193179199
v -32.905355330348343 34.4601276465336 7.3196627494477404
v -31.498623610486241 35.465640297454073 7.7222592703347512
v -32.830326417461478 34.235204229406591 0
v -32.938681742869207 34.543703408195171 1.523402638864406
v -33.147125865781078 34.961043684551143 2.1921532976374292
v -32.307017022607788 42.236774298502297 7.2936889341824731
v -30.270695226844509 41.397922448879058 8.2592380393008806
v -31.54342201828203 42.208367939949632 7.5732171815880376
v -31.293560996243901 39.701228705113913 7.8231383565882906
v -31.58353031951631 43.687021980521578 5.628712447539491
v -31.21677658983085 43.788378942498717 4.7964696069801791
v -31.86513425979599 43.696288272671588 3.3819527866207402
v -31.911268685625849 43.17739722139482 6.7081695214546917
v -31.943191229387999 42.773950480310681 7.1012281581926713
v -31.969972330254841 43.485110704699061 6.1389862231258041
v -32.720297635864192 33.6905740966411 7.3626128811189853
v -31.893165839560979 33.714717392411323 7.6082387127577498
v -32.716940451344179 33.659918199855547 5.6191140409347602
v -32.828658949946842 34.229430138252283 5.3579951918461219
v -32.711339981662327 33.594378461963807 0
v -32.780269123331941 34.042482010397109 1.842266123036659
v -31.364167464627769 33.92266573385897 -3.6830278855483311e-17
v -32.700000000000003 32.24280382355888 5.8186401990545207
v -32.700000000000003 32.025056131969137 7.3710440000000004
v -32.705669990831169 30.883049230981911 2.9161899999999998e-16
v -32.713579395212797 33.618427370633142 1.8406532202797461
v -31.63815422732608 27.8463797245306 4.9483425911832053e-06
v -32.700000000000003 28.171720000000001 5.8323799999999995e-16
v -32.700000000000003 28.174320000000339 2.3148373750002111
v -31.6885186807447 27.884070539748208 4.8040488588309369
v -32.676637027720218 28.251263833823561 5.205253560265092
v -32.700000000000003 28.171720000000001 4.3074328758497513
v -32.700000000000003 29.162774171147149 5.0785878886540514
v -31.21616246144195 27.689434740178289 2.995010959195413
v -32.700000000000003 29.494266113545638 3.7804300528653241
v -31.981099078041758 28.144200530789519 5.5266906421466704
v -32.700000000000003 28.52356703352439 5.8347200376085659
v -32.620199714883078 28.779163394696809 6.3088808497038293
v -32.700000000000003 29.090590225059241 6.6119039251281038
v -31.830778292208031 28.33558533515145 6.0739956707842966
v -32.700000000000003 29.779196991775461 6.1262452680520338
v -31.68512604192814 28.671581206406039 6.6115631042953753
v -32.700000000000003 29.664452500000628 7.0182950000000526
v -31.509934569325321 29.729997304661509 7.4692848519269797
v -32.700000000000003 30.1495641645981 7.2318641843128706
v -31.491256109443 29.079564478974099 7.100343668682739
v -31.529917884200959 30.591159036392941 7.7055973445770576
v -32.700000000000003 30.81865153863167 7.3621823624296034
v -32.700000000000003 30.449809158069488 6.4922682018754836
v -32.700000000000003 31.289446997364799 6.5191987042600719
v -30.612982500002779 43.885607499998741 0
v -30.552934048726019 43.897106434678172 2.1973409575104821
v -30.78701999313294 27.557911873956321 5.1578522644630773
v -29.160828569336189 29.738014292141539 3.520748916741233e-16
v -30.179044748352268 27.224934873673821 3.6035899235988389e-07
v -30.84355674539632 27.838477973051649 6.000550374195547
v 3.1749999999999998 9.6883508310769866 14.1395883736919
v 3.1749999999999998 8.072115615200298 10.23731198102228
v 3.1749999999999998 11.619081276404129 11.564687429061131
v 3.1749999999999998 10.008096566783649 8.2530620961725951
v 3.1749999999999998 13.1699397469975 7.0617012482707846
v -8.4423205072735247e-16 32.416096321353322 13.78736551092053
v -1.0004455716911449e-15 35.147282685928772 16.338521011711169
v -8.0008612043010418e-16 35.809354003064669 13.066397667121249
v -9.6763067751761978e-16 32.538547296361521 15.80260830644565
v -6.0079354941950625e-16 33.591709487764923 9.8117030094271769
v -7.6294375880880518e-16 29.897811211692868 12.45981475590499
v -9.6667859846496347e-16 28.882130118963829 15.78706139477527
v -1.0055795337315189e-15 30.92563165762056 16.422356821956001
v -30.242650224511401 28.35791494129807 7.3048979430219454
v -30.549727132048542 27.979530213265718 6.5691941651090051
v -30.665809291385369 43.736386076061123 5.8881639179691501
v -29.919316858995899 43.956330064319559 4.4745923391767892
v -31.322636968255011 42.651982478381569 7.4151897146689567
v -30.411275358610109 42.127661151847178 8.0286217287817276
v -30.56605320331693 42.609334369546147 7.7175613993729524
v -31.021231939690729 43.111935978120123 7.1202143554235091
v -31.262167151709601 43.525838202190087 6.3920101714125153
v -30.66677566398894 32.542882305623763 8.0849831311236731
v -30.375798487416979 30.296575701733659 8.1729431539578723
v -31.805408913392089 32.206847816511292 7.6378502209577679
v -29.78023832019764 32.086808526350787 8.5265493423631185
v -30.051279964328319 35.118593774875791 8.3831317934836882
v -28.285549999969771 44.142321250010681 0
v -27.70972511079475 41.615463452338361 -4.9910622871413611e-17
v -28.943107077417491 44.084577133903203 2.124252569402691
v -29.63099690747859 39.903557032127573 -7.7513104587448226e-17
v -30.485054999999999 43.471364999999999 6.7726150000000001
v -30.54657130915875 29.08964033879445 7.642225974436192
v -30.558260930845321 29.70071273993381 7.9210520210534368
v -29.88327113530416 43.610719699727362 6.5499060437109353
v -29.54396188409725 43.850807390464738 5.5545879615318654
v -29.607071048864348 42.944155667148927 7.7471350307898366
v -29.504152220648471 42.389343027068143 8.2599349839198002
v -29.422864806122501 28.539279808062449 8.1451792798864631
v -29.612881877232319 27.548189112697269 6.9800197591597017
v -29.275274821764199 27.92426211667598 7.8196433158059504
v -29.596731799458979 29.26881090270679 8.3734283459243581
v -29.60019045923708 26.943158064788001 5.3518502411814541
v -29.63023162387201 27.176801354934049 6.229044291313274
v -29.771904195000129 27.012032625459149 3.139196408147948
v -29.060639737180029 29.952210321238208 8.9219884083060741
v -29.074673880265479 26.599754289534818 1.2896756836856621e-06
v -29.581618751629609 43.324187999998273 7.2328256727862676
v -28.80658715825048 43.72134068700548 6.164445194754105
v -28.973967408631591 43.497750141053949 6.9364044514280438
v -29.321073767266459 41.740147585521477 8.6626517913334204
v -28.668222269542401 40.952280809713614 9.1967908815119959
v -29.80845573726879 39.200594202562058 8.5111089362012624
v -28.26460157737192 44.022238344268658 4.7776640819213201
v -27.066017500000001 44.227415000000001 3.1527124999999998
v -28.616557540134501 42.600966181261313 8.4500494254326899
v -28.678182503259219 43.17701099999654 7.6930363455725352
v -27.736142115700609 42.693565226454261 8.6691447517695135
v -27.62535450991566 43.090450202945817 8.0512468884735835
v -28.031117747705739 43.427914387409629 7.1575074436014612
v -28.440111058105519 26.347194778940011 6.6273509346519512
v -28.789011704225022 26.83912925815314 7.0566144360018592
v -28.931320146581601 29.140297912394178 8.8404274966685215
v -28.816554676108691 28.497457607517621 8.6821669724859092
v -28.601517960380921 31.666141026700689 9.257087139156905
v -28.825594376198989 34.074712470677262 9.1043225681354976
v -28.574229983259279 26.27439408399038 5.478622709276336
v -28.695935990867309 26.351193892511791 3.0742686283647762
v -28.10476223102464 29.655618359151699 9.6103277911416889
v -28.320516490468918 28.816654587470421 9.2756797330187108
v -28.64221880370355 42.059852138390269 8.8496833099815788
v -28.266836005931001 41.54932910792251 9.3026560543068246
v -28.564348744624748 27.175580409785109 7.9339090157151828
v -28.491212653468679 27.740148513112931 8.5686190719808195
v -25.5 29.449999999999999 -1.221552e-16
v -28.038214198750179 25.867479371570202 4.1974000446025011e-07
v -25.85960624998366 44.312061250005179 0
v -27.8899412629038 42.17835740957829 9.1279879725502244
v -25.533871413939071 44.135287069572847 4.2017545367711344
v -27.359577855232121 43.750146643452481 6.0554196967122351
v -27.667784899496741 25.566189714998242 5.7810194696375872
v -27.794941872501241 25.67199137772608 3.5975570420578031
v -27.83188468529638 31.880605524307679 9.8399160570244124
v -27.77310753619572 33.753817472352537 9.8881223558600038
v -27.608516011561381 41.202977264987346 9.8692488555963287
v -28.526605132631051 39.035494728644672 9.3102226013657674
v -27.34035440833107 40.332594693007742 10.248469404795729
v -27.58308155709291 41.711460263072631 9.6131492717671954
v -27.173632629986692 42.181154565984819 9.4489054150893352
v -27.853512369956071 26.93192890279354 8.750033252128917
v -27.899883138726022 26.355897721410059 7.956838083276577
v -28.027517728492811 27.96657490065121 9.2416196297564106
v -27.551911779176582 28.309543837020929 9.9058287423075058
v -27.268552112781691 27.071740210310629 9.7411225823070744
v -27.36370572220385 29.238971227072 10.23306989003517
v -27.111673126161222 31.795400462776911 10.47629284282846
v -25.51186049960079 26.85169296829417 -7.1048814641998029e-17
v -27.223589757894629 25.171885286200901 -3.081487911019577e-33
v -27.50556048554888 25.551155984195841 7.1213512031529591
v -27.167563016160919 25.567020008762761 8.3148107813574637
v -26.751393747348281 24.70863967547897 6.4860513298845746
v -26.58742628808163 24.659492773458751 7.9879123582045111
v -26.933335301936911 40.976043731796032 10.39983141510726
v -26.424499312013818 40.642851305168023 10.92068849887518
v -27.456649856129999 38.664721948286306 10.15897300886761
v -26.55819367080834 39.932479974320863 11.04725496520911
v -26.915480601428762 41.618109610378973 10.044898526439679
v -26.529148765492131 42.53083126363272 9.2428106192950796
v -27.089186889459771 42.853804622880112 8.6031085077730722
v -26.8395093798133 24.79812151697255 2.9325867652940989
v -25.896574890122661 23.7310811837811 3.7478854415772749
v -26.444979852621891 24.38036295475213 -1.2325951644078309e-32
v -26.304598665859391 41.390757145000919 10.54701216879832
v -23.922823217809011 44.364456289265362 2.263318373584565
v -26.672967611906891 42.102642169476752 9.7460614342199534
v -26.01586217353417 43.390508405052273 7.2706633392252966
v -26.550381183742179 42.987495714996882 8.3466074623116047
v -26.070276308310881 41.998481136011229 10.08136478706419
v -24.168851332076091 24.66719369868699 7.5647126203955748e-17
v -25.76178387025513 23.55575377752562 0
v -25.25131562590969 37.878867382352126 12.706118144373081
v -25.839050822968328 39.280510687940911 11.841796033026711
v -26.374885736767919 38.713489152236882 11.23955489749186
v -26.35198020149738 36.446517199402827 11.26537382265373
v -27.420509794310298 36.800702040245703 10.19131989058995
v -25.101475822538941 38.617976542172578 12.782325635136971
v -24.997926400166001 39.500670817809713 12.532620659892769
v -25.904072900553171 40.356384231811667 11.431486292792311
v -25.702501168188039 42.353258498152499 9.6613600006595242
v -25.639249440664251 42.8090623532484 8.7590556194277518
v -24.36745940200349 39.643479375420753 12.857951814290811
v -25.008669232842539 40.419467687550579 11.976201998183511
v -24.222450907437441 37.796607964322838 13.91804447258437
v -23.862397582875431 38.426897162075328 13.88160951478863
v -25.388374245786661 41.666447152561616 10.689931887882199
v -25.056781398617581 42.034826442419117 10.245283407741869
v -23.021445490621218 44.417302634685619 0
v -25.5 39.450000000000003 -1.221552e-16
v -24.350387007731499 41.745961655830662 3.1094076345399812e-17
v -20 44.175462500002347 3.9284772500006491
v -23.047127228914231 43.87297660227393 5.5479867297038679
v -25.495709644983432 43.818032247456628 5.7846376716575607
v -20.001360845464522 44.447601610714592 8.8589544070366504e-15
v -20 44.36179431645742 2.295284798561295
v -4.0925371676377221e-16 35.602609817535402 6.6836223849078733
v -1.9268269307413291e-16 35.43589696376668 3.1467468902946711
v -3.0264611213517309e-16 32.677785936461042 4.9425867616396406
v -25.018247801820031 42.429170318578912 9.5444725099177585
v -24.479662497358149 42.775555999135563 8.833631376906613
v -24.77808526324608 41.103804368343923 11.488914312653669
v -25.799440596449049 41.141723563169712 11.013921427818889
v -25.41164167300618 40.797965406672262 11.477002343780519
v -25.066618607966511 22.54172690859858 0
v -25.234320788939741 22.80536945904803 2.1570258984781931
v -24.519944693575731 37.247279282378159 13.79143563488719
v -24.762693037385159 36.508158392480482 13.51913268524485
v -25.64323817911048 35.795293491818782 12.172711605723149
v -25.014544094955081 35.307106187631597 13.08464086955601
v -25.494981088381479 29.449999999999999 3.8970229715587661
v -25.5 31.759222325517332 4.4408920985006262e-16
v -25.5 31.717497761591599 2.4194405266503112
v -27.284655339735679 31.648676127886521 -9.6188073881654592e-17
v -25.5 32.350087697306883 6.3499999999999996
v -25.5 29.449999999999999 6.3499999999999996
v -23 39.450000000000003 3.3708730000000001e-16
v -25.5 39.450000000000003 3.1749999999999998
v -25.5 35.757671136850583 2.8171869459492802
v -25.5 34.450000000000003 -1.221552e-16
v -28.269524778597841 36.623603194279397 -8.1858007812524629e-17
v -25.5 39.450000000000003 6.3499999999999996
v -23 39.450000000000003 6.3499999999999996
v -24.25 37.35008769730689 6.3499999999999996
v -25.5 37.35008769730689 4.7624999999999993
v -25.5 37.602174195593904 6.3499999999999996
v -24.311947084260801 41.503360257233062 11.083654874193099
v -24.270219999999998 21.034369999999999 1.4190179999999999e-08
v -24.24660956542996 20.993515640071259 0.64226447984555712
v -24.702856795637139 21.913970393560071 1.581275979313145
v -24.048498542083429 40.27997561083906 12.496506244459891
v -24.120469670705571 42.159035897099407 10.040933491965109
v -23.698863037762809 36.158964614010692 14.986988302750589
v -24.213245000000001 35.959515000000003 14.46585
v -24.09552747493375 22.649641561102069 14.765913793290929
v -24.472960179163561 24.204956932856671 14.014318837603851
v -24.67268355543689 23.13589320954874 13.006979441059251
v -23.660165541525181 40.902888001287117 11.89172318721776
v -23.846768202388251 23.44023667986745 15.592791907351909
v -24.001960831507851 26.388371832708401 15.16132556287409
v -20 33.137460236282223 10.88173149668137
v -20 33.806745951044213 8.0316654365371747
v -20 35.753721841909453 10.16370116554736
v -20 34.155105062100368 13.40885568348255
v -20 32.199857076764133 12.67994215852462
v -20 35.352941213055331 11.814746478781171
v -23.39543319887505 37.153162193433751 14.804557268733969
v -22.319680607901109 41.447276965264521 11.16547262325512
v -22.57058411195856 42.082656795395863 10.172340142171739
v -23.964120753951839 34.893344210459837 15.02882332387774
v -24.463142092968301 34.35781652752538 14.09476444766416
v -24.014786368300491 33.751081914816268 15.08618035762184
v -25.204245212537799 33.271687248014608 12.781888678582069
v -24.504761744272908 32.302734450922443 14.01056763582317
v -23.463768869703308 39.087407096786123 13.638053444644029
v -24.14961440004409 20.756738743374569 1.666840258469857
v -24.49368982313413 21.50734831750006 3.246438146941816
v -23.436043969743501 35.067407164692071 15.581680349814709
v -23.620904697972591 33.907989506794941 15.695778651030521
v -20 41.113215736560079 7.2740710695899731e-15
v -23.562418183759451 21.755796335699131 16.556113528957919
v -23.25734861709881 22.95115431937208 17.532222911835351
v -23.330694999999999 25.739100000000001 17.215679999999999
v -23.13679491411003 38.073436278072727 14.423140708070379
v -23.496840374479611 31.16651920842498 16.371388608296979
v -23.669769679873038 32.793448414331969 15.841875730465
v -23.872095078670171 31.77464125598927 15.51816193739859
v -23.770143179178181 30.688703776100301 15.841385139909621
v -24.11185861116849 29.98329585354535 14.88049669089804
v -23.015427370458749 39.823554356537642 13.09371463857533
v -22.42875339042099 40.618274730437179 12.23620849794162
v -22.838107697471159 34.938216915730322 16.05311431033444
v -23.07358415137805 36.388361793305542 15.33172018949308
v -23.321909220081029 33.077845847755952 16.237092027841321
v -23.041383234884108 31.852067058708919 16.800294002987009
v -23.131453437336731 34.128983714362143 16.13167676345201
v -22.691735936424919 38.780200796043317 14.0234350809329
v -2.9511410971203059e-16 37.831753449867954 4.8195796506120114
v -1.860133987112276e-16 39.715688157053513 3.037828938674239
v 3.112264434629313e-31 36.565086130908668 -5.0827137030671703e-15
v -22.76715134876768 37.155377891082011 15.083998320031389
v -22.328202555160779 38.00941162756412 14.62844079278584
v -23.171886234933439 30.319652273886462 16.958494187935109
v -22.782397565177671 30.837560306439119 17.24767575850651
v -23.040601500700529 28.954738368173011 17.32826841483234
v -22.755900249306499 29.91870081028215 17.45244377915493
v -23.426797747028949 29.09909311426286 16.738567535630992
v -23.525884779667159 30.12491967939911 16.439317439136421
v -23.4642874807022 27.430891336433358 16.811054747442721
v -23.143731708528151 27.62354015868554 17.369706785073571
v -23.75787863925143 28.809020889685879 15.865514423110911
v -23.294777102014489 20.539161224125749 17.538883229493251
v -20 39.353357499994722 13.53832749999388
v -20 40.451261808211513 12.427950243839421
v -22.87795836700592 33.162323790888998 16.603409261212722
v -22.331865451190168 35.448658761446758 16.06842783607479
v -22.23418222291215 36.282878948758487 15.68680380479209
v -23.01963437877172 21.729986018786551 18.023315653638129
v -22.73207811631951 27.653403794720969 17.842381147204961
v -22.407088366507619 33.532800011629377 16.772805513149329
v -23.158424999999699 2.923213249999709 -6.3981345624478524e-17
v -23.008586249999009 2.180172249999329 -8.1245451605943625e-17
v -23.007665177717548 2.189754757677552 0.61648629134883626
v -22.200761513706791 2.5748215046176059 -8.9283746803344868e-15
v -23.150782649555619 2.79637152096111 0.7797337715908379
v -23.175000000000001 4.2931399916749182 1.14395864270904
v -23.175000000000001 5.7856119060937594 9.4007009391512662e-16
v -21.60133658897708 3.5839382351716011 -1.6304917123319529e-14
v -23.000064999999999 2.3069264999999981 4.5743485000000002
v -23.164337057815722 3.191176763183631 4.9472738344797822
v -23.16142 3.0387930000000001 3.1239205000000001
v -23.175000000000001 5.5193175135150936 4.1751273554984376
v -23.16391607413685 3.027531927907678 1.7089930222185661
v -22.989980973956111 2.1764089212539508 2.5232860761208991
v -23.175000000000001 5.536812495056366 2.3481652525538168
v -23.013838319121469 2.4766548412874712 6.2078782087135416
v -23.16142 3.3013124999999999 6.7711234999999999
v -23.175000000000001 5.2620099880412141 6.1592238778317281
v -23.158081357884939 3.3942394641684568 7.9953677622924904
v -23.175000000000001 4.9663560837490284 8.2799178621411595
v -22.995671314183259 2.5731550640098071 7.6933397045097713
v -23.166227804843469 3.6650822393905318 9.2400439533256549
v -23.166821008067028 3.9393704649096368 11.0417693813841
v -23.175000000000001 6.0678147624091938 11.12003202424013
v -23.175000000000001 8.9003596744713853 9.0394472747163466
v -23.175000000000001 7.9841853986931532 6.5782155066328123
v -22.99482652500409 2.6894835767907161 8.7206242313615494
v -23.021361003216839 3.0208357459864761 10.52845012531052
v -23.012999689987812 3.5865462514964328 13.97041103291423
v -23.142913638423369 4.5145086608819316 14.77856181299647
v -23.158394546573319 4.1676338529319237 13.37315128415633
v -23.175000000000001 6.6811120069405803 14.00782185846756
v -23.000064999999999 3.1210884999999999 11.578825
v -22.98181669325956 3.3334932122311338 13.096424851327949
v -23.025313548813681 5.3974624207709763 16.520142213884579
v -23.15293295825343 6.1463072417169879 16.16963932216586
v -23.14242994411854 5.0781839062286593 15.557591633854249
v -22.99825263393274 4.395017024364031 15.713882108284309
v -23.050828352155168 6.9615130312374012 17.030930667022929
v -23.12458890851893 8.5799342571199055 16.835079795751529
v -23.175000000000001 8.1483442590461941 15.50413747269997
v -23.166134169852079 9.7017281279855627 16.49381317673766
v -23.066845046694532 10.92150219296107 17.227282739014669
v -23.171505068797419 11.386510971327709 16.49477628463946
v -23.068092712650131 9.7547566478744709 17.17480263215025
v -23.175000000000001 9.8873386774867029 14.0411368253516
v -23.169020665021531 8.4244522840964358 -6.7437679768498612e-16
v -23.175000000000001 10.74393866329919 0.53077319964339698
v -23.175000000000001 10.715619999999999 -1.215079000000003e-15
v -21.587499999999999 10.715619999999999 -1.081420400000001e-15
v -21.551686933393789 9.190736049649912 -7.1887648732229567e-16
v -23.175000000000001 9.436755237309125 1.373239642798296
v -23.175000000000001 10.924043932085331 1.4489686868091529
v -21.48340097866247 10.78705781550841 0.85139317425488947
v -23.175000000000001 9.7850564040570411 3.0678271020342138
v -23.175000000000001 11.27805316881985 2.342481293294405
v -21.44667370755953 10.98783540894868 1.6511285720562461
v -23.175000000000001 11.76211971881991 3.1133706285562259
v -21.495515329469221 11.591294957736499 2.8752262272999398
v -21.280543758270991 11.26269345662169 2.3108302229417959
v -23.175000000000001 10.782880744652729 5.7039885811477617
v -23.175000000000001 12.284972131584141 3.704189767656251
v -21.31793164696353 12.02231506608017 3.4301181276731132
v -23.175000000000001 13.00844643430146 4.2897500009767766
v -21.587499999999999 12.52330106579207 3.908536383828126
v -22.854745940132421 9.7061235440644928 17.732308038961211
v -22.794469671569821 10.96358560396807 17.90430978244213
v -23.016767702914269 2.215196985322887 1.225284060084574
v -22.905767805162199 8.1929490141895833 17.54719316567591
v -23.03101784156711 3.9558231631575311 14.83804314221274
v -22.410824784171659 32.19530709747692 17.1740981807352
v -22.294759417873049 31.138896343326579 17.50645334343162
v -22.669031527433368 29.248879409359819 17.64871391030022
v -22.54531952109749 28.653170425419329 17.853074153311709
v -22.840661515904081 3.740402878972279 15.44753321968358
v -22.850539581349331 3.4027329047110522 14.700216829485401
v -22.798049353271999 1.6761926255226911 0.024426691136737209
v -22.84211763516792 1.774203357716748 0.64689742465516276
v -22.387158453913301 1.911323246659886 -7.6248258918799538e-15
v -22.64545371376061 1.580065189711737 4.5599524813568557
v -22.611062724297369 1.4360159456958721 2.7287376080059018
v -22.78841750064468 1.682549352725037 1.5142326072134511
v -22.616416595387271 1.647087364500698 6.0219571324866754
v -22.628971466372761 1.8307916596191349 7.6838526609789488
v -22.607554067590861 1.910653631708467 8.6779106337499421
v -22.634264999999999 2.1507960000000002 10.170145
v -22.660534296902611 2.392633749486452 11.466228886774751
v -22.64653612613424 2.6511426971039751 13.0734919966382
v -22.763704048983389 4.4299187223964678 16.505720884144221
v -22.728633418591361 3.9294018408247511 16.047686913121911
v -22.863800970671171 6.0843814375201317 17.310505581450041
v -22.757332409410939 5.0742792122821809 17.025823863474741
v -22.746493137129761 7.0020659662357856 17.769766685860919
v -22.049257307516552 34.692008323191537 16.465701170836319
v -20 35.951051367994488 4.7868625031934716e-15
v -23 39.450000000000003 3.1749999999999998
v -23 36.278363607124632 6.3499999999999996
v -22.693299868566079 2.8759176610763539 13.896587098734001
v -22.536139275798099 9.5125387122230229 18.255703232563398
v -22.501236289327942 8.0255210520244731 18.222723567728099
v -20 38.280636250008847 14.429463750011291
v -21.980842298524539 37.293621761812851 15.13107964484387
v -22.52711977472844 10.690966845944811 18.31774015706274
v -22.281300000000002 29.616219999999998 17.856680000000001
v -22.568629999999999 3.095473914508307 15.20076299660693
v -22.474089553484959 2.7257722152690871 14.543617688987069
v -22.482286394919662 3.3336982023271711 15.83638810050819
v -22.455808344262039 4.4493003172689294 17.115063114185059
v -22.46006730609205 3.7821140023449238 16.478293466657501
v -22.587402879241111 5.6031473208335232 17.62930081807313
v -22.43197295578204 5.0744382593645678 17.575044081150772
v -22.525255514764119 6.2892902769932526 17.968832175805559
v -22.292751305126309 6.9263458043016159 18.37749479670347
v -22.532142500000731 1.2669832500003571 -1.001863356882997e-14
v -22.62871570909779 1.431262505664421 0.60476319788105937
v -22.18802170247244 27.750725672273131 18.24309387967509
v -22.258845535227788 2.2649640245567961 13.649059728712221
v -22.125560715633888 0.97667231949155953 4.631712796366485
v -22.068226202205789 0.8235077011615326 2.517271932122672
v -22.459382064923592 1.1863323858061521 1.1850997046253819
v -22.126884464357602 1.076728630870778 5.954901984549438
v -22.072115941283371 1.193022413598529 7.6370674478461407
v -22.068307269509688 1.3399904800506459 8.9362812751081169
v -22.12414912662739 1.570948056174069 10.286884593095509
v -22.114543299985439 1.8727480765453011 12.22466662901164
v -22.022957724045199 7.8333398798715868 18.70409804725842
v -22.16657341787564 9.2965967280802779 18.65112236150517
v -21.650535572698971 32.029273220442811 17.501070660336062
v -22.027620380729068 28.704920154797239 18.157315208357861
v -22.10913043731319 2.5516740316358382 15.19306437681896
v -22.028107495353179 2.286384808810566 14.655090127199969
v -22.14546208871592 2.866072301006354 15.770962710899861
v -22.103509765921348 3.2101820126787919 16.369672421907751
v -22.050084748673282 3.6278912468297371 16.92861479328046
v -22.13510075363336 4.6828209676984409 17.700265778155391
v -22.018349420794149 4.1103384254379582 17.40833934252273
v -22.18770909526766 5.5079954340640658 18.090949826808071
v -21.95833011635192 5.0027898464614298 18.067338144683141
v -22.126963877330638 6.068867459622437 18.35023319207308
v -21.896172711635209 1.863049349796009 13.21820895032416
v -21.723789954276729 1.9482788014798591 14.278988551091301
v -22.181737513990669 10.47956292405263 18.68967284834962
v -22.084490268553608 11.76636712751999 18.823042846706219
v -21.57816289460024 35.651319504374143 16.08640718829421
v -21.658292114484439 30.385899170995831 17.94958106948215
v -21.713271293664992 33.803886163748778 16.889502526407149
v -21.62741168541794 1.210096861426883 -1.5459458715215439e-14
v -21.758376900012092 0.53239602304726152 -3.1554436208840469e-30
v -22.223694756960189 0.91013221152433776 0.019834817052999498
v -21.948805475461469 0.67404914753649714 0.50683326232505566
v -21.907074696738171 1.5597946935735301 -1.463068879315545e-14
v -22.364153082211459 1.0673783093573219 0.58322950572869359
v -21.566563452410289 29.172938481721278 18.248726343607
v -21.68096583790928 10.63135052347606 19.082456966508669
v -21.420980046768239 0.40001211662558511 2.7700839500120522
v -21.60560674925393 0.45249862115018941 1.4290862438441441
v -22.039723562877889 0.75968975545754136 1.1228123095985381
v -21.37204928834522 0.57137007497726466 5.9977293948882986
v -21.42001686864598 0.48856376302978399 4.5394683935976241
v -21.37477506809541 0.70517577209526727 7.3937176650482392
v -21.380822448587569 0.87407068665884258 8.8583158529275678
v -21.411017841518429 1.0889853430791701 10.347396408151081
v -21.401260000000001 1.3228665000000011 11.878909999999999
v -21.423586383524551 1.5311432668671301 13.00341986828224
v -21.441420000000001 2.1665199999999998 15.49497
v -21.618461830615281 2.5395856093444511 15.988685012652329
v -21.621544833734241 2.9397083776383548 16.595076843158719
v -21.441420000000001 3.8161074214745052 17.673020279623611
v -21.433898222824581 3.2960107376710481 17.19147695426804
v -21.529557642861452 4.3350134672193619 17.997106909350212
v -21.590199556668079 5.3731007239206896 18.51741404539257
v -21.520563616499619 4.8058282107203931 18.29428237793115
v -21.695951039596611 6.8270753934794994 18.849406110026891
v -21.606642425566509 6.0110169445826074 18.733698394833429
v -21.47079799328802 28.26117022424496 18.453098599774091
v -21.64043873268891 26.80170128773997 18.643994553543841
v -20.997072514747021 34.428214979610701 16.670387986406968
v -21.604782879062832 8.518026142623258 19.035253381230781
v -21.27631113116427 7.7104171941888238 19.15876855087679
v -20 37.281634322941407 15.1395467082074
v -20.856943827216551 33.018998031946211 17.23912602698006
v -20.92493653122888 31.26781521784892 17.81815274806026
v -21.251633023819871 1.7012572981721661 14.32889394158531
v -20.87181530103199 29.491798019336681 18.284323404358432
v -21.483769801245622 9.4319603162196959 19.146593190694499
v -21.03250669186869 6.4851249899945227 19.121401933209668
v -21.348743669452801 0.77624050347098972 -1.6921932091499769e-14
v -21.326803229453802 0.29415864913871531 -3.1279946151943359e-16
v -21.589777513022351 0.43403367003296772 0.65465979957805265
v -20.838804067696561 27.807117966091369 18.641054834905649
v -20.004258307307278 35.635648289052227 16.094469714421159
v -20.646026592339339 7.6570361551246604 19.356052128769271
v -20.793863082699438 9.0401249376531503 19.397567817642951
v -21.049253488283568 10.146334809265619 19.3659394965029
v -21.0870030603967 11.086090581545021 19.38996115554993
v -20.791932105941349 0.22950223332613051 4.2074116017949219
v -20.65693145222156 0.13113694441792489 2.742821188161078
v -21.19845350752745 0.25242222070093479 1.5023239816058931
v -20.617916367816779 0.29077947468794929 5.6283768020483027
v -20.784017854239149 0.45019786694797542 7.064331486694865
v -20.65147462371737 0.57245107483569535 8.4213668718118129
v -20.715607015028279 0.74806839850960871 9.6982532668678161
v -20.665301511765989 1.064500685950476 11.886457547379839
v -20.81533760542629 1.3369625901701869 13.25962998266294
v -20.665905474728049 0.89258083602048544 -2.5951426343319411e-14
v -20.781435000000059 0.100200022500013 -5.5725736706715516e-16
v -21.201749289004361 0.24487215137867119 0.76989125499818678
v -21.065516629879891 2.3089523480317702 16.117115452320171
v -20.790563682708779 1.71418733200394 14.966729472240139
v -20.687085142875581 1.897197177809443 15.52033190130134
v -21.114590208784922 2.7334204313699608 16.73062893177655
v -20.72616384362049 3.5156765082314951 17.751804060789802
v -20.677176524907729 3.026550423048473 17.287233023399541
v -20.98113 4.0653054352056062 18.10885147662486
v -21.11485610338076 4.7220024569638266 18.458178555753669
v -21.07384045411056 5.5161440840187632 18.829652420866829
v -20 33.857834013119003 16.91280270611102
v -20.54688713515997 1.4628241800682911 14.222078097703941
v -20.52542720138732 10.52723029949197 19.51707024007176
v -20.442530800016819 11.579325957217639 19.57445360307187
v -20 28.671999264350401 18.470578373790278
v -20 30.415171370458381 18.058657221423989
v -20 32.029270128565102 17.581176115928859
v -20 26.790508746105289 18.836357280187389
v -20 1.5804944518821831 14.906019503464639
v -20.551224180135549 2.2067291122551129 16.220380681839039
v -20 1.8897910184943849 15.648236695943631
v -20.618288906820769 2.5731619769341409 16.751294675198292
v -20.0393281956135 3.1069109372750239 17.488419494523441
v -20 2.6726022499842732 16.995622499901721
v -20 3.6987547094393238 18.030302642998901
v -20.496680000000001 4.0701393933611856 18.25717114886503
v -20.609154901125532 4.6857684663512433 18.600929276597832
v -20.57241924711191 5.5470196804009886 18.984704008768531
v -20.495652494647999 6.4689116255566121 19.258708593304789
v -20 1.2152540000000001 13.187889999999999
v -20 7.1744339353101942 19.39676064477807
v -20.00004930870109 9.0655026188884964 19.491239091631869
v -20 -3.9790389999999998e-13 -3.326583e-14
v -20.607533878562791 0.076666155132719682 1.170975758140504
v -20 0.17258573999968829 4.9047077499904539
v -20 0.026746713828123481 1.92313482122737
v -20 0.40377679474167633 7.6077295619420369
v -20 0.57502913294102387 9.0796619090697703
v -20 0.79139435132139135 10.648099316527221
v -20 2.231642369014498 16.364309567805321
v -20 4.4002015853590528 18.512126124061101
v -20 5.1299482114240043 18.89087147604122
v -20 5.9022565109746798 19.168195540958578
v -20.526348304114961 9.7979161079049888 19.488341341712939
v -20 10.75398818485141 19.578234365880132
v -20 9.9397413860872756 19.544912002220769
v -20 8.1618178895713065 18.518787322422469
v -20 9.9563715320537174 18.526209585277609
v -20 1.2164493569139621 0.96156741061367657
v -20 1.203240370674352 -2.4837198792657211e-14
v -20 1.497831530486285 3.7062251410071898
v -20 2.2281286609638391 1.9696192998283211
v -20 2.088646724811912 5.5543838320440626
v -20 2.284978805620085 7.7407926708606762
v -20 1.4398438436222909 8.861559439626479
v -20 2.6360374775212918 11.56982164854335
v -20 2.29244266408914 9.8229413486727832
v -20 2.0601531991962752 13.87623583602743
v -20 2.810475387877263 13.13139555153044
v -20 2.5256511279932119 14.678231344424839
v -20 2.744675481742374 16.116367881528571
v -20 3.302673619855149 15.478755207153521
v -20 3.5127629973128891 17.174614590223602
v -20 3.9012457857397491 16.300841007199129
v -20 4.2192617104717858 17.534509433970179
v -20 5.2708721196871506 18.199654968967749
v -20 4.8123040000000001 4.4408919999999998e-16
v -20 4.8123040000000001 2.3812500000000001
v -20 3.7449501216359269 1.0401862893490621
v -18.178967035209759 4.8123040000000001 1.1682450331452869
v -17.618749999999999 5.6060544999999999 -2.2870529999999998e-16
v -16.700899623667709 4.8123040000000001 -1.03493921833534e-16
v -20 2.450115997034942 -1.6209256159527289e-14
v -19.186041540760861 8.1055855206923209 -4.9838665225101766e-16
v -21.078227845198509 7.1123232083885881 -1.889772711773338e-16
v -20 6.3998049999999997 2.3812500000000001
v -20 6.0291625205952259 5.3976662504507837
v -18.1056431981252 5.6060544999999999 2.3812500000000001
v -20 3.270102966981836 3.8237989905976879
v -16.824999999999999 4.8123040000000001 2.3812500000000001
v -20 6.5195150553517376 18.231735941387079
v -20 6.3998049999999997 0.79374999999999996
v -17.618749999999999 6.3998049999999997 0.79374999999999996
v -20 8.2742410721932504 2.5619930783210152
v -17.608734424434811 7.9059149981404309 0.79374999999999996
v -20 7.9873044999999996 0.79374999999999996
v -20 8.8305123431164674 3.9298837094396721
v -18.1056431981252 6.3998049999999997 2.3812500000000001
v -18.60963857749309 9.8038360927740129 1.8604382100942789
v -20 9.7894845495021894 1.8108397877477309
v -20 9.5748040000000003 0.79374999999999996
v -17.618749999999999 9.5748040000000003 0.79374999999999996
v -20 10.1486771443865 2.742736156642029
v -18.038712541342221 10.476751224640619 3.3422091434813508
v -20 10.465083146024821 3.3235814694855348
v -17.47455952927281 10.04330102248352 2.5118485113839122
v -20 10.840198268916129 3.8683568012354348
v -18.890545162907308 10.818777196012039 3.8409718406290629
v -20 8.7219628189512353 5.5046547612933487
v -20 10.677677755809199 5.4029071078940536
v -20.000110332919231 11.444125237154219 4.5477503554786303
v -18.789580505416861 11.492303029258339 4.5938905531027387
v -20 10.715619999999999 -9.4776179999999991e-16
v -20 10.74986874999998 0.53014988749969516
v -20 13.09231596256951 2.173188749138597e-15
v -18.500743847317519 11.69646376093446 1.089101582638479e-15
v -18.024270180845711 10.10185950040731 6.1655915975325265e-16
v -20 10.91514762003712 1.3171059427868761
v -20 13.222508315048319 0.8235758637870092
v -20 11.152597499999789 2.0656209999989659
v -20 11.42469000000002 2.60837300000003
v -20 13.43437053017615 1.3251534764790409
v -20 11.76528999999975 3.1109707499992321
v -20 12.30254749999899 3.715569999997641
v -20 12.006645507608059 5.0347973861238069
v -20 10.61357502701596 6.9710114831648404
v -18.546016722741559 12.23887233948107 5.2056201306160839
v -17.418052960129309 13.15392552252648 0.5578829054949459
v -17.618749999999999 13.09459798128476 6.6909374569298759e-17
v -18.212050044072171 13.31145697374563 1.068154345132877
v -17.441250891300641 13.557375511550971 1.5309799823691279
v -20 28.962949398270439 16.05682056898446
v -20 31.33227216387618 16.274464811229059
v -20 32.890599226153768 15.619445365303321
v -20 34.44921322308187 15.33157916883945
v -20 35.743053732929859 14.394762230108929
v -20 37.569430407226797 12.641937810780901
v -20 38.257643100367183 10.403434599535609
v -20 41.344391249999752 11.30303374999958
v -20 39.787743012149882 7.7372123732421043
v -20 42.047329999995092 10.22376924999682
v -20 42.685767500003983 9.0165747500022118
v -20 43.19418499999891 7.8167022499993823
v -22.421034075775079 42.84030502471439 8.6880437034877573
v -20 43.593824999985813 6.608430749994378
v -23.487433654731792 43.406318517026591 7.2232906435764228
v -20 41.221716020273227 4.482063279258071
v -20 43.901702092164271 5.4239092148904158
v -15.237500000000001 6.3998049999999997 -9.0149979999999999e-16
v -15.237500000000001 6.3998049999999997 0.79374999999999996
v -13.65 6.3998049999999997 0.015723863254510521
v -15.25836022730606 8.2931818769498626 0.79374999999999996
v -13.65 4.8123040000000001 -6.0988080000000002e-16
v -16.8030399364348 8.2470260161824012 -3.5400223998252138e-16
v -15.237500000000001 8.9285138578190448 -1.33114146502366e-15
v -13.65 6.3998049999999997 2.3747752791092078
v -16.714068335220851 6.3998049999999997 2.3812500000000001
v -15.39205462104761 9.6590844650722296 1.29408884678394
v -15.79238291203937 9.6685232622479109 1.3379048672977749
v -15.237500000000001 9.5748040000000003 0.79374999999999996
v -16.428125000000001 9.5748040000000003 0.79374999999999996
v -15.237500000000001 10.11548570546476 0.0021550679494946969
v -16.41339123025228 8.8045856867916523 0.79374999999999996
v -15.237500000000001 9.7187023750000279 1.2807859375001081
v -15.237500000000001 10.513054879870561 1.052523807657032
v -15.321666139003231 9.7505054928242316 1.676129556299732
v -15.68966570818441 9.7887044289962972 1.8081437190672049
v -15.30062460425242 9.8504784946182014 1.9425706047249069
v -15.237500000000001 9.8626007500000554 1.767821875000217
v -15.237500000000001 11.263390361875841 2.5726449756040979
v -15.237500000000001 10.8417075000006 3.867176250001354
v -15.237500000000001 10.150397500000111 2.741893750000433
v -15.872633474743809 10.36162680030349 3.148726297457122
v -15.237500000000001 10.18531414840926 2.159300990797294
v -15.80944909382389 9.9912095385236341 2.3856531844828832
v -15.27958306950161 9.9504514964121711 2.2090116531500832
v -15.237500000000001 11.36635887630997 4.4709624341034324
v -16.465346604746269 11.04705600717439 4.123600760244778
v -15.237500000000001 12.021721901458569 3.5453501336480779
v -16.657945893277009 10.495447954646449 3.3720578103273762
v -15.23749999999999 12.007825000000439 5.0332895000008966
v -17.046563226721801 11.70374617806729 4.7877033235142186
v -15.237500000000001 13.332060506214219 4.0747472867048113
v -15.237500000000001 13.6924425 5.9580310000000001
v -15.237500000000001 12.836444915071199 5.5750103999965734
v -16.619352107995869 13.403228703095939 5.837709002698749
v -16.85020700652246 12.49902606034926 5.3770986171754416
v -15.23922068573602 13.18779445784493 0.7034332367547006
v -15.237500000000001 13.096880000000001 -2.0393699999999998e-15
v -15.237500000000001 11.451305759741111 1.311297615314063
v -16.690635522658841 11.72911497058516 -5.198131977187871e-16
v -15.237500000000001 11.294296922842459 -1.7331011338872761e-15
v -15.237500000000001 13.434370530176141 1.325153476479034
v -15.237500000000001 13.739637497969721 1.7760182997348839
v -15.237500000000001 12.50926243086783 2.5882760676660208
v -17.086919944892468 13.337059999999999 1.1299650000000001
v -15.237500000000001 14.65871274825767 4.7228684125339138
v -15.26149496022278 14.44316582877069 6.1862412284813288
v -16.91142937031691 14.12489455064796 6.1030887709222696
v -17.565452471570389 13.91505442231586 1.968686653018193
v -15.237500000000001 14.287113327510561 2.2785134039123638
v -15.237500000000001 15.081250000000001 6.3001950000000004
v -16.79023036845544 15.081250000000001 6.3001950000000004
v -17.618749999999999 14.94796175574553 2.61787912175931
v -15.237500000000001 15.566460338295849 2.760516588226134
v -15.237500000000001 14.94796175574554 2.6178791217593131
v -15.237500000000001 15.89241918312913 6.3497270618116248
v -13.68240453661231 15.081250000000001 6.3299082197014123
v -15.237500000000001 15.781985807488519 4.5633951400212034
v -14.853465059490579 15.081250000000001 7.9408637401960593
v -16.22815959044128 15.081250000000001 7.6593226755206709
v -15.237500000000001 16.668749999999999 6.3001950000000004
v -13.65 16.668749999999999 6.3373605655927019
v -17.544306374245789 15.54019811584342 2.7570591538916189
v -15.237500000000001 16.237494261456689 2.7534140972228429
v -17.67678845749035 16.624686436019658 2.674382355259314
v -15.237500000000001 16.80203824425438 2.6178791217593411
v -15.237500000000001 16.860799206181909 4.8018210622089113
v -17.591542057288461 16.1255367254665 2.7660428064623508
v -17.396209578959962 17.10431683227063 2.490553242158303
v -15.237500000000001 17.462886672489429 2.278513403912374
v -15.237500000000001 17.96261345031612 4.1067687538955369
v -15.237500000000001 17.130005000000001 6.2184562500000444
v -16.838436655081949 16.668749999999999 6.3001950000000004
v -14.678970755949541 16.668749999999999 7.3836618959622049
v -16.05820151656734 16.668749999999999 7.5776917174128338
v -15.237500000000001 18.057557499999991 5.9580310000000694
v -17.82729905720333 17.515352623658291 6.1341593153942942
v -17.459552640086081 17.553687493909941 2.2124470546990191
v -15.237500000000001 18.010362502030279 1.776018299734889
v -15.237500000000001 18.86923530507098 3.108946566842925
v -15.237500000000001 18.885169999999981 5.5836419999993874
v -17.427300603289439 18.3129530548619 5.8625435651369369
v -17.544378309502729 18.00467470305281 1.7826777693888189
v -15.237500000000001 18.349184721061022 1.27210103687035
v -15.237500000000001 19.71080313656444 2.1278637953720598
v -17.877263237307929 18.36765860372109 1.224908393376565
v -15.237500000000001 18.527491684951659 0.82357586378709047
v -17.48753680776295 18.653130000000001 1.180791167000357e-15
v -15.237500000000001 18.653130000000001 5.2994650000000002e-15
v -15.237500000000001 20.498437571978421 1.0572710413780799
v -17.690007194730011 18.572099587054751 0.66222934692480262
v -15.237500000000001 19.742174999999911 5.0332894999996549
v -17.78922386778245 19.048750831685549 5.4988860742865429
v -16.365848753663879 20.350407665794869 1.8875793381307281e-15
v -15.237500000000001 20.219085868764779 4.0571901838963007e-15
v -15.237500000000001 20.301590000000282 4.5435100000007456
v -17.894024206147598 19.843029684892478 4.9568298729569076
v -15.237500000000001 20.88154434772348 3.904481384426405
v -17.69170461002523 20.444770252147009 4.4076721466384274
v -15.237500000000001 21.455969799695971 3.0273826817620511
v -17.827349435859588 21.04270604743153 3.6889705317811412
v -15.237500000000001 21.853787500000191 2.1314680000001269
v -17.563755928100619 21.513245431374749 2.920032240549792
v -15.24059859649984 22.056134334321371 1.453980567773322
v -16.573067375900649 21.94782418310762 1.8546915515929221
v -15.237500000000001 22.1752 0.79374999999999996
v -16.428125000000001 22.1752 0.79374999999999996
v -15.237500000000001 21.771735624838009 2.8254711242009679e-15
v -15.237500000000001 23.516522961583579 1.4413290732468861e-15
v -15.237500000000001 23.762695000000001 0.79374999999999996
v -16.493149662651081 23.795810291930131 0.79374999999999996
v -13.65 25.350190000000001 -4.426054e-16
v -15.237500000000001 25.350190000000001 0.79374999999999996
v -15.237500000000001 25.350190000000001 -1.332136e-17
v -13.65 25.350190000000001 2.3812500000000001
v -16.739684894611109 25.350190000000001 2.3812500000000001
v -17.618749999999999 25.350190000000001 0.79374999999999996
v -10 32.450000000000003 0
v -14 32.450000000000003 2.25
v -14 32.450000000000003 0
v -14 36.098886325300128 2.25
v -10.924526145232321 36.592534353132407 0
v -14 35.709057782922123 2.2204460492503131e-16
v -10 32.450000000000003 2.25
v -11.63419646097482 35.300659609418538 2.25
v -14 44.450000000000003 0
v -13.97302217217263 44.450000000000003 2.25
v -10 44.450000000000003 0
v -14 41.450000000000003 2.25
v -11.634826433531719 41.277703255219564 0
v -14 41.752606249211922 1.110223024625157e-16
v -10 44.450000000000003 2.25
v -13.65 4.8123040000000001 2.3812500000000001
v -13.65 15.081250000000001 9.4751949999999994
v -13.65 13.49375 11.0627
v -13.65 13.49375 9.4751949999999994
v -16.245659172725819 13.49375 9.4751949999999994
v -15.237500000000001 15.081250000000001 9.4751949999999994
v -13.65 15.875 11.0627
v -17.193673152271561 13.49375 11.0627
v -16.14360898211002 15.30486589439699 11.0627
v -13.65 15.081250000000001 7.8876949999999999
v -13.67663693447335 16.668749999999999 9.4604685377866282
v -13.65 18.256250000000001 9.4751949999999994
v -13.65 18.231633612941419 11.0627
v -16.824999999999999 16.668749999999999 9.4751949999999994
v -16.936544598020919 18.243125159694731 11.0627
v -17.013695393607922 18.256250000000001 9.4751949999999994
v -15.14219837999037 16.856489599655841 11.0627
v -13.65 26.93769 2.3812500000000001
v -13.65 26.93769 -6.0988080000000002e-16
v -16.824999999999999 26.93769 2.3812500000000001
v -6.3499999999999996 4.8123040000000001 -3.8882539999999999e-16
v -6.3499999999999996 4.8123040000000001 2.3812500000000001
v -6.3499999999999996 6.3998050000000006 0.038437938941413632
v -3.2157439108647958 4.8123040000000001 -4.161027073478347e-16
v -4.7625000000000002 6.3998049999999997 -2.9161899999999998e-16
v -6.3123137857460563 6.3998049999999997 2.3812500000000001
v -3.526878513927068 6.3998049999999997 2.3812500000000001
v -2.8467766968740191 4.8123040000000001 2.3812500000000001
v -4.7625000000000002 6.3998049999999997 0.79374999999999996
v -6.3194397881532316 13.49375 9.4751949999999994
v -6.3499999999999996 13.49375 11.0627
v -6.3499999999999996 15.081250000000001 9.4751949999999994
v -3.0972957277837492 13.49375 11.0627
v -4.1643562582292057 15.081250000000001 9.4751949999999994
v -2.2390304246064852 13.49375 9.4751949999999994
v -6.3499999999999996 16.668749999999999 9.4751949999999994
v -6.3499999999999996 18.256250000000001 11.0627
v -4.603662189580028 16.930100529713069 11.0627
v -2.7513792334484659 15.755473258130531 11.0627
v -6.3499999999999996 15.081250000000001 6.3146274364338426
v -6.3499999999999996 15.850036116884709 6.3496088452034858
v -5.339731267035706 15.081250000000001 7.4623379753449743
v -4.7625000000000002 15.081250000000001 6.3001950000000004
v -6.3499999999999996 16.25939305844236 7.9124019226017426
v -4.0836322302307639 15.081250000000001 7.7665001229406183
v -6.3499999999999996 16.668749999999999 6.3001950000000004
v -4.7625000000000002 15.922694308269559 6.3492526860761256
v -4.6564147376504286 16.668749999999999 7.8521746785590008
v -4.7625000000000002 16.668749999999999 6.3001950000000004
v -6.3499999999999996 18.256250000000001 9.4751949999999994
v -2.9743273693023311 18.24876711768729 9.4751949999999994
v -3.1749999999999998 16.668749999999999 9.4751949999999994
v -3.1075475483520809 18.252334079992981 11.0627
v -6.3499999999999996 25.350190000000001 0.034239726024832162
v -6.3499999999999996 25.350190000000001 2.3812500000000001
v -6.3499999999999996 26.93769 2.3711184726316259
v -4.7625000000000002 25.350190000000001 0.79374999999999996
v -4.7625000000000002 25.350190000000001 -2.9161899999999998e-16
v -4.1435611029579986 25.350190000000001 2.3812500000000001
v -3.1749999999999998 26.93769 2.3812500000000001
v -4.473301614264356 26.93769 1.017452954482601
v -6 32.450000000000003 0
v -6 32.450000000000003 2.25
v -6 35.233360211465524 0
v -8.758171914605505 35.414287465318083 2.25
v -6 35.387738980256287 2.25
v -6 44.450000000000003 2.25
v -6.0031587336666217 44.450000000000003 0
v -6 41.508125727425281 0
v -8.6691012053833258 41.182443728893411 0
v -6 41.480001842451877 2.25
v -9.155269949403813 41.319411004796287 2.25
v -4.7625000000000002 9.3984376048791756 -6.6613381477509392e-16
v -2.9273596924096181 7.1309779935031763 -8.5716737250306577e-17
v -2.9091698979446319 8.2221499761516945 0.79374999999999996
v -4.7625000000000002 9.5748040000000003 0.79374999999999996
v -2.3812500000000001 6.3998049999999997 0.79374999999999996
v -2.5628235892632039 9.6915659999999999 1.4448719999999999
v -4.7278309919371644 9.7718918118461531 1.7500399130604449
v -4.7625000000000002 11.24765880243959 -8.7236590738754695e-16
v -1.962108675978361 9.5729956058182726 0.79374999999999996
v -4.7625000000000002 10.150397500000111 2.741893750000433
v -4.7625000000000002 11.532030494275361 1.694236505843264
v -3.358433790511453 10.05400226447637 2.5224186648597779
v -2.087638379683066 9.9199808743305162 2.2019198141039862
v -2.314468951256627 10.314422283009771 3.0656031083472302
v -4.7625000000000002 10.46670750000014 3.322564000000376
v -4.7625000000000002 12.415823121796921 2.7493040074212418
v -2.466302961298144 10.69159409026028 3.6673948638514058
v -4.7625000000000002 10.913521412762661 3.9620940017371788
v -1.9839207488452699 11.200156771406281 4.2965329179955356
v -4.7625000000000002 11.4484099999974 4.5435099999946988
v -2.180783058679892 11.76928649001035 4.8429678302186021
v -4.7625000000000002 12.007825000000439 5.0332895000008993
v -4.7289483461482318 12.794140975723391 5.552441053821167
v -4.7625000000000002 14.28711332751057 2.2785134039123731
v -2.1291536636739399 12.44237260094574 5.3416112587222884
v -2.6371782035583329 13.21752315438658 5.7665610562400671
v -4.7625000000000002 13.69244250000002 5.9580309999999566
v -4.7625000000000002 14.783978377872771 4.418167685879669
v -4.730462495423116 13.096880000000001 -1.086001667178424e-15
v -4.7625000000000002 13.222508315048319 0.8235758637870092
v -2.3668286905569018 13.15481435989008 0.56267961527368127
v -2.3800572803044209 13.096880000000001 -1.6291656300710639e-15
v -2.492018722161554 11.429599347543419 -1.4073684675570639e-15
v -4.7625000000000002 13.434370530176141 1.325153476479028
v -2.7036440955380741 13.332884350731 1.119884175442456
v -4.7625000000000002 13.73963749796973 1.776018299734891
v -2.6483548590723069 13.613870097490031 1.6131817308295711
v -1.6732245661931699 14.058835741042 6.0839744252300587
v -4.7625000000000002 14.619994999999991 6.2184562500000258
v -2.4258122235231299 14.008391357533871 2.0572620774746491
v -4.7625000000000002 14.94796175574554 2.6178791217593131
v -2.6387193101064681 14.924037222520759 2.6094067657228708
v -1.8226014612910459 14.423682430846871 2.36777472221763
v -2.3812500000000001 15.081250000000001 6.3001950000000004
v -4.7625000000000002 15.51250824727124 2.7534137692524081
v -4.7625000000000002 15.78402796604944 4.8109235805365413
v -4.7625000000000002 16.183542072839309 2.7605164365107728
v -2.3433658787266909 15.52583667661804 2.755168463446025
v -4.7625000000000002 16.802038244254462 2.6178791217593131
v -2.135324180364683 16.198411228023289 2.7585590407544962
v -4.7625000000000002 16.739055677083321 4.5680812953252037
v -4.7625000000000002 17.462886672489429 2.2785134039123669
v -2.441816382090555 17.362876304721699 2.3453710361476832
v -4.7625000000000002 17.429797872127232 4.2879550608796571
v -1.795250597386524 16.837265421155109 2.6054041789022482
v -2.492463704281509 16.67367382671101 6.2994875790348024
v -4.7625000000000002 17.31348942180681 6.1848075287487774
v -2.471684913816667 17.73115640240864 6.0724025598051741
v -4.7625000000000002 18.057557500000001 5.958031000000001
v -4.7625000000000002 18.01036250203029 1.776018299734867
v -4.7625000000000002 19.39792100855993 2.9005401238967941
v -4.7625000000000002 18.885169999999999 5.5836419999998999
v -4.7625000000000002 19.742175000000191 5.0332895000007154
v -2.0867223654252292 18.616686809254279 5.726837329852132
v -4.7625000000000002 18.30753322445215 1.3400651505374961
v -2.1583325807193932 18.15105819836484 1.591460498601599
v -2.4381549979418442 17.821999820996801 1.9809719920515869
v -4.7625000000000002 18.52749168495167 0.82357586378703218
v -2.4296336195450219 18.42047826277777 1.1117661763833819
v -4.7625000000000002 20.297336787077139 1.6871558042580941
v -4.7625000000000002 18.653130000000001 -4.7162270000000003e-15
v -2.5464698835012611 18.653130000000001 -9.3118753626739231e-16
v -1.8629327904379509 18.598601066939882 0.54424788417790337
v -1.714853537608708 19.54111163421555 5.18434028800531
v -4.7625000000000002 22.077915000000111 1.336242500000042
v -4.7625000000000002 22.1752 0.79374999999999996
v -4.7625000000000002 22.10215689142203 -2.4375267978215781e-15
v -2.5581876606244869 20.82768768159816 4.8548313349109563e-16
v -2.3812500000000001 20.303597550823831 4.545564607700026
v -4.7625000000000002 20.301589999999859 4.5435099999996833
v -4.7625000000000002 20.908292499999831 3.86717624999969
v -2.21656701833269 20.904502547688299 3.8751313418564219
v -4.7625000000000011 21.44144750000007 3.0322288750000568
v -2.161144592169054 22.007704311015111 1.64613753281151
v -4.7625000000000002 21.853787499999921 2.1314679999999542
v -2.5283973228309868 21.689296212476322 2.5507546174878519
v -2.3812500000000001 22.1752 0.79374999999999996
v -2.3812500000000001 25.350190000000001 0.79374999999999996
v 0.72911346953718237 0.10561855215568861 1.3361986964052761
v -1.155309167625645e-16 0.02975886125012293 1.886762975007471
v 1.724746e-30 -3.9790389999999998e-13 -2.8167230000000002e-14
v 8.7641292508548168e-31 2.4061519999998011 -1.421085471027697e-14
v 0.66731354435953172 0.071830776599137086 0
v 0.61802385238468049 0.15978308425238949 3.5578814501678968
v -3.0184188481996439e-16 0.13980557663879631 4.4752960789280278
v -2.053140481491309e-16 2.0799231063425152 3.3530329533079222
v -9.3621544360839896e-17 3.3731824230361358 1.528955949435737
v 0.69742803819728927 0.29035806805927389 5.4166940138459507
v -4.7168806956525149e-16 0.41433446481107988 7.7032518216966039
v -3.6893927786338702e-16 1.562470946812351 6.0252357564900922
v 0.70626234122128828 1.416166329801493 13.786280409969169
v 0.46140815855144351 1.5883160163638179 14.78499385408114
v -8.6217062828285654e-16 1.3854547864978279 14.0803132404136
v -9.4410328720647679e-16 1.759455877301707 15.4183795619784
v 0.51028507138333801 1.137959362402422 12.49523126761874
v -7.7443935158618277e-16 1.1172713141806569 12.64755704997062
v -7.8944193429896358e-16 2.3913081295080731 12.8925671776003
v -8.7373557368266301e-16 2.748766937078329 14.269183208574971
v 0.83720133637860583 2.426794540839591 16.460239854143801
v -1.0308957404066229e-15 2.5483816959312611 16.835796229452232
v -9.9803297946152101e-16 2.1976729999945199 16.299117499961671
v -1.0045341694212331e-15 3.6092943250319829 16.405291276807301
v 0.51010979940954193 2.0367496187432419 15.91019604633728
v -9.5586756156522856e-16 2.7784165179083051 15.6105007769285
v 0.69734891249177633 2.7443508438884381 16.955418946214479
v -1.066834219121972e-15 3.0470528627882101 17.422723473721749
v 0.67332138483671256 3.5611713665845368 17.81363862483845
v 0.02627530244375087 3.796606477325656 18.104629442473168
v -1.060709169636571e-15 3.8249087475604471 17.322699530516012
v 0.75767293536112779 3.1217003184192471 17.37160384029352
v -1.133333422226412e-15 4.3957890000085804 18.508737500037121
v -1.0796823857944161e-15 5.1737090637376264 17.632552343936851
v 0.49183057229790472 4.5445047644028733 18.545920875312621
v 0.71269838376421946 4.1818670106673599 18.274226503823201
v -1.155690187234971e-15 5.089754178148258 18.87385810555649
v 2.7192619999999999e-32 4.8123040000000001 -4.4408919999999998e-16
v -1.4580949999999999e-16 4.8123040000000001 2.3812500000000001
v -1.3902958270369901 4.8123040000000001 1.1624977163282979
v -0.71355525000704101 8.0770122640643951 1.752826850464994e-16
v 1.2415692406562779 6.9030911648448159 -4.2484941777504717e-17
v 1.161727247666003 2.0326658899701799 -1.374732173105404e-14
v 3.1626162801921138 4.8940554411172847 1.6850428959469879e-16
v -3.3691933830829541e-16 4.3115150799272026 5.502310529595694
v -1.4580949999999999e-16 6.3998049999999997 2.3812500000000001
v 0.482140641852909 5.4467925934617174 18.969351325752989
v -1.173543183806241e-15 5.9138126250008698 19.165421250016919
v 0.50552375577016129 5.0056847795973152 18.779972613774369
v 0.56653436356413822 6.1970795056492447 19.18579179005485
v -1.1863792887224759e-15 6.9448768658394382 19.375039792283889
v -1.1182899222204361e-15 6.5321385970271884 18.263059881767941
v 0.60468750146753214 7.2681733875669803 19.345459230076191
v 0.0035149032129526778 8.3076918813154279 19.460319809748661
v 1.3870807960277281e-07 7.4289712284424807 18.936821131616728
v -4.860317e-17 6.3998049999999997 0.79374999999999996
v -1.2448708292783251e-16 8.0263447796901985 2.0330282787379041
v -4.860317e-17 7.9873044999999996 0.79374999999999996
v -2.8001887818186131e-16 7.9115962352657903 4.5730551180857404
v -1.193657403183021e-15 8.865157599013223 19.49390446275304
v -1.1954713327725381e-15 9.6150403447671131 19.523528720646759
v -1.151109365426745e-15 9.1316709478536957 18.799040520349411
v 0.31826305984834879 9.1158463169862376 19.48451010252484
v 0.54355701786371458 8.5270094616481824 19.421613613080279
v -1.193613394906784e-16 9.832546245249727 1.9493184244597399
v -4.860317e-17 9.5748040000000003 0.79374999999999996
v -1.1781386013530819 9.7385334544951636 1.631201701513721
v -1.9301509619058349e-16 8.9237422972514757 3.1521755479062419
v -1.6356472813578341e-16 10.10382473857196 2.6712148238824152
v -1.0297583252154281 10.11685322802081 2.6762838701449412
v -2.2204460492503131e-16 10.45998629325625 3.315444524671928
v -2.4435672890775999e-16 9.4275683090846769 4.1116947362940923
v -2.2204460492503131e-16 10.840198268916129 3.868356801235441
v -1.058689467181924 10.59303692164362 3.5231652730012728
v -1.141403174936416e-15 11.257423983921131 18.64053235872607
v -1.197748253925669e-15 10.49212006507595 19.560713691248221
v -1.2019305837401389e-15 12.36901983206039 19.629016548932761
v -1.0642474143899959e-15 12.62045621968724 17.380480244943019
v -1.137914603686709e-15 13.661318523812479 18.583551620999121
v -3.3313397332699151e-16 9.8598422887474975 5.4404894261628778
v -2.7846132357215639e-16 11.44439489835611 4.5476192154041417
v -0.9170472658000457 11.03395365264803 4.1079998429542259
v -5.8033669999999997e-32 10.715619999999999 9.4776179999999991e-16
v -3.2462320786269919e-17 10.74986875000001 0.53014988750016889
v 1.5508319194961939 10.715619999999999 9.0205620750793969e-16
v 3.1683574699441201e-16 11.98618853252437 0.67686287564427794
v 1.3343639999999999e-31 13.096880000000001 -2.1791820000000001e-15
v -1.033968169043638 9.9391520404922993 4.6789545220821514e-16
v 1.452112195290721 9.1021501478883948 4.5025054967338473e-16
v 0.0053537530870918009 10.86444031047631 1.228424471612527
v 1.42099560783039 10.809819554598411 0.97887418992280173
v 2.7296389417782712e-16 12.169638053349329 1.393344394314129
v -1.2020602641943969e-16 11.116767791649931 1.963112924839872
v 1.523517180363789 11.044104295012691 1.8102355882015091
v -1.5533084219109351e-16 11.40891198112903 2.5367448339114378
v 1.228745466669009 11.373469999999999 2.5209800000000002
v -1.304054756611097e-16 11.902735760891799 2.1296831237036269
v -3.2210354692832009e-16 12.31985492577366 5.2603499498361996
v -0.95719224848582707 12.08594362942492 5.0948724190265633
v -1.02619029388064 11.580026573046769 4.6727755657824046
v -1.682659714883938e-16 12.030349385060459 2.7479915181640502
v 0.00018484115707453601 11.833186340022991 3.2062337380821671
v 0.58168906022327893 11.67321656779986 2.9927686037417658
v -1.7968208505028489e-16 12.662215060684931 2.93443125929713
v -2.231613774296277e-16 12.27411294817653 3.6445018454226541
v 0.57019713103817793 12.2032048126962 3.6237185870363811
v -0.027350657865756741 13.173754571593189 5.7466413787216304
v -1.34953976752141 12.953779005234081 5.637608676655633
v -2.4970340609343771e-16 12.717699590029531 4.0779658000557486
v -2.1433289426764749e-16 12.90428269440174 3.5003219417149909
v 6.6613381477509392e-16 13.22250831504873 0.82357586378838699
v -8.114224479172206e-17 13.434370530176141 1.325153476479028
v -1.168722084877887 13.38092710030193 1.2159996828142039
v -1.291304299072244e-16 12.57302153274116 2.1088600454530151
v -1.121469299050969e-15 18.640717443498421 18.31498683891191
v -1.12115518800094e-15 17.258879801786328 18.309857252989811
v -1.2031401308722599e-15 17.191874462119461 19.64876895477061
v -1.1320434233987991e-15 15.638176643858589 18.48767540556485
v -1.2012720141868021e-15 18.378663216623771 19.61826496956682
v -1.2041698987880971e-15 15.84079015011725 19.665590367827889
v -5.8018839999999996e-16 18.256250000000001 9.4751949999999994
v -5.8018839999999996e-16 16.668749999999999 9.4751949999999994
v -4.5540391643436019e-16 18.290325441193009 7.4373095556873823
v -1.4044003722161229 16.668749999999999 7.9488758647944184
v -6.7739469999999999e-16 18.256250000000001 11.0627
v -5.8187064832226188e-16 20.472913462235709 9.5026691104505048
v -4.7183501261464328e-16 19.952302865823849 7.7056497321002348
v -8.7584338368498705e-16 16.489645206403871 14.30361228534724
v -8.4953283513664215e-16 18.43162962137988 13.8739271512458
v -6.7739469999999999e-16 15.875 11.0627
v -8.3132134819146007e-16 20.690148517843731 13.576509243002491
v -1.5498458718105299 17.128724743648949 11.0627
v -1.1966081459295129e-15 20.15265466344783 19.542094657474749
v -1.1828778055628671e-15 23.11829879334169 19.317859971103129
v -1.081356425301682e-15 22.169186504800869 17.659891473967761
v -1.052463229499785e-15 20.202696521195829 17.18803135190478
v -3.8640659332968359e-16 21.60516330123345 6.3104997141288077
v -0.011190396615894381 19.839752129693391 4.9593936285086091
v -3.3474850412817828e-16 19.104065267860101 5.4668584652049192
v -2.7495339380149851e-16 20.380213783051399 4.490330222327227
v -4.4408920985006262e-16 20.909801731083871 3.868356801235441
v -2.2204460492503131e-16 21.450723521289952 3.0372156645699548
v -2.361605791580612e-16 23.066506322432708 3.8567956803271719
v -1.3055513138160661e-16 21.855588295429641 2.1321277001761039
v -2.4394028305954989 21.301988601697701 3.296327029265762
v -8.1870651095470006e-17 22.08166003133076 1.3370493545776829
v -1.3818231569080331e-16 23.602889147714819 2.256688850088052
v -4.860317e-17 22.1752 0.79374999999999996
v -4.860317e-17 23.762695000000001 0.79374999999999996
v -1.1992633064891229 23.636791004895599 0.79374999999999996
v -1.163708312754425e-15 25.685532500000051 19.004804999999401
v -1.0630655081243201e-15 24.923975306998688 17.36118151615678
v -1.140076093513346e-15 27.960058749999739 18.61885124999505
v -1.0935692869951129e-15 26.29454940265672 17.8593415180822
v -4.860317e-17 25.350190000000001 0.79374999999999996
v -1.4580949999999999e-16 25.350190000000001 2.3812500000000001
v -1.4580949999999999e-16 26.93769 2.3812500000000001
v -2.109755728878747 25.380708677721291 2.3812500000000001
v 0.79452882460444529 29.433765830120031 18.30391888672321
v -1.1080902398890771e-15 30.27353722051247 18.096480248762671
v 0.60324407992093743 26.721811700137302 18.84756999762844
v 0.81966643810311868 28.075591758046961 18.58946274863569
v -9.8226049440855885e-16 26.29875893188408 16.041528793977019
v 0.78021321665963661 31.32452809389596 17.80145871290928
v -1.072927053327891e-15 32.209103834888758 17.522225181752599
v 0.92562789475747298 32.929084510038393 17.271704402832778
v -1.0413510955480541e-15 33.626123332851833 17.006564743953501
v 1.4276767789038991 34.170112151314513 16.773054827916351
v 1.5344695959322669 35.416731887908647 16.205915809502681
v 0.034162071983608211 36.497195384908551 15.622636386389409
v 2.022024812346237 36.724454694191991 15.47068627075905
v -9.1288522488594708e-16 37.623637500002133 14.90854750000338
v 2.4947513253939961 37.628863277931202 14.871523543229319
v -8.7212297730874355e-16 38.524839999999543 14.242844999999351
v 2.6397336616135938 39.092731715882188 13.77566106428722
v -8.2956254214691912e-16 39.34857782349463 13.54778865481552
v 2.4772441821804851 38.456914383801838 14.290803372302641
v -7.7071959322241565e-16 40.306819999994943 12.586807499994899
v -7.0764920583037936e-16 37.673496162626471 11.556791665195689
v 2.1519312296677899 41.242840213076839 11.449804653128981
v -7.1585314181665852e-16 41.046196864966923 11.690769044770789
v -5.7238793665662466e-16 38.917441321213587 9.3478060337892561
v 3.144078168008889 39.717200791454431 13.183249333053579
v 3.5827399871405712 40.560714369900417 12.29485388714296
v -6.5994154670507241e-16 41.704307499995643 10.777662499996829
v 2.5021752303050082 42.004636082087451 10.304601749178831
v -5.9494222157302272e-16 42.334592499990201 9.7161447499938909
v 2.823624293699849 42.544106574319677 9.3189870849372856
v -5.4622019999999999e-16 42.735245000000013 8.9204534999999989
v -5.0307184539476007e-16 41.024120013283238 8.2157875657018025
v 3.5922149152353731 43.101452665181426 8.0644049254566141
v -4.6601646715476969e-16 43.255781453712942 7.6106267353223291
v 2.532167339613359 43.802154730607093 5.8467731231770212
v -3.3685640383393068e-16 43.879820000004628 5.501282500001631
v -4.249304189880592e-16 43.4934750000034 6.9396406250018003
v -3.6792983383512492e-16 40.8097448981786 6.0087499389656447
v 3.1870429778271601 43.509726734922033 6.8988954793803829
v 3.1276233091481158 44.112712178052298 4.3347948465152246
v -2.3207525758029932e-16 44.188396249997638 3.7900771249993479
v 3.317573889894927 44.370705436498923 2.1808401710281511
v -1.161828316664454e-16 44.390558636736863 1.897409642859305
v 4.4960451201005323e-31 41.255444713878788 -7.3425991336963837e-15
v 5.4385239999999998e-31 44.450000000000003 -8.8817839999999998e-15
v 2.452665862500131 44.422728749999798 -1.5733372542744971e-19
v 1.2432240000000889 0.25837022500002998 -3.9638938070930609e-16
v 1.074910319825616 1.698396479251038 14.592061351653721
v 0.76004613403014876 1.841455540520526 15.35211852756559
v 1.1650810090611099 6.60118865832216 19.0947095525846
v 1.340086128227137 7.4451587030724333 19.116255368979971
v 0.73638447071407143 7.9245960581680377 19.350657571290391
v 1.375845977945783 0.35176981271295288 1.96107000830766
v 1.435468909690734 0.464686137415673 4.0354425250825967
v 1.227777457463147 0.49298995212764968 5.8902420745685333
v 0.82233954978385781 0.47370855835498621 7.2313386931639423
v 1.3729148654447849 0.89215264991331056 9.0401186804211431
v 0.63286785114585353 0.6917141071427404 9.4050403302281733
v 1.425753059535809 0.68620372919159944 6.9503478252115434
v 0.80194362124906982 0.98292008404767206 11.19429024591858
v -6.6939999060434259e-16 0.83877397500399975 10.93215525005246
v 1.079922555281156 1.294412264061457 12.52482641553442
v 1.5874999999999999 1.295301705570459 11.11502547330443
v 1.1222020877663379 2.1536687494818452 15.77495672649558
v 1.290352850127862 2.0245930337233071 15.3201884026639
v 1.330762716872506 2.9417897194306168 16.856201646915551
v 1.479901570074714 2.542815794315791 16.149051610806911
v 1.400990127614854 3.3536091286677512 17.26696888868074
v 1.21502 3.884809576401187 17.866395327134288
v 1.183733709710989 4.2394886968014642 18.11766919691205
v 1.164915809399401 4.7240433929067231 18.44048665050752
v 0.98182162452134947 5.1697671869859816 18.728448194940711
v 1.21502 5.7629760000000001 18.873290000000001
v 0.6979089116833963 9.4920900038055454 19.44118501946835
v 1.398428314627975 9.3953534328055781 19.187461935420799
v 1.2743965653489939 10.29482487716658 19.285702879817329
v 1.008430911312781 8.5294064466512189 19.300926912233042
v 0.7453765673809839 10.7811024000095 19.482924458997559
v 1.434938095392051 27.38811104639764 18.622614169216881
v 5.6554255700824649 44.324616961068713 0
v 4.3150117319186077 42.279442334903322 7.7465439812075053e-17
v 3 39.450000000000003 1.83697e-16
v 1.548976206502845 1.7259261620844619 13.696130928682731
v 1.4213126363386981 28.791235668885658 18.36348192000845
v 1.504749908999558 30.346452901988481 17.99611984179656
v 1.736863109856204 1.613303553421825 12.434463567278099
v 1.792578075382913 2.1069809291431212 14.689427415081671
v 1.734978830130955 2.3535499424815409 15.466393011592389
v 1.7037177031802531 4.2804757075152891 17.835078957317389
v 1.5706379463218969 5.3685368449423247 18.538448410733601
v 1.767066035392111 4.8031430227200991 18.11529058095827
v 1.762255743418462 6.9085969572775499 18.823058219082249
v 1.6477091519735541 6.239162538179146 18.774118489460669
v 1.918118687482669 7.7256635017820754 18.7826223596233
v 1.3951388604201569 8.1730671768237073 19.125794894822139
v 1.7711199999996019 0.54528919999987835 -1.863131218336944e-16
v 2.1115781144835051 28.840354825342331 18.09411434109116
v 1.7642723488966661 33.148683396945003 17.116308771951179
v 1.6790685241283021 32.175373073538339 17.451685951107439
v 2.0889409999999988 0.83602319999999941 2.4706155000000001
v 1.930030499999801 0.69065619999993888 1.23530775
v 1.9328179999999999 0.86700418298536741 5.4567514969597628
v 2.1062415492794879 0.91111528699035171 3.7775770954671581
v 2.0280676962703512 1.2739737894793459 8.6829905019182174
v 2.0668289867138321 1.1148436356480269 6.938321653621399
v 2.1867489348631119 1.727508286099638 10.9491045217431
v 2.0025686717045752 1.9948306149193329 13.4555028672223
v 1.819295626487623 2.9377046926989099 16.375886005504189
v 1.999770865474815 2.6754347523084818 15.697504263007341
v 2.0770499608757209 3.5096063886613251 16.771984913344269
v 1.9936826097759199 3.9286910837648308 17.296761879077131
v 1.861393054619827 5.893205973581833 18.529296049736011
v 1.8697514412819649 10.4931898989341 18.950454054678271
v 2.0030974776835979 9.5075273807938014 18.807193277541479
v 1.4654821604533099 8.696233426502463 19.118150810351889
v 2.0182797425992951 8.7154178214174713 18.75286855027452
v 1.421721534027012 11.41156793063119 19.25753629909163
v 2.042592742045148 11.429633356861119 18.849512208604171
v 0.67284329230304363 11.993648370403839 19.53863160249491
v 2.160104828387682 35.477055636919189 16.096858811336041
v 2.2770889937216929 34.334628107760032 16.53513982259458
v 2.0482316443914841 31.084095318033061 17.641859685732499
v 1.5338866915578111 31.339242432603491 17.72910629380193
v 2.350632687572936 32.459887737455993 17.128163883060491
v 2.3321489080546911 7.3399207360519068 18.385200854354991
v 2.4718102119558458 8.2195052807486046 18.270354734148832
v 2.651029919182835 33.685364287121438 16.594552335229121
v 2.5008313033778848 33.072626012288708 16.86135810914481
v 2.1555775000000779 0.8472366750000464 -6.1482522564507034e-17
v 2.2730789882748521 0.97456808171226483 1.1946937074546871
v 2.341573952583536 2.1617868816683101 12.58086242093073
v 2.1998313880597919 2.552765028804064 14.98839153559895
v 2.3076748678642081 2.3875471846218912 14.013241862296709
v 2.2450640000000002 4.5318444680902106 17.490253191594881
v 2.040533753803353 5.3522763806421452 18.16461100122763
v 2.421000816712898 5.1994906420373272 17.67018460095867
v 2.122455866024703 6.565989071115335 18.480228136251601
v 2.320591266799052 5.9833711257956734 18.129696713434381
v 2.9010940751803509 36.930205408549128 15.151698092338989
v 2.5754867416156579 30.5543483904891 17.469061967993579
v 2.7244254414757489 28.628099584872899 17.705801531642049
v 5.5 34.541964005818834 3.6601687164270369
v 5.5 32.230584088530257 4.8889767492633096
v 5.5 34.257345805017607 7
v 5.5 32.001703511184147 2.0762489228088952
v 5.5 37.028294065392927 2.2549669854037582
v 5.5 34.450000000000003 3.3677790000000001e-16
v 5.5 36.803349147393099 4.8425584572263709
v 2.6764213903371812 1.495091726858204 1.37779410437413
v 2.5264790530297039 1.2987242443982501 2.5084781583707652
v 2.5379089869005669 1.363360625036742 3.5450793566909891
v 3 36.557755126919098 2.8228119695677432
v 3 34.450000000000003 7
v 3 32.492081381451143 2.7900752081224631
v 3 31.949999999999999 7
v 2.9665977147711859 34.459239761759157 1.767071687616289e-16
v 3 29.449999999999999 3.875234894659378
v 2.5429632423960808 1.528609607904567 5.9048313317030674
v 2.427860496257614 1.3001125177443209 4.7161564485621836
v 2.5945236444725239 1.8685059804964519 8.4620546112049144
v 2.700283291700706 2.404364054308068 11.153109623323269
v 2.6808010357257941 2.7191295944053908 13.14733202719531
v 2.2713003196757668 3.077005818919484 15.899089796753159
v 2.57355223270975 3.094174611508635 15.162491624354169
v 2.5362651918401431 4.1608523877519277 16.746693887256939
v 2.6134791982491148 3.6314584635538649 15.965466648561421
v 2.6520242272556449 4.8757490880499903 17.1070432252383
v 2.544985795454783 6.7691460477582099 18.052191357320041
v 2.4506870292330878 10.56049549018952 18.40246274469067
v 2.6270734994026999 35.021839809101436 16.105442998105779
v 2.9684620601238172 35.872248885809817 15.613028799450911
v 2.83533377628518 31.59937157306446 17.04212713986632
v 3.0401293974270831 34.292326109340578 16.147708199983381
v 2.5132673982825828 1.235997032128773 -2.775557561562891e-17
v 2.8863931528061761 2.2066871535585579 6.8973210303533268
v 2.8576994919273471 1.9452187516475341 4.3527238289947991
v 2.627057779825797 2.8845324943208959 14.34619879239915
v 2.7756572892967228 6.0844256984231251 17.501600552979511
v 2.8535329741246538 5.4568421291155582 17.047687516730239
v 2.8509809634405978 7.6225818543209662 17.640420357382322
v 2.522412158294058 9.2932100824521715 18.265695807782091
v 2.9010167462420759 10.0888989891011 17.653017772727981
v 2.96956958124338 32.495795667882263 16.718723980623139
v 3.2920586854650109 38.175625373233167 14.303222039105609
v 3.3909302624758162 38.878146753823962 13.81183746446038
v 3.0028513169619062 30.342044530317612 17.145060392669549
v 2.7797188816009109 1.6982633610066571 -4.4607359393060587e-16
v 2.9465598802079098 3.3460018512751679 13.707243652719971
v 2.9150473801297281 3.5053259094147662 14.590211884493989
v 2.8931489002268158 8.762339673848258 17.60423149031671
v 3.016067499999767 2.1974632499998221 -4.5884808570946709e-17
v 2.8566399138057448 1.8566968887117861 2.649497835070203
v 2.979995897878156 2.7166573201062869 9.2517089499311567
v 2.961650923642468 3.1012497187857879 12.126618007695379
v 2.8702888322641109 3.75746273643832 15.33821393262312
v 2.909977217894379 4.3713950835339253 16.042612664514081
v 3.014557026039153 5.1614567749039351 16.38244183250751
v 2.9614507984302292 6.9221331881145387 17.30669665999298
v 3.2549075942682721 29.795827082731101 16.93056631898083
v 2.9033398832998372 27.046902788334538 17.743493524790761
v 3.1803055417878991 28.263668695895081 17.23995360297447
v 3.5857361963704721 36.462699103857268 14.97651973428078
v 3.682809256030791 37.48833888269273 14.466302097959961
v 3.5434524084243262 35.245601149079022 15.42576324649341
v 3.1201609484221642 33.302930449578433 16.376033866907122
v 3.3322470893154641 31.126245790470801 16.6161579760644
v 3.4701251559083182 32.480157557128457 16.191481526533689
v 3.1278212554702849 3.8418708893085718 12.775823152565669
v 3.1014672332159021 3.940361629547648 13.95321590265984
v 3.1262427478759198 7.8397908738346587 16.792168879790101
v 3.0869888559506928 2.5867705702927801 4.2358126766287576
v 3.0817119737876588 2.4626715345019359 2.0989614006152899
v 3.0769480165091969 2.7152510638239331 6.5304684248077143
v 3.0792979170236299 6.0889989253668464 16.67255414117686
v 3.1134083979982421 9.3143212214571864 16.926310263920389
v 3.136480078078367 10.89817218025869 16.876135591896769
v 3.8209436314066032 39.790833139841553 12.985149949203389
v 3.5987557153812531 33.777551911530708 15.751154815151059
v 3.1556815621722509 3.7531817660203379 10.939392380885259
v 3.1614184999999999 3.5368474999999999 8.8439170000000011
v 3.0917835379797221 4.3101836320380613 15.00386929935472
v 3.1482891174441749 5.1799261533685987 15.64896899626995
v 3.4066754075068721 20.3097051921429 17.196481861860661
v 3.346949572565733 21.91868260337705 17.374493206429609
v 3.0545711038443342 20.03337202307597 18.019915287455419
v 3.1584238750004352 2.923213250000424 -5.4171362331119082e-17
v 6.6518004114347944 44.261715721209391 2.801476722281782
v 6.3153031657220806 44.121889292794492 4.2820348212619912
v 5.5 39.450000000000003 3.3677790000000001e-16
v 3.004230305037507 39.450000000000003 4.2862704949388499
v 5.5 39.450000000000003 6.9893363774560964
v 3 39.450000000000003 7
v 3 37.135739005431191 7
v 3.1749999999999998 4.7211160938482308 14.06237203385222
v 4.0291509129644947 38.329467083373707 13.823706326406681
v 3.1614184999999999 3.1775709999999999 5.371429
v 3.1749999999999998 3.551792750000144 7.1406982499999723
v 3.1749999999999998 5.4249416332435692 11.02815599644874
v 3.1749999999999998 6.4911942272575089 15.83530654140645
v 3.1749999999999998 7.1220100658184711 13.969544710157979
v 3.1749999999999998 9.4739142933258691 16.004894096760349
v 3.1599211875002182 3.050392125000212 2.6857145
v 3.556460870910342 27.995107151563381 16.522032335536629
v 3.242251337734368 27.13784172590292 17.273834781480009
v 3.9176163681446332 22.448127603529191 15.34250678566951
v 3.3168307941801118 23.63804194203712 17.369758467571469
v 3.942153552206646 32.989436916115437 15.293501410892739
v 3.7591282701843651 31.719400683592259 15.803423136714789
v 4.0078511833896187 36.025121153921901 14.71467207120619
v 4.2890931816718503 37.204878778880833 14.062057804140149
v 3.1749999999999998 5.1878504853502836 3.8967534927473779
v 3.1749999999999998 6.6298456612388224 7.2990978649350273
v 3.1749999999999998 8.0257099502077764 15.502620645301191
v -6 38.510003684903772 2.25
v -6 38.450000000000003 0
v -10.60842491021015 38.292585970333299 2.25
v 3.1432012375382219 10.715619999999999 8.2747084514939513e-16
v 3.1749999999999998 10.74393866329919 0.53077319964339942
v 3.1749999999999998 9.317399528142289 0.99034515717272043
v 3.1749999999999998 9.000067559998076 7.6301318652447919e-17
v 3.1749999999999998 10.92404393208531 1.4489686868091061
v 3.1749999999999998 11.27805316881976 2.3424812932942398
v 3.1749999999999998 9.1672793965434956 2.4518834793233322
v 1.7282368983511529 11.900718681143511 3.2885252481833458
v 3.1749999999999998 11.760621066583161 3.111390882968958
v 3.1749999999999998 10.37767610635491 3.833570705189739
v 3.1602121352705872 12.29580638559497 3.7222994467162689
v -14 38.450000000000003 2.25
v -14 38.699644662978699 0
v 3.1749999999999998 13.272574182580721 4.4537988016494072
v 3.1749999999999998 11.115151394615269 5.6511774156708654
v 2.1792145827126288 12.507190337798891 3.9080592867072661
v 3.497299909619116 26.86954277533302 16.740910947586091
v 3.3507953255548402 25.85407485753716 17.16664954245757
v 3.7828655005886871 25.38944172595377 15.785726821498489
v 3.6949241729468389 26.839875052894129 16.077138858589411
v 3.0895290789269758 25.813624071909281 17.63626550188053
v 3.0519875071707379 24.626944666279101 17.79438263469692
v 4.4664094975956274 40.315398422243298 12.31826191234323
v 4.5890422846018089 41.070764367950083 11.568433458774299
v 4.1581808538304337 41.346393584761579 11.30678565904066
v 4.0496777984857344 34.843944684512522 14.906576275748661
v 3.5788815239025311 30.366526837660931 16.311796614956179
v 4.0218144498128998 29.786728037295479 15.108424166887019
v 4.1655095653389171 39.402798005743279 13.123401307088431
v 4.6275789705775763 34.277827128519299 13.769951698749001
v 4.3170733706032776 31.816641264608919 14.40460230551143
v 4.5331344924953587 23.821664037543091 13.781484188457391
v 4.3059718321225366 25.250936540401959 14.42919055241979
v 4.2298690770579332 21.945473038791359 13.8896691157346
v 4.3827483336986033 35.724770545223592 14.23210457596161
v 5.6837866956163259 41.748826378761201 10.49395389318485
v 5.1977059715416054 42.029273418956357 10.240071633956299
v 4.8122128321221984 38.14338584657466 13.229157852253801
v 4.5036703158272537 38.985163405106398 13.16495838930477
v 4.881829999999999 37.00488 13.30903
v 5.3978699393201506 34.923624242586769 12.49018056039638
v 5.1675248250240218 32.022864252093207 12.839278052871959
v 4.1848920543210166 20.84066511846958 1.3970931157239439
v 4.2553533182879866 21.009091639876779 0.50487558337742811
v 4.4726495000000108 21.465280000000021 8.8817841970012523e-16
v 4.7780386148084446 22.049761894151469 2.308133475771684
v 4.226387888732237 21.034369999999999 -1.4044513578044711e-08
v 4.9594754210047256 40.023164814344121 12.267663254328591
v 5.2484987248885568 40.796075827262527 11.562812223445251
v 5.3377085380554519 39.363041501078683 12.307220468306889
v 5.0666182246077502 22.54172709691678 4.4408920985006262e-16
v 3.663205827095505 26.191672248779849 1.0664597758658129e-16
v 5.761786844451696 23.555753418937201 -2.2204460492503131e-16
v 5.2454721949196177 22.823871438733399 3.0831519345110561
v 6.5543452428039277 42.549863966102897 9.2077809413936826
v 5.1017978965493942 42.653399088049817 9.0955891609929367
v 5.9210399350330132 40.399909513506877 11.39599488937732
v 5.688668988427775 38.632532478433298 12.080813463078179
v 6.3265154681614417 41.347683505675832 10.56432285522494
v 8.285550874999986 44.142321249999981 3.2246986699711189e-19
v 6.9569737329303747 41.96649503310951 1.565558074170115e-16
v 6.3515507252987824 39.79790384694676 11.23215918502072
v 6.641926382177223 38.135728654726201 10.94815214147223
v 6.0761209993202252 34.859400422857703 11.589027057490791
v 6.9538437066683132 40.853102572082982 10.43249377102266
v 6.8091755469141981 42.947487854396769 8.4392279187152628
v 8.0382136441090744 25.86747932875063 0
v 7.1725956875045149 25.124290470528631 -6.1629758220391547e-33
v 5.5 29.449999999999999 3.3677790000000001e-16
v 8.9466586331994762 26.51858492229465 -4.9303806576313238e-32
v 9.9321612077416415 27.09770540563396 1.1216347596145149e-07
v 8.0620405098838841 30.42781661394072 -7.5303327699786078e-17
v 5.5 29.449999999999999 3.149679566338865
v 5.5 29.451273921299322 7
v 5.5 32.160608692241787 7
v 5.5 39.450000000000003 3.3844013706056311
v 8.1491293233399809 37.188089468364538 2.3050945716535211e-16
v 7.7694751786693628 39.870465883021652 2.7473550623671299e-16
v 5.5 37.025511817695282 7.0000000000000009
v 6.4185172167594953 24.35083468398107 0
v 6.4865274165221622 24.427229253352351 2.691539522670598
v 5.8047253267723997 23.612038317351931 2.3235417808589398
v 7.539692655139997 40.383453395109633 10.07685097769909
v 6.6934812011805507 42.003858264111713 9.8308864050880818
v 7.8848824795487111 41.690666424714031 9.4558808937259613
v 8.2262465931808961 44.091644866564891 4.2827102693961541
v 8.6277893304258839 43.799352138437321 5.8596067853050693
v 5.9033043431807037 43.804017567688511 5.8403286956330662
v 7.6145116838476419 37.234287282165923 10.021778973353291
v 6.8867875628575224 34.666822387556962 10.695593138051899
v 8.0076946997069882 42.990541293129411 8.1606132459444343
v 8.4773400571525386 43.408387207549318 7.2166625907635913
v 5.5817023816864033 43.422728757064377 7.1739174469841096
v 8.4049011534858789 41.040261885198781 9.3701128307736781
v 9.2670826276539291 44.052139184582963 2.637972192789956
v 7.7722279913026897 42.371940077031461 9.0084471593822997
v 7.7249569974004686 25.632365133542091 6.2806440599115154
v 7.054254262760546 25.03959307300245 6.9958172794033358
v 7.095420629223951 25.050863179078039 4.9035625181833948
v 7.9754287772184709 25.818518274657261 3.8496788372625752
v 7.3433280354472821 25.281637040704151 2.2685308139569371
v 6.0066490258390939 23.86832996631864 4.41857681373628
v 7.1197809493116138 30.173770781553952 10.468189150291289
v 7.3886476924678322 28.432276796294101 10.133451095456801
v 8.0634688695474246 28.96516198795857 9.5707057012769674
v 8.1669091839313612 29.796844732181711 9.5672380822935796
v 7.3471269019787986 32.050084875658811 10.25702069433204
v 6.2485584136057 31.823581313012671 11.38438153567048
v 7.4313627984717137 25.565685518962908 7.5727389350384628
v 7.4491225684142401 27.34789243223468 9.7131382173411218
v 8.1266898768941331 28.152142977525209 9.2774287736230825
v 8.1509628868593698 26.181826015191952 7.0999973178991693
v 7.4359812787170094 25.915379222112399 8.3921284250012071
v 10.21629940652373 43.941150225248897 0
v 9.9571240367286791 41.838043773046351 1.3700876218005701e-16
v 9.2866810231259471 39.480659806932429 8.7884876863743919
v 9.064932287170965 37.746354292340428 8.909345728809491
v 7.4860692788401852 26.65857020169241 9.2018757078238398
v 8.2372178564989422 27.42926737764801 8.7455227485730802
v 8.6549290770207499 42.750492564257023 8.2819487363657718
v 8.7744997411758625 42.238621330639752 8.6786605851214418
v 8.1924503668714497 26.65653363732811 7.9896619233315702
v 8.9605594608501455 26.526994750189228 3.3355245688879682
v 8.791751438479233 26.429511686848361 5.6291944249917636
v 8.9413901239955411 29.555753123081189 8.9631681512663519
v 9.0109626713234725 30.595972939657258 8.983174337180678
v 8.2900632670579153 32.778707354228082 9.4815731531919685
v 9.9142740964269382 43.923312227135519 4.9068816942266542
v 9.5017024992417909 43.532432962910072 6.7524225061485081
v 10.52606494133104 43.656478718270833 6.288182421533425
v 9.4413713175540508 43.168401172205343 7.514951380074284
v 9.3843372556320155 41.888521389904213 8.5712216387911297
v 11.39736593680046 43.77363697236769 3.8077753551763238
v 11.10331302366148 43.818994254146133 2.0033706422680582
v 9.1980211514168868 28.85684363701132 8.5707516617962298
v 9.5084297590809292 41.214965321524431 8.6676296439392928
v 9.3814247938297619 26.999481635040841 6.3589206189133236
v 9.5671889478225047 28.204067853680389 7.879352408665004
v 9.4657056037427338 43.39703318532559 7.0757308170175293
v 9.7997311132634728 42.611135331329073 7.984020597970015
v 9.4028354591277719 27.432953082299679 7.2254036215992157
v 10.281434433352709 27.308226918474929 5.2133265407979508
v 10.250430648602761 29.660165259986599 8.1260600122852171
v 10.029049222129879 27.149182320319479 2.9957049795611659
v 10.20350060328669 30.612613233763341 8.2955433923456425
v 9.152977706860014 33.617825714810529 8.8928423377633532
v 10.20311276570493 27.513874769625719 6.2287825137727699
v 10.531208973205491 41.356345578627227 8.1430828714412247
v 10.711375455866319 42.045243279844918 7.9427294477749681
v 10.370584253251881 29.00863758864708 7.7796369774725749
v 10.65109390146732 28.09268403882707 6.749242734066339
v 10.77611934669606 28.683416269169161 7.2829601581616146
v 11.40447241877072 43.69534287563058 5.7273031309668863
v 12.357041176030931 43.593189900996521 5.3279264904944696
v 13.84684491003217 43.281598822710428 4.9451501512305356
v 13.01235370501627 43.46031316135533 2.4725750756152678
v 10.96997046835328 43.035192762251718 7.2254705362780447
v 10.454071150332931 43.385679163101862 6.9347990432714663
v 11.243488731564801 27.69975045748636 -1.110223024625157e-16
v 11.14039142495454 27.65930347495123 2.341600810180033
v 11.7287 43.51249 6.2110010000000004
v 12.17786250000038 43.639027500000218 1.0881634983979611e-19
v 11.585567767589589 43.244615848118222 6.7472491508977717
v 11.11857221577905 27.867999194394429 5.8195101033322771
v 11.549218819461229 27.834606297945388 4.8166085480061396
v 10.92856538128561 27.57171207042671 3.794632308132742
v 11.403752660236201 30.809872342204859 7.7717421279275891
v 11.463067052660939 32.887359190134283 7.7591678658797223
v 10.328807074115121 32.654676626420638 8.2430488886617379
v 11.892270964180019 41.651814908652618 7.5887661079790503
v 11.84399811205 42.202272931890008 7.4667573092009034
v 11.1066696877739 42.56899379415551 7.5444138472686584
v 12.227579051510389 39.947467847104349 7.5032472100005867
v 10.851330153998511 39.743005063098998 8.0037717243792539
v 11.61785007093629 28.918026133894681 6.9620103029059406
v 11.62884745684895 28.365640742338609 6.3313817629232334
v 11.26020280795848 29.355472123472151 7.4433102126236754
v 12.35565788191532 42.716552428174268 6.9912195793759881
v 11.500590470410319 30.010676938786549 7.6033290561226572
v 11.94467047203325 28.139518628719259 5.613617233560583
v 12.699999999999999 30.23137696599693 7.2437822570296504
v 12.699999999999999 30.820839999999681 7.3608199999996913
v 11.986540332165999 31.708459807020109 7.5780811200072602
v 12.699999999999999 31.134424490171909 -8.8817841970012523e-16
v 12.699999999999999 28.171720000000001 -1.9441269999999999e-16
v 12.69247229829476 28.16973481534184 2.561595308312385
v 10.21843007375317 31.389247640228639 -4.4369280932773299e-16
v 12.699999999999999 28.175527500000001 4.6205235000000187
v 12.58607902149709 28.20496517494708 5.1437735287767952
v 11.87924821018018 27.929746336247899 3.7289211014704682
v 12.130535543777819 29.509027688864311 7.1520267189962832
v 12.78520259709391 43.105872172642577 6.4067680787899874
v 13.38689632405875 41.336617889045712 7.2006825054910006
v 13.07685279904795 42.00886886213182 7.1426092703480339
v 12.062422793895999 28.771867636732509 6.5960792279093692
v 12.699999999999999 28.413989532866179 5.6838656197613009
v 12.699999999999999 28.783098749999951 6.3007737499998857
v 12.656253251153609 29.15872745055638 6.7259659854194114
v 14.09463214343965 42.19162302568779 6.7433971915723623
v 14.63333521206548 41.486428021001757 6.9345100526618699
v 12.225815901991361 40.899351669353599 1.4548012207783941e-16
v 13.58376625000354 43.34301750000175 2.8818780601660099e-17
v 12.83199431200299 43.419951947401081 5.7321549538686813
v 13.48548034490468 42.755778486199027 6.5095778663557793
v 14.015523884097719 42.911425939424177 6.0505821693663409
v 12.699999999999999 29.49301398724506 4.8828229772204317
v 12.699999999999999 29.75425817539945 5.8326670080146679
v 12.699999999999999 29.718880112914899 7.0752286210445616
v 12.699999999999999 29.50723785799844 6.7722780035147672
v 12.699999999999999 30.312339590934311 2.2171484962336918
v 12.699999999999999 29.243933545467161 3.418835998116855
v 12.699999999999999 30.73555583452973 6.2902409909392016
v 12.699999999999999 32.126718109651037 6.4125153386964362
v 12.699999999999999 32.154414497509592 7.3710440000000004
v 11.643870406661961 35.740478941538328 9.0319739070855126e-17
v 12.83032641746145 34.23520422940647 0
v 12.71133998171516 33.594378461962627 5.0995375151651438e-07
v 12.77174613580774 34.005858977613457 2.1228451143016769
v 10.62040923892542 33.68383813045029 1.3137535067835769e-16
v 12.699999999999999 33.260899595780913 1.8554652934067839
v 12.70206182419515 33.436496046442279 7.3701591283877192
v 12.79780706401265 34.119336330926792 7.3437544224036824
v 12.704381363575161 33.475966650322363 5.527619473779227
v 12.85216379882406 34.307818320895969 5.8281900507267732
v 13.09811987504445 34.875550416919602 7.2748833357545166
v 11.67211584528418 34.999472623747423 7.6835974827437781
v 14.09372180173548 43.118154531917007 5.5531241941938294
v 13.115411278604441 34.905778967740588 0
v 12.95819584534599 34.590464798178367 1.344761004797586
v 14.99125877158991 42.36190765674322 6.2969566556683638
v 15.19468228913251 42.693795139026328 5.7160622975372366
v 13.418101675707179 35.347368850010767 4.6961392641264871e-07
v 13.2400770636047 35.108155668354783 1.7344901152207359
v 15.31733400901169 42.840791495149148 5.0403257121127494
v 14.56529420893548 43.089809402480633 3.047199504347021
v 13.1136802296743 34.90249582276261 5.243150600093835
v 13.35744178864929 35.270687695148077 7.2196742629095496
v 12.4811348673043 36.666023487268511 7.430020466634673
v 14.873925644491599 40.560977640894933 7.0066215663899669
v 13.88128678080073 40.109148019014008 7.1252808597656179
v 13.45738314937458 35.394620603887688 5.7067086719645346
v 13.79474242573014 35.735663181488952 7.1393422558869739
v 13.7806998425442 35.75381555797123 4.6019393568915623e-18
v 14.4184831337771 36.158697671352542 7.0515645904904254
v 13.587353105808759 38.491314129889098 7.1757124517000124
v 14.3635000233449 36.128937277805527 5.0723335651199886
v 13.89227891931098 35.816791338665112 4.6576111249677101
v 12.875533050958831 37.758559266264292 1.009483484050663e-16
v 14.24788709926271 36.062923472199728 0.01205165956315302
v 14.38950972458132 36.142803352030612 1.2518691089908149
v 13.75182749281001 35.697671310159663 2.3558484913510691
v 15.366224821259349 41.122263456129311 6.8960439168947198
v 14.767943549851671 39.519351892400508 7.0160877504008736
v 16.06929397571604 40.335180298025719 6.8994370145654189
v 15.487750406307381 41.697681921924399 6.6452550963029404
v 15.0551680148602 38.465652009550823 8.1241480803809752e-17
v 15.082230548952969 36.413088105159353 0
v 15.13780081540285 36.424798605078372 6.9829332040502949
v 14.87491565100583 38.212361636640779 7.0065331402849012
v 15.003016328419941 36.389804250732517 4.9647024308088206
v 14.876665000000241 42.995497500000141 8.0984001512388011e-20
v 15.964795138193301 42.622857369540867 2.0169083382430459
v 16.022090143596859 42.589495385872752 4.7292143877420164e-19
v 14.11230028829927 41.580081506220822 8.0889095371498793e-17
v 15.98056281198955 40.722516840330918 7.1268524620735637e-17
v 15.727879545272501 36.508235227162373 5.3536229303786138
v 15.78378298377365 36.510562306113222 6.9253500996909176
v 16.2632034473415 37.840705503351572 6.8825265152379718
v 16.300988685281592 41.692636404553838 6.3743534213203423
v 16.052095504073669 41.100800146844293 6.772340409022112
v 15.836202156946401 36.511510000000001 -2.2204460492503131e-16
v 15.03568737073069 36.398123650601008 1.3831952141381469
v 16.280235765195801 42.122072482816179 5.9283043444782066
v 16.377792004213109 42.346607644848781 5.4023939982644569
v 16.21920221796293 42.521858730324531 4.7805560150120234
v 16.32503366817766 36.512148828526819 6.877003917709172
v 16.94800041456222 42.170277884585147 5.081757543472901
v 17.04481702821672 42.152586726429838 3.7307484415369561
v 16.08312477637385 42.575830342226467 3.4557251344394282
v 17.05476777408164 41.900897434464753 5.6945422545217408
v 16.887882520767391 36.345720834746338 6.8267287214416523
v 16.93883482347055 36.328789052428483 5.0859477931698223
v 16.345788993746609 36.476457063709148 5.4682818858207671
v 17.172317714104999 40.317226360548467 6.7437811798579173
v 17.04014373328603 39.664784643719422 6.8131286076707296
v 16.255739549153422 39.127225098238 6.8831933077410552
v 16.84940437333416 41.14748628690257 6.5320203240451091
v 17.596561611855751 37.68604996770582 0
v 16.92343153204045 36.333617156384562 0
v 16.503915000000021 36.44858 0
v 16.890180316545131 36.3456634498488 1.2653958861790371
v 16.52042861604631 37.984225792224152 2.8368796127224012e-17
v 16.21086846328549 36.493716524968988 1.715059141937777
v 17.54322669703679 40.794976059566807 6.4671443618759907
v 18.279079729993391 40.001706141980797 6.53319079935667
v 18.156204810089431 39.424283493820397 6.6918632908037097
v 16.97253454356829 41.681176990288023 6.0551618731968064
v 17.46178446618902 36.086729801051433 6.7754660910772806
v 17.75201844745844 37.257948734935937 6.7495412566018143
v 17.504925516871889 41.247124346617603 6.1763382833459648
v 17.416972394880439 36.111922454747912 0
v 17.63101291868098 41.54734162351383 5.7243327294419597
v 17.452905000000001 41.871715000000002 5.2190595000000002
v 17.54646 41.889454999999991 4.7379550000000004
v 18.50238790483494 40.536207743950627 6.1358953933936
v 18.355547523310289 41.050146053700743 5.7412195022863646
v 19.039893791142909 37.259091413473293 0
v 17.8971555226255 35.784094056383523 -4.4408920985006262e-16
v 17.519866080385089 36.052346058321163 2.150936419338664
v 17.85052182195534 35.822325310338037 6.7407431369209236
v 18.58381870664526 36.851485079949938 6.6607584884877138
v 17.534211453606009 36.043760955042949 4.975967886532116
v 18.2602290560793 41.379196577494866 5.2103289936904007
v 18.756175434321189 41.093127470236688 4.5096699928488384
v 18.341527783279819 41.396926160350887 3.4467795042982199
v 18.141237500008241 41.525172500001553 2.057122192984312e-19
v 19.014519999997269 40.878096249999793 1.405505866756214e-19
v 17.796941639274419 39.861474287331873 5.0460862129995562e-17
v 19.292096774104021 40.638984518014979 1.1924425904904721
v 17.44112947433554 41.94773406761194 2.1971473600065581
v 18.560350929013751 41.240821759900271 2.094170921362867
v 17.05645750133062 42.146964047975409 6.1629758220391547e-33
v 18.266488618102901 35.44753878142744 0
v 18.11197638979953 35.589923587654098 1.915336740272539
v 18.03971197141437 35.658946517590849 5.7005018313986513
v 18.25936880216565 35.432616363260827 6.7042231069891924
v 19.085133065322271 40.525305074316393 5.6066791009875461
v 19.019539102774999 39.687680457375222 6.33948378374743
v 19.10761315110339 40.189908288210731 5.9682671126931002
v 18.795165495833931 39.035724415939079 6.6114402814273401
v 17.488944837359529 38.516288647019962 6.7730393838639262
v 18.989315707108201 40.811261128399828 5.2087824074996503
v 18.443079355677291 35.202910938683623 5.706079855624739
v 18.664323922818021 34.853925655907467 6.6680516648550574
v 19.018885815655921 35.707704403593681 6.6166786900416383
v 18.690459481665439 34.803084688120897 0
v 18.605391135104181 34.957055156266378 2.419999831727158
v 20.090082691223909 35.733255342009222 0
v 19.419184683718878 38.420971700263848 6.5340105804952779
v 18.613853385835569 37.930398055771349 6.6725598804031474
v 19.705852947101501 37.616240358848437 6.5460508858981461
v 18.54489262539558 29.333526980581581 0
v 18.428937975955431 29.629950587631122 0.13171734231370461
v 18.43866749999874 29.803869999999979 0
v 18.470447047594021 29.8413205901334 0.44959889241282569
v 18.801335885839531 29.72936356780799 0
v 18.51398499999998 30.016139999999979 0
v 18.797715982127759 30.2709356677064 -8.8817841970012523e-16
v 19.136947280059761 29.654106936532902 5.8287212986942913
v 18.442160320978729 29.80293673238608 6.2015852010714516
v 18.44806841057294 29.534236281720109 5.9973380242408876
v 18.454002791907222 29.86831625170819 5.4457481867024846
v 18.58450742127453 29.283012844679892 5.780851969608249
v 18.429544492000321 29.628486168842489 5.1493517371130011
v 18.555891890669422 29.317892785334241 0.54239954709080873
v 18.43799217781832 29.576457876336601 0.53057181312056745
v 18.55249386461405 30.077223782197098 6.3006443731054684
v 18.595878844461449 30.12857644236092 5.6129141166632532
v 18.958804531742469 29.083691785561161 5.2704987772229241
v 18.724386243303979 29.16699970215128 5.1905401364051258
v 18.54053107975669 29.33860712310452 4.8862292495355701
v 18.78423378731711 30.260531774871829 6.3249556772422624
v 18.779651509947289 29.169437993299091 0
v 18.51797781966096 30.025185407948531 0.41718111189808837
v 18.764573165808791 34.651198076971461 4.9915498346290263
v 18.9272596721399 34.209091899388227 6.6445645751020859
v 19.6137957507602 34.935376261397522 6.5703836410502339
v 18.947312685513541 34.228900645929642 0
v 18.944898367408388 34.145846823392347 2.0009979375289522
v 19.391367817859539 40.544690223079193 4.6052839920225068
v 19.297645090349011 40.633923295774032 3.2927502331888321
v 19.050000000000001 30.324999999999999 2.7829769999999998e-16
v 19.173298332474062 29.73289007801268 0
v 19.05050343469177 30.323944786010792 0.58543755567185074
v 18.73834269969138 30.2408646635824 0.86877076167040546
v 19.34392705766993 39.068899392521942 6.4145762967442108
v 19.642327499998899 40.290717499999893 5.0567012857638772e-20
v 18.726818452603421 39.474314478146248 3.6197389931745927e-17
v 19.055415 30.313649999999999 6.2970319999999997
v 19.53232278237488 29.173568220580279 5.2325010211341771
v 19.697669778000272 29.845003308438081 5.8937954361445417
v 19.94597016522653 29.532234578392721 5.5265661979652876
v 19.050000000000001 29.074999999999999 2.7829769999999998e-16
v 18.80583446502925 29.125604908951669 0.5006973601561957
v 18.799472983369771 30.27235090713484 5.4322413405715197
v 19.458045559479679 39.811704690533197 5.9656735724777397
v 19.526664681950951 40.061242298739153 5.6426114439710906
v 19.759477798809598 39.254431024101343 6.0810528981389256
v 20.46196915095879 34.372633428093202 0
v 19.03866001833746 33.594378461966578 -4.4408920985006262e-16
v 18.978607542504179 34.00645921109237 5.2257772804055689
v 19.041562022845451 33.559108682674569 6.6343546940932532
v 19.712818193446701 33.786801542736399 6.5495304395187626
v 19.60881375553679 40.249431512865357 5.1189289202834578
v 19.053217823880569 28.993235330650229 5.0503117174013594
v 18.749762759542751 29.152499471258661 4.7074774012263898
v 19.004402265871239 29.07934589278058 4.8437222984779158
v 19.866773126664601 40.047393541776238 4.2539921001164496
v 19.050000000000001 33.220527972791743 1.677276093354203
v 19.050000000000001 32.719375618674754 0.7259236503347003
v 20.17609129390847 32.049901519276297 1.606537840003962e-16
v 19.050000000000001 32.019367506312904 2.3111694704827951e-16
v 19.045781011422729 32.49553246633743 6.6210779720466686
v 19.659103814156211 32.917187749620908 6.5617959771483392
v 19.04951631916494 33.359954965026503 4.8982531746481106
v 19.988716405739119 38.020327341292933 6.4006225332004822
v 19.92706367240903 38.703673098698282 6.2235951505768741
v 19.079304691346131 28.575718556524439 3.2023662324281419e-31
v 19.669409999999999 28.636009999999999 0.027390998258651891
v 19.050000000000001 28.574999999999999 0.88222039928703888
v 19.050000000000001 28.574999999999999 2.8539549500421901
v 19.508470513606351 28.609485843821279 3.4933860404063521
v 19.050000000000001 28.609887902520502 3.5301971647176562
v 19.878075690026009 28.68581647631321 2.801438081008452
v 19.050000000000001 29.074999999999999 2.765182069263262
v 19.050000000000001 28.574999999999999 1.960582481508979
v 19.050000000000001 29.074999999999999 3.54281789097959
v 19.713013409985781 28.645800334869541 1.8926375699911451
v 19.050000000000001 28.644775805041 4.2064479008702298
v 19.686824609849442 28.714754435084199 4.1009788280214057
v 19.361509997544051 28.752605584874178 4.4297314625085198
v 19.051608911940281 28.819005567845611 4.6283798091357937
v 19.050000000000001 29.074999999999999 4.484744657693458
v 20.334705000000209 28.85175250000005 5.5595359719060659e-33
v 19.786594602053171 29.695399491098229 0
v 19.050000000000001 29.03671731356344 0.7627483781774389
v 19.61015699625985 30.475410752603651 2.283256893641993e-16
v 19.047165004584361 31.142344615491641 9.7700972537484328e-17
v 19.050000000000001 30.82923297022927 0.60655224668722685
v 19.325845885801371 31.054570660615539 6.5305458422276548
v 19.050000000000001 30.724213895107951 6.4332565649317059
v 19.050000000000001 31.024157693158681 5.7557868792844289
v 19.919264758617189 30.685534454525179 6.293468720931485
v 19.796151305741301 30.22908827342566 6.1184795061543129
v 19.050000000000001 30.366382573113299 5.3562088828771124
v 19.050000000000001 31.43195625000029 6.607801250000084
v 19.050000000000001 31.89902272240106 5.8679501190409153
v 19.611207565069051 32.104907014459627 6.5703797086199192
v 20.026413679035151 29.185475253214591 5.0396723626617064
v 19.694411604460079 28.887105907567761 4.6397262726048982
v 19.370246429661719 28.93519600919355 4.8742995546418344
v 20.003709629536189 39.531021407680562 5.5892824453504089
v 19.876764487461969 31.301239696490221 6.469105207956054
v 20.27557052771385 32.223808891112071 6.3741905129809489
v 20.06768050919343 28.747026014136502 3.5531512479172989
v 20.22094166678043 37.088616206396317 6.3952023500578123
v 19.728842655824291 36.101426911144067 6.5467395240361776
v 19.883892169914869 40.027653449408781 1.1905738855342589
v 20.12397937601876 39.688849977912319 8.5341772973094379e-19
v 19.933166251803861 28.701060924994799 0.93523586009197301
v 20.10793755882699 28.866588877753671 4.2139885536715376
v 20.362056677433021 29.853769394006449 5.6225025300734783
v 20.566034077491061 29.487606065699708 5.0658955951652276
v 20.08380353024814 39.724925683303603 5.0537908827386149
v 20.51577260134755 39.19237908578814 4.3339231798767344
v 19.909553982017979 39.99848719574355 3.4919786842993972
v 20.371691625285781 31.212586395409719 6.2703056461370377
v 20.719955007435821 31.855434985837519 6.1452275193877277
v 20.838613720120492 33.090856000782743 6.0678769141422606
v 20.27976411912163 33.197673987848788 6.3724262926609958
v 20.304577873477321 30.272447727162461 5.948205871573462
v 20.354140490729851 38.900582835194818 5.7026775762681492
v 20.551033682433371 30.638502306647521 6.0029423625052107
v 20.434042638721831 29.137557974528459 4.5813628292146484
v 20.310464639868989 38.303820072300233 6.1136918950877641
v 20.487629209896621 37.757478747278618 6.1610226927428489
v 20.477375967311719 39.153417106229767 5.1124119264269634
v 20.3521623878617 39.432216678432489 0.89079066340480217
v 20.582238337743789 39.088808943283958 0
v 19.478613234337359 38.789504280757228 0
v 20.530370844220041 28.957240125497218 3.683703467553272
v 20.440035441181632 28.896213785211561 3.0363159661147101
v 20.718792612570699 37.034609712633099 6.1187822889097161
v 20.393810445997801 36.371619518023842 6.3221467934074704
v 20.853129020001479 30.19970062108931 5.5318344388245366
v 20.923435053991049 29.18720178121935 0
v 20.796015764749001 29.098729981065809 1.7126487309511309
v 20.333226582311831 28.846912650192969 1.3817724380083729
v 20.711921829400261 38.144155362973102 5.7841862977418943
v 20.916788225807839 37.562052060446248 5.8037472739952332
v 20.754390786378082 38.546964420404542 5.3733878458011306
v 20.938860153113581 31.330114384047221 5.9489155265195119
v 20.9696500602623 38.390154937668527 4.8049452731511098
v 21.02548320841753 38.295417651456383 3.5498410660716369
v 20.476321667080018 39.252156020826817 3.08975094798117
v 20.95476010010843 29.804126827298379 5.0579443362777416
v 21.24368799290874 32.163381231798738 5.7399589744485846
v 20.881930913613651 29.228350577577871 4.0212880730257918
v 20.934846624518212 29.195239410440809 3.013903573711322
v 21.059340291210749 29.52981990767287 4.4848830262380437
v 20.871011066910309 36.172976552779417 6.0464316909019686
v 21.20024519623275 36.816664936633018 5.6822359524367494
v 20.993085776422479 38.361362568397787 0.031770929222460713
v 20.00028899084062 38.163862122845643 0
v 20.735979336017099 38.835764822185659 0.8445226000357966
v 21.066585522422869 37.896713847852347 5.3510727429438116
v 21.115500000000001 30.76887 5.6372524999999998
v 21.280043465198482 35.524057070686339 5.7053870927875234
v 20.903414840454399 34.494480993610267 6.021795179393405
v 20.359664072778578 35.43164273284458 6.3378331357136286
v 21.47576631773449 31.292681503028319 5.425376721419787
v 20.305044835703281 30.655938745486559 1.6623581962630311e-16
v 21.429023504641719 29.648524172784381 0
v 21.390711938791181 29.605398568881188 1.9602615328361519
v 21.276652576242959 29.503219360588862 3.669617596667321
v 20.381657434445991 28.868379684040601 2.3028757527216439
v 21.31352937067798 37.351552048006873 5.2196012403356988
v 21.377899999999801 37.464464999999947 0
v 21.07384739438794 38.196159884000309 1.148256683436365
v 21.550272916571359 35.998758215136952 5.3304904791026519
v 21.541311359263609 36.597530541148828 5.1488113738264403
v 21.30233988319587 30.30811571765306 5.1453021779734502
v 21.25286233714786 37.772882998523627 4.7696219973940712
v 21.65706250487235 32.22045199160118 5.2568861944048892
v 21.491389617036951 33.557875494172471 5.4756471829253863
v 21.342135531473939 29.926357106940721 4.6501004728987461
v 21.568228078015402 30.751759551313839 5.094523062702037
v 21.67355446565934 35.059827025919212 5.2312112317136679
v 21.351228048842589 34.610743067407732 5.6324568154756722
v 21.555362414091181 29.917288078877231 4.0734779914518038
v 21.633237674348351 36.702949820710302 4.5072430897308484
v 21.648107237806929 30.335221968938139 4.5793573601581814
v 21.44529063009124 37.291141707143318 3.8305760050236959
v 21.80005671172535 35.830854545228007 4.7765320601318724
v 21.662831555040011 36.5235432483246 0
v 21.444017664996721 37.294646110271678 1.6415949678509549
v 21.68897849306299 29.984723278372581 3.2593126996495458
v 21.83029508623131 30.218349080095081 0
v 21.87640552434295 31.375438629686389 4.8221263508719368
v 21.90055955110606 34.410421914598118 4.8409145504223572
v 21.877346461381521 30.378724206812599 3.860510374262125
v 21.859135294829571 35.794656379920518 3.553489065986339
v 21.906945055738898 30.82351627253513 4.4438117298153426
v 22.037690489819308 34.691511035750437 4.2853449986029686
v 21.999812979849469 32.124845614614998 4.616911984350299
v 21.959787161757632 33.244952184822083 4.7063316397259687
v 21.949568957252708 35.323573548416462 0.02445945644089087
v 21.82001397931943 35.976556520358663 2.126958482704485
v 22.143192500000051 31.055402500000021 3.7151258433220669e-19
v 22.092135801769459 30.842248002111511 1.807337997863719
v 21.816327890715819 30.193693279548981 2.24670143006932
v 21.982457977516351 30.533035228135461 3.0973740327701522
v 22.131776245610009 33.842949667730068 4.0847661570851717
v 22.05090100331077 30.77775680562095 3.7328964686837338
v 22.12560473438154 31.293189860226821 4.0379154280061904
v 22.083183017276529 34.404660840398179 2.4382677698409569
v 21.518230411251249 37.078345037422807 2.7908871718921349
v 22.191584690662111 32.007291029341921 3.904848357319604
v 22.183093731969709 33.104173182161233 3.9113443879348511
v 22.129288358166729 33.95898204428228 0
v 22.168004597567109 31.15371950508273 3.0558510599827078
v 22.203580834906369 32.826572121071187 1.9338090215756061
v 22.22424844748663 31.930700012223539 1.2096117716935961e-16
v 22.223196106992219 31.67643233202017 3.157419433458251
v 22.222506588272921 31.648311881423641 1.9695238113093789
v -25.5 35.25017539461377 6.3499999999999996
v 1.962080872629516e-31 32.666510728998233 -3.2043213381474218e-15
v -9.3817954451704523e-16 8.8474896066763851 15.3216339174494
v -1.090084254643692e-15 10.2801485242009 17.802425335974089
v -20 38.596350588832458 2.286193424252231
v -20 36.280634881179267 5.0617014065355583
v 8.631853989093937 34.260815349745528 2.111452086571394e-16
v -29.387744304075881 33.343969935679212 -6.5587668773063246e-17
v -5.4683045928294602e-16 36.537415759808631 8.9304185308651558
v -8.6811875955065864e-16 14.032195499521739 14.17745949164707
v -9.7087542539919985e-16 14.434991145584551 15.85560413825956
v -1.036757407386433e-15 17.586755255610459 16.931537180664279
v -9.8206736092312768e-16 16.034040817566041 16.038381125517589
v -9.5888958904080565e-16 6.0700524574009007 15.65985578196832
v -9.1157770093009455e-16 4.2986851033044182 14.88719388918728
v -20 4.3235151849443616 10.13438846885713
v -20 7.5456525659160976 8.5887081001572483
v -20 6.1790798321783154 10.85775555817318
v -20 4.1859461656456203 7.971614728254778
v -20 4.1305855277438832 12.24548203899459
v -0.92340701068538433 22.983604772058751 -3.3536111634729671e-16
v -4.7614659918567267e-16 2.6472274315130728 7.7760642285928636
v -20 10.452692689120621 10.64548080993884
v -6.7647018439490049e-16 3.0511187617089819 11.04759669044047
v -8.0033699581806725e-16 4.9523345018747653 13.07049670845392
v -20 36.737262438994293 8.139055459152269
v -20 32.745079309135349 3.9004467362731758
v -4.156472779603567e-16 38.395709556977877 6.7880356543014511
v -20 31.255998585200491 14.36183696736996
v -1.0646110642913869e-15 7.2113845264721679 17.386418591508079
v -20 11.042442822177319 16.59306492858887
v -20 9.0050966230993872 17.222474523128479
v -20 9.701773930255456 14.26347376381622
v -20 11.61390642681471 18.54332261371697
v -20 8.3089583351740526 11.697197248855201
v 3.1749999999999998 7.900932651764867 4.5715050886755062
v 3.1749999999999998 7.3039517142705357 1.9944574688439649
v -1.0459626408565509e-15 15.14448126948453 17.08187018702041
v -9.3403937778894654e-16 19.138451886727101 15.25402321183339
v -38.179895082279053 41.50619505399402 0
v -38.759321873774788 29.14723766807883 2.9461845878617079
v -38.740239926104287 29.158070877088761 3.3603172531244372
v -39.049999999999997 29.074999999999999 2.6854489069576868
v -38.721157978433787 29.168904086098699 3.774449918387166
v -39.049999999999997 29.033619046918751 2.0866276145609972
v -39.049999999999997 29.033310653800999 1.389342475027455
v -38.753467079942219 29.150630948990589 1.604603917695159
v -38.629620791780312 29.238543081414431 1.210194707582134
v -38.717435786693187 29.171105014926461 2.2261837587971529
v -38.499076706099459 29.410575781960532 1.612617018302084
v -28.79447104232792 37.052934257042523 9.1251571049537965
v -31.305745343924901 37.449716147479243 7.8084189412989726
v -23.175000000000001 8.4915805969277613 11.70399765641867
v -23.175000000000001 11.242412483254251 10.761107796889389
v -25.994039320630218 33.443441575511258 11.6894577666466
v -26.803918356961692 34.073296643136572 10.77938579838696
v -26.1993096298912 30.955785458229009 11.44160756601636
v -25.37188090573089 30.300990786172338 12.5290587712788
v -2.510013896829435 9.009415135435507 -4.5181659450384242e-16
v -9.4095546946822614e-16 23.777991596705551 15.36696683413899
v 18.45221460892429 29.88074460346337 3.1378631747166601
v 18.602937174507719 30.136144865843271 3.2709012563462641
v 18.683204069432819 30.205324795046121 2.5275033253949029
v 18.44464444879743 29.854463265911502 3.9183446115387608
v 18.483274460547829 29.962908188615589 2.2648956604437598
v 18.42937853960456 29.62689723929655 2.5542765123938631
v 18.439607052252541 29.565723159607501 3.4511656727607649
v -20 7.7511861599488521 15.33861768736454
v -20 7.4458515574729258 17.047142916650031
v -20 6.1179532646553794 13.552694472666399
v -32.844767405107078 39.211843873526611 -6.0662543493588202e-17
v -17.634977375087651 14.36674506299831 2.3328827355258199
v -20 6.3475736872163164 15.59207459542465
v -20 4.6700152454991937 15.116861165893051
v -20 3.88221802400792 13.9348571553217
v 10.66174737621753 38.627923042700857 1.8671195791279171e-16
v 12.825269219799861 34.219380735597518 4.3065016728640657
v 12.706700902955159 33.515437254202453 3.6850798191707348
v 12.699999999999999 31.919657861650009 3.325938517962256
v -32.71581880876326 33.642476279302457 3.6813064405594931
v -32.857178597818212 34.322428001219059 3.6903078185422791
v -32.700000000000003 31.0427070648614 3.2719022192722358
v 13.02379132443737 34.733325932886139 3.1032339383878429
v -33.150736878353143 34.96757786287985 4.046912307456112
v 13.420954667643439 35.351711993563271 4.0893092596402134
v -33.551017678217747 35.49877013578304 4.318049427049635
v -33.990570350358801 35.891358819212648 3.4308093589098059
v -34.588302969706362 36.239780909220379 3.6207016956611389
v -34.517013405594582 36.20668703828688 2.0562417941865641
v -38.471283573274597 41.305905851752648 3.8455154292855278
v 14.229535211235939 36.052128725201861 3.0249019011892031
v -16.61241724159321 10.047869023323971 2.5220608612588529
v -16.313353705941559 9.7719965316199637 1.7504018208686241
v -32.700000000000003 30.561507563018932 5.4523984023075833
v 12.699999999999999 30.810500474490109 5.1451224544408447
v 14.97207840289555 36.380728492196987 3.216317023324061
v -35.942532720795548 36.511416885381877 3.574312215896406
v -35.127994665643598 36.422246517224337 2.8867391372602982
v 15.528041169201931 36.492819610439852 2.3918094841467661
v 15.681269241156061 36.506049905197017 3.8127159200950849
v 16.37536090214585 36.472036549374486 3.9001390598237058
v 15.64809811754114 36.504232281589807 1.4063459847410129
v -36.629477947492049 36.421111246288277 3.1254422553859191
v -23.175000000000001 11.01096120408951 8.4667958806248453
v -20 6.26963896782632 17.06175398061378
v -20 5.5983150978805503 16.43689072553936
v 16.902216051725581 36.34137640568489 3.0862706636900898
v -20 4.9417544237531468 17.207782840532818
v -37.324674170055133 36.161540141538659 3.1466567924349991
v 18.85098849658803 29.107858425390368 2.259585867956623
v 18.790928072930509 29.13149955223108 2.9008654790082291
v 19.050000000000001 29.060925312125331 2.0553231217664321
v 18.562544019493451 29.30918083392319 1.836739347185496
v 18.793503367948599 29.134201031067011 1.636717407259888
v 19.050000000000001 29.04685062425067 1.345464174269601
v 18.58388272527483 29.284505917645269 2.399781540041495
v 18.57729724383686 29.291731966266639 2.9644029407983901
v 17.446086068227491 36.095924575308402 3.576710151672934
v -37.876578337792331 35.801661179833239 4.2873741914637344
v -1.1614747042260429 19.895892971439739 2.255489345403823e-15
v -1.1327315850962141 18.653130000000001 1.4806027091233341e-15
v 3.166808685383792 6.8648976322341451 3.9117994152051671e-16
v 10.305954451763609 34.834333149343117 8.2543069564896303
v -16.329539780821062 10.06566207085379 -5.5703658345481781e-16
v 18.393380151546999 38.514295799257887 8.223769455540517e-18
v 18.767997041654571 29.14284017442419 4.154617771514749
v 18.768048889687329 29.142816961138319 3.4680813376039441
v -17.66943089250152 11.07969701767869 4.1624662713354112
v -23.175000000000001 8.5606328544095582 4.4311507794867904
v 19.050000000000001 31.372446580783549 5.1162510394772216
v 18.816865926307081 30.279196719996719 4.6149642526961863
v 19.050000000000001 30.356282372288291 4.5579601297860002
v -18.23309025089398 13.13731135035337 5.7287952191872291
v 1.3242647264912619 12.469259727771499 3.8743530405779301
v -17.618749999999999 22.1752 0.79374999999999996
v -18.670528337922601 23.63794711075176 0.79374999999999996
v -18.809374999999999 22.1752 0.79374999999999996
v -18.75215482629558 14.140263649401341 6.107535872956082
v -18.44771639252167 15.081250000000001 6.3001950000000004
v -0.93345960837121145 18.302550770894751 1.349241839242965
v -1.154076953168063 17.868148959865099 1.9341679514318031
v 17.50211736698153 38.792981787192012 3.9798312679675498e-17
v -18.114282374426178 15.081250000000001 7.7678012678387329
v 16.549164727138109 39.263298763795987 8.0695867259895604e-17
v -40.356198359446779 34.154633464390571 6.3395301582633632
v 13.8143182408412 39.88415876331095 1.4008863811764039e-16
v -38.73767316905964 29.15887916582777 4.4262239596591799
v 19.04011102059145 33.576743572320581 3.3171773470466261
v 19.050000000000001 31.855432904485049 2.2946025673243771
v 19.050000000000001 32.058558983203227 3.9800723964263822
v 19.050000000000001 31.01842934846934 3.152909475040536
v 19.050000000000001 30.9890576982671 4.1898578742630246
v 19.050000000000001 32.229888815280368 1.408449783401726
v 19.050000000000001 30.351338285113052 2.3279929828096
v 19.050000000000001 30.937380130427929 1.6444445480002849
v 19.050000000000001 31.624391168050391 1.0204607045125169
v -39.049999999999997 31.233561400056509 1.481043915913967
v 21.07837671874017 38.186204924993767 2.2956316755889818
v 20.52540505573733 39.177814996674229 1.8108949590743979
v -21.23001446908814 1.9350017233386909 -1.9880320865908081e-14
v -1.074711647163906 13.841420727668559 1.885709230643315
v 19.95684274406862 39.942510678445871 2.4853574355572201
v -1.106755959319043 15.605054313526511 2.7645151489479591
v -0.96064461051126981 16.236894019112128 2.7534931139392231
v -0.91626379199284702 15.0133815202813 2.6410461165658461
v -1.120715902438939 17.430900196897909 2.300496467499427
v -0.88440694631519001 16.89528957414316 2.5833717110455581
v -1.008956887863965 14.333413921669919 2.3096719974986648
v -1.6888599751502971 15.081250000000001 8.0476569640991293
v -39.050257277937121 31.95412075296818 3.712357107191901
v -39.039017559081607 33.59374975322693 3.3172759132963332
v -39.049999999999997 32.564715668741982 4.4754464901823372
v -39.049999999999997 31.168385321565061 3.7865428847726679
v -39.050275788788092 31.133505142094659 3.033756559228046
v -39.049999999999997 31.48639788825772 4.5069356550718496
v 17.954322424417089 35.736064224107452 3.9104938299979062
v -38.351407077043987 35.322929173454142 3.564124811585776
v -25.07863106086447 22.561664838559491 4.432104543262402
v 18.43691550839964 35.211427081920412 4.1937972019291507
v -1.0531791670273071e-15 8.8283421529286876 17.199720177650061
v -38.697408353557911 34.789729842096087 3.1489716135046741
v -16.887169296690029 22.055245535098461 -4.1914370619268848e-16
v 18.90943947647013 34.271298855660042 3.3947096357075641
v -38.943117911902434 34.153330075352649 4.6278168313940018
v -38.930390960305552 34.198146715710983 3.3032018115321589
v -39.049999999999997 33.242503367869283 4.8890167154613566
v -23.175000000000001 7.8393381233808022 2.5531280656882802
v -24.658784926069782 30.174461263286311 13.71112202566164
v 3.2676577900808659e-05 8.191114343468282 18.262837076722661
v 8.0290156416746203 35.450481315258173 9.6816418305442884
v -18.354322525062489 15.513632781676559 11.0627
v -16.824999999999999 15.081250000000001 9.4751949999999994
v -18.148401933635888 16.668749999999999 7.6221208125776156
v -39.055895648215838 30.313690641965291 3.231297156175831
v -39.055886392790363 30.72399844740205 3.5705974301577581
v -39.06149699679262 30.31449175270944 4.1074383010874698
v 18.828445540702681 30.283793351720579 3.1887178833987671
v 18.765775710853649 30.255961626554392 3.779378419264098
v 18.576561986309091 30.107659894708188 4.1062669492783526
v -38.540271313350082 30.050612925585941 3.149680972047292
v -38.710902849900137 30.223721187703919 2.6169849809518082
v -38.794185036338533 30.269674096663881 3.2240050554210971
v -38.506290825411142 30.006038326957441 2.3097256695255282
v -38.425658970976542 29.717002318807339 2.6465308351734369
v -38.425369338022783 29.715050031714458 3.3625823181229531
v -38.531398593822928 30.042926526776061 3.541613691703617
v -17.617598354346679 20.923815799043879 -8.586234034170306e-16
v -18.992349621849911 22.35669288509791 1.7738058120612129e-16
v -18.904842479006401 20.968833553001069 -4.3901912131148672e-16
v -39.514676016430698 28.6092227013675 1.9305606803939579
v -39.049999999999997 28.574999999999999 2.2542773633773079
v -39.049999999999997 28.574999999999999 1.563218298178388
v -18.826841911684198 19.782957874417718 -2.167089701983664e-15
v 18.827537188931942 30.283497753947341 1.673285730621271
v 18.590261951013819 30.122414364832679 1.660380250048499
v 18.454865518108932 29.88913175094687 1.5321572222002791
v 18.497443018133239 29.990547844732561 0.89089256223805702
v 19.051006869383539 30.322889572021591 1.170875111343701
v -18.091112613956451 22.025266427858629 1.5764559005943051
v -17.714850348135741 21.798104039849012 2.2888862890764572
v 18.736018239309171 29.16054363674365 1.0138489465631531
v 10.948676982389349 37.727076579044933 7.9626983007308043
v 18.605675311927829 30.130255147511249 4.7616315952157189
v 18.462571678777611 29.88943393003559 4.6677841600307008
v 18.437390561928179 29.578270231218159 4.63594240249079
v 18.437334684821419 29.578760792762079 4.2519813695326443
v 18.427597138829441 29.654268574088199 0.93388573509749584
v 18.428745918792441 29.634305750939909 1.8282864599676689
v 19.050000000000001 30.32875897717652 3.8752455614228372
v -38.428313334593923 29.640044231809568 4.4857715103771261
v -38.425538799956918 29.682505217684291 3.9117455284115379
v -38.503228754565178 30.00193773181789 4.7148935678328243
v -38.502374738470763 29.999951396391111 3.9821342907155279
v -38.788741078438257 30.267509299644981 4.7497606692416907
v -38.708322360508987 30.221458715993279 4.0077315214106042
v -38.531517080302663 29.356542707447041 4.1993041125647963
v -38.51348975257185 29.380034025860969 3.601302439998586
v 18.508062932649811 29.39012820260989 1.159387077170402
v -38.425152027858431 29.706452496677269 1.339988747028374
v -38.537976904433229 30.057135480794461 1.5252108555013031
v -38.426985354947867 29.72971456328904 2.0813905667832402
v -38.501394058295872 29.40437774567431 2.2033042489352819
v -39.049999999999997 29.074999999999999 0.81727886906269731
v -38.69172446281592 29.18911212299259 0.75967508772841408
v -39.050294299639063 30.312889531221138 2.3551560112641909
v -38.730853470780062 30.23659830526919 2.02986062630143
v -39.05014714981953 30.318944765610571 1.759089727357031
v -38.771725469548883 30.258932809813029 1.1168499556059861
v -39.049999999999997 30.324999999999999 1.163023443449869
v 19.050000000000001 30.324999999999999 3.098394506848309
v -15.237500000000001 10.22387000828674 1.511271921167648
v -15.237500000000001 10.67514093759973 1.8588812801577459
v 18.552692040291632 29.321566745229092 3.9431001013465208
v 18.553749102297299 29.32019519904415 3.4622370791423212
v -38.529663895373282 29.35473199812197 3.207225640120694
v -38.511450393626497 29.38344216410291 2.8112349956718821
v -40.782181708428951 33.651142473009124 6.1064275374952217
v -38.519883343394532 29.369281837784161 4.7937825576107613
v -38.482828077397357 29.438917960900319 0.89801040449988556
v 20.325730798690639 34.269756137057144 6.3525124031954689
v -20 11.608866544295131 19.604912195982021
v 18.564927618369591 29.30670827864909 4.462132403877936
v -39.049999999999997 30.878576927110309 4.7466669644498136
v -42.220222500000048 27.248012771489023 17.330743102408608
v -42.198138750000084 26.716748127513245 18.390722539060746
v -40.443087171953962 27.015295143924423 17.795061408853627
v -42.21420666452115 25.316690096324546 17.337167916326834
v -42.128155718954382 27.507554326035873 16.81290568579157
v -42.165105481421563 26.32875233622687 16.314931517715372
v -42.223572178967252 25.431259061132575 16.485636667055942
v -42.061847383406402 23.21976793899643 15.442027566583004
v -42.219817627548842 23.758494682328461 16.221429023097873
v -42.21700577383514 24.073099935464196 15.749346111112811
v -42.220100888550242 24.567186115432488 16.704814129026072
v -42.082270045844453 24.876572273441916 15.2214471034626
v -42.13161618272224 24.021549388234035 15.173311985778806
v -42.033704365857552 23.490297995928465 15.014713378036705
v -42.172323458812897 24.131133500840424 17.767998833470941
v -42.061382499999979 25.9410447635465 19.938406210598515
v -42.05053105500113 22.814467302861999 16.174215520006349
v -42.184610889867521 23.108019279095863 16.914345059333392
v -42.020622954434558 22.298711771499178 17.018431157192452
v -42.068842013208553 22.273361764677919 18.029049967846134
v -40.415605559102239 27.534379214049203 16.759384658169928
v -41.96576500000009 27.755751870341967 16.317701843082972
v -42.021796678549123 24.191540249684383 14.787144787806149
v -41.85354627918403 24.507057939528675 14.466932248266168
v -41.705567778844873 25.807678620199301 14.79399533641114
v -42.123687763633001 25.602662304834389 15.768189310588991
v -41.992003772745413 25.665517469062795 15.334277252038781
v -41.842830903512187 23.531668614663385 14.518029976623071
v -41.741977369006626 22.957835034068584 14.699775774285975
v -41.806973908712664 22.647413678449126 15.309534602251484
v -41.791222139085853 22.228490978153896 16.085816003450958
v -41.836622499999997 25.342594281292264 21.132434859478387
v -40.378347268229582 25.666878894912156 20.485422064711194
v -41.978965691718109 23.514790173676719 19.396121792476272
v -38.919673582538557 26.08214685110033 19.656879267347669
v -39.038660018277348 26.369283382060878 19.083982874610051
v -41.917655461981603 21.580749589991594 17.990553776552062
v -41.86196197261588 21.462911812206638 19.049713584051602
v -41.737953718423547 21.647428017727645 17.0454416693171
v -41.633721268542558 28.000370760707646 15.776068963186438
v -41.98055798704064 26.463946719223756 15.702299586579279
v -41.744408269120022 20.929175433133651 19.010843313215027
v -41.649115635442158 20.881557731943776 18.298007733914986
v -41.565743010045807 20.74895831926495 19.974521899700346
v -41.711911991312398 22.860799623024256 20.484104305838464
v -41.51202549666634 23.080268199234389 14.18732697841509
v -41.670693178036259 23.889049236081711 14.129907934767441
v -41.396450000000002 23.34817720608838 13.894392555276291
v -41.554654999999968 24.865057584534512 22.085216273694023
v -39.824225033447547 25.196218879874593 21.424483120724069
v -41.399957555943097 22.157468256469464 15.032784123125126
v -41.315394773966368 21.302957297241445 16.541446466084061
v -41.230457962990187 22.712707993704349 14.067115218115674
v -41.269938728574871 22.429123654892251 14.395708425043029
v -41.374443031519696 20.209668287620715 18.954055265310885
v -41.411628011765792 20.162606509025618 19.784107830943405
v -41.408289761107369 24.150062583964093 13.779097714976434
v -41.560967483940161 24.839493863523177 14.09953656619118
v -41.134696522944907 20.541139726349908 17.59279547693432
v -41.014425014063782 23.515704987224893 13.479289505046346
v -40.268980499155937 28.035216418615533 15.760114061169963
v -41.189674048707928 28.242300047903747 15.336169477623283
v -41.216472342349803 26.482167946464141 14.482527950765213
v -41.677251438610561 26.727982671379515 15.207490774752948
v -41.180249927447029 24.53419176534177 13.57702076644663
v -41.242123733434212 25.214712706758625 13.87459592722751
v -41.297893943666502 20.344742597886736 20.625161733443008
v -41.258737199271827 21.162579623239026 21.154790816547695
v -41.399889929525997 22.625700985531672 21.482580728599061
v -41.182820000000923 24.418928607899222 22.975332991774788
v -38.897490832974633 24.539072652210741 22.735621545040075
v -41.042070307134331 19.559088092749683 19.975634482407848
v -40.975316590239082 19.734221300500558 19.019363860919135
v -40.962147053061052 22.937112816272695 13.659565708277562
v -41.091208919680902 19.762028769777309 20.679607489758428
v -40.77640185104412 23.931909786469063 13.24284710671137
v -40.899352087035261 22.037447429427917 14.387491363380278
v -40.847645413141919 21.58824572662963 15.094253768551624
v -41.33493334831067 21.736190295881684 15.721469240292938
v -40.898184052085711 19.999628729479383 21.429964463590068
v -40.764849269194947 22.380651245502779 13.875789822935413
v -40.945397864187107 22.06303484327071 22.362269048547351
v -40.836814999999987 24.100357228303828 23.610946739661262
v -40.701677548428442 28.410431609768224 15.011484557115324
v -40.741027537101672 27.514940634577879 14.59053588234422
v -40.832894911891117 24.731487715203222 13.341187225526614
v -40.81500196183044 25.596365164123132 13.681426072318541
v -40.602970776596528 19.134958521331168 19.82637439747467
v -40.779874276597262 19.24430681509239 20.620020780055413
v -40.425704567964047 19.399779805185915 18.91437068221639
v -40.523194306247007 20.014950513699919 17.79586167515086
v -40.450615188288857 23.069599871104369 13.24954003542242
v -40.254075704503457 23.404293125710357 13.045762993484736
v -40.39213881018155 21.784062870344009 14.226451626845636
v -40.293779146074158 21.253186382495858 15.084029158625114
v -40.403532646377677 20.948887860307963 15.800934578767455
v -40.951021455248977 21.324039393833658 15.786566137668261
v -40.35617940263581 22.592341761243368 13.444017362122455
v -40.783722116427697 19.456091444343432 21.215938122062184
v -40.531792959193872 25.058914129509553 13.256209117150084
v -40.16274967773154 25.546434300506785 13.283241703721636
v -40.276434793000703 26.31697524933778 13.719223775837058
v -40.696801167741512 26.599520768281515 14.100396777753437
v -40.326647151176751 19.340658449178989 22.088673931634002
v -40.439590180845819 21.142119529967513 22.853684060689972
v -40.262736669146641 22.17952581560019 13.703788509354045
v -40.435793607714508 24.323489619489749 13.052998268447666
v -40.19227632931382 23.927442922580607 12.93822736254099
v -40.332428827277042 18.850499956999446 21.190195711239145
v -40.407971569362388 19.110038747313464 21.674092605568365
v -40.157077500000128 23.638764110992078 24.531917517594156
v -40.277029560846607 24.732046538512279 13.031272052622628
v -40.397291965477301 18.857912341433284 20.519910212523698
v -40.235576745969297 28.515133317726001 14.802583666239055
v -40.007374864902062 18.902775069499679 19.542467311831935
v -40.184265189135253 18.794528066824245 20.0556067754789
v -39.90362842447702 19.450801909141106 18.373442404374941
v -39.741153727257569 22.744366148601074 13.116591214064798
v -39.845430996169192 21.342399479897658 14.565065664517448
v -39.691849059867117 21.957756235082929 13.660499451904418
v -39.787059999999997 21.612616499300412 14.081284794252774
v -39.787330587506517 24.279159533214205 12.807695081489673
v -40.053594798892711 18.73883315325326 21.827390397519324
v -39.605333800765202 28.18385093874512 15.463558405339036
v -39.700323273919537 28.587887977552139 14.657423538963872
v -39.587601961178962 27.621156834616126 14.149254029333076
v -40.112561642486277 26.968794155208112 13.974915973794079
v -39.766638236217673 20.744243371303682 15.714618288584708
v -40.025708656321321 18.586401196553552 20.743570584995673
v -39.797122033660877 18.419854037778045 21.402031319693922
v -39.800196762904442 22.306373374660478 13.400109076026382
v -39.861712196310151 18.910457104300828 22.466973281341925
v -39.988162693907967 19.642540043756274 22.771495906804617
v -39.643237658420837 23.798102551985039 12.797159611625901
v -39.59664909517636 23.17558316913626 12.90895841426803
v -39.865304442622481 21.712219407996653 23.969726314003871
v -39.642327500000007 23.368831122427324 25.070487927647157
v -39.69343771151798 18.49055984844588 20.347453149051049
v -39.887416850379843 24.896227958961209 12.93591667241617
v -39.533734153202978 25.412745900907517 13.034536818562501
v -39.61119774846081 26.248998878727161 13.466104070850101
v -39.3630802822437 19.001142962610988 23.190006050204222
v -39.15289098007765 19.656964595588622 23.740007466008482
v -39.130022116295542 20.950916697967926 24.411141500189029
v -39.193128795186112 18.495044190858856 20.019455685392529
v -39.208411976630792 19.215167253656588 18.58474682866926
v -39.303514491218372 18.152489887586391 21.160019351925474
v -39.615660077126407 18.441128040144317 22.17256027461022
v -39.42998237625411 24.668121952252921 12.788706581962813
v -39.075534592319258 24.042988156648146 12.702069078614453
v -39.049999999999997 21.590275763320275 13.941645463677931
v -39.487133082961748 21.069320611429244 14.949535458666171
v -38.946357499999998 18.229294030411403 20.530058823917102
v -39.055415000000004 22.209766236931181 13.329488971008525
v -39.013941141210289 22.913644449807567 12.930288751102026
v -39.049999999999997 28.394298220135525 15.043673902760794
v -39.049999999999997 28.618335028200111 14.596675570960516
v -39.05171798948593 27.87222018665377 14.2227678559934
v -39.229585637535067 18.08145594869622 21.87165565810885
v -39.154268724443071 18.425093821174443 22.949640971625087
v -39.049999999999997 25.346423917647403 12.95678461537905
v -39.049999999999997 26.1501749473926 13.359626868632008
v -39.030745649160608 18.089810161987128 22.511453870992881
v -39.014517480964102 23.105642324318133 25.595602536512754
v -37.330297996726387 23.864938062569347 24.080655156176419
v -39.070283766136889 23.693603582343975 12.734511325711338
v -39.049999999999997 20.951289043410817 15.089256526698058
v -38.885439008851982 18.815885717782862 23.567713322181639
v -38.648259440054048 17.802619663896404 21.758669759346002
v -38.340398503461138 17.824161831067023 21.246351547098318
v -38.13892751097778 18.609836283310315 19.579302487295408
v -38.548457624062813 17.756444722167785 22.367131658740824
v -39.049999999999997 24.577235878261355 12.727390061236347
v -37.944536327936163 17.511777901667305 22.182110091477512
v -38.876960611312931 22.192515851960081 13.305332438063154
v -38.780988868348807 23.45541788333221 12.64553326656441
v -38.636250028813087 22.255457579174397 13.189397675960041
v -38.618197820949987 23.196723265654995 12.632886976475703
v -38.432151508671573 22.702605845427328 12.788928010948759
v -38.46177434240397 22.432987122637847 12.989894147257802
v -38.401127044512883 17.871140135623968 23.053588527261098
v -38.62622332193088 18.246400862555301 23.363745719732293
v -39.049999999999997 24.340429044174982 12.956315354044142
v -39.049999999999997 24.860529927708392 13.219055347862186
v -39.049999999999997 25.282831114697544 13.484197929119489
v -37.134670564981008 17.804897580448909 20.985117356081624
v -37.313504017713392 17.376559985747686 21.983423170281533
v -39.049999999999997 22.608276680330231 14.573835986087058
v -38.790660831701643 22.817478352418991 13.583423858299495
v -39.067098345369402 23.383252314237154 13.919481120940059
v -39.049999999999997 28.045133567520836 14.868671607012347
v -38.800082417828037 28.341056767066299 15.076366621554786
v -39.010317987257523 28.12699211635239 15.577003151214686
v -39.049999999999997 27.314336660907355 15.9006096722867
v -38.710905055849359 27.861917309079203 16.062673968757029
v -39.049999999999997 27.834206199974062 16.161169732261492
v -39.659490249577971 27.934711309294798 15.96064189671573
v -39.322684954996973 28.018052577602351 15.794359363834543
v -39.052906242531542 27.237228759285181 17.352259368002969
v -39.049999999999997 27.087371919090984 16.345896572478594
v -39.049999999999997 22.036146247251697 15.416360664885284
v -38.997012606944978 24.470300305441945 18.417802817921732
v -39.049999999999997 26.122821736203065 17.644140477974169
v -39.049999999999997 24.943719309847708 17.266999503009494
v -39.039375099885888 20.438580776128973 16.11009170863521
v -38.927259672140408 20.153628536018275 16.656280854661183
v -39.785580065966982 20.076764036848076 17.055225397635152
v -39.021667740290553 21.197744343398924 16.676018632442226
v -39.044687549942942 21.246747465164514 15.811536919298312
v -38.639797324493067 19.806832102979723 17.290903541438688
v -38.873821972927878 20.768310458600169 17.154924538053017
v -38.690459481665449 25.82769460043507 20.164562502762315
v -38.883456538144443 24.251684467963003 18.867096130930683
v -37.914739891107089 17.518819259041816 22.768523618609333
v -38.574142981919842 23.632832593351459 12.908912236027813
v -38.736947902839468 23.941633488088087 12.90616127810714
v -37.994176089609468 17.954189734226016 23.658267752716121
v -38.481837625061139 18.483441576255771 23.719544429991863
v -38.43965 28.168632664476313 15.493921912433262
v -38.561360000000001 28.288857536788008 15.254049197639279
v -38.658859899806828 28.017088004136522 15.008544111165094
v -38.520585632845233 27.800476408881526 15.816649376153249
v -38.440669999999997 28.051934131523549 15.726758873484709
v -38.709406510658077 27.414462299369557 15.837044968545166
v -38.410376598595057 21.127766167067744 18.307008888545248
v -38.259369887583709 19.55206561679061 17.72337516815152
v -38.726333475279077 21.31697145164356 17.825867270837175
v -38.331898324379857 25.583815227783731 20.651150727605351
v -38.317768886992333 24.161564759825421 19.958158985697125
v -38.672627172986601 24.13670485167038 19.356609734774054
v -37.796110398961908 17.61957062264862 23.316816225888552
v -38.473216530473991 23.362847992911977 12.952913328924819
v -38.604610750211577 23.01884343935096 13.537097957269811
v -38.064150083832587 18.491353240383294 24.061166441634168
v -37.399149991358883 18.063196292485593 24.243195321400446
v -37.331312515059032 18.833048267309149 24.715458452428521
v -37.977670600703583 19.17339392753599 24.471672555650713
v -38.36504731468515 18.983976225822246 24.091770556080597
v -36.015129807816002 17.033409783738026 22.357314523188123
v -35.866384075300481 18.089870132119596 20.163708551664715
v -37.034706767218303 18.433470352602729 19.711061864706586
v -38.474825098307981 27.821402649435054 15.185201142536465
v -38.428781233592296 27.561995758044603 15.400392008199024
v -38.51163270777834 27.185557055913581 15.490255280042661
v -38.455257038370668 23.112554010169877 13.308171624300687
v -38.425254458343147 23.580254308503033 13.323561711145981
v -37.91521695755867 25.394920773927314 21.02803232009132
v -38.075534997041338 20.505217366827306 18.416486180663799
v -37.812513614830223 19.328638372191541 18.080075700809246
v -37.001609279660748 17.190905216555734 22.887720027015909
v -37.352977158971541 17.375515425512276 23.250127106015846
v -37.392984534080988 25.235385203032347 21.346336881694647
v -37.443394152985682 23.975506232069701 20.683851920246177
v -37.945692445626968 23.329842895598837 19.964135322758196
v -37.024567280095148 19.06651735668741 18.445983641352285
v -37.062267874245457 20.627902052159737 19.211994485134596
v -37.527090937123319 20.749937442871289 19.011737604129909
v -37.40961490468824 17.654462417345972 23.801028574853284
v -36.729374029082017 17.950343180857505 24.574090102861351
v -36.56464280817481 18.508495702755397 24.96652317488812
v -38.173699972469478 20.373278233877748 24.932886787269965
v -36.273016310486291 19.743851079224559 25.724642690339415
v -37.277692247610602 19.93119743490611 25.297397465413756
v -37.510686091832618 24.636315655320402 22.541602265151319
v -36.677340193478273 25.108352936738246 21.599792594438149
v -36.762992075139913 24.031636537875329 21.034254415892221
v -1.7763568394002505e-15 22.985871737407116 -7.4736603001126944
v 0 25.485828361034269 -3.8428156051175666
v 0 27.379633719390036 -6.6177069189708284
v 0 26.90505253448347 -3.1314964991444292
v 0 26.21495779665327 -9.8595599299612822
v 0 29.529941861392039 -3.7273674210485748
v 0 31.055361254346437 -7.4650566355408561
v 0 29.977943425875704 -10.27463813388103
v -36.76493565906236 17.532234016475385 24.138678177393345
v -36.857602123696829 17.304775841540469 23.661897619789546
v -36.485719452775427 17.063978294650219 22.609132905633722
v -36.022497876630887 16.994035696725618 23.678603581279727
v -35.652776448691533 17.110151473274733 24.272262790990602
v -36.376838836152373 18.935919153899921 18.577430725896214
v -36.569672244418321 20.371157494861865 19.255308450858006
v -35.445147380928333 16.776475297396672 23.215211182130133
v -35.781296428256908 17.461876561363656 24.672504231352022
v -35.850359999999988 18.017401641872418 25.045871662611216
v -35.749580447900208 18.869312130866771 18.585280478879923
v -35.909893105951859 20.317586686084915 19.313785373893374
v -34.725772881115617 16.695312484893183 23.983439231575328
v -34.748934524885783 16.760676459352418 22.563193233045205
v -34.300607706646247 16.504194095949654 23.337103382547593
v -34.805802370381123 19.483169378467004 26.174109600519838
v -34.871440864460418 22.155496287253349 27.491334090932895
v -36.051235177792869 22.33912666094816 27.124954693643048
v -34.246565635212313 23.088398225679676 25.630007758834815
v -37.119729999692318 22.553370187147291 26.697495921857598
v -35.861131986942503 23.343601082183852 25.120826914340963
v -33.994646245916677 17.936521993951089 20.045563026483009
v -35.070443099375531 24.301293680227815 23.210038247954866
v -35.385727133338861 25.079173708853041 21.658011694193256
v -35.934269152313277 25.062194224177741 21.69188899706937
v -35.285203432350123 23.861983188133387 21.028629805828558
v -36.672021070372281 24.528248906211399 22.757217001546039
v -36.087899662887367 23.409685529817356 20.856224724612655
v -34.378615229716857 16.729380434729794 24.370903509235209
v -33.798021331696923 16.439240007101596 23.994169334859354
v -35.266509831419469 20.848680732995359 19.513963725593641
v -35.137800724658653 18.858329435602862 18.485501671279739
v -34.709008576642823 17.383429291055087 25.077849179915699
v -34.947047429709762 18.062161523467065 25.414002143715223
v -34.923923593683767 17.061786393793483 24.638654318486171
v -34.826565343537268 25.141902441869927 21.532854731233655
v -34.533403217861633 20.393845725320247 19.020450265567177
v -34.418483133777023 18.916204971904552 18.216855941475504
v -33.581215337888537 21.97201327104181 27.789765541994129
v -34.126093393049381 16.88719636903997 24.80773164599664
v -33.579482289340689 24.600488974032963 22.613083674424068
v -34.357015465858623 25.235385833858498 21.346337197990444
v -34.556799249803667 24.274970602837847 20.977644408928217
v -34.101524400675842 17.666918976552392 25.48546809185741
v -33.559848813333687 17.009152705497037 25.194301351434014
v -32.627628109309221 17.253945632283934 25.65354640979648
v -33.233203833058766 19.053390466434465 26.416932084756148
v -33.952848369354747 18.992450867918929 17.924945408107323
v -33.834783042462568 25.394920626673755 21.028032246259102
v -33.931453238249922 24.046062523720909 20.439170022282482
v -33.50369762288048 16.585838744437538 24.664238193162905
v -32.177862499995612 21.868541752804905 28.063865896349455
v -31.925452356523781 22.948307923674395 25.909515987142125
v -33.985172689492323 20.584779343661459 18.749582225486467
v -33.54489849180765 19.096646831673386 17.562615801958842
v -32.664353130769904 18.030190944661271 19.2504325379847
v -31.868863788718581 25.187522608998602 21.441833923960523
v -33.418101675620093 25.583815227783752 20.651150727605305
v -33.343423834002436 20.754216795970944 18.091018060630695
v -33.238616052885547 19.204721328117206 17.210725498950282
v -33.610354815165167 20.574395160186381 18.379875619564231
v -33.482739241955549 16.487943134966812 22.769071942902279
v -32.044413650999353 16.020876695921118 22.905453606750818
v -33.156068032364168 16.231912894502642 23.458995582965041
v -32.61311659438568 16.989084997581703 21.297635736466468
v -32.824115434717797 16.273208736536123 24.45253963672657
v -32.817408948898539 16.142294704136397 23.928003212687813
v -32.699465588404451 16.492311348344998 24.949108708535096
v -33.059540518334607 25.827694600435017 20.164562502762422
v -33.482715993182673 23.716866541962624 19.79969752360482
v -32.63352950027609 16.825653099329493 25.350690874881366
v -33.008617694910797 21.116160615022046 17.690355774200004
v -32.905355330348343 19.437610525548482 16.578212294833925
v -31.498623610486241 18.627146889536739 17.296744371010114
v -32.830326417461478 26.082146851100276 19.656879267347776
v -32.938681742869207 24.581999632022534 19.25007997469158
v -33.147125865781078 23.797139607515611 19.323531263374761
v -32.307017022607788 15.976320843030189 23.54214663702497
v -30.270695226844509 15.488990546169157 22.359578803125945
v -31.54342201828203 15.739151662265259 23.391502214628584
v -31.293560996243901 16.639105908744064 21.038145018873781
v -31.58353031951631 16.814986543897071 25.584695261284811
v -31.21677658983085 17.513593486189581 26.048214106192084
v -31.86513425979599 18.819430203638987 26.599693021391879
v -31.911268685625849 16.078304930007743 24.645416192371851
v -31.943191229387999 15.907685660357705 24.108616947188125
v -31.969972330254841 16.449274606495095 25.175547038513301
v -32.720297635864192 19.744029893038558 15.870989167956907
v -31.893165839560979 19.513623245218348 15.782514739226691
v -32.716940451344179 21.316448137683082 16.624798728549298
v -32.828658949946842 21.294704243905382 17.250940968307301
v -32.711339981662327 26.369283970027116 19.083983169304659
v -32.780269123331941 24.521520825221184 18.659115402930297
v -31.364167464627769 26.22218710497987 19.377470895081466
v -32.700000000000003 21.77304398107886 15.268500797018611
v -32.700000000000003 20.482767158047171 14.378243902448347
v -32.705669990831169 27.584159063069897 16.660063882884177
v -32.713579395212797 24.71297045077997 18.280734668967732
v -31.63815422732608 28.944806126012949 13.945289258437395
v -32.700000000000003 28.799034156112683 14.236144596463683
v -32.700000000000003 26.728412274682533 13.201251434422048
v -31.6885186807447 24.633118638376381 11.826419394474488
v -32.676637027720218 24.109913346778665 11.974919732894726
v -32.700000000000003 24.948203536419648 12.306097571548015
v -32.700000000000003 23.814728301607961 12.846562478817622
v -31.21616246144195 26.337603651518986 12.462997792446162
v -32.700000000000003 24.82674428228183 13.724585445120614
v -31.981099078041758 23.870521909364232 11.735178021551551
v -32.700000000000003 23.42516053681171 11.936310564179642
v -32.620199714883078 22.886736366968428 11.95235390859396
v -32.700000000000003 22.476292602505008 12.094991810717735
v -31.830778292208031 23.29547855842776 11.661042454807621
v -32.700000000000003 22.601923297526188 12.928214793375314
v -31.68512604192814 22.664344181371028 11.7205518588462
v -32.700000000000003 21.855847792759342 12.425929651401066
v -31.509934569325321 21.423295472176079 12.282449834293786
v -32.700000000000003 21.447551916753159 12.763923144316117
v -31.491256109443 22.044569447316142 11.866277868348181
v -31.529917884200959 20.826169040970814 12.946440156163948
v -32.700000000000003 21.031247501120703 13.303692887043258
v -32.700000000000003 21.974216397515157 13.363734613067635
v -32.700000000000003 21.573921055342314 14.102301192442788
v -30.612982500002779 21.758055760541282 28.284307593657068
v -30.552934048726019 19.788487906490609 27.310017094194986
v -30.78701999313294 24.462962666983969 11.376304664091723
v -29.160828569336189 28.097219008710344 15.636406467854817
v -30.179044748352268 29.22326326920323 13.38972169091409
v -30.84355674539632 23.583879101875748 11.249539031269325
v 3.1750000000000007 24.440199387116635 -8.6235022658290088
v 3.1750000000000007 28.653013820303677 -8.3199040620175264
v 3.1750000000000007 25.877042868310053 -5.7436905119593984
v 3.1750000000000007 29.55946461137594 -5.7000535292992893
v 3.1750000000000007 29.207798727152714 -2.3395589121258507
v 3.1750000000000007 26.349918102719496 -2.6762943341914625
v 3.1750000000000007 22.563783158259998 -6.7698509338927462
v 3.1750000000000007 23.037493096993853 -3.4388163656777113
v -30.242650224511401 22.185050726456101 11.129470215979079
v -30.549727132048542 23.012311662686102 11.120844983730095
v -30.665809291385369 16.560919046171346 25.512573239433372
v -29.919316858995899 17.72609622320746 26.342586560082328
v -31.322636968255011 15.681655720045494 23.858900070461601
v -30.411275358610109 15.368184098876814 23.115295853072325
v -30.56605320331693 15.430445935099799 23.685288029273472
v -31.021231939690729 15.739269679176179 24.402267640525377
v -31.262167151709601 16.204823123839041 25.098583929910973
v -30.66677566398894 19.612483710652967 14.521281485841925
v -30.375798487416979 20.54035846664884 12.473678311034147
v -31.805408913392089 20.162787229208039 14.421216233669053
v -29.78023832019764 19.422079618546704 13.915698879785671
v -30.051279964328319 18.19183144911301 16.690366396463201
v -28.285549999969771 21.643029102263352 28.513808829668132
v -27.70972511079475 22.775247413110581 26.254806389156023
v -28.943107077417491 19.769828007486893 27.510364252181539
v -29.63099690747859 23.54230751328917 24.724367761091205
v -30.485054999999999 15.888971681619013 24.87934608703598
v -30.54657130915875 21.555613746963061 11.63248248915512
v -30.558260930845321 21.032538771067063 12.053844582013298
v -29.88327113530416 16.025631581263966 25.103718731038093
v -29.54396188409725 16.807865666176561 25.764332097809596
v -29.607071048864348 15.253982617708614 23.971365988261734
v -29.504152220648471 15.044138076431073 23.245593209756283
v -29.422864806122501 21.352577203123506 10.915101904586056
v -29.612881877232319 22.838307518999905 10.551147369423399
v -29.275274821764199 21.919178469856423 10.511142217036886
v -29.596731799458979 20.821639663959722 11.465027884793255
v -29.60019045923708 24.564984085355714 10.739791434809566
v -29.63023162387201 23.67608613730755 10.555620246583233
v -29.771904195000129 26.512228356331427 11.792796866465919
v -29.060639737180029 20.02501554968401 11.830189394051486
v -29.074673880265479 29.50338936346612 12.830811918143683
v -29.581618751629609 15.543491006196538 24.541562079739116
v -28.80658715825048 16.320665948390527 25.375328361057235
v -28.973967408631591 15.730721972945254 24.829544583321663
v -29.321073767266459 14.974997943295815 22.484767874815056
v -28.668222269542401 14.850501694041791 21.54108397222884
v -29.80845573726879 16.248383617832161 20.282317978511429
v -28.26460157737192 17.425619335032593 26.265709890742365
v -27.066017500000001 18.786386381703871 27.177235067761206
v -28.616557540134501 14.779353648060271 23.349598338258545
v -28.678182503259219 15.198010330774066 24.203778072442248
v -27.736142115700609 14.541991968274964 23.334210740564895
v -27.62535450991566 14.916556909903525 23.96588831538703
v -28.031117747705739 15.564348194300637 24.668041235323489
v -28.440111058105519 23.691726145543022 9.6354840375344466
v -28.789011704225022 23.087543146531065 9.8829301713389395
v -28.931320146581601 20.461727261579092 11.14088770202126
v -28.816554676108691 20.891251422177639 10.637102979594653
v -28.601517960380921 18.957471273335191 13.212288826284865
v -28.825594376198989 18.014824973536662 15.433993434997484
v -28.574229983259279 24.751305417055409 10.085115269035372
v -28.695935990867309 26.866377975582513 11.231101669107645
v -28.10476223102464 19.542537470971048 11.256610453104127
v -28.320516490468918 20.217629249391997 10.656526605873092
v -28.64221880370355 14.664541214539337 22.686778789526855
v -28.266836005931001 14.48833699278949 22.027407768039666
v -28.564348744624748 22.15248983510994 9.7906238236198178
v -28.491212653468679 21.332093090845454 10.010948994265693
v -25.5 28.226270614087088 15.378922651611004
v -28.038214198750179 29.831503211678811 12.176160974440169
v -25.85960624998366 21.566973086664053 28.665555823342771
v -27.8899412629038 14.362638689346905 22.668021130045283
v -25.533871413939071 17.889826395786734 26.624824946447355
v -27.359577855232121 16.405227190816078 25.449932239170582
v -27.667784899496741 24.79829141478162 9.3164869160882482
v -27.794941872501241 26.702892606524181 10.389425155178179
v -27.83188468529638 18.340328282337627 13.14286911079274
v -27.77310753619572 17.45789516067725 14.795914371922077
v -27.608516011561381 14.136996041533541 21.46389509067718
v -28.526605132631051 15.607955385636668 19.776657850018587
v -27.34035440833107 14.187969602223214 20.515857252481077
v -27.58308155709291 14.138110399334002 22.033228661078528
v -27.173632629986692 14.074486234439764 22.526727139582867
v -27.853512369956071 21.532051302485542 9.207116451467547
v -27.899883138726022 22.499269511469269 9.0475563247846829
v -28.027517728492811 20.62897714734142 9.9118196356965829
v -27.551911779176582 19.881501085248498 9.9208181416030268
v -27.268552112781691 20.583374989841229 8.8880263138414914
v -27.36370572220385 19.17249669939747 10.605095002959064
v -27.111673126161222 17.809587699068562 12.781552422426476
v -25.51186049960079 29.390503441597367 13.056044834256124
v -27.223589757894629 30.143180944114459 11.554302370974154
v -26.986679931935381 21.498091544236924 8.0703285213050346
v -27.50556048554888 23.60677553502547 8.7024795242605215
v -27.167563016160919 22.532718403114451 8.1819041603845388
v -26.751393747348281 24.552240831207829 8.233933866780351
v -26.58742628808163 23.231603512807851 7.517052398465184
v -26.933335301936911 13.764339932404125 21.023277223049924
v -26.424499312013818 13.447990172768955 20.492021988297125
v -27.456649856129999 15.015308853557846 19.064885557143846
v -26.55819367080834 13.653138825149886 19.800241294351341
v -26.915480601428762 13.793955970665239 21.756318039223288
v -26.529148765492131 14.102053391874065 22.931682581035886
v -27.089186889459771 14.529229104281606 23.50705332499005
v -26.59287457127639 19.486917702860243 8.6522730844001607
v -26.281212818776641 18.506350641454787 9.4483423340408788
v -26.1993096298912 17.322808888458169 11.598407350930152
v -26.411480937221199 20.270832581480192 7.6444617081417539
v -26.264347749022299 21.933754778730954 6.9025445315585321
v -25.950600286729401 20.70614995323205 6.5586647846886885
v -26.304598665859391 13.446938690946117 21.328081818274523
v -23.922823217809011 19.520097177305068 27.698263565526965
v -26.672967611906891 13.844009078182504 22.323389547006961
v -25.56209297463398 18.658668049237658 7.2705654834315201
v -26.01586217353417 15.479947834925918 24.583898240558803
v -26.550381183742179 14.698636732045195 23.741504066276388
v -26.070276308310881 13.590920810370323 22.080029344802448
v -25.25131562590969 13.090290297819312 17.221025665451663
v -25.839050822968328 13.234951997180746 18.861370038137462
v -26.374885736767919 14.027420952957932 18.624303040409231
v -26.35198020149738 15.020109240575231 16.5860688989377
v -27.420509794310298 15.821608989952708 17.383964194206698
v -25.101475822538941 12.690985741380082 17.847640222405055
v -24.997926400166001 12.518709140111607 18.748652171027075
v -25.904072900553171 13.119696986693237 20.007046365853874
v -25.736644253994861 22.906518361321911 6.1738566637164976
v -25.510472675881701 21.412704604456529 5.5603234923371314
v -25.702501168188039 13.807437312536953 22.585392186313648
v -25.639249440664251 14.409860737311886 23.39717809897337
v -24.36745940200349 12.163875426691471 18.730550238274347
v -25.008669232842539 12.604456931331821 19.819370028935868
v -24.222450907437441 12.043690478765809 16.604453807819979
v -23.862397582875431 11.793847249429515 17.184255791007224
v -25.37188090573089 16.644027355655691 10.5257649048621
v -25.388374245786661 13.195639520304001 21.510509209875721
v -25.056781398617581 13.428092737510969 22.039074318350686
v -23.021445490621218 21.519817198863848 28.759641270119786
v -25.5 23.745534452795383 24.318889287616585
v -24.350387007731499 22.716774611173424 26.371471347684007
v -25.673994332324281 19.484550673898507 6.6581090903081854
v -20 18.116133828005268 26.783189989299263
v -23.047127228914231 16.803833706504367 25.787109137017747
v -25.495709644983432 16.61688766970871 25.631952023805827
v -20.001360845464522 21.506241027109525 28.786728453600201
v -20 19.492712059810728 27.681560459084025
v -25.272597230112019 20.133156067694124 5.2903634926886527
v -25.09893983626306 19.055604749441038 5.4951526931269052
v -25.018247801820031 13.877920255391324 22.705631301159634
v -24.479662497358149 14.358203572190945 23.333808100857951
v -24.96093821795202 22.1402600745961 4.5145626388299931
v -24.77808526324608 12.733457285196229 20.64950549369517
v -25.799440596449049 13.141108748726229 20.896236906899389
v -25.41164167300618 12.881144915135151 20.381423921329855
v -24.980346399102071 20.754152218595785 4.4058790680981303
v -24.519944693575731 12.403018046211855 16.170085878682229
v -24.762693037385159 12.977636544573761 15.631326036445113
v -25.64323817911048 14.500748451318671 15.597322955589441
v -25.014544094955081 13.904230582747886 14.752273691534345
v -24.7742377650852 17.805724560034953 6.0546817982043653
v -24.654044828911559 16.588725486920112 7.9780896241233599
v -25.5 27.191569016246326 17.443359706135418
v -25.5 25.047292933880588 16.32197061940996
v -25.494981088381479 24.742345079538818 13.632769476606224
v -27.284655339735679 27.241101850768093 17.344531774279748
v -25.5 21.249939018599534 15.126323914732151
v -25.5 22.549391800223546 12.533655189190775
v -23 23.745534452795383 24.318889287616585
v -25.5 20.907095045863613 22.896255556406469
v -25.5 22.881413868027153 19.755652460861576
v -25.5 25.985902533441234 19.848905969613796
v -28.269524778597841 25.011968290150552 21.792099973291091
v -25.5 18.068655638931844 21.473621825196354
v -23 18.068655638931844 21.473621825196354
v -24.25 19.009570937953679 19.596307232734947
v -25.5 20.428790641419564 20.307624098340007
v -25.5 18.896617629088876 19.821671721142284
v -24.67268355543689 19.427259052482313 3.9060479342567604
v -24.311947084260801 12.916727419092352 21.188293187345518
v -24.472960179163561 18.047681744482944 4.4104251299913253
v -24.001960831507851 16.043930949277069 5.8484473145982045
v -24.048498542083429 12.201809390337031 19.461529972640641
v -24.120469670705571 13.555125900906416 22.241680962140293
v -23.698863037762809 11.82184303892506 14.661440589051736
v -24.213245000000001 12.377107052643881 14.716641623386636
v -24.486723107305981 20.565200851736378 3.0857109836889167
v -24.09552747493375 18.072654144563053 2.6832085071368965
v -24.02951919433303 19.097376189360141 1.6806551343555691
v -23.660165541525181 12.463372818393914 20.289398902848788
v -23.846768202388251 16.97918305562894 3.0194956389066627
v -23.39543319887505 11.53946207011416 15.631992441121712
v -22.319680607901109 12.86871206784437 21.101494536756139
v -22.57058411195856 13.471872254343769 22.114518447107013
v -23.946079999999998 20.268761452054235 1.2771587201452581
v -23.964120753951839 12.351533780481619 13.511235001695198
v -24.463142092968301 13.426535124852766 13.451002178228622
v -24.014786368300491 12.812074381057391 12.464356146912971
v -25.204245212537799 15.086907555988333 13.068271219488093
v -24.504761744272908 14.422634851230136 11.651492028268432
v -23.463768869703308 11.715628488603343 17.8838805179936
v -23.691292902920221 18.119944706059613 0.39356604420665864
v -23.436043969743501 11.779288426508879 13.419126055221275
v -23.620904697972591 12.196789388477432 12.331486098921705
v -20 23.000291363311963 25.805798606949235
v -23.562418183759451 16.872730016104253 1.0819725886975888
v -23.25734861709881 15.464483110189416 1.7132497769859913
v -23.330694999999999 14.498266514565973 4.3474984409330624
v -23.496840374479611 12.821176850887246 9.5778978021736769
v -23.669769679873038 12.565575544525661 11.269627834125968
v -23.872095078670171 13.311475203065411 10.503865243565386
v -23.770143179178181 13.509094671926311 9.3882129704998825
v -24.11185861116849 14.684200418140341 9.1881294033037229
v -23.57842769849432 19.554781766447363 -0.49376182627278631
v -23.015427370458749 11.87241740041663 18.785897569364792
v -23.371270052357161 21.014864846701304 -0.93249209688005763
v -22.42875339042099 12.282931797415465 19.880600809413078
v -23.321909220081029 12.084822506858526 11.346792195224982
v -23.35871328645656 18.164535977387153 -2.0363472684222579
v -23.35834016663409 17.366784930079938 -1.4071567090836066
v -23.285718090071452 18.824962251956286 -2.6465468952721896
v -23.4642874807022 14.101953078509016 6.0412561513033314
v -23.426797747028949 13.419279200997234 7.5651025820150277
v -23.75787863925143 14.32975948134111 7.6969710462397147
v -23.294777102014489 16.539279276690348 -0.44604831540935486
v -22.94598207598197 14.092445426307844 3.6814702195641122
v -23.15824083319546 17.62453814345 -2.6309543947146015
v -23.083423228587272 18.424925832859181 -3.7827970693430384
v -22.967287510385489 16.909857791464578 -2.3560216148463606
v -23.187617765633451 19.306465228989779 -3.6433742373102422
v -23.01963437877172 15.572621133844954 0.40148368989340621
v -22.936648285203098 15.952723999467509 -0.7490211424934099
v -23.102344492421992 19.222688037202815 -4.9692031666610177
v -23.18172928513885 22.127278240371698 -2.4196950848532737
v -23.175000000000001 21.36555022384735 -4.3755444346029488
v -23.182246866688111 20.062232985249381 -5.1491329349092911
v -22.862791050041551 14.75093188891697 1.7854751127665596
v -22.878834759824951 17.760078275747574 -3.7375289944053023
v -22.88536575285535 18.664465755101105 -5.286853437207041
v -23.158424999999699 40.112223877447079 -8.3359361989327425
v -23.008586249999009 40.445160945249484 -9.0002123738515003
v -23.007665177717548 39.889730588761175 -9.2678768858169782
v -22.200761513706791 40.268329026629999 -8.6473972569303115
v -23.150782649555619 39.471978919354584 -8.7987104121533193
v -23.175000000000001 38.475700638593707 -7.6238039482387769
v -23.175000000000001 38.829658560807736 -5.7769613504899393
v -21.60133658897708 39.816170444074231 -7.7452502666315333
v -23.000064999999999 36.298913412945723 -10.936539371083761
v -23.164337057815722 35.569310195160817 -10.313120589176215
v -23.16142 37.267661136559752 -9.6323546429877425
v -23.175000000000001 35.216428126322356 -7.8857920609688072
v -23.16391607413685 38.537647370227006 -9.0084303323367863
v -22.989980973956111 38.191037860207274 -10.134194693849778
v -23.175000000000001 36.841887111236197 -7.051538089843806
v -23.013838319121469 34.76249251182314 -11.516744363892009
v -23.16142 33.889445761416383 -11.031878522824808
v -23.175000000000001 33.557945168491258 -9.0048454337729602
v -23.158081357884939 32.753337354623909 -11.497353680530466
v -23.175000000000001 31.79452653601976 -10.219386060043558
v -22.995671314183259 33.391255686921752 -12.096069590783589
v -23.166227804843469 31.519243490880992 -11.812927704947725
v -23.166821008067028 29.785605652402459 -12.375020574290755
v -23.175000000000001 28.761939377694468 -10.507265899058847
v -23.175000000000001 29.352786560510943 -7.0427250657941851
v -23.175000000000001 31.963633070277801 -6.7589687931594007
v -22.99482652500409 32.420743009967111 -12.452371381215862
v -23.021361003216839 30.65608252774225 -12.966182733111712
v -23.012999689987812 27.325501008214879 -14.002691299067262
v -23.142913638423369 26.187221434729871 -13.53520704353895
v -23.158394546573319 27.599079208044319 -13.215584586729928
v -23.175000000000001 25.9054625865963 -11.252922642295712
v -23.000064999999999 29.672130280222252 -13.347202373900195
v -22.98181669325956 28.220228128962084 -13.83730972305413
v -23.025313548813681 24.234626082875444 -13.526205556090197
v -23.15293295825343 24.212436891813446 -12.69968968645377
v -23.14242994411854 25.23820336853267 -13.380345963748951
v -22.99825263393274 25.404589261016422 -14.061124514862748
v -23.050828352155168 23.077173097123342 -12.356820357905523
v -23.12458890851893 22.52709127150186 -10.822201573553617
v -23.175000000000001 23.910333358876798 -10.611681452325815
v -23.166134169852079 22.329536254028188 -9.6664090277064467
v -23.066845046694532 21.127268336345828 -8.9045834423619894
v -23.171505068797419 21.57376849776859 -8.1606503301073854
v -23.068092712650131 21.696973272277571 -9.9241351156826383
v -23.175000000000001 24.439053538952617 -8.4014942537633086
v -23.169020665021531 37.647263810248411 -3.4178468567811109
v -23.175000000000001 36.13345369114689 -1.5820592394155781
v -23.175000000000001 36.620652006625093 -1.3695505630140143
v -21.587499999999999 36.620652006625093 -1.3695505630140143
v -21.551686933393789 37.303912272435788 -2.732791727005031
v -23.175000000000001 35.966005906398465 -3.1281638466165376
v -23.175000000000001 35.231889570018694 -1.832464902271731
v -21.48340097866247 35.827499949105707 -1.6871722126306654
v -23.175000000000001 34.294985808375458 -3.5760836963226996
v -23.175000000000001 34.274470082089074 -1.9163412503921382
v -21.44667370755953 35.022576029377539 -1.8660180456086692
v -23.175000000000001 33.368400138854057 -1.8290025418176281
v -21.495515329469221 33.657842507455371 -1.8750130852547411
v -21.280543758270991 34.309648315171025 -1.9158907723039054
v -23.175000000000001 31.491167480783222 -3.8652264716175573
v -23.175000000000001 32.605933428418147 -1.6263046973857769
v -21.31793164696353 32.96864226129285 -1.7383149668117444
v -23.175000000000001 31.758274786497356 -1.2418951757611207
v -21.587499999999999 32.31645932796367 -1.5048017526163022
v -23.175000000000001 29.11014443552612 -2.1643967281320453
v -23.175000000000001 30.894523285859329 -0.62408317153997039
v -21.510874417333461 31.152294294138333 -0.83695021533281277
v -21.335526696761271 31.673036267082885 -1.1911853469004967
v -23.175000000000001 30.430305159006377 -0.15790766006815282
v -21.587499999999999 30.663079741054595 -0.39025640883162804
v -23.175000000000001 29.946051812859011 0.49070019267564469
v -23.076010638487869 19.840835831241623 -6.4132646105046582
v -23.17687596774277 20.818000741508985 -6.6548916325083365
v -23.080562952691601 20.551561569992241 -7.7004464074239145
v -22.826832848307099 19.290885984594965 -6.7732888923667449
v -22.830938073385731 20.006898532351354 -8.1021849065924538
v -22.794469671569821 20.503151952205368 -9.1703189688945841
v -22.854745940132421 21.220356509337023 -10.217416411870648
v -23.016767702914269 39.33406742376053 -9.5179178369162756
v -22.555181135007722 15.836504543154424 -1.5258111462298594
v -22.570144280867289 17.287365123835812 -3.9140061282363554
v -22.55142749326653 16.459060006990235 -2.6624342528492928
v -22.905767805162199 22.063862171872529 -11.487244302351922
v -23.03101784156711 26.384377556108294 -14.061322028780683
v -22.840661515904081 25.936019606074176 -14.527003467121389
v -22.850539581349331 26.755418971990835 -14.494026540160316
v -22.798049353271999 40.649143537665104 -9.461713432483986
v -22.84211763516792 40.048740755516981 -9.653004877407632
v -22.387158453913301 40.565625090368513 -9.2405624858492956
v -22.64545371376061 36.637470781307073 -11.579900481250498
v -22.611062724297369 38.339115434085407 -10.888160954582982
v -22.78841750064468 39.314413737535844 -10.123573263720797
v -22.616416595387271 35.300412632809987 -12.175068591431316
v -22.628971466372761 33.732370527273034 -12.755489103586775
v -22.607554067590861 32.807901973564952 -13.129503917491881
v -22.634264999999999 31.366247969481101 -13.583448290047997
v -22.660534296902611 30.099192184029093 -13.947987142828353
v -22.64653612613424 28.546473287322186 -14.43705319985493
v -22.522537998310419 15.115454136862278 -0.0030502987118916636
v -22.336599941811421 13.963412759581615 2.3725418073925173
v -22.369274087323362 13.325432906641883 4.1528680665004636
v -22.763704048983389 24.681049507241667 -14.3847245769586
v -22.728633418591361 25.314798758210859 -14.626952061453498
v -22.863800970671171 23.220253581417133 -13.266243219113765
v -22.757332409410939 23.927358244197617 -14.041712871552932
v -22.746493137129761 22.398485461104883 -12.651619096004975
v -22.552187124882291 18.22493457154912 -5.6889037081576479
v -20 25.313321018988304 21.190840884493916
v -23 25.985902533441234 19.848905969613796
v -23 21.697984966046697 20.17452129750372
v -23 20.907095045863613 22.896255556406469
v -23 19.489782226534388 18.638189471811664
v -22.693299868566079 27.709913281300171 -14.604912330816962
v -22.536139275798099 20.839183208143062 -10.625000182722559
v -22.501236289327942 21.534960298725586 -11.939611691973688
v -22.505955198422171 19.175423456821541 -7.6575496441844546
v -22.521403053438551 19.675782614878102 -8.5572221481478419
v -22.52711977472844 20.25569984939554 -9.5992864719761997
v -22.568629999999999 26.445607015434479 -14.99299658340459
v -22.474089553484959 27.198746305214613 -15.029059194744359
v -22.482286394919662 25.770618275153204 -15.064831703713423
v -22.455808344262039 24.127615205293381 -14.640427672281973
v -22.46006730609205 24.995833730425016 -14.95157033321502
v -22.587402879241111 23.150880014372838 -13.839308648320817
v -22.43197295578204 23.436285937211931 -14.287661772977273
v -22.525255514764119 22.539897557824229 -13.378034178009411
v -22.292751305126309 21.889106764407103 -12.991619600389992
v -22.532142500000731 40.854336842688411 -9.8166002930873084
v -22.62871570909779 40.240071361373921 -9.9407136196012615
v -22.258845535227788 28.204954129452048 -15.040192359703472
v -22.087885256808889 17.512826094945137 -5.3960738414505318
v -22.020354449415098 18.048760113895518 -6.5659372356662455
v -22.44484813196847 18.657438346142399 -6.822862429941976
v -22.156066888206741 15.797412288019848 -2.181796203151718
v -22.11599370485304 16.844957163650417 -4.0783379537357405
v -21.89527240064713 16.162810667721637 -3.2233162358536944
v -22.087615161209861 15.195001184778427 -1.0401078448761201
v -22.125560715633888 36.843681724415653 -12.151485597908636
v -22.068226202205789 38.802613826828484 -11.340989091544316
v -22.459382064923592 39.830999185082739 -10.419713806718537
v -22.126884464357602 35.615922411611528 -12.654921753735593
v -22.072115941283371 34.059963924040026 -13.304689462046447
v -22.068307269509688 32.832618584173403 -13.755443938688725
v -22.12414912662739 31.521697727738776 -14.154138348847781
v -22.114543299985439 29.654098426369064 -14.752599141664405
v -22.38899917209265 14.488195694763784 1.1647979366354564
v -22.022957724045199 21.19072443284151 -12.327112222440661
v -22.16657341787564 20.582437731854228 -10.995228475069045
v -22.10913043731319 26.69615193580854 -15.475702315951349
v -22.028107495353179 27.295968221462349 -15.471817928635168
v -22.14546208871592 26.038639183778294 -15.453572308398968
v -22.103509765921348 25.349208216817754 -15.414205399474216
v -22.050084748673282 24.662351114629004 -15.291222067336914
v -22.13510075363336 23.499811533894956 -14.693874863729768
v -22.018349420794149 24.017307116248833 -15.074867812822582
v -22.18770909526766 22.7808023907956 -14.131226858354321
v -21.95833011635192 23.028280450363059 -14.572299196310826
v -22.126963877330638 22.297691970643925 -13.745987173874681
v -21.896172711635209 28.770220649536121 -15.206449871707314
v -21.723789954276729 27.783698157018076 -15.605562377893236
v -21.815680786989891 14.274374199937311 0.73510898357523846
v -22.181737513990669 20.017917784047214 -9.9549340987614485
v -22.084490268553608 19.322102437794165 -8.8642950116012393
v -21.681789072068131 13.239723056950671 3.2530288442948647
v -21.746777841734691 13.829355712214765 1.7643040429778507
v -21.559778115923109 16.437919418972179 -4.1190116344334644
v -21.46020694200017 16.870474673196451 -5.0714268998351741
v -21.62741168541794 40.879826132525061 -9.8674565346762755
v -21.758376900012092 41.183485997831575 -10.473318823106965
v -22.223694756960189 40.99650011764929 -10.144511389089466
v -21.948805475461469 40.6669077245853 -10.573780015049529
v -21.907074696738171 40.723135760322577 -9.5548278394688282
v -22.364153082211459 40.422369318004719 -10.256376197725455
v -21.579009496671301 15.485225438837164 -2.295925427146905
v -21.339299114482309 14.795325995554881 -1.0185401782948489
v -22.05083090438535 18.502014508867919 -7.3879576544687566
v -21.35447556011604 18.246624425519297 -7.8623151493030932
v -21.44891776861915 17.833500773662855 -6.9668556109841457
v -21.942762587923461 18.807021244764634 -8.1619191373328768
v -21.68096583790928 19.598758074340513 -9.9952326914825989
v -21.43948561625556 18.791392148710962 -8.7962296006809346
v -21.420980046768239 38.766357924295008 -11.83287112622563
v -21.60560674925393 39.941687581624805 -11.185082674873001
v -22.039723562877889 40.077851214596272 -10.773221556471022
v -21.37204928834522 35.804072685238964 -13.12590044924637
v -21.42001686864598 37.144856478684261 -12.546520735744025
v -21.37477506809541 34.496109026724113 -13.631784114736597
v -21.380822448587569 33.111085778130239 -14.137040430836983
v -21.411017841518429 31.683555142666538 -14.612125154124978
v -21.401260000000001 30.209591125568707 -15.08926701340944
v -21.423586383524551 29.110959731052635 -15.406931481778873
v -21.441420000000001 26.598826675684244 -15.955304679514555
v -21.618461830615281 25.990286244971156 -15.843005940512892
v -21.621544833734241 25.268889515978742 -15.757005700913709
v -21.441420000000001 23.912520391485199 -15.456505893300996
v -21.433898222824581 24.576060119580802 -15.705703734256065
v -21.529557642861452 23.39027991744388 -15.137820287803653
v -21.590199556668079 22.459987562806678 -14.442909643730722
v -21.520563616499619 22.913646375381155 -14.85006996477172
v -21.695951039596611 21.511700076732303 -13.29181802511231
v -21.606642425566509 21.980796648238094 -13.969525981368399
v -21.604782879062832 20.587882819471584 -11.863386955920991
v -21.27631113116427 20.839328931847287 -12.640730550025424
v -21.22628399557674 15.827280871708126 -3.2752652207190494
v -21.103900409249739 14.159163742497508 0.35453318944998635
v -21.251633023819871 27.849766722669493 -15.848760066470895
v -21.428279046102261 17.33346025894113 -6.013303076063238
v -20.67694014711779 17.701415004989961 -7.3144885595842464
v -20.71618981610942 16.909756920588272 -5.7469203327269636
v -21.483769801245622 20.078835611217716 -11.096221285020786
v -20.776950053827179 15.314863964326554 -2.4865140186745176
v -21.03250669186869 21.421755672119954 -13.71939469701028
v -21.348743669452801 41.074225719714988 -10.255322671170735
v -21.326803229453802 41.290233879455897 -10.686302240526164
v -21.589777513022351 40.642295896421473 -10.854590222256981
v -21.011271782369398 13.385256520808593 2.2982398450715493
v -20.958386470347811 12.883326305075208 3.6931242249589942
v -21.089034889101029 16.106331485291307 -3.9139623707973339
v -20.913876864295201 16.331263922459996 -4.4793001685453575
v -20.646026592339339 20.68687670663444 -12.776850586997504
v -20.793863082699438 20.030036227079059 -11.5589759147934
v -20.639250740686428 14.584768818568353 -0.8709730247724039
v -20.79615931486661 18.43671450319464 -8.6593850545824242
v -21.0870030603967 19.120093333076682 -9.726481110722009
v -21.049253488283568 19.562648383282369 -10.555856164104533
v -20.791932105941349 37.557792779096047 -12.629334991503061
v -20.65693145222156 38.911206613128755 -12.06102890881607
v -21.19845350752745 39.965862244667548 -11.396766207335872
v -20.617916367816779 36.259997915853617 -13.211250357842193
v -20.784017854239149 34.904828043200553 -13.712144255192371
v -20.65147462371737 33.636864499576461 -14.210902047450876
v -20.715607015028279 32.416642833325952 -14.626039850434822
v -20.665301511765989 30.318610547978089 -15.323627046005544
v -20.81533760542629 28.96891598160558 -15.695329351321064
v -20.665905474728049 41.022096686207874 -10.151314802029301
v -20.781435000000059 41.377141622673349 -10.859700605617711
v -21.201749289004361 40.624037645429951 -11.075332163737464
v -21.065516629879891 25.978810539799387 -16.106737598164774
v -20.790563682708779 27.273750279322506 -16.122997932081223
v -20.687085142875581 26.696829671383316 -16.207442382812399
v -21.114590208784922 25.240138587058652 -16.002163751139516
v -20.72616384362049 23.976703119670574 -15.760391061102183
v -20.677176524907729 24.611192570833978 -15.989506124663475
v -20.98113 23.411229700328342 -15.429008160911764
v -21.11485610338076 22.804683847841396 -14.998447462020575
v -21.07384045411056 22.11675354126222 -14.454935135045879
v -20.519561810683989 15.586682641522346 -3.1333721908769885
v -20.57720850179545 15.900773105227817 -3.7797986702240447
v -20.439788456014892 16.262561484256196 -4.5562484670940098
v -20.708369415750369 16.552967515667731 -5.0288290415470627
v -20.54688713515997 28.052095320152869 -16.014057117119822
v -21.10841675104513 13.787579796861454 1.314483432210916
v -20.50432953579714 13.748782721073667 1.1869747566250952
v -20 14.31520389771481 -0.25274421706389383
v -20.52542720138732 19.256868783091321 -10.283054565440867
v -20.442530800016819 18.734151942152106 -9.3681965286105964
v -20 14.814178926373444 -1.4199492319961617
v -20 15.321035331856992 -2.5913172541341929
v -20 27.387929041101977 -16.215316385612901
v -20.551224180135549 25.932295304050445 -16.244395254702489
v -20 26.585801716300519 -16.271374228385785
v -20.618288906820769 25.29347106658312 -16.154694049103895
v -20.0393281956135 24.395325110684148 -16.007810442692463
v -20 25.030486243739031 -16.175271628705392
v -20 23.645693804708536 -15.721507626861669
v -20.496680000000001 23.276466439088317 -15.491144750332438
v -20.609154901125532 22.693300674880714 -15.094803360430852
v -20.57241924711191 21.964303398870999 -14.496806980571176
v -20.495652494647999 21.306268756938096 -13.795412882430956
v -20 29.087585694864551 -15.771991631411915
v -20 20.866724750926679 -13.226535773333175
v -20.00004930870109 19.934923351257659 -11.578259978902722
v -20 41.422038609091359 -10.949279091425765
v -20.607533878562791 40.340838106791367 -11.4054231468753
v -20 13.794991239564617 1.1157808761624768
v -20 18.270824297938947 -8.5731640584753404
v -20 17.747659730995718 -7.5799315657330979
v -20 17.278474190795166 -6.6666115851067982
v -20 36.959915128049893 -12.992658153275659
v -20 39.690777998475284 -11.787073592152073
v -20 34.439832034610689 -13.997126879439193
v -20 33.047195772785201 -14.503561909930205
v -20 31.548070417647658 -15.01290754741067
v -20.09114757877779 16.044161696035836 -4.1570309476895968
v -20 15.880930343532045 -3.8095868874725287
v -20 15.692544202327095 -3.4048868906182079
v -20 25.79246038715511 -16.286613622680527
v -20 22.900645381978659 -15.31030884959188
v -20 22.235068091355231 -14.827623600069899
v -20 21.641090330036725 -14.261444153607737
v -20.526348304114961 19.609338769491728 -10.922186358061122
v -20 19.100584033007785 -10.107739803512747
v -20 19.495216622486385 -10.820742852972494
v -20.00313553321736 16.311065719173641 -4.6433790608325758
v -20.00627106643471 16.086101473092775 -4.1198810324352113
v -20 18.067231265040842 -5.5832966399137849
v -20 17.77514330706974 -4.6024248773229743
v -20 16.53602996525451 -5.1668770892299491
v -20 17.00120355519347 -4.4111692939235212
v -20 18.66286271071813 -7.186363523523335
v -20 19.640485010310726 -8.8752591130619756
v -20 18.693685704038074 -9.3554350341899735
v -20 21.209209272949188 -11.950421131118198
v -20 20.398481654795457 -10.349421882244059
v -20 40.017341689985052 -10.292630411730933
v -20 40.882898345130513 -9.8735862145330451
v -20 37.437546908260934 -11.270884401654904
v -20 38.662839860162251 -9.83987394452285
v -20 35.520570504084056 -11.570808736996725
v -20 33.477957071505351 -12.374960626541803
v -20 32.854677998093884 -13.632694481778312
v -20 29.897517812034906 -13.776802205427735
v -20 31.613178742366507 -13.30124384935872
v -20 28.093629774604175 -15.325084174147925
v -20 28.423314927515531 -14.320555361128413
v -20 27.168071125617576 -15.26828360645748
v -20 25.784242825440039 -15.71686760362601
v -20 26.104242185463228 -14.932321713160846
v -20 24.494014047995059 -15.504372356874502
v -20 25.101095828146875 -14.76555515113073
v -4.7625000000000002 30.063287306229618 11.713706190214802
v -6.3499999999999996 29.351970440624562 13.132925893680687
v -3.1313049762441505 29.351970440624562 13.132925893680687
v -4.473301614264356 28.442370893946588 12.67703206912436
v -2.1217673702732753 29.873733623393576 12.091903776344864
v -3.1749999999999998 27.223140885425735 12.065950595273101
v -20 23.855705825242865 -15.034024248536134
v -20 22.789869057330019 -14.39192221640851
v -20 39.265772153898276 -6.647095371193803
v -20 37.136942598699449 -7.7140706696013908
v -20 38.814102193665256 -8.067386209449019
v -18.178967035209759 38.22136499199847 -7.1705551477201546
v -17.618749999999999 38.910113497058944 -5.9374850724625325
v -16.700899623667709 39.265772153898276 -6.647095371193803
v -20 40.324206274363789 -8.7588835646418239
v -19.186041540760861 37.790139593990297 -3.7029126793974978
v -21.078227845198509 38.235194230029052 -4.5908858726772106
v -20 36.425625285020779 -6.2948500721388427
v -20 33.895034337125253 -7.9777797492056237
v -18.1056431981252 36.781283941860117 -7.0044603708701203
v -20 36.538328207687357 -9.7391613903815539
v -16.824999999999999 37.136942598699449 -7.7140706696013908
v -20 22.201704819584705 -13.290014235216834
v -20 37.844844988486663 -5.5835332065337848
v -17.618749999999999 37.844844988486663 -5.5835332065337848
v -20 35.42415622696231 -4.7000966821591579
v -17.608734424434811 37.169996835331581 -4.2370758931807977
v -20 37.133528346918411 -4.1643139500662318
v -20 33.952016086660436 -4.8157077234515082
v -18.1056431981252 36.425625285020779 -6.2948500721388427
v -18.60963857749309 35.365972766404944 -3.0182956103805534
v -20 35.416744138393447 -3.0089020977279617
v -20 36.422211705350165 -2.7450946935986771
v -17.618749999999999 36.422211705350165 -2.7450946935986771
v -20 34.422687168903835 -3.1053432921794712
v -18.038712541342221 33.739758979253111 -3.0806541880033187
v -20 33.761640215834667 -3.0827388421090909
v -17.47455952927281 34.67631621342592 -3.0960945314535486
v -20 33.106533697259721 -2.9914866266532929
v -18.890545162907308 33.140613978272157 -2.9983665160338422
v -20 32.592814198190318 -5.6183639956702685
v -20 31.807471996982695 -3.8243709281741936
v -20.000110332919231 32.228554385958212 -2.7559962586146369
v -18.789580505416861 32.165718005699176 -2.7335996784122631
v -20 36.13135381473176 -1.5764784719640055
v -20 36.620652006625093 -1.3695505630140143
v -18.024270180845711 36.895661893114834 -1.9182504018996926
v -18.500743847317519 36.181161795805451 -0.49267951322518488
v -20 35.353760625937475 -1.7813339590144057
v -20 34.578195635770776 -1.9044444069675794
v -20 33.971059688210566 -1.9043874710784543
v -20 33.369125102924656 -1.8250929987568743
v -20 32.587884479793502 -1.6156915585189466
v -20 31.541085473816658 -2.4713379378673803
v -20 30.868375676058097 -2.0934106741526808
v -20 30.43431465880731 -4.5843047517385962
v -18.546016722741559 31.28431579385391 -2.3402690898161449
v -20 32.027754909885601 -1.383678471336907
v -18.23309025089398 30.414032193719315 -1.7714885654524952
v -20 30.289226356911588 -1.6716312531571109
v -20 28.886714105270784 -2.6124535866485488
v -20.03448597175753 31.421843681626662 -1.0328793911741698
v -18.75215482629558 29.626042849440577 -1.0445562506624366
v -20 29.635620468232361 -1.0549143078753858
v -20 30.89585432310281 -0.62260515759510149
v -20 26.90505253448347 -3.1314964991444292
v -20 26.193735668878414 -1.7122767956785427
v -16.824999999999999 26.193735668878414 -1.7122767956785427
v -16.245659172725819 26.90505253448347 -3.1314964991444292
v -17.193673152271561 25.485828361034269 -3.8428156051175666
v -20.000013170461621 25.485832002720414 -3.8428540679645558
v -20 28.356892915403691 -4.3469731808277068
v -20 27.221438471080845 -6.3745657836526295
v -20 30.433295495960952 -0.15528563543103591
v -20 29.032175075810184 -0.2896430644684278
v -18.114282374426178 27.720139968883089 -0.94723871195276388
v -18.44771639252167 29.032175075810184 -0.2896430644684278
v -20 16.602855570444454 -3.4792187175934295
v -20 16.099446034028862 -2.5014776915078691
v -20 16.410892265729558 -0.82443160575111385
v -20 16.19442203037854 1.9045792115248172
v -20 12.186349400311839 19.645377396717805
v -20 12.791833253980412 20.947877539078085
v -20 16.677158672771633 21.153989686795029
v -20 13.441723808497672 22.05989238356554
v -20 14.234884664508346 23.171565383474803
v -20 15.079758208530855 24.163720142156617
v -22.421034075775079 14.459346136456823 23.456927508989427
v -20 15.980880758314978 25.062391549059296
v -23.487433654731792 15.515214772738037 24.619258882960175
v -20 18.944725631134286 23.894503197331577
v -20 16.901887456645195 25.86838548988279
v -15.237500000000001 38.554454840219606 -5.227874773731255
v -15.237500000000001 37.844844988486663 -5.5835332065337848
v -13.65 38.540397758931164 -5.234920221999225
v -15.25836022730606 36.996472764536378 -3.8908605956021649
v -13.65 39.265772153898283 -6.647095371193803
v -16.8030399364348 37.726763839708958 -3.5764653483313573
v -15.237500000000001 37.421407118158761 -2.9672174916238525
v -13.65 36.431413663894887 -6.2919489205358783
v -16.714068335220851 36.425625285020779 -6.2948500721388427
v -15.39205462104761 35.937146592901613 -2.8939368753857799
v -15.79238291203937 35.893745940767566 -2.9051314249583431
v -15.237500000000001 36.422211705350165 -2.7450946935986771
v -16.428125000000001 36.422211705350165 -2.7450946935986771
v -15.237500000000001 36.887629726583945 -1.9070342491299286
v -16.41339123025228 36.767326210158338 -3.4336672958509897
v -15.237500000000001 35.922326136930124 -2.8346779801516444
v -15.237500000000001 35.770463320097591 -2.0222512531305092
v -15.321666139003231 35.554640122739812 -2.9833891438138505
v -15.68966570818441 35.419503966214769 -3.0083914856144194
v -15.30062460425242 35.271647449972363 -3.0133988178130249
v -15.237500000000001 35.422440568510083 -2.9242612667046135
v -15.237500000000001 34.0752745349522 -2.0325800243132104
v -15.237500000000001 33.106912859494606 -2.9896084052386929
v -15.237500000000001 34.422669431670002 -3.1034278398105464
v -15.872633474743809 33.964316215180233 -3.0968804807826054
v -15.237500000000001 34.927860185719652 -2.8111680282818323
v -15.80944909382389 34.812475234224863 -3.0861193478525415
v -15.27958306950161 34.988654777204907 -3.0434084918121993
v -15.237500000000001 32.332047585989152 -2.7911124841441275
v -16.465346604746269 32.785658954695492 -2.9209245825188912
v -15.237500000000001 32.86589101382819 -1.7904776756154401
v -16.657945893277009 33.704696859256337 -3.0773137738481982
v -15.23749999999999 31.541905019558179 -2.469607831616047
v -17.046563226721801 31.897707939295572 -2.6314125977261504
v -15.237500000000001 31.805483568289322 -0.85624823151549734
v -15.237500000000001 29.960356548846718 -1.3779176750626387
v -15.237500000000001 30.686325620616948 -1.9715552347436223
v -16.619352107995869 30.197513084805042 -1.5825607321314621
v -16.85020700652246 31.014446580531704 -2.1845275168977203
v -17.418052960129309 35.029366177726658 0.56031382812170438
v -15.23922068573602 34.884068890871902 0.52537528003974554
v -15.237500000000001 35.553672227481343 0.75928793215145163
v -15.237500000000001 35.118714934845016 -1.2994078126623503
v -17.618749999999999 35.554694739859158 0.75724781503375116
v -16.690635522658841 36.166531650226275 -0.4634894407349357
v -15.237500000000001 36.361362145236569 -0.8522153246902171
v -15.237500000000001 34.217768838485028 0.46723702999360039
v -17.441250891300641 33.978645342132204 0.48497764615954164
v -15.237500000000001 33.677915116615388 0.53812404896683308
v -15.237500000000001 33.503057987612834 -0.9257784313054831
v -17.086919944892468 34.435868966374031 0.46770054716563347
v -15.237500000000001 30.631627576750788 0.039368470089592655
v -15.26149496022278 29.419958049350079 -0.80902850616783084
v -16.91142937031691 29.636905031476569 -1.0563035445809206
v -17.565452471570389 33.42707055597667 0.60861658830204846
v -15.237500000000001 32.983376695319429 0.80241081556228444
v -15.237500000000001 29.032175075810184 -0.2896430644684278
v -16.79023036845544 29.032175075810184 -0.2896430644684278
v -17.618749999999999 32.383876130871329 1.2411462811640659
v -15.237500000000001 31.979225815291464 1.7301698650104331
v -15.237500000000001 32.383876130871322 1.241146281164073
v -15.237500000000001 28.624430068632122 0.41334546881433543
v -13.68240453661231 29.005611556532291 -0.30295677426687995
v -15.237500000000001 30.27088712876057 1.1150266032450862
v -14.853465059490579 27.565422696001178 -1.0247834397581652
v -16.22815959044128 27.817119468487522 -0.89863231682020839
v -15.237500000000001 28.320858210205127 1.129576638997456
v -13.65 28.287632318564423 1.112923729626849
v -17.544306374245789 31.994084159032987 1.708240710864021
v -15.237500000000001 31.684902822055637 2.3332543923063866
v -17.67678845749035 31.582066337896226 2.7148149429485118
v -15.237500000000001 31.553113374085065 2.8986844759512023
v -15.237500000000001 29.574347329127725 1.9726498171909768
v -17.591542057288461 31.72377801613397 2.2275061372502272
v -17.396209578959962 31.531499225627542 3.2259718924152816
v -15.237500000000001 31.560396448628104 3.6415415903249704
v -15.237500000000001 29.702027881115903 3.2691026765394318
v -15.237500000000001 28.187256184184307 1.5785620473568907
v -16.838436655081949 28.320858210205127 1.129576638997456
v -14.678970755949541 27.352242420093262 0.64410370896742375
v -16.05820151656734 27.17878040707739 0.55716406523314355
v -15.237500000000001 28.00446368597698 2.5244805711700709
v -17.82729905720333 28.08995325927425 1.9608327695512093
v -17.459552640086081 31.578774091999726 3.7523198097235784
v -15.237500000000001 31.764315920552704 4.3561379537524481
v -15.237500000000001 30.187844254285807 4.5267173854442078
v -15.237500000000001 27.968334877237638 3.432117217993468
v -17.427300603289439 27.975393124350102 2.795588745349054
v -17.544378309502729 31.760910929556395 4.3480691477940221
v -15.237500000000001 32.062998975378314 4.884835917321297
v -15.237500000000001 30.687844637221488 5.7186735241278965
v -17.877263237307929 32.096911381800808 4.9224972852081006
v -15.237500000000001 32.384084337564119 5.2452140443646496
v -17.48753680776295 33.064063197863639 5.7265568942820497
v -15.237500000000001 33.064063197863632 5.7265568942820479
v -15.237500000000001 31.292032777703241 6.9025204482086746
v -17.690007194730011 32.508339961319308 5.3573884772753662
v -15.237500000000001 28.076346846650878 4.4448752635030111
v -17.78922386778245 27.970810137262529 3.6163348298718998
v -16.365848753663879 32.303557856575651 7.2439174647064037
v -15.237500000000001 32.362399689047507 7.1265162163034725
v -15.237500000000001 28.263548983582787 5.1644476787418965
v -17.894024206147598 28.099511174763855 4.5692985568823836
v -15.237500000000001 28.574976192077362 5.969256793237486
v -17.69170461002523 28.32083227794169 5.3533157046178355
v -15.237500000000001 29.101714616445726 6.8757960181931566
v -17.827349435859588 28.695429869742231 6.2098995421365215
v -15.237500000000001 29.724407737276138 7.6328794461866556
v -17.563755928100619 29.172021853323137 6.9751011422066362
v -15.24059859649984 30.239412963551629 8.1173410845998557
v -16.573067375900649 29.929709602066652 7.8409641512379658
v -15.237500000000001 30.776306704970629 8.5196172904471368
v -16.428125000000001 30.776306704970629 8.5196172904471368
v -15.237500000000001 31.6666982982617 8.5145799179731618
v -15.237500000000001 30.884905126909729 10.074413975716205
v -15.237500000000001 30.064992079733656 9.9388325239297046
v -16.493149662651081 30.050153991129349 9.9684374844294013
v -13.65 30.063287306229618 11.713706190214802
v -15.237500000000001 29.353677454496676 11.358047757412272
v -15.237500000000001 30.063287306229618 11.713706190214802
v -13.65 29.351970440624562 13.132925893680687
v -16.824999999999999 29.351970440624562 13.132925893680687
v -16.586550166453431 30.788243183584395 10.267273924883767
v -13.65 27.934457751030791 10.646730891807216
v -16.739684894611109 27.934457751030791 10.646730891807216
v -17.618749999999999 29.353677454496676 11.358047757412272
v -10 26.882049765699577 18.060912642412681
v -14 24.870557272598319 17.052747006122047
v -14 26.882049765699577 18.060912642412681
v -14 23.235587581976812 20.314839206798059
v -10.924526145232321 25.025889418152225 21.764324532963748
v -14 25.421751959731743 20.97449942682649
v -10 24.870557272598319 17.052747006122047
v -11.63419646097482 23.593251913052789 19.601227186003086
v -14 21.505166372149535 28.788872605619375
v -13.97302217217263 19.493673879048281 27.78070696932874
v -10 21.505166372149535 28.788872605619375
v -14 20.837894727435788 25.098716978527069
v -11.634826433531719 22.926588846018099 25.952849899834753
v -14 22.713797344189373 26.377411591997834
v -10 19.493673879048281 27.78070696932874
v -13.65 37.136942598699449 -7.7140706696013908
v -13.65 26.193735668878414 -1.7122767956785427
v -13.65 25.485828361034269 -3.8428156051175666
v -13.65 26.90505253448347 -3.1314964991444292
v -15.237500000000001 26.193735668878414 -1.7122767956785427
v -13.65 24.418853062626681 -1.7139860499187396
v -16.14360898211002 24.674315113002791 -2.2236840381327188
v -13.65 27.612955372344299 -1.0009599300734848
v -13.67663693447335 25.49558421135875 -0.28645855303592338
v -13.65 24.771101937668298 1.1261626112532284
v -13.65 23.36290771778447 0.39283653737981705
v -15.14219837999037 23.979073468515718 -0.83653762246776964
v -13.65 27.223140885425735 12.065950595273101
v -16.824999999999999 27.223140885425735 12.065950595273101
v -6.3499999999999996 39.265772153898276 -6.647095371193803
v -6.3499999999999996 37.136942598699449 -7.7140706696013908
v -6.3499999999999996 38.520091451050298 -5.2450978000292867
v -3.2157439108647958 39.265772153898276 -6.647095371193803
v -4.7625000000000002 38.554454840219606 -5.227874773731255
v -6.3123137857460563 36.425625285020779 -6.2948500721388427
v -3.526878513927068 36.425625285020779 -6.2948500721388427
v -2.8467766968740191 37.136942598699449 -7.7140706696013908
v -4.7625000000000002 37.844844988486663 -5.5835332065337848
v -6.3194397881532316 26.90505253448347 -3.1314964991444292
v -6.3499999999999996 25.485828361034269 -3.8428156051175666
v -6.3499999999999996 26.193735668878414 -1.7122767956785427
v -3.0972957277837487 25.485828361034269 -3.8428156051175666
v -4.1643562582292057 26.193735668878414 -1.7122767956785427
v -2.2390304246064847 26.90505253448347 -3.1314964991444292
v -6.3499999999999996 25.482418803273358 -0.29305709221265897
v -6.3499999999999996 23.351877764219093 0.41484350528009006
v -4.603662189580028 23.946090352898345 -0.77072969659207402
v -2.7513792334484659 24.472409842080271 -1.8208425583610897
v -6.3499999999999996 29.019272525790701 -0.29610985845089388
v -6.3499999999999996 28.643526487640159 0.37550811874175682
v -5.339731267035706 27.993223133224951 -0.81036866989036227
v -4.7625000000000002 29.032175075810184 -0.2896430644684278
v -6.3499999999999996 27.062972645456757 0.041225513264554259
v -4.0836322302307639 27.721303188080867 -0.94665570325315684
v -6.3499999999999996 28.320858210205127 1.129576638997456
v -4.7625000000000002 28.611288674156516 0.44062388493117677
v -4.7625000000000002 28.320858210205127 1.129576638997456
v -6.3499999999999996 24.771101937668298 1.1261626112532284
v -6.3499999999999996 30.032677105400822 11.698364272359584
v -6.3499999999999996 27.934457751030791 10.646730891807216
v -6.3499999999999996 27.23219843709024 12.070490265377959
v -4.7625000000000002 29.353677454496676 11.358047757412272
v -4.1435611029579986 27.934457751030791 10.646730891807216
v -6 26.882049765699577 18.060912642412681
v -6 24.870557272598319 17.052747006122047
v -6 25.634899490758169 20.5492273850614
v -8.758171914605505 23.542338268766876 19.702810110069365
v -6 23.554233944471267 19.679075853000469
v -6 19.493673879048281 27.78070696932874
v -6.0031587336666217 21.505166372149535 28.788872605619375
v -6 22.82334261565946 26.158846821205255
v -8.6691012053833258 22.969272126449813 25.867688201123002
v -6 20.82445169339784 25.125538525580914
v -9.155269949403813 20.896408210743392 24.981970852511996
v -4.7625000000000002 37.210846685508557 -2.5471072296054231
v -2.9273596924096186 38.226835513004644 -4.5742085570245834
v -2.9091698979446319 37.028300285187548 -3.9543628779249325
v -4.7625000000000002 36.422211705350165 -2.7450946935986771
v -2.3812499999999996 37.844844988486663 -5.5835332065337848
v -2.5628235892632034 35.787792838186768 -2.9324604442446063
v -4.7278309919371644 35.478981865090368 -2.9973871267847247
v -4.7625000000000002 36.38225945649495 -0.89390964872698397
v -1.9621086759783601 36.423021999070556 -2.7467113919636166
v -4.7625000000000002 34.422669431670002 -3.1034278398105464
v -4.7625000000000002 34.740198220635179 -1.3988249827546007
v -3.3584337905114534 34.66207158728794 -3.0912638637065299
v -2.0876383796830655 35.008647939472745 -3.0674714603246418
v -2.314468951256627 34.059779167673746 -3.1018358538214077
v -4.7625000000000002 33.761822000000123 -3.0808307738431306
v -4.7625000000000002 33.400967235829206 -1.0814652331279682
v -2.466302961298144 33.352778610493985 -3.0342925245807386
v -4.7625000000000002 32.989878786546633 -2.9679371470844309
v -1.9839207488452697 32.562457769575545 -2.8615393473692876
v -4.7625000000000002 32.23042536043193 -2.7502657035131577
v -2.1807830586798929 31.81893477011176 -2.5975823448803421
v -4.7625000000000002 31.541905019558175 -2.4696078316160488
v -4.7289483461482318 30.725457819877491 -1.9992620868232382
v -4.7625000000000002 32.983376695319414 0.80241081556228711
v -2.1291536636739394 31.071557081009981 -2.2192745715569213
v -2.6371782035583333 30.34432886830659 -1.7167013554398363
v -4.7625000000000002 29.960356548846747 -1.3779176750626014
v -4.7625000000000002 30.847900786138013 0.28788388145846877
v -4.730462495423116 35.553672227481343 0.75928793215145163
v -4.7625000000000002 34.761107419621894 0.50257661121465702
v -2.3668286905569023 35.02467967061655 0.55895916666316747
v -2.3800572803044204 35.553672227481343 0.75928793215145163
v -2.4920187221615535 36.300736698529768 -0.73125540843049386
v -4.7625000000000002 34.217768838485036 0.46723702999360306
v -2.7036440955380741 34.446752188162471 0.46848448216384408
v -4.7625000000000002 33.677915116615381 0.53812404896683663
v -2.6483548590723069 33.879843519853004 0.4986511828157445
v -1.6732245661931699 29.683592402449644 -1.1067952659758227
v -4.7625000000000002 29.311925441404707 -0.66537851824714611
v -2.4258122235231294 33.306062603954047 0.65237118624127
v -4.7625000000000002 32.383876130871322 1.241146281164073
v -2.6387193101064685 32.402170341016969 1.2235540674893013
v -1.8226014612910468 32.842384362582514 0.88450749662236738
v -2.3812499999999996 29.032175075810184 -0.2896430644684278
v -4.7625000000000002 32.009750220279258 1.6851194614224267
v -4.7625000000000002 30.048682491422507 1.005941322748571
v -4.7625000000000002 31.702727906680341 2.2818389448407812
v -2.3433658787266909 32.002209411989782 1.6962488006169671
v -4.7625000000000002 31.553113374085054 2.8986844759512875
v -2.1353241803646839 31.697815335823726 2.296008977360529
v -4.7625000000000002 29.837859964196063 1.9685441309426537
v -4.7625000000000002 31.560396448628111 3.6415415903249735
v -2.441816382090555 31.5454379556096 3.5221755141736462
v -4.7625000000000002 29.778788530031044 2.7115825235606996
v -1.7952505973865236 31.548481562837985 2.9357671473255031
v -2.4924637042815085 28.319284405348178 1.134295500319249
v -4.7625000000000002 28.13512350033502 1.7576736124840346
v -2.4716849138166666 28.048467613206711 2.1814322005436368
v -4.7625000000000002 28.004463685977033 2.5244805711701108
v -4.7625000000000002 31.764315920552722 4.3561379537524676
v -4.7625000000000002 30.137268803994417 5.0927420689721332
v -4.7625000000000002 27.968334877237172 3.4321172179932544
v -4.7625000000000002 28.076346846649805 4.4448752635027873
v -2.0867223654252296 27.960618964253428 3.1279320919740501
v -4.7625000000000002 32.020902221218044 4.8171466921411437
v -2.1583325807193923 31.866267949576887 4.5646149181971438
v -2.4381549979418438 31.66548835106342 4.0959080033062953
v -4.7625000000000002 32.384084337564168 5.245214044364686
v -2.4296336195450223 32.174393050668847 5.0204139264822993
v -4.7625000000000002 30.819025857132811 6.4405022740111617
v -4.7625000000000002 33.064063197863646 5.7265568942820515
v -2.5464698835012616 33.064063197863639 5.7265568942820506
v -1.8629327904379505 32.601940381456842 5.4339450925223618
v -1.7148535376087075 28.031399135517688 4.1974434125186395
v -4.7625000000000002 30.334911061687343 8.1895682488308843
v -4.7625000000000002 30.776306704970629 8.5196172904471368
v -4.7625000000000002 31.518645246497424 8.8099754278819482
v -2.5581876606244869 32.089701273988489 7.6706042064377682
v -2.3812499999999996 28.26081264059755 5.1653218069786151
v -4.7625000000000002 28.263548983583924 5.1644476787419951
v -4.7625000000000002 28.596341716474775 6.0098849986127867
v -2.2165670183326895 28.590928068533408 6.0029323271161861
v -4.7625000000000011 29.103889195199038 6.8606416793885998
v -2.1611445921690535 30.089325493591936 7.9879443391568952
v -4.7625000000000002 29.724407737276415 7.6328794461864922
v -2.5283973228309868 29.423271106172312 7.2979535130566626
v -2.3812499999999996 30.776306704970629 8.5196172904471368
v -3.1642478991164591 30.687414857226933 10.468446643194444
v -2.3812499999999996 29.353677454496676 11.358047757412272
v 0.72911346953718237 40.180156546002692 -11.453571839949308
v 0 39.721944643857178 -11.768083477745492
v 0 41.422038609091352 -10.949279091425769
v 0 40.343905381494821 -8.798187231309786
v 0.66731354435953172 41.389853133271004 -10.88506261680196
v 0.61802385238468105 38.169709878797491 -12.400626354339607
v 0 37.358495655625262 -12.829555469691567
v 0 37.492479668361632 -10.592240374198461
v 0 38.54372304535022 -8.6187500806809538
v 0.69742803819728927 36.449430443440157 -13.116777621580116
v 0 34.34970483968462 -14.030489361970808
v 0 35.335395938147244 -12.252184451443672
v 0.70626234122128828 28.462603150682451 -15.860499633745068
v 0.46140815855144268 27.492620931179843 -16.154095532698534
v 0 28.213499813541084 -16.019704004590498
v -1.7763568394002505e-15 26.849692965193132 -16.284900492553056
v 0.51028507138333801 29.741453978402927 -15.530730676576844
v 0 29.614545005777384 -15.617478886791623
v 0 28.824644486202654 -14.588276798459933
v 0 27.433786486927033 -14.885535140137698
v 0.83720133637860528 25.619256491905134 -16.155132062470479
v -1.7763568394002505e-15 25.229030349128696 -16.214710454626655
v -1.7763568394002505e-15 25.865962656314963 -16.287771279667361
v -1.7763568394002505e-15 25.138533382338515 -15.073360192945785
v 0.51010979940954115 26.285762659614839 -16.257370803485628
v -1.7763568394002505e-15 26.221367861090961 -15.460037527028295
v 0.69734891249177622 25.034279434677487 -16.093114473455152
v -1.7763568394002505e-15 24.480877957982532 -16.031886707967317
v 0.67332138483671322 23.90103818001835 -15.747425246238631
v 0.026275302443750093 23.535401098480971 -15.667332350659617
v -1.7763568394002505e-15 24.22176233037138 -15.291668052287186
v 0.75767293536112845 24.493131184332409 -15.942246772681514
v -1.7763568394002505e-15 22.905651963624759 -15.312735333152933
v -1.7763568394002505e-15 23.340393113860227 -14.224681940338684
v 0.49183057229790528 22.805774539859492 -15.196444825379206
v 0.71269838376422001 23.211156811151312 -15.398902687799147
v -1.7763568394002505e-15 22.26828787364186 -14.855933689279428
v 0 39.265772153898276 -6.647095371193803
v 0 37.136942598699449 -7.7140706696013908
v -1.3902958270369901 38.226503074057511 -7.1679799266909257
v -0.71355525000704034 37.802942516412159 -3.7284570754910682
v 1.2415692406562773 38.328945588389807 -4.7779386215236688
v 1.1617272476660023 40.511254653389805 -9.1320825675774167
v 3.1626162801921147 39.229141490053088 -6.5740098555904147
v 0 34.571115200679948 -9.5602391709685612
v 0 36.425625285020779 -6.2948500721388427
v 0.48214064185290972 22.022937759543186 -14.579530529701234
v -1.7763568394002505e-15 21.638392547082312 -14.249869939649713
v 0.50552375577016129 22.3898904694701 -14.889023839289997
v 0.56653436356413778 21.49325693671091 -14.005757794978827
v -1.7763568394002505e-15 20.989001586812812 -13.422026486623473
v -1.7763568394002505e-15 22.168045045426513 -13.292764262314027
v 0.60468750146753258 20.870585869161481 -13.11974620536985
v 0.0035149032129524471 20.302120083628051 -12.241886135492198
v 1.3870807968885401e-07 21.163857695777466 -12.7928935216481
v 0 37.844844988486663 -5.5835332065337848
v 0 36.0081247811586 -4.6846999700215886
v 0 37.133528346918411 -4.1643139500662318
v 0 33.78876505657157 -5.9254037968617617
v -1.7763568394002505e-15 20.022309835897058 -11.758562040716793
v -1.7763568394002505e-15 19.659823174615614 -11.101443216280774
v -1.7763568394002505e-15 20.524098282100589 -11.208949796657834
v 0.31826305984834846 19.918381362212777 -11.530237798287949
v 0.54355701786371391 20.238452873009855 -12.02847372489796
v 0 35.273649889462703 -3.0324537089088697
v 0 36.422211705350165 -2.7450946935986771
v -1.1781386013530817 35.600169829527786 -2.9739611197776412
v 0 34.605510705645415 -4.3838899472757262
v 0 34.506724181432617 -3.1133943711321521
v -1.029758325215429 34.49635474860623 -3.1040182509223015
v 0 33.771198382600829 -3.0836494611921772
v 0 33.521952609543916 -4.3634064061479396
v 0 33.106533697259721 -2.9914866266532965
v -1.0586894671819245 33.52588025044399 -3.0577768301728998
v -1.7763568394002505e-15 18.331531860460405 -8.6866610556939303
v -1.7763568394002505e-15 19.233583653049482 -10.333998476856017
v 0.67284329230304429 18.580529749231701 -8.981742780231702
v -1.7763568394002505e-15 19.713310199877014 -9.2375103496102362
v 0.52788432175841571 17.937969096322302 -7.8203107330617811
v -1.7763568394002505e-15 20.229053802781543 -7.4543679713213464
v 0.0045963204689964954 17.265947496662093 -6.5735727810335813
v -1.7763568394002505e-15 18.687129070012123 -7.0629050860967482
v 0 32.140324024965018 -4.5723527523507883
v 0 32.228550796677411 -2.7556964219924502
v -0.91704726580004525 32.80547694207479 -2.92564768432546
v 0 36.620652006625093 -1.3695505630140161
v 0 36.13135381473132 -1.5764784719641902
v 1.5508319194961935 36.620652006625093 -1.3695505630140161
v 0 35.4462306171759 -0.53695093037489183
v -1.0339681690436375 36.968566813050145 -2.0637103282066338
v 1.4521121952907201 37.343605277776135 -2.8119872276218771
v 0.0053537530870926275 35.455762172849624 -1.7869302971091852
v 1.42099560783039 35.703333411682742 -1.7239441735046004
v 0 34.723499639780385 -0.69398413577837559
v 0 34.685891859940298 -1.8905448827711577
v 1.5235171803637897 34.855122284533969 -1.887005505278653
v 0 34.042164743684474 -1.8863982759113291
v 1.2287454666690092 34.072139069250781 -1.911019482653705
v 0 34.184807147760914 -1.2625278519162606
v 0 31.199101357788052 -2.2923939158688782
v -0.95719224848582662 31.451847198641168 -2.4273637187651342
v -1.0261902938806404 32.05588846207052 -2.6905214158359616
v 0 33.574861207988477 -1.4254893758684055
v 0.00018484115707373405 33.253537750817742 -1.8070787288589987
v 0.5816890602232796 33.51605310302449 -1.8544430768420153
v 0 33.125062363267993 -0.94414229901610192
v 0 32.664159945329892 -1.609268187967162
v 0.57019713103817793 32.714512173663621 -1.6633473947686301
v -0.027350657865756745 30.381748540713154 -1.7469048404898384
v -1.34953976752141 30.577788660062097 -1.8947075857974784
v 0 32.077885145415131 -1.4069269717469055
v 0 32.510693861236462 -0.98129532651236673
v 0 31.502653821965552 -1.0853688957396646
v 0.65642680020276956 31.967645652451424 -1.3540282010914435
v 0 32.038571015885601 -0.80517194424528427
v 0 29.708090602667948 -1.1332897177797641
v 0 30.963719702519924 -0.68423109801409421
v 0.74263950887442931 31.375686206214919 -1.0006970751560651
v 0 31.734907044583821 -0.31147492218576733
v 0 22.459980545524434 -4.7570886738093563
v 0 24.418853062626681 -1.7139860499187396
v 0 30.38059854316738 -0.10121882193676157
v 0.91705370695779997 30.780850625204629 -0.5216558423701958
v 0 29.032175075810184 -0.2896430644684278
v 0 27.96861380514683 -1.7105697818064289
v 0 26.193735668878414 -1.7122767956785427
v -1.6888599751502973 27.469949910136684 -1.0726346657705061
v -1.7763568394002505e-15 16.152879361387406 -4.3838956393016328
v 0.62046487164229802 16.668833522745409 -5.3071511430526339
v 0.77684716166676182 16.083858093726004 -4.057847075493946
v -1.7763568394002505e-15 16.743226307611373 -5.5992977378516429
v -1.7763568394002505e-15 15.648381093573933 -3.3092424214195066
v -1.7763568394002505e-15 16.696087809065336 -2.4910022720865346
v -1.7763568394002505e-15 17.319838630790684 -3.7240620813014491
v -1.7763568394002505e-15 17.887064120305634 -5.2526409198134427
v 0.60838002546122993 14.583422342698704 -0.87666791213263018
v -1.7763568394002505e-15 13.793236507934941 1.0625795248137235
v -1.7763568394002505e-15 14.921598335888984 -1.6891700795220892
v -1.7763568394002505e-15 15.700726987967908 0.95696824541562897
v 0.53381550911508135 15.433183918403424 -2.8055822146941605
v -1.7763568394002505e-15 17.003700640814067 -0.58963916773128044
v -0.011190396615894826 28.098687771864466 4.5652196822487099
v 0.83392151726981645 13.934556818811387 0.77147139936862441
v 0.74589814035292257 13.213734225460131 2.6810024655420914
v -1.7763568394002505e-15 11.679072348367878 8.0066068348268349
v -1.7763568394002505e-15 11.325178130168119 9.9943054747115649
v -1.7763568394002505e-15 12.883546793895837 9.3397076236497742
v -1.7763568394002505e-15 14.367137910187546 7.7974831853952455
v -1.7763568394002505e-15 11.151247790533459 11.492170015206884
v -1.7763568394002505e-15 12.714894956271536 11.059341781788763
v -1.7763568394002505e-15 11.066885286255475 13.151414172500701
v 2.1519312296677899 12.706122896604803 20.791327081576089
v 0 13.100244422995216 21.505046461549071
v 0 12.578812230505845 20.50755879812527
v 0 15.627252539607428 19.654278353175982
v 2.5021752303050082 13.388589842102059 21.985505253190833
v 0 13.766823670711078 22.544157245490801
v 2.823624293699849 14.028003569280306 22.909418000074041
v 0 14.298647178971187 23.258867499469893
v 0 15.695326133633907 22.044869683685583
v 3.592214915235374 14.899863755700929 23.969828710704906
v 0 15.236389285345529 24.311124167323616
v 2.532167339613359 16.56845307974892 25.589916320263939
v 0 16.842520786066395 25.814154044847889
v 0 15.729744422477465 24.824272577490436
v 0 17.76446624140997 22.842134376367866
v 3.1870429778271596 15.758888473087568 24.857058399023714
v 3.1276233091481167 17.781004016028469 26.54503121606886
v 0 18.234067805867831 26.856766163124959
v 3.317573889894927 19.591032337211608 27.740806588775403
v 0 19.835522588534751 27.885553025227935
v 0 22.93656231112643 25.932950838139487
v 0 20.910677663737729 23.195242615847
v 0 21.505166372149542 28.788872605619378
v 2.4526658625001314 21.517385899753489 28.764492199106975
v 1.1175104643908522 17.168191750550669 -5.9951115758721052
v 0.56683210403731188 17.269746838493425 -6.5204792318382765
v 1.0106469105826523 17.682936960422253 -7.0796520058235206
v 1.2432240000000885 41.306269728075279 -10.718296972301673
v 1.0749103198256158 27.615777793579014 -15.969236002118251
v 0.76004613403014787 26.872188223265074 -16.181903245921255
v 1.1650810090611099 21.39361350377354 -13.603674013250362
v 1.3400861282271368 20.996190905945575 -12.858821720929534
v 0.73638447071407143 20.571812889734346 -12.535235767486455
v 1.4773834645142845 14.678073526601256 -0.61583094438150177
v 1.0860014394869033 15.050772150653023 -1.7610465371150639
v 1.375845977945783 39.511229792549614 -11.513501782609527
v 1.4354689096907336 37.606152857558563 -12.342026559849572
v 1.2277774574631479 35.935286056062068 -13.147809785262815
v 0.82233954978385704 34.744989637303512 -13.76595729843779
v 1.372914865444784 32.94045260625569 -14.202336266353694
v 0.63286785114585342 32.704025091523462 -14.545039418080396
v 1.4257530595358094 34.900981056148431 -13.450082730375925
v 0.80194362124906959 30.973959921438439 -15.086417926189061
v 0 31.272895801485845 -15.09782829123337
v 1.079922555281156 29.644893597507281 -15.404123109429499
v 1.5875000000000004 30.90485240092854 -14.77163334548068
v 1.1222020877663379 26.354277782636203 -16.092248319609919
v 1.2903528501278618 26.818674569567335 -16.003871891489645
v 1.3307627168725062 25.034512218293525 -15.872148123375954
v 1.4799015700747145 25.845471680607112 -15.911974207467157
v 1.400990127614854 24.482762262749979 -15.688036908917137
v 1.2150199999999991 23.708860121193187 -15.481732652821634
v 1.1837337097109888 23.325299763918601 -15.277239894005099
v 1.1649158093994014 22.819585862555972 -14.988695596137148
v 0.98182162452135024 22.362432130379528 -14.71924798186323
v 1.2150199999999991 21.967142821939756 -14.253821073569842
v 0.69790891168339542 19.788528972616596 -11.174464370936494
v 1.3984283146279743 20.058701668413445 -11.147259922893994
v 1.2743965653489937 19.567845169214216 -10.387154627838981
v 1.0084309113127805 20.345272355170124 -11.972254301835221
v 0.74537656738098335 19.173641607334496 -10.040793930995456
v 1.4292821409943279 16.891019322219353 -5.1384813570449026
v 1.5712720656487686 15.916373397241736 -3.1449280939713535
v 1.1940662807220406 15.518442341812554 -2.692037813714375
v 1.4591913624755648 16.327060047460691 -4.0204135918205655
v 5.655425570082464 21.56134720380474 28.676780587142705
v 4.3150117319186077 22.477735994166292 26.848401294870325
v 3 23.745534452795383 24.318889287616585
v 1.5489762065028447 28.404401277995252 -15.543181773094439
v 1.6892885771279751 15.417164031640644 -2.0420127020477761
v 1.7368631098562037 29.58279090918608 -15.078546152508107
v 1.792578075382913 27.345656945769214 -15.647590031244086
v 1.7349788301309559 26.540571225324264 -15.775295940408771
v 1.7037177031802528 23.559569297177443 -15.113976412637989
v 1.5706379463218969 22.44322786412825 -14.45641468045179
v 1.7670660353921104 23.074867606584057 -14.772269012158024
v -18.412500000000001 28.287555663025149 12.599438244476893
v -18.330408158727391 30.618504113523386 10.605937387437336
v 1.7622557434184625 21.498727341446227 -13.207132224292412
v 1.6477091519735545 21.842435197372186 -13.783675759841838
v 1.6792302501088798 18.153208791810833 -7.3106691575623231
v 1.6959625850539393 17.577898142238322 -6.1670173981744654
v 1.0905586880903471 18.344286375011908 -8.2808110618506223
v 1.4795780506949345 13.531602510414345 2.2486445817884331
v 1.5006540810068607 14.128886846303843 0.73378130408713726
v 1.1999329917601145 12.869047129450903 3.8857092450939237
v 1.9181186874826697 21.168770903678038 -12.458559217796665
v 1.3951388604201576 20.661506019625548 -12.212348383829578
v 2.1070261509416142 17.326830744330557 -4.9822531000031862
v 1.7551515108316238 16.786882279465466 -4.5277781370526444
v 1.8655409723361167 12.99523895110686 4.1951925335223832
v 1.7711199999996019 41.177708905411023 -10.461792365928115
v 2.0749146648644103 15.201533553468249 -1.0773281258874263
v 2.0559624682811464 14.469954657181781 0.59107088016599718
v 2.0889409999999984 38.838716656659443 -11.308894761082541
v 1.9300304999998019 40.008212781035233 -10.88534356350533
v 1.9328179999999993 36.155239277242401 -12.6192066200698
v 2.1062415492794884 37.636650567897291 -11.827377694073284
v 2.0280676962703517 33.088640027595133 -13.700969727126065
v 2.0668289867138316 34.719670180522712 -13.061491473925241
v 2.1867489348631111 30.859524812593264 -14.310897303743708
v 2.0025686717045748 28.499032971534589 -15.194963003792004
v 1.819295626487623 25.465743191890105 -15.660583357314234
v 1.9997708654748152 26.189730446922539 -15.59108684850942
v 2.0770499608757209 24.855378028844964 -15.326786619197051
v 1.9936826097759202 24.19844837754594 -15.187265012705677
v 1.8613930546198265 22.216319650583319 -13.983261298465553
v 1.8697514412819647 19.778674367747627 -10.059600806820651
v 2.0030974776835979 20.348398393318849 -10.876588435013048
v 1.465482160453309 20.433922812307937 -11.74121438953777
v 2.0182797425992955 20.751887912886758 -11.560390261309855
v 1.4217215340270126 19.09264290015501 -9.3761693622627611
v 2.042592742045148 19.44932043486169 -9.1771941017941536
v 1.5271592935083742 18.598916641473195 -8.3426420474195506
v 1.9699234152628868 18.960247055442089 -8.3992196833614425
v 2.0810632961358806 16.087118408018032 -2.8466280722333188
v 2.0905441635512041 16.736788782249199 -3.9382658329346629
v 2.102980171046287 13.601844145774464 2.8605264776805379
v 2.3321489080546911 21.696905559367401 -12.625337872374416
v 2.4718102119558463 21.4054589800256 -11.787532707681777
v 2.3187962853533914 18.194403968156166 -6.2423773869140238
v 2.2651339733124143 15.78719201465646 -1.995851077556404
v 2.1555775000000779 41.042414208406626 -10.191852330695351
v 2.2730789882748521 39.917308176065191 -10.61332920758905
v 2.341573952583536 29.206149914191716 -14.653801350768521
v 2.1998313880597919 26.878639925942522 -15.383018468034077
v 2.3076748678642076 27.824450237277674 -15.0937838291165
v 2.2450639999999993 23.755210671724161 -14.734746251568811
v 2.0405337538033521 22.784723145994587 -14.30344480136305
v 2.4210008167128976 23.295197956620697 -14.218495316843264
v 2.122455866024703 21.958729846145804 -13.359809416512878
v 2.3205912667990525 22.533159498212683 -13.723604033593851
v 2.2615601255991766 18.641465575745617 -7.2104182239081656
v 2.3492303042922718 19.267465165747883 -8.2106965359080295
v 2.6659620280517942 15.800253885289116 -1.2067351394627099
v 2.5268860180140713 15.032187939151116 0.18929958552386861
v 2.6052549461652319 17.555963236014783 -4.2534641482059286
v 2.4831167891218229 16.784251355233316 -3.3255431666626389
v 2.6446464255846429 16.425263759102165 -2.4031228412909869
v 5.5 22.672517268099362 18.291096451574845
v 5.5 22.609635344326001 15.674134058404006
v 5.5 19.814249150045548 16.54015844916669
v 5.5 25.2267599847459 16.729824714280184
v 5.5 22.81470402663588 21.143501050454432
v 5.5 25.985902533441234 19.848905969613796
v 5.5 20.60219776690327 19.782969576424126
v 2.6764213903371807 39.520384120153999 -10.230025262465762
v 2.5264790530297034 38.597543436250668 -10.912206829398464
v 2.5379089869005664 37.641863566661854 -11.318895768175608
v 2.5429632423960804 35.458209464760976 -12.228506329440002
v 2.4278604962576136 36.623264361857807 -11.900168112394844
v 2.5945236444725239 33.019761788028212 -13.070464388469013
v 2.7002832917007069 30.373863720764064 -13.797199808800404
v 2.6808010357257945 28.449997411440716 -14.409358910005722
v 2.2713003196757668 25.829580252374402 -15.322408813825486
v 2.5735522327097495 26.480403677933374 -14.977009763791781
v 2.536265191840144 24.586181971983891 -14.733242627312272
v 2.6134791982491148 25.521803966863796 -14.856471715414841
v 2.6520242272556445 23.943704516436519 -14.255590393365821
v 2.5449857954547834 22.250364017242706 -12.986395769834825
v 2.4506870292330873 20.238418910899114 -9.7538893849231378
v 2.7039824600913089 19.11171966059166 -6.9188177793804115
v 2.7641954800177846 18.669804792687728 -5.847270093927726
v 2.6794851419558192 18.12931345855397 -5.0925094369945363
v 2.5501636547779896 14.179532793357616 2.307341942091182
v 2.5132673982825828 40.868220949380287 -9.8443018684821091
v 2.8863931528061766 34.267098327612544 -12.067015714208047
v 2.8576994919273471 36.659116828182171 -11.160600723548594
v 2.6270577798257975 27.304101847763498 -14.798669836073369
v 2.7756572892967224 23.049395482296084 -13.35182826493147
v 2.8535329741246542 23.73639586159063 -13.709499426462582
v 2.8509809634405983 22.236083849373802 -12.038923285211251
v 2.9010167462420764 21.119730164982524 -9.839688564784737
v 2.7500424429313046 19.880189013807655 -8.2141165936066951
v 2.522412158294058 20.928525251498854 -10.825556655282465
v 2.9609579696187556 14.988324206350125 1.5144618495658539
v 2.976725867362024 15.57999226347925 0.2099534524658857
v 3.0519875071707379 14.479235752007742 3.093933900988886
v 2.7935364856770857 13.843079453069434 3.8275460957578447
v 2.7797188816009104 40.661091603785223 -9.4310373127704032
v 2.9465598802079107 27.66855336732381 -14.099818830621988
v 2.9150473801297281 26.807793807185568 -14.353018422752051
v 2.8931489002268158 21.757741168082852 -11.003768320711501
v 3.0160674999997674 40.437413304352773 -8.9847542775407447
v 2.8566399138057452 38.221459495340618 -10.476568343485866
v 2.9799958978781564 31.933779206045472 -12.666043195674636
v 2.961650923642468 29.191294393437115 -13.610389771963945
v 2.8702888322641105 26.026106611947963 -14.462768923199405
v 2.9099772178943795 25.121289608971182 -14.229537940214659
v 3.014557026039153 24.463477667573617 -13.67549390826024
v 2.9614507984302296 22.848284288184285 -12.51558927194602
v 3.0383871284690844 19.839784899183428 -6.6914452133752302
v 3.015915677598425 19.344236296990566 -5.8892951048029101
v 3.0545711038443351 16.335869018100716 -1.1137599473182149
v 3.0054366074688801 17.176255197826233 -2.6196307285991587
v 3.0514432753525167 18.136589283724486 -3.5764092100120894
v 2.8123567637970783 17.44585227255526 -3.5435314423171267
v 3.0247078543069765 18.504997676700491 -4.3393776247013598
v 3.3469495725657339 16.06811627590983 0.86089802709663221
v 3.3168307941801114 15.301949560353153 2.4001210509507898
v 3.127821255470284 28.279054353872795 -13.239168613396327
v 3.101467233215903 27.182338061406959 -13.678676847366006
v 3.1262427478759207 22.897092209406122 -11.464660039510406
v 3.1661248811161755 19.8631490231542 -5.1596383887639554
v 3.1685215158290614 19.276140904532795 -4.00329092812804
v 3.0258745125979907 18.945230981645505 -5.059402302998425
v 3.2712238839143915 17.182253369791582 -1.6309985722217277
v 3.2612053289572884 17.869573969641309 -2.445492879911912
v 3.0869888559506933 36.476172565020491 -10.534670735346392
v 3.0817119737876588 38.442115980112071 -9.688148180925868
v 3.0769480165091974 34.367189262698098 -11.447984301649921
v 3.0792979170236308 23.788511066083618 -12.976265991626573
v 3.1364800780783675 21.451646277457979 -8.7681006238771175
v 3.0394309758573126 20.566603119130569 -8.0476043608052326
v 3.1134083979982421 22.116472114591453 -10.206540043417924
v 3.8209436314066032 11.984135384389139 18.805289883760359
v 3.5827399871405703 12.256294294025317 19.802864587528823
v 3.144078168008889 11.840027908771644 18.650699702694482
v 3.3909302624758162 11.654030193283919 17.618934435376943
v 3.1556815621722514 29.960556592871569 -12.495600217075946
v 3.1614184999999999 31.930838268908477 -11.750075097697692
v 3.0917835379797225 26.077349948181133 -13.818827277768971
v 3.1482891174441754 25.110924294815312 -13.330332519468573
v 3.1682942391716313 21.021886624750088 -7.2078517285164754
v 3.1614459999999998 20.336150874022099 -6.1382096452248547
v 3.4066754075068726 16.948198150959357 -0.49776022348233706
v 3.1584238750004356 40.112223877446752 -8.335936198932103
v 6.6518004114347953 19.085020746932976 27.365279283117637
v 6.3153031657220815 17.824059279588177 26.576875901332144
v 3.2434225330074717 18.835410800001174 -2.9582616739117515
v 3.1961643027218027 20.273070210543807 -2.9859778618864894
v 3.1750000000000007 20.985805661547264 -4.6196662469719971
v 5.5 23.745534452795383 24.318889287616585
v 3.0042303050375061 19.913622931030538 22.398324567241566
v 3 22.517888589042517 20.468404453909514
v 2.9665977147711864 25.98176243997764 19.857166285798947
v 0 25.03818824234034 21.739785913873959
v 5.5 17.497091050567626 21.187152062626676
v 3 17.487557807591479 21.182373974712391
v 3 18.524517100094616 19.113432366866967
v 3.1750000000000007 26.734917368181275 -13.029594943616086
v 3.2920586854650118 11.52951531841568 16.770706201749334
v 3.6828092560307901 11.691677233033287 16.08320250057902
v 4.0291509129644947 11.889268354338398 17.123098516717349
v 3.1614184999999999 35.196213275846688 -10.515336834882628
v 3.1750000000000007 33.446813576578897 -10.973546709689373
v 3.1750000000000007 29.132130727702357 -11.04082510764329
v 3.1750000000000007 24.356794523577626 -12.2415561739959
v 3.1750000000000007 25.742127441891462 -10.84161026841273
v 3.1750000000000007 22.868705648998777 -9.651002095654281
v 3.1599211875002187 37.65421857664672 -9.4256365169073639
v 3.5564608709103425 14.107527929896273 6.6751665248253786
v 3.2549075942682713 12.935444820535521 8.1019508360948489
v 3.1803055417878987 13.34537336975702 6.5935780710324208
v 3.242251337734368 13.819537070794349 5.571911253896209
v 3.9176163681446337 17.647475020791319 2.2446995942679893
v 3.942153552206646 12.968003079913631 11.690552965187578
v 3.5987557153812535 12.205728927499912 12.190062725842548
v 3.4701251559083186 12.393406496552222 10.832897719785255
v 3.759128270184366 13.081204485653009 10.32666233902812
v 3.3322470893154641 12.620399308768164 9.4322188051576514
v 3.4446040294092555 17.707886662782975 -1.1743401926703303
v 3.5857361963704726 11.69510649300104 14.937668898924956
v 3.5434524084243257 11.838833773719657 13.648293223038458
v 4.0078511833896187 12.125264564527255 14.663802700886372
v 4.2890931816718503 12.180081276731109 16.01092131603874
v 3.1750000000000007 35.613815060792803 -8.0573904949230286
v 3.1750000000000007 31.926010550735711 -8.2927523649134258
v 3.1750000000000007 23.966638595733297 -10.720636464932706
v 3.3963916557431055 18.370977399609458 -1.8421521664223857
v 3.2398434986726414 21.492204147420829 -1.7594152127057221
v -6 22.155229507747393 22.470370081833103
v -6 24.193608068924554 23.424892624016028
v -10.60842491021015 22.252648649325522 22.27599937039944
v 3.1432012375382214 36.620652006625093 -1.3695505630140161
v 3.1750000000000007 36.133453691146883 -1.5820592394155799
v 3.1750000000000007 36.361792443270829 -3.0633025356231993
v 3.1750000000000007 37.389345792075972 -2.9032487206075306
v 3.1750000000000007 35.231889570018744 -1.832464902271731
v 3.1750000000000007 34.274470082089266 -1.9163412503921453
v 3.1750000000000007 35.122446929763086 -3.8523861935291812
v 1.7282368983511525 33.149709955053098 -1.7835776957198828
v 3.1750000000000007 33.370841531330889 -1.8294552601528764
v 3.1750000000000007 33.344876328982956 -3.3893931649781273
v 3.1602121352705872 32.584888892386921 -1.6247333798308539
v -14 22.1821155758233 22.416726987725394
v -14 24.081748882036344 23.648074119804669
v 3.1750000000000007 31.49326703073681 -1.0792717893741735
v 3.1750000000000007 30.727198559915291 -0.46938017113211039
v 1.6848683494783234 31.12358018909574 -0.81491264345148728
v 3.1750000000000007 31.389498774858119 -3.5445143292514292
v 1.5163977450389758 31.755029070068328 -1.2399730012412569
v 2.1792145827126284 32.324104643348306 -1.5189909150581915
v 3.1750000000000007 30.175435986637488 0.15688367706932471
v 1.9515368989111668 30.580550859034233 -0.32203776528207406
v 3.497299909619116 14.416186881234244 5.5708419966134564
v 3.3507953255548397 14.490582379843103 4.4722548343807365
v 3.782865500588688 15.933312532512716 4.6756294021219755
v 3.6949241729468394 15.02289023786396 5.8417379119388162
v 3.0895290789269758 14.088872208736952 4.2256694458587756
v 4.4664094975956274 12.345287201355678 19.573064430297421
v 4.5890422846018097 12.677171786325397 20.584337412223938
v 4.1581808538304337 12.787581866438121 20.947986488223144
v 3.6727907557901904 18.355744212507759 0.14567389027376176
v 4.0496777984857353 12.482956857870313 13.521847667231162
v 3.4892303343450557 21.566720226874814 -0.0036242212035419996
v 3.7849233010021806 19.85424223026585 0.52203464870617289
v 3.5788815239025311 13.232907368555223 8.8894088917532734
v 4.0218144498129007 14.56851086730499 8.9102701430235136
v 4.1541068635444809 15.859044260220271 7.0711121534729653
v 4.1655095653389171 12.034407437422246 18.39644098265439
v 4.6275789705775772 13.752757777942497 13.525031945365043
v 4.3170733706032784 14.288174702953135 11.040369802177695
v 4.2298690770579341 19.171533298952252 2.446306318865191
v 4.3807745591232319 20.468577399802346 2.73952429632108
v 4.5331344924953587 18.427578577630257 4.1720896236024068
v 4.3059718321225375 17.208111950465064 5.1596343398437456
v 4.3827483336986042 12.691257478584035 14.611516021420321
v 5.6837866956163268 13.333931235925387 21.671968532013928
v 5.1977059715416054 13.435240209190116 22.036445192228634
v 4.8122128321221993 12.504170799246213 17.223143996638093
v 4.5036703158272537 12.184386590299892 18.004456410976417
v 5.1183963321471211 19.022497064853496 5.5501860298422852
v 4.9361024981099053 17.966991921351028 6.3605191809314183
v 5.0004364071617609 19.825808675821566 4.6705037976683972
v 5.0133851895378871 21.041890918562292 4.4533434251676844
v 4.881829999999999 12.94289979730541 16.169534966241976
v 5.3978699393201506 14.607504257616034 14.675804092483634
v 5.1675248250240209 15.595166282534812 11.926112963241247
v 4.9594754210047256 12.521464402249288 19.334480483511506
v 5.248498724888556 12.80527783969 20.341285500560957
v 5.3377085380554519 12.78188422499737 18.726607899976006
v 5.7744947371144093 19.383186950628204 6.9362398917180261
v 5.4837834553266998 18.420842339555975 7.377840712150662
v 4.613833138441457 16.218536284493076 8.5467017135280035
v -2.1097557288787474 27.920783136744731 10.674014487867549
v 5.941795024795443 20.429372395265592 6.5900017877236658
v 6.5543452428039259 14.124841755224393 22.964393627992646
v 5.1017978965493942 14.178749476098936 23.107223858322797
v 5.9297799827271618 21.363350060580018 6.3049344610000482
v 5.1337080279429372 22.337987616099845 4.9183910494436045
v 5.921039935033015 13.131923652570526 20.061860583941321
v 5.688668988427775 13.311613151679335 18.174982276550729
v 6.3265154681614426 13.450763156368319 21.281817666563906
v 5.8363021684421632 22.498458418415311 6.2088816198071273
v 8.2855508749999842 21.643029102268148 28.513808829658565
v 6.9569737329303756 22.617959423338913 26.568627451183861
v 6.3515507252987824 13.548135081589818 19.597079983070078
v 6.5214195093423086 19.301241066894903 8.6818585296850497
v 6.2610427668851543 18.219271747660603 9.9696109400639354
v 5.2867932807806621 17.084126975760814 9.3647048100437313
v 6.6419263821772248 14.546813279979689 18.238356969914207
v 6.0761209993202243 15.441909481753216 15.022171320656543
v 6.9538437066683123 13.790226585194164 20.898733096520964
v 6.740904442125732 22.676488362045479 7.5875669353124175
v 6.3533172745172735 23.346152974293805 7.2201267789948025
v 6.7099292331626508 20.299764876906998 8.084640038710301
v 6.8091755469141972 14.633760819811847 23.664236389553768
v 8.0382136441090744 29.831503606111294 12.176161124234037
v 7.1725956875045149 30.164506925281735 11.511752764558462
v 5.5 28.226270614087088 15.378922651611004
v 8.9466586331994762 29.539760368330096 12.758247352514051
v 9.9321612077416432 29.280271658912007 13.275979082184643
v 8.0620405098838859 27.788136787967488 16.253087442087203
v 5.5 25.41046759036929 13.967634338673392
v 5.5 21.967723158359931 12.243546220098096
v 5.5 20.753741730239245 14.665682465897643
v 5.5 20.719890919188796 22.802428327056802
v 8.1491293233399809 24.759036884065942 22.296748818971516
v 7.7694751786693637 23.55713478413093 24.694784384195803
v 5.5 18.573906994699193 19.014889628792993
v 6.7266192996116843 21.692585164253231 7.5660378657617962
v 6.6888265728600196 20.962009739676702 7.698883575378904
v 7.5396926551399979 14.318607460897555 20.638222451698816
v 6.6934812011805498 13.812438298928658 22.197069233758253
v 7.3886476924678313 19.623014060092355 9.9285494268196306
v 7.1197809493116146 18.5434418484476 11.335451948636642
v 6.2485584136057 16.985132341943672 12.399855424146935
v 7.8848824795487111 14.28802497493928 22.085106849814196
v 8.2262465931808961 17.837007160638247 26.549534834702385
v 8.6277893304258839 16.558235596232713 25.581660386816836
v 5.9033043431807037 16.5733796883247 25.594469268353059
v 7.6145116838476419 15.778899897058626 17.847554765737904
v 6.8867875628575206 16.326925561543408 15.250331366670371
v 8.0076946997069882 14.863550297719398 23.827565904072351
v 8.4773400571525386 15.520213304195705 24.624078140977254
v 5.5817023816864033 15.552001250167582 24.656052409539811
v 8.4049011534858806 14.656130451029529 21.542077767612327
v 7.0542542627605442 23.948220287522307 8.3013924275932194
v 7.0954206292239519 25.813639226271867 9.2489520215465131
v 9.2670826276539273 19.32509896740428 27.251180624387551
v 7.4491225684142393 20.484656394074158 9.1474445344928466
v 7.4359812787170085 22.307506115222001 8.4586921386755929
v 7.4313627984717137 23.19672610754585 8.5132139465636669
v 7.4860692788401835 21.250590476323957 8.760276001673045
v 7.7722279913026888 14.382768491657453 22.894646473310488
v 7.7249569974004686 24.321977238938128 9.1517789226077273
v 7.9754287772184718 26.41184172622199 10.407450587680017
v 7.3433280354472821 28.065945099645106 10.635951268214232
v 8.0634688695474246 19.887334770134924 10.657098373980002
v 8.1669091839313595 19.517779715260417 11.402173721066891
v 7.3471269019787968 17.89149890239316 13.107489502307164
v 8.1266898768941331 20.513815732955152 10.06167174470988
v 8.150962886859368 23.343279235824543 9.2758645403879783
v 10.216299406523731 21.733168530788774 28.333962604717993
v 9.9571240367286791 22.67551504393176 26.45379245325211
v 9.2866810231259471 15.874917932520058 20.408409594780352
v 9.064932287170965 16.543967789209784 18.803792950958869
v 8.237217856498944 21.313239428747409 9.6537564263064599
v 8.6549290770207499 14.862636276099447 23.558595909400989
v 8.7744997411758625 14.737333201540459 22.923228621720803
v 8.1924503668714479 22.33521808598984 9.3016163338652316
v 8.9605594608501455 26.554044310390815 11.271205155323937
v 8.7917514384792312 24.547190700335342 10.156322675308738
v 8.9413901239955393 20.165843007288245 11.457306425299203
v 9.0109626713234725 19.681862489047006 12.378295226661809
v 8.2900632670579171 18.258269908204106 14.106333151049565
v 9.9142740964269365 17.35442540378666 26.119371269269152
v 9.5017024992417909 15.879660760781263 24.942988365869173
v 10.52606494133104 16.23910821736682 25.261898590761096
v 9.4413713175540508 15.361075532439575 24.27587608959178
v 9.3843372556320155 14.990253807552499 22.658380999971811
v 11.397365936800462 18.404088336488755 26.478042642731925
v 11.103313023661478 19.996896728349611 27.327098045985167
v 9.1980211514168886 20.829824940386686 11.008315152059552
v 9.5084297590809292 15.205868075830331 22.013026238601839
v 9.3814247938297619 23.639429421855972 10.338902852850788
v 9.5671889478225047 21.740425171660561 10.734533543221975
v 9.4657056037427338 15.651293277515389 24.677075492480689
v 9.7997311132634728 15.191425337109761 23.567504746432416
v 9.4028354591277719 22.670569389526179 10.338176708138366
v 10.281434433352707 24.525246089920536 11.128230587340589
v 10.250430648602759 20.867430566859273 11.925736598256481
v 10.029049222129878 26.579056055016206 11.979702959375308
v 10.203500603286692 20.289146182764462 12.70128087808853
v 9.152977706860014 18.408606494769568 15.120296911172019
v 10.20311276570493 23.525286461733462 10.857080050315229
v 10.531208973205491 15.611462377296723 22.374455285932822
v 10.711375455866317 15.481900785467621 23.080100615429533
v 10.370584253251881 21.469063963881471 11.498496055754451
v 10.65109390146732 22.800647598954068 11.141329112883989
v 10.77611934669606 22.058814475893978 11.430297059685618
v 11.40447241877072 16.723118428289958 25.547958229710467
v 12.357041176030933 17.12593186513493 25.635583946704742
v 13.846844910032168 17.607748376543359 25.528534540811954
v 13.01235370501627 19.738145064674551 26.796200218579862
v 10.969970468353281 15.679557614916424 24.28649694400961
v 10.454071150332929 15.782373250835077 24.730072843984129
v 11.243488731564803 29.0105112557296 13.814205400135407
v 11.14039142495454 26.935251169670316 12.728836390147929
v 11.7287 16.372625696387065 25.167756115675321
v 12.17786250000038 21.868541752805751 28.063865896347764
v 11.585567767589588 16.013248978523691 24.687998869512839
v 11.11857221577905 23.732500819605242 11.357050273485894
v 11.549218819461231 24.644053939851567 11.776570861989045
v 10.928565381285608 25.675493255761207 11.999464889105667
v 11.403752660236201 20.669036163510146 13.112331389580897
v 11.463067052660939 19.74941046741565 14.975231895369784
v 10.328807074115119 19.421081365202284 14.550400140077544
v 11.892270964180021 15.974627703250027 22.886978597857329
v 11.843998112050002 15.837057445288309 23.433755157751815
v 11.106669687773902 15.603314816483657 23.726806539261801
v 12.227579051510389 16.81475426372463 21.401616773080352
v 10.851330153998511 16.458901396812927 20.994555897230143
v 11.617850070936292 22.240620085208491 11.783846658238556
v 11.628847456848952 23.05190921581578 11.572583971510049
v 11.260202807958478 21.614331565318409 11.959264122436389
v 12.35565788191532 16.031751515566793 24.106595221796624
v 11.500590470410319 21.177695262213931 12.473314819447083
v 11.944670472033252 23.794907663453007 11.692042904568819
v 12.699999999999999 21.400239041739379 12.831723341866988
v 12.699999999999999 21.031484856788737 13.306259802865128
v 11.986540332166001 20.43953512369233 14.002439973201096
v 12.699999999999999 27.471524441679229 16.884792525911763
v 12.699999999999999 28.799034156112683 14.236144596463685
v 12.69247229829476 26.509866005855034 13.08658657514761
v 10.218430073753169 27.357344911359881 17.112603571870665
v 12.699999999999999 24.666595522731281 12.169213815705525
v 12.586079021497092 24.185621497311974 11.961076466358669
v 11.87924821018018 25.573813147093794 12.348989786193862
v 12.130535543777818 21.805933839321185 12.22705873388264
v 12.78520259709391 16.379805301392615 24.716523071744803
v 13.38689632405875 16.462804617440831 22.779083537079174
v 13.076852799047948 16.213503971446087 23.406094748591208
v 12.062422793895998 22.633251011714652 11.817145509446449
v 12.699999999999999 23.609122670022888 11.905942528699399
v 12.699999999999999 22.892220758173799 11.959504680585718
v 12.656253251153608 22.343791008139661 12.104798063161306
v 14.09463214343965 16.488510919013397 23.748352760808814
v 14.633335212065482 16.633635934654119 23.032278148674553
v 12.225815901991361 23.096118209265267 25.614604844402599
v 13.583766250003542 22.001176023915459 27.799233943956732
v 12.83199431200299 16.842176323864333 25.29958568485501
v 13.48548034490468 16.444761438392067 24.357474130828574
v 14.015523884097718 16.785360542899753 24.702286296447568
v 12.699999999999999 23.841769730690849 13.229512864374485
v 12.699999999999999 22.87555570814083 13.037464247332867
v 12.699999999999999 21.780561748163073 12.449077302293427
v 12.699999999999999 22.146229899956591 12.395614011226353
v 12.699999999999999 25.857755636905885 15.156405624594164
v 12.699999999999999 25.262175579818582 13.66280972014985
v 12.699999999999999 22.026792503430286 13.709714251418751
v 12.699999999999999 21.294136533255294 14.898620774744741
v 12.699999999999999 20.4248050874229 14.493889849650335
v 11.643870406661961 25.407672967567613 21.002589837795838
v 12.83032641746145 26.08214685110033 19.656879267347669
v 12.71133998171516 26.369283514130693 19.083982940806784
v 12.771746135807739 24.287093957886839 18.50065449058479
v 10.620409238925419 26.329199452870661 19.163959814458387
v 12.699999999999999 24.859927269768047 17.954469131936904
v 12.702061824195148 19.85112924388924 15.640462964483119
v 12.797807064012652 19.568772247434673 16.262751152677424
v 12.704381363575159 21.480667811449603 16.501342958564031
v 12.852163798824058 20.839227932364995 17.110337831352467
v 13.09811987504445 19.291503189038959 16.969663339364377
v 11.672115845284182 18.870587833932163 16.897315353009841
v 14.09372180173548 17.137456684989907 25.10999876221484
v 13.115411278604441 25.781680003210091 20.256370846113185
v 12.95819584534599 24.720752111753427 19.371929104289428
v 14.991258771589912 16.811327218199388 24.100624878143972
v 15.194682289132508 17.181934811938405 24.657614615632706
v 13.418101675707177 25.583814807981952 20.651150517120879
v 13.240077063604701 24.140371967090111 19.660115683185509
v 15.317334009011688 17.72017587593497 25.091808602949872
v 14.56529420893548 19.390445701593421 26.207497048596426
v 13.113680229674301 21.095791950613499 17.904118276162883
v 13.35744178864929 19.163809326839569 17.347652476677624
v 12.481134867304299 18.350547368418404 18.500827435293573
v 14.873925644491599 16.983838380336593 22.172617329810489
v 13.881286780800728 17.080210300504024 21.715515056662881
v 13.457383149374579 20.460864450710496 18.136368047014887
v 13.794742425730142 19.027282625521913 17.799333662999935
v 13.780699842544202 25.401697181615596 21.014512728390571
v 14.418483133777102 18.916204971904534 18.216855941475551
v 13.587353105808759 17.760033306571128 20.246579891760099
v 14.363500023344898 20.698965752234457 19.077091451629858
v 13.892278919310982 21.209590589761557 18.983860206930807
v 12.875533050958829 24.503424418828519 22.806746914978781
v 14.247887099262712 25.25241993727278 21.28545414172256
v 14.38950972458132 24.108235207398909 20.801336999875083
v 13.751827492810008 23.320733246541113 19.908726405594543
v 15.366224821259351 16.83119706514006 22.723951903228738
v 14.767943549851672 17.442100659194963 21.237165838635327
v 16.06929397571604 17.180834843989025 22.018781828364752
v 15.487750406307381 16.797571601261126 23.350745945551029
v 15.0551680148602 24.186594816405432 23.438885468333105
v 15.082230548952971 25.106294547382323 21.603900185980198
v 15.137800815402848 18.85832839477041 18.485501201909624
v 14.874915651005828 18.036270298904498 20.073002079333058
v 15.003016328419939 20.678300019320119 19.358532326629053
v 14.876665000000241 22.15689056699339 27.488552223420829
v 15.964795138193303 20.520751452585692 26.251689777548922
v 16.022090143596859 22.338809402426538 27.125587687976168
v 14.11230028829927 22.791101129653153 26.223175047375246
v 15.98056281198955 23.175353230563044 25.456515097247948
v 15.727879545272501 20.277540594428224 19.290144209795301
v 15.783782983773648 18.871379046292152 18.587975134291064
v 16.2632034473415 18.313661115560301 19.796306833074574
v 16.300988685281592 17.042017558072839 23.467619162980512
v 16.052095504073669 16.951404731059291 22.760192054438448
v 15.836202156946399 25.062194293054791 21.691889031592982
v 15.035687370730692 23.87642781810192 20.970748732120992
v 16.280235765195801 17.248364968088481 24.051396407008486
v 16.377792004213109 17.61791878095649 24.48777664331438
v 16.21920221796293 18.095314475684582 24.923079722824465
v 16.32503366817766 18.913889492846728 18.611056128622149
v 16.94800041456222 17.983575415081368 24.473807161706496
v 17.04481702821672 19.199299985914251 25.063342859068282
v 16.08312477637385 19.255525607438251 25.564951927211695
v 17.05476777408164 17.556450200298222 23.958409276671325
v 16.887882520767391 19.033407343570097 18.484797046445856
v 16.93883482347055 20.597246370435268 19.249658094964339
v 16.345788993746609 20.189274827423446 19.210358984906208
v 17.172317714104999 17.328035326576682 22.072476340890589
v 17.04014373328603 17.558380876855864 21.458122870102258
v 16.255739549153422 17.736609518185432 20.946152286431719
v 16.84940437333416 17.145331257625912 22.909610397391052
v 17.596561611855751 24.535913922436606 22.74192384398749
v 16.92343153204045 25.141903382777063 21.532853422922365
v 16.503915000000021 25.090391565717798 21.635629821552598
v 16.890180316545131 24.005246056125657 20.976632258532927
v 16.52042861604631 24.40230920250238 23.008492036273225
v 16.21086846328549 23.53690992898543 20.907508972677945
v 17.54322669703679 17.36128068363783 22.623536637236782
v 18.279079729993391 17.657678709426651 21.884762311505785
v 18.156204810089431 17.774553885463924 21.29745143354009
v 16.97253454356829 17.332508398333584 23.600395796065637
v 17.46178446618902 19.195283013095942 18.276229358579808
v 17.75201844745844 18.693667425636825 19.334911412149332
v 17.504925516871889 17.418664629592975 23.158058228512196
v 17.416972394880439 25.241238929416074 21.334659099321279
v 17.63101291868098 17.688236645828731 23.628983235460904
v 17.452905000000001 17.994606075378336 24.14537155484971
v 17.54646 18.416763067271422 24.376801288712993
v 18.50238790483494 17.773363411200009 22.540622549577343
v 18.355547523310289 17.895920144136408 23.176925537517882
v 19.039893791142909 24.727222785768856 22.360224321007891
v 17.8971555226255 25.388130185341037 21.041581604949997
v 17.519866080385089 23.345003558293254 20.317620140209414
v 17.85052182195534 19.344797894536821 18.055411065672551
v 18.58381870664526 18.955164563830706 19.011315476675804
v 17.534211453606009 20.823281610326433 19.04412302133796
v 18.2602290560793 18.223095629472773 23.708973637901092
v 18.756175434321189 18.977662457898845 23.767175622633619
v 18.341527783279819 19.791758830781092 24.51502382275611
v 18.141237500008241 22.81570440662788 26.174086579013601
v 19.014519999997269 23.105642201877473 25.595602570416865
v 17.796941639274419 23.56116368092642 24.686745927648694
v 19.292096774104021 22.146742162853126 24.84753541624719
v 17.44112947433554 20.662123307706846 25.56737144785631
v 18.560350929013751 21.070932654286359 24.981535228543088
v 17.05645750133062 22.537096019248679 26.729966148357253
v 18.266488618102901 25.538931724417957 20.740702312022094
v 18.11197638979953 23.762828193934908 20.00978199441716
v 18.03971197141437 20.347975877478273 18.375455653465774
v 18.25936880216565 19.552064976605159 17.723376229082898
v 19.085133065322271 18.251366209542553 22.768003457152851
v 19.019539102774999 17.97155875915599 21.690819400137141
v 19.10761315110339 18.078390184268294 22.306141801438176
v 18.795165495833931 18.020554858629211 20.986116342933741
v 17.488944837359529 18.108831263536484 20.449334204373269
v 18.989315707108201 18.478955162771232 23.201934225736785
v 18.443079355677291 20.547326653355189 17.965262001953725
v 18.664323922818021 19.843698163054864 17.222236136329997
v 19.018885815655921 19.5070697002873 18.008530362810497
v 18.690459481665439 25.827694600435066 20.164562502762323
v 18.605391135104181 23.595232720518027 19.217873511943424
v 20.090082691223909 25.410909671930089 20.996131963917634
v 19.419184683718878 18.365231225263891 20.471223672273133
v 18.613853385835569 18.461181720267483 19.970572185024587
v 19.705852947101501 18.715046114565478 19.74640159477179
v 18.54489262539558 28.278459101079381 15.274796160851455
v 18.428937975955431 28.027884638995857 15.480778810688761
v 18.43866749999874 28.067710803547467 15.695281250959315
v 18.470447047594021 27.648990272424641 15.527308552057381
v 18.801335885839531 28.101095170044616 15.628672749162895
v 18.51398499999998 27.972598217051729 15.885049922741805
v 18.797715982127759 27.858431000848466 16.112836399571222
v 19.136947280059761 22.923958286867535 12.949697342174085
v 18.442160320978729 22.52393249734957 12.915680206049011
v 18.44806841057294 22.826926374571368 12.766980670752311
v 18.454002791907222 23.170353428777791 13.312799902423365
v 18.58450742127453 23.133030779020004 12.639389445560877
v 18.429544492000321 23.542792398300033 13.231200037485788
v 18.555891890669422 27.800560986041489 15.01778431601045
v 18.43799217781832 27.695278745418644 15.254240340220795
v 18.55249386461405 22.312473137785901 13.116506112024858
v 18.595878844461449 22.90429192036494 13.470569001803833
v 18.958804531742469 23.678595338000402 12.689872884138559
v 18.724386243303979 23.712750016678829 12.800177240953644
v 18.54053107975669 23.907910176576419 13.089947382242054
v 18.78423378731711 22.208603437856684 13.269489591929993
v 18.779651509947289 28.35198304697802 15.128101153687314
v 18.51797781966096 27.595586686248794 15.706208637879753
v 18.764573165808791 21.433322085180134 17.792194594657939
v 18.9272596721399 20.15362853601744 16.656280854662747
v 19.6137957507602 19.894517183138998 17.338815170492769
v 18.947312685513541 26.084971320543367 19.651243884750656
v 18.944898367408388 24.333300067118522 18.680399662767432
v 19.391367817859539 19.137924122197866 23.234032443118227
v 19.297645090349011 20.271341937897574 23.901918260002457
v 19.050000000000001 27.834206199974062 16.161169732261492
v 19.173298332474062 28.099515033864883 15.631825437520042
v 19.05050343469177 27.311299792004899 15.897907251888046
v 18.73834269969138 27.095226862039883 15.696679765444296
v 19.34392705766993 18.181685772396555 21.103984218816414
v 19.642327499998899 23.368831122427359 25.07048792764709
v 18.726818452603421 23.734639776648102 24.340626349956516
v 19.055415 22.209766236931181 13.329488971008525
v 19.53232278237488 23.672293945924235 12.787247909157442
v 19.697669778000272 22.780246597434836 13.091200057666946
v 19.94597016522653 23.248691727027214 12.976131589227151
v 19.050000000000001 28.394298220135525 15.043673902760794
v 18.80583446502925 27.924001726134421 14.86456524577388
v 18.799472983369771 23.001391235056115 13.680057597742191
v 19.458045559479679 18.250171854212173 21.969191143895607
v 19.526664681950951 18.427177100763746 22.337032549228955
v 19.759477798809598 18.396722748914272 21.419291913717529
v 20.46196915095879 26.020568453083033 19.779740512454904
v 19.03866001833746 26.369283970025876 19.083983169307139
v 18.978607542504179 21.512814005225689 17.110849061042629
v 19.041562022845451 20.453996465911253 16.079772805828256
v 19.712818193446701 20.427805903318557 16.321336973531849
v 19.60881375553679 18.811024908036373 22.739921400875762
v 19.053217823880569 23.915972985703064 12.70766512736615
v 18.749762759542751 24.151103661129142 13.003661749482989
v 19.004402265871239 24.062079365995139 12.877214950602504
v 19.866773126664601 19.674803423792259 22.946855497536959
v 19.050000000000001 25.037317279206466 17.99821891490317
v 19.050000000000001 26.112376336714988 17.976466311724089
v 20.17609129390847 27.061323338765234 17.703225935534036
v 19.050000000000001 27.075004824368676 17.675928629818426
v 19.045781011422729 20.942426252407614 15.134888165795701
v 19.659103814156211 20.80649155051751 15.538409280066123
v 19.04951631916494 22.095300958399207 16.679631332492367
v 19.988716405739119 18.663997861215485 20.172816616762539
v 19.92706367240903 18.516070546059787 20.863046743454557
v 19.079304691346131 28.618013061979813 14.597317958095973
v 19.669409999999999 28.566510595824148 14.638945123767643
v 19.050000000000001 27.829632934677146 14.201375886429052
v 19.050000000000001 26.066908824796098 13.317893656225365
v 19.508470513606351 25.479807366661802 13.062211684618152
v 19.050000000000001 25.446718192448856 13.046077030169883
v 19.878075690026009 26.064204791226654 13.440494639737075
v 19.050000000000001 25.922234675966084 13.804668773730462
v 19.050000000000001 26.865580831017382 13.718190288751286
v 19.050000000000001 25.227030845855406 13.45623067906245
v 19.713013409985781 26.894599593154808 13.811929874107831
v 19.050000000000001 24.826519941929512 12.774256585865331
v 19.686824609849442 24.889453363354182 12.884075156508453
v 19.361509997544051 24.578589503411767 12.770608576387508
v 19.051608911940281 24.371246463816291 12.74096085661574
v 19.050000000000001 24.384951459057149 13.03417814657211
v 20.334705000000209 28.4943295347523 14.844091382603674
v 19.786594602053171 28.116313576714447 15.598308977902096
v 19.050000000000001 27.72955717662493 14.667681884806219
v 19.61015699625985 27.766811110150236 16.295636443258807
v 19.047165004584361 27.467975642487019 16.891873091522903
v 19.050000000000001 27.066017024794078 16.34017226677944
v 19.325845885801371 21.669018641408293 13.887238177888378
v 19.050000000000001 21.904019081248702 13.635493090015309
v 19.050000000000001 22.375277817679777 14.207198136606211
v 19.919264758617189 22.046320184208589 13.663549043936456
v 19.796151305741301 22.407281449319076 13.333895731169081
v 19.050000000000001 23.027230889954648 13.798189731662056
v 19.050000000000001 21.430856038903976 14.190003525763149
v 19.050000000000001 21.883000318281265 14.939067165415249
v 19.611207565069051 21.162779289536449 14.808386869324579
v 20.026413679035151 23.839346896075373 12.884294190900997
v 19.694411604460079 24.330588797852315 12.796758282200527
v 19.370246429661719 24.099333160605976 12.734644573876615
v 20.003709629536189 18.712431039607647 21.886912158907776
v 19.876764487461969 21.613420476565143 14.135289400149254
v 20.27557052771385 21.284894982035961 15.002591952683135
v 20.06768050919343 25.364749349071456 13.158392925342874
v 20.22094166678043 19.086318664262073 19.342298611786291
v 19.728842655824291 19.393178413641643 18.39185486596611
v 19.883892169914869 22.422334101411725 24.301844797945094
v 20.12397937601876 23.638512079479842 24.532420370971263
v 19.933166251803861 27.725752715083281 14.290319103551182
v 20.10793755882699 24.720390037888681 12.969177965244791
v 20.362056677433021 23.018853698660948 13.220596102371356
v 20.566034077491061 23.680526568014152 13.14264819061917
v 20.08380353024814 19.104275320007517 22.300201575238788
v 20.51577260134755 19.986454724305876 22.146660418604057
v 19.909553982017979 20.377954518470098 23.244571494118929
v 20.371691625285781 21.830869826753524 14.145110483315252
v 20.719955007435821 21.654645762220291 14.775859186909251
v 20.838613720120492 21.170237383628745 15.914980217814415
v 20.27976411912163 20.850108933599049 15.874014600541203
v 20.304577873477321 22.540077283304264 13.448954061323423
v 20.354140490729851 18.893539061819638 21.272492812138672
v 20.551033682433371 22.327123643903565 13.751679656652762
v 20.434042638721831 24.270544558209334 13.046812713584874
v 20.310464639868989 18.793487281244257 20.554824221035489
v 20.487629209896621 18.995974839198297 20.045189217619466
v 20.477375967311719 19.30794621731166 21.763008271088971
v 20.3521623878617 22.957138808946507 23.903851263701601
v 20.582238337743789 23.90737463569166 23.995985687990082
v 19.478613234337359 24.04148515815433 23.728408318291095
v 20.530370844220041 25.153844703252474 13.287826634395131
v 20.440035441181632 25.759951262566172 13.523346548594404
v 20.718792612570699 19.357636161635678 19.417873522918484
v 20.393810445997801 19.472897387076657 18.734040232015296
v 20.853129020001479 22.944908013881516 13.570483444732124
v 20.923435053991049 28.344023562288438 15.143981920820934
v 20.796015764749001 26.852563190318651 14.297495716624624
v 20.333226582311831 27.261198194322187 14.220628800057785
v 20.711921829400261 19.159605729585593 20.559727268139845
v 20.916788225807839 19.40294341380228 20.030564100445122
v 20.754390786378082 19.346370064060025 21.103905169413004
v 20.938860153113581 22.065530330540582 14.394186546122073
v 20.9696500602623 19.924818019430532 21.218422134115137
v 21.02548320841753 21.089326271445945 21.696106397007945
v 20.476321667080018 21.071956081121073 22.757581550121845
v 20.95476010010843 23.545810364701513 13.429179444771183
v 21.24368799290874 21.87897190125689 15.232752245801187
v 20.881930913613651 24.730567751642937 13.378935719098862
v 20.934846624518212 25.646002373386352 13.800716861590715
v 21.059340291210749 24.181034957321422 13.44072362727664
v 20.871011066910309 19.808392440576551 18.679994746840123
v 21.20024519623275 19.845562433848375 19.418636515916624
v 20.993085776422479 24.204921058702592 23.331415340749032
v 20.00028899084062 24.321818902252634 23.169086316510285
v 20.735979336017099 23.265756643305131 23.39135679268362
v 21.066585522422869 19.657679816995895 20.532582135878563
v 21.115500000000001 22.595634837108904 14.032083918625666
v 21.280043465198482 20.404048872347971 18.252675981241971
v 20.903414840454399 20.582506974521639 17.190464287875002
v 20.359664072778578 19.880052646603598 17.886675486082098
v 21.47576631773449 22.550344961925433 14.595305600967198
v 20.305044835703281 27.685921279566649 16.457027866582628
v 21.429023504641719 28.137317170098537 15.556402599724301
v 21.390711938791181 26.404173345247159 14.639506980142283
v 21.276652576242959 24.92179853462947 13.782241756066441
v 20.381657434445991 26.428116092653433 13.827098163642827
v 21.31352937067798 20.01948752071835 20.104118217285787
v 21.377899999999801 24.635200300196441 22.543827622154403
v 21.07384739438794 23.280809483670033 22.683456882832502
v 21.550272916571359 20.526504135802753 18.845038501956545
v 21.541311359263609 20.420630568411404 19.46174457734373
v 21.30233988319587 23.241888621096056 13.840601087214178
v 21.25286233714786 20.232980180012486 20.68241050788734
v 21.65706250487235 22.285265453172279 15.50022548206147
v 21.491389617036951 21.490429674215736 16.597856603986806
v 21.342135531473939 23.855653254432472 13.721196981642716
v 21.568228078015402 23.088499883907492 14.259969976137377
v 21.67355446565934 21.035969744982534 18.050121562829545
v 21.351228048842589 20.878480205050685 17.468854442571654
v 21.555362414091181 24.375215421202299 13.971458621215163
v 21.633237674348351 20.946954876061959 19.843458882599364
v 21.648107237806929 23.735695803971918 14.118418926473812
v 21.44529063009124 21.288339726626589 20.672497134187715
v 21.80005671172535 21.096974318673528 18.943147333225095
v 21.662831555040011 25.056802511964207 21.70264671544745
v 21.444017664996721 23.243711239961808 21.656454707856554
v 21.68897849306299 25.072860542000619 14.396551450997944
v 21.83029508623131 27.881993663319363 16.065824165696565
v 21.87640552434295 23.052567495508868 14.939590771051318
v 21.900559551106056 21.675874972433746 17.64443720533275
v 21.877346461381521 24.358850405968191 14.479406150406735
v 21.859135294829571 22.206590117706241 19.458799591279977
v 21.906945055738902 23.638081350916075 14.615686825482902
v 22.037690489819312 22.046603679189044 18.144665999912313
v 21.999812979849466 22.900238956812693 15.701509258545455
v 21.959787161757632 22.318407881883804 16.662814206850452
v 21.949568957252708 25.572610602195841 20.618918170211789
v 21.820013979319427 23.400399045983853 20.260608426910103
v 22.143192500000055 27.506932110569267 16.814147130347017
v 22.092135801769459 25.986686877143693 15.813767248132786
v 21.816327890715819 25.884497694440039 15.037094328136213
v 21.982457977516347 24.97194905180163 14.959300948758063
v 22.131776245610013 22.606138454971223 17.475929054879657
v 22.05090100331077 24.294140832282832 14.893320386550137
v 22.12560473438154 23.790502947663882 15.217444869585663
v 22.083183017276525 23.826414563433694 18.715849455475468
v 21.518230411251249 22.313166647930874 20.948114756542644
v 22.191584690662111 23.589494571765321 15.915472775798072
v 22.183093731969706 23.092203189387345 16.893171060853277
v 22.129288358166733 26.205914724444028 19.409937555434183
v 22.168004597567105 24.7309582024901 15.53279597006755
v 22.203580834906369 24.984498920348528 17.531078061054711
v 22.22424844748663 27.114734389078411 17.596660185932713
v 22.223196106992219 24.405942588912669 15.954589384983292
v 22.222506588272921 25.480517343805438 16.461714482971306
v -25.5 19.950486236975518 17.718992640273534
v 0 20.161939908697327 20.712655788643133
v -1.7763568394002505e-15 23.760222344253503 -9.9048728162150219
v -1.7763568394002505e-15 20.900466431148622 -9.7356577056310876
v -20 22.084182937736735 22.531346607372789
v 8.631853989093937 26.07067118379689 19.679775523481858
v -29.387744304075881 26.481485423909032 18.860118782269097
v 0 21.246081992234345 -2.6166625733485933
v -1.7763568394002505e-15 20.779242728721282 -5.1489230503118382
v -1.7763568394002505e-15 18.405139836588422 -2.8133536605158369
v 0 20.760067089235001 -0.68800441376198052
v -1.7763568394002505e-15 19.899348743034732 -3.8012755242547183
v -1.7763568394002505e-15 24.702349432864189 -12.53944065491649
v -1.7763568394002505e-15 26.186809562944902 -13.776827751146087
v -20 30.424676046993511 -11.625023029557394
v -20 30.362754391647108 -8.0518643691227982
v -20 28.946558721138949 -10.290276133333769
v -20 32.419829603159442 -10.778927423004362
v -20 28.623812127902411 -12.743426829362758
v -0.92340701068538422 31.123691707191131 9.5979868923089597
v -20 19.919307388032706 -0.19483962126580145
v -20 18.723548810562427 -1.8057727300412552
v -20 21.531474202672669 -2.8710626332169404
v 0 33.284110364831086 -12.066915818019151
v 0 30.178398210234306 -13.171725696830844
v 0 27.518047731594994 -12.378453294476817
v 0 18.149452956703605 20.334817467052261
v -20 12.279874442749747 12.978526474521438
v -20 12.720896833300779 11.456145513815667
v -20 14.130564930909333 13.577116424766629
v -20 23.438836928332773 -5.7750654177959539
v -20 21.640066637792678 -8.5122866556178991
v -20 24.323431725088081 -8.6670118346868552
v -20 21.469830989783222 -6.2453563726693613
v -20 18.161958210963515 1.0434190000815358
v -20 17.145962063665365 -2.3071378267031104
v -1.7763568394002505e-15 22.647407254245891 -12.292720834651078
v -20 21.990257638963957 -10.615689193244606
v -20 20.195580404747862 -7.4961278207127489
v -20 19.529766944525285 -3.4997146916940807
v -20 17.81134340257146 -3.3956723458229661
v -20 18.660800722023936 -4.4983716226987802
v -20 27.241758287628929 -8.7623035316545064
v 3.1750000000000007 33.79492884811296 -5.9342424776506597
v 3.1750000000000007 36.366292229605378 -5.3132343980487367
v -1.7763568394002505e-15 19.365061167018645 -5.0640987094924128
v -1.7763568394002505e-15 19.209557407226683 -0.67449229925608112
v -16.887169296690029 31.539664987562848 8.7680368318437001
v -18.992349621849911 31.404594383376036 9.0375297569944379
v -38.179895082279053 22.82420769948537 26.157120805599206
v -38.759321873774788 25.728051235078954 13.78814655494233
v -38.740239926104287 25.352963938910705 13.612269486771812
v -39.049999999999997 25.99351585704559 13.840395100090136
v -38.721157978433787 24.977876642742451 13.436392418601303
v -39.049999999999997 26.547401807827189 14.071716687998219
v -39.049999999999997 27.170910578967888 14.383876059523796
v -38.753467079942219 26.925899438510175 14.392307038966623
v -38.629620791780312 27.239108849367774 14.647624553053539
v -38.717435786693187 26.361035245642874 14.132097258488065
v -38.499076706099459 26.802261331999553 14.621106393396603
v -28.79447104232792 16.661736361682078 18.087178369217966
v -31.305745343924901 17.661108390362468 19.031895685929619
v -23.175000000000001 23.642785895448938 -5.0131495963675867
v -23.175000000000001 26.764215726638628 -5.720368324682898
v -23.175000000000001 27.153850528746389 -8.6020869221556193
v -25.994039320630218 15.9865785638655 13.711308484311267
v -26.803918356961692 16.517958429337853 14.682176051076093
v -2.5100138968294345 37.385157390147683 -2.894892019353712
v 18.45221460892429 25.22802611295338 14.358013190357351
v 18.602937174507719 24.994652392719797 14.526729318489025
v 18.683204069432819 25.628249961676389 14.921672943528815
v 18.44464444879743 24.542054286385831 13.984804622552449
v 18.483274460547829 25.971640823431734 14.822620872236445
v 18.42937853960456 25.863492948398832 14.392564279840148
v 18.439607052252541 25.089087522510962 13.936002487346649
v -20 24.236263560364087 -10.89257441908461
v -20 22.84566008516623 -11.931087612713757
v -1.549845871810529 23.857092083109279 -0.59316031202311503
v -23.175000000000001 28.919030136651202 -4.8992643591933582
v -23.175000000000001 25.537264356024703 -2.635264117514259
v -23.175000000000001 28.042373883238021 -0.19623450715673485
v -20 26.564681525126268 -11.552454105420821
v -20 16.543421545523394 -4.0763741825047486
v -23.21466872918716 24.253403815286845 -0.68072158564742935
v -32.844767405107078 23.852245929587632 24.10597850513334
v -17.634977375087651 32.899089814576172 0.84923985838248761
v -20 24.638595646493108 -12.260966640023035
v -20 25.815104544240747 -13.547767690109726
v -20 27.22480333586412 -13.722430966420831
v 10.66174737621753 24.113885447788878 23.58395523056825
v 12.825269219799861 22.23923881386041 17.713103339249436
v 12.706700902955159 23.110206379009966 17.362222952644949
v 12.699999999999999 24.146304147016892 16.096523241394358
v -32.71581880876326 23.056656931532835 17.477486168630787
v -32.857178597818212 22.74394130281599 18.08132745945079
v -32.700000000000003 24.587550932443524 15.336744394679766
v 13.023791324437369 23.084670870859021 18.711721155857312
v -33.150736878353143 22.136063448042457 18.498304220422384
v 3.1750000000000007 27.911619676048893 -0.10821067385771599
v 13.420954667643439 21.92604034522908 18.822721895950473
v -33.551017678217747 21.655654525167975 18.851698950485115
v -33.990570350358801 22.27293555486202 19.600220789344625
v -34.588302969706362 21.947053693553968 19.826623229332881
v -34.517013405594582 23.360504116229979 20.498030624475504
v -38.471283573274597 19.47607404299956 24.254988922759718
v 14.229535211235941 22.563778714653488 19.925824971301026
v -16.61241724159321 34.665139606055142 -3.0965866384805008
v -16.313353705941559 35.478611398549589 -2.9974556689966416
v -32.700000000000003 22.85380742068628 13.929530835817847
v 12.699999999999999 23.016943938650424 14.289811913043437
v -20 19.695289371146654 -5.543152157569514
v 14.972078402895548 22.245417348245525 20.133824000697814
v -35.942532720795548 21.866812819580343 20.090250787683676
v -35.127994665643598 22.521455747174507 20.31861613175635
v 15.528041169201931 22.932299264696489 20.603473161031125
v 15.681269241156059 21.656085505655835 19.97863031546591
v 16.37536090214585 21.593169997757052 19.90905048649114
v 15.648098117541139 23.808186628433507 21.055236244703998
v -36.629477947492049 22.308564640932758 20.210644634007373
v -20 23.359627671110594 -12.989164575808527
v -20 24.219055850354142 -13.309341137448023
v 16.902216051725581 22.379310991577395 20.156913709275905
v -20 23.824068387018482 -14.24172060717984
v -37.324674170055133 22.405905879138857 19.969083258064014
v 18.85098849658803 26.35951299957836 14.060588414621257
v 18.790928072930509 25.775618201670277 13.794383028866811
v 19.050000000000001 26.563152702947146 14.110155115275841
v 18.562544019493451 26.647329118763718 14.430036345787187
v 18.793503367948599 26.904551898719461 14.363229539763918
v 19.050000000000001 27.204070729928205 14.415641456821227
v 18.58388272527483 26.155027455848444 14.155692701573818
v 18.57729724383686 25.647020005638204 13.909160812151278
v 0 33.903085540610377 -0.65396433625331341
v 0 33.096729239257158 -0.1194375451063836
v 0 32.415182760743974 -0.40220635627492296
v 17.446086068227491 22.050840214845085 19.717727596971667
v -37.876578337792331 21.547360598036217 19.13622729703507
v -1.1614747042260429 32.507213899259199 6.8375828443954898
v -1.1327315850962147 33.064063197863639 5.7265568942820497
v 3.166808685383792 38.346059102659417 -4.8120835122487264
v 10.305954451763611 18.434370109980151 16.493961356203158
v -16.329539780821062 36.911881006269461 -1.9506107831514541
v 18.393380151546999 24.16479881764916 23.482372854036107
v 18.767997041654571 24.649686401592675 13.242748183836973
v 18.768048889687329 25.263458084210104 13.550346293783694
v -24.095524742240059 15.46251436969982 7.5435459325740428
v -17.66943089250152 32.736287741840563 -2.9091582381285868
v -23.175000000000001 33.624810876889477 -5.2815836346521969
v 19.050000000000001 22.790961663384721 14.805126376498613
v 18.816865926307081 23.728966796729477 14.052378031744162
v 19.050000000000001 23.745388245448702 14.146834391190939
v 1.3242647264912613 32.371233620527391 -1.5377978742817024
v -18.670528337922601 30.120888317573595 9.8273083271505666
v -17.618749999999999 30.776306704970629 8.5196172904471368
v -18.809374999999999 30.776306704970629 8.5196172904471368
v -18.212050044072171 34.502599526157852 0.47250725075777389
v -0.93345960837121211 32.014930798115117 4.8085805631919332
v -1.1540769531680635 31.686652795686566 4.1581368352125558
v 17.50211736698153 24.039926979270984 23.731517197441441
v 16.549164727138109 23.829190350837102 24.151979005360097
v -40.356198359446779 20.450729674852735 16.744273069666711
v 13.8143182408412 23.550999365744481 24.707025773489516
v -38.73767316905964 24.399684726701022 13.135387421754356
v 19.04011102059145 23.411640217968561 17.581877987567701
v 19.050000000000001 25.09709255474111 16.501220772815326
v 19.050000000000001 23.499272714303125 15.927600248277292
v 19.050000000000001 24.704808252954486 15.368357706426455
v 19.050000000000001 23.790940505241441 14.877470330162234
v 19.050000000000001 25.721526372977308 17.233044790067005
v 19.050000000000001 25.741186749803525 15.14160383714669
v 19.050000000000001 26.089686881099187 15.971803310572948
v 19.050000000000001 26.339694835369755 16.86557958322193
v -39.049999999999997 26.10305548850237 16.309803889538586
v -2.4394028305954993 28.930274179286165 6.6176304746019978
v 21.07837671874017 22.259520623267356 22.16044872090437
v 20.52540505573733 22.248559319948114 23.264142550018686
v -21.23001446908814 40.555015389698625 -9.2193940066992965
v -1.1687220848778868 34.339298556722817 0.46836771703630387
v -1.0747116471639053 33.53424541056355 0.57996830465936799
v 19.95684274406862 21.30295215687892 23.645569097411194
v -1.1067559593190435 31.958358173304546 1.7628811005397864
v -0.96064461051127026 31.685101134132708 2.3326823723471541
v -0.91626379199284713 32.33385204434677 1.2892508132547675
v -1.1207159024389384 31.555075958911083 3.6030957570707631
v -0.88440694631519001 31.542179423540563 2.997512714049865
v -1.1992633064891223 30.121406338105192 9.8262747723723898
v -1.008956887863965 32.934774941956874 0.82984204856176103
v -39.050257277937121 23.785405305157155 15.954188976635173
v -39.039017559081607 23.403932079094925 17.597037291622634
v -39.049999999999997 22.829614470833846 16.158138574882116
v -39.049999999999997 24.071150783582947 15.218503432862072
v -39.050275788788092 24.7597681351705 15.524624359849113
v -39.049999999999997 23.284629009721016 15.180016612847094
v 17.954322424417089 21.913682648922361 19.246453983883924
v -38.351407077043987 22.40845031185334 19.032311445578451
v 18.43691550839964 21.895486441084458 18.650489362844958
v -1.7763568394002505e-15 22.089798962520462 -10.763511477992527
v -38.697408353557911 23.018508438340206 18.741652217022093
v 18.90943947647013 23.031114713176834 18.168067920612245
v -38.943117911902434 21.981579692354 17.510081424362284
v -38.930390960305552 23.145699946557556 18.14367239324493
v -23.525884779667159 13.227161970283561 8.6162741815429804
v -39.049999999999997 22.156185283954031 16.578768610167295
v -20.00000658523081 24.418854883469759 -1.7140052813422315
v -18.354322525062489 24.580772178891404 -2.0370471374345094
v -23.175000000000001 35.62695005561838 -5.0849262891201494
v -24.658784926069782 15.643961290939254 9.882996576670287
v 3.2676577900403458e-05 21.424900970615177 -11.809545646939114
v 8.0290156416746186 16.882257757961646 16.405244662369881
v -39.055895648215838 24.95050474820161 14.70320020235539
v -39.055886392790363 24.463323333194939 14.91798251074842
v -39.06149699679262 24.166878531219382 14.311340661647725
v 18.828445540702681 25.001966662955255 14.69555077335129
v 18.765775710853649 24.486388776309461 14.406009901700497
v 18.576561986309091 24.260601614373972 14.12695852250917
v -38.540271313350082 25.141347528209433 14.504579660401735
v -38.710902849900137 25.54001072197315 14.898024888204564
v -38.794185036338533 24.976746514569697 14.667116955667058
v -38.506290825411142 25.912237467832465 14.84109192773432
v -38.425658970976542 25.740644182823161 14.431781192284863
v -38.425369338022783 25.10137131443749 14.109192076837592
v -38.531398593822928 24.794405056990541 14.32209333453485
v -17.617598354346679 32.046628800792895 7.7565424227124442
v -18.904842479006401 32.026457532987287 7.7967881445529628
v -39.514676016430698 26.877085931494044 13.762237246581547
v -39.049999999999997 26.603018586510537 13.586593360993914
v -39.049999999999997 27.220823085149291 13.896238695296439
v -18.826841911684198 32.55781713656976 6.7366192444544009
v 18.827537188931942 26.356890401014525 15.374311674621673
v 18.590261951013819 26.440605074247692 15.23608626753982
v 18.454865518108932 26.659763817724642 15.084985744808874
v 18.497443018133239 27.187610408339566 15.462985169373798
v 19.051006869383539 26.788393384035729 15.634644771514608
v -18.091112613956451 30.143751519107401 8.0348673139461084
v -17.714850348135741 29.608626601400715 7.5125636365624686
v 3.183930249817422 24.942031608745477 -0.94302973066931628
v -18.148401933635888 27.139060944233282 0.53725655990131216
v 18.736018239309171 27.449590797860559 14.665870664906574
v 10.948676982389351 17.398905266225192 19.210726475889444
v 18.605675311927829 23.664583470833385 13.85350699633995
v 18.462571678777611 23.856388398531209 13.680264191040287
v 18.437390561928179 24.024279067272321 13.416352333908709
v 18.437334684821419 24.367319142004611 13.588833702782512
v 18.427597138829441 27.299852524072524 15.143088516947714
v 18.428745918792441 26.509206074472871 14.724484452595966
v 19.050000000000001 24.368065298932745 14.428134953220605
v -38.428313334593923 24.130852043964097 13.538865699001402
v -38.425538799956918 24.62500370917607 13.834031576198011
v -38.503228754565178 23.763862759839039 13.759733731768439
v -38.502374738470763 24.41983713330178 14.086288053574251
v -38.788741078438257 23.613696074772712 13.981530799140813
v -38.708322360508987 24.297701708769743 14.272845414541255
v -38.531517080302663 24.513982495037904 13.413774764936512
v -38.51348975257185 25.038068155150278 13.702724697100177
v 18.508062932649811 27.216609408035886 14.805906704339307
v -38.425152027858431 26.913415547429892 15.007776724559116
v -38.537976904433229 26.590695807621675 15.238293002410838
v -38.426985354947867 26.240181675876286 14.696370340116184
v -38.501394058295872 26.276966095113689 14.350894006204705
v -39.049999999999997 27.663653637962238 14.677472804513913
v -38.69172446281592 27.664020594692396 14.805299396350833
v -39.050294299639063 25.734130965183844 15.095059743063054
v -38.730853470780062 26.059128039516427 15.172611921050411
v -39.05014714981953 26.264299043512246 15.367554677687483
v -38.771725469548883 26.86534903073445 15.601674886378799
v -39.049999999999997 26.794467121840647 15.640049612311909
v 19.050000000000001 25.064251848333381 14.772860901383213
v -15.237500000000001 35.489920148326462 -2.4863344896033386
v -15.237500000000001 34.976955944001737 -2.2386543669006382
v 18.552692040291632 24.758699832136717 13.497304629180819
v 18.553749102297299 25.189204323294927 13.711540504689344
v -38.529663895373282 25.401708670507912 13.856680185473081
v -38.511450393626497 25.742858717571437 14.059779938082961
v -40.782181708428951 20.884723669292747 16.398600937435528
v -38.519883343394532 23.976812680387869 13.158793398372481
v -38.482828077397357 27.428417877919081 14.966640576364117
v 20.325730798690639 20.387540158957222 16.841375353503203
v 18.564927618369591 24.301344372223351 13.251456528948976
v -39.049999999999997 23.342658554996952 14.529209426822458
v -3.391105860065908e-16 26.09976927156287 5.5380963899306757
v -3.3246023723715716e-16 26.94526733601414 5.429487614279572
v -3.3260131288170813e-16 26.20704233170968 5.4317919109220361
v -6.3260778299879965e-16 29.868302887519821 10.33126688131167
v -7.3815965028952113e-16 29.892200040226342 12.055059574654701
v -7.5547244147457537e-16 29.750490311942862 12.337798882733484
v -8.6268284687226909e-16 29.353677454496676 11.358047757412272
v -8.6268284687226909e-16 27.934457751030791 10.646730891807216
v -6.4235169978908932e-16 29.353677454496673 11.358047757412271
v -6.519243917192366e-16 27.934457751030791 10.646730891807218
v -6.6001472172476311e-16 27.868236281961149 10.778855994191998
v -7.3882634137568693e-16 27.223140885425735 12.065950595273099
v -7.645966988383145e-16 29.67580568482165 12.486809681442596
v -7.3882634137568693e-16 27.223140885425735 12.065950595273101
v -7.7426131435748043e-16 28.377756135512193 12.644646972349607
v -7.3882634137568702e-16 27.223140885425739 12.065950595273105
v -3.0521272789487831e-16 30.833729714004502 5.0348775807581614
v -3.1416353912414629e-16 30.907824521914982 5.1306800996035058
v -2.6141170361160429e-16 31.727619160792219 4.2691776551406599
v -2.3151489506379222e-16 31.597532943912331 3.7809257891553614
v -1.072733675614434e-16 31.727619160792223 4.2691776551406555
v -2.6141170361160405e-16 31.727619160792226 4.2691776551406555
v -3.3088954048309119e-16 28.337426024636006 5.403835677616204
v -3.2243054494708335e-16 28.220401304646465 5.2656897950448602
v -3.2141653637480035e-16 28.275862284608458 5.2585655337563475
v 4.1592179297894259e-16 28.275862284608458 5.2585655337563679
v -5.8341681089774777e-16 28.594610060979409 6.0107052723052909
v -3.1930939146683155e-16 32.384084337564197 5.2452140443647073
v -3.51418715748412e-16 31.38423659251286 5.7466676115321054
v -3.2117670371247667e-16 32.384084337564197 5.2452140443647126
v -1.860366089345814e-16 32.38408433756419 5.2452140443647108
v -3.7286940465084222e-16 32.384084337564197 5.2452140443647117
v -3.2287134449288778e-16 32.423180809935609 5.2728896215505712
v -6.2676258802915397e-16 28.594610060979406 6.0107052723052909
v -6.2676258802915397e-16 29.095274681558823 6.8666999626377816
v -9.1577199807263583e-16 29.095274681558827 6.8666999626377816
v -9.1577199807263583e-16 29.723011078599857 7.6341937570489993
v 0 29.723011078599853 7.6341937570489984
v -4.9639298317434741e-16 30.238805471743675 8.1067108849713172
v -4.2046418495562033e-16 29.09527468155882 6.8666999626377798
v -1.3896039938511447e-16 28.043478592197278 2.2693958455351138
v -2.4841667791089773e-16 27.594409011825679 4.0569519285272753
v -3.504689032463379e-16 27.976616222160004 2.7800842876337004
v -7.0093780649267561e-16 27.974657773483724 3.6801364778780701
v -5.3308583120310913e-16 27.97465777348372 3.6801364778780696
v -2.2534337661050659e-16 27.974657773483727 3.6801364778780878
v -3.2357091193780076e-16 28.075420333933408 5.2843133808150684
v -22.999999999999996 29.941383355732921 0.50109690688561681
v -23.000000000000004 29.449999999999999 1.5791747996430079
v -23 29.544910468192022 1.2861817486819509
v -23 29.930375288700652 0.51716051239761063
v -23 29.595427938327667 1.1517342133518043
v -23 29.562665134508368 1.227841410122505
v -22.999999999999996 30.3126833587371 3.3708730000000001e-16
v -23.000000000000004 29.972907763896124 0.45509467459102426
v -9.7251622665959429e-16 11.151247790533459 11.492170015206883
v -7.0369242693354754e-16 11.151247790533459 11.492170015206886
v -8.0529178331658522e-16 11.066885286255477 13.151414172500699
v -6.5872579602385096e-16 11.236520966491986 10.757808967031011
v -8.0529178331658561e-16 11.066885286255475 13.151414172500701
v -8.0529178331658798e-16 11.066885286255475 13.151414172500743
v -8.480777078505609e-16 11.95935505740788 13.850163523120306
v -6.2613283422788046e-16 11.298333498922425 10.225487805120725
v -4.5544439532252347e-16 11.819758459527316 7.4379693511925709
v -4.4119103633508485e-16 11.679072348367876 8.0066068348268331
v -3.8510241783771943e-16 11.325178130168119 9.9943054747115649
v -6.1197678173086695e-16 11.325178130168119 9.9943054747115649
v -4.9026375998105355e-16 11.679072348367878 8.0066068348268367
v 3.1749999999999998 13.177486401341774 7.0825484779380625
v 3.1749999999999998 12.797063526948245 8.2262895487027432
v 3.1749999999999998 12.909863014321898 7.8923754729030042
v 3.1749999999999994 12.432805870054285 9.5056686417869116
v 3.1749999999999998 12.562418067733322 8.9844070841291455
v 3.1749999999999998 12.223331863265544 10.289609195545163
v 3.1749999999999994 11.958046144883276 11.323940219794261
v 3.1749999999999994 12.111367732947203 10.701852517171842
v 3.1749999999999998 11.492509966801702 14.396653867554765
v 3.1749999999999998 11.551628888930312 13.953512936218852
v 3.1750000000000003 11.75981601079658 12.413720066425881
v 3.1749999999999998 11.484462386715903 14.74857019630317
v 3.1749999999999998 11.679044898267119 12.787627460581968
v 3.1749999999999998 11.880312418938832 11.682711725132696
v 3.1750000000000003 11.761834900232637 12.404374179456076
v 3.1749999999999994 11.899397447627988 11.566462256076832
v 3.1749999999999994 11.943377245442042 11.38345787851817
v -27.030473454577272 25.95124380688906 9.2258364149031333
v -27.040077095923834 25.992526885492396 9.2565106286898917
v -27.067949048063625 26.259798024378089 9.4198948894150103
v -27.008736092936157 25.886495469627679 9.1708766899359784
v -27.03440705726215 28.432973957515738 10.48679077288763
v -27.13134125459845 27.889747133125535 10.309787853892299
v -27.147225148596586 27.122113310182101 9.9361040187089991
v -27.142354180066373 27.376385580104188 10.059330352580087
v -26.518944145665095 24.567948614789234 7.9346962295064527
v -26.491944552265206 24.528188602946852 7.8785687682030501
v -26.024728204374309 23.849023338159846 6.9922466235491552
v -26.06472110398926 23.907813593241553 7.0743893854946389
v -25.708067156249626 23.482782202092068 6.3851967345310632
v -26.950146326875576 28.957920702727083 10.658606273642915
v -26.993740695331706 28.674460105515262 10.567978501693272
v -26.224081868402319 30.214018948107118 11.412966356207997
v -26.578388678647084 30.396861987140262 11.048157849359651
v -26.647742663209272 30.294604766878276 10.976174695279878
v -26.619247371616584 30.418461587774662 11.005062317270367
v -27.154302855122662 26.942210626843391 9.8526457064145188
v -26.854727355663499 25.263831045171369 8.6988241871741607
v -26.572662789323989 24.660962540268041 8.0535147743016164
v -26.661530353475285 24.855626048435923 8.2710396347803421
v -26.766253828857227 25.081221703417722 8.5159403502374644
v -26.559383088328232 24.624713249465383 8.0173298480284938
v -25.40273676000913 29.682478075240535 12.473496924856931
v -25.617787016784263 29.814855789674397 12.209376854451298
v -26.183045013908309 30.187001729655968 11.466871121598455
v -25.054924907059739 22.522272690081508 4.8468132224780813
v -25.089696694596267 22.574452349889043 4.9291228587483005
v -25.259162484053363 22.828752196360881 5.3310060198211175
v -25.703146723351573 23.475626075689174 6.3751241201290867
v -6.1860438426617679e-17 32.668815365499519 1.0102577623731874
v 0 32.981657328712906 0.80335919798749089
v -4.1484202237520289e-17 33.262754100958674 0.67748837378481108
v 1.3087363520545397e-32 32.66651072899824 -7.0728294569268573e-16
v 0 32.666510728998233 -3.0019920357367561e-16
v -4.9191561851745915e-17 32.981657328712906 0.80335919798749078
v -4.9191561851745909e-17 32.981657328712899 0.80335919798749078
v 0 32.666510728998233 -3.5826517917096693e-16
v -7.3618579896921405e-17 32.460948376634434 1.1477309489547129
v -1.2189505483934184e-16 31.760320623353973 2.0829181638260881
v -7.3618579896921405e-17 32.061111117514514 1.6109512263096979
v -9.8642295880975594e-17 32.061111117514514 1.6109512263096983
v -1.7749320204026241e-16 31.553113374085058 2.8986844759512871
v -1.275419299813335e-16 31.760320623353973 2.0829181638260881
v -3.050814535481585e-16 31.560396448628101 3.6415415903249704
v -1.7749320204026238e-16 31.553113374085054 2.898684475951288
v -2.2298007532350058e-16 31.560396448628104 3.6415415903249708
v -2.2298007532350053e-16 31.560396448628101 3.6415415903249704
v -4.8100318368804232e-16 31.997092380192214 7.8553775095142431
v -8.9154085719536606e-17 32.53057778902793 6.7909672018981455
v -6.4764734462905874e-16 31.997092380192218 7.8553775095142413
v -5.5748376728311172e-16 31.371079093903809 9.1043994788594684
v -3.7190509675919404e-16 32.890088338802073 6.073671604795555
v -5.3492451431721949e-16 31.997092380192214 7.8553775095142395
v -5.4255120984751416e-16 30.605439340853664 8.8605319257662423
v -3.3869724316216473e-16 32.788294945013369 5.5313463009921069
v -1.9165809768926729e-16 30.332511686656083 8.1925547640972702
v -3.4788523789318069e-16 30.33251168665608 8.1925547640972685
v -3.4788523789318069e-16 30.776306704970626 8.519617290447135
v -5.2167619651290182e-16 30.776306704970626 8.5196172904471368
v -3.7190269883968426e-16 33.064063197863639 5.7265568942820479
v -3.5065043756280118e-16 33.064063197863639 5.7265568942820479
v -25.091683747798211 29.421628945232147 12.993943215513516
v -25.267200522336619 29.568817354328747 12.700272842072012
v -23.183352290033127 29.449999999999999 1.2037791429736913
v -23.203059262499693 29.450000000000003 1.5787965376072717
v -23.174999999999997 29.450000000000003 3.0494032499999992e-16
v -23.178394955566116 29.449999999999999 1.0820679689609904
v -23.175000000000001 29.449999999999999 0.31170184538931828
v -23.197962519821541 27.288332452314506 2.8229692304758868e-09
v -23.175521165725691 28.25846109626838 1.5560570560145537e-09
v -23.175000000000001 28.586191661758974 1.1280665244338083e-09
v -23.187158107933232 27.921904166352004 1.9955738278217674e-09
v -23.207303935657652 26.740550960123219 2.8146160388853171e-09
v -24.09350140980365 29.959969049197191 6.3499999999999996
v -24.044500108500689 30.199286366991466 6.3500000000000005
v -24.203808485753093 29.452656861938927 6.3499999999999996
v -23.63991019843095 30.196130987114838 6.3499999999999996
v -23.916321419229284 29.453242698696258 5.5301409370068191
v -23.894448049341594 29.453287283860497 5.4706103611822074
v -24.73710491171445 23.375768786323011 12.94958245151328
v -24.734884001350622 23.231413628953742 12.87723709439814
v -24.713569799256941 23.116265116357592 12.819573812457573
v -24.622479652399967 24.988280189206083 13.75603283810236
v -24.719966428552638 24.409402330263919 13.466974026526138
v -24.626055450175926 24.967148164421452 13.745441408461847
v -24.725491247013629 24.065297025751349 13.295198933727853
v -24.400250091042913 26.076332148338775 14.301367508481896
v -24.203785649462709 26.902087579581181 14.715238429011867
v -24.231416742790785 26.785951930792489 14.657030918589317
v -23.400499242329758 22.537778985842856 1.0849356689245052e-08
v -23.394988858281522 22.632493076144037 1.0318674963606811e-08
v -23.388469599560249 22.74454799976586 1.0060841524098935e-08
v -24.575048045997981 22.48313966112422 12.665841484431422
v -24.625602333425359 22.54858872139738 12.535257492395784
v -24.248092819855295 21.899506928246208 13.83030575364786
v -24.22900612797833 21.865436152644371 13.898283779172896
v -24.044900385256408 21.61005243927703 14.407825469354695
v -20 30.954061170784772 9.9364338025545127
v -20 30.584660495538415 10.673462182256317
v -20 30.776633341949687 10.290437879070593
v -20 30.826502124028089 10.190939664692612
v -20 30.398435841032768 11.045017690555754
v -23.683040281538467 21.004134472696421 0.47532761065652152
v -23.574657104433467 21.034369999999999 1.1878785630389113e-08
v -23.402511600346561 22.503189988166973 1.0866412971243138e-08
v -23.999722427801771 20.7687477561355 1.6228718236031372
v -23.742117797597526 20.979208249303255 0.72993160876613461
v -23.908582694531251 20.823032523839142 1.393828417869684
v -23.825664160830542 20.900012000593037 1.0666365280382868
v -24.107554812931767 20.651655379609789 1.9128863054125962
v -24.474622987165812 21.464182287117726 3.2106695593812495
v -24.354054845083045 21.194702365806478 2.869898211555991
v -24.028204229633594 20.746585741291966 1.692388702673453
v -24.023473367110697 20.751372929613332 1.6812803938024845
v -23.711204457899512 20.947632071308256 15.729486860581126
v -23.782668945622579 21.049012199685286 15.527213186653551
v -23.662224042023382 20.846388039192451 15.931488995192199
v -23.687728323438062 20.899106176440792 15.826305746023458
v -24.487583463729383 21.492415789884397 3.2471745898656521
v -24.493290292060852 21.506548381927811 3.2635409819038892
v -23.444126515962061 20.337623665234862 16.946575883829254
v -23.550739149147571 20.58632299969382 16.450370869200821
v 4.6483749134607718e-16 35.553672227481343 0.75928793215145185
v 0 35.55367222748135 0.75928793215145163
v 0 35.553672227481343 0.75928793215145152
v 7.3413661230661691e-16 34.76110741962048 0.50257661121440744
v -3.0773944743866987e-17 34.76110741962048 0.50257661121440744
v -2.8610019293511181e-17 34.217768838485036 0.46723702999360311
v 0 35.934229452462603 1.2332441995026636e-16
v 0 35.490736976522392 0
v 0 35.092341447691872 9.4708086876188211e-17
v 0 34.745311488996123 -5.4852579203332051e-17
v 0 34.421258203421331 1.1304382848100448e-16
v 0 34.086631208872866 2.9269694598091249e-17
v 0 33.729109082633649 5.5340736548114529e-17
v 0 33.186716147114488 2.0149360625543292e-16
v 0 33.081835486533208 7.1125568698873203e-17
v 0 32.900992165333527 0
v 1.2389426731399392e-16 33.587568158551669 0.53204161957554863
v -3.2578156318680008e-17 33.587568158551662 0.53204161957554863
v -23.3176515707748 20.096516557081792 17.427632885402595
v -22.999999999999993 25.95324780986023 17.738362467105581
v -23 25.383583197347804 17.784068077907136
v -22.999999999999996 24.913591685501405 17.817113368324687
v -23.193439081498916 19.959410041962499 17.701187860885042
v -23 20.532546144619218 18.082240711515901
v -22.999999999999996 19.784328867062076 18.050509893216269
v -23 21.217368405624523 18.069234601130344
v -23.000000000000004 21.446337268754032 18.06488603584809
v -22.793508573038253 26.984862944328562 17.852298069477754
v -22.849121284176704 27.019698085185475 17.783732674629597
v -23.000000000000004 27.114206718381404 17.597712994724901
v -23.000000000000004 26.58216617031993 17.662169386609857
v -22.999999999999996 23.201807707776819 17.927190604989459
v -23 24.607780348199693 17.836778739299643
v -23 21.930965106350019 18.037643964578614
v -23.000000000000004 23.137810938633169 17.932752787235184
v -23.175000000000001 13.781469120192291 5.4433228875408002
v -23.175000000000001 13.947792563135421 4.7851157019077659
v -23.175000000000004 13.573335944528644 5.9707835115956458
v -23.174999999999997 13.505493107266636 6.1401208196140269
v -23.175000000000001 13.680443001828003 5.6929572632583625
v -23.175000000000001 13.321409634087635 6.6948695242514509
v -23.109984925848124 13.935845272087089 4.7798388486482537
v -23.036391922232809 13.828989382941442 4.7246468399338823
v -22.441855194122411 13.287559377972343 4.4484829871661704
v -22.849613232328615 13.636426646664395 4.6260391345889609
v -23.175000000000001 13.222634791466108 6.9925345728773802
v -22.4344977543916 13.281354538929719 4.4450415609836362
v -22.003141947542449 13.061658639796249 4.3238208369152531
v -22.338927525939837 13.217102991030812 4.409476881004716
v -22.089600336539931 13.102795142698517 4.3464975614948687
v -21.439304049143864 12.85776119596666 4.1641984450062193
v -21.653846091713554 12.905566550751667 4.2020968042844524
v -23.175000000000004 14.036057830683978 4.8142371141058229
v -23.124431940067851 13.957754680915679 4.788369200037109
v -22.940614900309313 11.573957255910443 17.570846134422748
v -23.073253041123653 11.544860497343235 17.215668995295808
v -22.815161174279655 11.631544952511286 17.884477642624343
v -22.937381625164107 11.574574411970362 17.578888428235739
v -23.14812812119888 11.476676338212329 16.669229625207734
v -23.162085990025954 11.476561310075596 16.568068595544247
v -23.152468994417109 11.475133355529664 16.637684513840568
v -23 21.723792412721071 18.046618239656155
v -22.547397490692756 26.857887647885271 18.101489524997557
v -20 31.409780603783133 0.021088933468310957
v -21.864253771546057 30.318472404925206 0.0085805884585339783
v -20 31.744013530049131 0.02266506789165643
v -20.825289085416966 30.306644505849963 0.012627767173840725
v -20 30.578763083716254 0.017170123510197578
v -20 30.301683042564793 0.015863503615623702
v -21.587499999999999 30.323736849693827 0.0096983368222273766
v -20 30.674819927018763 0.017623096528201414
v -22.382389616969196 30.310162148595396 0.0046660604206619971
v -23 30.20223291090511 6.3500000000000005
v -23.559449189528159 30.195503475053798 6.3499999999999996
v -23 29.904431212008475 5.8933777682563067
v -23.000000000000004 30.019853081203319 6.0979919303326398
v -23 29.452861377960978 4.9478791615849236
v -23.000000000000004 29.669017537999014 5.4760480890129104
v -23 29.516362248626169 5.1437410529564609
v -23.80743187694868 29.452947894054397 5.2351464456563983
v -23.724003064139783 29.452483695057754 4.9233902379614127
v -23.831081840531223 29.453038240466288 5.2979681822582636
v -22.803692679961273 11.634533184779476 17.9032618491146
v -22.564278300886496 11.738145604978026 18.296258641457356
v -22.297047449637802 26.752147913068761 18.308240305618227
v -22.288562952517697 11.82057038487825 18.611091776246472
v -22.522009879102917 11.755943216226642 18.363793620887897
v -21.828898923488048 26.617831089434034 18.568335779420341
v -21.647114550565419 26.563225055426081 18.674220673010208
v -21.442405561390242 12.047678989553042 19.264766318167688
v -21.518617865139934 12.028248181177704 19.212529491531118
v -21.519186145685758 12.028112029063438 19.212140106358152
v -22.125677094054993 11.878215942261992 18.783017428893466
v -22.062447397224627 11.899923012948092 18.845713605581512
v -22.26833891111098 11.826136785805978 18.632394826879874
v -21.441777269189249 26.532568383274256 18.733893461495835
v -21.57521661655759 26.552120306338015 18.695164593336074
v -20.921667580290649 26.470148336759017 18.856964167685359
v -21.433804941320531 12.04923813227273 19.268979460815221
v -20.845032318029897 12.13451518867946 19.500446286927463
v -20.704511592113626 12.147509483317432 19.536158565153901
v -20.34948010633877 26.457650131463101 18.878759945741603
v -19.999999999999996 26.453840569484129 18.884338814992805
v -20 16.27445235515173 18.426442596229816
v -20 15.326652098178801 18.547162411704242
v -20 15.261843389239271 18.474764683480291
v -20 16.26961637997135 18.296387585761298
v -20 16.320211981625611 19.657066922888319
v -20 16.37027356198071 18.414238001092993
v -20 16.787380216714752 18.902590560907839
v -19.999999999999996 15.217242263723165 18.561097768789661
v -20 15.687342084881433 19.660186518276742
v -19.999999999999996 15.10413769089277 18.780030959870707
v -20 14.646784677112819 19.665315721146669
v -20.155834873682199 12.174291176913481 19.612016444274396
v -20.000000000000004 12.692773114576173 19.454262484876587
v -20.000000000000004 13.588499431649494 19.116231995190677
v -20 13.620050000000001 19.655100000000001
v -20 12.497687225967869 19.63243389731873
v -20 13.56182020801892 18.660564133745069
v -20 12.294663811702696 19.38224166467074
v -20 11.817396669312927 18.555570335136466
v -20 12.615180755922704 18.603587562526545
v -20 11.955953911051008 18.964838644577004
v -20.000000000000004 12.432738011276944 19.552394907278735
v -20.000000000000004 12.178622667829959 19.622554289814918
v -20 12.19552858316068 19.623077769479767
v -20 12.241655118767595 19.62450604490455
v -20.105020334680447 12.175415877581733 19.615443709704152
v -5.479436434456602 26.067126434456608 -3.355187227227479e-16
v -4.0258303028441755 26.067126434456608 -3.4816939965758295e-16
v -5.5451886274531894 26.93769 0.43632888215970056
v -3.7087450414927829 26.937690000000003 0.43779401809127433
v -4.6616591198380313 26.937689999999996 0.43632888215970095
v -4.656743242906467 26.937689999999996 0.43632888215970089
v -4.64970620406985 26.937689999999996 0.43634595662179809
v -2.416286374282107 26.0671264344566 -3.0130082194349145e-16
v -2.1217673702732749 25.77323138430101 -3.6623491299313528e-16
v -3.0348649673532653 26.064870251284148 -3.109413274905303e-16
v -3.7719742069350746 26.067126434456608 -3.9232940587961611e-16
v -2.3765622606547314 26.067126434456597 -3.7900640354068619e-16
v -2.6717436700583669e-17 26.93769 0.43632888215970095
v -2.5544773935452598 26.937689999999996 0.43865758580605063
v -1.4714625798854521 26.93769 0.43666834366554796
v -1.317933324234581 26.93769 0.43632888215970228
v -1.5862593502388764 26.067126434456597 -3.8588437865574756e-16
v -2.8248687103283432 26.93769 0.43915423072261794
v -3.1393544072457442 26.93769 0.43867026322372543
v -20 13.473748407053607 1.9557988569984808
v -20 13.51107237445852 1.8582004032331658
v -20.000000000000004 13.613657183590238 1.5899513545067003
v -20 13.332217607749914 2.3258877873191905
v -20 12.376098814655268 5.2844909338756869
v -20.000000000000004 12.241424565871307 5.7662371558246743
v -20 12.64593473213989 5.4668584652049157
v -20 12.735835367573566 4.0906292100635042
v -20 13.040214560300313 3.1814132086101643
v -20.155912590457795 12.737605996411995 4.0923464717450546
v -20 13.28729314487447 2.4433607790114715
v -20 13.282505656994029 5.795627793874079
v -20 12.788149649976164 6.1392281105343836
v -19.999999999999996 13.26105159878824 5.9646466508343323
v -20 13.116337329787195 7.1047312025671747
v -20 12.972191110071027 7.0093470342914586
v -20 13.069842366069951 7.4710267326024571
v -20.000000000000004 11.868212407605876 7.226414391812007
v -20 12.062236776119631 6.4072137457200249
v -21.272897030919701 12.819648866255564 4.1378072302546141
v -20.932588573344667 12.756914311642106 4.0953593610696188
v -20.518804702718974 12.743410190928515 4.0913161646298555
v -20 13.501987703437859 5.8757001431072329
v -20 13.887012059086478 6.0161663232266891
v -20 14.126712102525641 6.1036146858624676
v -20 13.27288602721517 7.2083223153151659
v -20 13.92741714611291 6.3614689084341185
v -20 13.739637497969721 1.776018299734885
v -20 14.389534214716171 9.4751950000000011
v -20 15.081250000000001 9.4751949999999994
v -20 13.49375 9.4751949999999994
v -19.999999999999996 14.244811570182527 8.6417670411945569
v -20 13.80629470779129 8.2048284686755384
v -20 13.372603751308505 8.9024346911308854
v -20.000000000000004 13.453665783216755 7.8534687100283334
v -19.999999999999996 13.160916548705421 7.901611067979851
v -20 13.493713982768675 11.062713978466068
v -20.000000000000004 13.49373654836613 10.068097987676182
v -19.999999999999996 12.5044317636396 8.0095694220473508
v -20.000000000000004 13.117863606029118 9.3121926254380387
v -20 12.211842844966975 8.9192985547178179
v -20 11.939842116789416 8.5473301671421424
v -20 11.756586532369599 8.7218775754592723
v -20 12.810585972209635 9.7380960524476219
v -20 11.472096638225656 9.1415786756565414
v -20 12.721563370570598 9.7723544950916637
v -20 11.353054930792759 9.8071203830047455
v -20 11.294044442122546 10.321704597572557
v -20 12.866451417307804 9.7165974317440895
v -20 11.662333500656905 10.179976436904035
v -20.000003429081175 11.244457561331968 10.754112264483938
v -20.000000000000004 14.268575440313363 2.2614985932928646
v -20 14.2871133275106 2.2785134039123909
v -19.999999999999996 15.060560997373051 6.295934246554423
v -20 15.081250000000001 6.3001950000000004
v -20 13.389071883169045 7.2852046037122102
v -19.999999999999996 13.994283892020009 6.9329132963901481
v -20 15.042733655076022 6.3226151987206034
v -20 14.947961755745521 2.6178791217593069
v -20 15.312520843178536 2.7041180541666812
v -20 15.531452139989829 2.755907741924875
v -20 15.081250000000001 7.8665936971276711
v -20 14.089761121737022 7.7488633827780262
v -20 16.102993433751049 2.78834570745056
v -20 16.153417520336458 2.7777626471777586
v -20 16.747139067724991 2.6531517449925359
v -20 17.365982784862471 2.32923507096808
v -20 17.462886672489429 2.278513403912374
v -20 17.500375468871749 7.9634459377434927
v -20 17.792888709707757 9.4751949999999976
v -20 17.16716688715449 8.1142774142281198
v -20 18.256250000000001 9.4751949999999994
v -20 16.668749999999999 9.4751949999999994
v -20 16.668749999999999 8.5846878074989288
v -20 16.668749999999999 8.0550949280819619
v -20 16.668749999999999 6.6257140990778209
v -20 16.668749999999999 6.3001950000000004
v -20 17.930534195785789 7.7687286361397572
v -20 17.61326494972554 6.1065148605593604
v -20 18.365522668506355 7.5718250832477496
v -20 18.46749434300607 5.7956277938740328
v -20 18.077930772885249 1.7341449878274049
v -20 17.799030144598731 18.84112986543558
v -20 18.898691891160251 18.853076354219819
v -20 18.27336905642975 19.621639060863881
v -20 19.167160920068781 19.589227662569879
v -20 17.82715774996451 19.634557870196051
v -20 18.31562946982385 1.3251534764790409
v -20 19.508361519049078 7.0545032594130248
v -20 19.680912856556514 8.532309071380201
v -20 20.057292472587399 7.7184070942052498
v -20 20.359119254720682 8.0834511071355557
v -20.000000000000004 20.163454560372553 7.4888369223119033
v -20 18.527338495757945 5.7623517073097101
v -20.000000000000004 19.954132527913707 6.852718842293342
v -19.999999999999996 19.751973908621871 6.2383699787144149
v -20 19.430145074226399 5.2603499498361632
v -20 18.341204997378753 1.2646041612243757
v -20 18.527491684951681 0.82357586378699921
v -20 18.256250000000005 10.482985532143347
v -20.000000000000004 18.4941232045337 11.000349343929315
v -20 18.545868160735871 10.986786101386386
v -19.999999999999996 19.162223582199623 9.6539485225025103
v -20 18.881022789549618 10.898936311694316
v -20 21.009053610898469 10.018338146636818
v -20 21.711684867095119 10.156971120636539
v -20.000000000000004 18.373971944461523 11.031843054656026
v -20 18.256250000000001 11.017159458955597
v -20 18.256250000000001 11.0627
v -20.000000000000004 21.491128018649437 9.8188514500026045
v -20 18.533227953839631 11.181384799831152
v -19.999999999999996 21.305764507920014 13.337144455347149
v -20.000000000000004 18.708166109572968 12.583615970876616
v -20 19.24923954009012 14.4045893870891
v -20 18.835119800592466 11.31074517998351
v -20 21.504324878696533 13.234081149651491
v -20 21.667841994626322 12.524564048653579
v -20 18.339212386121712 11.341908497687273
v -20 18.456682266867979 11.14858504299047
v -20.000000000000004 18.279641228322465 11.141422780579054
v -20 18.363889269607821 11.108823328554779
v -19.999999999999996 22.28445018695728 12.829154966185172
v -19.999999999999996 22.31854203348302 12.803388420020498
v -20 22.32705985735755 12.807038299758331
v -20 16.845785319453338 13.799683018542328
v -20 17.398445974554885 14.260724022018845
v -20 18.932271470052001 14.379950914187091
v -20 16.608008717609927 13.470505332730372
v -20 18.174515207742896 11.182100885518949
v -19.999999999999996 16.763718819941953 14.211385589295263
v -20 16.397722575280827 14.182936072108141
v -20 16.134335681915591 14.16246255616648
v -20 16.407278532331691 13.763738620669884
v -20 18.516794041180042 11.049657421679056
v -20.000000000000004 21.963532379768033 11.241533928743719
v -20 22.325067129986554 12.798456765756475
v -20 15.874980545355237 11.062706989237864
v -19.999999999999996 18.533938650122909 0.78131514970737792
v -20 18.653130000000001 -3.5527136788005009e-15
v -20 21.016271832257036 2.8651777117388299e-16
v -20 21.034369999999999 3.159206e-16
v -19.999999999999996 19.642789024106953 -1.9448837981566327e-15
v -20 19.922067280168022 -1.4911599254174348e-15
v -19.999999999999996 20.838278552480769 6.2397764899633676
v -20 20.222353060992212 4.6153964824613061
v -20.000000000000004 21.209608827377288 5.7523579171253436
v -20 20.30560510164791 4.5476192154002586
v -20 20.482758923713153 5.9924949890769339
v -20.000000000000004 21.670428105262154 6.3664779730144607
v -20 22.380026496198699 7.3121385050585737
v -19.999999999999996 21.156069283252258 6.4608156746221033
v -20 21.3062108384343 7.7219779732647025
v -20 20.590917802908773 6.5644691737638698
v -20 22.280733752982091 4.3463691845475223
v -20 22.065655760648017 4.628686612345609
v -20 20.909801731083871 3.868356801235441
v -20 23.24638874768392 4.6830708138781301
v -20 22.757344067163981 6.1671285124845339
v -20 22.795135823975809 16.79393028094832
v -20 21.096670044770406 18.758153073466278
v -20 20.258414657263231 17.82320435812813
v -20 22.617339744264118 17.226987191987117
v -20 21.708523940708329 19.440584731535289
v -20 20.640499172834009 19.217472592666368
v -20 21.236642580051992 19.469228498608768
v -20 20.33294874969139 18.513067927589606
v -20.000000000000004 20.400540000078749 19.138670785792158
v -20 20.420659239335844 19.324887988639688
v -19.999999999999996 20.533749026497595 19.511894984094557
v -20 20.441469006171811 19.51749649249928
v -20 20.762709096391873 19.497996832020792
v -20 22.827868789621785 17.015005003205843
v -20 23.165074374999872 19.29245312499889
v -20 22.446554362280374 4.128708384458375
v -20 21.12772192157248 3.5518738422083964
v -20 21.873592546539122 3.731590543645845
v -20 21.28491685397519 3.3235814694855161
v -20 22.255707203281037 1.7245566697189233e-09
v -20 22.613307164298572 3.9098239619611692
v -20 22.640156811675833 3.7827690902097038
v -20 21.7364368965005 2.440674507229863
v -20 22.67345889127181 3.8322252766643934
v -20.000000000000004 22.717706088574648 3.8979358168605254
v -20 22.869845737831362 4.1238750660628387
v -20 22.017622178744983 1.5417684991449985
v -20 22.081660031301691 1.3370493547125779
v -20.000000000000004 23.009405075633815 2.0354541194601978
v -20.000000000000004 23.083022342611965 1.6870907952355749
v -20 22.207799159464155 1.3811432072868066
v -20 23.56952127243083 1.8571539025477171
v -20 23.344324968724898 3.8265812869007179
v -20 23.271965074446786 4.4593961021309694
v -19.999999999999996 23.45965266988463 2.8179966471854847
v -20 22.1752 0.79374999999999996
v -20 22.557789092277261 1.0855383717649525
v -19.999999999999996 23.119597940838215 1.5140118762995372
v -20 22.90326041195096 0.79374999999999996
v -20 23.762695000000001 0.79374999999999996
v -20.000000000000004 23.271806015438898 0.79374999999999984
v -20 26.557756381900091 18.674187190422149
v -20 24.57941249999973 19.15147999999828
v -20 25.19281501460938 17.72316499645347
v -20.000000000000004 23.476620679806302 17.058043757264301
v -20 24.16170560109526 18.599567398443735
v -20 22.97730952735116 16.864532774430273
v -20 22.904247707414829 16.938098892018154
v -19.999999999999996 24.414300948650631 19.167937373914707
v -19.999999999999996 25.350190000000005 1.1267195572966644
v -20 25.350190000000001 0.79374999999999996
v -19.999999999999996 25.350189999999994 1.2901808870865141
v -20 25.350190000000001 1.4592324534769161
v -20 25.350190000000001 2.3812500000000001
v -20 24.786338886664467 1.1304782555668904
v -20 24.793529309901295 1.1261841810921567
v -20 24.782544749739007 1.1327440897172119
v -20 24.906745153336779 2.250732902702075
v -20 24.772611308707571 1.138676276763013
v -20 24.086511916119328 2.0093173985318176
v -20 24.751739963684933 1.1511405096688179
v -20 24.107872158672638 0.79374999999999996
v -19.042510373201928 24.11702734465451 0.79374999999999996
v -19.679728238950471 24.937708063659084 0.79374999999999996
v -20 24.93770806365908 0.79374999999999984
v -17.872125013645537 24.937708063659088 0.79375000000000007
v -19.256344850517806 24.93770806365908 0.79375000000000007
v -18.373595770823567 24.121338580484572 0.79375000000000007
v -18.591622363483303 24.121338580484576 0.79375000000000007
v -20 24.771101937668298 1.1261626112532284
v -20 26.93769 2.3812500000000001
v -20 25.722290407648739 3.4802643023503603
v -19.999999999999996 26.71899995216485 3.2508048888441201
v -20 26.568140946346006 3.850650137105383
v -20 25.809751000967122 3.7385828663001468
v -20 26.276741079891917 5.009313647365734
v -20 26.245709299400048 5.026204151731271
v -20 26.26107755148367 5.0715949346888962
v -20 24.972351534297502 2.7946523799445546
v -20 25.073076103266015 3.6297244277631684
v -20 26.181223493049675 5.0613035812970848
v -20 24.945410250361938 4.9020356485683818
v -20 24.108755768113763 3.7395337974217626
v -20 23.593679308218285 4.7278285877244466
v -20 23.373437914675485 4.5440631882076357
v -20 27.297716408094363 17.183773893292202
v -20 27.235290806720787 17.306872895871383
v -20 27.27678747199916 17.164177164266029
v -20 27.18005093383864 17.190124986929384
v -20 27.178121181153308 17.419607474799434
v -20 27.061670091838714 17.221878501716688
v -20 26.704501079299053 17.317682614355562
v -20 26.93769 1.1282463576254338
v -20 26.93769 0.43632888215970095
v -20 28.320858210205127 1.129576638997456
v -20 28.143651307097617 1.7894541814615348
v -20 27.7664564952197 1.9745532481811621
v -20 26.937689999999996 1.7398171856434614
v -20 26.94608374362576 2.3771309769846085
v -20 26.93769 2.3723032089007017
v -18.412500000000001 26.93769 1.190625
v -19.418228157120399 26.93769 0.43632888215970117
v -17.292091347363165 26.0671264344566 -5.9595977049975925e-17
v -17.678278248048329 25.335537772967079 2.3946153961916375e-17
v -19.346483170674443 26.067126434456604 2.9797988524987947e-16
v -19.053661033376361 25.335537772967083 2.5223153888352021e-16
v -19.485786549432795 26.067126434456604 3.3983925001385097e-16
v -17.28864692535943 26.0671264344566 -2.4840946771126324e-17
v -18.37347048751694 26.937690000000003 0.43632888215970123
v -17.987537562032983 26.937689999999996 0.43632888215970123
v -17.4067718428796 26.93769 0.43632888215970117
v -19.999999999999996 25.335537772216984 1.4965829563838807e-09
v -20.000000000000004 26.067126436079104 8.1320045077932995e-10
v -19.999999999999996 28.069423187269713 4.3173135030392062
v -20 28.013167939243253 4.0641817540798009
v -19.999999999999996 27.921182719531643 2.9740420603500737
v -19.999999999999996 27.967612226816946 3.002027059870763
v -20 27.965969726781378 2.9637313329443149
v -20 28.070795379659167 2.0607528132245081
v -20 27.323067266861646 17.133783739251044
v -15.237500000000001 23.69372654310266 0.5713701025330844
v -15.237500000000001 23.360420567291381 0.39779890106884819
v -15.237500000000001 23.533065189207363 0.053338280256545259
v -15.237500000000001 25.340436496399008 -5.5838929781175335e-18
v -15.237500000000001 25.12676037047083 0.41655275952028431
v -15.237500000000001 25.011245060294478 0.64702895400050198
v -15.237500000000001 23.552083353332272 0.01539323135508076
v -15.237500000000001 23.559798483732653 1.4069985455533175e-15
v -13.661427023419961 26.926262976580045 -6.0558669058754158e-16
v -14.5205635655434 26.067126434456597 -2.8273565786143366e-16
v -13.98518920215386 26.0671264344566 -4.7340988908964855e-16
v -14.485315518207882 26.067126434456597 -2.6109860481805569e-16
v -13.671184258817039 26.0671264344566 -4.4073183988785034e-16
v -13.661297246426512 26.937689999999996 -6.0800568837540899e-16
v -15.954436434456602 26.067126434456604 -4.4742116499473886e-17
v -16.76023953411859 26.067126434456604 -2.0707807127522677e-16
v -16.705817290382665 25.335537772967083 -3.1143615059165706e-16
v -16.560697316045474 26.067126434456604 -2.2178827439163283e-16
v -15.245668349285939 25.340393557282152 -1.6511178631030343e-17
v -16.169388845854577 25.335537772967083 -2.325192463690764e-16
v -15.508122727341794 23.559798483732656 1.0438419098932291e-15
v -16.23018335938254 24.121338580484572 0.79374999999999984
v -15.570708675799864 24.93770806365908 0.79374999999999996
v -15.237500000000001 24.937708063659077 0.79374999999999996
v -15.237499999999999 24.121338580484572 0.79374999999999984
v -17.32005219515526 24.93770806365908 0.79374999999999984
v -16.969498763327575 24.937708063659077 0.79375000000000007
v -16.728880192013488 24.121338580484572 0.79374999999999984
v -15.237500000000001 24.088414577687178 0.77690640052368387
v -14.455170861343468 26.93769 0.43632888215970222
v -13.662878834354464 26.93769 0.43632888215970245
v -16.16718049728852 26.937690000000003 0.43632888215970128
v -15.717081226467711 26.93769 0.43632888215970139
v -16.243228157120395 26.937689999999996 0.43632888215970117
v -16.824999999999999 26.937689999999996 0.43632888215970106
v -6.3500000000000005 26.103043880767874 0.018001924063116282
v -6.3499999999999996 26.93769 0.43632888215970084
v -6.3499999999999996 26.937689999999996 0.014728592991019482
v -6.3499999999999988 26.8744949099008 0.0013630126432192017
v -6.3499999999999996 26.93769 -3.8882539999999999e-16
v -5.6588846733186013 26.074530055214563 0.0037107153309787378
v -4.7625000000000002 25.333438833542964 0.0041878048041955338
v -4.7625000000000002 24.93770806365908 0.79374999999999996
v -4.7625000000000011 25.14947987621769 0.37122279228897653
v -4.7625000000000002 23.467944346647087 0.47056289542608892
v -4.7625000000000011 24.115725834193018 0.79375000000000007
v -4.7625000000000011 24.020882529434211 0.74621427166991428
v -4.7625000000000002 23.559798483732656 -1.4744933696500607e-15
v -4.7625000000000002 23.35273682383119 0.4131295091879234
v -4.7625000000000002 25.335537772967079 -3.0129942110234682e-16
v -4.5347702894218598 24.116852457974581 0.79374999999999996
v -4.4531375733744634 24.93770806365908 0.79374999999999984
v -3.8389066650897576 24.118736098726856 0.79374999999999996
v -3.5066898302911631 23.559798483732656 -7.5875553894035583e-16
v -3.6281720244941251 23.559798483732656 -8.6844369187784561e-16
v -4.7456877847659849 25.335537772967083 -2.9171744864244163e-16
v -2.3730330843985459 25.335537772967079 -3.5050625332513824e-16
v -3.1333665222533571 25.335537772967079 -4.3320326293698074e-16
v -2.3812500000000001 24.119061619404413 0.79374999999999996
v -3.0356054577511093 24.120910563431714 0.79374999999999996
v -3.7527419779811986 24.937708063659084 0.79374999999999996
v -2.3812500000000001 24.937708063659084 0.79374999999999996
v -3.0206015565195909 24.937708063659084 0.79374999999999996
v 0 12.369019832060388 19.629016548932757
v 0.35906407573325938 12.168702152627171 19.580782453974599
v 0.2391768499403521 12.175413665402456 19.594697499866207
v 0 12.18746053377234 19.622409366636504
v 0 12.369019832060395 19.629016548932757
v 0.65558800322814892 12.151517156443388 19.545064293124842
v 9.2096918585121183e-32 12.369019832061012 19.629016548932764
v 0 12.563029881167569 19.472063126862359
v -4.1539208846060922e-19 13.661318523812747 18.58355162099938
v -2.5793669056070178e-16 12.74079249791636 4.0936446261318968
v 0.13033921884401345 12.736897577089673 4.0928281523264136
v -2.4887613837223346e-16 12.749710740868743 4.0644554817697394
v 0.35552438210148402 12.731986566861325 4.0854666685966174
v 0.64571051206185992 12.738431060123 4.0870627017113819
v 0.63536921682748393 12.737462953338582 4.08636511888517
v -2.1512175776811493e-16 12.918135869590381 3.513205036730318
v -1.7763568394002505e-15 13.146836752965116 6.5917417277903736
v -1.7763568394002505e-15 11.838009193271777 7.3642019321815502
v -1.7735259149370035e-15 14.024172792364837 6.0739445807978116
v -4.5092731169946652e-16 11.838009193271766 7.3642019321815972
v -1.7991488513005645e-15 14.024172792364881 6.0739445807978303
v -9.7463373086807158e-17 13.604121326684661 1.5916977447435432
v -1.1751671445980332e-16 13.487069124548009 1.9191936783008061
v -1.7763568394002505e-15 13.604121326684663 1.591697744743543
v -1.7899489655656397e-15 13.774681914593208 1.859513554942511
v -8.6961773591232142e-16 12.408656277195993 14.201938950935787
v -7.2151227504572962e-16 13.618301196053352 11.783194498417695
v -7.5978736609812056e-16 13.072430933464945 12.408273744355228
v -7.0645386830955792e-16 13.833060702467765 11.537272114943493
v -6.7739469999999989e-16 13.911247109151212 11.062699999999998
v -1.0607995686657801e-15 13.49375 11.0627
v -1.0607995686657799e-15 13.493750000000002 11.0627
v -1.0607995686657803e-15 13.49375 11.062699999999998
v -1.455936682625754e-15 13.493749999999999 9.4751949999999994
v -1.1341505301593651e-15 13.49375 10.248283346335866
v -1.7059177079170238e-15 15.081249999999999 6.3001950000000004
v -1.7763568394002505e-15 14.952319533624017 6.2725995019088456
v -4.5336748582497039e-16 11.828149900015511 7.4040520898229261
v -1.6985552079563622e-15 14.829914720558962 2.5908337368958456
v -1.6985552079563622e-15 14.288731581047349 2.2796255667793655
v -1.7763568394002505e-15 14.288731581047349 2.2796255667793646
v -1.7763568394002505e-15 14.236469255261964 2.23691368062949
v -1.7763568394002505e-15 13.774681914593209 1.8595135549425117
v -1.7763568394002505e-15 14.288731581047351 2.2796255667793655
v -1.7440418663883107e-15 15.423188629583478 2.7407301277934382
v -1.7763568394002505e-15 15.069520328442426 2.6513724110465589
v -1.272866332921782e-15 15.081250000000002 8.4774179285265099
v -1.7021134582838719e-15 15.081250000000001 6.3001950000000031
v -1.453039789586595e-15 15.081250000000001 7.5198970329214871
v -8.51014981756887e-16 15.081250000000002 9.4751949999999994
v -1.84414030561887e-15 15.081249999999999 6.3001950000000013
v -8.1559929499746993e-16 15.081250000000002 9.4751949999999994
v -1.0414748039302631e-15 14.45163420123648 9.4751949999999994
v -3.5081564065096816e-16 15.081250000000001 9.4751949999999994
v -1.8563934667313635e-15 15.979901781468698 2.798159893629347
v -1.7763568394002505e-15 15.423188629583478 2.7407301277934377
v -1.6857424915440964e-15 16.802038244254458 2.6178791217593127
v -1.7763568394002505e-15 16.617747044999025 2.6582910985472608
v -1.7763568394002505e-15 15.979901781468701 2.798159893629347
v 0 17.191874462119458 19.648768954770606
v 0 17.191874462119461 19.648768954770606
v 6.0918342908386304e-17 15.840790150117252 19.665590367827889
v 0 17.859018765425496 19.631621370687423
v 9.2532093244563274e-17 18.378663216623771 19.61826496956682
v -1.2098734528916492e-15 17.462886672489429 2.2785134039123744
v -1.6857424915440954e-15 16.802038244254462 2.6178791217593127
v -4.9918358833111644e-16 16.668749999999999 8.1522861722911877
v -7.8171424431934504e-16 16.668749999999996 6.3001950000000013
v -7.3429293751470832e-16 16.668750000000003 6.902811811513426
v -4.1407787405868537e-16 17.327880920425045 6.7624043703932273
v -7.0474191382791859e-16 17.613264949725526 6.1065148605593613
v -1.2332983491988576e-15 16.668749999999999 6.3001950000000013
v -3.7624362170170172e-16 17.632603200489481 6.1445251149665348
v -4.0538411951784037e-16 17.395212657978785 6.6204248066986056
v -2.1676846674976752e-16 18.136724734135122 5.9246254922126207
v 0 17.613264949725533 6.1065148605593622
v -3.6764371804671449e-16 17.671057370004483 6.0864334194766903
v -3.1030107449633597e-16 18.298544083534878 5.8683972582102708
v -5.4702431367505793e-17 18.297556872616358 6.0568526363421533
v -1.0462751572163832e-16 18.216322241432117 6.1045292077738909
v -3.0365002036872878e-16 17.778895399296552 6.1188000002255505
v 0 17.613264949725529 6.1065148605593613
v -8.4990182793460944e-16 17.949063135051734 1.8477896959843687
v -1.3147218999717783e-15 17.462886672489429 2.2785134039123731
v -1.3147218999717787e-15 17.462886672489429 2.2785134039123744
v -9.9885506917996915e-16 17.949063135051738 1.8477896959843545
v -9.9885506917997665e-16 17.94906313505173 1.8477896959843683
v -0.031689404091326992 18.30529732776791 1.344183227627922
v -6.9189758164514635e-16 18.851600814725938 2.2271203926329499
v -5.2878581334409046e-16 19.034124590714853 2.3038339444990643
v -4.1961702621266173e-17 18.399518516504539 5.8180631978180521
v -7.137449868385231e-16 18.527491684951677 0.82357586378699665
v -7.5967230913672304e-16 18.527491684951677 0.82357586378700798
v -2.6929165350111984e-16 19.423794895653682 1.4927482988098639
v -3.071018127570573e-16 19.268287936169354 1.3766481113971409
v -5.0119118799968506e-16 19.17198375954246 2.0168847170482507
v -2.6592247072317417e-16 18.640545807245569 4.3428430510232268
v -2.4210277646446271e-16 19.185304999999989 3.953838000000006
v 0 19.185304999999985 3.9538380000000064
v 0 19.099748189732978 4.0149329421064834
v -2.3037903881875823e-16 18.894276783485793 3.7623749179243107
v -1.228673367626501e-15 18.653130000000001 3.4182519999999979e-15
v -7.5927126471557795e-16 18.527491684951684 0.82357586378699588
v -8.4671933976544681e-16 18.579095767423677 0.48530424035377812
v -9.1034657048217241e-16 18.527491684951681 0.82357586378699621
v 0 23.118298793341687 19.317859971103129
v 0 20.152654663447834 19.542094657474752
v 0 22.67344442272616 19.351495760128024
v 0 22.717900919903393 19.348134369392959
v 0 22.754828043830493 19.345342280494314
v -9.0163805578807659e-32 20.152654663447827 19.542094657474745
v 0 18.378663216623771 19.618264969566816
v 0 18.546706759829039 19.611049642145755
v 0 19.888283704138942 19.553446019125726
v -1.2416924446449785e-15 18.653130000000001 3.4182519999999987e-15
v -9.1933172171863088e-16 19.84375 1.5511657000000003e-15
v -1.2161807426191752e-15 19.463231379092832 2.1019999074261617e-15
v 1.4003619331572915e-32 19.185305000000007 3.9538379999999895
v 0 19.185304999999989 3.9538380000000055
v 0 19.133794070057583 3.9199497347125529
v 0 19.185304999999989 3.953838000000006
v 0 20.216124999999948 2.7789362499999064
v -1.70160802372989e-16 20.216124999999959 2.778936249999894
v 0 20.216124999999959 2.7789362499998935
v -1.5148810605433488e-16 19.45744911620266 2.4739882493998127
v 0 19.627575183754658 2.5423700251461057
v 0 20.576809285403293 2.122162039954238
v 0 20.47830063898903 2.3015375798645654
v -1.2994495434050291e-16 20.576809285403289 2.122162039954238
v -1.0773418007162658e-32 20.216124999999959 2.7789362499998935
v -1.372854907082981e-16 19.5588361270147 2.2420420926291174
v 0 20.216124999999963 2.7789362499998935
v 0 20.799886322106396 1.4630327723852752
v 0 20.698390324695115 1.7629246098580706
v -8.9584913504639307e-17 20.799886322106399 1.463032772385275
v -9.0883241747077914e-17 19.817998302364973 1.4842358108140719
v -9.6157670357976839e-17 19.852432005932624 1.5703737554170578
v -1.0388757512933757e-16 19.797251173768082 1.6966126349807957
v 0 21.000131250000045 0.53014988750000813
v 0 20.856460720954921 1.1994691008175722
v -3.2462319397499228e-17 21.000131250000049 0.53014988750000813
v 0 20.799886322106403 1.463032772385275
v -4.2591290765977376e-17 20.243405681497844 0.6955686463712355
v -6.2886729763506299e-17 20.110851420164636 1.02701837075339
v -8.350973095696709e-17 19.976157860599404 1.363817341273188
v -8.3737843491631056e-17 19.87206999812679 1.3675426722507302
v -8.8125397417868824e-17 19.799993932592635 1.4391968119128209
v 1.1800565525240944e-47 20.832910980087831 -7.2924741054004914e-24
v 0 21.034369999999999 1.1863092923668832e-16
v -2.9894780756036943e-32 20.521579358608705 4.8821874026801421e-16
v -1.6080027497403633e-17 20.416556954111702 0.26260676769147601
v -1.8049339810134018e-33 21.000131250000049 0.53014988750000813
v 8.3105840871153993e-17 22.448168463919483 -1.1311817570966103e-09
v 0 22.376951113270888 -1.0742005597669587e-09
v -1.8520577834801237e-48 21.034369999999999 -3.159206e-16
v -2.1694759085547675e-16 21.034369999999999 -3.1592059999999996e-16
v 0 21.034369999999999 -3.1592059999999986e-16
v 0 25.685532500000051 19.004804999999404
v -8.6209109538578496e-32 23.11829879334169 19.317859971103125
v 0 23.118298793341687 19.317859971103129
v 0.4557920156349542 26.468512061860054 18.886003239576954
v 0 25.685532500000054 19.004804999999404
v 0 26.476213115365301 18.870638094448847
v 0.62215900753824227 26.470284331559132 18.882467206342806
v -2.0966997221828598 24.93770806365908 0.79374999999999996
v -0.28870943210346955 24.93770806365908 0.79374999999999996
v -1.5301650386195593 24.11646365977678 0.79374999999999984
v -0.86613452538748192 24.112735291435047 0.79375000000000007
v -4.860317e-17 24.93770806365908 0.79374999999999996
v -4.860317e-17 24.107872158672642 0.79374999999999996
v -7.7147909148847564e-16 24.771101937668295 1.1261626112532281
v -8.6523400274539079e-17 28.32085821020512 1.129576638997456
v -1.9500945244214976e-16 28.07079537965917 2.0607528132244974
v 9.750472622107492e-16 28.320858210205124 1.129576638997456
v 3.4939050128848014e-16 28.070795379659174 2.0607528132244974
v 7.8659537789276926e-16 28.070795379659167 2.0607528132244974
v 3.1750000000000003 28.590225653684705 1.6336556084271618e-16
v 3.211278200967064 26.283708035812303 3.8702090952869628e-17
v 3.1750000000000003 28.13350520557265 3.4315209216870789e-16
v 3.1818080864915603 27.868248520979403 1.0875179437640385e-16
v 3.1755673266581899 28.033327271850684 1.4242194266245814e-16
v -0.60179482762178937 26.067126434141482 -1.5793789038794632e-10
v -1.2296229247291663 25.335537773102946 -2.7107375840465514e-10
v -0.61708261736786396 25.335537773152197 -3.6934364690325149e-10
v 0 25.335537773201814 -4.6834194583642005e-10
v 0 25.618265296396668 -3.8569494287709968e-10
v 0 26.067126433948857 -2.5448377469510458e-10
v 3.2233178130906821 25.7757034228595 -2.073435529166286e-10
v 3.2195193257065116 25.840601653591364 -1.8104375805454733e-10
v 0 15.840790150117249 19.665590367827885
v 0 15.840790150116961 19.665590367827885
v 0.81817500303473933 26.482080389929013 18.858931705820783
v 1.2811194320360948 26.51637819990281 18.79050070122323
v 1.054262414462277 26.499571217482149 18.82403399947691
v -17.480611154145421 25.335537772967083 -1.1379607248178761e-16
v -16.863964033003217 25.335537772967083 -2.5604116308402188e-16
v 1.7406896332729813 26.598739820732376 18.626172761393935
v 1.8999956323109841 26.635457438106947 18.552913756072886
v 0.75588398060488493 12.139264410791945 19.518181678952143
v 1.2531279186392865 12.080807701101396 19.3482709587602
v 1.4800483192301888 12.045075156583708 19.245528441129366
v 1.7562848773285551 11.980795319696846 19.062618770114344
v 2.0032448281397279 11.924883130311347 18.897507772633581
v 1.903497653537322 11.946178634031133 18.964138724348757
v 2.3911455276140599 26.795470679508128 18.233655270870479
v 2.4945478665704139 26.834397979794151 18.155987505293645
v 3 29.971345693203816 0.47815738998261265
v 2.9942576041276072 30.311169753347865 1.8249533437212488e-16
v 2.9953955934892216 30.234906857610842 0.086578000222791301
v 2.9961968202276843 30.181936438957983 0.1481993484279602
v 3 29.449999999999996 1.5448459260394665
v 3 29.814942330642111 0.72323721427931187
v 3 29.516400738084521 1.3342341564129618
v 3.0000000000000004 29.739904088943312 0.85679557790848104
v 3 29.777172894697689 0.77994631674164727
v 2.8960485906706221 27.037058063309168 17.751640023126328
v 2.9028653709855345 27.040511044158713 17.744750634311973
v 2.7846851685705212 11.636650946552706 17.945645142329774
v 2.7482260630163111 11.643959095790468 18.004176864573857
v 2.6695013888497816 11.684015897467924 18.132247993335202
v 2.3810053854569944 11.80683032109296 18.523729894805868
v 2.1853713590691317 11.869897379964186 18.723567627367739
v 3 23.690244246851609 17.938641917536209
v 2.9999999999999996 23.817323807239969 17.927061331250744
v 2.9924540870258958 24.559451165547973 17.867981396102632
v 2.9894078456353581 24.854766109098634 17.852496946512211
v 3.0000000000000004 19.874588650300684 18.086186218295474
v 3 20.055401537095083 18.093007104418362
v 3 21.100383911311628 18.077840781571297
v 3 20.746001116208557 18.082984106487192
v 3.0000000000000004 19.073977412403661 18.017148925255885
v 3.0277664992277376 19.093524635936141 17.978148296806353
v 3 21.578290087816843 18.056776486650364
v 3.0000000000000004 22.878756292481928 17.978958847315525
v 2.9999999999999996 23.058239936572257 17.972682622129199
v 3.2429926116978787 19.301392686810821 17.563409876016269
v 3.0766111337346316 11.54016427954965 17.16508242443626
v 3.0190005533524733 11.556558126129493 17.378280678846046
v 3.0111657366961233 11.561082229386518 17.407522253797634
v 2.8603290254627072 11.608959766106544 17.765887295917938
v 3.2913597753897896 19.357916871002356 17.450632800417587
v 3.1975208262660324 29.450000000000003 1.5476800403134945
v 3.1750000000000012 29.449999999999996 1.9441266300000004e-16
v 3.1750000000000007 29.449999999999999 0.07193465487291606
v 3.1750000000000003 29.449999999999996 0.64203731149536314
v 3.1821709917730434 29.449999999999999 1.2595689655930991
v 3.1854450487151404 29.450000000000003 1.3281171439864188
v 3.1750000000000007 28.835702319086057 1.5423972256190452e-16
v 2.2025000010576288 30.305055767658065 -7.1695120702976743e-16
v 2.7742215568485191 30.308142324664502 -7.7685321094458622e-17
v 1.2660004470173717e-31 30.30712904880399 -2.0675356979782998e-15
v 0.84239808512842396 30.29788812886008 -1.5462155360642549e-15
v 1.3856091091400553 30.304861821116003 -1.1890016109834917e-15
v 1.5439341035125711 30.301500363520031 -1.1184799215524581e-15
v 3.7305263590129254 29.450372253235386 4.9683922632350868
v 4.4680639162718991 29.450748079156682 6.9999999999999991
v 3.7447000751912576 29.450379475714954 5.0130309985343686
v 4.2070444328392949 29.45061507184489 6.3969925108815975
v 3.9512759088769056 29.450484740256741 5.6612856029130372
v 3.9037115912515006 29.450460502977812 5.5438616506376883
v 3.0000000000000004 29.449999999999999 4.9426104576775041
v 4.1680478871772024 30.782547313255648 7
v 3 30.792367237543143 7.0000000000000009
v 4.1754990474389064 30.775099949870643 7
v 4.3763784347132439 29.909337775484353 7
v 3.7036541809105548 30.778475515693465 7
v 3 29.493265707163026 5.0891137061685505
v 3 29.656886021142832 5.4655770833827475
v 3 30.11521656657267 6.2384628089868084
v 3 30.695987874399549 6.9178178067967915
v 3 30.351472126804026 6.5468298934650022
v 3 29.835409528587896 5.7979520050397602
v 3.1683721086070968 11.471937059161057 15.144604544111182
v 3.1531346278804309 11.455101697531145 16.059140228377711
v 3.1616059669415226 11.449878241902821 15.545755917020387
v 3.1491427830621581 11.482360500356668 16.637445137712259
v 3.1518139941335424 11.457594870040067 16.234936967038326
v 3.1485475243127419 11.500297779381008 16.756689694351593
v 3.1374700250339185 11.50770938278875 16.819471702917969
v 2.9832889767546615 27.068355251870972 17.632701191662107
v 2.9832120737931436 27.098184995408193 17.629679543005317
v 2.9168575460810371 27.050529936002892 17.724760937174594
v 2.9840579282473727 26.831724405326053 17.639434630660361
v 2.9050795538637031 27.042265169829978 17.741250802049581
v 2.984666546999029 26.508211791360978 17.696656771836455
v 2.9041734062138369 27.041381704976143 17.743013491490132
v 2.9866872938910545 25.728225835053603 17.774593412953376
v 3.4342562175945335 19.622336607681749 16.923062432798869
v 3.3932245710860247 19.546410454462652 17.074550324999009
v 3.1749999999999998 13.223868208226907 6.9421973684588281
v 3.1749999999999998 13.338626130285578 6.59494048555311
v 3.1749999999999994 13.347193907505094 6.5684184933939527
v 3.1749999999999998 13.744305823598379 5.5140201478371633
v 3.1750000000000003 14.06385753227687 4.8203523318769745
v 2.6204493687225683 13.422171696186036 4.5327116209530942
v 2.8535645761353585 13.622945875635942 4.6216769547817815
v 3.005812451927357 13.797303302482657 4.6998068812272988
v 3.1620512388226785 14.047602793527044 4.8130469707460994
v 2.1269126314310745 13.10767409894747 4.3514240613285331
v 2.2291401471161625 13.161421831702913 4.3825720055008821
v 2.4320704711844949 13.268676678869703 4.4447185540280341
v 2.4440655094650845 13.276751615607314 4.4493669562641305
v 2.460660920468003 13.289796170218384 4.456850358910164
v 1.6474907525478331 12.911852404932549 4.2158954153513539
v 1.8406461537311278 12.96669940998464 4.2527812875574513
v 1.8718862114131318 12.97791131954631 4.2604719406158873
v 3.1749999999999994 13.192657363580862 7.0366412241004364
v 3.1749999999999998 13.184087211868679 7.0625744591766262
v 3.479953751598051 19.744498357579346 16.679325259047111
v 3.6707938380260843 20.254665031055904 15.661440501831764
v 3.6735388613271422 20.260952652143001 15.64889543764699
v 4.1007619162230897 28.460444903708698 14.911698012429385
v 3.9437304479134134 28.226270614087088 15.378922651611008
v 4.0490979584972573 27.639972338182393 15.085068323836586
v 4.0799390897184482 27.447267291769737 14.98848401820316
v 3.6770827378390645 20.267278841247791 15.636273422537396
v 3.9194209799867821 20.8134042880083 14.546643706043422
v 3.7898741988065692 20.521461946917519 15.129127185328784
v 4.0418654148448363 21.089341016349472 13.996094631913715
v 4.3552713027177363 21.68035515155756 12.816902985725649
v 4.1985927278736561 21.384894038667866 13.40640711995467
v 3.9502580307325577 20.828490807496706 1.4339618824877376
v 4.1077010688371081 20.654724915761825 1.8958633143976498
v 4.1883120780458194 20.809658869126967 2.2223661819626561
v 4.7041089256852784 21.94545424495103 3.8973514189609495
v 4.2121736423771505 20.862902225855372 2.321737949631197
v 4.4314776452843114 21.347754230548055 3.0945783298610876
v 4.6462573754592063 21.819320646486517 3.7487920481925046
v 4.7516308255978741 24.182094984107934 13.35239863220847
v 4.5871406992276933 25.090412719696296 13.8072563863724
v 4.5213667940707163 25.501683913868909 14.013352213901104
v 4.574376357853418 25.170307485836833 13.847265425824856
v 4.2044286154078527 26.797729222541971 14.662933729994831
v 4.2714296804329326 26.523743878244829 14.525611512827734
v 4.1065980124007799 27.285953404312494 14.90763304881172
v 4.7553166377488383 23.10146685402211 12.811232480100925
v 4.4349146535958575 21.802427591569476 12.573344003094606
v 4.7085931739230054 22.852231206673356 12.686413022423414
v 4.6318187255378014 22.442491636955179 12.481006649006686
v 4.5543742565150893 21.976392423910593 12.247352283579856
v 4.5438121144184427 21.955100499653216 12.26873095395289
v 4.5512852701664981 21.967939772900468 12.243114030677518
v 3.6945917912341661 21.002094059484513 0.56232934144095403
v 3.909682402250287 20.860973729889519 1.2998783841149724
v 3.9407828989355673 20.835522387440047 1.4048997633442859
v 4.7391477082728626 23.741900082137455 13.131952580927852
v 3.5446178817254279 21.034369999999999 -1.1778955338429895e-08
v 3.6320459568162309 21.017368007116499 0.33957467846481132
v 3.5825540109484724 21.026244934030537 0.16227900921064567
v 3.4614867926786603 21.915953795920196 -7.5539788700112941e-09
v 3.4734210690064691 21.768527641686639 -1.0672680865551249e-08
v 3.4912690205209072 21.554913367693807 -1.0985038181259801e-08
v 3.4902691589908659 21.566231668873275 -1.0968307919979993e-08
v 3.4896276241492696 21.57062081381158 -1.0960976681594793e-08
v 3.4887428260556947 21.579255366112196 -1.0947807953371738e-08
v 3.4468514810221578 22.096746292886863 -8.2398851418994239e-09
v 3.353959623919323 23.24425524286713 -4.9864260458892305e-10
v 3.2941345854429627 24.56577884898633 -3.4367682917098614e-10
v 3.3403717125336176 23.412109027115292 -4.8102984738738095e-10
v 4.1737594454447757 30.78259739211915 7
v 7.1107421816261454 28.121322584161568 10.404641553743152
v 7.0020753266051958 28.660492254681905 10.557370054983908
v 6.7695581495526165 29.735020613880209 10.835975789053641
v 6.8726947132297411 29.249203796981988 10.712164207111591
v 6.6141058484454494 30.42118194234331 10.999634664713652
v 6.2558459161264324 30.232555224058856 11.375982770788269
v 5.2662460311205281 29.575243298206345 12.68745179619861
v 5.8968297412405812 29.990643374401692 11.858645392942309
v 5.9212798522220851 30.006750003548149 11.826509439830007
v 6.7436055729422453 24.971853987278337 8.4400301285691945
v 6.4607909214643815 24.449566865710686 7.8617359313423636
v 6.4106203998673577 24.397396819809416 7.7780195167696506
v 6.3143269845255787 24.289360808199834 7.6136557495780695
v 5.8586577004270621 23.675047081474915 6.6405690599088363
v 6.1104838408334352 24.014573841135284 7.1887672540558132
v 5.6089212653138505 23.338534268340076 6.1769308873717206
v 5.4226195655964746 23.087285416650325 5.7445031411312861
v 6.2647613302620462 24.222577904289796 7.5238434485044907
v 7.1810289227702313 27.03333702537401 9.9458026048303179
v 7.1653378866909678 27.382772672718843 10.100587354731053
v 7.1150527784225428 28.067189106357237 10.381945472083066
v 6.9798055407625768 25.579370428206364 9.0028682642036184
v 6.7493233103741499 24.98270023129389 8.4518554555828818
v 6.7465103026154187 24.976091112451524 8.4454442178028888
v 7.1323105826557054 26.294901659708241 9.5273820164288221
v 7.1546448325230765 26.582571365166807 9.6941270948800113
v 7.0621068611201592 25.951999052038541 9.2800109724116382
v 7.0430899079986435 25.859945890478912 9.208584438026854
v 7.0602944521001838 25.943840885581366 9.273967081985985
v 0 32.364583335227515 8.1832501536559144e-17
v 0 32.008533387691884 6.9735568285072373e-17
v 0 31.61786462559623 1.9415492572783433e-17
v 0 31.239463671781422 1.0584395474448545e-16
v 0 30.562425432744817 5.2736999894117591e-17
v 0 30.408212160767906 3.3256339603261312e-17
v 0 30.307129048803983 1.303057332460322e-17
v -20 23.705797772569881 7.4852082109982501
v -20 24.704813754429978 6.0073154389953656
v -20 24.523974218909618 5.843113795569189
v -20.000000000000004 26.515561783555906 7.8520022725442731
v -20 26.670453092371751 7.7921088401973995
v -20 26.738753652338694 7.8541255013286477
v -20 26.773498911392149 7.8856740707353854
v -20 26.722028754146326 7.8789550196155078
v -20 24.857111780565219 5.7820135858693558
v -20 26.341496477134445 5.5132338641385488
v -20 26.750803820897332 7.7610387888190475
v -19.999999999999996 26.761582755921978 7.820233776645221
v -19.999999999999996 26.729757138772886 7.6454561186118957
v -9.5760381195268369e-16 12.369455021134231 15.638859560310339
v -9.6844783603256842e-16 11.822564956505193 15.815955615205221
v -9.7982818173771081e-16 11.917349073155957 16.001810620581089
v -1.5397254436029138e-15 11.23568757839868 16.006000516533302
v -9.8008477517801067e-16 11.235687578398682 16.006000516533302
v -9.8101278874202918e-16 11.235687578398679 16.006000516533273
v -1.0092754555475067e-15 11.318309636045344 16.482719996100123
v -20 31.840357778272722 0.02214602123434737
v -20 35.934183907139094 9.0872048266074765e-05
v -20 35.741881450596665 0.0011268856048720971
v -20 35.089281566602267 0.0046427134263876627
v -20 34.890038020558215 0.0057161215277673578
v -20 34.723418738265181 0.0066137691103891685
v -20.000000000000004 34.287413244316241 0.0089627125956019613
v -19.999999999999996 34.170162387156786 0.0095943918769018036
v -20 33.741070576612572 0.011906088465417677
v -20 33.609249584375959 0.012616263142630979
v -20 33.412495849513441 0.013676257592496389
v -20 32.854866731866416 0.016680438276548436
v -20 32.640409473861624 0.017835808990996099
v -20.014710569658156 32.317278598013488 0.019536996058239386
v -20 35.907943357475126 0.052446027554375885
v -20 35.555717252236974 0.75520769791604181
v -20 35.377009054159856 0.69839082449014056
v -20 33.677915116615388 0.53812404896683219
v -20 34.217768838485021 0.46723702999360572
v -20 32.983376695319386 0.80241081556230576
v -20 32.135252460909882 1.5381890082203911
v -20 32.383876130871336 1.2411462811640588
v -20 34.761107419621894 0.50257661121465702
v -4.228433351277663e-16 30.340158999641062 11.161291674830293
v -5.7770151908785258e-16 31.363606590997218 9.1193086197687059
v -9.6200424265300024e-16 30.933883405035829 9.9766924959595116
v -6.0857810091407598e-16 30.06499207973366 9.9388325239297046
v -9.9249471145981831e-17 23.407214410527246 -4.255508629698448e-10
v 0 23.063712186376133 -6.7828721992418555e-10
v -1.9337441161339499 25.335537772967083 -3.6139080106424716e-16
v 0 23.559798483958588 -4.5078479860553251e-10
v -0.63783835277920875 23.559798483835515 -2.052292644762022e-10
v -1.1709267685209384 23.559798483732656 -3.4173805848168953e-16
v -2.4696707149862123 23.559798483732656 -3.0952756789676777e-16
v -3.0419135550938359 23.559798483732656 -5.571605146741802e-16
v -2.2494778902763635 23.55979848373266 -3.150140976679379e-16
v -20 20.010822704838638 14.813129099266396
v -20.000000000000004 20.905544248760467 16.06702279648275
v -20 19.509067353193014 15.284764925160276
v -20 19.660471366204238 15.797651159420028
v -20 21.143660416820278 15.42082266999992
v -20 18.66126640819466 16.464567083297698
v -20 18.344858585385769 16.195410189210499
v -20 19.093845597826434 15.675061620310888
v -20 18.526686763760722 15.835360939442563
v -19.999999999999996 18.997527901839391 14.903019208693225
v -20 19.897818451046124 17.51645797612213
v -19.999999999999996 18.751757428805075 15.38968456068635
v -20 21.452782784249496 13.457727446392237
v -20 21.778400397996688 14.01886709596897
v -20 22.026309229889112 13.471308758649586
v -20 16.272791848280587 14.289796290302505
v -20 16.674455302983503 14.659193399120833
v -20 18.088136366236942 15.959310926475373
v -20 11.592204395849222 8.4700768650863747
v -20 11.649423482882288 8.1501747929629751
v -20.000000000000004 32.203605081585565 7.443343282567997
v -20 31.997092380192214 7.8553775095142404
v -19.999999999999996 31.449843401463244 8.9472488936059946
v -20.000000000000004 30.358919663996581 8.7236257920422755
v -20 30.458057362986626 8.2850778533077722
v -20 30.776306704970629 8.5196172904471368
v -20 30.100001817659301 9.8689810803891564
v -20 32.089553599498785 4.900131836839523
v -20 32.38408433756419 5.2452140443647099
v -20 33.064063197863646 5.7265568942820515
v -20 11.274455303935479 16.192320388457954
v -20 11.182417657243182 15.596746166757272
v -20 11.969589615625777 14.991646709367163
v -20 12.468221556285489 14.130382581506341
v -20 12.414852027347326 13.803995748810513
v -20 11.499258571689959 15.804027993697467
v -20 12.68352796765871 13.75849367208578
v -20 12.537649864437324 14.554978526944828
v -20 12.828338152058766 14.376530180265771
v -20 11.318844204250794 16.479560291992509
v -20 12.064066772258526 16.173533541581264
v -20 12.928814012610383 15.818423807586699
v -20 12.897587789998573 14.672081246665972
v -20 13.14534903414607 15.729503380541731
v -20 11.131247297133966 11.741330885638071
v -20 11.599185205464842 12.245350591482566
v -20 12.32578183194933 13.259277825644409
v -20 11.145973265887896 11.612917255523241
v -20 11.22583603419481 11.724361532623345
v -20 14.776224088333203 14.874481899842396
v -20 14.295066724480623 15.12673904280034
v -20 13.650674341453353 13.871712684478261
v -20.000000000000004 14.315934325500473 13.949591359742824
v -20.000000744404502 12.279662284971407 12.978652136223625
v -6.8480930003744063e-16 29.351970440624562 13.132925893680685
v -1.1369720115914469e-15 29.351970440624562 13.132925893680687
v -20 22.277987630747425 16.363951053262959
v -20.000000000000004 20.032177565195305 17.824190236202213
v -19.999999999999996 18.44878801268305 16.852363949267804
v -20 18.603514860163919 17.830415949339159
v -20 20.088076886295148 17.952220437412794
v -20.000000000000004 18.832494077511864 18.623729637507566
v -20 19.089892544991752 18.708258451685285
v -20.000000000000004 20.22088550376721 19.422498893854755
v -20 11.36300788494483 16.765342802759289
v -20 12.83912650099558 16.680588625805171
v -20 12.759542650875293 16.927765163834344
v -20.000000000000004 11.456320524595977 16.815490822800975
v -20 12.598121600159949 17.429116837830321
v -20 13.020926358070168 16.115943170502675
v -20 11.369603046769001 16.80801999531672
v -20 11.685617791518304 18.166323855786601
v -20 12.450660032797456 17.596054449163969
v -20.000000000000004 11.758017740327011 18.380177742316281
v -20 17.332228809228209 17.723310850598502
v -20 17.16785287485202 16.219415871010245
v -20 16.560437771036792 16.391093048061137
v -20 16.46923504866151 16.23366456758416
v -20 17.94337486352584 17.774799544620066
v -19.999999999999996 16.383995605394535 16.440961898407377
v -20 16.354866991205132 16.511800981120892
v -19.999999999999996 17.274964399698813 17.712191733873269
v -20 15.965799921872019 17.45798929362968
v -19.999999999999996 17.297742938875867 17.741909400216997
v -20 17.313898150421629 17.762986045330084
v -19.999999999999996 17.053195524868713 18.327255313826605
v -20.000000000000004 17.624019804956394 18.422043906116251
v -20 17.684752156022604 18.246814947395343
v -20 18.150371207847758 18.399722719903387
v -20 17.390568208084957 17.86301244186426
v -20 17.557606910257192 18.263009235690092
v -19.999999999999996 17.471880865808259 18.861005142093553
v -18.538407707474352 23.559798483732649 1.2815647242326051e-16
v -17.943401926110148 23.559798483732653 -3.5109468104773874e-17
v -19.931998119555164 23.559797330986438 2.6938920380258426e-09
v -19.721562374517699 23.559798482586345 2.2871081363682387e-09
v -16.814860053116512 23.559798483732656 -4.7296265088385713e-16
v -17.170759183041817 23.559798483732653 -2.9949263962069125e-16
v -16.617463879600596 23.559798483732653 -5.2769606776763861e-16
v -23.171665717072784 11.473238985410301 16.344926567600087
v -23.175000000000001 11.582029204866013 13.637545294172611
v -23.174916631793636 11.574630583433992 13.706353054094608
v -23.173348204360259 11.450727855642555 14.997209889283241
v -23.172613289589624 11.450511635782462 15.588289205903175
v -23.173705174442293 11.476673431636256 14.703951046393692
v -23.174999999999997 11.620561297560998 13.276482727593066
v -23.175000000000001 11.794217007775458 12.108080153644545
v -23.175000000000001 11.718257286155289 12.488914763756599
v -23.175000000000001 11.751557147797811 12.33353923286151
v -23.175000000000001 11.909055271098673 11.573094498662993
v -20 22.756817076201884 16.467545849521869
v -20 22.64458125312877 15.511564053991213
v -20 22.406103573053429 13.48030242512705
v -20.000000000000004 28.047563836507049 7.5764512787042859
v -20 29.39732538657266 7.248856485958636
v -20 29.500559860714219 7.3894211203613214
v -20 29.20086858944925 9.2896526239671573
v -20 26.975606965608144 7.8366212983179935
v -20 26.928616466921802 8.0200393827969894
v -19.999999999999996 26.868348561210464 7.8626535221261005
v -20 28.840333787712076 9.6759995576751532
v -20 29.786114227752307 10.495249729158635
v -20 29.256012167140927 10.036066830386543
v -20 30.064992079733656 9.9388325239297046
v -20 30.332511686548511 8.1925547640108398
v -20 27.126489887595078 7.4362653949116195
v -20 28.438795656005279 5.7655099438768698
v -20 28.594610060979406 6.0107052723052909
v -20 28.511149354066117 5.8012661195648114
v -20 28.913558200397073 6.5901563935114016
v -20 26.9470152001815 7.6647626853580766
v -20 26.900396488365377 7.7241150624960433
v -20 26.867482595154144 7.7660192191500741
v -20 26.843188377784639 7.7969492791069799
v -20.000000000000004 28.469240461164734 5.6960985102049246
v -20 31.620919207961279 3.869138501467154
v -20 31.771474962234322 4.4353060887477422
v -20 32.030605494134235 4.8310662362090468
v -23.175000000000001 12.4837524005105 9.3027306467899393
v -23.175000000000001 12.67715851054283 8.5675104384848524
v -23.174999999999997 13.117725931730517 7.3086849205336106
v -23.175000000000001 12.684847236461307 8.5456099806819132
v -23.175000000000001 13.154350566437847 7.1983139659289419
v -23.175000000000001 12.680615228115839 8.5582499770925242
v -20 25.296725911930452 10.279999077731475
v -20 27.934457751030791 10.646730891807216
v -20 25.085198860238926 10.772542924763718
v -20 25.096925399125094 10.60394010617315
v -20 25.245648747878317 10.362811623208025
v -20 25.698955856436807 10.753227841933235
v -20 27.916051373633053 10.683455303578443
v -20 28.002313934221512 10.680740599691958
v -20 29.300620856910236 10.639882563194664
v -20 29.720242530604899 10.626676966459982
v -20 24.99110814386902 10.77550398262786
v -19.999999999999996 23.628643539258565 8.9683169571941317
v -20 23.140728904270482 8.3211419811353533
v -20 25.121153676403924 10.255588740228047
v -20.000000000000004 24.451504390141682 10.059768029332988
v -20.000000000000004 24.826681100637941 10.557406266069131
v -20 28.000568313133694 5.6258717923531414
v -20 26.819295457959765 7.7345544156021999
v -20 27.173999568857106 5.3624913040391222
v -20 29.12319472119859 13.584055914954108
v -20 29.351970440624562 13.132925893680687
v -20 30.212339213568242 11.416317759249379
v -20 29.343372331730361 11.352882801198723
v -20 29.352457707581578 11.341537468022734
v -20 29.353677454496676 11.358047757412272
v -20.000000000000004 29.377836279360274 11.309846060085949
v -20 27.91072399361229 13.14189769569994
v -20 28.328638074460084 12.620028863436051
v -20 27.218809001570477 12.581089914329647
v -20 27.223140885425735 12.065950595273101
v -19.999999999999996 26.86364277507089 12.293222205446623
v -20 25.079982837644803 10.847538293792704
v -23.175000000000004 12.098833412948759 10.687199447786528
v -23.175000000000001 11.963927082668345 11.317468619246808
v -23.171796382977714 11.477892532957455 16.494828523006223
v -23.171793107516486 11.477753628369733 16.491162651301451
v -20 22.804773909648389 10.363138924192214
v -20 24.672518000957485 10.715414614386518
v -20 23.525017947364567 11.891536452479734
v -20 22.192580121193984 10.247672897361266
v -20 23.526019361535038 11.892742793209594
v -20 23.092624948021033 13.496559497901405
v -20 24.89277522314746 13.539187703074015
v -20 25.045106126180176 11.348991613752496
v -20.000000000000004 25.231184872371166 13.325248036460991
v -20 25.319561184017434 14.26385202580078
v -20 25.446974555582539 15.617050599247969
v -20 24.321699706642679 14.603549759745427
v -20 23.262846143830501 16.577025286636093
v -20 23.246266148535785 16.593719722724881
v -20 23.277013448072648 16.580074144786526
v -20 23.266311829651322 16.584823497426733
v -20 28.258076297611225 5.1661959352153799
v -20 31.999032358516981 1.7009377549545723
v -20 31.713940351300295 2.1973591681740823
v -20 31.546178639148188 2.8338000634570504
v -20 31.560396448628104 3.6415415903249704
v -23.174999999999997 12.2230601528415 10.268859982080226
v -23.174999999999997 12.108775367052463 10.64075161125719
v -23.175000000000001 12.33316588494008 9.8751750712557467
v -20 22.375773825954404 9.452777111781888
v -19.999999999999996 21.823424780575174 9.6813440812790255
v -20 22.014477716718943 8.8681168328540956
v -20 28.508143125440991 14.796895460053516
v -20 27.208157754692753 13.847715762811161
v -20 25.86762951803389 15.194448635090451
v -20 26.169761044328538 15.70745505505425
v -20 27.191444324463639 15.835244827532202
v -20 27.934450327715219 15.928178293266042
v -1.5379754687104219e-16 13.275296440595932 2.5117044689294477
v -20 16.169245666383748 14.378365114453089
v -20 16.420584759432099 15.932784402037443
v -20 15.736789089105283 17.383153624119508
v -20 16.315424241477842 16.46034261204095
v -19.999999999999996 16.183854098821964 16.348903368090419
v -20 16.351099979932918 16.281368325055226
v -20 15.613684151723673 16.579141934558386
v -20 14.56824253964578 17.001298485102222
v -20 15.877618748088592 14.627809881714466
v -20.000000000000004 15.32803650566321 15.624030204498732
v -20 14.717428394172414 16.730871297543391
v -1.6415153046532216e-16 13.214859792780128 2.6807978822631013
v -1.9144063437272921e-16 13.05557206791628 3.1264629889955535
v -2.13954953664888e-16 12.924155047161946 3.494149705790579
v -24.007568746173554 28.332249547534534 15.16747343922192
v -24.098169453121997 28.458825589243126 14.914928867805935
v -24.060223749073053 27.494256129154589 15.012034954288245
v -23.930925264383283 28.226270614087085 15.378922651611006
v -24.436557717699102 28.824399019287469 14.185536608087109
v -24.336175087365568 28.715951929225483 14.401910286611042
v -16.978226473422563 24.121338580484569 0.79374999999999996
v 0.7815948820587163 12.749701715621679 4.1006264897973699
v 0.97811914497735641 12.768672542054155 4.1121454753165985
v 1.4630816439872742 12.861116717084732 4.1759532851954217
v 1.2442512385727846 12.799751226109191 4.1319227796176801
v 4.6721613183932282 29.070054378034676 13.69540493796816
v -1.4502702512106402e-16 12.922796917234139 3.4979495661988493
v -2.1418762832527304e-16 12.922796917234134 3.4979495661988533
v -20 15.171994337548691 18.283891877168152
v -20 14.898652810567716 18.514458618600685
v -20 14.108558843395189 17.759168558589991
v -20 15.036894560150893 18.499349859284969
v -20.000000000000004 13.147757625646467 17.309761536178115
v -20 12.926108329607022 17.848229585093549
v -20 13.547612176698328 17.222931782768921
v -20 12.626303292024977 17.465128375004369
v -20 12.706058770005381 17.405677920312165
v -20 13.28631784632797 16.973147556251995
v -20 13.899218918603717 16.40331911223425
v -20 14.337623794330437 16.795169361469085
v -20 15.018974465638669 15.362256223115839
v -20 26.780613848726954 16.744657011938656
v -20 25.278773759449351 17.010860632902983
v -19.999999999999996 27.180950536189211 17.083146000931656
v -23.221860751443163 25.886937928520457 2.1357661493969084e-09
v -1.599410843529413 24.116852457974574 0.79374999999999984
v -2.2884611350579847 24.93770806365908 0.79374999999999996
v -24.956933198689111 22.3404700351361 4.5990220932552051
v -23.293801787791573 24.432903970592022 2.1965571450153588e-09
v -23.287586991213026 24.546903786545375 2.1932077861936238e-09
v -23.233727595960087 25.191065064230592 2.2205071963413117e-09
v -16.467884010086195 23.559798483732653 -2.4409011969591356e-16
v -16.35305714528571 23.559798483732656 -7.6097675975005621e-17
v 0.74942660135773831 12.139851777419128 19.519910129959431
v -20 14.50292101564588 11.062711016354747
v -19.999999999999996 13.534519711916266 11.062713858698798
v -20 13.493730148009034 11.062713978419799
v -20 14.918847703078931 11.062709795572887
v -24.656300122909734 29.059832672190357 13.715799287359886
v -25.065826376366932 29.40014191609902 13.036814144741609
v -20.000001283247656 23.559796958846956 2.8159804983633745e-09
v -20 23.122053004105162 2.4496205630979023e-09
v -2.5521369596034698e-19 15.638176643858367 18.487675405565135
v 0 15.799014383951489 19.422722550499387
v 0 14.865788288760685 18.525135692462474
v -20 14.289481958415017 19.334428872755826
v -20 13.988423787979688 19.658765215541688
v -19.999999999999996 13.919130477092798 18.991457974302534
v -20 14.979162298558988 18.591421636346496
v -20.000000000000004 19.972423598991821 19.543899193886944
v -23.346769833091557 23.461295765513221 6.7241436426437751e-09
v 4.5878899652557124 28.99287227163715 13.849398708467596
v 4.5116720104669579 28.906036778722004 14.022652919726209
v 4.5663748253443908 28.968359966308103 13.898305670164305
v 2.988897411291064 24.904983662577923 17.848466862069806
v -24.81284411196507 22.081490785591985 4.1427818156991636
v -24.956655361465465 22.339969842622729 4.5983264859649315
v -24.922850724433044 22.279187062354563 4.4966401559224289
v -20 17.388892665278803 19.100448135977405
v -20 17.291805969784662 19.161833293973469
v 4.9073905723220319 22.281057027008284 4.4031206310349615
v 5.4118228906160333 23.072416525819907 5.719309483470723
v 5.0433737789479487 22.494187145043739 4.7937226008191587
v 4.8775998363102424 22.234298514891957 4.3293665380030077
v 5.2153955746012794 22.764045640634215 5.244584749461044
v 5.0994863642156547 22.582063932211046 4.9672998309720997
v -23 27.011308595622808 17.803015371668295
v -20 15.658306225493927 12.155738168337681
v -24.028705893789599 30.134366752351262 6.2733222332471117
v -23.801535764886879 29.566639854041231 5.2729954040253997
v -23.178694851093908 29.574343535283372 1.1949876193917479
v -20 25.482418803273358 -0.29305709221265897
v -16.824999999999999 25.482418803273358 -0.29305709221265897
v -17.013695393607922 24.771101937668298 1.1261626112532284
v -20 12.833556875956347 9.7695093875701744
v -2.9743273693023315 24.774454819805225 1.1194729394315486
v -3.1749999999999998 25.482418803273358 -0.29305709221265897
v 0 25.482418803273358 -0.29305709221265897
v -0.031689404091327589 32.018222520351358 4.813302606271872
v 0 20.013974977864954 1.4643690620036693
v -1.7763568394002505e-15 11.235687578398682 16.006000516533302
v 3.1750000000000007 29.76712542859633 0.79669523984012969
v 3.1825014562068965 29.520893957055822 1.3226010451844505
v 3.7422977444228103 29.463116929002346 5.0119425001094644
v 3.8743286294754178 29.714785318271645 5.5896019365461447
v 4.0600573858742983 30.248512399108034 6.4259501154823351
f 1 2 3
f 4 2 1
f 1 5 6
f 3 5 1
f 6 7 1
f 1 7 4
f 8 9 10
f 10 9 11
f 10 12 13
f 7 12 10
f 10 13 14
f 14 8 10
f 11 7 10
f 15 16 2
f 2 16 3
f 4 15 2
f 17 18 9
f 9 18 15
f 9 8 17
f 15 11 9
f 19 20 18
f 18 20 15
f 17 19 18
f 21 22 5
f 5 22 6
f 3 21 5
f 23 13 12
f 24 23 12
f 25 24 12
f 12 7 26
f 12 26 27
f 27 25 12
f 28 29 30
f 30 31 32
f 33 34 30
f 32 33 30
f 35 14 13
f 13 23 35
f 8 14 36
f 36 37 8
f 8 37 38
f 8 38 17
f 16 39 40
f 41 39 16
f 42 43 16
f 16 43 3
f 40 42 16
f 15 41 16
f 20 19 44
f 20 44 45
f 20 45 41
f 20 41 15
f 46 44 19
f 38 46 19
f 17 38 19
f 14 35 36
f 21 47 22
f 22 47 48
f 48 6 22
f 49 45 44
f 44 46 50
f 50 49 44
f 24 35 23
f 45 49 51
f 45 51 52
f 45 52 41
f 53 36 35
f 35 24 54
f 35 54 55
f 55 53 35
f 52 56 39
f 39 56 57
f 41 52 39
f 39 57 40
f 37 36 58
f 37 58 38
f 59 50 46
f 38 59 46
f 36 53 60
f 61 58 36
f 60 61 36
f 49 50 62
f 63 51 49
f 49 62 63
f 64 54 24
f 24 65 64
f 25 65 24
f 66 62 50
f 50 59 66
f 54 64 67
f 67 55 54
f 68 69 47
f 47 69 70
f 47 71 48
f 70 71 47
f 47 21 68
f 72 64 65
f 65 73 72
f 25 73 65
f 51 63 74
f 51 74 75
f 75 76 51
f 51 76 52
f 76 77 56
f 56 77 78
f 52 76 56
f 56 78 57
f 79 63 62
f 80 79 62
f 66 80 62
f 53 55 81
f 81 60 53
f 82 74 63
f 63 79 82
f 64 72 83
f 83 67 64
f 58 61 84
f 84 85 58
f 58 85 86
f 86 38 58
f 55 67 81
f 74 82 87
f 74 87 75
f 61 60 88
f 88 84 61
f 89 90 77
f 77 90 78
f 76 89 77
f 69 91 92
f 68 91 69
f 69 92 70
f 93 72 73
f 73 94 93
f 70 94 73
f 73 25 70
f 79 80 95
f 96 82 79
f 95 96 79
f 60 81 88
f 97 95 80
f 98 97 80
f 66 98 80
f 93 83 72
f 99 81 67
f 67 83 100
f 100 99 67
f 85 84 101
f 85 101 102
f 85 102 103
f 85 103 104
f 104 86 85
f 105 106 107
f 108 106 105
f 107 109 105
f 105 109 110
f 105 111 108
f 112 88 81
f 81 99 112
f 113 87 82
f 96 113 82
f 114 93 94
f 115 114 94
f 116 115 94
f 94 117 116
f 70 117 94
f 84 88 101
f 87 113 118
f 87 118 119
f 87 119 89
f 87 89 75
f 120 101 88
f 88 112 120
f 83 93 121
f 83 121 122
f 122 100 83
f 113 96 123
f 123 124 113
f 113 124 118
f 119 125 90
f 90 125 78
f 89 119 90
f 126 121 93
f 93 114 126
f 96 95 127
f 127 123 96
f 91 128 92
f 68 128 91
f 95 97 129
f 130 127 95
f 129 130 95
f 131 129 97
f 97 98 131
f 132 112 99
f 99 100 132
f 133 102 101
f 101 120 134
f 135 133 101
f 134 135 101
f 121 126 136
f 136 122 121
f 124 123 137
f 137 118 124
f 138 139 128
f 128 139 140
f 141 92 128
f 68 138 128
f 128 140 141
f 115 126 114
f 102 133 142
f 102 142 103
f 123 127 143
f 123 143 144
f 144 137 123
f 145 120 112
f 112 132 145
f 146 147 118
f 118 147 119
f 118 137 146
f 100 122 148
f 149 132 100
f 100 148 149
f 127 130 143
f 150 151 125
f 125 151 78
f 125 119 150
f 130 129 152
f 152 143 130
f 126 115 153
f 153 136 126
f 154 153 115
f 155 154 115
f 116 155 115
f 122 136 148
f 147 146 156
f 147 156 157
f 150 119 147
f 147 158 150
f 157 158 147
f 159 152 129
f 160 159 129
f 129 131 160
f 145 134 120
f 143 152 161
f 161 144 143
f 137 144 162
f 162 146 137
f 136 153 163
f 164 148 136
f 136 163 164
f 133 135 165
f 165 166 133
f 133 166 142
f 167 161 152
f 152 159 167
f 168 145 132
f 132 149 169
f 132 169 168
f 170 171 139
f 139 171 172
f 138 170 139
f 139 172 140
f 173 162 144
f 144 161 173
f 146 162 174
f 174 156 146
f 153 154 163
f 175 163 154
f 176 175 154
f 154 155 176
f 135 134 165
f 162 173 177
f 177 174 162
f 151 178 179
f 158 178 151
f 151 179 78
f 150 158 151
f 134 145 168
f 134 168 165
f 180 149 148
f 148 164 180
f 166 165 181
f 181 142 166
f 156 174 182
f 156 182 157
f 180 169 149
f 183 173 161
f 184 183 161
f 161 167 184
f 185 167 159
f 160 185 159
f 173 183 186
f 186 177 173
f 163 187 164
f 175 187 163
f 183 184 188
f 188 186 183
f 189 168 169
f 169 180 190
f 191 189 169
f 169 190 192
f 169 192 193
f 194 191 169
f 193 194 169
f 174 177 195
f 195 196 174
f 174 196 182
f 197 164 187
f 187 175 198
f 198 197 187
f 177 186 195
f 197 180 164
f 175 199 198
f 176 199 175
f 185 184 167
f 184 200 201
f 185 200 184
f 201 188 184
f 202 165 168
f 168 189 203
f 168 204 202
f 203 204 168
f 171 170 205
f 205 172 171
f 170 206 205
f 207 206 170
f 170 138 207
f 197 190 180
f 208 209 210
f 210 209 207
f 210 211 21
f 212 211 210
f 210 21 213
f 214 208 210
f 210 213 214
f 207 212 210
f 165 215 181
f 202 215 165
f 43 42 216
f 43 217 213
f 218 217 43
f 43 213 3
f 43 216 218
f 219 220 221
f 222 220 219
f 219 221 142
f 219 142 181
f 223 222 219
f 219 181 223
f 189 191 203
f 220 224 221
f 225 224 220
f 220 222 225
f 40 226 42
f 42 226 227
f 42 227 216
f 228 195 186
f 188 228 186
f 229 192 190
f 190 197 230
f 190 230 229
f 196 195 231
f 196 231 232
f 232 182 196
f 233 234 206
f 206 234 235
f 207 233 206
f 235 205 206
f 209 236 237
f 238 236 209
f 209 237 207
f 209 208 238
f 239 240 224
f 224 240 160
f 131 221 224
f 224 241 239
f 225 241 224
f 160 131 224
f 226 242 243
f 57 242 226
f 243 244 226
f 226 244 227
f 40 57 226
f 195 228 245
f 245 231 195
f 246 193 192
f 192 229 246
f 191 194 247
f 191 247 203
f 248 231 249
f 232 231 248
f 249 250 248
f 248 250 251
f 248 251 252
f 248 252 232
f 253 201 200
f 254 253 200
f 185 255 200
f 200 255 254
f 234 233 256
f 234 256 235
f 257 237 236
f 236 238 258
f 258 257 236
f 194 193 259
f 259 247 194
f 233 237 257
f 207 237 233
f 257 256 233
f 193 260 259
f 246 260 193
f 242 261 243
f 78 261 242
f 57 78 242
f 262 263 240
f 240 263 160
f 240 239 262
f 228 188 264
f 265 245 228
f 228 264 265
f 78 266 261
f 261 266 267
f 261 268 243
f 267 268 261
f 188 201 264
f 263 269 185
f 270 269 263
f 263 185 160
f 263 262 271
f 271 270 263
f 231 245 272
f 272 249 231
f 265 272 245
f 250 249 273
f 250 273 274
f 275 251 250
f 250 276 277
f 274 276 250
f 277 275 250
f 278 279 266
f 266 279 280
f 266 78 278
f 280 267 266
f 281 282 283
f 283 284 285
f 283 285 286
f 283 286 281
f 249 272 287
f 287 273 249
f 272 288 287
f 265 288 272
f 289 264 201
f 201 253 289
f 288 264 290
f 265 264 288
f 291 287 288
f 288 290 291
f 269 292 255
f 293 292 269
f 269 255 185
f 269 270 293
f 264 294 290
f 289 294 264
f 273 287 295
f 295 296 273
f 273 296 274
f 291 295 287
f 292 297 254
f 298 297 292
f 254 255 292
f 292 293 298
f 299 290 294
f 294 253 300
f 289 253 294
f 301 299 294
f 294 300 301
f 302 303 304
f 304 303 305
f 304 306 276
f 307 306 304
f 304 276 302
f 305 307 304
f 290 299 291
f 253 308 300
f 254 308 253
f 309 310 311
f 311 310 312
f 311 279 313
f 280 279 311
f 311 313 309
f 311 312 314
f 311 314 280
f 315 291 299
f 316 315 299
f 301 316 299
f 317 318 297
f 297 318 254
f 298 317 297
f 296 295 319
f 296 319 320
f 302 276 296
f 296 276 274
f 320 302 296
f 295 291 321
f 295 321 319
f 315 321 291
f 309 322 310
f 310 322 312
f 323 324 318
f 318 324 308
f 317 323 318
f 318 308 254
f 302 325 303
f 303 325 305
f 321 326 319
f 315 326 321
f 327 328 322
f 322 328 329
f 322 309 327
f 329 312 322
f 330 319 331
f 320 319 330
f 330 331 332
f 330 332 333
f 330 333 302
f 330 302 320
f 323 334 324
f 324 334 308
f 327 335 328
f 328 335 336
f 336 329 328
f 331 319 326
f 326 315 337
f 326 337 331
f 333 338 325
f 325 338 339
f 302 333 325
f 325 339 305
f 315 316 337
f 340 341 334
f 334 341 342
f 334 323 340
f 342 308 334
f 343 344 335
f 335 344 336
f 327 343 335
f 345 346 341
f 341 346 342
f 341 340 347
f 347 345 341
f 348 349 350
f 351 349 348
f 348 350 301
f 300 308 348
f 348 308 351
f 301 300 348
f 352 337 316
f 353 352 316
f 301 350 316
f 316 350 353
f 354 331 337
f 337 352 354
f 343 355 344
f 344 355 356
f 344 356 336
f 357 332 331
f 331 354 357
f 358 359 346
f 346 359 360
f 345 358 346
f 360 342 346
f 343 361 355
f 355 361 362
f 363 356 355
f 362 363 355
f 364 350 349
f 365 366 349
f 349 366 364
f 367 365 349
f 349 351 367
f 368 369 332
f 332 369 370
f 357 368 332
f 370 333 332
f 371 354 352
f 352 372 371
f 353 372 352
f 354 371 373
f 354 373 357
f 364 353 350
f 359 374 375
f 376 374 359
f 359 375 360
f 359 358 377
f 377 376 359
f 361 378 379
f 380 378 361
f 361 343 380
f 361 379 362
f 381 382 374
f 374 382 375
f 376 381 374
f 378 383 384
f 380 383 378
f 384 379 378
f 383 385 386
f 386 385 387
f 387 383 386
f 388 389 390
f 390 389 391
f 392 388 390
f 390 393 387
f 391 393 390
f 387 392 390
f 394 395 389
f 389 395 391
f 389 388 394
f 395 396 397
f 398 396 395
f 395 397 399
f 395 394 398
f 399 391 395
f 400 397 396
f 396 398 400
f 400 401 397
f 397 401 399
f 402 403 401
f 401 403 399
f 401 400 404
f 401 404 402
f 405 406 403
f 403 406 407
f 403 402 405
f 407 399 403
f 406 405 382
f 406 382 408
f 406 408 407
f 338 409 339
f 410 409 338
f 338 333 370
f 338 370 410
f 411 394 388
f 392 411 388
f 412 413 385
f 385 413 392
f 383 412 385
f 385 392 387
f 414 398 394
f 411 414 394
f 415 416 417
f 417 416 418
f 418 419 417
f 414 400 398
f 420 421 422
f 423 421 420
f 420 422 424
f 420 424 425
f 425 426 420
f 420 426 427
f 427 423 420
f 428 404 400
f 429 428 400
f 400 414 429
f 369 368 430
f 369 430 431
f 369 431 370
f 366 372 364
f 432 372 366
f 433 434 366
f 366 434 432
f 366 365 433
f 435 371 372
f 432 435 372
f 372 353 364
f 436 373 371
f 435 436 371
f 436 368 373
f 373 368 357
f 368 436 430
f 437 405 438
f 439 405 437
f 437 438 440
f 437 440 441
f 437 441 360
f 375 439 437
f 360 375 437
f 409 442 443
f 444 442 409
f 409 443 445
f 409 445 339
f 410 444 409
f 446 430 436
f 436 435 446
f 447 402 404
f 404 428 447
f 448 405 402
f 402 447 448
f 446 449 430
f 430 449 450
f 450 431 430
f 405 448 438
f 439 382 405
f 451 435 434
f 434 435 432
f 452 451 434
f 434 433 452
f 451 446 435
f 453 447 428
f 428 429 454
f 454 455 428
f 428 455 453
f 456 448 447
f 453 456 447
f 414 411 457
f 458 429 414
f 457 458 414
f 456 438 448
f 459 457 411
f 392 459 411
f 438 456 460
f 460 440 438
f 412 461 413
f 413 461 459
f 413 459 392
f 449 446 462
f 463 450 449
f 464 463 449
f 449 462 464
f 446 451 462
f 465 433 365
f 466 465 365
f 467 466 365
f 367 467 365
f 431 468 469
f 450 468 431
f 431 469 444
f 410 370 431
f 431 444 410
f 429 458 454
f 470 471 451
f 451 471 462
f 451 452 470
f 471 470 472
f 471 472 473
f 471 473 474
f 471 474 464
f 464 462 471
f 433 465 452
f 458 457 475
f 476 454 458
f 475 476 458
f 477 460 456
f 456 453 478
f 456 478 477
f 440 460 479
f 440 479 480
f 480 441 440
f 457 481 475
f 482 481 457
f 457 459 482
f 483 479 460
f 460 484 483
f 477 484 460
f 485 452 465
f 465 466 486
f 465 486 485
f 455 454 487
f 488 453 455
f 455 487 488
f 476 487 454
f 453 488 478
f 485 470 452
f 489 490 461
f 461 490 482
f 412 489 461
f 482 459 461
f 442 469 491
f 444 469 442
f 442 491 443
f 470 492 472
f 485 492 470
f 493 469 468
f 494 493 468
f 468 450 463
f 468 463 494
f 495 475 481
f 496 495 481
f 481 482 496
f 479 483 497
f 498 480 479
f 479 497 498
f 499 486 466
f 500 501 466
f 466 501 499
f 467 500 466
f 492 486 502
f 485 486 492
f 492 502 503
f 503 472 492
f 504 488 487
f 487 476 505
f 505 504 487
f 499 502 486
f 504 506 488
f 488 506 478
f 475 505 476
f 507 484 506
f 506 484 478
f 506 504 508
f 508 507 506
f 507 483 484
f 477 478 484
f 483 507 509
f 483 509 510
f 510 497 483
f 511 512 490
f 490 512 496
f 490 489 511
f 496 482 490
f 505 475 513
f 505 513 514
f 475 495 513
f 515 513 495
f 496 515 495
f 513 515 516
f 516 514 513
f 501 517 499
f 518 517 501
f 501 500 519
f 501 519 520
f 501 520 518
f 521 503 502
f 499 521 502
f 472 503 522
f 523 473 472
f 472 522 523
f 496 524 515
f 515 524 525
f 512 526 524
f 511 526 512
f 512 524 496
f 517 521 499
f 527 521 517
f 517 518 527
f 528 491 469
f 469 493 528
f 503 521 529
f 529 522 503
f 530 474 473
f 523 531 473
f 473 531 530
f 527 532 521
f 521 532 529
f 533 534 526
f 526 534 525
f 525 524 526
f 526 511 533
f 535 536 537
f 537 536 520
f 538 535 537
f 539 538 537
f 537 519 539
f 520 519 537
f 540 541 536
f 536 541 542
f 536 535 540
f 542 520 536
f 522 532 543
f 529 532 522
f 522 544 531
f 543 544 522
f 522 531 523
f 545 546 541
f 541 546 542
f 541 547 548
f 540 547 541
f 548 545 541
f 532 549 550
f 527 549 532
f 532 550 543
f 491 528 551
f 491 552 443
f 553 552 491
f 491 551 553
f 554 528 493
f 555 554 493
f 493 556 555
f 494 556 493
f 557 551 528
f 528 554 558
f 528 558 557
f 559 560 561
f 562 563 544
f 544 563 530
f 530 531 544
f 544 543 562
f 564 549 565
f 565 549 527
f 566 564 565
f 518 542 565
f 565 542 566
f 527 518 565
f 534 567 568
f 533 567 534
f 534 568 525
f 535 569 540
f 570 569 535
f 535 538 571
f 535 571 572
f 572 570 535
f 573 111 489
f 574 575 489
f 489 575 573
f 489 412 576
f 489 576 574
f 573 577 578
f 553 579 552
f 552 579 580
f 552 581 582
f 580 581 552
f 552 582 583
f 445 443 552
f 583 445 552
f 584 585 586
f 580 585 584
f 584 587 580
f 588 587 584
f 584 586 588
f 589 550 549
f 549 564 589
f 567 590 591
f 567 591 592
f 592 568 567
f 593 564 546
f 546 564 566
f 546 545 593
f 566 542 546
f 550 589 594
f 550 594 562
f 562 543 550
f 595 547 569
f 569 547 540
f 569 596 595
f 570 596 569
f 597 598 599
f 600 589 564
f 564 593 600
f 598 597 601
f 598 601 602
f 603 604 605
f 603 606 607
f 608 606 603
f 603 605 608
f 609 548 547
f 547 595 609
f 589 600 610
f 589 611 594
f 610 611 589
f 612 596 613
f 613 596 572
f 614 612 613
f 613 572 615
f 613 615 616
f 613 616 614
f 596 612 595
f 596 570 572
f 545 548 617
f 617 593 545
f 591 618 592
f 618 619 592
f 620 595 612
f 612 621 620
f 614 621 612
f 551 579 553
f 622 579 551
f 551 557 622
f 601 623 624
f 624 625 601
f 601 625 602
f 626 617 548
f 609 626 548
f 627 628 629
f 629 628 614
f 630 627 629
f 629 631 630
f 616 631 629
f 614 616 629
f 632 600 593
f 593 617 632
f 600 632 633
f 600 633 610
f 595 620 634
f 635 609 595
f 634 635 595
f 636 621 628
f 628 621 614
f 637 636 628
f 627 637 628
f 638 620 621
f 621 636 638
f 617 626 639
f 639 632 617
f 640 641 560
f 560 641 642
f 559 640 560
f 626 609 643
f 626 644 639
f 643 644 626
f 620 638 634
f 645 637 627
f 646 637 645
f 645 647 648
f 649 647 645
f 645 648 646
f 645 627 650
f 650 649 645
f 609 635 643
f 651 625 652
f 602 625 651
f 651 652 649
f 651 649 653
f 651 653 602
f 623 654 624
f 632 639 655
f 632 655 656
f 632 656 633
f 657 638 636
f 636 637 657
f 635 634 658
f 659 643 635
f 658 659 635
f 660 624 654
f 661 647 652
f 652 647 649
f 662 634 638
f 638 657 662
f 663 664 665
f 666 664 663
f 665 667 663
f 663 667 668
f 669 670 663
f 663 670 666
f 668 669 663
f 671 672 673
f 673 672 674
f 673 675 676
f 668 675 673
f 673 676 671
f 673 674 677
f 673 677 668
f 678 679 672
f 672 679 680
f 672 671 678
f 680 674 672
f 681 682 679
f 679 682 680
f 679 678 683
f 679 683 681
f 681 684 682
f 682 684 685
f 682 686 687
f 685 686 682
f 682 687 688
f 688 680 682
f 684 689 690
f 681 689 684
f 684 690 685
f 691 692 693
f 693 692 694
f 685 695 693
f 693 695 696
f 696 691 693
f 693 686 685
f 694 686 693
f 697 698 699
f 699 698 694
f 699 692 700
f 694 692 699
f 699 700 697
f 701 702 698
f 698 702 703
f 698 697 701
f 703 694 698
f 704 705 706
f 707 705 704
f 704 702 707
f 703 702 704
f 706 708 704
f 704 708 703
f 709 710 711
f 711 710 712
f 711 713 709
f 712 713 711
f 714 715 710
f 710 715 716
f 710 709 714
f 710 716 712
f 717 718 715
f 715 718 719
f 714 717 715
f 719 716 715
f 717 720 718
f 718 720 721
f 722 719 718
f 718 721 722
f 723 724 720
f 720 724 725
f 717 723 720
f 720 725 721
f 723 726 724
f 724 726 727
f 727 725 724
f 707 728 705
f 705 728 729
f 730 676 675
f 675 667 730
f 668 667 675
f 702 701 731
f 702 731 728
f 702 728 707
f 692 732 700
f 691 732 692
f 733 657 637
f 734 733 637
f 646 734 637
f 735 648 647
f 647 661 736
f 647 736 735
f 737 700 732
f 732 691 738
f 732 738 737
f 664 739 740
f 741 739 664
f 664 740 665
f 666 741 664
f 742 671 676
f 676 743 742
f 744 743 676
f 730 744 676
f 745 678 671
f 671 742 745
f 746 683 678
f 678 745 746
f 747 689 683
f 683 689 681
f 683 746 747
f 748 690 689
f 689 747 748
f 749 695 690
f 690 695 685
f 690 748 749
f 695 749 750
f 695 750 696
f 751 697 700
f 700 737 752
f 752 751 700
f 753 701 697
f 697 751 754
f 697 754 753
f 755 731 701
f 701 753 755
f 634 662 756
f 756 658 634
f 579 757 109
f 622 757 579
f 579 109 107
f 107 758 579
f 579 758 580
f 585 758 107
f 580 758 585
f 107 759 585
f 585 759 586
f 760 738 691
f 696 760 691
f 761 728 731
f 731 755 762
f 731 762 761
f 763 639 644
f 644 643 764
f 644 764 763
f 639 763 655
f 761 765 728
f 728 765 729
f 766 734 648
f 648 734 646
f 735 766 648
f 767 737 738
f 738 760 768
f 738 768 767
f 737 767 769
f 737 769 752
f 770 754 751
f 751 771 770
f 752 771 751
f 772 753 754
f 754 770 773
f 754 773 772
f 774 755 753
f 753 772 774
f 775 762 755
f 755 774 775
f 741 776 739
f 739 776 777
f 777 740 739
f 778 736 661
f 760 750 779
f 696 750 760
f 779 768 760
f 643 659 764
f 780 742 743
f 743 781 780
f 782 781 743
f 744 782 743
f 783 745 742
f 742 780 783
f 784 746 745
f 745 783 784
f 785 747 746
f 746 784 785
f 786 748 747
f 747 785 786
f 786 749 748
f 787 750 749
f 749 786 787
f 787 779 750
f 657 733 662
f 762 775 788
f 762 788 789
f 762 789 761
f 733 734 790
f 790 662 733
f 791 766 736
f 736 766 735
f 736 778 791
f 792 767 768
f 768 779 793
f 768 793 792
f 794 769 767
f 767 792 794
f 795 771 769
f 769 771 752
f 769 794 795
f 796 770 771
f 771 795 796
f 797 773 770
f 770 796 798
f 770 798 797
f 799 772 773
f 773 797 800
f 773 800 799
f 801 774 772
f 772 799 801
f 774 801 775
f 779 787 802
f 803 793 779
f 802 803 779
f 804 805 765
f 765 761 804
f 659 658 806
f 806 764 659
f 734 766 807
f 807 790 734
f 808 756 662
f 790 808 662
f 658 756 806
f 809 810 811
f 811 810 812
f 811 776 813
f 814 776 811
f 813 809 811
f 812 814 811
f 791 815 766
f 766 815 807
f 804 816 805
f 817 780 781
f 818 817 781
f 819 818 781
f 781 782 819
f 820 783 780
f 780 817 821
f 780 821 820
f 822 784 783
f 783 820 822
f 823 785 784
f 784 822 823
f 824 786 785
f 785 823 824
f 825 787 786
f 786 824 825
f 787 825 826
f 787 826 802
f 827 792 793
f 793 803 827
f 828 794 792
f 792 827 828
f 828 795 794
f 829 796 795
f 795 828 829
f 830 798 796
f 796 829 831
f 796 831 830
f 832 797 798
f 798 830 832
f 832 800 797
f 833 799 800
f 800 832 834
f 834 833 800
f 833 801 799
f 835 775 801
f 836 835 801
f 801 833 836
f 835 788 775
f 837 791 778
f 778 838 837
f 756 808 839
f 839 806 756
f 840 789 788
f 788 835 841
f 788 841 840
f 764 806 842
f 764 842 763
f 808 790 843
f 843 839 808
f 790 807 844
f 844 843 790
f 803 826 845
f 802 826 803
f 845 827 803
f 815 791 837
f 846 807 815
f 815 837 846
f 789 816 804
f 847 816 789
f 804 761 789
f 789 840 847
f 848 841 835
f 835 836 848
f 849 850 810
f 810 850 851
f 810 809 849
f 851 812 810
f 852 837 838
f 806 839 853
f 806 853 842
f 807 846 844
f 841 848 854
f 841 854 855
f 841 855 840
f 856 857 816
f 847 856 816
f 858 821 817
f 817 859 858
f 860 859 817
f 818 860 817
f 861 820 821
f 821 858 861
f 862 822 820
f 820 861 862
f 863 823 822
f 822 862 863
f 864 824 823
f 823 863 864
f 865 825 824
f 824 864 865
f 865 826 825
f 866 845 826
f 826 865 866
f 867 868 850
f 850 868 869
f 849 867 850
f 869 851 850
f 852 846 837
f 870 828 827
f 827 845 871
f 827 871 872
f 827 872 870
f 873 829 828
f 828 870 873
f 873 831 829
f 874 830 831
f 831 873 875
f 831 875 874
f 876 832 830
f 830 874 876
f 832 877 834
f 876 877 832
f 878 836 833
f 833 877 878
f 834 877 833
f 836 878 848
f 839 843 879
f 839 879 853
f 880 871 845
f 866 880 845
f 856 881 857
f 857 881 882
f 846 852 883
f 884 844 846
f 846 883 884
f 843 844 885
f 843 885 879
f 852 886 883
f 887 872 871
f 871 880 887
f 888 870 872
f 889 888 872
f 872 887 889
f 890 873 870
f 870 888 890
f 890 875 873
f 891 874 875
f 875 890 892
f 875 892 891
f 893 894 874
f 874 894 876
f 874 891 893
f 895 878 877
f 876 895 877
f 896 848 878
f 878 895 896
f 897 854 848
f 848 896 897
f 844 884 885
f 880 866 898
f 880 898 887
f 854 897 899
f 899 900 854
f 854 900 855
f 868 901 902
f 867 901 868
f 868 902 869
f 903 858 859
f 859 904 903
f 902 904 859
f 859 860 902
f 903 861 858
f 905 862 861
f 861 903 905
f 905 863 862
f 906 864 863
f 863 905 906
f 907 865 864
f 906 907 864
f 898 866 865
f 865 907 898
f 908 890 888
f 888 889 908
f 890 908 892
f 909 895 894
f 894 895 876
f 894 893 909
f 910 896 895
f 895 909 910
f 911 897 896
f 896 910 911
f 897 911 899
f 881 856 912
f 913 882 881
f 912 914 881
f 881 914 913
f 900 899 915
f 912 855 900
f 915 916 900
f 900 916 914
f 900 914 912
f 917 904 901
f 901 904 902
f 918 917 901
f 867 918 901
f 919 903 904
f 904 920 919
f 917 920 904
f 921 905 903
f 919 921 903
f 905 921 922
f 905 922 923
f 905 923 906
f 924 898 907
f 906 923 907
f 907 923 925
f 907 925 924
f 926 887 898
f 898 927 926
f 924 927 898
f 928 889 887
f 926 928 887
f 929 908 889
f 930 929 889
f 889 928 930
f 929 892 908
f 931 891 892
f 929 932 892
f 892 932 931
f 931 893 891
f 933 909 893
f 931 933 893
f 934 910 909
f 909 933 934
f 935 936 937
f 938 936 935
f 939 940 935
f 935 940 938
f 935 937 941
f 942 939 935
f 935 941 670
f 935 670 669
f 935 669 943
f 943 942 935
f 936 944 945
f 946 944 936
f 936 945 947
f 920 937 936
f 947 920 936
f 936 938 948
f 936 948 946
f 934 911 910
f 949 899 911
f 911 934 949
f 949 915 899
f 950 944 951
f 952 944 950
f 951 953 950
f 950 953 954
f 950 954 952
f 955 945 944
f 952 955 944
f 956 951 944
f 944 946 956
f 957 958 959
f 959 958 952
f 959 953 960
f 954 953 959
f 959 960 957
f 952 954 959
f 957 961 958
f 958 961 952
f 962 963 961
f 961 963 955
f 964 962 961
f 957 964 961
f 961 955 952
f 963 965 955
f 966 965 963
f 963 962 966
f 967 955 965
f 968 967 965
f 965 969 968
f 970 969 965
f 965 966 970
f 971 972 973
f 712 972 971
f 971 973 974
f 971 975 942
f 974 975 971
f 942 713 971
f 971 713 712
f 972 976 977
f 716 976 972
f 977 973 972
f 712 716 972
f 976 978 977
f 719 978 976
f 976 716 719
f 978 979 980
f 722 979 978
f 980 977 978
f 978 719 722
f 721 981 979
f 722 721 979
f 725 982 981
f 721 725 981
f 983 984 968
f 970 985 983
f 968 969 983
f 983 969 970
f 982 725 727
f 973 977 986
f 986 987 973
f 973 987 974
f 977 980 988
f 977 988 986
f 980 989 988
f 990 884 883
f 991 885 884
f 990 991 884
f 992 879 885
f 991 992 885
f 993 853 879
f 879 992 993
f 994 842 853
f 853 993 994
f 995 763 842
f 994 995 842
f 995 655 763
f 995 656 655
f 996 997 656
f 656 997 610
f 656 995 996
f 610 633 656
f 998 999 997
f 997 999 611
f 997 996 998
f 997 611 610
f 998 1000 999
f 999 1000 611
f 1000 1001 1002
f 998 1001 1000
f 1000 1002 611
f 998 1003 1001
f 1001 1003 1004
f 1004 1002 1001
f 1005 1006 1003
f 1003 1006 555
f 1003 998 1005
f 1003 555 1004
f 1005 554 1006
f 1006 554 555
f 1005 558 554
f 622 557 558
f 558 1005 622
f 1007 1008 1009
f 1010 1008 1007
f 1009 1011 1007
f 1007 1011 940
f 1007 940 939
f 1007 939 1012
f 1007 1013 1010
f 1012 1013 1007
f 1014 1009 1008
f 1015 1014 1008
f 1008 953 951
f 1010 953 1008
f 1008 951 1015
f 1016 1017 1018
f 1018 1017 1019
f 1010 1013 1018
f 1018 1013 1020
f 1021 1010 1018
f 1019 1021 1018
f 1022 1016 1018
f 1020 1023 1018
f 1018 1023 1022
f 1024 1017 1016
f 1025 1017 1024
f 1024 1016 1022
f 1026 1025 1024
f 1027 1026 1024
f 1022 1027 1024
f 1028 1029 1030
f 1030 1029 1031
f 1032 1028 1030
f 1031 1033 1030
f 1030 1033 1034
f 1030 1034 1032
f 1029 1035 1036
f 1037 1035 1029
f 1029 1036 1038
f 1029 1028 1037
f 1038 1031 1029
f 1035 1039 1040
f 1041 1039 1035
f 1040 1036 1035
f 1037 1041 1035
f 1041 1042 1043
f 1043 1042 1044
f 1043 1039 1041
f 1045 1039 1043
f 1044 1045 1043
f 986 1046 1047
f 1047 1046 1048
f 1047 987 986
f 1049 987 1047
f 1050 1049 1047
f 1048 1050 1047
f 986 1051 1046
f 1046 1051 1048
f 989 1052 1051
f 1051 1052 1053
f 1054 989 1051
f 1051 986 1054
f 1053 1048 1051
f 1055 1056 1042
f 1042 1056 1057
f 1042 1041 1055
f 1042 1057 1044
f 1058 1059 1052
f 1052 1059 1053
f 1052 989 1058
f 1056 1060 1061
f 1055 1060 1056
f 1056 1061 1057
f 1062 1063 1064
f 1064 1063 1055
f 1064 1059 1062
f 1041 1059 1064
f 1055 1041 1064
f 1060 1065 1066
f 1067 1065 1060
f 1060 1066 1068
f 1069 1061 1060
f 1060 1055 1067
f 1060 1068 1069
f 1065 1070 1071
f 1067 1070 1065
f 1071 1066 1065
f 1072 1073 1063
f 1063 1073 1067
f 1062 1072 1063
f 1067 1055 1063
f 1074 1075 1073
f 1073 1075 1076
f 1073 1072 1077
f 1077 1074 1073
f 1073 1076 1067
f 1078 1079 1075
f 1075 1079 1080
f 1074 1078 1075
f 1075 1080 1076
f 1070 1081 1082
f 1076 1081 1070
f 1083 1071 1070
f 1070 1082 1084
f 1067 1076 1070
f 1070 1084 1083
f 1081 1085 1086
f 1076 1085 1081
f 1081 1086 1082
f 1087 1088 1079
f 1079 1088 1089
f 1079 1078 1087
f 1079 1089 1080
f 1085 1090 1091
f 1080 1090 1085
f 1091 1086 1085
f 1076 1080 1085
f 1092 1093 1088
f 1088 1093 1094
f 1087 1092 1088
f 1088 1094 1089
f 1095 1096 1093
f 1093 1096 1094
f 1092 1095 1093
f 1097 1098 1096
f 1096 1098 1099
f 1096 1095 1100
f 1100 1097 1096
f 1096 1099 1094
f 1090 1101 1102
f 1080 1101 1090
f 1090 1102 1091
f 1097 1103 1098
f 1098 1103 1104
f 1098 1104 1099
f 1101 1105 1106
f 1089 1105 1101
f 1106 1102 1101
f 1080 1089 1101
f 1105 1107 1108
f 1089 1107 1105
f 1105 1108 1106
f 1107 1109 1110
f 1094 1109 1107
f 1110 1108 1107
f 1089 1094 1107
f 1109 1111 1112
f 1094 1111 1109
f 1112 1110 1109
f 1111 1113 1114
f 1099 1113 1111
f 1114 1112 1111
f 1094 1099 1111
f 1113 1115 1116
f 1099 1115 1113
f 1116 1114 1113
f 1099 1117 1115
f 1115 1117 1118
f 1119 1120 1115
f 1115 1120 1116
f 1121 1122 1123
f 1122 1121 1124
f 1122 1124 1125
f 1122 1125 1126
f 1127 1128 1129
f 1129 1128 1130
f 1129 1131 1127
f 1132 1131 1129
f 1130 1132 1129
f 1127 1133 1128
f 1128 1133 1134
f 1128 1134 1130
f 1135 1136 1137
f 1138 1136 1135
f 1135 1137 1139
f 1135 1139 1140
f 1140 1138 1135
f 1136 1141 1137
f 1138 1141 1136
f 1009 1142 1011
f 1011 1142 948
f 948 940 1011
f 1142 1009 1014
f 1142 1014 1015
f 1142 1015 948
f 1143 1144 1145
f 1145 1144 1146
f 1147 1143 1145
f 1145 1146 1147
f 1144 1143 1148
f 1144 1149 1146
f 1150 1149 1144
f 1144 1148 1150
f 1066 1071 1151
f 1151 1068 1066
f 1143 1152 1148
f 1151 1152 1143
f 1143 1147 1068
f 1143 1068 1151
f 1083 1152 1071
f 1071 1152 1151
f 1152 1153 1154
f 1155 1153 1152
f 1152 1154 1148
f 1084 1155 1152
f 1083 1084 1152
f 1156 1154 1153
f 1157 1156 1153
f 1155 1157 1153
f 1154 1156 1158
f 1158 1148 1154
f 1159 1124 1121
f 1121 1160 1159
f 1124 1159 1125
f 1159 1161 1125
f 1162 1163 1164
f 1165 1163 1162
f 1162 1164 1166
f 1162 1166 1165
f 1167 1164 1163
f 1168 1167 1163
f 1163 1165 1169
f 1169 1168 1163
f 1164 1167 1170
f 1170 1166 1164
f 1168 1170 1167
f 1171 1172 1173
f 1174 1172 1171
f 1171 1173 1175
f 1176 1174 1171
f 1171 1175 1176
f 1177 1173 1172
f 1178 1177 1172
f 1179 1178 1172
f 1172 1174 1180
f 1172 1180 1179
f 1181 1173 1182
f 1183 1173 1181
f 1181 1182 1184
f 1181 1184 1183
f 1185 1182 1173
f 1173 1177 1185
f 1186 1175 1173
f 1183 1186 1173
f 1182 1187 1188
f 1185 1187 1182
f 1188 1184 1182
f 1187 1177 1189
f 1185 1177 1187
f 1190 1188 1187
f 1189 1190 1187
f 1178 1191 1177
f 1177 1191 1192
f 1192 1193 1177
f 1177 1193 1189
f 1191 1178 1192
f 1178 1194 1192
f 1179 1194 1178
f 1195 1196 1197
f 1198 1196 1195
f 1195 1199 1198
f 1200 1197 1196
f 1196 1198 1200
f 1200 1201 1197
f 1197 1201 1202
f 1203 1204 1127
f 1205 1204 1203
f 1203 1127 1205
f 1204 1133 1127
f 1206 1133 1204
f 1204 1207 1206
f 1205 1207 1204
f 1137 1208 1209
f 1209 1208 1210
f 1211 1137 1209
f 1209 1210 1211
f 1208 1212 1210
f 1213 1212 1208
f 1137 1141 1208
f 1208 1141 1213
f 1166 1170 1214
f 1215 1165 1166
f 1166 1214 1215
f 1216 1217 1170
f 1170 1217 1214
f 1170 1168 1218
f 1218 1216 1170
f 1219 1220 1217
f 1217 1220 1221
f 1217 1216 1222
f 1217 1222 1219
f 1221 1214 1217
f 1220 1223 1224
f 1225 1223 1220
f 1219 1226 1220
f 1220 1226 1225
f 1224 1221 1220
f 1227 1228 1223
f 1223 1228 1229
f 1225 1227 1223
f 1229 1224 1223
f 1230 1231 1228
f 1228 1231 1229
f 1227 1230 1228
f 1232 1233 1231
f 1231 1233 1229
f 1230 1232 1231
f 1234 1235 1233
f 1233 1235 1229
f 1233 1232 1234
f 1235 1236 1237
f 1238 1236 1235
f 1235 1237 1229
f 1234 1238 1235
f 1239 1240 1236
f 1236 1240 1241
f 1241 1237 1236
f 1236 1238 1239
f 1242 1243 1244
f 1221 1243 1242
f 1245 1246 1242
f 1242 1246 1221
f 1242 1244 1245
f 1243 1247 1248
f 1224 1247 1243
f 1243 1248 1244
f 1243 1221 1224
f 1247 1249 1250
f 1229 1249 1247
f 1247 1250 1248
f 1247 1224 1229
f 1251 1252 1240
f 1240 1252 1241
f 1239 1251 1240
f 1249 1237 1253
f 1229 1237 1249
f 1253 1250 1249
f 1237 1254 1255
f 1241 1254 1237
f 1256 1253 1237
f 1255 1256 1237
f 1257 1184 1252
f 1252 1184 1241
f 1252 1251 1257
f 1254 1258 1255
f 1241 1258 1254
f 1184 1188 1259
f 1184 1257 1186
f 1259 1241 1184
f 1184 1186 1183
f 1188 1190 1259
f 1258 1260 1261
f 1259 1260 1258
f 1258 1261 1255
f 1258 1241 1259
f 1260 1262 1263
f 1264 1262 1260
f 1260 1263 1261
f 1260 1259 1264
f 1262 1265 1266
f 1267 1265 1262
f 1268 1263 1262
f 1266 1268 1262
f 1262 1264 1267
f 1269 1270 1190
f 1190 1270 1264
f 1189 1269 1190
f 1264 1259 1190
f 1271 1272 1270
f 1270 1272 1264
f 1270 1269 1271
f 1265 1273 1266
f 1274 1273 1265
f 1265 1275 1276
f 1267 1275 1265
f 1265 1276 1274
f 1277 1275 1272
f 1272 1275 1267
f 1271 1277 1272
f 1267 1264 1272
f 1273 1278 1279
f 1274 1278 1273
f 1273 1279 1280
f 1273 1280 1266
f 1278 1281 1282
f 1283 1281 1278
f 1282 1279 1278
f 1278 1274 1283
f 1281 1284 1285
f 1283 1284 1281
f 1286 1282 1281
f 1281 1285 1286
f 1287 1276 1275
f 1277 1287 1275
f 1284 1288 1289
f 1283 1288 1284
f 1284 1289 1290
f 1284 1291 1285
f 1290 1291 1284
f 1292 1293 1276
f 1276 1293 1274
f 1276 1287 1292
f 1292 1294 1293
f 1293 1294 1274
f 1294 1292 1295
f 1294 1295 1296
f 1294 1296 1274
f 1297 1288 1298
f 1298 1288 1283
f 1298 1299 1297
f 1296 1299 1298
f 1283 1296 1298
f 1300 1289 1288
f 1288 1297 1300
f 1301 1200 1198
f 1302 1303 1304
f 1304 1303 1305
f 1304 1306 1302
f 1305 1306 1304
f 1307 1308 1303
f 1303 1308 1309
f 1303 1302 1307
f 1303 1309 1310
f 1310 1305 1303
f 1308 1307 1311
f 1308 1311 1312
f 1308 1312 1313
f 1313 1309 1308
f 1314 1315 1316
f 1316 1315 1317
f 1316 1318 1314
f 1319 1318 1316
f 1316 1320 1319
f 1321 1320 1316
f 1316 1317 1321
f 1322 1323 1324
f 1324 1323 1325
f 1324 1326 1322
f 1317 1326 1324
f 1324 1325 1327
f 1327 1317 1324
f 1328 1329 1323
f 1323 1329 1325
f 1323 1322 1328
f 1330 1331 1329
f 1329 1331 1332
f 1329 1328 1333
f 1329 1333 1330
f 1332 1325 1329
f 1331 1334 1335
f 1336 1334 1331
f 1331 1330 1337
f 1331 1337 1336
f 1331 1335 1332
f 1334 1338 1335
f 1336 1338 1334
f 1339 1340 1341
f 1310 1340 1339
f 1341 1165 1339
f 1339 1165 1215
f 1215 1342 1339
f 1339 1342 1343
f 1344 1305 1339
f 1339 1305 1310
f 1345 1344 1339
f 1343 1345 1339
f 1346 1347 1340
f 1340 1347 1169
f 1309 1346 1340
f 1310 1309 1340
f 1340 1169 1341
f 1348 1349 1338
f 1338 1349 1335
f 1338 1350 1348
f 1336 1350 1338
f 1351 1352 1349
f 1349 1352 1353
f 1349 1348 1351
f 1353 1335 1349
f 1351 1354 1352
f 1352 1354 1355
f 1352 1356 1353
f 1355 1356 1352
f 1218 1347 1357
f 1357 1347 1358
f 1359 1218 1357
f 1357 1358 1359
f 1347 1168 1169
f 1218 1168 1347
f 1347 1346 1360
f 1347 1360 1358
f 1361 1362 1363
f 1364 1362 1361
f 1363 1355 1361
f 1361 1355 1365
f 1365 1364 1361
f 1358 1366 1367
f 1367 1366 1368
f 1367 1222 1359
f 1368 1222 1367
f 1359 1358 1367
f 1369 1370 1366
f 1366 1370 1371
f 1366 1358 1369
f 1371 1368 1366
f 1369 1372 1370
f 1370 1372 1371
f 1373 1374 1372
f 1372 1374 1375
f 1372 1369 1373
f 1372 1375 1371
f 1376 1377 1378
f 1379 1376 1378
f 1380 1379 1378
f 1381 1382 1374
f 1374 1382 1383
f 1373 1381 1374
f 1383 1375 1374
f 1384 1385 1386
f 1387 1385 1384
f 1246 1388 1384
f 1384 1388 1387
f 1389 1246 1384
f 1386 1390 1384
f 1384 1390 1389
f 1385 1391 1392
f 1387 1391 1385
f 1385 1392 1386
f 1393 1394 1391
f 1391 1394 1395
f 1387 1393 1391
f 1395 1392 1391
f 1394 1396 1397
f 1398 1396 1394
f 1394 1397 1395
f 1394 1393 1398
f 1381 1399 1382
f 1382 1399 1400
f 1400 1401 1382
f 1382 1401 1383
f 1402 1403 1396
f 1396 1403 1404
f 1404 1397 1396
f 1398 1402 1396
f 1405 1406 1403
f 1403 1406 1407
f 1402 1405 1403
f 1403 1407 1404
f 284 1408 1399
f 1399 1408 1409
f 1381 284 1399
f 1399 1409 1400
f 1406 1410 1407
f 1411 1410 1406
f 1406 1405 1411
f 1408 1251 1409
f 1244 1412 1388
f 1388 1412 1387
f 1388 1246 1245
f 1245 1244 1388
f 1412 1413 1393
f 1414 1413 1412
f 1412 1393 1387
f 1412 1244 1414
f 1413 1415 1393
f 1416 1417 1418
f 1418 1417 1419
f 1420 1416 1418
f 1418 1419 1421
f 1192 1422 1423
f 1423 1422 1424
f 1423 1193 1192
f 1425 1193 1423
f 1192 1426 1422
f 1422 1426 1427
f 1422 1427 1428
f 1422 1428 1424
f 1426 1429 1430
f 1431 1429 1426
f 1430 1432 1426
f 1426 1432 1427
f 1192 1194 1426
f 1426 1194 1433
f 1433 1431 1426
f 1434 1435 1436
f 1434 1436 1437
f 1434 1437 1416
f 1434 1416 1420
f 1438 1439 1440
f 1440 1439 1287
f 1428 1438 1440
f 1440 1287 1277
f 1424 1428 1440
f 1438 1441 1439
f 1439 1441 1292
f 1292 1287 1439
f 1438 1442 1441
f 1441 1442 1292
f 1442 1443 1295
f 1444 1443 1442
f 1442 1438 1444
f 1295 1292 1442
f 1443 1445 1299
f 1444 1445 1443
f 1443 1299 1446
f 1443 1446 1295
f 1445 1447 1297
f 1448 1447 1445
f 1297 1299 1445
f 1445 1444 1448
f 1447 1449 1300
f 1450 1449 1447
f 1300 1297 1447
f 1447 1448 1450
f 1451 1300 1449
f 1450 1451 1449
f 1435 1452 1453
f 1435 1453 1436
f 1452 1454 1455
f 1455 1453 1452
f 1456 1457 1301
f 1448 1457 1456
f 31 1458 1457
f 1457 1458 1459
f 1444 31 1457
f 1459 1301 1457
f 1448 1444 1457
f 1458 1201 1459
f 1460 1461 1454
f 1454 1461 426
f 1454 1462 1463
f 1463 1460 1454
f 1454 426 1464
f 1454 1464 1455
f 1465 1466 1461
f 1461 1466 427
f 1461 1460 1465
f 427 426 1461
f 1467 1468 1466
f 1466 1468 423
f 1465 1467 1466
f 1466 423 427
f 1469 421 1468
f 1468 421 423
f 1468 1467 1469
f 1470 1471 421
f 421 1471 422
f 421 1469 1470
f 1472 1473 1471
f 1471 1473 422
f 1471 1470 1472
f 1474 1475 1473
f 1473 1475 422
f 1473 1472 1474
f 1476 1477 1475
f 1475 1477 422
f 1474 1478 1475
f 1475 1478 1476
f 1476 1479 1477
f 1477 1479 1480
f 1480 422 1477
f 1481 1482 1479
f 1479 1482 1483
f 1479 1476 1484
f 1479 1484 1485
f 1479 1485 1481
f 1483 1480 1479
f 1481 1486 1482
f 1482 1486 1483
f 1487 1488 1486
f 1486 1488 1483
f 1481 1487 1486
f 1489 1490 1488
f 1488 1490 1491
f 1488 1487 1489
f 1488 1491 1483
f 1489 1492 1490
f 1490 1492 1493
f 1490 1493 1491
f 1494 1495 1496
f 1496 1495 1497
f 1496 1498 1494
f 1493 1498 1496
f 1496 1497 1493
f 1499 1500 1495
f 1495 1500 1497
f 1495 1494 1499
f 1501 1502 1500
f 1500 1502 1503
f 1499 1501 1500
f 1500 641 1497
f 1503 641 1500
f 1501 1504 1502
f 1502 1504 1503
f 1501 1505 1504
f 1504 1505 1503
f 1506 1302 1306
f 1305 1506 1306
f 1507 1508 1315
f 1315 1508 1317
f 1315 1314 1507
f 1354 1351 1509
f 1354 1509 1510
f 1354 1510 1511
f 1511 1355 1354
f 1341 1169 1165
f 1512 1307 1302
f 1302 1506 1512
f 1513 1311 1307
f 1307 1512 1513
f 1514 1515 1311
f 1311 1515 1312
f 1311 1513 1514
f 1516 1517 1515
f 1515 1517 1312
f 1515 1514 1518
f 1515 1518 1516
f 1516 1519 1517
f 1517 1519 1520
f 1520 1312 1517
f 1521 1318 1519
f 1519 1318 1520
f 1522 1521 1519
f 1519 1516 1522
f 1521 1314 1318
f 1319 1520 1318
f 1523 1326 1508
f 1508 1326 1317
f 1508 1507 1524
f 1524 1523 1508
f 1523 1322 1326
f 1525 1328 1322
f 1322 1523 1526
f 1322 1526 1525
f 1525 1333 1328
f 1527 1330 1333
f 1333 1525 1527
f 1528 1337 1330
f 1527 1528 1330
f 1337 1528 1529
f 1529 1530 1337
f 1337 1530 1336
f 1531 1348 1350
f 1350 1530 1531
f 1336 1530 1350
f 1532 1351 1348
f 1348 1531 1532
f 1532 1509 1351
f 1533 1534 1535
f 1536 1534 1533
f 1377 1362 1533
f 1533 1362 1364
f 1537 1377 1533
f 1535 1537 1533
f 1533 1364 1365
f 1365 1536 1533
f 1462 1538 1463
f 1505 1501 1539
f 1540 1541 1505
f 1505 1541 1503
f 1505 1539 1540
f 1314 1521 1542
f 1542 1507 1314
f 1543 1544 1460
f 1460 1544 1465
f 1463 1543 1460
f 1521 1522 1545
f 1545 1542 1521
f 1507 1542 1546
f 1546 1524 1507
f 1523 1524 1547
f 1547 1526 1523
f 1528 1527 1548
f 1528 1548 1529
f 1549 1531 1530
f 1530 1550 1549
f 1529 1550 1530
f 1549 1532 1531
f 1551 1510 1509
f 1509 1532 1552
f 1509 1552 1551
f 1551 1553 1510
f 1510 1553 1554
f 1510 1554 1511
f 1555 1512 1506
f 1344 1555 1506
f 1506 1305 1344
f 1556 1543 1538
f 1538 1543 1463
f 1557 1469 1467
f 1467 1558 1557
f 1465 1558 1467
f 1559 1513 1512
f 1512 1555 1560
f 1560 1559 1512
f 1561 1514 1513
f 1513 1559 1562
f 1562 1561 1513
f 1561 1518 1514
f 1563 1516 1518
f 1518 1561 1564
f 1518 1564 1563
f 1563 1522 1516
f 1565 1545 1522
f 1522 1563 1565
f 1542 1545 1566
f 1566 1546 1542
f 1524 1546 1547
f 1567 1525 1526
f 1526 1547 1568
f 1526 1568 1567
f 1569 1527 1525
f 1525 1567 1569
f 1570 1548 1527
f 1527 1569 1570
f 1532 1549 1571
f 1532 1571 1552
f 1534 1572 1535
f 1573 1572 1534
f 1536 1574 1534
f 1534 1574 1575
f 1575 1573 1534
f 1535 1572 1576
f 1576 1572 1577
f 1576 1578 1537
f 1576 1537 1535
f 1579 1470 1469
f 1469 1557 1580
f 1580 1579 1469
f 1544 1543 1556
f 1544 1556 1581
f 1544 1581 1582
f 1582 1465 1544
f 1583 1557 1558
f 1558 1581 1583
f 1582 1581 1558
f 1558 1465 1582
f 1579 1472 1470
f 1553 1551 1584
f 1553 1584 1585
f 1553 1585 1575
f 1575 1554 1553
f 1586 1580 1557
f 1557 1583 1587
f 1587 1586 1557
f 1344 1588 1555
f 1555 1588 1589
f 1589 1560 1555
f 1590 1566 1545
f 1545 1565 1590
f 1591 1547 1546
f 1546 1566 1592
f 1546 1592 1591
f 1591 1568 1547
f 1593 1550 1548
f 1548 1550 1529
f 1548 1570 1593
f 1594 1549 1550
f 1550 1593 1595
f 1595 1594 1550
f 1594 1571 1549
f 1596 1552 1571
f 1571 1594 1597
f 1597 1596 1571
f 1596 1551 1552
f 1551 1596 1584
f 1472 1579 1598
f 1598 1474 1472
f 1566 1590 1592
f 1599 1581 1556
f 1600 1599 1556
f 1601 1602 1603
f 1604 1602 1601
f 1601 1605 1606
f 1607 1605 1601
f 1601 1603 1607
f 1601 1606 1604
f 1559 1608 1609
f 1589 1608 1559
f 1609 1610 1559
f 1559 1610 1562
f 1559 1560 1589
f 1611 1612 1613
f 1613 1612 1614
f 1613 1615 1611
f 1614 1616 1613
f 1617 1564 1561
f 1618 1617 1561
f 1561 1562 1618
f 1619 1563 1564
f 1564 1617 1619
f 1619 1565 1563
f 1620 1590 1565
f 1565 1619 1620
f 1621 1592 1590
f 1590 1620 1621
f 1622 1567 1568
f 1568 1591 1623
f 1623 1622 1568
f 1622 1569 1567
f 1624 1570 1569
f 1569 1622 1625
f 1569 1625 1624
f 1624 1593 1570
f 1626 1595 1593
f 1593 1624 1626
f 1594 1595 1597
f 1596 1597 1627
f 1627 1584 1596
f 1573 1628 1572
f 1572 1628 1577
f 1579 1580 1629
f 1630 1598 1579
f 1629 1630 1579
f 1631 1583 1581
f 1581 1599 1631
f 1580 1586 1632
f 1580 1632 1629
f 1344 1633 1588
f 1588 1633 1589
f 1634 1619 1617
f 1617 1635 1634
f 1618 1635 1617
f 1636 1591 1592
f 1621 1636 1592
f 1591 1636 1623
f 1622 1623 1625
f 1637 1597 1595
f 1595 1626 1638
f 1595 1638 1637
f 1637 1627 1597
f 1639 1585 1584
f 1584 1627 1639
f 1640 1641 1628
f 1573 1640 1628
f 1583 1631 1642
f 1642 1587 1583
f 1478 1474 1643
f 1644 1476 1478
f 1478 1643 1644
f 1599 1600 1645
f 1645 1631 1599
f 1646 1608 1633
f 1633 1608 1589
f 1344 1646 1633
f 1636 1621 1647
f 1648 1623 1636
f 1636 1647 1648
f 1585 1639 1649
f 1649 1640 1585
f 1585 1640 1575
f 1474 1598 1643
f 1644 1484 1476
f 1608 1646 1650
f 1650 1651 1608
f 1608 1651 1609
f 1610 1651 1635
f 1609 1651 1610
f 1610 1635 1618
f 1618 1562 1610
f 1652 1620 1619
f 1619 1634 1652
f 1653 1621 1620
f 1620 1652 1653
f 1653 1647 1621
f 1654 1625 1623
f 1623 1648 1654
f 1655 1624 1625
f 1654 1655 1625
f 1655 1626 1624
f 1656 1638 1626
f 1626 1655 1656
f 1657 1639 1627
f 1627 1637 1657
f 1658 1645 1600
f 1600 1659 1660
f 1600 1660 1658
f 1598 1630 1661
f 1662 1643 1598
f 1598 1661 1662
f 1630 1632 1663
f 1629 1632 1630
f 1663 1661 1630
f 1664 1632 1586
f 1587 1664 1586
f 1631 1645 1665
f 1665 1666 1631
f 1631 1666 1642
f 1647 1653 1667
f 1668 1648 1647
f 1667 1668 1647
f 1639 1657 1669
f 1639 1669 1649
f 1344 1650 1646
f 1670 1635 1651
f 1651 1650 1671
f 1671 1670 1651
f 1672 1634 1635
f 1670 1672 1635
f 1672 1652 1634
f 1673 1637 1638
f 1638 1656 1673
f 1673 1657 1637
f 1674 1675 1641
f 1649 1674 1641
f 1641 1640 1649
f 1676 1485 1484
f 1484 1644 1676
f 1632 1664 1677
f 1677 1663 1632
f 1678 1653 1652
f 1652 1672 1679
f 1652 1679 1678
f 1678 1667 1653
f 948 938 940
f 1680 1654 1648
f 1648 1668 1680
f 1681 1656 1655
f 1655 1654 1680
f 1655 1680 1681
f 1656 1681 1673
f 1657 1673 1669
f 1682 1683 1684
f 1344 1685 1650
f 1650 1685 1671
f 1645 1658 1665
f 1686 1539 1501
f 1501 1687 1686
f 1499 1687 1501
f 1540 1688 1541
f 1541 1688 1689
f 1611 1615 1541
f 1541 1615 642
f 1689 1611 1541
f 1541 642 1503
f 1689 1690 1691
f 1691 1690 1692
f 1692 1689 1691
f 1664 1666 1677
f 1642 1666 1664
f 1664 1587 1642
f 1668 1667 1693
f 1693 1680 1668
f 1643 1662 1694
f 1694 1644 1643
f 1672 1695 1696
f 1670 1695 1672
f 1696 1679 1672
f 1697 1693 1667
f 1678 1697 1667
f 1693 1681 1680
f 1698 1673 1681
f 1681 1693 1699
f 1699 1698 1681
f 1673 1698 1669
f 1700 415 1675
f 1674 1700 1675
f 1345 1701 1685
f 1685 1701 1671
f 1685 1344 1345
f 1702 1658 1660
f 1703 1702 1660
f 1683 1682 1704
f 1683 1704 1705
f 1693 1697 1699
f 1706 1677 1666
f 1707 1706 1666
f 1666 1665 1707
f 1661 1663 1708
f 1709 1662 1661
f 1661 1708 1709
f 1710 1696 1695
f 1695 1701 1710
f 1670 1701 1695
f 1679 1696 1711
f 1711 1697 1679
f 1679 1697 1678
f 1698 1699 1712
f 1712 1669 1698
f 1210 1713 1714
f 1714 1713 1205
f 1714 1131 1211
f 1205 1131 1714
f 1211 1210 1714
f 1710 1711 1696
f 1210 1212 1713
f 1713 1212 1213
f 1206 1207 1713
f 1713 1207 1205
f 1715 1206 1713
f 1713 1213 1715
f 1697 1711 416
f 1697 416 1699
f 1716 1717 1718
f 1386 1717 1716
f 1716 1718 1719
f 1716 1390 1386
f 1719 1390 1716
f 1717 1720 1718
f 1392 1720 1717
f 1386 1392 1717
f 1720 1721 1722
f 1395 1721 1720
f 1722 1718 1720
f 1720 1392 1395
f 1723 1724 1721
f 1721 1724 1725
f 1721 1397 1723
f 1395 1397 1721
f 1725 1722 1721
f 1724 1723 1726
f 1726 1725 1724
f 1130 1727 1728
f 1728 1727 1138
f 1139 1131 1728
f 1728 1131 1132
f 1140 1139 1728
f 1728 1132 1130
f 1728 1138 1140
f 1729 419 1730
f 1729 1730 1726
f 1729 1726 1731
f 1732 1703 1733
f 1734 1735 1733
f 1733 1735 1732
f 1733 1736 1737
f 1733 1737 1705
f 1705 1734 1733
f 1485 1676 1738
f 1739 1740 1485
f 1485 1740 1481
f 1485 1738 1739
f 1663 1677 1741
f 1663 1741 1708
f 1658 1702 1742
f 1658 1742 1665
f 1709 1694 1662
f 1677 1706 1741
f 1743 1742 1702
f 1702 1703 1732
f 1732 1735 1702
f 1744 1676 1644
f 1644 1694 1744
f 1745 1741 1706
f 1746 1745 1706
f 1706 1707 1746
f 1676 1744 1738
f 1742 1743 1707
f 1707 1665 1742
f 1747 1748 1704
f 1704 1748 1734
f 1704 1749 1747
f 1704 1734 1705
f 1750 1708 1741
f 1741 1745 1750
f 1740 1739 1751
f 1751 1752 1740
f 1740 1752 1487
f 1740 1487 1481
f 1750 1709 1708
f 1694 1709 1753
f 1754 1744 1694
f 1753 1754 1694
f 1709 1750 1755
f 1755 1753 1709
f 1755 1750 1745
f 1756 1755 1745
f 1745 1746 1757
f 1757 1756 1745
f 1758 1759 1760
f 1758 1760 1761
f 1759 1762 1760
f 1763 1738 1744
f 1744 1754 1763
f 1764 1739 1738
f 1738 1763 1764
f 1739 1764 1751
f 1765 1763 1754
f 1754 1753 1765
f 1760 1766 1761
f 1767 1768 1766
f 1766 1768 1769
f 1769 1761 1766
f 1201 1200 1459
f 1770 1771 1752
f 1752 1771 1489
f 1752 1751 1770
f 1489 1487 1752
f 1772 1764 1763
f 1763 1765 1772
f 1753 1755 1773
f 1773 1765 1753
f 1756 1773 1755
f 1764 1772 1774
f 1774 1751 1764
f 1539 1686 1775
f 1539 1775 1776
f 1776 1540 1539
f 1765 1773 1777
f 1777 1772 1765
f 1778 1777 1773
f 1779 1778 1773
f 1773 1756 1779
f 1772 1777 1780
f 1780 1774 1772
f 1770 1781 1771
f 1771 1781 1492
f 1771 1492 1489
f 1782 1783 1784
f 1784 1783 1767
f 1785 1782 1784
f 1786 1785 1784
f 1787 1786 1784
f 1604 1606 1784
f 1784 1606 1787
f 1788 1604 1784
f 1616 1788 1784
f 1789 1602 1788
f 1790 1602 1789
f 1789 1788 1616
f 1606 1605 1688
f 1688 1605 1791
f 1792 1606 1688
f 1688 1540 1776
f 1793 1792 1688
f 1688 1776 1793
f 1688 1791 1689
f 1689 1791 1690
f 1690 1791 1607
f 1794 1692 1690
f 1607 1794 1690
f 1768 1795 1796
f 1767 1795 1768
f 1768 1796 1797
f 1768 1797 1769
f 1777 1778 1798
f 1798 1780 1777
f 1751 1774 1799
f 1799 1770 1751
f 1774 1780 1800
f 1800 1799 1774
f 1801 1686 1687
f 1687 1802 1801
f 1803 1802 1687
f 1687 1499 1803
f 1804 1798 1778
f 1778 1805 1804
f 1779 1805 1778
f 1781 1770 1806
f 1781 1806 1807
f 1781 1807 1808
f 1808 1492 1781
f 1780 1798 1809
f 1809 1800 1780
f 1795 1783 1796
f 1767 1783 1795
f 1810 1775 1686
f 1686 1801 1810
f 1770 1799 1811
f 1770 1811 1806
f 1812 1813 1814
f 1814 1815 1812
f 1816 1815 1814
f 1814 1796 1816
f 1817 1796 1814
f 1818 1819 1820
f 1820 1821 1818
f 1818 1821 1822
f 1818 1822 1823
f 1800 1811 1799
f 1783 1782 1816
f 1816 1796 1783
f 1812 1824 1813
f 1819 1825 1826
f 1826 1820 1819
f 1827 1828 1824
f 1824 1812 1827
f 1775 1810 1829
f 1775 1829 1830
f 1830 1776 1775
f 1831 1809 1798
f 1798 1804 1832
f 1832 1831 1798
f 1825 1833 1834
f 1834 1826 1825
f 1835 1806 1811
f 1811 1800 1836
f 1836 1835 1811
f 1837 1833 1828
f 1828 1827 1837
f 1833 1837 1834
f 1815 1782 1838
f 1816 1782 1815
f 1839 1812 1815
f 1838 1839 1815
f 1821 1820 1840
f 1821 1840 1841
f 1821 1841 1842
f 1821 1842 1822
f 1843 1801 1802
f 1803 1807 1802
f 1802 1807 1844
f 1845 1843 1802
f 1844 1845 1802
f 1846 1807 1806
f 1806 1835 1846
f 1782 1785 1838
f 1843 1810 1801
f 1800 1809 1847
f 1847 1836 1800
f 1843 1848 1810
f 1810 1848 1849
f 1849 1829 1810
f 1839 1827 1812
f 1820 1826 1850
f 1850 1840 1820
f 1851 1847 1809
f 1831 1851 1809
f 1852 1837 1827
f 1827 1839 1852
f 1826 1834 1853
f 1853 1850 1826
f 1807 1846 1854
f 1803 1808 1807
f 1854 1844 1807
f 1835 1836 1855
f 1855 1846 1835
f 1856 1834 1837
f 1837 1852 1856
f 1834 1856 1853
f 1836 1847 1855
f 1786 1838 1785
f 1839 1838 1857
f 1857 1852 1839
f 1858 1841 1840
f 1840 1850 1858
f 1838 1786 1859
f 1859 1857 1838
f 1858 1860 1841
f 1841 1860 1861
f 1861 1842 1841
f 1862 1856 1852
f 1852 1857 1862
f 1847 1851 1863
f 1863 1864 1847
f 1847 1864 1855
f 1850 1853 1865
f 1850 1865 1858
f 1866 1853 1856
f 1856 1862 1866
f 1853 1866 1867
f 1867 1865 1853
f 1831 1863 1851
f 1848 1843 1868
f 1848 1868 1869
f 1848 1869 1870
f 1848 1870 1871
f 1848 1871 1849
f 1872 1873 1846
f 1846 1873 1854
f 1855 1872 1846
f 1843 1845 1868
f 1786 1874 1875
f 1787 1874 1786
f 1786 1875 1859
f 1845 1873 1876
f 1844 1873 1845
f 1876 1868 1845
f 1829 1877 1830
f 1849 1877 1829
f 1873 1872 1878
f 1873 1878 1876
f 1873 1844 1854
f 1879 1862 1857
f 1880 1879 1857
f 1881 1880 1857
f 1857 1859 1881
f 1860 1858 1882
f 1860 1882 1883
f 1883 1884 1860
f 1860 1884 1861
f 1879 1866 1862
f 1864 1863 1885
f 1864 1885 1886
f 1864 1887 1855
f 1886 1887 1864
f 1888 1885 1863
f 1831 1889 1863
f 1863 1889 1888
f 1890 1867 1866
f 1866 1879 1891
f 1866 1891 1890
f 1865 1867 1892
f 1892 1858 1865
f 1890 1892 1867
f 1893 1878 1872
f 1887 1893 1872
f 1855 1887 1872
f 1894 1882 1858
f 1892 1894 1858
f 1879 1880 1895
f 1895 1891 1879
f 1882 1894 1896
f 1882 1896 1897
f 1882 1897 1898
f 1882 1898 1883
f 1899 1900 1874
f 1874 1900 1901
f 1874 1902 1899
f 1787 1902 1874
f 1901 1875 1874
f 1903 1904 1880
f 1880 1904 1895
f 1905 1903 1880
f 1880 1881 1905
f 1868 1876 1869
f 1894 1892 1906
f 1906 1896 1894
f 1907 1876 1878
f 1878 1893 1907
f 1908 1909 1885
f 1885 1909 1886
f 1888 1908 1885
f 1910 1890 1891
f 1891 1911 1912
f 1895 1911 1891
f 1891 1912 1910
f 1892 1890 1906
f 1890 1913 1906
f 1910 1913 1890
f 1914 1893 1909
f 1909 1893 1886
f 1909 1908 1915
f 1909 1915 1914
f 1916 1830 1877
f 1849 1871 1877
f 1877 1871 1917
f 1917 1916 1877
f 1918 1869 1876
f 1876 1907 1918
f 1919 1907 1893
f 1914 1919 1893
f 1893 1887 1886
f 1869 1918 1870
f 1920 1918 1907
f 1919 1920 1907
f 1903 1911 1904
f 1904 1911 1895
f 1911 1903 1921
f 1922 1912 1911
f 1911 1921 1922
f 1923 1913 1924
f 1906 1913 1923
f 1924 1896 1923
f 1923 1896 1906
f 1899 1925 1900
f 1900 1925 1901
f 1903 1926 1921
f 1901 1926 1903
f 1903 1905 1901
f 1924 1913 1912
f 1912 1913 1910
f 1912 1922 1924
f 1927 1897 1896
f 1896 1922 1927
f 1924 1922 1896
f 1928 1929 1897
f 1897 1929 1898
f 1927 1928 1897
f 1930 1931 1932
f 1932 1931 1933
f 1899 1902 1932
f 1932 1902 1934
f 1935 1899 1932
f 1934 1930 1932
f 1932 1933 1935
f 1936 1937 1883
f 1938 1937 1936
f 1936 1929 1928
f 1883 1929 1936
f 1936 1928 1938
f 1939 1940 1937
f 1937 1940 1941
f 1938 1939 1937
f 1941 1883 1937
f 1918 1920 1942
f 1942 1870 1918
f 1930 1943 1931
f 1931 1943 1944
f 1944 1933 1931
f 1920 1919 1945
f 1946 1942 1920
f 1920 1945 1946
f 1919 1914 1945
f 1930 1947 1943
f 1943 1947 1948
f 1948 1944 1943
f 1870 1942 1949
f 1870 1949 1950
f 1950 1871 1870
f 1951 1952 1940
f 1940 1952 1953
f 1940 1939 1951
f 1953 1941 1940
f 1908 1954 1915
f 1955 1954 1908
f 1888 1955 1908
f 1956 1957 1952
f 1952 1957 1953
f 1952 1951 1956
f 1930 1958 1947
f 1947 1958 1948
f 1942 1946 1949
f 1957 1959 1960
f 1961 1959 1957
f 1957 1960 1953
f 1957 1962 1961
f 1956 1962 1957
f 1963 1964 1958
f 1958 1964 1965
f 1958 1930 1963
f 1965 1966 1958
f 1958 1966 1948
f 1967 1915 1954
f 1968 1969 1954
f 1954 1969 1967
f 1955 1968 1954
f 1970 1914 1915
f 1967 1970 1915
f 1914 1970 1945
f 1971 1972 1964
f 1964 1972 1965
f 1963 1971 1964
f 1959 1973 1974
f 1975 1973 1959
f 1974 1960 1959
f 1959 1961 1975
f 1976 1950 1977
f 1917 1950 1976
f 1976 1977 1978
f 1979 1917 1976
f 1980 1979 1976
f 1978 1980 1976
f 1981 1982 1973
f 1973 1982 1983
f 1983 1974 1973
f 1975 1981 1973
f 1984 1945 1970
f 1970 1985 1984
f 1967 1985 1970
f 1971 1986 1972
f 1972 1986 1987
f 1972 1987 1965
f 1988 1946 1945
f 1945 1984 1988
f 1989 1949 1946
f 1988 1989 1946
f 1989 1990 1949
f 1949 1990 1950
f 1981 1991 1982
f 1982 1991 1983
f 1990 1989 1992
f 1990 1992 1993
f 1994 1950 1990
f 1990 1993 1994
f 1989 1988 1995
f 1995 1992 1989
f 1991 1996 1983
f 1997 1996 1991
f 1991 1981 1998
f 1991 1998 1997
f 1999 1985 1969
f 1969 1985 1967
f 2000 1999 1969
f 1968 2001 1969
f 1969 2001 2000
f 1985 1999 2002
f 2002 1984 1985
f 2003 2004 2005
f 2005 2004 2006
f 2005 1986 2007
f 2008 1986 2005
f 2007 2003 2005
f 2006 2008 2005
f 2009 2002 1999
f 2010 2009 1999
f 1999 2011 2010
f 2000 2011 1999
f 2012 1988 1984
f 1984 2002 2012
f 1988 2012 1995
f 1996 2013 2014
f 1997 2013 1996
f 2014 1983 1996
f 2015 2012 2002
f 2002 2009 2015
f 2003 2016 2004
f 2004 2016 2006
f 2017 1995 2012
f 2012 2015 2017
f 1992 1995 2018
f 1992 2018 2019
f 1992 2019 1993
f 2020 2015 2009
f 2010 2020 2009
f 1995 2017 2018
f 2021 2017 2015
f 2015 2020 2021
f 2022 2023 2016
f 2016 2023 2024
f 2003 2022 2016
f 2016 2024 2006
f 2013 2025 2026
f 2027 2025 2013
f 2013 2026 2014
f 1997 2027 2013
f 2028 2018 2017
f 2017 2021 2028
f 2028 2019 2018
f 2019 2028 2029
f 2019 2029 2030
f 2030 1993 2019
f 2031 2032 2033
f 2034 2032 2031
f 2031 2033 1980
f 2031 2035 2036
f 2037 2035 2031
f 2031 2036 2034
f 1980 2037 2031
f 2022 2038 2023
f 2023 2038 2039
f 2039 2024 2023
f 2040 2041 2025
f 2025 2041 2026
f 2027 2040 2025
f 2042 2021 2020
f 2020 2010 2043
f 2043 2044 2020
f 2020 2044 2042
f 2045 2010 2011
f 2046 2045 2011
f 2011 2000 2046
f 2047 2028 2021
f 2021 2042 2047
f 2048 2049 2041
f 2041 2049 2050
f 2041 2040 2048
f 2050 2026 2041
f 2047 2029 2028
f 2038 2051 2052
f 2053 2051 2038
f 2038 2022 2053
f 2038 2052 2039
f 2010 2045 2043
f 2054 2045 2055
f 2055 2045 2046
f 2056 2054 2055
f 2026 2056 2055
f 2055 2046 2014
f 2014 2026 2055
f 2057 2058 2059
f 2059 2058 2060
f 2061 2057 2059
f 2059 2062 2063
f 2060 2062 2059
f 2059 2063 2061
f 2064 2065 2066
f 2066 2065 2067
f 2066 2068 2064
f 2069 2068 2066
f 2067 2069 2066
f 2058 2057 2070
f 2058 2070 2071
f 2071 2060 2058
f 2064 2072 2065
f 2065 2072 2073
f 2073 2067 2065
f 2074 2064 2068
f 2075 2074 2068
f 2076 2075 2068
f 2068 2069 2076
f 2072 2064 2077
f 2072 2077 2073
f 2057 2078 2070
f 2061 2078 2057
f 2079 2063 2062
f 2062 2060 2079
f 2080 2081 2049
f 2049 2081 2082
f 2049 2048 2080
f 2049 2082 2050
f 2053 2083 2051
f 2051 2083 2084
f 2084 2052 2051
f 2029 2047 2085
f 2029 2085 2086
f 2029 2086 2030
f 2063 2087 2088
f 2089 2087 2063
f 2063 2088 2061
f 2090 2089 2063
f 2063 2079 2090
f 2091 2043 2045
f 2045 2054 2091
f 2034 2092 2032
f 2032 2092 2093
f 2093 2033 2032
f 2094 2077 2064
f 2064 2074 2095
f 2096 2094 2064
f 2064 2095 2097
f 2064 2097 2096
f 2088 2098 2078
f 2078 2098 2099
f 2061 2088 2078
f 2099 2070 2078
f 2077 2094 2100
f 2077 2100 2073
f 2044 2043 2101
f 2102 2042 2044
f 2044 2101 2102
f 2103 2101 2043
f 2043 2091 2103
f 2104 2105 2083
f 2083 2105 2084
f 2083 2053 2104
f 2106 2107 2081
f 2081 2107 2108
f 2081 2080 2106
f 2108 2082 2081
f 2109 2047 2042
f 2042 2102 2109
f 2110 2095 2074
f 2074 2075 2111
f 2111 2112 2074
f 2074 2112 2110
f 2109 2085 2047
f 2109 2113 2085
f 2085 2113 2086
f 2105 2114 2084
f 2115 2114 2105
f 2116 2117 2105
f 2105 2117 2115
f 2105 2104 2116
f 2107 2118 2119
f 2120 2118 2107
f 2107 2119 2108
f 2106 2120 2107
f 2054 2056 2121
f 2122 2091 2054
f 2121 2122 2054
f 2123 2098 2124
f 2125 2098 2123
f 2123 2124 2125
f 2126 2127 2128
f 2129 2127 2126
f 2126 2130 2131
f 2132 2130 2126
f 2126 2128 2132
f 2133 2129 2126
f 2126 2131 2133
f 2134 2127 2135
f 2128 2127 2134
f 2134 2135 2136
f 2137 2138 2134
f 2134 2138 2132
f 2132 2128 2134
f 2136 2137 2134
f 2139 2124 2098
f 2140 2139 2098
f 2098 2088 2140
f 2141 2099 2098
f 2098 2125 2141
f 2087 2142 2140
f 2143 2142 2087
f 2140 2088 2087
f 2087 2089 2144
f 2144 2143 2087
f 2145 2146 2094
f 2094 2146 2147
f 2148 2145 2094
f 2094 2096 2149
f 2094 2149 2148
f 2147 2150 2094
f 2094 2150 2100
f 2145 2151 2146
f 2146 2151 2152
f 2152 2147 2146
f 2145 2153 2151
f 2151 2153 2118
f 2118 2152 2151
f 2154 2097 2095
f 2095 2155 2154
f 2156 2155 2095
f 2110 2156 2095
f 2157 2102 2101
f 2101 2103 2157
f 2153 2145 2158
f 2158 2159 2153
f 2153 2159 2119
f 2119 2118 2153
f 2160 2135 2127
f 2129 2160 2127
f 2157 2109 2102
f 2145 2148 2158
f 2161 2121 2056
f 2162 2161 2056
f 2056 2026 2162
f 2163 2164 2092
f 2092 2164 2093
f 2034 2163 2092
f 2122 2103 2091
f 2124 2139 2165
f 2124 2165 2125
f 2166 2155 2135
f 2135 2155 2136
f 2135 2160 2166
f 2167 2096 2097
f 2097 2154 2168
f 2168 2167 2097
f 2113 2109 2169
f 2113 2169 2170
f 2113 2170 2171
f 2171 2086 2113
f 2159 2158 2172
f 2159 2172 2173
f 2159 2173 2174
f 2174 2175 2159
f 2159 2175 2119
f 2176 2149 2096
f 2167 2176 2096
f 2109 2157 2169
f 2103 2122 2177
f 2177 2157 2103
f 2176 2148 2149
f 2172 2158 2148
f 2148 2176 2178
f 2178 2172 2148
f 2179 2154 2155
f 2155 2166 2179
f 2155 2137 2136
f 2156 2137 2155
f 2122 2121 2180
f 2180 2177 2122
f 2121 2161 2181
f 2121 2181 2180
f 2182 2169 2157
f 2157 2177 2182
f 2183 2184 2164
f 2164 2184 2185
f 2164 2163 2183
f 2185 2093 2164
f 2186 2166 2160
f 2187 2186 2160
f 2129 2187 2160
f 2154 2179 2168
f 2182 2170 2169
f 2188 2181 2161
f 2189 2188 2161
f 2162 2189 2161
f 2176 2167 2190
f 2190 2178 2176
f 2139 2191 2192
f 2140 2191 2139
f 2192 2193 2139
f 2139 2193 2165
f 2194 2180 2181
f 2181 2188 2195
f 2195 2194 2181
f 2177 2180 2194
f 2196 2182 2177
f 2177 2194 2196
f 2197 2173 2172
f 2172 2178 2197
f 2166 2186 2179
f 2170 2182 2198
f 2170 2198 2199
f 2199 2200 2170
f 2170 2200 2171
f 2167 2168 2201
f 2201 2190 2167
f 2173 2197 2202
f 2173 2202 2174
f 2203 2179 2186
f 2186 2204 2203
f 2187 2204 2186
f 2205 2168 2179
f 2179 2203 2205
f 2182 2196 2198
f 2205 2201 2168
f 2188 2206 2207
f 2189 2206 2188
f 2207 2195 2188
f 2184 2208 2209
f 2210 2208 2184
f 2184 2209 2185
f 2183 2210 2184
f 2194 2195 2211
f 2211 2196 2194
f 2212 2197 2178
f 2178 2190 2212
f 2213 2207 2206
f 2214 2213 2206
f 2206 2189 2215
f 2215 2214 2206
f 2216 2202 2197
f 2197 2212 2216
f 2217 2218 2191
f 2191 2218 2219
f 2140 2217 2191
f 2219 2192 2191
f 2220 2203 2204
f 2219 2220 2204
f 2204 2187 2221
f 2221 2192 2204
f 2204 2192 2219
f 1790 1603 1602
f 1602 1604 1788
f 2195 2207 2222
f 2222 2211 2195
f 2211 2198 2196
f 2208 2223 2209
f 2224 2223 2208
f 2210 2224 2208
f 2207 2213 2225
f 2226 2222 2207
f 2225 2226 2207
f 2190 2201 2227
f 2227 2212 2190
f 2220 2205 2203
f 2198 2211 2228
f 2198 2228 2199
f 2202 2216 2229
f 2202 2229 2230
f 2230 2174 2202
f 2201 2205 2231
f 2231 2227 2201
f 2212 2227 2232
f 2232 2216 2212
f 2211 2222 2228
f 2233 2225 2213
f 2234 2233 2213
f 2213 2214 2234
f 2205 2220 2235
f 2235 2231 2205
f 2236 2228 2222
f 2222 2226 2236
f 2227 2231 2237
f 2237 2232 2227
f 2228 2236 2238
f 2238 2199 2228
f 2226 2225 2239
f 2239 2236 2226
f 2223 2240 2053
f 2241 2240 2223
f 2053 2022 2223
f 2223 2022 2209
f 2223 2224 2241
f 2242 2235 2220
f 2219 2242 2220
f 2217 2243 2218
f 2218 2243 2219
f 2216 2232 2244
f 2244 2229 2216
f 2231 2235 2237
f 2225 2233 2239
f 2245 2239 2233
f 2230 2245 2233
f 2234 2230 2233
f 2246 2237 2235
f 2235 2242 2246
f 2236 2239 2247
f 2236 2247 2238
f 2232 2237 2248
f 2232 2248 2244
f 2239 2245 2249
f 2249 2247 2239
f 2244 2250 2229
f 2229 2250 2251
f 2229 2251 2230
f 2240 2252 2053
f 2253 2252 2240
f 2240 2241 2253
f 2246 2248 2237
f 1130 1715 1727
f 1727 1715 1138
f 2217 2254 2243
f 2243 2254 2255
f 2243 2256 2219
f 2255 2256 2243
f 2257 2246 2242
f 2256 2257 2242
f 2219 2256 2242
f 2258 2249 2245
f 2251 2258 2245
f 2230 2251 2245
f 2248 2246 2259
f 2260 2244 2248
f 2248 2259 2260
f 2247 2249 2261
f 2247 2261 2253
f 2253 2262 2247
f 2247 2262 2238
f 2250 2244 2260
f 2250 2260 2263
f 2263 2264 2250
f 2250 2264 2251
f 2246 2257 2259
f 2252 2265 2104
f 2261 2265 2252
f 2104 2053 2252
f 2253 2261 2252
f 2266 2259 2257
f 2255 2266 2257
f 2257 2256 2255
f 2249 2258 2261
f 2267 2268 2265
f 2265 2268 2116
f 2261 2267 2265
f 2116 2104 2265
f 2258 2264 2261
f 2251 2264 2258
f 2266 2260 2259
f 2260 2266 2269
f 2269 2263 2260
f 2254 2268 2270
f 2116 2268 2254
f 2254 2217 2116
f 2254 2270 2255
f 2270 2269 2266
f 2255 2270 2266
f 2264 2263 2269
f 2264 2269 2267
f 2264 2267 2261
f 2270 2267 2269
f 2268 2267 2270
f 575 582 581
f 581 2271 577
f 587 2271 581
f 577 575 581
f 580 587 581
f 641 640 1497
f 1503 642 641
f 642 1615 2272
f 1607 1791 1605
f 282 281 2273
f 2273 2274 282
f 1480 424 422
f 2275 2276 757
f 622 2275 757
f 1614 1612 1603
f 1603 1612 1794
f 1603 1790 1614
f 1603 1794 1607
f 1792 2277 1606
f 1606 2277 1787
f 1612 1611 1692
f 1612 1692 1794
f 106 2271 759
f 577 2271 106
f 106 759 107
f 582 575 574
f 576 2278 582
f 582 2278 583
f 574 576 582
f 586 759 2271
f 2271 587 588
f 588 586 2271
f 32 31 1438
f 1438 31 1444
f 1427 32 1438
f 1428 1427 1438
f 2279 559 424
f 1480 2279 424
f 1429 2280 2281
f 1431 2280 1429
f 1429 2282 1430
f 2283 2282 1429
f 1429 2281 2283
f 1335 2284 1325
f 1325 2284 2285
f 1332 1335 1325
f 1325 2285 1327
f 2286 2287 2288
f 2289 2287 2286
f 2288 2290 2286
f 2286 2290 924
f 925 2289 2286
f 924 925 2286
f 2291 1291 1290
f 1346 2292 286
f 1313 2292 1346
f 1346 285 1360
f 286 285 1346
f 1346 1309 1313
f 1379 2281 2280
f 1808 1498 1492
f 1492 1498 1493
f 984 2287 967
f 2293 2287 984
f 984 967 968
f 1381 285 284
f 1205 1127 1131
f 1131 1139 1211
f 2292 1312 1520
f 1313 1312 2292
f 2292 1520 2294
f 2294 286 2292
f 2295 2284 281
f 2285 2284 2295
f 281 286 2295
f 2295 286 2294
f 2295 2294 1320
f 1321 2285 2295
f 2295 1320 1321
f 2296 605 604
f 604 2276 2296
f 2297 2276 604
f 559 2298 640
f 640 2298 1497
f 606 2299 607
f 992 2299 606
f 606 608 994
f 993 992 606
f 994 993 606
f 426 34 1464
f 2284 1335 2300
f 2273 281 2284
f 2284 2300 2273
f 575 577 573
f 2301 2302 2303
f 916 2302 2301
f 2301 2304 916
f 1611 1689 1692
f 2287 945 967
f 2289 945 2287
f 2287 2305 2288
f 2293 2305 2287
f 2306 1711 1710
f 418 1711 2306
f 2306 1710 2307
f 1730 418 2306
f 1725 1730 2306
f 2306 1722 1725
f 2307 1722 2306
f 1004 563 1002
f 1002 563 594
f 594 611 1002
f 418 416 1711
f 2278 412 383
f 576 412 2278
f 2278 383 380
f 2278 343 583
f 380 343 2278
f 2283 2308 2282
f 2282 2308 1419
f 1437 2309 2282
f 2282 2309 1430
f 1416 1437 2282
f 2282 1417 1416
f 1419 1417 2282
f 2298 559 2279
f 2298 2279 1483
f 1483 1497 2298
f 178 2310 179
f 275 2310 178
f 178 158 275
f 415 1699 416
f 199 2311 2312
f 2313 2311 199
f 199 2312 2314
f 2314 198 199
f 199 176 2313
f 2315 2316 2317
f 2317 2316 2318
f 2319 2315 2317
f 2320 2319 2317
f 2317 2318 2320
f 1021 960 953
f 953 1010 1021
f 2310 306 179
f 275 306 2310
f 307 179 306
f 277 276 306
f 306 275 277
f 1425 1269 1193
f 1193 1269 1189
f 2321 467 441
f 441 467 2322
f 441 480 2321
f 441 2322 360
f 708 2323 694
f 2324 2323 708
f 708 694 703
f 474 463 464
f 494 463 474
f 530 494 474
f 571 538 2325
f 2325 538 2326
f 2325 2327 2328
f 510 2327 2325
f 572 571 2325
f 615 572 2325
f 2325 2328 615
f 2326 510 2325
f 996 995 605
f 605 995 608
f 2296 996 605
f 1389 1390 1342
f 1342 1390 1343
f 1342 2329 1389
f 1215 2329 1342
f 538 539 2326
f 1803 1494 1498
f 1498 1808 1803
f 1960 1974 1968
f 1960 1968 1955
f 1960 1955 1888
f 1960 1888 1953
f 1787 2277 1902
f 1902 2277 1934
f 2330 1436 1453
f 1464 2330 1453
f 1455 1464 1453
f 1436 1432 1437
f 2330 1432 1436
f 2331 2332 2333
f 2334 2332 2331
f 2335 2336 2331
f 2331 2336 2337
f 2331 2333 2335
f 2337 2334 2331
f 2323 687 686
f 694 2323 686
f 2277 1792 1930
f 2277 1930 1934
f 1138 1213 1141
f 1211 1139 1137
f 1133 1206 1134
f 2338 2303 2302
f 2339 2338 2302
f 915 2339 2302
f 2302 916 915
f 2289 921 945
f 945 921 947
f 945 955 967
f 1180 1194 1179
f 1433 1194 1180
f 1180 1431 1433
f 2276 2275 1005
f 1005 998 2276
f 2276 998 2296
f 622 1005 2275
f 741 813 776
f 814 777 776
f 1381 1360 285
f 2338 2340 2303
f 2303 2340 2305
f 2303 2305 2293
f 1715 1134 1206
f 1134 1715 1130
f 994 608 995
f 339 445 2341
f 2341 445 343
f 305 339 2341
f 2341 343 327
f 309 305 2341
f 327 309 2341
f 1058 2342 1059
f 1059 2342 1062
f 1059 1041 1053
f 1045 1040 1039
f 1360 1381 1373
f 1369 1358 1360
f 1373 1369 1360
f 1699 415 1712
f 1320 2294 1520
f 1319 1320 1520
f 2338 2343 2340
f 2340 2343 2344
f 2340 2290 2288
f 2345 2290 2340
f 2288 2305 2340
f 2344 2345 2340
f 1792 1793 2346
f 2346 1930 1792
f 1669 1712 1700
f 1669 1700 1674
f 1669 1674 1649
f 1933 2347 2348
f 2348 2347 1938
f 1938 2349 2348
f 2348 2349 1935
f 1935 1933 2348
f 2350 2351 379
f 376 2351 2350
f 2350 2352 381
f 384 2352 2350
f 2350 381 376
f 2350 379 384
f 1933 2353 2347
f 2347 2353 1951
f 2347 1939 1938
f 1951 1939 2347
f 2351 2354 363
f 358 2354 2351
f 2351 363 362
f 362 379 2351
f 377 358 2351
f 2351 376 377
f 419 418 1730
f 2283 2281 2308
f 2308 2281 1379
f 2308 1379 1380
f 1380 1419 2308
f 1948 2355 2353
f 2353 2355 1951
f 2353 1933 1944
f 2353 1944 1948
f 1432 34 33
f 2330 34 1432
f 1432 2309 1437
f 1430 2309 1432
f 1432 33 1427
f 2354 2356 356
f 345 2356 2354
f 2354 356 363
f 2354 358 345
f 34 2330 1464
f 1966 1962 2355
f 2355 1962 1956
f 1948 1966 2355
f 1956 1951 2355
f 356 2356 2357
f 2357 2356 340
f 2357 323 2358
f 340 323 2357
f 2357 2358 2359
f 2357 2359 336
f 336 356 2357
f 347 340 2356
f 2356 345 347
f 2299 992 991
f 2299 991 990
f 251 275 2360
f 2360 252 251
f 1966 2361 1962
f 1962 2361 1961
f 2362 964 2363
f 1038 964 2362
f 2362 2363 1033
f 2362 1033 1038
f 387 393 2352
f 2352 393 2364
f 2352 383 387
f 384 383 2352
f 2364 381 2352
f 1925 1899 1935
f 1925 1926 1901
f 2365 1926 1925
f 1925 2349 2365
f 1935 2349 1925
f 1362 1377 2274
f 1362 2274 1363
f 2321 519 500
f 500 467 2321
f 2289 922 921
f 921 919 947
f 323 317 2358
f 2361 2366 1975
f 1965 2366 2361
f 2361 1966 1965
f 1975 1961 2361
f 1830 1793 1776
f 1793 1830 2346
f 583 343 445
f 1830 1916 2346
f 317 2367 2368
f 298 2367 317
f 2368 2358 317
f 1987 2369 2366
f 2366 2369 2370
f 2366 1981 1975
f 2370 1981 2366
f 1965 1987 2366
f 1700 1712 415
f 2369 2371 2370
f 2008 2371 2369
f 2369 1987 2372
f 2369 2372 2008
f 293 2373 2367
f 2367 2373 314
f 312 2368 2367
f 314 312 2367
f 298 293 2367
f 1345 1710 1701
f 1701 1670 1671
f 687 2374 723
f 2324 2374 687
f 687 723 688
f 687 2323 2324
f 1930 2346 1963
f 1710 1345 2307
f 2321 539 519
f 667 665 730
f 2343 2338 2339
f 2375 2376 2343
f 2343 2376 2344
f 2339 2375 2343
f 2296 998 996
f 2008 2377 2371
f 2371 2377 1997
f 1998 1981 2371
f 2371 1981 2370
f 1997 1998 2371
f 2344 2376 932
f 932 2376 2378
f 932 933 931
f 2378 933 932
f 932 929 930
f 932 930 2344
f 270 2379 2373
f 2373 2379 280
f 293 270 2373
f 280 314 2373
f 2380 2130 2381
f 2382 2130 2380
f 2383 2384 2380
f 2380 2384 2385
f 2386 2383 2380
f 2380 2385 2382
f 2380 2381 2387
f 2380 2387 2386
f 1871 1950 1917
f 1359 1222 1216
f 1216 1218 1359
f 1415 1405 1402
f 1398 1393 1415
f 1415 1402 1398
f 2377 2024 2388
f 2006 2024 2377
f 2377 2388 2027
f 2377 2027 1997
f 2377 2008 2006
f 2379 2389 268
f 271 2389 2379
f 2379 268 267
f 2379 267 280
f 2379 270 271
f 2279 1480 1483
f 1986 1971 2007
f 2372 1987 1986
f 2008 2372 1986
f 1285 2390 2391
f 1286 1285 2391
f 1404 1723 1397
f 1718 1722 2307
f 2307 2392 1718
f 1718 2392 1719
f 1335 1353 2300
f 179 307 309
f 278 78 179
f 179 313 278
f 309 313 179
f 1883 2393 1884
f 1884 2393 1861
f 1012 942 975
f 975 1049 2394
f 974 1049 975
f 2394 1012 975
f 2003 2395 2022
f 2022 2395 2185
f 2185 2209 2022
f 2365 1921 1926
f 2138 2137 2110
f 2138 2112 2111
f 2110 2112 2138
f 2138 2396 2132
f 2111 2396 2138
f 2130 2397 2381
f 2132 2397 2130
f 2382 2131 2130
f 1881 1859 1875
f 1905 1881 1875
f 1901 1905 1875
f 922 2289 925
f 925 923 922
f 2398 962 1038
f 966 962 2398
f 2398 1036 1040
f 1038 1036 2398
f 2398 1040 970
f 970 966 2398
f 717 2399 723
f 723 2399 688
f 2150 2147 2400
f 2150 2401 2100
f 2402 2401 2150
f 2150 2400 2402
f 1045 2403 985
f 985 1040 1045
f 970 1040 985
f 1285 1291 2390
f 1407 2404 1723
f 1723 2404 1731
f 1404 1407 1723
f 1731 1726 1723
f 2405 1120 2406
f 2407 2405 2406
f 1054 988 989
f 1054 986 988
f 1057 2408 2403
f 1044 1057 2403
f 2403 1045 1044
f 2408 1061 2409
f 1057 1061 2408
f 33 32 1427
f 393 391 2364
f 2410 1279 1282
f 2411 1279 2410
f 2410 1282 1286
f 987 1049 974
f 2395 2003 2412
f 2412 2033 2395
f 2395 2033 2093
f 2395 2093 2185
f 937 920 941
f 947 919 920
f 920 917 941
f 962 964 1038
f 2003 2007 2412
f 964 957 2363
f 1061 2413 2409
f 1069 2413 1061
f 2363 957 960
f 960 1021 1019
f 960 1019 2363
f 2033 2412 2414
f 2033 2414 1980
f 1246 2329 1214
f 1389 2329 1246
f 1246 1214 1221
f 1390 2392 1343
f 1719 2392 1390
f 2415 142 221
f 131 98 221
f 221 98 2415
f 1963 2346 1916
f 1979 2416 1916
f 1916 2416 1963
f 1916 1917 1979
f 2415 103 142
f 1994 1977 1950
f 1730 1725 1726
f 918 941 917
f 939 942 1012
f 278 313 279
f 198 2417 197
f 197 2417 230
f 2360 157 182
f 182 252 2360
f 232 252 182
f 1215 1214 2329
f 2418 2419 2420
f 2420 2419 2421
f 2120 2418 2420
f 2421 2422 2420
f 2420 2422 2400
f 2420 2400 2120
f 2419 2418 2114
f 2419 2114 2423
f 2424 2421 2419
f 2425 2424 2419
f 2419 2423 2426
f 2419 2426 2425
f 2427 213 217
f 218 2427 217
f 1296 1446 1299
f 1232 1230 1375
f 1401 1234 1232
f 1232 1375 1383
f 1383 1401 1232
f 1226 1227 1225
f 1371 1227 1226
f 1226 1219 1368
f 1226 1368 1371
f 2428 2429 2200
f 2224 2429 2428
f 2428 2200 2199
f 2428 2199 2262
f 2241 2224 2428
f 2428 2262 2241
f 1230 1227 1375
f 2430 670 941
f 918 2430 941
f 1371 1375 1227
f 1409 1239 1238
f 1238 1234 1400
f 1400 1409 1238
f 1414 1248 1250
f 1250 1253 2431
f 2431 1414 1250
f 2411 1280 1279
f 1414 1244 1248
f 2171 2432 2086
f 2086 2432 2034
f 2086 2036 2030
f 2034 2036 2086
f 1251 1239 1409
f 670 2430 666
f 1993 2035 1977
f 1977 2035 1978
f 1994 1993 1977
f 2433 1261 1263
f 1263 1268 2434
f 1263 2434 2433
f 2435 1255 1261
f 1261 2433 2435
f 1296 1295 1446
f 1234 1401 1400
f 563 1004 530
f 562 594 563
f 1253 1256 2431
f 1268 1266 2436
f 1268 2436 2437
f 2437 2434 1268
f 1368 1219 1222
f 1256 1255 2435
f 1256 2435 2438
f 2438 2431 1256
f 1257 2439 1186
f 2411 1266 1280
f 2411 2436 1266
f 367 2322 467
f 956 1015 951
f 480 539 2321
f 498 539 480
f 2030 2036 2035
f 2035 1993 2030
f 2035 2037 1978
f 2200 2429 2432
f 2432 2429 2163
f 2171 2200 2432
f 2432 2163 2034
f 713 942 943
f 713 943 709
f 2290 2345 927
f 2290 927 924
f 2440 2441 2442
f 218 2441 2440
f 2443 2444 2440
f 2440 2444 218
f 2440 2442 2445
f 2440 2445 2443
f 2429 2224 2210
f 2183 2163 2429
f 2429 2210 2183
f 1376 2274 1377
f 1537 1578 1377
f 539 498 2326
f 2024 2446 2388
f 2039 2446 2024
f 1138 1715 1213
f 2389 2447 268
f 239 2447 2389
f 262 239 2389
f 271 262 2389
f 592 619 568
f 568 619 2448
f 2448 525 568
f 2446 2449 2040
f 2039 2449 2446
f 2027 2388 2446
f 2446 2040 2027
f 7 6 26
f 7 11 4
f 2147 2152 2400
f 2274 2450 1363
f 2273 2450 2274
f 2274 1376 1379
f 2449 2052 2080
f 2039 2052 2449
f 2048 2040 2449
f 2080 2048 2449
f 241 2451 2447
f 2447 2451 243
f 239 241 2447
f 243 268 2447
f 1104 1103 1117
f 1117 1103 2452
f 1099 1104 1117
f 2084 2453 2052
f 2052 2453 2080
f 342 351 308
f 2084 2418 2453
f 2453 2418 2120
f 2106 2080 2453
f 2453 2120 2106
f 241 2454 2451
f 2451 2454 2455
f 2451 244 243
f 227 244 2451
f 2451 2455 227
f 1963 2416 1971
f 1971 2416 1980
f 2414 2007 1971
f 1980 2414 1971
f 627 630 650
f 2456 2441 2454
f 2454 2441 2455
f 2454 241 225
f 222 2456 2454
f 225 222 2454
f 1803 1499 1494
f 2441 2456 2442
f 227 2455 2441
f 216 227 2441
f 218 216 2441
f 2084 2114 2418
f 2142 2217 2140
f 2143 2217 2142
f 650 653 649
f 2457 677 674
f 674 680 688
f 2399 2457 674
f 688 2399 674
f 2458 631 616
f 616 2328 2458
f 809 813 2430
f 809 2430 867
f 809 867 849
f 25 48 71
f 70 25 71
f 1817 1797 1796
f 928 927 2345
f 930 928 2345
f 2344 930 2345
f 2365 1922 1921
f 2300 2459 2450
f 2450 2459 1363
f 2273 2300 2450
f 813 741 666
f 666 2430 813
f 2129 2221 2187
f 1017 1025 2363
f 2363 1019 1017
f 912 856 855
f 855 856 847
f 847 840 855
f 740 777 782
f 730 665 740
f 740 782 744
f 740 744 730
f 709 943 669
f 669 677 2457
f 668 677 669
f 2457 709 669
f 1842 1805 1822
f 2460 1805 1842
f 1861 2460 1842
f 1150 2461 1149
f 1146 2462 1147
f 2462 2413 1069
f 1068 1147 2462
f 1069 1068 2462
f 946 948 1015
f 956 946 1015
f 1150 1158 1156
f 1156 2461 1150
f 1200 1301 1459
f 1013 1012 2394
f 1013 2394 1020
f 1084 2463 1155
f 1186 2439 1175
f 530 555 556
f 556 494 530
f 1883 1898 1929
f 2464 2444 2465
f 2465 2444 2443
f 2466 2464 2465
f 2465 2443 2466
f 215 2442 2456
f 223 215 2456
f 2456 222 223
f 2114 2115 2423
f 2193 2192 2221
f 2193 2221 2133
f 2133 2165 2193
f 2332 2467 2333
f 2468 2467 2332
f 2332 2334 2469
f 2332 2469 2468
f 2470 2471 2472
f 2473 2471 2470
f 2470 2474 2473
f 2475 2474 2470
f 2472 2476 2470
f 2470 2476 2475
f 1097 2477 1103
f 1103 2477 2452
f 1283 1274 1296
f 2152 2118 2120
f 2120 2400 2152
f 650 631 653
f 2452 2477 2478
f 2478 2477 2479
f 155 2480 2481
f 2481 2480 2482
f 176 155 2481
f 2315 176 2481
f 2482 2315 2481
f 2368 2359 2358
f 2117 2116 2143
f 2426 2115 2117
f 2143 2426 2117
f 157 275 158
f 1355 2459 1356
f 1356 2459 2300
f 2300 1353 1356
f 89 76 75
f 777 814 782
f 1097 2483 2477
f 2477 2483 2479
f 68 21 211
f 211 212 138
f 211 138 68
f 275 157 2360
f 2307 1345 2392
f 2392 1345 1343
f 2333 2484 2485
f 2485 2484 2090
f 2485 2486 2335
f 2487 2486 2485
f 2335 2333 2485
f 2485 2090 2487
f 2484 2424 2488
f 2333 2424 2484
f 2484 2488 2090
f 1927 2365 1928
f 1928 2365 1938
f 2489 2490 1114
f 1114 2405 2489
f 2489 2405 2407
f 2480 155 141
f 140 2482 2480
f 141 140 2480
f 2416 1979 1980
f 860 818 869
f 869 902 860
f 1114 2490 1112
f 2430 918 867
f 814 812 819
f 819 782 814
f 510 498 497
f 1491 1493 1497
f 1483 1491 1497
f 2143 2116 2217
f 1120 2405 1116
f 3 213 21
f 1148 1158 1150
f 2405 1114 1116
f 1082 2463 1084
f 530 1004 555
f 2384 2383 2491
f 2491 2385 2384
f 307 305 309
f 1938 2365 2349
f 92 117 70
f 141 117 92
f 818 819 851
f 818 851 869
f 1889 1831 2492
f 2492 1888 1889
f 141 116 117
f 2067 2493 2494
f 2494 2493 2469
f 2494 2495 2069
f 2496 2495 2494
f 2494 2069 2067
f 2469 2334 2494
f 2494 2334 2496
f 2486 2497 2498
f 2487 2497 2486
f 2486 2498 2335
f 1823 1822 1805
f 2460 1804 1805
f 1779 1823 1805
f 2401 2493 2100
f 2469 2493 2401
f 2402 2499 2401
f 2401 2499 2468
f 2468 2469 2401
f 2500 2501 2502
f 2502 2501 2503
f 260 2500 2502
f 259 260 2502
f 2502 247 259
f 2504 247 2502
f 2502 2503 2505
f 2505 2504 2502
f 2459 1355 1363
f 1321 1327 2285
f 1817 1769 1797
f 2506 2507 2501
f 2501 2507 2475
f 2501 2500 2506
f 2501 2476 2503
f 2475 2476 2501
f 2497 2070 2508
f 2508 2070 2491
f 2491 2383 2508
f 2508 2383 2498
f 2498 2497 2508
f 2509 2510 2511
f 2511 2510 2473
f 2320 2509 2511
f 2474 2512 2511
f 2511 2512 2320
f 2473 2474 2511
f 172 2513 2316
f 2316 2513 2514
f 2482 172 2316
f 2316 2315 2482
f 2514 2318 2316
f 2073 2100 2493
f 2493 2067 2073
f 1746 1707 1743
f 520 542 518
f 2515 2516 2517
f 2517 2516 2518
f 2427 2515 2517
f 2519 2427 2517
f 2517 2518 2519
f 927 928 926
f 1804 2460 1832
f 2422 2421 2499
f 2422 2499 2402
f 2402 2400 2422
f 1861 1832 2460
f 2393 1832 1861
f 2492 1832 2393
f 2393 1883 1941
f 2393 1941 2492
f 382 381 408
f 382 439 375
f 2376 2375 2378
f 1974 2001 1968
f 1983 2001 1974
f 2414 2412 2007
f 1831 1832 2492
f 1922 2365 1927
f 2046 2000 2001
f 1983 2046 2001
f 2090 2488 2089
f 2089 2488 2144
f 2520 2499 2421
f 2421 2424 2520
f 2070 2099 2491
f 2497 2071 2070
f 2518 238 208
f 2519 2518 208
f 208 214 2519
f 851 819 812
f 709 2457 714
f 2037 1980 1978
f 2499 2520 2467
f 2499 2467 2468
f 2521 1023 2522
f 1022 1023 2521
f 2521 2522 1027
f 2521 1027 1022
f 2516 2510 2518
f 2473 2510 2516
f 2515 2471 2516
f 2516 2471 2473
f 2364 408 381
f 2378 934 933
f 2397 2523 2524
f 2524 2523 2337
f 2387 2397 2524
f 2337 2387 2524
f 2510 2509 258
f 258 2518 2510
f 1050 2394 1049
f 391 399 2364
f 6 48 26
f 2467 2520 2424
f 2425 2488 2424
f 2333 2467 2424
f 27 26 48
f 48 25 27
f 2359 2368 312
f 2359 312 329
f 2359 329 336
f 2221 2129 2133
f 2375 2339 949
f 2375 949 2378
f 2525 2312 2311
f 2526 2525 2311
f 2311 2313 2319
f 2311 2319 2526
f 2471 2515 2472
f 59 38 86
f 59 86 104
f 59 104 2527
f 59 2527 66
f 2527 104 103
f 103 2415 2527
f 2457 2399 717
f 2457 717 714
f 1574 1536 1554
f 1574 1554 1575
f 2046 1983 2014
f 2364 407 408
f 1511 1365 1355
f 2513 172 205
f 2513 205 2514
f 399 407 2364
f 2427 2444 2515
f 2515 2444 2464
f 2464 2472 2515
f 2507 2312 2525
f 2314 2312 2507
f 2507 2525 2475
f 2507 2506 2314
f 2417 198 2314
f 2417 2506 2528
f 2314 2506 2417
f 2528 230 2417
f 2509 2529 257
f 2320 2529 2509
f 2509 257 258
f 2514 256 2529
f 2529 256 257
f 2529 2318 2514
f 2320 2318 2529
f 155 116 141
f 2076 2111 2075
f 2528 2506 2500
f 2500 260 2528
f 2525 2526 2475
f 213 2427 214
f 2175 2174 2530
f 2175 2530 2108
f 2108 2119 2175
f 2444 2427 218
f 913 916 2304
f 2304 2531 913
f 2528 229 230
f 650 630 631
f 2339 915 949
f 2050 2162 2026
f 2426 2423 2115
f 238 2518 258
f 2523 2397 2396
f 2396 2532 2523
f 2523 2532 2496
f 2496 2337 2523
f 913 914 916
f 2141 2491 2099
f 2512 2474 2526
f 2526 2319 2512
f 2512 2319 2320
f 2442 215 2445
f 1640 1573 1575
f 229 2528 246
f 2487 2079 2060
f 2060 2071 2497
f 2060 2497 2487
f 1050 1020 2394
f 223 181 215
f 202 2445 215
f 176 2315 2313
f 207 138 212
f 11 15 4
f 2076 2069 2495
f 2496 2532 2495
f 2495 2532 2076
f 2214 2530 2174
f 2174 2230 2214
f 172 2482 140
f 2475 2526 2474
f 2137 2156 2110
f 2514 235 256
f 1317 1327 1321
f 2383 2336 2498
f 2386 2336 2383
f 2319 2313 2315
f 1048 2522 1023
f 1023 1020 1050
f 1023 1050 1048
f 2385 2491 2141
f 2385 2125 2131
f 2141 2125 2385
f 2385 2131 2382
f 1048 1028 2522
f 2522 1028 1032
f 1032 1027 2522
f 1025 1026 1034
f 1033 2363 1025
f 1034 1033 1025
f 913 2531 882
f 2132 2396 2397
f 2387 2381 2397
f 2519 214 2427
f 2189 2162 2215
f 2487 2090 2079
f 2238 2262 2199
f 205 235 2514
f 367 342 2322
f 2322 342 360
f 2253 2241 2262
f 2532 2396 2111
f 2532 2111 2076
f 2476 2472 2505
f 2505 2503 2476
f 2445 202 2533
f 2466 2443 2445
f 2445 2533 2466
f 1779 1757 1823
f 1026 1027 1034
f 2488 2425 2144
f 2472 2464 2466
f 2472 2466 2505
f 2335 2498 2336
f 2336 2387 2337
f 2386 2387 2336
f 1941 1953 2492
f 1511 1554 1536
f 1536 1365 1511
f 2050 2082 2162
f 2162 2082 2215
f 2530 2082 2108
f 2215 2082 2530
f 2530 2214 2215
f 2492 1953 1888
f 2234 2214 2230
f 2533 202 204
f 2466 2533 204
f 204 203 2504
f 2504 2466 204
f 2133 2125 2165
f 2378 949 934
f 66 2415 98
f 1028 1048 1053
f 1053 1037 1028
f 246 2528 260
f 498 510 2326
f 616 615 2328
f 1032 1034 1027
f 1041 1037 1053
f 2426 2143 2144
f 2144 2425 2426
f 2133 2131 2125
f 2504 203 247
f 351 342 367
f 2466 2504 2505
f 2334 2337 2496
f 1756 1757 1779
f 1033 1031 1038
f 66 2527 2415
f 2534 2535 2536
f 2537 2535 2534
f 2534 2538 2539
f 2536 2538 2534
f 2539 2540 2534
f 2534 2540 2537
f 2541 2542 2543
f 2543 2542 2544
f 2543 2545 2546
f 2540 2545 2543
f 2543 2546 2547
f 2547 2541 2543
f 2544 2540 2543
f 2548 2549 2535
f 2535 2549 2536
f 2537 2548 2535
f 2550 2551 2542
f 2542 2551 2548
f 2542 2541 2550
f 2548 2544 2542
f 2552 2553 2551
f 2551 2553 2548
f 2550 2552 2551
f 2554 2555 2538
f 2538 2555 2539
f 2536 2554 2538
f 2556 2546 2545
f 2557 2556 2545
f 2558 2557 2545
f 2545 2540 2559
f 2545 2559 2560
f 2560 2558 2545
f 2561 2547 2546
f 2546 2556 2561
f 2541 2547 2562
f 2562 2563 2541
f 2541 2563 2564
f 2541 2564 2550
f 2549 2565 2566
f 2567 2565 2549
f 2568 2569 2549
f 2549 2569 2536
f 2566 2568 2549
f 2548 2567 2549
f 2553 2552 2570
f 2553 2570 2571
f 2553 2571 2567
f 2553 2567 2548
f 2572 2570 2552
f 2564 2572 2552
f 2550 2564 2552
f 2547 2561 2562
f 2554 2573 2555
f 2555 2573 2574
f 2574 2539 2555
f 2575 2571 2570
f 2570 2572 2576
f 2576 2575 2570
f 2557 2561 2556
f 2571 2575 2577
f 2571 2577 2578
f 2571 2578 2567
f 2579 2562 2561
f 2561 2557 2580
f 2561 2580 2581
f 2581 2579 2561
f 2578 2582 2565
f 2565 2582 2583
f 2567 2578 2565
f 2565 2583 2566
f 2563 2562 2584
f 2563 2584 2564
f 2585 2576 2572
f 2564 2585 2572
f 2562 2579 2586
f 2587 2584 2562
f 2586 2587 2562
f 2575 2576 2588
f 2589 2577 2575
f 2575 2588 2589
f 2590 2580 2557
f 2557 2591 2590
f 2558 2591 2557
f 2592 2588 2576
f 2576 2585 2592
f 2580 2590 2593
f 2593 2581 2580
f 2594 2595 2573
f 2573 2595 2596
f 2573 2597 2574
f 2596 2597 2573
f 2573 2554 2594
f 2598 2590 2591
f 2591 2599 2598
f 2558 2599 2591
f 2577 2589 2600
f 2577 2600 2601
f 2601 2602 2577
f 2577 2602 2578
f 2602 2603 2582
f 2582 2603 2604
f 2578 2602 2582
f 2582 2604 2583
f 2605 2589 2588
f 2606 2605 2588
f 2592 2606 2588
f 2579 2581 2607
f 2607 2586 2579
f 2608 2600 2589
f 2589 2605 2608
f 2590 2598 2609
f 2609 2593 2590
f 2584 2587 2610
f 2610 2611 2584
f 2584 2611 2612
f 2612 2564 2584
f 2581 2593 2607
f 2600 2608 2613
f 2600 2613 2601
f 2587 2586 2614
f 2614 2610 2587
f 2615 2616 2603
f 2603 2616 2604
f 2602 2615 2603
f 2595 2617 2618
f 2594 2617 2595
f 2595 2618 2596
f 2619 2598 2599
f 2599 2620 2619
f 2596 2620 2599
f 2599 2558 2596
f 2605 2606 2621
f 2622 2608 2605
f 2621 2622 2605
f 2586 2607 2614
f 2623 2621 2606
f 2624 2623 2606
f 2592 2624 2606
f 2619 2609 2598
f 2625 2607 2593
f 2593 2609 2626
f 2626 2625 2593
f 2611 2610 2627
f 2611 2627 2628
f 2611 2628 2629
f 2611 2629 2630
f 2630 2612 2611
f 2631 2614 2607
f 2607 2625 2631
f 2632 2613 2608
f 2622 2632 2608
f 2633 2619 2620
f 2634 2633 2620
f 2635 2634 2620
f 2620 2636 2635
f 2596 2636 2620
f 2610 2614 2627
f 2613 2632 2637
f 2613 2637 2638
f 2613 2638 2615
f 2613 2615 2601
f 2639 2627 2614
f 2614 2631 2639
f 2609 2619 2640
f 2609 2640 2641
f 2641 2626 2609
f 2632 2622 2642
f 2642 2643 2632
f 2632 2643 2637
f 2638 2644 2616
f 2616 2644 2604
f 2615 2638 2616
f 2645 2640 2619
f 2619 2633 2645
f 2622 2621 2646
f 2646 2642 2622
f 2617 2647 2618
f 2594 2647 2617
f 2621 2623 2648
f 2649 2646 2621
f 2648 2649 2621
f 2650 2648 2623
f 2623 2624 2650
f 2651 2631 2625
f 2625 2626 2651
f 2652 2628 2627
f 2627 2639 2653
f 2654 2652 2627
f 2653 2654 2627
f 2640 2645 2655
f 2655 2641 2640
f 2643 2642 2656
f 2656 2637 2643
f 2657 2658 2647
f 2647 2658 2659
f 2660 2618 2647
f 2594 2657 2647
f 2647 2659 2660
f 2634 2645 2633
f 2628 2652 2661
f 2628 2661 2629
f 2642 2646 2662
f 2642 2662 2663
f 2663 2656 2642
f 2664 2639 2631
f 2631 2651 2664
f 2665 2666 2637
f 2637 2666 2638
f 2637 2656 2665
f 2626 2641 2667
f 2668 2651 2626
f 2626 2667 2668
f 2646 2649 2662
f 2669 2670 2644
f 2644 2670 2604
f 2644 2638 2669
f 2649 2648 2671
f 2671 2662 2649
f 2645 2634 2672
f 2672 2655 2645
f 2673 2672 2634
f 2674 2673 2634
f 2635 2674 2634
f 2641 2655 2667
f 2666 2665 2675
f 2666 2675 2676
f 2669 2638 2666
f 2666 2677 2669
f 2676 2677 2666
f 2678 2671 2648
f 2679 2678 2648
f 2648 2650 2679
f 2664 2653 2639
f 2662 2671 2680
f 2680 2663 2662
f 2656 2663 2681
f 2681 2665 2656
f 2655 2672 2682
f 2683 2667 2655
f 2655 2682 2683
f 2652 2654 2684
f 2684 2685 2652
f 2652 2685 2661
f 2686 2680 2671
f 2671 2678 2686
f 2687 2664 2651
f 2651 2668 2688
f 2651 2688 2687
f 2689 2690 2658
f 2658 2690 2691
f 2657 2689 2658
f 2658 2691 2659
f 2692 2681 2663
f 2663 2680 2692
f 2665 2681 2693
f 2693 2675 2665
f 2672 2673 2682
f 2694 2682 2673
f 2695 2694 2673
f 2673 2674 2695
f 2654 2653 2684
f 2681 2692 2696
f 2696 2693 2681
f 2670 2697 2698
f 2677 2697 2670
f 2670 2698 2604
f 2669 2677 2670
f 2653 2664 2687
f 2653 2687 2684
f 2699 2668 2667
f 2667 2683 2699
f 2685 2684 2700
f 2700 2661 2685
f 2675 2693 2701
f 2675 2701 2676
f 2699 2688 2668
f 2702 2692 2680
f 2703 2702 2680
f 2680 2686 2703
f 2704 2686 2678
f 2679 2704 2678
f 2692 2702 2705
f 2705 2696 2692
f 2682 2706 2683
f 2694 2706 2682
f 2702 2703 2707
f 2707 2705 2702
f 2708 2687 2688
f 2688 2699 2709
f 2710 2708 2688
f 2688 2709 2711
f 2688 2711 2712
f 2713 2710 2688
f 2712 2713 2688
f 2693 2696 2714
f 2714 2715 2693
f 2693 2715 2701
f 2716 2683 2706
f 2706 2694 2717
f 2717 2716 2706
f 2696 2705 2714
f 2716 2699 2683
f 2694 2718 2717
f 2695 2718 2694
f 2704 2703 2686
f 2703 2719 2720
f 2704 2719 2703
f 2720 2707 2703
f 2721 2684 2687
f 2687 2708 2722
f 2687 2723 2721
f 2722 2723 2687
f 2690 2689 2724
f 2724 2691 2690
f 2689 2725 2724
f 2726 2725 2689
f 2689 2657 2726
f 2716 2709 2699
f 2727 2728 2729
f 2729 2728 2726
f 2729 2730 2554
f 2731 2730 2729
f 2729 2554 2732
f 2733 2727 2729
f 2729 2732 2733
f 2726 2731 2729
f 2684 2734 2700
f 2721 2734 2684
f 2569 2568 2735
f 2569 2736 2732
f 2737 2736 2569
f 2569 2732 2536
f 2569 2735 2737
f 2738 2739 2740
f 2741 2739 2738
f 2738 2740 2661
f 2738 2661 2700
f 2742 2741 2738
f 2738 2700 2742
f 2708 2710 2722
f 2739 2743 2740
f 2744 2743 2739
f 2739 2741 2744
f 2566 2745 2568
f 2568 2745 2746
f 2568 2746 2735
f 2747 2714 2705
f 2707 2747 2705
f 2748 2711 2709
f 2709 2716 2749
f 2709 2749 2748
f 2715 2714 2750
f 2715 2750 2751
f 2751 2701 2715
f 2752 2753 2725
f 2725 2753 2754
f 2726 2752 2725
f 2754 2724 2725
f 2728 2755 2756
f 2757 2755 2728
f 2728 2756 2726
f 2728 2727 2757
f 2758 2759 2743
f 2743 2759 2679
f 2650 2740 2743
f 2743 2760 2758
f 2744 2760 2743
f 2679 2650 2743
f 2745 2761 2762
f 2583 2761 2745
f 2762 2763 2745
f 2745 2763 2746
f 2566 2583 2745
f 2714 2747 2764
f 2764 2750 2714
f 2765 2712 2711
f 2711 2748 2765
f 2710 2713 2766
f 2710 2766 2722
f 2767 2750 2768
f 2751 2750 2767
f 2768 2769 2767
f 2767 2769 2770
f 2767 2770 2771
f 2767 2771 2751
f 2772 2720 2719
f 2773 2772 2719
f 2704 2774 2719
f 2719 2774 2773
f 2753 2752 2775
f 2753 2775 2754
f 2776 2756 2755
f 2755 2757 2777
f 2777 2776 2755
f 2713 2712 2778
f 2778 2766 2713
f 2752 2756 2776
f 2726 2756 2752
f 2776 2775 2752
f 2712 2779 2778
f 2765 2779 2712
f 2761 2780 2762
f 2604 2780 2761
f 2583 2604 2761
f 2781 2782 2759
f 2759 2782 2679
f 2759 2758 2781
f 2747 2707 2783
f 2784 2764 2747
f 2747 2783 2784
f 2604 2785 2780
f 2780 2785 2786
f 2780 2787 2762
f 2786 2787 2780
f 2707 2720 2783
f 2782 2788 2704
f 2789 2788 2782
f 2782 2704 2679
f 2782 2781 2790
f 2790 2789 2782
f 2750 2764 2791
f 2791 2768 2750
f 2784 2791 2764
f 2769 2768 2792
f 2769 2792 2793
f 2794 2770 2769
f 2769 2795 2796
f 2793 2795 2769
f 2796 2794 2769
f 2797 2798 2785
f 2785 2798 2799
f 2785 2604 2797
f 2799 2786 2785
f 2800 2801 2802
f 2802 2801 2803
f 2804 2800 2802
f 2802 2805 2806
f 2803 2805 2802
f 2802 2806 2807
f 2802 2807 2804
f 2768 2791 2808
f 2808 2792 2768
f 2791 2809 2808
f 2784 2809 2791
f 2810 2783 2720
f 2720 2772 2810
f 2809 2783 2811
f 2784 2783 2809
f 2812 2808 2809
f 2809 2811 2812
f 2788 2813 2774
f 2814 2813 2788
f 2788 2774 2704
f 2788 2789 2814
f 2783 2815 2811
f 2810 2815 2783
f 2792 2808 2816
f 2816 2817 2792
f 2792 2817 2793
f 2812 2816 2808
f 2813 2818 2773
f 2819 2818 2813
f 2773 2774 2813
f 2813 2814 2819
f 2820 2811 2815
f 2815 2772 2821
f 2810 2772 2815
f 2822 2820 2815
f 2815 2821 2822
f 2823 2824 2825
f 2825 2824 2826
f 2825 2827 2795
f 2828 2827 2825
f 2825 2795 2823
f 2826 2828 2825
f 2811 2820 2812
f 2772 2829 2821
f 2773 2829 2772
f 2830 2831 2832
f 2832 2831 2833
f 2832 2798 2834
f 2799 2798 2832
f 2832 2834 2830
f 2832 2833 2835
f 2832 2835 2799
f 2836 2812 2820
f 2837 2836 2820
f 2822 2837 2820
f 2838 2839 2818
f 2818 2839 2773
f 2819 2838 2818
f 2817 2816 2840
f 2817 2840 2841
f 2823 2795 2817
f 2817 2795 2793
f 2841 2823 2817
f 2816 2812 2842
f 2816 2842 2840
f 2836 2842 2812
f 2830 2843 2831
f 2831 2843 2833
f 2844 2845 2839
f 2839 2845 2829
f 2838 2844 2839
f 2839 2829 2773
f 2823 2846 2824
f 2824 2846 2826
f 2842 2847 2840
f 2836 2847 2842
f 2848 2849 2843
f 2843 2849 2850
f 2843 2830 2848
f 2850 2833 2843
f 2851 2840 2852
f 2841 2840 2851
f 2851 2852 2853
f 2851 2853 2854
f 2851 2854 2823
f 2851 2823 2841
f 2844 2855 2845
f 2845 2855 2829
f 2848 2856 2849
f 2849 2856 2857
f 2857 2850 2849
f 2852 2840 2847
f 2847 2836 2858
f 2847 2858 2852
f 2854 2859 2846
f 2846 2859 2860
f 2823 2854 2846
f 2846 2860 2826
f 2836 2837 2858
f 2861 2862 2855
f 2855 2862 2863
f 2855 2844 2861
f 2863 2829 2855
f 2864 2865 2856
f 2856 2865 2857
f 2848 2864 2856
f 2866 2867 2862
f 2862 2867 2863
f 2862 2861 2868
f 2868 2866 2862
f 2869 2870 2871
f 2872 2870 2869
f 2869 2871 2822
f 2821 2829 2869
f 2869 2829 2872
f 2822 2821 2869
f 2873 2858 2837
f 2874 2873 2837
f 2822 2871 2837
f 2837 2871 2874
f 2875 2852 2858
f 2858 2873 2875
f 2864 2876 2865
f 2865 2876 2877
f 2865 2877 2857
f 2878 2853 2852
f 2852 2875 2878
f 2879 2880 2867
f 2867 2880 2881
f 2866 2879 2867
f 2881 2863 2867
f 2864 2882 2876
f 2876 2882 2883
f 2884 2877 2876
f 2883 2884 2876
f 2885 2871 2870
f 2886 2887 2870
f 2870 2887 2885
f 2888 2886 2870
f 2870 2872 2888
f 2889 2890 2853
f 2853 2890 2891
f 2878 2889 2853
f 2891 2854 2853
f 2892 2875 2873
f 2873 2893 2892
f 2874 2893 2873
f 2875 2892 2894
f 2875 2894 2878
f 2885 2874 2871
f 2880 2895 2896
f 2897 2895 2880
f 2880 2896 2881
f 2880 2879 2898
f 2898 2897 2880
f 2882 2899 2900
f 2901 2899 2882
f 2882 2864 2901
f 2882 2900 2883
f 2902 2903 2895
f 2895 2903 2896
f 2897 2902 2895
f 2899 2904 2905
f 2901 2904 2899
f 2905 2900 2899
f 2904 2906 2907
f 2907 2906 2908
f 2908 2904 2907
f 2909 2910 2911
f 2911 2910 2912
f 2913 2909 2911
f 2911 2914 2908
f 2912 2914 2911
f 2908 2913 2911
f 2915 2916 2910
f 2910 2916 2912
f 2910 2909 2915
f 2916 2917 2918
f 2919 2917 2916
f 2916 2918 2920
f 2916 2915 2919
f 2920 2912 2916
f 2921 2918 2917
f 2917 2919 2921
f 2921 2922 2918
f 2918 2922 2920
f 2923 2924 2922
f 2922 2924 2920
f 2922 2921 2925
f 2922 2925 2923
f 2926 2927 2924
f 2924 2927 2928
f 2924 2923 2926
f 2928 2920 2924
f 2927 2926 2903
f 2927 2903 2929
f 2927 2929 2928
f 2859 2930 2860
f 2931 2930 2859
f 2859 2854 2891
f 2859 2891 2931
f 2932 2915 2909
f 2913 2932 2909
f 2933 2934 2906
f 2906 2934 2913
f 2904 2933 2906
f 2906 2913 2908
f 2935 2919 2915
f 2932 2935 2915
f 2936 2937 2938
f 2938 2937 2939
f 2939 2940 2938
f 2938 2940 2941
f 2938 2942 2936
f 2943 2942 2938
f 2938 2941 2943
f 2935 2921 2919
f 2944 2925 2921
f 2945 2944 2921
f 2921 2935 2945
f 2890 2889 2946
f 2890 2946 2947
f 2890 2947 2891
f 2887 2893 2885
f 2948 2893 2887
f 2949 2950 2887
f 2887 2950 2948
f 2887 2886 2949
f 2951 2892 2893
f 2948 2951 2893
f 2893 2874 2885
f 2952 2894 2892
f 2951 2952 2892
f 2952 2889 2894
f 2894 2889 2878
f 2889 2952 2946
f 2953 2926 2954
f 2955 2926 2953
f 2953 2954 2956
f 2953 2956 2957
f 2953 2957 2881
f 2896 2955 2953
f 2881 2896 2953
f 2930 2958 2959
f 2960 2958 2930
f 2930 2959 2961
f 2930 2961 2860
f 2931 2960 2930
f 2962 2946 2952
f 2952 2951 2962
f 2963 2923 2925
f 2925 2944 2963
f 2964 2926 2923
f 2923 2963 2964
f 2962 2965 2946
f 2946 2965 2966
f 2966 2947 2946
f 2926 2964 2954
f 2955 2903 2926
f 2967 2951 2950
f 2950 2951 2948
f 2968 2967 2950
f 2950 2949 2968
f 2967 2962 2951
f 2969 2963 2944
f 2944 2945 2970
f 2970 2971 2944
f 2944 2971 2969
f 2972 2964 2963
f 2969 2972 2963
f 2935 2932 2973
f 2974 2945 2935
f 2973 2974 2935
f 2972 2954 2964
f 2975 2973 2932
f 2913 2975 2932
f 2954 2972 2976
f 2976 2956 2954
f 2933 2977 2934
f 2934 2977 2975
f 2934 2975 2913
f 2965 2962 2978
f 2979 2966 2965
f 2980 2979 2965
f 2965 2978 2980
f 2962 2967 2978
f 2981 2949 2886
f 2982 2981 2886
f 2983 2982 2886
f 2888 2983 2886
f 2947 2984 2985
f 2966 2984 2947
f 2947 2985 2960
f 2931 2891 2947
f 2947 2960 2931
f 2945 2974 2970
f 2986 2987 2967
f 2967 2987 2978
f 2967 2968 2986
f 2987 2986 2988
f 2987 2988 2989
f 2987 2989 2990
f 2987 2990 2980
f 2980 2978 2987
f 2949 2981 2968
f 2974 2973 2991
f 2992 2970 2974
f 2991 2992 2974
f 2993 2976 2972
f 2972 2969 2994
f 2972 2994 2993
f 2956 2976 2995
f 2956 2995 2996
f 2996 2957 2956
f 2973 2997 2991
f 2998 2997 2973
f 2973 2975 2998
f 2999 2995 2976
f 2976 3000 2999
f 2993 3000 2976
f 3001 2968 2981
f 2981 2982 3002
f 2981 3002 3001
f 2971 2970 3003
f 3004 2969 2971
f 2971 3003 3004
f 2992 3003 2970
f 2969 3004 2994
f 3001 2986 2968
f 3005 3006 2977
f 2977 3006 2998
f 2933 3005 2977
f 2998 2975 2977
f 2958 2985 3007
f 2960 2985 2958
f 2958 3007 2959
f 2986 3008 2988
f 3001 3008 2986
f 3009 2985 2984
f 3010 3009 2984
f 2984 2966 2979
f 2984 2979 3010
f 3011 2991 2997
f 3012 3011 2997
f 2997 2998 3012
f 2995 2999 3013
f 3014 2996 2995
f 2995 3013 3014
f 3015 3002 2982
f 3016 3017 2982
f 2982 3017 3015
f 2983 3016 2982
f 3008 3002 3018
f 3001 3002 3008
f 3008 3018 3019
f 3019 2988 3008
f 3020 3004 3003
f 3003 2992 3021
f 3021 3020 3003
f 3015 3018 3002
f 3020 3022 3004
f 3004 3022 2994
f 2991 3021 2992
f 3023 3000 3022
f 3022 3000 2994
f 3022 3020 3024
f 3024 3023 3022
f 3023 2999 3000
f 2993 2994 3000
f 2999 3023 3025
f 2999 3025 3026
f 3026 3013 2999
f 3027 3028 3006
f 3006 3028 3012
f 3006 3005 3027
f 3012 2998 3006
f 3020 3021 3029
f 3020 3029 3024
f 3021 2991 3030
f 3021 3030 3031
f 3031 3029 3021
f 2991 3011 3030
f 3032 3030 3011
f 3012 3032 3011
f 3030 3032 3033
f 3033 3031 3030
f 3017 3034 3015
f 3035 3034 3017
f 3017 3016 3036
f 3017 3036 3037
f 3017 3037 3035
f 3038 3019 3018
f 3015 3038 3018
f 2988 3019 3039
f 3040 2989 2988
f 2988 3039 3040
f 3041 3025 3023
f 3023 3024 3041
f 3025 3041 3042
f 3025 3042 3043
f 3025 3043 3026
f 3044 3024 3029
f 3029 3031 3045
f 3029 3045 3046
f 3046 3044 3029
f 3034 3038 3015
f 3047 3038 3034
f 3034 3035 3047
f 3044 3041 3024
f 3048 3007 2985
f 2985 3009 3048
f 3033 3045 3031
f 3019 3038 3049
f 3049 3039 3019
f 3050 3042 3041
f 3041 3044 3050
f 3051 2990 2989
f 3040 3052 2989
f 2989 3052 3051
f 3047 3053 3038
f 3038 3053 3049
f 3054 3055 3056
f 3056 3055 3037
f 3057 3054 3056
f 3058 3057 3056
f 3056 3036 3058
f 3037 3036 3056
f 3059 3060 3055
f 3055 3060 3061
f 3055 3054 3059
f 3061 3037 3055
f 3045 3033 3062
f 3063 3046 3045
f 3045 3062 3063
f 3039 3053 3064
f 3049 3053 3039
f 3039 3065 3052
f 3064 3065 3039
f 3039 3052 3040
f 3066 3067 3060
f 3060 3067 3061
f 3060 3068 3069
f 3059 3068 3060
f 3069 3066 3060
f 3042 3050 3070
f 3070 3043 3042
f 3053 3071 3072
f 3047 3071 3053
f 3053 3072 3064
f 3007 3048 3073
f 3007 3074 2959
f 3075 3074 3007
f 3007 3073 3075
f 3044 3046 3076
f 3044 3076 3050
f 3077 3048 3009
f 3078 3077 3009
f 3009 3079 3078
f 3010 3079 3009
f 3080 3073 3048
f 3048 3077 3081
f 3048 3081 3080
f 3046 3063 3082
f 3083 3076 3046
f 3046 3082 3083
f 3084 3085 3065
f 3065 3085 3051
f 3051 3052 3065
f 3065 3064 3084
f 3086 3063 3062
f 3087 3071 3088
f 3088 3071 3047
f 3089 3087 3088
f 3035 3061 3088
f 3088 3061 3089
f 3047 3035 3088
f 3090 3082 3063
f 3063 3086 3090
f 3083 3050 3076
f 3054 3091 3059
f 3092 3091 3054
f 3054 3057 3093
f 3054 3093 3094
f 3094 3092 3054
f 3050 3083 3095
f 3050 3095 3096
f 3096 3070 3050
f 3097 3098 3005
f 3005 3098 3099
f 3005 2933 3100
f 3005 3100 3097
f 3099 3101 3102
f 3075 3103 3074
f 3074 3103 3104
f 3074 3105 3106
f 3104 3105 3074
f 3074 3106 3107
f 2961 2959 3074
f 3107 2961 3074
f 3108 3109 3110
f 3104 3109 3108
f 3108 3111 3104
f 3112 3111 3108
f 3108 3110 3112
f 3113 3083 3082
f 3082 3090 3113
f 3114 3072 3071
f 3071 3087 3114
f 3115 3095 3083
f 3083 3113 3115
f 3095 3115 3116
f 3116 3096 3095
f 3117 3087 3067
f 3067 3087 3089
f 3067 3066 3117
f 3089 3061 3067
f 3072 3114 3118
f 3072 3118 3084
f 3084 3064 3072
f 3119 3068 3091
f 3091 3068 3059
f 3091 3120 3119
f 3092 3120 3091
f 3121 3090 3086
f 3121 3113 3090
f 3122 3115 3113
f 3113 3121 3123
f 3123 3122 3113
f 3124 3114 3087
f 3087 3117 3124
f 3115 3122 3125
f 3115 3125 3116
f 3126 3069 3068
f 3068 3119 3126
f 3114 3124 3127
f 3114 3128 3118
f 3127 3128 3114
f 3129 3123 3121
f 3130 3120 3131
f 3131 3120 3094
f 3132 3130 3131
f 3131 3094 3133
f 3131 3133 3134
f 3131 3134 3132
f 3120 3130 3119
f 3120 3092 3094
f 3066 3069 3135
f 3135 3117 3066
f 3136 3125 3122
f 3122 3123 3136
f 3137 3119 3130
f 3130 3138 3137
f 3132 3138 3130
f 3073 3103 3075
f 3139 3103 3073
f 3073 3080 3139
f 3125 3136 3140
f 3125 3140 3141
f 3141 3142 3125
f 3125 3142 3116
f 3143 3144 3145
f 3145 3144 3132
f 3146 3143 3145
f 3145 3147 3146
f 3134 3147 3145
f 3132 3134 3145
f 3123 3129 3148
f 3148 3136 3123
f 3149 3124 3117
f 3117 3135 3149
f 3150 3148 3129
f 3124 3149 3151
f 3124 3151 3127
f 3152 3138 3144
f 3144 3138 3132
f 3136 3148 3153
f 3154 3140 3136
f 3136 3153 3154
f 3155 3153 3148
f 3150 3155 3148
f 3116 3142 3156
f 3156 3157 3158
f 3156 3158 3116
f 3140 3154 3159
f 3140 3159 3141
f 3142 3141 3160
f 3161 3154 3153
f 3153 3155 3162
f 3153 3162 3161
f 3163 3159 3154
f 3154 3161 3163
f 3155 3164 3162
f 3150 3164 3155
f 3165 3141 3159
f 3159 3163 3166
f 3159 3166 3165
f 3167 3162 3164
f 3164 3168 3169
f 3150 3168 3164
f 3169 3170 3164
f 3164 3170 3167
f 3171 3160 3141
f 3165 3171 3141
f 3172 3161 3162
f 3173 3172 3162
f 3167 3173 3162
f 3172 3163 3161
f 3174 3175 3176
f 3177 3175 3174
f 3176 3178 3174
f 3174 3178 3179
f 3180 3181 3174
f 3174 3181 3177
f 3179 3180 3174
f 3182 3183 3184
f 3184 3183 3185
f 3184 3186 3187
f 3179 3186 3184
f 3184 3187 3182
f 3184 3185 3188
f 3184 3188 3179
f 3189 3190 3183
f 3183 3190 3191
f 3183 3182 3189
f 3191 3185 3183
f 3192 3193 3190
f 3190 3193 3191
f 3190 3189 3194
f 3190 3194 3192
f 3192 3195 3193
f 3193 3195 3196
f 3193 3197 3198
f 3196 3197 3193
f 3193 3198 3199
f 3199 3191 3193
f 3195 3200 3201
f 3192 3200 3195
f 3195 3201 3196
f 3202 3203 3204
f 3204 3203 3205
f 3196 3206 3204
f 3204 3206 3207
f 3207 3202 3204
f 3204 3197 3196
f 3205 3197 3204
f 3208 3209 3210
f 3210 3209 3205
f 3210 3203 3211
f 3205 3203 3210
f 3210 3211 3208
f 3212 3213 3209
f 3209 3213 3214
f 3209 3208 3212
f 3214 3205 3209
f 3215 3216 3217
f 3218 3216 3215
f 3215 3213 3218
f 3214 3213 3215
f 3217 3219 3215
f 3215 3219 3214
f 3220 3221 3222
f 3222 3221 3223
f 3222 3224 3220
f 3223 3224 3222
f 3225 3226 3221
f 3221 3226 3227
f 3221 3220 3225
f 3221 3227 3223
f 3228 3229 3226
f 3226 3229 3230
f 3225 3228 3226
f 3230 3227 3226
f 3228 3231 3229
f 3229 3231 3232
f 3233 3230 3229
f 3229 3232 3233
f 3234 3235 3231
f 3231 3235 3236
f 3228 3234 3231
f 3231 3236 3232
f 3234 3237 3235
f 3235 3237 3238
f 3238 3236 3235
f 3239 3240 3237
f 3237 3240 3241
f 3234 3239 3237
f 3237 3241 3242
f 3242 3238 3237
f 3239 3243 3240
f 3240 3243 3244
f 3244 3241 3240
f 3239 3245 3243
f 3246 3247 3248
f 3170 3247 3246
f 3246 3173 3167
f 3249 3173 3246
f 3246 3248 3249
f 3167 3170 3246
f 3216 3250 3248
f 3251 3250 3216
f 3218 3252 3216
f 3216 3252 3251
f 3216 3248 3217
f 3253 3187 3186
f 3186 3178 3253
f 3179 3178 3186
f 3254 3166 3163
f 3163 3172 3255
f 3163 3256 3254
f 3255 3256 3163
f 3213 3212 3257
f 3213 3257 3252
f 3213 3252 3218
f 3203 3258 3211
f 3202 3258 3203
f 3259 3211 3258
f 3258 3202 3260
f 3258 3260 3259
f 3175 3261 3262
f 3263 3261 3175
f 3175 3262 3176
f 3177 3263 3175
f 3264 3182 3187
f 3187 3265 3264
f 3266 3265 3187
f 3253 3266 3187
f 3267 3189 3182
f 3182 3264 3267
f 3268 3194 3189
f 3189 3267 3268
f 3269 3200 3194
f 3194 3200 3192
f 3194 3268 3269
f 3270 3201 3200
f 3200 3269 3270
f 3271 3206 3201
f 3201 3206 3196
f 3201 3270 3271
f 3206 3271 3272
f 3206 3272 3207
f 3166 3254 3273
f 3166 3273 3165
f 3160 3171 3274
f 3274 3275 3160
f 3276 3208 3211
f 3211 3259 3277
f 3277 3276 3211
f 3278 3212 3208
f 3208 3276 3279
f 3208 3279 3278
f 3280 3257 3212
f 3212 3278 3280
f 3172 3281 3255
f 3173 3281 3172
f 3103 3282 3283
f 3139 3282 3103
f 3103 3283 3284
f 3284 3285 3103
f 3103 3285 3104
f 3109 3285 3284
f 3104 3285 3109
f 3284 3286 3109
f 3109 3286 3110
f 3287 3260 3202
f 3207 3287 3202
f 3288 3252 3257
f 3257 3280 3289
f 3257 3289 3288
f 3249 3248 3250
f 3250 3290 3249
f 3291 3290 3250
f 3250 3251 3291
f 3288 3292 3252
f 3252 3292 3251
f 3293 3259 3260
f 3260 3287 3294
f 3260 3294 3293
f 3259 3293 3295
f 3259 3295 3277
f 3296 3279 3276
f 3276 3297 3296
f 3277 3297 3276
f 3298 3278 3279
f 3279 3296 3299
f 3279 3299 3298
f 3300 3280 3278
f 3278 3298 3300
f 3301 3289 3280
f 3280 3300 3301
f 3263 3302 3261
f 3261 3302 3303
f 3303 3262 3261
f 3287 3272 3304
f 3207 3272 3287
f 3304 3294 3287
f 3305 3255 3281
f 3281 3173 3249
f 3306 3305 3281
f 3281 3249 3307
f 3281 3307 3306
f 3308 3254 3256
f 3256 3255 3309
f 3256 3309 3310
f 3310 3308 3256
f 3311 3273 3254
f 3254 3308 3311
f 3312 3264 3265
f 3265 3313 3312
f 3314 3313 3265
f 3266 3314 3265
f 3315 3267 3264
f 3264 3312 3315
f 3316 3268 3267
f 3267 3315 3316
f 3317 3269 3268
f 3268 3316 3317
f 3318 3270 3269
f 3269 3317 3318
f 3318 3271 3270
f 3319 3272 3271
f 3271 3318 3319
f 3319 3304 3272
f 3165 3273 3171
f 3171 3273 3320
f 3320 3274 3171
f 3289 3301 3321
f 3289 3321 3322
f 3289 3322 3288
f 3305 3309 3255
f 3323 3293 3294
f 3294 3304 3324
f 3294 3324 3323
f 3325 3295 3293
f 3293 3323 3325
f 3326 3297 3295
f 3295 3297 3277
f 3295 3325 3326
f 3327 3296 3297
f 3297 3326 3327
f 3328 3299 3296
f 3296 3327 3329
f 3296 3329 3328
f 3330 3298 3299
f 3299 3328 3331
f 3299 3331 3330
f 3332 3300 3298
f 3298 3330 3332
f 3300 3332 3301
f 3304 3319 3333
f 3334 3324 3304
f 3333 3334 3304
f 3273 3311 3335
f 3273 3335 3320
f 3336 3337 3292
f 3292 3337 3291
f 3292 3288 3336
f 3291 3251 3292
f 3275 3274 3338
f 3320 3335 3274
f 3274 3335 3339
f 3339 3338 3274
f 3340 3310 3309
f 3341 3340 3309
f 3309 3305 3341
f 3342 3343 3344
f 3344 3343 3345
f 3344 3302 3346
f 3347 3302 3344
f 3346 3342 3344
f 3345 3347 3344
f 3348 3311 3308
f 3308 3310 3348
f 3349 3335 3311
f 3311 3348 3349
f 3350 3351 3352
f 3353 3351 3350
f 3307 3290 3350
f 3350 3290 3353
f 3350 3352 3306
f 3306 3307 3350
f 3337 3354 3355
f 3336 3354 3337
f 3353 3290 3337
f 3337 3290 3291
f 3337 3355 3353
f 3356 3312 3313
f 3357 3356 3313
f 3358 3357 3313
f 3313 3314 3358
f 3359 3315 3312
f 3312 3356 3360
f 3312 3360 3359
f 3361 3316 3315
f 3315 3359 3361
f 3362 3317 3316
f 3316 3361 3362
f 3363 3318 3317
f 3317 3362 3363
f 3364 3319 3318
f 3318 3363 3364
f 3319 3364 3365
f 3319 3365 3333
f 3366 3323 3324
f 3324 3334 3366
f 3367 3325 3323
f 3323 3366 3367
f 3367 3326 3325
f 3368 3327 3326
f 3326 3367 3368
f 3369 3329 3327
f 3327 3368 3370
f 3327 3370 3369
f 3371 3328 3329
f 3329 3369 3371
f 3371 3331 3328
f 3372 3330 3331
f 3331 3371 3373
f 3373 3372 3331
f 3372 3332 3330
f 3374 3301 3332
f 3375 3374 3332
f 3332 3372 3375
f 3374 3321 3301
f 3376 3322 3321
f 3321 3374 3377
f 3321 3377 3376
f 3378 3348 3310
f 3310 3340 3378
f 3335 3349 3379
f 3335 3379 3339
f 3334 3365 3380
f 3333 3365 3334
f 3380 3366 3334
f 3381 3382 3383
f 3352 3382 3381
f 3381 3305 3306
f 3341 3305 3381
f 3381 3383 3341
f 3306 3352 3381
f 3322 3354 3336
f 3384 3354 3322
f 3336 3288 3322
f 3322 3376 3384
f 3385 3349 3348
f 3348 3378 3385
f 3386 3377 3374
f 3374 3375 3386
f 3387 3388 3343
f 3343 3388 3389
f 3343 3342 3387
f 3389 3345 3343
f 3338 3390 3391
f 3339 3390 3338
f 3392 3378 3340
f 3340 3393 3392
f 3341 3393 3340
f 3377 3386 3394
f 3377 3394 3395
f 3377 3395 3376
f 3396 3379 3349
f 3385 3396 3349
f 3397 3382 3351
f 3351 3382 3352
f 3355 3397 3351
f 3353 3355 3351
f 3354 3398 3355
f 3399 3398 3354
f 3384 3399 3354
f 3400 3360 3356
f 3356 3401 3400
f 3402 3401 3356
f 3357 3402 3356
f 3403 3359 3360
f 3360 3400 3403
f 3404 3361 3359
f 3359 3403 3404
f 3405 3362 3361
f 3361 3404 3405
f 3406 3363 3362
f 3362 3405 3406
f 3407 3364 3363
f 3363 3406 3407
f 3407 3365 3364
f 3408 3380 3365
f 3365 3407 3408
f 3409 3410 3388
f 3388 3410 3411
f 3387 3409 3388
f 3411 3389 3388
f 3412 3367 3366
f 3366 3380 3413
f 3366 3413 3414
f 3366 3414 3412
f 3415 3368 3367
f 3367 3412 3415
f 3415 3370 3368
f 3416 3369 3370
f 3370 3415 3417
f 3370 3417 3416
f 3418 3371 3369
f 3369 3416 3418
f 3371 3419 3373
f 3418 3419 3371
f 3420 3375 3372
f 3372 3419 3420
f 3373 3419 3372
f 3375 3420 3386
f 3421 3385 3378
f 3378 3422 3421
f 3392 3422 3378
f 3393 3422 3392
f 3423 3422 3393
f 3393 3424 3423
f 3341 3424 3393
f 3425 3413 3380
f 3408 3425 3380
f 3426 3427 3390
f 3390 3339 3426
f 3379 3396 3428
f 3428 3427 3379
f 3379 3427 3426
f 3426 3339 3379
f 3399 3429 3398
f 3398 3429 3430
f 3398 3397 3355
f 3430 3397 3398
f 3396 3385 3431
f 3431 3428 3396
f 3385 3421 3432
f 3432 3431 3385
f 3433 3414 3413
f 3413 3425 3433
f 3434 3412 3414
f 3435 3434 3414
f 3414 3433 3435
f 3436 3415 3412
f 3412 3434 3436
f 3436 3417 3415
f 3437 3416 3417
f 3417 3436 3438
f 3417 3438 3437
f 3439 3440 3416
f 3416 3440 3418
f 3416 3437 3439
f 3441 3420 3419
f 3418 3441 3419
f 3442 3386 3420
f 3420 3441 3442
f 3443 3394 3386
f 3386 3442 3443
f 3425 3408 3444
f 3425 3444 3433
f 3394 3443 3445
f 3445 3446 3394
f 3394 3446 3395
f 3410 3447 3448
f 3409 3447 3410
f 3410 3448 3411
f 3427 3428 3449
f 3397 3450 3382
f 3382 3450 3451
f 3451 3452 3382
f 3382 3452 3383
f 3453 3400 3401
f 3401 3454 3453
f 3448 3454 3401
f 3401 3402 3448
f 3453 3403 3400
f 3455 3404 3403
f 3403 3453 3455
f 3455 3405 3404
f 3456 3406 3405
f 3405 3455 3456
f 3457 3407 3406
f 3456 3457 3406
f 3444 3408 3407
f 3407 3457 3444
f 3423 3458 3422
f 3422 3458 3459
f 3422 3460 3421
f 3459 3460 3422
f 3461 3436 3434
f 3434 3435 3461
f 3436 3461 3438
f 3462 3441 3440
f 3440 3441 3418
f 3440 3439 3462
f 3463 3442 3441
f 3441 3462 3463
f 3464 3443 3442
f 3442 3463 3464
f 3443 3464 3445
f 3429 3399 3465
f 3466 3430 3429
f 3465 3467 3429
f 3429 3467 3466
f 3468 3469 3458
f 3458 3469 3459
f 3423 3468 3458
f 3470 3471 3472
f 3472 3471 3473
f 3423 3424 3472
f 3472 3424 3383
f 3472 3452 3470
f 3383 3452 3472
f 3472 3468 3423
f 3473 3468 3472
f 3450 3397 3430
f 3450 3474 3451
f 3475 3474 3450
f 3476 3475 3450
f 3450 3430 3476
f 3446 3445 3477
f 3465 3395 3446
f 3477 3478 3446
f 3446 3478 3467
f 3446 3467 3465
f 3479 3454 3447
f 3447 3454 3448
f 3480 3479 3447
f 3409 3480 3447
f 3481 3453 3454
f 3454 3482 3481
f 3479 3482 3454
f 3483 3455 3453
f 3481 3483 3453
f 3455 3483 3484
f 3455 3484 3485
f 3455 3485 3456
f 3486 3444 3457
f 3456 3485 3457
f 3457 3485 3487
f 3457 3487 3486
f 3488 3433 3444
f 3444 3489 3488
f 3486 3489 3444
f 3490 3435 3433
f 3488 3490 3433
f 3491 3461 3435
f 3492 3491 3435
f 3435 3490 3492
f 3491 3438 3461
f 3493 3437 3438
f 3491 3494 3438
f 3438 3494 3493
f 3493 3439 3437
f 3495 3496 3497
f 3497 3496 3498
f 3499 3495 3497
f 3498 3500 3497
f 3501 3462 3439
f 3493 3501 3439
f 3502 3463 3462
f 3462 3501 3502
f 3503 3504 3505
f 3506 3504 3503
f 3507 3508 3503
f 3503 3508 3506
f 3503 3505 3509
f 3510 3507 3503
f 3503 3509 3181
f 3503 3181 3180
f 3503 3180 3511
f 3511 3510 3503
f 3504 3512 3513
f 3514 3512 3504
f 3504 3513 3515
f 3482 3505 3504
f 3515 3482 3504
f 3504 3506 3516
f 3504 3516 3514
f 3502 3464 3463
f 3517 3445 3464
f 3464 3502 3517
f 3517 3477 3445
f 3518 3512 3519
f 3520 3512 3518
f 3519 3521 3518
f 3518 3521 3522
f 3518 3522 3520
f 3523 3513 3512
f 3520 3523 3512
f 3524 3519 3512
f 3512 3514 3524
f 3525 3526 3527
f 3527 3526 3520
f 3527 3521 3528
f 3522 3521 3527
f 3527 3528 3525
f 3520 3522 3527
f 3525 3529 3526
f 3526 3529 3520
f 3530 3531 3529
f 3529 3531 3523
f 3532 3530 3529
f 3525 3532 3529
f 3529 3523 3520
f 3531 3533 3523
f 3534 3533 3531
f 3531 3530 3534
f 3535 3523 3533
f 3536 3535 3533
f 3533 3537 3536
f 3538 3537 3533
f 3533 3534 3538
f 3223 3539 3540
f 3540 3541 3510
f 3542 3541 3540
f 3510 3224 3540
f 3540 3224 3223
f 3227 3543 3539
f 3223 3227 3539
f 3230 3544 3543
f 3543 3227 3230
f 3233 3545 3544
f 3544 3230 3233
f 3232 3546 3545
f 3233 3232 3545
f 3236 3547 3546
f 3232 3236 3546
f 3548 3549 3550
f 3551 3549 3548
f 3548 3550 3536
f 3538 3551 3548
f 3536 3537 3548
f 3548 3537 3538
f 3238 3552 3547
f 3547 3236 3238
f 3553 3554 3549
f 3549 3554 3555
f 3555 3550 3549
f 3549 3551 3553
f 3242 3556 3552
f 3552 3238 3242
f 3557 3558 3554
f 3554 3558 3555
f 3554 3553 3557
f 3241 3559 3556
f 3242 3241 3556
f 3560 3561 3562
f 3555 3561 3560
f 3563 3564 3560
f 3560 3564 3565
f 3562 3563 3560
f 3560 3566 3555
f 3567 3566 3560
f 3560 3565 3567
f 3244 3568 3559
f 3559 3241 3244
f 3557 3569 3558
f 3558 3569 3555
f 3570 3561 3569
f 3569 3561 3555
f 3569 3557 3571
f 3571 3570 3569
f 3570 3562 3561
f 3432 3421 3460
f 3572 3573 3460
f 3460 3573 3432
f 3459 3572 3460
f 3428 3574 3575
f 3431 3574 3428
f 3428 3575 3449
f 3576 3577 3127
f 3127 3151 3576
f 3578 3579 3577
f 3577 3579 3128
f 3577 3128 3127
f 3578 3580 3579
f 3579 3580 3128
f 3580 3581 3582
f 3578 3581 3580
f 3580 3582 3128
f 3578 3583 3581
f 3581 3583 3584
f 3584 3582 3581
f 3585 3586 3583
f 3583 3586 3078
f 3583 3578 3585
f 3583 3078 3584
f 3585 3077 3586
f 3586 3077 3078
f 3585 3081 3077
f 3139 3080 3081
f 3081 3585 3139
f 3587 3588 3589
f 3590 3588 3587
f 3589 3591 3587
f 3587 3591 3508
f 3587 3508 3507
f 3587 3507 3592
f 3587 3593 3590
f 3592 3593 3587
f 3594 3589 3588
f 3595 3594 3588
f 3588 3521 3519
f 3590 3521 3588
f 3588 3519 3595
f 3596 3597 3598
f 3598 3597 3599
f 3590 3593 3598
f 3598 3593 3600
f 3601 3590 3598
f 3599 3601 3598
f 3602 3596 3598
f 3600 3603 3598
f 3598 3603 3602
f 3604 3597 3596
f 3605 3597 3604
f 3604 3596 3602
f 3606 3605 3604
f 3607 3606 3604
f 3602 3607 3604
f 3608 3609 3610
f 3610 3609 3611
f 3612 3608 3610
f 3611 3613 3610
f 3610 3613 3614
f 3610 3614 3612
f 3609 3615 3616
f 3617 3615 3609
f 3609 3616 3618
f 3609 3608 3617
f 3618 3611 3609
f 3615 3619 3620
f 3621 3619 3615
f 3620 3616 3615
f 3617 3621 3615
f 3621 3622 3623
f 3623 3622 3624
f 3623 3619 3621
f 3625 3619 3623
f 3624 3625 3623
f 3626 3627 3628
f 3628 3627 3629
f 3628 3630 3626
f 3631 3630 3628
f 3632 3631 3628
f 3629 3632 3628
f 3626 3633 3627
f 3627 3633 3629
f 3634 3635 3633
f 3633 3635 3636
f 3637 3634 3633
f 3633 3626 3637
f 3636 3629 3633
f 3638 3639 3622
f 3622 3639 3640
f 3622 3621 3638
f 3622 3640 3624
f 3641 3642 3635
f 3635 3642 3636
f 3635 3634 3641
f 3639 3643 3644
f 3638 3643 3639
f 3639 3644 3640
f 3645 3646 3647
f 3647 3646 3638
f 3647 3642 3645
f 3621 3642 3647
f 3638 3621 3647
f 3643 3648 3649
f 3650 3648 3643
f 3643 3649 3651
f 3652 3644 3643
f 3643 3638 3650
f 3643 3651 3652
f 3648 3653 3654
f 3650 3653 3648
f 3654 3649 3648
f 3655 3656 3646
f 3646 3656 3650
f 3645 3655 3646
f 3650 3638 3646
f 3657 3658 3656
f 3656 3658 3659
f 3656 3655 3660
f 3660 3657 3656
f 3656 3659 3650
f 3661 3662 3658
f 3658 3662 3663
f 3657 3661 3658
f 3658 3663 3659
f 3653 3664 3665
f 3659 3664 3653
f 3666 3654 3653
f 3653 3665 3667
f 3650 3659 3653
f 3653 3667 3666
f 3664 3668 3669
f 3659 3668 3664
f 3664 3669 3665
f 3670 3671 3662
f 3662 3671 3672
f 3662 3661 3670
f 3662 3672 3663
f 3668 3673 3674
f 3663 3673 3668
f 3674 3669 3668
f 3659 3663 3668
f 3675 3676 3671
f 3671 3676 3677
f 3670 3675 3671
f 3671 3677 3672
f 3678 3679 3676
f 3676 3679 3677
f 3675 3678 3676
f 3680 3681 3679
f 3679 3681 3682
f 3679 3678 3683
f 3683 3680 3679
f 3679 3682 3677
f 3673 3684 3685
f 3663 3684 3673
f 3673 3685 3674
f 3680 3686 3681
f 3681 3686 3687
f 3681 3687 3682
f 3684 3688 3689
f 3672 3688 3684
f 3689 3685 3684
f 3663 3672 3684
f 3688 3690 3691
f 3672 3690 3688
f 3688 3691 3689
f 3690 3692 3693
f 3677 3692 3690
f 3693 3691 3690
f 3672 3677 3690
f 3692 3694 3695
f 3677 3694 3692
f 3695 3693 3692
f 3694 3696 3697
f 3682 3696 3694
f 3697 3695 3694
f 3677 3682 3694
f 3696 3698 3699
f 3682 3698 3696
f 3699 3697 3696
f 3682 3700 3698
f 3698 3700 3701
f 3702 3703 3698
f 3698 3703 3699
f 3701 3702 3698
f 3704 3705 3706
f 3706 3705 3701
f 3707 3704 3706
f 3708 3707 3706
f 3709 3708 3706
f 3701 3709 3706
f 3705 3704 3710
f 3705 3710 3711
f 3705 3711 3712
f 3705 3703 3702
f 3712 3703 3705
f 3705 3702 3701
f 3713 3714 3715
f 3715 3714 3716
f 3715 3717 3713
f 3718 3717 3715
f 3716 3718 3715
f 3713 3719 3714
f 3714 3719 3720
f 3714 3720 3716
f 3721 3722 3723
f 3724 3722 3721
f 3721 3723 3725
f 3721 3725 3726
f 3726 3724 3721
f 3722 3727 3723
f 3724 3727 3722
f 3589 3728 3591
f 3591 3728 3516
f 3516 3508 3591
f 3728 3589 3594
f 3728 3594 3595
f 3728 3595 3516
f 3729 3730 3731
f 3731 3730 3563
f 3732 3729 3731
f 3731 3563 3732
f 3730 3729 3733
f 3730 3564 3563
f 3734 3564 3730
f 3730 3733 3734
f 3649 3654 3735
f 3735 3651 3649
f 3729 3736 3733
f 3735 3736 3729
f 3729 3732 3651
f 3729 3651 3735
f 3736 3737 3738
f 3736 3738 3733
f 3739 3733 3738
f 3740 3710 3704
f 3704 3707 3740
f 3710 3740 3711
f 3708 3740 3707
f 3740 3708 3741
f 3740 3741 3711
f 3742 3743 3744
f 3745 3743 3742
f 3742 3744 3746
f 3742 3746 3745
f 3747 3744 3743
f 3748 3747 3743
f 3743 3745 3749
f 3749 3748 3743
f 3744 3747 3750
f 3750 3746 3744
f 3748 3750 3747
f 3751 3752 3753
f 3754 3752 3751
f 3751 3753 3755
f 3756 3754 3751
f 3751 3755 3756
f 3757 3753 3752
f 3758 3757 3752
f 3759 3758 3752
f 3752 3754 3760
f 3752 3760 3759
f 3761 3753 3762
f 3763 3753 3761
f 3761 3762 3764
f 3761 3764 3763
f 3765 3762 3753
f 3766 3755 3753
f 3763 3766 3753
f 3762 3767 3768
f 3765 3767 3762
f 3768 3764 3762
f 3769 3768 3767
f 3758 3770 3757
f 3771 3772 3773
f 3774 3772 3771
f 3773 3496 3771
f 3771 3496 3495
f 3771 3495 3774
f 3775 3773 3772
f 3772 3774 3775
f 3496 3773 3498
f 3775 3500 3773
f 3773 3500 3498
f 3776 3777 3713
f 3778 3777 3776
f 3776 3713 3778
f 3777 3719 3713
f 3779 3719 3777
f 3777 3780 3779
f 3778 3780 3777
f 3723 3781 3782
f 3782 3781 3783
f 3784 3723 3782
f 3782 3783 3784
f 3781 3785 3783
f 3786 3785 3781
f 3723 3727 3781
f 3781 3727 3786
f 3746 3750 3787
f 3788 3745 3746
f 3746 3787 3788
f 3789 3790 3750
f 3750 3790 3787
f 3750 3748 3791
f 3791 3789 3750
f 3792 3793 3790
f 3790 3793 3794
f 3790 3789 3795
f 3790 3795 3792
f 3794 3787 3790
f 3793 3796 3797
f 3798 3796 3793
f 3792 3799 3793
f 3793 3799 3798
f 3797 3794 3793
f 3800 3801 3796
f 3796 3801 3802
f 3798 3800 3796
f 3802 3797 3796
f 3803 3804 3801
f 3801 3804 3802
f 3800 3803 3801
f 3805 3806 3804
f 3804 3806 3802
f 3803 3805 3804
f 3807 3808 3806
f 3806 3808 3802
f 3806 3805 3807
f 3808 3809 3810
f 3811 3809 3808
f 3808 3810 3802
f 3807 3811 3808
f 3812 3813 3809
f 3809 3813 3814
f 3814 3810 3809
f 3809 3811 3812
f 3815 3816 3817
f 3794 3816 3815
f 3818 3819 3815
f 3815 3819 3794
f 3815 3817 3818
f 3816 3820 3821
f 3797 3820 3816
f 3816 3821 3817
f 3816 3794 3797
f 3820 3822 3823
f 3802 3822 3820
f 3820 3823 3821
f 3820 3797 3802
f 3824 3825 3813
f 3813 3825 3814
f 3812 3824 3813
f 3822 3810 3826
f 3802 3810 3822
f 3826 3823 3822
f 3810 3827 3828
f 3814 3827 3810
f 3829 3826 3810
f 3828 3829 3810
f 3830 3764 3825
f 3825 3764 3814
f 3825 3824 3830
f 3827 3831 3828
f 3814 3831 3827
f 3764 3768 3832
f 3764 3830 3766
f 3832 3814 3764
f 3764 3766 3763
f 3768 3769 3832
f 3831 3833 3834
f 3832 3833 3831
f 3831 3834 3828
f 3831 3814 3832
f 3833 3835 3836
f 3837 3835 3833
f 3833 3836 3834
f 3833 3832 3837
f 3835 3838 3839
f 3840 3838 3835
f 3841 3836 3835
f 3839 3841 3835
f 3835 3837 3840
f 3842 3843 3769
f 3769 3843 3837
f 3837 3832 3769
f 3844 3845 3843
f 3843 3845 3837
f 3843 3842 3844
f 3838 3846 3839
f 3847 3846 3838
f 3838 3848 3849
f 3840 3848 3838
f 3838 3849 3847
f 3850 3848 3845
f 3845 3848 3840
f 3844 3850 3845
f 3840 3837 3845
f 3846 3851 3852
f 3847 3851 3846
f 3846 3852 3853
f 3846 3853 3839
f 3851 3854 3855
f 3856 3854 3851
f 3855 3852 3851
f 3851 3847 3856
f 3854 3857 3858
f 3856 3857 3854
f 3859 3855 3854
f 3854 3858 3859
f 3860 3849 3848
f 3850 3860 3848
f 3857 3861 3862
f 3856 3861 3857
f 3857 3862 3863
f 3857 3864 3858
f 3863 3864 3857
f 3865 3866 3849
f 3849 3866 3847
f 3849 3860 3865
f 3865 3867 3866
f 3866 3867 3847
f 3867 3865 3868
f 3867 3868 3869
f 3867 3869 3847
f 3870 3861 3871
f 3871 3861 3856
f 3871 3872 3870
f 3869 3872 3871
f 3856 3869 3871
f 3873 3862 3861
f 3861 3870 3873
f 3774 3495 3862
f 3862 3495 3863
f 3873 3774 3862
f 3874 3863 3495
f 3495 3499 3874
f 3774 3873 3875
f 3875 3775 3774
f 3876 3877 3878
f 3878 3877 3879
f 3878 3880 3876
f 3879 3880 3878
f 3881 3882 3877
f 3877 3882 3883
f 3877 3876 3881
f 3877 3883 3884
f 3884 3879 3877
f 3882 3881 3885
f 3882 3885 3886
f 3882 3886 3887
f 3887 3883 3882
f 3888 3889 3890
f 3890 3889 3891
f 3890 3892 3888
f 3893 3892 3890
f 3890 3894 3893
f 3895 3894 3890
f 3890 3891 3895
f 3896 3897 3898
f 3898 3897 3899
f 3898 3900 3896
f 3891 3900 3898
f 3898 3899 3901
f 3901 3891 3898
f 3902 3903 3897
f 3897 3903 3899
f 3897 3896 3902
f 3904 3905 3903
f 3903 3905 3906
f 3903 3902 3907
f 3903 3907 3904
f 3906 3899 3903
f 3905 3908 3909
f 3910 3908 3905
f 3905 3904 3911
f 3905 3911 3910
f 3905 3909 3906
f 3908 3912 3909
f 3910 3912 3908
f 3913 3914 3915
f 3884 3914 3913
f 3915 3745 3913
f 3913 3745 3788
f 3788 3916 3913
f 3913 3916 3917
f 3918 3879 3913
f 3913 3879 3884
f 3919 3918 3913
f 3917 3919 3913
f 3920 3921 3914
f 3914 3921 3749
f 3883 3920 3914
f 3884 3883 3914
f 3914 3749 3915
f 3922 3923 3912
f 3912 3923 3909
f 3912 3924 3922
f 3910 3924 3912
f 3925 3926 3923
f 3923 3926 3927
f 3923 3922 3925
f 3927 3909 3923
f 3925 3928 3926
f 3926 3928 3929
f 3926 3930 3927
f 3929 3930 3926
f 3791 3921 3931
f 3931 3921 3932
f 3933 3791 3931
f 3931 3932 3933
f 3921 3748 3749
f 3791 3748 3921
f 3921 3920 3934
f 3921 3934 3932
f 3935 3936 3937
f 3938 3936 3935
f 3937 3929 3935
f 3935 3929 3939
f 3939 3938 3935
f 3932 3940 3941
f 3941 3940 3942
f 3941 3795 3933
f 3942 3795 3941
f 3933 3932 3941
f 3943 3944 3940
f 3940 3944 3945
f 3940 3932 3943
f 3945 3942 3940
f 3943 3946 3944
f 3944 3946 3945
f 3947 3948 3946
f 3946 3948 3949
f 3946 3943 3947
f 3946 3949 3945
f 3950 3951 3952
f 3953 3951 3950
f 3950 3952 3954
f 3955 3953 3950
f 3954 3956 3950
f 3950 3956 3957
f 3957 3955 3950
f 3958 3959 3948
f 3948 3959 3960
f 3947 3958 3948
f 3960 3949 3948
f 3961 3962 3963
f 3964 3962 3961
f 3965 3819 3961
f 3963 3966 3961
f 3961 3966 3965
f 3962 3967 3968
f 3964 3967 3962
f 3962 3968 3963
f 3969 3970 3967
f 3967 3970 3971
f 3964 3969 3967
f 3971 3968 3967
f 3970 3972 3973
f 3974 3972 3970
f 3970 3973 3971
f 3970 3969 3974
f 3958 3975 3959
f 3959 3975 3976
f 3976 3977 3959
f 3959 3977 3960
f 3978 3979 3972
f 3972 3979 3980
f 3980 3973 3972
f 3974 3978 3972
f 3981 3982 3979
f 3979 3982 3983
f 3978 3981 3979
f 3979 3983 3980
f 2805 3984 3975
f 3975 3984 3985
f 3958 2805 3975
f 3975 3985 3976
f 3982 3986 3983
f 3987 3986 3982
f 3982 3981 3987
f 3986 3988 3989
f 3990 3988 3986
f 3986 3989 3983
f 3987 3990 3986
f 2805 3991 3984
f 3984 3991 3824
f 3984 3824 3985
f 3988 3992 3993
f 3994 3992 3988
f 3988 3993 3989
f 3990 3994 3988
f 2801 2800 3995
f 2801 3995 3996
f 3760 3754 2801
f 2801 3754 3756
f 3996 3760 2801
f 3756 2803 2801
f 3992 3997 3998
f 3998 3993 3992
f 3991 3999 3824
f 4000 3999 3991
f 3991 2805 4000
f 4000 4001 3999
f 3999 4001 4002
f 3830 3824 3999
f 4002 3830 3999
f 4001 2803 3756
f 4000 2803 4001
f 3756 3755 4001
f 4001 3755 4002
f 4003 4004 4005
f 4006 4004 4003
f 4003 4005 4007
f 4008 4009 4003
f 4003 4009 4010
f 4007 4008 4003
f 4003 4010 4006
f 4011 4012 4013
f 4013 4012 4014
f 4015 4011 4013
f 4013 4014 4016
f 4013 4016 4008
f 4013 4008 4007
f 4007 4015 4013
f 3865 3860 4017
f 4012 4011 4018
f 4012 4018 4019
f 4020 4021 4022
f 4022 4023 4020
f 4021 4024 4025
f 4021 4025 4022
f 4024 4026 4025
f 4027 4028 4029
f 4029 4028 4030
f 4031 4032 4028
f 4028 4032 4030
f 4027 4031 4028
f 4033 4034 4032
f 4032 4034 4035
f 4032 4031 4033
f 4032 4035 4030
f 4033 4036 4034
f 4034 4036 4037
f 4034 4037 4035
f 4038 4039 4040
f 4040 4039 4041
f 4040 4042 4038
f 4037 4042 4040
f 4040 4041 4037
f 4043 4044 4039
f 4039 4044 4041
f 4039 4038 4043
f 4045 4046 4044
f 4044 4046 4047
f 4043 4045 4044
f 4044 4048 4041
f 4047 4048 4044
f 4045 4049 4046
f 4046 4049 4047
f 4045 4050 4049
f 4049 4050 4047
f 4051 4004 4052
f 4052 4004 4006
f 3954 4053 4052
f 4052 4053 4051
f 4052 3956 3954
f 4006 3956 4052
f 4054 3876 3880
f 3879 4054 3880
f 4055 4056 3889
f 3889 4056 3891
f 3889 3888 4055
f 3928 3925 4057
f 3928 4057 4058
f 3928 4058 4059
f 4059 3929 3928
f 4060 4018 4011
f 4061 4060 4011
f 4011 4015 4061
f 3915 3749 3745
f 4062 3881 3876
f 3876 4054 4062
f 4063 3885 3881
f 3881 4062 4063
f 4064 4065 3885
f 3885 4065 3886
f 3885 4063 4064
f 4066 4067 4065
f 4065 4067 3886
f 4065 4064 4068
f 4065 4068 4066
f 4066 4069 4067
f 4067 4069 4070
f 4070 3886 4067
f 4071 3892 4069
f 4069 3892 4070
f 4072 4071 4069
f 4069 4066 4072
f 4071 3888 3892
f 3893 4070 3892
f 4073 3900 4056
f 4056 3900 3891
f 4056 4055 4074
f 4074 4073 4056
f 4073 3896 3900
f 4075 3902 3896
f 3896 4073 4076
f 3896 4076 4075
f 4075 3907 3902
f 4077 3904 3907
f 3907 4075 4077
f 4078 3911 3904
f 4077 4078 3904
f 3911 4078 4079
f 4079 4080 3911
f 3911 4080 3910
f 4081 3922 3924
f 3924 4080 4081
f 3910 4080 3924
f 4082 3925 3922
f 3922 4081 4082
f 4082 4057 3925
f 4083 4084 4085
f 4086 4084 4083
f 3951 3936 4083
f 4083 3936 3938
f 4087 3951 4083
f 4085 4087 4083
f 4083 3938 3939
f 3939 4086 4083
f 4088 4005 4004
f 4051 4088 4004
f 4089 4090 4005
f 4005 4090 4015
f 4005 4088 4091
f 4091 4089 4005
f 4005 4015 4007
f 4050 4045 4092
f 4093 4094 4050
f 4050 4094 4047
f 4050 4092 4093
f 3888 4071 4095
f 4095 4055 3888
f 4090 4089 4096
f 4090 4096 4061
f 4061 4015 4090
f 4071 4072 4097
f 4097 4095 4071
f 4055 4095 4098
f 4098 4074 4055
f 4073 4074 4099
f 4099 4076 4073
f 4078 4077 4100
f 4078 4100 4079
f 4101 4081 4080
f 4080 4102 4101
f 4079 4102 4080
f 4101 4082 4081
f 4103 3741 3708
f 3709 4104 3708
f 4105 4058 4057
f 4057 4082 4106
f 4057 4106 4105
f 4107 4108 4053
f 4053 4108 4051
f 4109 4107 4053
f 4053 3954 4109
f 4110 4019 4018
f 4018 4060 4111
f 4111 4110 4018
f 4110 4112 4019
f 4105 4113 4058
f 4058 4113 4114
f 4058 4114 4059
f 4088 4108 4115
f 4051 4108 4088
f 4088 4115 4116
f 4116 4091 4088
f 4112 4110 4117
f 4118 4062 4054
f 3918 4118 4054
f 4054 3879 3918
f 4060 4096 4119
f 4061 4096 4060
f 4120 4111 4060
f 4060 4119 4120
f 4121 4063 4062
f 4062 4118 4122
f 4122 4121 4062
f 4123 4064 4063
f 4063 4121 4124
f 4124 4123 4063
f 4123 4068 4064
f 4125 4066 4068
f 4068 4123 4126
f 4068 4126 4125
f 4125 4072 4066
f 4127 4097 4072
f 4072 4125 4127
f 4095 4097 4128
f 4128 4098 4095
f 4074 4098 4099
f 4129 4075 4076
f 4076 4099 4130
f 4076 4130 4129
f 4131 4077 4075
f 4075 4129 4131
f 4132 4100 4077
f 4077 4131 4132
f 4082 4101 4133
f 4082 4133 4106
f 4084 4134 4085
f 4135 4134 4084
f 4086 4136 4084
f 4084 4136 4137
f 4137 4135 4084
f 4085 4134 4138
f 4138 4134 4139
f 4138 3952 4087
f 4109 3952 4138
f 4138 4087 4085
f 4138 4140 4109
f 4141 4140 4138
f 4139 4141 4138
f 4142 4096 4089
f 4089 4143 4142
f 4091 4143 4089
f 4110 4111 4120
f 4144 4117 4110
f 4110 4120 4144
f 4113 4105 4145
f 4113 4145 4146
f 4113 4146 4137
f 4137 4114 4113
f 4108 4107 4147
f 4108 4147 4115
f 4148 4119 4096
f 4142 4148 4096
f 3918 4149 4118
f 4118 4149 4150
f 4150 4122 4118
f 4151 4128 4097
f 4097 4127 4151
f 4152 4099 4098
f 4098 4128 4153
f 4098 4153 4152
f 4152 4130 4099
f 4154 4102 4100
f 4100 4102 4079
f 4100 4132 4154
f 4155 4101 4102
f 4102 4154 4156
f 4156 4155 4102
f 4155 4133 4101
f 4157 4106 4133
f 4133 4155 4158
f 4158 4157 4133
f 4157 4105 4106
f 4105 4157 4145
f 4159 4147 4107
f 4109 4140 4107
f 4107 4140 4141
f 4107 4141 4160
f 4160 4159 4107
f 4119 4148 4161
f 4162 4120 4119
f 4161 4162 4119
f 4128 4151 4153
f 4143 4163 4164
f 4115 4163 4143
f 4143 4164 4142
f 4116 4115 4143
f 4143 4091 4116
f 4165 4161 4148
f 4142 4165 4148
f 4166 4167 4168
f 4169 4167 4166
f 4166 4170 4171
f 4172 4170 4166
f 4166 4168 4172
f 4166 4171 4169
f 4121 4173 4174
f 4150 4173 4121
f 4174 4175 4121
f 4121 4175 4124
f 4121 4122 4150
f 4176 4126 4123
f 4177 4176 4123
f 4123 4124 4177
f 4178 4125 4126
f 4126 4176 4178
f 4178 4127 4125
f 4179 4151 4127
f 4127 4178 4179
f 4180 4153 4151
f 4151 4179 4180
f 4181 4129 4130
f 4130 4152 4182
f 4182 4181 4130
f 4181 4131 4129
f 4183 4132 4131
f 4131 4181 4184
f 4131 4184 4183
f 4183 4154 4132
f 4185 4156 4154
f 4154 4183 4185
f 4155 4156 4158
f 4157 4158 4186
f 4186 4145 4157
f 4135 4187 4134
f 4134 4187 4139
f 4147 4188 4189
f 4159 4188 4147
f 4190 4115 4147
f 4147 4189 4190
f 4191 4144 4120
f 4120 4162 4191
f 3918 4192 4149
f 4149 4192 4150
f 4193 4178 4176
f 4176 4194 4193
f 4177 4194 4176
f 4195 4152 4153
f 4180 4195 4153
f 4152 4195 4182
f 4181 4182 4184
f 4196 4158 4156
f 4156 4185 4197
f 4156 4197 4196
f 4196 4186 4158
f 4198 4146 4145
f 4145 4186 4198
f 4187 4199 4200
f 4201 4199 4187
f 4187 4200 4160
f 4135 4201 4187
f 4160 4139 4187
f 4202 4191 4162
f 4162 4161 4203
f 4203 4202 4162
f 4191 4202 4204
f 4204 4205 4191
f 4206 4173 4192
f 4192 4173 4150
f 3918 4206 4192
f 4195 4180 4207
f 4208 4182 4195
f 4195 4207 4208
f 4146 4198 4209
f 4209 4201 4146
f 4146 4201 4137
f 4173 4206 4210
f 4210 4211 4173
f 4173 4211 4174
f 4175 4211 4194
f 4174 4211 4175
f 4175 4194 4177
f 4177 4124 4175
f 4212 4179 4178
f 4178 4193 4212
f 4213 4180 4179
f 4179 4212 4213
f 4213 4207 4180
f 4214 4184 4182
f 4182 4208 4214
f 4215 4183 4184
f 4214 4215 4184
f 4215 4185 4183
f 4216 4197 4185
f 4185 4215 4216
f 4217 4198 4186
f 4186 4196 4217
f 4200 4218 4188
f 4188 4218 4219
f 4160 4200 4188
f 4219 4189 4188
f 4188 4159 4160
f 4161 4165 4220
f 4220 4203 4161
f 4165 4221 4220
f 4164 4221 4165
f 4142 4164 4165
f 4163 4222 4223
f 4224 4222 4163
f 4223 4164 4163
f 4163 4115 4190
f 4190 4224 4163
f 4202 4203 4225
f 4202 4225 4226
f 4226 4204 4202
f 4207 4213 4227
f 4228 4208 4207
f 4227 4228 4207
f 4198 4217 4229
f 4198 4229 4209
f 4230 4231 4232
f 4232 4231 4224
f 4219 4230 4232
f 4232 4189 4219
f 4190 4189 4232
f 4232 4224 4190
f 3918 4210 4206
f 4233 4220 4221
f 4221 4222 4234
f 4223 4222 4221
f 4234 4233 4221
f 4221 4164 4223
f 4235 4194 4211
f 4211 4210 4236
f 4236 4235 4211
f 4237 4193 4194
f 4235 4237 4194
f 4237 4212 4193
f 4238 4196 4197
f 4197 4216 4238
f 4238 4217 4196
f 4199 4239 4240
f 4241 4239 4199
f 4199 4240 4200
f 4209 4241 4199
f 4199 4201 4209
f 4203 4220 4225
f 4242 4243 4244
f 4244 4245 4242
f 4246 4213 4212
f 4212 4237 4247
f 4212 4247 4246
f 4246 4227 4213
f 3516 3506 3508
f 4248 4214 4208
f 4208 4228 4248
f 4249 4216 4215
f 4215 4214 4248
f 4215 4248 4249
f 4216 4249 4238
f 4217 4238 4229
f 4250 4251 4218
f 4218 4251 4219
f 4200 4240 4218
f 4218 4240 4250
f 4252 4225 4220
f 4220 4233 4252
f 3918 4253 4210
f 4210 4253 4236
f 4254 4092 4045
f 4045 4255 4254
f 4043 4255 4045
f 4256 4222 4231
f 4231 4222 4224
f 4231 4257 4256
f 4258 4257 4231
f 4231 4230 4258
f 4093 4259 4094
f 4094 4259 4260
f 4261 4262 4094
f 4094 4262 4263
f 4260 4261 4094
f 4094 4263 4047
f 4260 4264 4265
f 4265 4264 4266
f 4266 4260 4265
f 4256 4234 4222
f 4228 4227 4267
f 4267 4248 4228
f 4268 4269 4270
f 4270 4245 4268
f 4237 4271 4272
f 4235 4271 4237
f 4272 4247 4237
f 4273 4267 4227
f 4246 4273 4227
f 4267 4249 4248
f 4274 4238 4249
f 4249 4267 4275
f 4275 4274 4249
f 4238 4274 4229
f 2936 2942 4239
f 4239 2942 4250
f 4276 2936 4239
f 4250 4240 4239
f 4241 4276 4239
f 3919 4277 4253
f 4253 4277 4236
f 4253 3918 3919
f 4278 4279 4280
f 4281 4278 4280
f 4225 4252 4282
f 4225 4282 4226
f 4267 4273 4275
f 4283 4284 4285
f 4286 4283 4285
f 4285 4287 4286
f 4233 4234 4288
f 4288 4252 4233
f 4289 4290 4291
f 4292 4269 4289
f 4289 4291 4292
f 4293 4272 4271
f 4271 4277 4293
f 4235 4277 4271
f 4247 4272 4294
f 4294 4273 4247
f 4247 4273 4246
f 4274 4275 4295
f 4295 4229 4274
f 4250 2942 4251
f 4251 2942 4258
f 4251 4230 4219
f 4258 4230 4251
f 4296 4256 4257
f 4297 4296 4257
f 2943 4297 4257
f 4257 4258 2943
f 3783 4298 4299
f 4299 4298 3778
f 4299 3717 3784
f 3778 3717 4299
f 3784 3783 4299
f 4293 4294 4272
f 3783 3785 4298
f 4298 3785 3786
f 3779 3780 4298
f 4298 3780 3778
f 4300 3779 4298
f 4298 3786 4300
f 4273 4294 2937
f 4273 2937 4275
f 4301 4302 4303
f 3963 4302 4301
f 4301 4303 4304
f 4301 3966 3963
f 4304 3966 4301
f 4302 4305 4303
f 3968 4305 4302
f 3963 3968 4302
f 4305 4306 4307
f 3971 4306 4305
f 4307 4303 4305
f 4305 3968 3971
f 4308 4309 4306
f 4306 4309 4310
f 4306 3973 4308
f 3971 3973 4306
f 4310 4307 4306
f 4309 4308 4311
f 4311 4310 4309
f 3716 4312 4313
f 4313 4312 3724
f 3725 3717 4313
f 4313 3717 3718
f 3726 3725 4313
f 4313 3718 3716
f 4313 3724 3726
f 4314 4315 2940
f 4316 4315 4314
f 4314 2940 4317
f 4314 4318 4316
f 4319 4318 4314
f 4314 4317 4311
f 4314 4311 4319
f 4315 4320 2940
f 4315 4316 4321
f 4322 4281 4323
f 4324 4325 4323
f 4323 4325 4322
f 4323 4326 4204
f 4323 4204 4226
f 4226 4324 4323
f 4234 4256 4296
f 4234 4296 4288
f 4243 4242 4327
f 4328 4329 4243
f 4243 4329 4027
f 4243 4327 4328
f 4252 4288 4330
f 4252 4330 4282
f 4290 4284 4331
f 4290 4331 4291
f 4330 4288 4296
f 4297 4332 4296
f 4296 4333 4330
f 4279 4278 4334
f 4279 4334 4287
f 4292 4270 4269
f 4284 4283 4331
f 4335 4334 4278
f 4278 4281 4322
f 4336 4335 4278
f 4322 4325 4278
f 4278 4325 4336
f 4337 4242 4245
f 4245 4270 4337
f 4338 4331 4283
f 4339 4338 4283
f 4283 4286 4339
f 4242 4337 4327
f 4334 4335 4286
f 4286 4287 4334
f 4340 4330 4333
f 4333 4341 4340
f 4340 4282 4330
f 4342 4343 4282
f 4282 4343 4324
f 4282 4340 4342
f 4282 4324 4226
f 4344 4291 4331
f 4331 4338 4344
f 4329 4328 4345
f 4345 4346 4329
f 4329 4346 4031
f 4329 4031 4027
f 4344 4292 4291
f 4270 4292 4347
f 4348 4337 4270
f 4347 4348 4270
f 4343 4342 4349
f 4349 4350 4343
f 4343 4350 4336
f 4336 4324 4343
f 4351 4340 4341
f 4341 4352 4351
f 4292 4344 4353
f 4353 4347 4292
f 4353 4344 4338
f 4354 4353 4338
f 4338 4339 4355
f 4355 4354 4338
f 4351 4342 4340
f 4356 4327 4337
f 4337 4348 4356
f 4357 4328 4327
f 4327 4356 4357
f 4328 4357 4345
f 4351 4349 4342
f 4358 4356 4348
f 4348 4347 4358
f 4350 4349 4359
f 4359 4360 4350
f 4350 4360 4361
f 4361 4336 4350
f 3500 3775 4362
f 4349 4351 4363
f 4363 4359 4349
f 4364 4365 4346
f 4346 4365 4033
f 4346 4345 4364
f 4033 4031 4346
f 4366 4351 4352
f 4352 4367 4366
f 4368 4357 4356
f 4356 4358 4368
f 4347 4353 4369
f 4369 4358 4347
f 4354 4369 4353
f 4351 4366 4363
f 4357 4368 4370
f 4370 4345 4357
f 4367 4371 4366
f 4092 4254 4372
f 4092 4372 4373
f 4373 4093 4092
f 4358 4369 4374
f 4374 4368 4358
f 4360 4359 4375
f 4375 4376 4360
f 4360 4376 4377
f 4360 4377 4361
f 4378 4374 4369
f 4379 4378 4369
f 4369 4354 4379
f 4368 4374 4380
f 4380 4370 4368
f 4381 4366 4371
f 4371 4382 4381
f 4359 4363 4383
f 4383 4375 4359
f 4364 4384 4365
f 4365 4384 4036
f 4365 4036 4033
f 4385 4386 4387
f 4388 4385 4387
f 4389 4388 4387
f 4390 4389 4387
f 4169 4171 4387
f 4387 4171 4390
f 4391 4169 4387
f 4392 4167 4391
f 4393 4167 4392
f 4171 4170 4259
f 4259 4170 4394
f 4395 4171 4259
f 4259 4093 4373
f 4396 4395 4259
f 4259 4373 4396
f 4259 4394 4260
f 4260 4394 4264
f 4264 4394 4172
f 4397 4266 4264
f 4172 4397 4264
f 4398 4363 4366
f 4366 4381 4398
f 4399 4383 4363
f 4363 4398 4399
f 4374 4378 4400
f 4400 4380 4374
f 4345 4370 4401
f 4401 4364 4345
f 4376 4375 4402
f 4402 4403 4376
f 4376 4403 4404
f 4355 4377 4376
f 4376 4404 4355
f 4370 4380 4405
f 4405 4401 4370
f 4406 4254 4255
f 4255 4407 4406
f 4408 4407 4255
f 4255 4043 4408
f 4409 4400 4378
f 4378 4410 4409
f 4379 4410 4378
f 4384 4364 4411
f 4384 4411 4412
f 4384 4412 4413
f 4413 4036 4384
f 4380 4400 4414
f 4414 4405 4380
f 4415 4381 4382
f 4382 4416 4415
f 4417 4372 4254
f 4254 4406 4417
f 4375 4383 4418
f 4418 4402 4375
f 4419 4398 4381
f 4381 4415 4420
f 4381 4420 4419
f 4383 4399 4421
f 4421 4418 4383
f 4421 4399 4398
f 4398 4419 4421
f 4364 4401 4422
f 4364 4422 4411
f 4423 4415 4416
f 4416 4424 4423
f 4425 4424 4416
f 4403 4402 4426
f 4426 4427 4403
f 4403 4427 4428
f 4403 4428 4404
f 4405 4422 4401
f 4386 4385 4425
f 4423 4420 4415
f 4402 4418 4429
f 4429 4426 4402
f 4430 4419 4420
f 4420 4423 4430
f 4372 4417 4431
f 4372 4431 4432
f 4432 4373 4372
f 4433 4414 4400
f 4400 4409 4434
f 4434 4433 4400
f 4418 4421 4435
f 4435 4429 4418
f 4436 4411 4422
f 4422 4405 4437
f 4437 4436 4422
f 4438 4421 4419
f 4419 4430 4438
f 4421 4438 4435
f 4424 4385 4439
f 4425 4385 4424
f 4440 4423 4424
f 4439 4440 4424
f 4427 4426 4441
f 4427 4441 4442
f 4427 4442 4443
f 4427 4443 4428
f 4444 4406 4407
f 4408 4412 4407
f 4407 4412 4445
f 4446 4444 4407
f 4445 4446 4407
f 4447 4412 4411
f 4411 4436 4447
f 4385 4388 4439
f 4444 4417 4406
f 4405 4414 4448
f 4448 4437 4405
f 4444 4449 4417
f 4417 4449 4450
f 4450 4431 4417
f 4440 4430 4423
f 4426 4429 4451
f 4451 4441 4426
f 4452 4448 4414
f 4433 4452 4414
f 4453 4438 4430
f 4430 4440 4453
f 4429 4435 4454
f 4454 4451 4429
f 4412 4447 4455
f 4408 4413 4412
f 4455 4445 4412
f 4436 4437 4456
f 4456 4447 4436
f 4457 4435 4438
f 4438 4453 4457
f 4435 4457 4454
f 4437 4448 4456
f 4389 4439 4388
f 4440 4439 4458
f 4458 4453 4440
f 4459 4442 4441
f 4441 4451 4459
f 4439 4389 4460
f 4460 4458 4439
f 4459 4461 4442
f 4442 4461 4462
f 4462 4443 4442
f 4463 4457 4453
f 4453 4458 4463
f 4448 4452 4464
f 4464 4465 4448
f 4448 4465 4456
f 4451 4454 4466
f 4451 4466 4459
f 4467 4454 4457
f 4457 4463 4467
f 4454 4467 4468
f 4468 4466 4454
f 4433 4464 4452
f 4449 4444 4469
f 4449 4469 4470
f 4449 4470 4471
f 4449 4471 4472
f 4449 4472 4450
f 4473 4474 4447
f 4447 4474 4455
f 4456 4473 4447
f 4444 4446 4469
f 4389 4475 4476
f 4390 4475 4389
f 4389 4476 4460
f 4446 4474 4477
f 4445 4474 4446
f 4477 4469 4446
f 4431 4478 4432
f 4450 4478 4431
f 4474 4473 4479
f 4474 4479 4477
f 4474 4445 4455
f 4480 4463 4458
f 4481 4480 4458
f 4482 4481 4458
f 4458 4460 4482
f 4461 4459 4483
f 4461 4483 4484
f 4484 4485 4461
f 4461 4485 4462
f 4480 4467 4463
f 4465 4464 4486
f 4465 4486 4487
f 4465 4488 4456
f 4487 4488 4465
f 4489 4486 4464
f 4433 4490 4464
f 4464 4490 4489
f 4491 4468 4467
f 4467 4480 4492
f 4467 4492 4491
f 4466 4468 4493
f 4493 4459 4466
f 4491 4493 4468
f 4494 4479 4473
f 4488 4494 4473
f 4456 4488 4473
f 4495 4483 4459
f 4493 4495 4459
f 4480 4481 4496
f 4496 4492 4480
f 4483 4495 4497
f 4483 4497 4498
f 4483 4498 4499
f 4483 4499 4484
f 4500 4501 4475
f 4475 4501 4502
f 4475 4503 4500
f 4390 4503 4475
f 4502 4476 4475
f 4504 4505 4481
f 4481 4505 4496
f 4506 4504 4481
f 4481 4482 4506
f 4469 4477 4470
f 4495 4493 4507
f 4507 4497 4495
f 4508 4477 4479
f 4479 4494 4508
f 4509 4510 4486
f 4486 4510 4487
f 4489 4509 4486
f 4511 4491 4492
f 4492 4512 4513
f 4496 4512 4492
f 4492 4513 4511
f 4493 4491 4507
f 4491 4514 4507
f 4511 4514 4491
f 4515 4494 4510
f 4510 4494 4487
f 4510 4509 4516
f 4510 4516 4515
f 4517 4432 4478
f 4450 4472 4478
f 4478 4472 4518
f 4518 4517 4478
f 4519 4470 4477
f 4477 4508 4519
f 4520 4508 4494
f 4515 4520 4494
f 4494 4488 4487
f 4470 4519 4471
f 4521 4519 4508
f 4520 4521 4508
f 4504 4512 4505
f 4505 4512 4496
f 4512 4504 4522
f 4523 4513 4512
f 4512 4522 4523
f 4524 4514 4525
f 4507 4514 4524
f 4525 4497 4524
f 4524 4497 4507
f 4500 4526 4501
f 4501 4526 4502
f 4504 4527 4522
f 4502 4527 4504
f 4504 4506 4502
f 4525 4514 4513
f 4513 4514 4511
f 4513 4523 4525
f 4528 4498 4497
f 4497 4523 4528
f 4525 4523 4497
f 4529 4530 4498
f 4498 4530 4499
f 4528 4529 4498
f 4531 4532 4533
f 4533 4532 4534
f 4500 4503 4533
f 4533 4503 4535
f 4536 4500 4533
f 4535 4531 4533
f 4533 4534 4536
f 4537 4538 4484
f 4539 4538 4537
f 4537 4530 4529
f 4484 4530 4537
f 4537 4529 4539
f 4540 4541 4538
f 4538 4541 4542
f 4539 4540 4538
f 4542 4484 4538
f 4519 4521 4543
f 4543 4471 4519
f 4531 4544 4532
f 4532 4544 4545
f 4545 4534 4532
f 4521 4520 4546
f 4547 4543 4521
f 4521 4546 4547
f 4520 4515 4546
f 4531 4548 4544
f 4544 4548 4549
f 4549 4545 4544
f 4471 4543 4550
f 4471 4550 4551
f 4551 4472 4471
f 4552 4553 4541
f 4541 4553 4554
f 4541 4540 4552
f 4554 4542 4541
f 4509 4555 4516
f 4556 4555 4509
f 4489 4556 4509
f 4557 4558 4553
f 4553 4558 4554
f 4553 4552 4557
f 4531 4559 4548
f 4548 4559 4549
f 4543 4547 4550
f 4558 4560 4561
f 4562 4560 4558
f 4558 4561 4554
f 4558 4563 4562
f 4557 4563 4558
f 4564 4565 4559
f 4559 4565 4566
f 4559 4531 4564
f 4566 4567 4559
f 4559 4567 4549
f 4568 4516 4555
f 4569 4570 4555
f 4555 4570 4568
f 4556 4569 4555
f 4571 4515 4516
f 4568 4571 4516
f 4515 4571 4546
f 4572 4573 4565
f 4565 4573 4566
f 4564 4572 4565
f 4560 4574 4575
f 4576 4574 4560
f 4575 4561 4560
f 4560 4562 4576
f 4577 4551 4578
f 4518 4551 4577
f 4577 4578 4579
f 4580 4518 4577
f 4581 4580 4577
f 4579 4581 4577
f 4582 4583 4574
f 4574 4583 4584
f 4584 4575 4574
f 4576 4582 4574
f 4585 4546 4571
f 4571 4586 4585
f 4568 4586 4571
f 4572 4587 4573
f 4573 4587 4588
f 4573 4588 4566
f 4589 4547 4546
f 4546 4585 4589
f 4590 4550 4547
f 4589 4590 4547
f 4590 4591 4550
f 4550 4591 4551
f 4582 4592 4583
f 4583 4592 4584
f 4591 4590 4593
f 4591 4593 4594
f 4595 4551 4591
f 4591 4594 4595
f 4590 4589 4596
f 4596 4593 4590
f 4592 4597 4584
f 4598 4597 4592
f 4592 4582 4599
f 4592 4599 4598
f 4600 4586 4570
f 4570 4586 4568
f 4601 4600 4570
f 4569 4602 4570
f 4570 4602 4601
f 4586 4600 4603
f 4603 4585 4586
f 4604 4605 4606
f 4606 4605 4607
f 4606 4587 4608
f 4609 4587 4606
f 4608 4604 4606
f 4607 4609 4606
f 4610 4603 4600
f 4611 4610 4600
f 4600 4612 4611
f 4601 4612 4600
f 4613 4589 4585
f 4585 4603 4613
f 4589 4613 4596
f 4597 4614 4615
f 4598 4614 4597
f 4615 4584 4597
f 4616 4613 4603
f 4603 4610 4616
f 4604 4617 4605
f 4605 4617 4607
f 4618 4596 4613
f 4613 4616 4618
f 4593 4596 4619
f 4593 4619 4620
f 4593 4620 4594
f 4621 4616 4610
f 4611 4621 4610
f 4596 4618 4619
f 4622 4618 4616
f 4616 4621 4622
f 4623 4624 4617
f 4617 4624 4625
f 4604 4623 4617
f 4617 4625 4607
f 4614 4626 4627
f 4628 4626 4614
f 4614 4627 4615
f 4598 4628 4614
f 4629 4619 4618
f 4618 4622 4629
f 4629 4620 4619
f 4620 4629 4630
f 4620 4630 4631
f 4631 4594 4620
f 4632 4633 4634
f 4635 4633 4632
f 4632 4634 4581
f 4632 4636 4637
f 4638 4636 4632
f 4632 4637 4635
f 4581 4638 4632
f 4623 4639 4624
f 4624 4639 4640
f 4640 4625 4624
f 4641 4642 4626
f 4626 4642 4627
f 4628 4641 4626
f 4643 4622 4621
f 4621 4611 4644
f 4644 4645 4621
f 4621 4645 4643
f 4646 4611 4612
f 4647 4646 4612
f 4612 4601 4647
f 4648 4629 4622
f 4622 4643 4648
f 4649 4650 4642
f 4642 4650 4651
f 4642 4641 4649
f 4651 4627 4642
f 4648 4630 4629
f 4639 4652 4653
f 4654 4652 4639
f 4639 4623 4654
f 4639 4653 4640
f 4611 4646 4644
f 4655 4646 4656
f 4656 4646 4647
f 4657 4655 4656
f 4627 4657 4656
f 4656 4647 4615
f 4615 4627 4656
f 4658 4659 4660
f 4660 4659 4661
f 4662 4658 4660
f 4660 4663 4664
f 4661 4663 4660
f 4660 4664 4662
f 4665 4666 4667
f 4667 4666 4668
f 4667 4669 4665
f 4670 4669 4667
f 4668 4670 4667
f 4659 4658 4671
f 4659 4671 4672
f 4672 4661 4659
f 4665 4673 4666
f 4666 4673 4674
f 4674 4668 4666
f 4675 4665 4669
f 4676 4675 4669
f 4677 4676 4669
f 4669 4670 4677
f 4673 4665 4678
f 4673 4678 4674
f 4658 4679 4671
f 4662 4679 4658
f 4680 4664 4663
f 4663 4661 4680
f 4681 4682 4650
f 4650 4682 4683
f 4650 4649 4681
f 4650 4683 4651
f 4654 4684 4652
f 4652 4684 4685
f 4685 4653 4652
f 4630 4648 4686
f 4630 4686 4687
f 4630 4687 4631
f 4664 4688 4689
f 4690 4688 4664
f 4664 4689 4662
f 4691 4690 4664
f 4664 4680 4691
f 4692 4644 4646
f 4646 4655 4692
f 4635 4693 4633
f 4633 4693 4694
f 4694 4634 4633
f 4695 4678 4665
f 4665 4675 4696
f 4697 4695 4665
f 4665 4696 4698
f 4665 4698 4697
f 4689 4699 4679
f 4679 4699 4700
f 4662 4689 4679
f 4700 4671 4679
f 4678 4695 4701
f 4678 4701 4674
f 4645 4644 4702
f 4703 4643 4645
f 4645 4702 4703
f 4704 4702 4644
f 4644 4692 4704
f 4705 4706 4684
f 4684 4706 4685
f 4684 4654 4705
f 4707 4708 4682
f 4682 4708 4709
f 4682 4681 4707
f 4709 4683 4682
f 4710 4648 4643
f 4643 4703 4710
f 4711 4696 4675
f 4675 4676 4712
f 4712 4713 4675
f 4675 4713 4711
f 4710 4686 4648
f 4710 4714 4686
f 4686 4714 4687
f 4706 4715 4685
f 4716 4715 4706
f 4717 4718 4706
f 4706 4718 4716
f 4706 4705 4717
f 4708 4719 4720
f 4721 4719 4708
f 4708 4720 4709
f 4707 4721 4708
f 4655 4657 4722
f 4723 4692 4655
f 4722 4723 4655
f 4724 4699 4725
f 4726 4699 4724
f 4724 4725 4726
f 4727 4728 4729
f 4730 4728 4727
f 4727 4731 4732
f 4733 4731 4727
f 4727 4729 4733
f 4734 4730 4727
f 4727 4732 4734
f 4735 4728 4736
f 4729 4728 4735
f 4735 4736 4737
f 4738 4739 4735
f 4735 4739 4733
f 4733 4729 4735
f 4737 4738 4735
f 4740 4725 4699
f 4741 4740 4699
f 4699 4689 4741
f 4742 4700 4699
f 4699 4726 4742
f 4688 4743 4741
f 4744 4743 4688
f 4741 4689 4688
f 4688 4690 4745
f 4745 4744 4688
f 4746 4747 4695
f 4695 4747 4748
f 4749 4746 4695
f 4695 4697 4750
f 4695 4750 4749
f 4748 4751 4695
f 4695 4751 4701
f 4746 4752 4747
f 4747 4752 4753
f 4753 4748 4747
f 4746 4754 4752
f 4752 4754 4719
f 4719 4753 4752
f 4755 4698 4696
f 4696 4756 4755
f 4757 4756 4696
f 4711 4757 4696
f 4758 4703 4702
f 4702 4704 4758
f 4754 4746 4759
f 4759 4760 4754
f 4754 4760 4720
f 4720 4719 4754
f 4761 4736 4728
f 4730 4761 4728
f 4758 4710 4703
f 4746 4749 4759
f 4762 4722 4657
f 4763 4762 4657
f 4657 4627 4763
f 4764 4765 4693
f 4693 4765 4694
f 4635 4764 4693
f 4723 4704 4692
f 4725 4740 4766
f 4725 4766 4726
f 4767 4756 4736
f 4736 4756 4737
f 4736 4761 4767
f 4768 4697 4698
f 4698 4755 4769
f 4769 4768 4698
f 4714 4710 4770
f 4714 4770 4771
f 4714 4771 4772
f 4772 4687 4714
f 4760 4759 4773
f 4760 4773 4774
f 4760 4774 4775
f 4775 4776 4760
f 4760 4776 4720
f 4777 4750 4697
f 4768 4777 4697
f 4710 4758 4770
f 4704 4723 4778
f 4778 4758 4704
f 4777 4749 4750
f 4773 4759 4749
f 4749 4777 4779
f 4779 4773 4749
f 4780 4755 4756
f 4756 4767 4780
f 4756 4738 4737
f 4757 4738 4756
f 4723 4722 4781
f 4781 4778 4723
f 4722 4762 4782
f 4722 4782 4781
f 4783 4770 4758
f 4758 4778 4783
f 4784 4785 4765
f 4765 4785 4786
f 4765 4764 4784
f 4786 4694 4765
f 4787 4767 4761
f 4788 4787 4761
f 4730 4788 4761
f 4755 4780 4769
f 4783 4771 4770
f 4789 4782 4762
f 4790 4789 4762
f 4763 4790 4762
f 4777 4768 4791
f 4791 4779 4777
f 4740 4792 4793
f 4741 4792 4740
f 4793 4794 4740
f 4740 4794 4766
f 4795 4781 4782
f 4782 4789 4796
f 4796 4795 4782
f 4778 4781 4795
f 4797 4783 4778
f 4778 4795 4797
f 4798 4774 4773
f 4773 4779 4798
f 4767 4787 4780
f 4771 4783 4799
f 4771 4799 4800
f 4800 4801 4771
f 4771 4801 4772
f 4768 4769 4802
f 4802 4791 4768
f 4774 4798 4803
f 4774 4803 4775
f 4804 4780 4787
f 4787 4805 4804
f 4788 4805 4787
f 4806 4769 4780
f 4780 4804 4806
f 4783 4797 4799
f 4806 4802 4769
f 4789 4807 4808
f 4790 4807 4789
f 4808 4796 4789
f 4785 4809 4810
f 4811 4809 4785
f 4785 4810 4786
f 4784 4811 4785
f 4795 4796 4812
f 4812 4797 4795
f 4813 4798 4779
f 4779 4791 4813
f 4814 4808 4807
f 4815 4814 4807
f 4807 4790 4816
f 4816 4815 4807
f 4817 4803 4798
f 4798 4813 4817
f 4818 4819 4792
f 4792 4819 4820
f 4741 4818 4792
f 4820 4793 4792
f 4821 4804 4805
f 4820 4821 4805
f 4805 4788 4822
f 4822 4793 4805
f 4805 4793 4820
f 4393 4168 4167
f 4167 4169 4391
f 4796 4808 4823
f 4823 4812 4796
f 4812 4799 4797
f 4809 4824 4810
f 4825 4824 4809
f 4811 4825 4809
f 4808 4814 4826
f 4827 4823 4808
f 4826 4827 4808
f 4791 4802 4828
f 4828 4813 4791
f 4821 4806 4804
f 4799 4812 4829
f 4799 4829 4800
f 4803 4817 4830
f 4803 4830 4831
f 4831 4775 4803
f 4802 4806 4832
f 4832 4828 4802
f 4813 4828 4833
f 4833 4817 4813
f 4812 4823 4829
f 4834 4826 4814
f 4835 4834 4814
f 4814 4815 4835
f 4806 4821 4836
f 4836 4832 4806
f 4837 4829 4823
f 4823 4827 4837
f 4828 4832 4838
f 4838 4833 4828
f 4829 4837 4839
f 4839 4800 4829
f 4827 4826 4840
f 4840 4837 4827
f 4824 4841 4654
f 4842 4841 4824
f 4654 4623 4824
f 4824 4623 4810
f 4824 4825 4842
f 4843 4836 4821
f 4820 4843 4821
f 4818 4844 4819
f 4819 4844 4820
f 4817 4833 4845
f 4845 4830 4817
f 4832 4836 4838
f 4826 4834 4840
f 4846 4840 4834
f 4831 4846 4834
f 4835 4831 4834
f 4847 4838 4836
f 4836 4843 4847
f 4837 4840 4848
f 4837 4848 4839
f 4833 4838 4849
f 4833 4849 4845
f 4840 4846 4850
f 4850 4848 4840
f 4845 4851 4830
f 4830 4851 4852
f 4830 4852 4831
f 4841 4853 4654
f 4854 4853 4841
f 4841 4842 4854
f 4847 4849 4838
f 3716 4300 4312
f 4312 4300 3724
f 4818 4855 4844
f 4844 4855 4856
f 4844 4857 4820
f 4856 4857 4844
f 4858 4847 4843
f 4857 4858 4843
f 4820 4857 4843
f 4859 4850 4846
f 4852 4859 4846
f 4831 4852 4846
f 4849 4847 4860
f 4861 4845 4849
f 4849 4860 4861
f 4848 4850 4862
f 4848 4862 4854
f 4854 4863 4848
f 4848 4863 4839
f 4851 4845 4861
f 4851 4861 4864
f 4864 4865 4851
f 4851 4865 4852
f 4847 4858 4860
f 4853 4866 4705
f 4862 4866 4853
f 4705 4654 4853
f 4854 4862 4853
f 4867 4860 4858
f 4856 4867 4858
f 4858 4857 4856
f 4850 4859 4862
f 4868 4869 4866
f 4866 4869 4717
f 4862 4868 4866
f 4717 4705 4866
f 4859 4865 4862
f 4852 4865 4859
f 4867 4861 4860
f 4861 4867 4870
f 4870 4864 4861
f 4855 4869 4871
f 4717 4869 4855
f 4855 4818 4717
f 4855 4871 4856
f 4871 4870 4867
f 4856 4871 4867
f 4865 4864 4870
f 4865 4870 4868
f 4865 4868 4862
f 4871 4868 4870
f 4869 4868 4871
f 3098 3106 3105
f 3105 4872 3101
f 3111 4872 3105
f 3101 3098 3105
f 3104 3111 3105
f 4048 4873 4041
f 4047 4263 4048
f 4172 4394 4170
f 3955 3995 2800
f 2800 2804 4874
f 2800 4875 3955
f 4874 4875 2800
f 3139 4876 3282
f 4168 4397 4172
f 4395 4877 4171
f 4171 4877 4390
f 3106 3098 3097
f 3100 4878 3106
f 3106 4878 3107
f 3097 3100 3106
f 3110 3286 4872
f 4872 3111 3112
f 3112 3110 4872
f 4879 3995 4880
f 3996 3995 4879
f 4879 4881 4882
f 4883 4881 4879
f 4879 4880 4883
f 3909 4884 3899
f 3899 4884 4885
f 3906 3909 3899
f 3899 4885 3901
f 4886 4887 4888
f 4889 4887 4886
f 4888 4890 4886
f 4886 4890 3486
f 3487 4889 4886
f 3486 3487 4886
f 4891 3864 3863
f 4891 3863 3874
f 3874 3499 4891
f 4892 3574 4893
f 4892 4893 4894
f 3920 4895 2807
f 3887 4895 3920
f 3920 2806 3934
f 2807 2806 3920
f 3920 3883 3887
f 3955 4880 3995
f 4413 4042 4036
f 4036 4042 4037
f 3550 4887 3535
f 3567 4887 3550
f 3550 3535 3536
f 3555 3566 3550
f 3550 3566 3567
f 3958 2806 2805
f 2805 2803 4000
f 3778 3713 3717
f 3717 3725 3784
f 4895 3886 4070
f 3887 3886 4895
f 4895 4070 4896
f 4896 2807 4895
f 4897 4884 2804
f 4885 4884 4897
f 2804 2807 4897
f 4897 2807 4896
f 4897 4896 3894
f 3895 4885 4897
f 4897 3894 3895
f 4873 4898 4041
f 4899 4900 4901
f 4902 4903 4904
f 4905 4903 4902
f 4902 4904 3567
f 4894 4905 4902
f 4902 3565 4894
f 3567 3565 4902
f 3574 4906 3575
f 4907 4893 3574
f 3573 4907 3574
f 3574 3431 3573
f 4884 3909 4908
f 4874 2804 4884
f 4884 4908 4874
f 3098 3101 3099
f 4903 4909 4904
f 3478 4909 4903
f 4905 4910 4903
f 4903 4910 3475
f 4903 3475 3478
f 4911 4893 4912
f 4912 4893 4907
f 4913 4911 4912
f 4912 3471 4913
f 3473 3471 4912
f 4912 4907 3572
f 3572 3473 4912
f 4261 4260 4266
f 4887 3513 3535
f 4889 3513 4887
f 4887 4914 4888
f 3567 4914 4887
f 4915 4294 4293
f 2939 4294 4915
f 4915 4293 4916
f 4317 2939 4915
f 4310 4317 4915
f 4915 4307 4310
f 4916 4307 4915
f 3584 3085 3582
f 3582 3085 3118
f 3118 3128 3582
f 2939 2937 4294
f 4878 2933 2904
f 3100 2933 4878
f 4878 2904 2901
f 4878 2864 3107
f 2901 2864 4878
f 4883 4917 4881
f 4881 4917 4010
f 4016 4918 4881
f 4881 4918 4882
f 4008 4016 4881
f 4881 4009 4008
f 4010 4009 4881
f 4919 4920 4104
f 3709 4919 4104
f 4030 4041 4898
f 2697 4921 2698
f 2794 4921 2697
f 2697 2677 2794
f 2936 4275 2937
f 2718 4922 4923
f 4924 4922 2718
f 2718 4923 4925
f 4925 2717 2718
f 2718 2695 4924
f 4926 4927 4928
f 4928 4927 4929
f 4930 4926 4928
f 4931 4930 4928
f 4928 4929 4931
f 3601 3528 3521
f 3521 3590 3601
f 4921 2827 2698
f 2794 2827 4921
f 2828 2698 2827
f 2796 2795 2827
f 2827 2794 2796
f 4932 2983 2957
f 2957 2983 4933
f 2957 2996 4932
f 2957 4933 2881
f 3217 4934 3219
f 3219 4934 4935
f 3219 4936 3205
f 4935 4936 3219
f 3219 3205 3214
f 2990 2979 2980
f 3010 2979 2990
f 3051 3010 2990
f 3093 3057 4937
f 4937 3057 4938
f 4937 3043 3070
f 3026 3043 4937
f 3094 3093 4937
f 3133 3094 4937
f 4937 3070 3133
f 4938 3026 4937
f 3965 3966 3916
f 3916 3966 3917
f 3916 4939 3965
f 3788 4939 3916
f 3057 3058 4938
f 4408 4038 4042
f 4042 4413 4408
f 4561 4575 4569
f 4561 4569 4556
f 4561 4556 4489
f 4561 4489 4554
f 4390 4877 4503
f 4503 4877 4535
f 4940 4941 4942
f 4943 4941 4940
f 4944 4945 4940
f 4940 4945 4946
f 4940 4942 4944
f 4946 4943 4940
f 4936 3198 3197
f 3205 4936 3197
f 4877 4395 4531
f 4877 4531 4535
f 3724 3786 3727
f 3784 3725 3723
f 3719 3779 3720
f 4947 4904 4909
f 4948 4947 4909
f 3477 4948 4909
f 4909 3478 3477
f 4889 3483 3513
f 3513 3483 3515
f 3513 3523 3535
f 3760 3996 4949
f 4950 4951 3239
f 3239 4951 4952
f 3234 4950 3239
f 3139 3585 4876
f 3263 3346 3302
f 3347 3303 3302
f 3958 3934 2806
f 3168 4951 4934
f 4934 4951 4935
f 3217 3247 4934
f 4934 3247 3169
f 3169 3168 4934
f 4947 4953 4904
f 4904 4953 4914
f 4904 4914 3567
f 3469 3468 4954
f 3469 4954 3572
f 3469 3572 3459
f 4300 3720 3779
f 3720 4300 3716
f 4951 4950 4935
f 4951 3168 4955
f 4951 4955 4952
f 2860 2961 4956
f 4956 2961 2864
f 2826 2860 4956
f 4956 2864 2848
f 2830 2826 4956
f 2848 2830 4956
f 3641 4957 3642
f 3642 4957 3645
f 3642 3621 3636
f 3625 3620 3619
f 3934 3958 3947
f 3943 3932 3934
f 3947 3943 3934
f 4275 2936 4295
f 3894 4896 4070
f 3893 3894 4070
f 4947 4958 4953
f 4953 4958 4959
f 4953 4890 4888
f 4960 4890 4953
f 4888 4914 4953
f 4959 4960 4953
f 4395 4396 4961
f 4961 4531 4395
f 4229 4295 4276
f 4229 4276 4241
f 4229 4241 4209
f 4534 4962 4963
f 4963 4962 4539
f 4539 4964 4963
f 4963 4964 4536
f 4536 4534 4963
f 4965 4966 2900
f 2897 4966 4965
f 4965 4967 2902
f 2905 4967 4965
f 4965 2902 2897
f 4965 2900 2905
f 4534 4968 4962
f 4962 4968 4552
f 4962 4540 4539
f 4552 4540 4962
f 4966 4969 2884
f 2879 4969 4966
f 4966 2884 2883
f 2883 2900 4966
f 2898 2879 4966
f 4966 2897 2898
f 2940 2939 4317
f 4970 2941 2940
f 4883 4880 4917
f 4917 4880 3955
f 4917 3955 3957
f 3957 4010 4917
f 4549 4971 4968
f 4968 4971 4552
f 4968 4534 4545
f 4968 4545 4549
f 4969 4972 2877
f 2866 4972 4969
f 4969 2877 2884
f 4969 2879 2866
f 4567 4563 4971
f 4971 4563 4557
f 4549 4567 4971
f 4557 4552 4971
f 2877 4972 4973
f 4973 4972 2861
f 4973 2844 4974
f 2861 2844 4973
f 4973 4974 4975
f 4973 4975 2857
f 2857 2877 4973
f 2868 2861 4972
f 4972 2866 2868
f 2770 2794 4976
f 4976 2771 2770
f 2943 4258 2942
f 4567 4977 4563
f 4563 4977 4562
f 4978 3532 4979
f 3618 3532 4978
f 4978 4979 3613
f 4978 3613 3618
f 2908 2914 4967
f 4967 2914 4980
f 4967 2904 2908
f 2905 2904 4967
f 4980 2902 4967
f 4526 4500 4536
f 4526 4527 4502
f 4981 4527 4526
f 4526 4964 4981
f 4536 4964 4526
f 4893 4911 4894
f 4913 4982 4911
f 4911 4982 4894
f 3936 3951 4875
f 3936 4875 3937
f 4932 3036 3016
f 3016 2983 4932
f 4889 3484 3483
f 3483 3481 3515
f 2844 2838 4974
f 4977 4983 4576
f 4566 4983 4977
f 4977 4567 4566
f 4576 4562 4977
f 4432 4396 4373
f 4396 4432 4961
f 3107 2864 2961
f 4432 4517 4961
f 2838 4984 4985
f 2819 4984 2838
f 4985 4974 2838
f 4588 4986 4983
f 4983 4986 4987
f 4983 4582 4576
f 4987 4582 4983
f 4566 4588 4983
f 4276 4295 2936
f 4986 4988 4987
f 4609 4988 4986
f 4986 4588 4989
f 4986 4989 4609
f 2814 4990 4984
f 4984 4990 2835
f 2833 4985 4984
f 2835 2833 4984
f 2819 2814 4984
f 3919 4293 4277
f 4277 4235 4236
f 3198 4950 3234
f 4935 4950 3198
f 3198 3234 3199
f 3198 4936 4935
f 4531 4961 4564
f 4293 3919 4916
f 4932 3058 3036
f 3178 3176 3253
f 4958 4947 4948
f 4991 4992 4958
f 4958 4992 4959
f 4948 4991 4958
f 4609 4993 4988
f 4988 4993 4598
f 4599 4582 4988
f 4988 4582 4987
f 4598 4599 4988
f 4959 4992 3494
f 3494 4992 4994
f 3494 3501 3493
f 4994 3501 3494
f 3494 3491 3492
f 3494 3492 4959
f 2789 4995 4990
f 4990 4995 2799
f 2814 2789 4990
f 2799 2835 4990
f 4996 4731 4997
f 4998 4731 4996
f 4999 5000 4996
f 4996 5000 5001
f 5002 4999 4996
f 4996 5001 4998
f 4996 4997 5003
f 4996 5003 5002
f 4472 4551 4518
f 3933 3795 3789
f 3789 3791 3933
f 5004 3981 3978
f 5005 3981 5004
f 3974 3969 5004
f 5004 3978 3974
f 5005 5006 3981
f 3981 5006 3987
f 4993 4625 5007
f 4607 4625 4993
f 4993 5007 4628
f 4993 4628 4598
f 4993 4609 4607
f 4995 5008 2787
f 2790 5008 4995
f 4995 2787 2786
f 4995 2786 2799
f 4995 2789 2790
f 4587 4572 4608
f 4989 4588 4587
f 4609 4989 4587
f 3858 5009 5010
f 3859 3858 5010
f 3980 4308 3973
f 4303 4307 4916
f 4916 5011 4303
f 4303 5011 4304
f 3909 3927 4908
f 2698 2828 2830
f 2797 2604 2698
f 2698 2834 2797
f 2830 2834 2698
f 3470 4913 3471
f 4484 5012 4485
f 4485 5012 4462
f 3592 3510 3541
f 3541 3631 5013
f 3542 3631 3541
f 5013 3592 3541
f 4604 5014 4623
f 4623 5014 4786
f 4786 4810 4623
f 4981 4522 4527
f 4739 4738 4711
f 4739 4713 4712
f 4711 4713 4739
f 4739 5015 4733
f 4712 5015 4739
f 4731 5016 4997
f 4733 5016 4731
f 4998 4732 4731
f 4482 4460 4476
f 4506 4482 4476
f 4502 4506 4476
f 5017 3158 3147
f 3116 3158 5017
f 5017 3147 3096
f 5017 3096 3116
f 3484 4889 3487
f 3487 3485 3484
f 5018 3530 3618
f 3534 3530 5018
f 5018 3616 3620
f 3618 3616 5018
f 5018 3620 3538
f 3538 3534 5018
f 3228 5019 3234
f 3234 5019 3199
f 4751 4748 5020
f 4751 5021 4701
f 5022 5021 4751
f 4751 5020 5022
f 3625 3553 3551
f 3551 3620 3625
f 3538 3620 3551
f 3858 3864 5009
f 3983 5023 4308
f 4308 5023 4319
f 3980 3983 4308
f 4319 4311 4308
f 5024 3703 3712
f 5025 3703 5024
f 5026 5025 5024
f 4318 5023 3989
f 4319 5023 4318
f 3993 4316 4318
f 3989 3993 4318
f 3983 3989 5023
f 3637 5027 3634
f 3637 3626 5027
f 3640 3557 3553
f 3624 3640 3553
f 3553 3625 3624
f 3557 3644 3571
f 3640 3644 3557
f 2914 2912 4980
f 5028 3852 3855
f 5029 3852 5028
f 5028 3855 3859
f 3630 3631 3542
f 5014 4604 5030
f 5030 4634 5014
f 5014 4634 4694
f 5014 4694 4786
f 3505 3482 3509
f 3515 3481 3482
f 3482 3479 3509
f 3530 3532 3618
f 4604 4608 5030
f 3532 3525 4979
f 4355 4361 4377
f 3644 3570 3571
f 3652 3570 3644
f 5006 3994 3990
f 5006 3990 3987
f 4979 3525 3528
f 3528 3601 3599
f 3528 3599 4979
f 4634 5030 5031
f 4634 5031 4581
f 3819 4939 3787
f 3965 4939 3819
f 3819 3787 3794
f 3966 5011 3917
f 4304 5011 3966
f 5032 2661 2740
f 2650 2624 2740
f 2740 2624 5032
f 4564 4961 4517
f 4580 5033 4517
f 4517 5033 4564
f 4517 4518 4580
f 5032 2629 2661
f 4595 4578 4551
f 4317 4310 4311
f 3480 3509 3479
f 3507 3510 3592
f 2797 2834 2798
f 2717 5034 2716
f 2716 5034 2749
f 4976 2676 2701
f 2701 2771 4976
f 2751 2771 2701
f 4316 3993 3998
f 3998 4321 4316
f 3788 3787 4939
f 4982 4913 3470
f 3470 3474 4982
f 4982 3474 4910
f 4982 4910 4905
f 4982 4905 4894
f 5035 5036 5037
f 5037 5036 5038
f 4721 5035 5037
f 5038 5039 5037
f 5037 5039 5020
f 5037 5020 4721
f 5036 5035 4715
f 5036 4715 5040
f 5041 5038 5036
f 5042 5041 5036
f 5036 5040 5043
f 5036 5043 5042
f 5044 2732 2736
f 2737 5044 2736
f 3869 5045 3872
f 3805 3803 3949
f 3977 3807 3805
f 3805 3949 3960
f 3960 3977 3805
f 3799 3800 3798
f 3945 3800 3799
f 3799 3792 3942
f 3799 3942 3945
f 5046 5047 4801
f 4825 5047 5046
f 5046 4801 4800
f 5046 4800 4863
f 4842 4825 5046
f 5046 4863 4842
f 3803 3800 3949
f 5048 3181 3509
f 3480 5048 3509
f 3945 3949 3800
f 3985 3812 3811
f 3811 3807 3976
f 3976 3985 3811
f 5049 3821 3823
f 3823 3826 5050
f 5050 5049 3823
f 5029 3853 3852
f 5049 3817 3821
f 4772 5051 4687
f 4687 5051 4635
f 4687 4637 4631
f 4635 4637 4687
f 3824 3812 3985
f 3181 5048 3177
f 4594 4636 4578
f 4578 4636 4579
f 4595 4594 4578
f 5052 3834 3836
f 3836 3841 5053
f 3836 5053 5052
f 5054 3828 3834
f 3834 5052 5054
f 3869 3868 5045
f 3807 3977 3976
f 3085 3584 3051
f 3084 3118 3085
f 3826 3829 5050
f 3841 3839 5055
f 3841 5055 5056
f 5056 5053 3841
f 3942 3792 3795
f 5057 3875 3873
f 3829 3828 5054
f 3829 5054 5058
f 5058 5050 3829
f 3830 4002 3766
f 5029 3839 3853
f 5029 5055 3839
f 2888 4933 2983
f 3524 3595 3519
f 2996 3058 4932
f 3014 3058 2996
f 4631 4637 4636
f 4636 4594 4631
f 4636 4638 4579
f 4801 5047 5051
f 5051 5047 4764
f 4772 4801 5051
f 5051 4764 4635
f 3224 3510 3511
f 3224 3511 3220
f 4890 4960 3489
f 4890 3489 3486
f 5059 5060 5061
f 2737 5060 5059
f 5062 5063 5059
f 5059 5063 2737
f 5059 5061 5064
f 5059 5064 5062
f 5047 4825 4811
f 4784 4764 5047
f 5047 4811 4784
f 3953 4875 3951
f 4087 3952 3951
f 3058 3014 4938
f 4625 5065 5007
f 4640 5065 4625
f 3724 4300 3786
f 5008 5066 2787
f 2758 5066 5008
f 2781 2758 5008
f 2790 2781 5008
f 3217 3248 3247
f 3247 3170 3169
f 5065 5067 4641
f 4640 5067 5065
f 4628 5007 5065
f 5065 4641 4628
f 2540 2539 2559
f 2540 2544 2537
f 4748 4753 5020
f 4875 5068 3937
f 4874 5068 4875
f 4875 3953 3955
f 5067 4653 4681
f 4640 4653 5067
f 4649 4641 5067
f 4681 4649 5067
f 2760 5069 5066
f 5066 5069 2762
f 2758 2760 5066
f 2762 2787 5066
f 3687 3686 3700
f 3700 3686 4919
f 3682 3687 3700
f 3700 4919 3709
f 3700 3709 3701
f 4685 5070 4653
f 4653 5070 4681
f 3150 4955 3168
f 2863 2872 2829
f 4685 5035 5070
f 5070 5035 4721
f 4707 4681 5070
f 5070 4721 4707
f 2760 5071 5069
f 5069 5071 5072
f 5069 2763 2762
f 2746 2763 5069
f 5069 5072 2746
f 4564 5033 4572
f 4572 5033 4581
f 5031 4608 4572
f 4581 5031 4572
f 3143 3146 5073
f 5074 5060 5071
f 5071 5060 5072
f 5071 2760 2744
f 2741 5074 5071
f 2744 2741 5071
f 4408 4043 4038
f 5060 5074 5061
f 2746 5072 5060
f 2735 2746 5060
f 2737 2735 5060
f 4685 4715 5035
f 4743 4818 4741
f 4744 4818 4743
f 5073 3158 3157
f 4109 3954 3952
f 4894 3565 5075
f 5075 3565 5076
f 5077 3188 3185
f 3185 3191 3199
f 5019 5077 3185
f 3199 5019 3185
f 3096 3147 5078
f 5078 3147 3134
f 5078 3070 3096
f 3134 3070 5078
f 3342 3346 5048
f 3342 5048 3409
f 3342 3409 3387
f 2558 2574 2597
f 2596 2558 2597
f 3341 3383 3424
f 4907 3573 3572
f 3490 3489 4960
f 3492 3490 4960
f 4959 3492 4960
f 4981 4523 4522
f 3307 3249 3290
f 4908 5079 5068
f 5068 5079 3937
f 4874 4908 5068
f 3346 3263 3177
f 3177 5048 3346
f 4730 4822 4788
f 3597 3605 4979
f 4979 3599 3597
f 3465 3399 3395
f 3395 3399 3384
f 3384 3376 3395
f 3262 3303 3314
f 3253 3176 3262
f 3262 3314 3266
f 3262 3266 3253
f 3220 3511 3180
f 3180 3188 5077
f 3179 3188 3180
f 5077 3220 3180
f 4443 4410 4428
f 5080 4410 4443
f 4462 5080 4443
f 5076 3565 3564
f 3734 5076 3564
f 3563 3562 3732
f 3562 3570 3652
f 3651 3732 3562
f 3652 3651 3562
f 3514 3516 3595
f 3524 3514 3595
f 3775 3875 4362
f 3593 3592 5013
f 3593 5013 3600
f 3766 4002 3755
f 3051 3078 3079
f 3079 3010 3051
f 4484 4499 4530
f 5081 5063 5082
f 5082 5063 5062
f 5083 5081 5082
f 5082 5062 5083
f 2734 5061 5074
f 2742 2734 5074
f 5074 2741 2742
f 4715 4716 5040
f 4794 4793 4822
f 4794 4822 4734
f 4734 4766 4794
f 4941 5084 4942
f 5085 5084 4941
f 4941 4943 5086
f 4941 5086 5085
f 5087 5088 5089
f 5090 5088 5087
f 5087 5091 5090
f 5092 5091 5087
f 5089 5093 5087
f 5087 5093 5092
f 3680 5094 3686
f 3686 5094 4919
f 3856 3847 3869
f 4753 4719 4721
f 4721 5020 4753
f 5073 3147 3158
f 4919 5094 4920
f 4920 5094 5095
f 2674 5096 5097
f 5097 5096 5098
f 2695 2674 5097
f 4926 2695 5097
f 5098 4926 5097
f 4985 4975 4974
f 4718 4717 4744
f 5043 4716 4718
f 4744 5043 4718
f 2676 2794 2677
f 3929 5079 3930
f 3930 5079 4908
f 4908 3927 3930
f 2615 2602 2601
f 3303 3347 3314
f 3680 5099 5094
f 5094 5099 5095
f 2594 2554 2730
f 2730 2731 2657
f 2730 2657 2594
f 2794 2676 4976
f 4916 3919 5011
f 5011 3919 3917
f 4942 5100 5101
f 5101 5100 4691
f 5101 5102 4944
f 5103 5102 5101
f 4944 4942 5101
f 5101 4691 5103
f 5100 5041 5104
f 4942 5041 5100
f 5100 5104 4691
f 4528 4981 4529
f 4529 4981 4539
f 5105 5106 3697
f 3697 5025 5105
f 5105 5025 5026
f 5096 2674 2660
f 2659 5098 5096
f 2660 2659 5096
f 5033 4580 4581
f 3402 3357 3411
f 3411 3448 3402
f 3697 5106 3695
f 5048 3480 3409
f 4006 4010 3956
f 3956 4010 3957
f 3347 3345 3358
f 3358 3314 3347
f 3451 3474 3452
f 3452 3474 3470
f 3026 3014 3013
f 4035 4037 4041
f 4030 4035 4041
f 2941 4970 5107
f 2941 5107 2943
f 4744 4717 4818
f 3703 5025 3699
f 2536 2732 2554
f 3733 3739 3734
f 5025 3697 3699
f 3665 5108 3667
f 3051 3584 3078
f 5000 4999 5109
f 5109 5001 5000
f 2828 2826 2830
f 4539 4981 4964
f 2943 5107 4297
f 2618 2636 2596
f 2660 2636 2618
f 3357 3358 3389
f 3357 3389 3411
f 3432 3573 3431
f 4490 4433 5110
f 5110 4489 4490
f 3475 4910 3474
f 2660 2635 2636
f 4668 5111 5112
f 5112 5111 5086
f 5112 5113 4670
f 5114 5113 5112
f 5112 4670 4668
f 5086 4943 5112
f 5112 4943 5114
f 5102 5115 5116
f 5103 5115 5102
f 5102 5116 4944
f 4404 4428 4410
f 5080 4409 4410
f 4379 4404 4410
f 5021 5111 4701
f 5086 5111 5021
f 5022 5117 5021
f 5021 5117 5085
f 5085 5086 5021
f 5118 5119 5120
f 5120 5119 5121
f 2779 5118 5120
f 2778 2779 5120
f 5120 2766 2778
f 5122 2766 5120
f 5120 5121 5123
f 5123 5122 5120
f 5079 3929 3937
f 3895 3901 4885
f 5124 5125 5119
f 5119 5125 5092
f 5119 5118 5124
f 5119 5093 5121
f 5092 5093 5119
f 5115 4671 5126
f 5126 4671 5109
f 5109 4999 5126
f 5126 4999 5116
f 5116 5115 5126
f 5127 5128 5129
f 5129 5128 5090
f 4931 5127 5129
f 5091 5130 5129
f 5129 5130 4931
f 5090 5091 5129
f 2691 5131 4927
f 4927 5131 5132
f 5098 2691 4927
f 4927 4926 5098
f 5132 4929 4927
f 4674 4701 5111
f 5111 4668 4674
f 4339 4286 4335
f 4361 4339 4335
f 4335 4336 4361
f 3037 3061 3035
f 5133 5134 5135
f 5135 5134 5136
f 5044 5133 5135
f 5137 5044 5135
f 5135 5136 5137
f 3489 3490 3488
f 4409 5080 4434
f 5039 5038 5117
f 5039 5117 5022
f 5022 5020 5039
f 4462 4434 5080
f 5012 4434 4462
f 5110 4434 5012
f 5012 4484 4542
f 5012 4542 5110
f 2903 2902 2929
f 2903 2955 2896
f 4992 4991 4994
f 4575 4602 4569
f 4584 4602 4575
f 5031 5030 4608
f 4433 4434 5110
f 4523 4981 4528
f 4647 4601 4602
f 4584 4647 4602
f 4691 5104 4690
f 4690 5104 4745
f 5138 5117 5038
f 5038 5041 5138
f 4671 4700 5109
f 5115 4672 4671
f 5136 2757 2727
f 5137 5136 2727
f 2727 2733 5137
f 3389 3358 3345
f 3220 5077 3225
f 4638 4581 4579
f 5117 5138 5084
f 5117 5084 5085
f 5139 3603 5140
f 3602 3603 5139
f 5139 5140 3607
f 5139 3607 3602
f 5134 5128 5136
f 5090 5128 5134
f 5133 5088 5134
f 5134 5088 5090
f 4980 2929 2902
f 4994 3502 3501
f 5016 5141 5142
f 5142 5141 4946
f 5003 5016 5142
f 4946 5003 5142
f 5128 5127 2777
f 2777 5136 5128
f 3473 4954 3468
f 3632 5013 3631
f 2912 2920 4980
f 2539 2574 2559
f 5084 5138 5041
f 5042 5104 5041
f 4942 5084 5041
f 2560 2559 2574
f 2574 2558 2560
f 4204 4326 4205
f 4975 4985 2833
f 4975 2833 2850
f 4975 2850 2857
f 4822 4730 4734
f 4991 4948 3517
f 4991 3517 4994
f 5143 4923 4922
f 5144 5143 4922
f 4922 4924 4930
f 4922 4930 5144
f 5088 5133 5089
f 2585 2564 2612
f 2585 2612 2630
f 2585 2630 5145
f 2585 5145 2592
f 5145 2630 2629
f 2629 5032 5145
f 5077 5019 3228
f 5077 3228 3225
f 4136 4086 4114
f 4136 4114 4137
f 4647 4584 4615
f 4980 2928 2929
f 4059 3939 3929
f 5131 2691 2724
f 5131 2724 5132
f 2920 2928 4980
f 5044 5063 5133
f 5133 5063 5081
f 5081 5089 5133
f 5125 4923 5143
f 4925 4923 5125
f 5125 5143 5092
f 5125 5124 4925
f 5034 2717 4925
f 5034 5124 5146
f 4925 5124 5034
f 5146 2749 5034
f 5127 5147 2776
f 4931 5147 5127
f 5127 2776 2777
f 5132 2775 5147
f 5147 2775 2776
f 5147 4929 5132
f 4931 4929 5147
f 2674 2635 2660
f 4677 4712 4676
f 5146 5124 5118
f 5118 2779 5146
f 5143 5144 5092
f 2732 5044 2733
f 4776 4775 5148
f 4776 5148 4709
f 4709 4720 4776
f 5063 5044 2737
f 3466 3478 3475
f 3475 3476 3466
f 5146 2748 2749
f 5073 3146 3147
f 4948 3477 3517
f 4651 4763 4627
f 5043 5040 4716
f 2757 5136 2777
f 5141 5016 5015
f 5015 5149 5141
f 5141 5149 5114
f 5114 4946 5141
f 3466 3467 3478
f 4742 5109 4700
f 5130 5091 5144
f 5144 4930 5130
f 5130 4930 4931
f 5061 2734 5064
f 4201 4135 4137
f 4954 3473 3572
f 2748 5146 2765
f 5103 4680 4661
f 4661 4672 5115
f 4661 5115 5103
f 3632 3600 5013
f 2742 2700 2734
f 2721 5064 2734
f 2695 4926 4924
f 2726 2657 2731
f 2544 2548 2537
f 4677 4670 5113
f 5114 5149 5113
f 5113 5149 4677
f 4815 5148 4775
f 4775 4831 4815
f 2691 5098 2659
f 5092 5144 5091
f 4738 4757 4711
f 5132 2754 2775
f 3891 3901 3895
f 4999 4945 5116
f 5002 4945 4999
f 4930 4924 4926
f 3629 5140 3603
f 3603 3600 3632
f 3603 3632 3629
f 5001 5109 4742
f 5001 4726 4732
f 4742 4726 5001
f 5001 4732 4998
f 3629 3608 5140
f 5140 3608 3612
f 3612 3607 5140
f 3605 3606 3614
f 3613 4979 3605
f 3614 3613 3605
f 4325 4324 4336
f 3466 3476 3430
f 4733 5015 5016
f 5003 4997 5016
f 5137 2733 5044
f 4790 4763 4816
f 5103 4691 4680
f 4839 4863 4800
f 2724 2754 5132
f 2888 2863 4933
f 4933 2863 2881
f 4854 4842 4863
f 5149 5015 4712
f 5149 4712 4677
f 4141 4139 4160
f 5093 5089 5123
f 5123 5121 5093
f 5064 2721 5150
f 5083 5062 5064
f 5064 5150 5083
f 4339 4361 4355
f 4379 4355 4404
f 3606 3607 3614
f 5104 5042 4745
f 5089 5081 5083
f 5089 5083 5123
f 4944 5116 4945
f 4945 5003 4946
f 5002 5003 4945
f 4542 4554 5110
f 4059 4114 4086
f 4086 3939 4059
f 4651 4683 4763
f 4763 4683 4816
f 5148 4683 4709
f 4816 4683 5148
f 5148 4815 4816
f 5110 4554 4489
f 4835 4815 4831
f 5150 2721 2723
f 5083 5150 2723
f 2723 2722 5122
f 5122 5083 2723
f 4734 4726 4766
f 4994 3517 3502
f 2592 5032 2624
f 3608 3629 3636
f 3636 3617 3608
f 2765 5146 2779
f 3014 3026 4938
f 3134 3133 3070
f 3612 3614 3607
f 3621 3617 3636
f 5043 4744 4745
f 4745 5042 5043
f 4734 4732 4726
f 5122 2722 2766
f 2872 2863 2888
f 5083 5122 5123
f 4943 4946 5114
f 4354 4355 4379
f 3613 3611 3618
f 2592 5145 5032
f 31 30 5151
f 5151 30 5152
f 5153 31 5151
f 30 29 5152
f 30 5154 28
f 5155 5156 425
f 5157 30 5158
f 5154 30 5159
f 30 5157 5159
f 5158 30 5160
f 5160 30 5161
f 5161 30 5162
f 5163 425 5156
f 5162 30 5164
f 34 5165 5166
f 30 34 5164
f 34 5166 5164
f 5167 5168 5169
f 561 5170 5171
f 561 5171 5172
f 5168 561 5169
f 561 5172 5169
f 5173 5174 29
f 5175 5174 5176
f 5174 5173 5176
f 5173 29 5177
f 5178 5168 5179
f 5180 5181 5182
f 5183 561 5181
f 5181 561 5178
f 5183 5181 5180
f 561 5168 5178
f 5184 29 5185
f 5177 29 5184
f 29 28 5185
f 5186 28 5187
f 5187 28 5188
f 28 5189 5188
f 5185 28 5190
f 28 5186 5190
f 5191 1458 5192
f 5191 5192 5193
f 5193 5192 5194
f 5195 5194 5192
f 5196 5195 5192
f 5197 29 5174
f 31 5192 1458
f 5192 31 5153
f 5197 5152 29
f 5198 5199 111
f 111 105 5198
f 5199 5198 5200
f 5200 5198 5201
f 5200 5201 5202
f 5200 5202 5203
f 5204 5198 105
f 105 110 5204
f 5198 5204 5205
f 5206 283 5207
f 5207 283 5208
f 5209 283 5206
f 5208 283 5210
f 5211 282 5212
f 5210 283 5211
f 283 282 5211
f 5209 5213 283
f 283 5214 284
f 5214 283 5215
f 5216 283 5217
f 283 5213 5217
f 5215 283 5218
f 283 5216 5218
f 417 5219 5220
f 417 419 5219
f 5220 5219 5221
f 5222 417 5223
f 417 5222 5224
f 5225 417 5226
f 417 5224 5226
f 417 5220 5223
f 5227 415 5228
f 415 417 5229
f 5230 415 5227
f 5228 415 5231
f 415 5229 5231
f 5229 417 5232
f 5229 5232 5233
f 5234 417 5235
f 5232 417 5234
f 417 5225 5235
f 5236 5237 504
f 504 505 5236
f 5237 5238 508
f 508 504 5237
f 5239 5236 505
f 505 514 5239
f 507 5240 509
f 5240 507 5241
f 507 5242 5243
f 507 508 5242
f 5241 507 5243
f 515 5244 516
f 5245 5246 5247
f 5244 515 5245
f 515 5246 5245
f 5248 5246 515
f 515 525 5248
f 5240 5249 509
f 5249 5240 5250
f 5251 2327 5252
f 5249 5253 509
f 510 5252 2327
f 510 509 5253
f 5252 510 5254
f 510 5253 5254
f 5255 508 5238
f 5239 514 5256
f 5242 508 5255
f 5257 5256 514
f 514 516 5257
f 5256 5257 5258
f 5256 5258 5259
f 5257 516 5260
f 5244 5260 516
f 5261 2328 5262
f 5251 5262 2328
f 2328 2327 5251
f 5262 5251 5263
f 2448 5264 5265
f 5266 2448 5265
f 2448 5248 525
f 5248 2448 5266
f 5248 5266 5267
f 5268 561 5269
f 561 560 5270
f 5271 2272 5272
f 561 5270 5269
f 5269 5270 5273
f 5269 5273 5274
f 5268 5170 561
f 5272 2272 5275
f 5170 5268 5276
f 5277 5278 5279
f 5170 5276 5278
f 5280 5277 5281
f 5170 5278 5277
f 5282 5280 5283
f 5170 5277 5280
f 5284 5282 5285
f 5170 5280 5282
f 5170 5282 5284
f 5286 5287 5288
f 5289 424 5290
f 5289 5290 5287
f 5289 5287 5286
f 5288 5287 5291
f 5292 5189 28
f 5293 561 5183
f 5189 5292 5294
f 5294 5292 5295
f 5296 5295 5297
f 5295 5292 5297
f 559 5290 424
f 559 561 5293
f 5290 559 5298
f 559 5293 5298
f 5290 5298 5299
f 5300 2328 5301
f 2328 5261 5301
f 5302 489 5303
f 5304 489 5302
f 5304 5302 5305
f 5304 5305 5306
f 489 111 5303
f 111 5199 5303
f 5304 5307 489
f 5308 5304 5309
f 5307 5304 5310
f 5304 5308 5310
f 489 5311 511
f 5311 489 5307
f 5312 578 5313
f 5314 578 5312
f 578 577 5313
f 577 5315 5313
f 573 5314 5316
f 573 578 5314
f 5317 573 5316
f 5318 5319 599
f 5320 599 5319
f 5321 5322 598
f 5322 5321 5323
f 598 5318 599
f 5318 598 5324
f 598 5322 5324
f 602 5321 598
f 5321 602 5325
f 5326 5325 602
f 5325 5326 5327
f 567 5328 590
f 5328 567 5329
f 5330 5329 567
f 567 533 5330
f 5331 599 5320
f 5331 5320 5332
f 599 5331 5333
f 5334 599 5333
f 599 5335 597
f 5335 599 5334
f 603 5336 604
f 5336 603 5337
f 5336 5337 5338
f 5336 5338 5339
f 5340 5337 603
f 603 607 5340
f 590 5341 591
f 5341 590 5342
f 5342 590 5328
f 5342 5328 5343
f 591 5344 618
f 5344 591 5345
f 5344 5345 5346
f 5346 5345 5347
f 5345 591 5341
f 5348 5349 619
f 619 618 5348
f 5349 5348 5350
f 5348 618 5351
f 618 5352 5351
f 5344 5352 618
f 597 5353 601
f 5353 597 5354
f 5335 5354 597
f 5353 5355 623
f 623 601 5353
f 5355 5353 5356
f 5357 619 5349
f 5358 619 5357
f 5359 623 5360
f 623 5355 5360
f 560 642 5361
f 5270 560 5362
f 5362 560 5363
f 560 5361 5363
f 5364 5270 5362
f 5270 5364 5365
f 642 2272 5271
f 5366 5270 5365
f 5361 642 5367
f 642 5368 5367
f 642 5369 5368
f 642 5370 5369
f 642 5371 5370
f 642 5372 5371
f 642 5373 5372
f 642 5374 5373
f 642 5375 5374
f 642 5271 5376
f 642 5376 5375
f 5377 5270 5366
f 5270 5377 5378
f 5359 5379 654
f 654 623 5359
f 625 5380 652
f 5380 625 5381
f 5382 5381 625
f 625 624 5382
f 5383 654 5379
f 5383 5384 654
f 5384 5383 5385
f 660 5384 5386
f 660 654 5384
f 660 5386 5387
f 5388 661 5389
f 661 652 5390
f 652 5380 5391
f 652 5391 5390
f 5389 661 5390
f 624 5392 5393
f 624 5393 5382
f 624 5394 5395
f 624 660 5394
f 624 5395 5392
f 726 5396 5397
f 5398 726 5399
f 5396 726 5400
f 726 5398 5400
f 726 5401 5399
f 726 5402 5403
f 726 5397 5402
f 5404 726 5405
f 726 5403 5405
f 5406 5401 726
f 726 723 5406
f 726 5404 5407
f 5408 726 5409
f 726 5407 5409
f 5408 5409 5410
f 726 5411 727
f 5411 726 5412
f 726 5408 5412
f 5413 5397 5396
f 5413 5414 5397
f 5402 5397 5414
f 5415 5416 705
f 705 5417 5418
f 705 729 5417
f 5415 705 5418
f 706 5416 5419
f 706 705 5416
f 5420 706 5421
f 706 5419 5421
f 5422 660 5387
f 5423 661 5388
f 5424 5425 5426
f 5427 5428 5429
f 5430 5431 5427
f 5431 5428 5427
f 5425 5424 5430
f 5424 5431 5430
f 5426 5204 110
f 5204 5426 5425
f 5204 5425 5432
f 5433 5315 577
f 577 106 5433
f 5315 5433 5434
f 108 5433 106
f 5433 108 5435
f 5433 5435 5436
f 5437 5435 108
f 108 111 5437
f 5435 5437 5438
f 5438 5437 5439
f 573 5437 111
f 5440 5441 5442
f 5437 573 5441
f 573 5317 5441
f 5441 5317 5442
f 5417 729 5443
f 729 5444 5443
f 5423 5445 778
f 778 661 5423
f 5422 5394 660
f 5446 5447 765
f 765 805 5446
f 765 5444 729
f 5444 765 5447
f 5445 5448 838
f 838 778 5445
f 5449 838 5448
f 805 5450 5451
f 805 816 5450
f 5452 805 5451
f 5453 805 5454
f 805 5453 5455
f 5446 805 5455
f 5452 5454 805
f 5449 5456 838
f 5456 5449 5457
f 838 5458 852
f 5458 838 5456
f 5459 5450 816
f 816 857 5459
f 5460 5459 857
f 5461 5460 857
f 857 882 5461
f 5458 5462 886
f 886 852 5458
f 5463 886 5462
f 5464 5465 5466
f 5466 5467 5464
f 5464 5468 5465
f 5464 5469 5470
f 5470 5468 5464
f 5464 5467 5469
f 5471 5466 5465
f 5472 5465 5468
f 5465 5472 5471
f 5472 5473 5471
f 5472 5474 5473
f 5461 882 5475
f 5476 5477 5478
f 5478 5479 5476
f 5476 5480 5477
f 5481 5482 5483
f 5482 5481 5484
f 5482 5484 2304
f 5476 5485 5481
f 5483 5476 5481
f 5483 5480 5476
f 5476 5479 5485
f 5486 2531 5484
f 2531 2304 5484
f 5484 5481 5486
f 5487 5486 5481
f 5481 5485 5487
f 5485 5488 5487
f 5485 5479 5488
f 2531 5475 882
f 5475 2531 5489
f 2531 5486 5489
f 5490 5491 1199
f 5492 1202 5493
f 5492 5493 5494
f 5495 5494 5496
f 5494 5493 5496
f 5497 5498 5499
f 5498 1199 5491
f 5499 5491 5500
f 5501 5498 5497
f 5498 5491 5499
f 5502 5503 1458
f 5503 5502 5504
f 5502 5505 5504
f 5506 5498 5501
f 1201 5503 5507
f 1201 1458 5503
f 5508 1201 5507
f 5508 5493 1202
f 1202 1201 5508
f 5509 5510 979
f 979 981 5509
f 979 5511 980
f 5511 979 5510
f 5512 5509 981
f 981 982 5512
f 5513 5514 984
f 984 983 5513
f 5513 5515 5514
f 985 5513 983
f 985 5515 5513
f 5516 5517 982
f 5518 5516 982
f 982 727 5518
f 5512 982 5519
f 5519 982 5517
f 2403 5520 5515
f 5521 5515 5522
f 5515 5520 5522
f 5522 5523 5521
f 5523 5524 5521
f 5523 5525 5524
f 5524 5526 5527
f 5526 5524 5525
f 5514 5515 5521
f 5527 5514 5521
f 5526 984 5527
f 984 5514 5527
f 5521 5524 5527
f 5515 985 2403
f 727 5411 5528
f 727 5528 5529
f 5518 727 5530
f 727 5529 5530
f 2408 5531 5520
f 2408 5532 5531
f 2408 5533 5532
f 5534 5525 5523
f 5531 5522 5520
f 5531 5532 5534
f 5523 5531 5534
f 5531 5523 5522
f 5532 5535 5534
f 5532 5533 5535
f 5520 2403 2408
f 989 5511 5536
f 989 980 5511
f 2462 5537 5538
f 2462 5539 5537
f 5540 5537 5539
f 5539 5541 5540
f 5541 5539 5542
f 5543 5544 5525
f 5542 5543 5541
f 5543 5542 5544
f 5540 5538 5537
f 1146 1149 5539
f 1149 5545 5546
f 1149 5546 5539
f 2462 1146 5539
f 5547 5525 5544
f 5548 5549 5547
f 5544 5548 5547
f 5548 5544 5542
f 5549 5550 5547
f 5549 5551 5550
f 5548 5542 5539
f 5552 5553 5549
f 5553 5551 5549
f 5553 5552 5554
f 5555 5553 5554
f 2293 5553 5555
f 5556 2293 5555
f 5548 5557 5552
f 5549 5548 5552
f 5558 5556 5555
f 5554 5558 5555
f 5548 5539 5557
f 5559 2293 5556
f 1058 5560 5561
f 1058 5536 5560
f 1058 989 5536
f 2408 5562 5533
f 2408 5563 5562
f 5564 5525 5534
f 5562 5535 5533
f 5535 5562 5565
f 5562 5566 5565
f 5564 5534 5535
f 5565 5564 5535
f 5562 5563 5566
f 5561 5567 1062
f 5561 2342 1058
f 1062 2342 5561
f 1062 5568 5569
f 1062 5567 5568
f 2413 5570 5563
f 2413 5538 5570
f 5566 5570 5571
f 5570 5566 5563
f 5541 5543 5571
f 5540 5541 5571
f 5543 5525 5571
f 5571 5525 5564
f 5571 5570 5540
f 5570 5538 5540
f 5571 5564 5565
f 5571 5565 5566
f 5563 2408 2409
f 2409 2413 5563
f 2413 2462 5538
f 5569 5572 1072
f 5569 1072 1062
f 1074 5573 5574
f 1074 5572 5573
f 1077 1072 5572
f 5572 1074 1077
f 1078 5575 5576
f 1078 5574 5575
f 5574 1078 1074
f 5577 5578 5579
f 5578 5577 5580
f 5578 5581 5582
f 5579 5578 5582
f 5582 5583 5579
f 5584 5585 5577
f 5579 5584 5577
f 5583 5584 5579
f 2463 5582 5581
f 2463 5583 5582
f 2463 5584 5583
f 2463 5585 5584
f 5586 5577 5585
f 5585 5587 5586
f 5586 5580 5577
f 1086 5587 5585
f 1082 1086 5585
f 2463 1082 5585
f 1155 5578 5580
f 1155 5581 5578
f 5581 1155 2463
f 5588 5586 5587
f 5587 5589 5588
f 5588 5580 5586
f 1086 5589 5587
f 5576 5590 1087
f 1087 1078 5576
f 5591 5592 5593
f 5593 5592 5594
f 5595 5591 5593
f 5590 5596 1092
f 5590 1092 1087
f 5597 5598 5588
f 5598 5580 5588
f 5598 5597 5599
f 5598 5599 5600
f 5588 5589 5597
f 5601 5600 5599
f 5602 5597 5589
f 5597 5602 5603
f 5602 5604 5603
f 5601 5599 5597
f 5603 5601 5597
f 5602 5605 5604
f 1102 5602 5589
f 1102 5605 5602
f 1091 1102 5589
f 5589 1086 1091
f 1095 5606 5607
f 1095 5596 5606
f 5596 1095 1092
f 5608 5580 5609
f 5580 5610 5609
f 5610 5580 5611
f 5612 5613 5614
f 5611 5612 5610
f 5612 5611 5613
f 5609 5615 5608
f 5615 5616 5608
f 5615 5617 5616
f 1156 5616 5617
f 1156 5580 5608
f 1156 5608 5616
f 5611 5580 5598
f 5618 5598 5600
f 5598 5618 5611
f 5618 5613 5611
f 5618 5614 5613
f 5580 1156 1157
f 5580 1157 1155
f 5619 5620 5621
f 5620 5622 5621
f 5620 5619 5623
f 5623 5624 5620
f 5624 5623 5625
f 5626 5627 5619
f 5621 5626 5619
f 5628 5629 5627
f 5626 5628 5627
f 5625 5630 5624
f 5630 5625 5631
f 5630 5631 5632
f 5628 5617 5629
f 5626 5621 5633
f 5633 5621 5634
f 5621 5635 5634
f 5628 5626 5633
f 5636 5628 5633
f 5628 5636 5637
f 5634 5638 5633
f 5638 5639 5633
f 5639 5640 5633
f 5633 5640 5641
f 5621 5622 5635
f 5628 5637 5617
f 5633 5641 5636
f 5629 5617 5642
f 5617 5615 5642
f 5643 5612 5614
f 5612 5643 5642
f 5642 5643 5623
f 5625 5623 5643
f 5627 5629 5642
f 5619 5627 5642
f 5623 5619 5642
f 5643 5644 5625
f 5644 5631 5625
f 5644 5632 5631
f 5642 5610 5612
f 5642 5609 5610
f 5642 5615 5609
f 5617 5645 2461
f 2461 1156 5617
f 1097 5646 5647
f 1097 5607 5646
f 1100 1095 5607
f 5607 1097 1100
f 2483 5648 5649
f 2483 5650 5651
f 2483 5651 5648
f 2483 5647 5650
f 5647 2483 1097
f 5652 5653 5654
f 5653 5655 5654
f 5653 5652 5656
f 5653 5656 5605
f 5657 5658 5659
f 5657 5659 5652
f 5654 5657 5652
f 1106 5653 5605
f 1106 5655 5653
f 5660 5600 5661
f 5661 5600 5601
f 5661 5659 5660
f 5659 5658 5660
f 5661 5652 5659
f 5656 5604 5605
f 5604 5656 5661
f 5656 5652 5661
f 5661 5601 5603
f 5661 5603 5604
f 5605 1102 1106
f 5662 5663 5655
f 5655 5664 5662
f 5662 5665 5663
f 1108 5664 5655
f 5666 5658 5657
f 5663 5654 5655
f 5663 5665 5666
f 5657 5663 5666
f 5663 5657 5654
f 1106 1108 5655
f 5667 5668 5669
f 5668 5667 5670
f 5668 5670 5671
f 5668 5671 5672
f 5672 5671 5673
f 5672 5674 5668
f 5674 5669 5668
f 5672 5675 5674
f 5676 5677 5678
f 5677 5676 5672
f 5676 5675 5672
f 5672 5673 5679
f 5672 5679 5677
f 5670 5680 5681
f 5681 5671 5670
f 5670 5667 5680
f 5682 5665 5662
f 5683 5662 5664
f 5662 5683 5682
f 5683 5684 5682
f 5683 5685 5684
f 1110 5683 5664
f 1110 5685 5683
f 5664 1108 1110
f 5649 2478 2479
f 5649 5686 2478
f 2479 2483 5649
f 5684 5685 5687
f 5687 5685 5688
f 5685 5689 5688
f 5688 5690 5687
f 5690 5691 5687
f 5682 5684 5687
f 5687 5692 5682
f 5692 5665 5682
f 5691 5692 5687
f 1112 5689 5685
f 5685 1110 1112
f 2489 5693 5689
f 2489 5694 5693
f 5695 5693 5696
f 5693 5697 5696
f 5693 5695 5689
f 5693 5694 5697
f 5696 5698 5695
f 5699 5700 5691
f 5700 5692 5691
f 5701 5695 5698
f 5695 5701 5688
f 5690 5688 5701
f 5701 5699 5690
f 5691 5690 5699
f 5700 5665 5692
f 5688 5689 5695
f 2490 2489 5689
f 5689 1112 2490
f 2407 5702 5694
f 5703 5704 5697
f 5704 5696 5697
f 5697 5694 5703
f 5694 5702 5703
f 5704 5698 5696
f 5694 2489 2407
f 2406 5705 5702
f 2406 5706 5707
f 2406 5707 5705
f 2407 2406 5702
f 5698 5707 5706
f 5707 5698 5704
f 5705 5703 5702
f 5704 5705 5707
f 5705 5704 5703
f 5708 5463 5709
f 5709 5710 5708
f 5708 886 5463
f 5709 5711 5710
f 5711 5709 5712
f 5713 5714 5667
f 5712 5713 5711
f 5713 5712 5714
f 5712 5709 5715
f 5680 5715 5681
f 5715 5680 5712
f 5680 5714 5712
f 5680 5667 5714
f 1126 5716 5717
f 1126 5718 5716
f 1126 5719 5718
f 1126 5720 5719
f 5721 5716 5718
f 5716 5721 5722
f 5716 5722 5717
f 5723 5718 5719
f 5718 5723 5721
f 5724 5725 5723
f 5719 5724 5723
f 5719 5720 5724
f 5726 5727 5725
f 5724 5726 5725
f 5726 5698 5727
f 5728 5706 5729
f 5730 5717 5731
f 5706 2406 5729
f 1126 5717 5730
f 5732 1126 5733
f 5729 2406 5734
f 5729 5734 5735
f 1126 5730 5733
f 5727 5698 5728
f 5736 5727 5728
f 5698 5706 5728
f 5731 5717 5722
f 5736 5731 5722
f 5722 5721 5736
f 5721 5723 5736
f 5723 5725 5736
f 5725 5727 5736
f 1161 5737 5720
f 5738 5720 5739
f 5720 5737 5739
f 5739 5740 5738
f 5741 5738 5740
f 5740 5742 5741
f 5742 5743 5741
f 5742 5744 5743
f 1125 1161 5720
f 5745 5720 5746
f 5746 5720 5738
f 5747 5743 5744
f 5747 5748 5746
f 5741 5747 5746
f 5747 5741 5743
f 5749 5745 5746
f 5746 5750 5749
f 5750 5751 5749
f 5748 5750 5746
f 5750 5665 5751
f 5746 5738 5741
f 5749 5751 5699
f 5751 5700 5699
f 5745 5724 5720
f 5745 5749 5701
f 5726 5745 5701
f 5745 5726 5724
f 5699 5701 5749
f 5751 5665 5700
f 5701 5698 5726
f 1126 1125 5720
f 886 5752 883
f 5752 886 5753
f 5752 5753 5754
f 5755 5754 5756
f 5754 5753 5756
f 5708 5753 886
f 5753 5708 5756
f 5757 5755 5756
f 5758 5757 5756
f 5708 5710 5758
f 5756 5708 5758
f 5759 5760 5761
f 5762 5763 5759
f 5761 5762 5759
f 5764 5759 5763
f 5763 5765 5764
f 5765 5766 5764
f 5765 5737 5766
f 5767 5766 5737
f 5767 5760 5759
f 5767 5759 5764
f 5767 5764 5766
f 5760 5767 5768
f 5769 5770 5771
f 5770 5772 5773
f 5770 5773 5771
f 5774 5770 5769
f 5775 5767 5776
f 5768 5767 5775
f 5767 5777 5776
f 5778 5773 5772
f 5773 5778 5779
f 5737 1161 5767
f 5780 5744 5781
f 5781 5744 5742
f 5782 5739 5737
f 5782 5783 5781
f 5740 5782 5781
f 5782 5740 5739
f 5781 5742 5740
f 5783 5782 5784
f 5782 5737 5784
f 5784 5737 5765
f 5765 5785 5784
f 5785 5765 5763
f 5785 5763 5762
f 5752 5786 990
f 990 883 5752
f 5752 5754 5786
f 1115 5787 1119
f 5787 1115 5788
f 1115 1118 5789
f 1115 5789 5788
f 5790 1123 5791
f 1123 1122 5792
f 5793 1118 5794
f 1123 5792 5791
f 1121 5795 1160
f 1121 1123 5796
f 1121 5796 5797
f 5797 5796 5798
f 5795 1121 5799
f 1121 5797 5799
f 5800 1160 5795
f 5796 1123 5801
f 5802 5801 1123
f 1123 5803 5802
f 5801 5802 5804
f 5803 1123 5805
f 5803 5805 5806
f 5805 1123 5790
f 5807 5794 1118
f 1119 5808 1120
f 5809 5810 1122
f 5808 1119 5811
f 1122 1126 5812
f 5809 1122 5813
f 5814 1120 5808
f 1122 5812 5813
f 5811 1119 5815
f 1119 5787 5815
f 5810 5792 1122
f 5789 1118 5793
f 5816 1159 5817
f 5818 5816 5819
f 5820 1159 5816
f 1159 1160 5817
f 5817 1160 5800
f 5820 5816 5818
f 5820 5821 1161
f 1161 1159 5820
f 5822 1195 5823
f 1195 1197 5823
f 5823 5824 5822
f 5824 5825 5822
f 5824 5826 5825
f 5490 1199 5827
f 1199 1195 5822
f 1199 5822 5827
f 1202 5823 1197
f 5823 1202 5492
f 1198 1199 5828
f 5829 1198 5830
f 5831 1289 5832
f 5831 5832 5833
f 1198 5828 5830
f 5834 1290 5835
f 5828 1199 5836
f 1290 1289 5831
f 1290 5831 5835
f 5832 1289 5837
f 5838 1198 5829
f 1289 1300 5839
f 1289 5839 5837
f 5840 1290 5834
f 5840 5834 5841
f 5836 1199 5842
f 1199 5843 5844
f 1199 5498 5843
f 1199 5844 5842
f 1301 1198 5838
f 5839 1300 5845
f 5839 5845 5846
f 1301 5838 5847
f 5848 1301 5849
f 1301 5847 5849
f 1377 5850 1378
f 1377 1578 5851
f 1377 5851 5852
f 5850 1377 5853
f 1377 5852 5853
f 5850 5854 1378
f 5851 1578 5855
f 5856 1378 5854
f 1380 5856 5857
f 1380 1378 5856
f 1380 5857 5858
f 5859 5860 1410
f 5859 1410 5861
f 1407 5860 5862
f 1407 1410 5860
f 5863 1407 5864
f 1407 5862 5864
f 5865 5861 1410
f 1410 1411 5865
f 5866 1408 5867
f 5868 1408 5866
f 1408 284 5867
f 284 5869 5867
f 5868 5870 1251
f 1251 1408 5868
f 5871 5872 1415
f 1415 1413 5871
f 5871 1413 5873
f 1413 1414 5873
f 1414 5874 5873
f 282 2280 5875
f 2280 5876 5877
f 5212 282 5875
f 5875 2280 5877
f 1431 5876 2280
f 5876 1431 5878
f 1431 5879 5878
f 5880 5881 1180
f 1180 1174 5880
f 1176 5880 1174
f 5880 1176 5882
f 5881 5879 1431
f 1431 1180 5881
f 5883 5882 1176
f 5882 5883 5884
f 5885 1251 5886
f 1251 5870 5886
f 5869 284 5887
f 5888 5889 2435
f 2431 5890 5891
f 2431 5891 5892
f 5889 5893 2438
f 2438 2435 5889
f 2438 5890 2431
f 5890 2438 5893
f 2435 5894 5895
f 2435 5895 5888
f 5896 5897 5898
f 5899 2439 5896
f 2439 5897 5896
f 5885 5900 1257
f 1257 1251 5885
f 5900 5897 2439
f 2439 1257 5900
f 5883 1176 5901
f 5883 5901 5902
f 5903 5901 1176
f 1176 1175 5903
f 2439 5903 1175
f 5903 2439 5899
f 5904 5905 2433
f 5905 5894 2435
f 2435 2433 5905
f 2434 5906 5907
f 5908 2434 5907
f 5908 5904 2433
f 2433 2434 5908
f 5909 5910 1418
f 5911 5909 1418
f 1418 1421 5911
f 1420 5910 5912
f 1420 1418 5910
f 1420 5912 5913
f 5914 5915 2437
f 2437 5906 2434
f 5906 2437 5915
f 5916 5917 1425
f 1425 1423 5916
f 5917 5916 5918
f 1424 5916 1423
f 5916 1424 5919
f 5920 1269 5921
f 5922 5919 1424
f 5919 5922 5923
f 1425 5921 1269
f 5921 1425 5917
f 5924 5925 5926
f 5927 1277 5924
f 1277 5925 5924
f 1424 5928 5929
f 5930 5922 5929
f 5922 1424 5929
f 5920 5931 1271
f 1271 1269 5920
f 1271 5925 1277
f 5925 1271 5931
f 5932 5933 2411
f 2411 5934 2436
f 5934 2411 5933
f 5934 5914 2437
f 2437 2436 5934
f 5935 5936 2410
f 2410 5937 5935
f 5935 5937 5938
f 5937 5939 5938
f 5936 5932 2411
f 2411 2410 5936
f 1277 5940 1440
f 5940 1277 5927
f 5940 5928 1424
f 1424 1440 5940
f 5941 5942 5937
f 5937 2410 5941
f 5942 5943 5937
f 5943 5942 5944
f 5939 5937 5945
f 5937 5943 5945
f 5946 5947 5948
f 5946 5948 5949
f 5950 5947 5946
f 5951 5952 2391
f 5952 5951 5953
f 5952 5954 1286
f 1286 2391 5952
f 1286 5941 2410
f 5941 1286 5954
f 1434 5955 1435
f 1434 5956 5957
f 1434 5957 5958
f 1434 5958 5959
f 1434 5959 5955
f 5956 1434 5960
f 1434 5961 5962
f 1434 1420 5961
f 1434 5963 5960
f 1434 5962 5963
f 2390 5951 2391
f 5951 2390 5964
f 2390 5965 5966
f 5964 2390 5966
f 5967 5968 5947
f 5969 5967 5950
f 5967 5947 5950
f 5968 5970 5947
f 5970 5948 5947
f 5971 5972 5973
f 5974 5972 5971
f 5974 5971 5975
f 5972 5976 5977
f 5972 5978 5976
f 5972 5977 5979
f 5972 5980 5978
f 5980 5972 5974
f 5973 5972 5981
f 5979 5981 5972
f 5978 5982 5983
f 5978 5984 5982
f 5978 5983 5976
f 5978 5985 5984
f 5985 5978 5986
f 5978 5987 5986
f 5980 5987 5978
f 5984 5988 5989
f 5984 5990 5988
f 5984 5989 5991
f 5984 5992 5990
f 5992 5984 5993
f 5982 5984 5991
f 5994 5985 5995
f 5985 5996 5995
f 5993 5984 5994
f 5984 5985 5994
f 5997 5998 5990
f 5990 5999 5997
f 5999 5990 6000
f 5998 6001 5990
f 6000 5990 5992
f 5988 5990 6001
f 2291 6002 6003
f 2291 6003 6004
f 6004 6005 1291
f 1291 2291 6004
f 5999 5965 2390
f 2390 5997 5999
f 5997 2390 6006
f 1291 6006 2390
f 6006 1291 6005
f 1435 6007 1452
f 6007 1435 6008
f 5955 6009 1435
f 6009 6008 1435
f 1454 6010 1462
f 1454 1452 6011
f 6010 1454 6012
f 1454 6011 6012
f 6011 1452 6007
f 6013 1462 6010
f 1456 1301 6014
f 6015 1456 6014
f 6016 1451 6017
f 1450 6017 1451
f 6015 6018 1456
f 6017 1450 6019
f 1448 6019 1450
f 6019 1448 6020
f 1448 1456 6020
f 1456 6018 6020
f 6021 5502 6022
f 6023 6021 6022
f 5502 1458 5191
f 5502 5191 6024
f 6022 5502 6025
f 5502 6024 6025
f 6026 1767 6027
f 6028 6026 6029
f 6026 6027 6029
f 6030 6028 6029
f 6031 6032 5506
f 6032 5498 5506
f 6033 6031 6034
f 6034 6031 6035
f 6031 6036 6035
f 6032 6031 6033
f 6037 6027 1767
f 6027 6037 6038
f 5911 1421 6039
f 6040 6039 1421
f 5961 1420 5913
f 6013 6041 1462
f 6041 6042 1538
f 1538 1462 6041
f 6042 6041 6043
f 5821 5777 5767
f 5767 1161 5821
f 6044 5774 6045
f 5774 5802 5803
f 5774 5803 6045
f 5770 5774 6044
f 6046 1538 6042
f 6046 6047 1556
f 1556 1538 6046
f 1576 6048 1578
f 6048 1576 6049
f 6050 6049 1576
f 6050 1576 6051
f 1576 6052 6053
f 1576 1577 6052
f 6051 1576 6053
f 6054 1556 6047
f 6054 6055 1600
f 1600 1556 6054
f 6056 6057 1615
f 1615 1613 6056
f 6057 6056 6058
f 6058 6056 6059
f 6060 6056 1613
f 1613 1616 6060
f 6056 6060 6061
f 6061 6060 6062
f 6061 6062 6063
f 6061 6063 6064
f 6055 6065 1659
f 1659 1600 6055
f 6066 1659 6065
f 1628 6067 6068
f 1628 1641 6067
f 6069 1628 6068
f 6069 6070 1628
f 1628 6071 1577
f 6071 1628 6070
f 6072 1737 6073
f 1737 6074 6073
f 6075 6074 1737
f 6076 1684 6077
f 1684 6078 6079
f 1684 6079 6077
f 6080 6081 6076
f 6081 1684 6076
f 6082 1683 6083
f 1705 6083 1683
f 6083 1705 6084
f 6072 6084 1705
f 1705 1737 6072
f 6085 1684 6081
f 1641 6086 6087
f 1641 1675 6086
f 6088 1641 6087
f 1641 6088 6089
f 6067 1641 6089
f 1683 6078 1684
f 6078 1683 6082
f 6085 6090 1682
f 1682 1684 6085
f 6060 1616 6091
f 1784 6092 6093
f 1784 6093 6094
f 6091 6095 6096
f 1784 6094 6095
f 1616 1784 6091
f 1784 6095 6091
f 1767 6092 1784
f 1767 6026 6097
f 1767 6097 6092
f 1615 6098 2272
f 6098 1615 6057
f 6098 6057 6099
f 6100 2272 6098
f 6101 6100 6102
f 6100 6098 6102
f 6102 6098 6103
f 1789 1616 6104
f 6105 1789 6104
f 6105 6104 6106
f 6107 6105 6108
f 6105 6106 6108
f 6106 6109 6108
f 6104 1616 6110
f 6111 6112 1614
f 6113 1789 6114
f 1789 6105 6114
f 6112 6111 6115
f 1614 6110 1616
f 6110 1614 6112
f 6110 6112 6116
f 6116 6112 6117
f 6117 6112 6118
f 6118 6112 6119
f 6118 6119 6120
f 6117 6118 6121
f 1675 5230 6122
f 1675 415 5230
f 6123 1675 6124
f 1675 6122 6124
f 6125 1675 6126
f 6127 1675 6125
f 1675 6123 6126
f 6086 1675 6127
f 6086 6127 6128
f 1660 6129 1703
f 6129 1660 6130
f 1660 1659 6131
f 1660 6131 6130
f 1703 6132 1733
f 6132 1703 6129
f 6133 6131 1659
f 6134 1736 6132
f 1736 1733 6132
f 6133 1659 6135
f 6136 1736 6134
f 6066 6135 1659
f 6137 1682 6090
f 6137 6090 6138
f 6139 419 6140
f 419 1729 6140
f 6140 1729 6141
f 6141 1729 6142
f 1729 6143 6142
f 1729 6144 6145
f 6143 1729 6146
f 1729 6145 6146
f 6147 6143 6146
f 1729 6148 6149
f 1729 6149 6150
f 1729 6150 6151
f 6144 1729 6152
f 1729 6151 6152
f 1729 6153 6154
f 1729 1731 6153
f 6148 1729 6155
f 1729 6154 6155
f 6156 419 6139
f 6157 419 6156
f 1682 6137 6158
f 6159 1682 6158
f 6159 6160 1704
f 1704 1682 6159
f 1702 6161 1743
f 6161 1702 6162
f 1702 6163 6162
f 6164 6163 1702
f 1702 1735 6164
f 1749 6165 6166
f 6166 6165 6167
f 6168 1749 6166
f 6169 1749 6168
f 6169 6168 6170
f 6160 6165 1749
f 1749 1704 6160
f 6171 1758 6172
f 1761 6172 1758
f 6172 1761 6173
f 6173 1761 6174
f 6173 6174 6175
f 6175 6174 6176
f 6176 6174 6177
f 6178 6179 1748
f 1748 1747 6178
f 6180 1748 6179
f 6180 6179 6181
f 6180 6182 1748
f 6182 6180 6183
f 1748 6184 1734
f 6184 1748 6182
f 6185 1749 6169
f 6186 6185 6169
f 6185 6186 6187
f 6186 6188 6187
f 6189 6190 6191
f 6188 6190 6189
f 6190 6188 6186
f 1758 6192 1759
f 6192 1758 6193
f 6171 6193 1758
f 6193 6171 6194
f 1749 6195 1747
f 6195 1749 6185
f 1759 6196 1762
f 6196 1759 6197
f 6196 6197 6198
f 6197 1759 6192
f 1762 6199 1760
f 6199 1762 6200
f 6200 1762 6196
f 6200 6196 6201
f 6200 6201 6202
f 6200 6202 6203
f 6200 6203 6204
f 6178 1747 6195
f 1760 6205 1766
f 6205 1760 6199
f 6206 1766 6205
f 1767 6206 6207
f 1767 1766 6206
f 6207 6206 6208
f 6037 1767 6207
f 1790 6111 1614
f 6111 1790 6209
f 1790 1789 6113
f 1790 6113 6209
f 6210 1819 6211
f 6212 6211 1819
f 1819 1818 6212
f 6211 6212 6213
f 1818 1823 6214
f 6212 1818 6214
f 6214 1823 6215
f 1757 6216 6217
f 6218 1757 6217
f 1757 6215 1823
f 6215 1757 6218
f 6219 6220 1813
f 1813 6221 1814
f 6221 1813 6220
f 6221 6222 1817
f 1817 1814 6221
f 6223 6222 6224
f 6225 6226 6223
f 6224 6222 6227
f 6226 1817 6223
f 1817 6222 6223
f 6228 1825 6229
f 1825 6210 6230
f 1825 1819 6210
f 6229 1825 6230
f 6231 6232 1828
f 1824 6219 1813
f 6219 1824 6233
f 1828 6233 1824
f 6233 1828 6232
f 6234 1833 6235
f 6228 6235 1833
f 1833 1825 6228
f 6234 6236 1833
f 1833 6231 1828
f 6237 6236 6238
f 6231 1833 6237
f 1833 6236 6237
f 6239 5275 6100
f 6240 6239 6100
f 5275 2272 6100
f 6241 6240 6100
f 6242 6241 6100
f 6243 6242 6100
f 6244 6243 6100
f 6245 6244 6100
f 6246 5658 6247
f 5658 6248 6247
f 6248 5658 5666
f 6249 6246 6250
f 6247 6250 6246
f 6251 6252 6253
f 6251 6253 6249
f 6250 6251 6249
f 6248 5666 5665
f 6248 5665 6254
f 6254 5665 5750
f 6255 5747 5744
f 5747 6255 6254
f 6247 6248 6254
f 6256 6257 6250
f 6257 6251 6250
f 6257 6252 6251
f 6250 6247 6256
f 6258 6256 6247
f 6254 6258 6247
f 6255 6258 6254
f 6254 5748 5747
f 6254 5750 5748
f 1379 2280 6259
f 2280 282 6260
f 6259 2280 6260
f 6261 1379 6259
f 6262 2274 6263
f 6260 282 6264
f 282 2274 6264
f 2274 6262 6264
f 6263 2274 6265
f 2274 1379 6261
f 2274 6261 6265
f 109 6266 5426
f 109 757 6267
f 109 6267 6268
f 109 6268 6269
f 109 6269 6270
f 109 6270 6271
f 109 6271 6272
f 109 6272 6273
f 109 6273 6274
f 109 6274 6275
f 109 6275 6276
f 109 6276 6277
f 109 6277 6278
f 6266 109 6279
f 109 6278 6279
f 2276 6280 757
f 6280 2276 6281
f 2276 6282 6281
f 2276 2297 6282
f 6283 6284 6285
f 6284 6286 6285
f 6285 6286 6287
f 6288 6286 6284
f 6282 6286 6288
f 6286 6282 2297
f 6267 757 6280
f 5426 110 109
f 425 424 5289
f 6289 6290 6291
f 5292 28 5154
f 5292 5154 6292
f 425 5289 6290
f 5155 425 6289
f 425 6290 6289
f 2291 6293 6294
f 2291 6294 6002
f 6032 6295 5498
f 6296 6293 6297
f 6293 2291 6297
f 6297 2291 6298
f 2291 5840 6299
f 2291 1290 5840
f 6299 5840 6300
f 6301 2291 6299
f 5843 5498 6295
f 6298 2291 6301
f 6302 6303 6304
f 6303 6305 6304
f 6303 6302 6306
f 6303 5669 6305
f 6304 5622 6302
f 6307 6308 6309
f 6309 6308 6310
f 6304 6311 5622
f 6311 6304 6309
f 6312 6307 6309
f 6309 6305 6312
f 6305 5669 6312
f 6304 6305 6309
f 6309 6310 6313
f 6309 6313 6311
f 6302 5622 6314
f 5622 5620 6314
f 6314 6315 6302
f 6315 6306 6302
f 6316 5630 5632
f 5630 6316 6314
f 6314 5620 5624
f 6314 5624 5630
f 6314 6316 6315
f 6317 5640 5639
f 6317 5639 5638
f 6318 6317 5638
f 6310 6308 6319
f 6310 6319 6318
f 6313 6310 6318
f 6313 6318 5634
f 6318 5638 5634
f 6311 5635 5622
f 6311 5634 5635
f 5634 6311 6313
f 6320 984 6321
f 6321 984 5526
f 5547 5526 5525
f 5526 5547 6321
f 6321 5550 6320
f 5550 5551 6320
f 5547 5550 6321
f 6320 5553 2293
f 2293 984 6320
f 6320 5551 5553
f 5214 5887 284
f 6322 604 6323
f 6323 604 6324
f 6324 604 5336
f 6325 6326 6327
f 6328 6325 6327
f 6329 2297 6330
f 6330 2297 6331
f 2297 604 6331
f 604 6322 6331
f 2303 6332 2301
f 6332 2303 6333
f 6333 2303 6334
f 2303 6335 6334
f 6335 2303 6336
f 6334 6337 6333
f 6337 6332 6333
f 6335 6336 6338
f 6335 6338 6339
f 6339 6338 6340
f 6334 6335 6339
f 6341 2301 6332
f 6337 6334 6342
f 6339 6342 6334
f 6343 6342 6339
f 6342 6341 6337
f 6341 6332 6337
f 6343 6344 6345
f 6344 6343 6339
f 6339 6340 6344
f 2303 2293 6346
f 6336 2303 6346
f 6347 6336 6346
f 6336 6347 6348
f 6346 2293 6349
f 6336 6348 6338
f 6346 6349 6350
f 6346 6350 6347
f 6351 6352 6340
f 6353 6351 6340
f 6351 6353 6354
f 6352 6344 6340
f 6351 6354 5640
f 6352 6345 6344
f 6340 6338 6353
f 5559 6349 2293
f 6355 6348 6347
f 426 5165 34
f 5165 426 6356
f 426 425 5163
f 426 5163 6356
f 6356 5163 6357
f 6303 6358 5667
f 5667 5669 6303
f 6303 6306 6358
f 6359 6360 6312
f 6360 6307 6312
f 6360 6359 6361
f 6360 6308 6307
f 6312 5669 6359
f 6362 6363 6359
f 6363 6361 6359
f 6363 6362 6364
f 6363 6364 5592
f 6359 5669 6362
f 5676 6365 5592
f 5592 5675 5676
f 5675 5592 6364
f 5674 6362 5669
f 6364 5674 5675
f 5674 6364 6362
f 5676 5678 6365
f 6366 2301 6341
f 6367 6368 6366
f 6341 6367 6366
f 6367 6341 6342
f 6368 6369 6366
f 6368 6370 6369
f 6371 6343 6345
f 6342 6371 6367
f 6371 6342 6343
f 6372 6369 6373
f 6373 6369 6374
f 6369 6370 6374
f 2304 2301 6366
f 2304 6366 6372
f 6373 2304 6372
f 6375 2304 6373
f 6374 6375 6373
f 6366 6369 6372
f 6376 6377 6308
f 6377 6376 6378
f 6377 6378 6379
f 6360 6380 6376
f 6376 6308 6360
f 6360 6361 6380
f 6381 6378 6376
f 6376 6382 6381
f 6382 6376 6383
f 6381 6379 6378
f 6382 6383 6384
f 6384 6385 5467
f 6385 6384 6383
f 6385 6383 6376
f 6386 5469 6385
f 5469 5467 6385
f 5469 6386 6387
f 5469 6387 5470
f 6385 6376 6386
f 5591 6388 6389
f 6390 5591 6389
f 6380 6391 6376
f 6391 6380 6389
f 6380 6361 6390
f 6389 6380 6390
f 6389 6392 6391
f 6388 6392 6389
f 6392 6393 6387
f 6393 5470 6387
f 6393 6392 6388
f 6393 6388 5591
f 6386 6376 6391
f 6386 6391 6392
f 6387 6386 6392
f 6394 6395 2452
f 2452 2478 6394
f 6394 2478 6396
f 6394 6396 6397
f 6398 6395 6399
f 6400 2452 6398
f 2452 6395 6398
f 708 706 6401
f 6402 708 6403
f 6404 708 6405
f 708 6401 6405
f 6403 708 6406
f 708 6404 6406
f 2324 6402 6407
f 2324 708 6402
f 6408 6409 6410
f 2324 6407 6409
f 6411 2324 6408
f 2324 6409 6408
f 6412 5667 6358
f 6315 6358 6306
f 6358 6315 6412
f 6413 6412 6315
f 6316 6414 6413
f 6315 6316 6413
f 6316 5632 6414
f 6415 6416 6417
f 6417 6418 6415
f 6419 6415 6418
f 6420 6421 6419
f 6422 6420 6419
f 6418 6422 6419
f 6420 6252 6421
f 6423 6424 6418
f 6425 6423 6418
f 6424 6422 6418
f 6325 6328 6425
f 6325 6425 6418
f 6426 6326 6325
f 6418 6426 6325
f 6426 6418 6417
f 6427 6428 6429
f 6429 6428 6430
f 6429 6431 6427
f 6432 6427 6431
f 6433 6432 6415
f 6431 6415 6432
f 6416 6415 6431
f 6415 6419 6433
f 6434 6433 6419
f 6419 6421 6434
f 6421 6435 6434
f 6421 6252 6435
f 6436 6430 6428
f 6437 2297 6438
f 6438 2297 6439
f 2297 6329 6439
f 2374 6440 6441
f 6442 6441 6443
f 6444 2374 6441
f 6444 6441 6442
f 6443 6441 6445
f 6444 5406 723
f 723 2374 6444
f 6446 6420 6447
f 6420 6446 6252
f 6448 6449 6450
f 6451 6448 6450
f 6450 6446 6451
f 6447 6451 6446
f 6452 6451 6447
f 6447 6424 6453
f 6454 6453 6424
f 6422 6424 6447
f 6420 6422 6447
f 6424 6423 6454
f 6423 6455 6454
f 6448 6456 6449
f 6457 6458 6249
f 6458 6246 6249
f 6253 6252 6459
f 6252 6446 6459
f 6460 6457 6253
f 6459 6460 6253
f 6249 6253 6457
f 6458 5658 6246
f 6461 6449 6456
f 6449 6461 6459
f 6459 6446 6450
f 6459 6450 6449
f 6459 6461 6460
f 6462 6428 6463
f 6463 6428 6427
f 6258 6255 6462
f 6463 6258 6462
f 6255 6464 6462
f 6255 5744 6464
f 6257 6435 6252
f 6435 6257 6463
f 6463 6256 6258
f 6257 6256 6463
f 6463 6427 6432
f 6463 6432 6433
f 6463 6433 6434
f 6463 6434 6435
f 2299 6465 6466
f 6467 2299 6466
f 6468 6469 6470
f 6469 6471 6470
f 6465 6472 6473
f 6466 6465 6473
f 6473 6472 6474
f 6475 6473 6474
f 6474 6476 6475
f 6454 6469 6468
f 6453 6454 6468
f 6476 6477 6475
f 6475 6477 6451
f 6477 6448 6451
f 6454 6471 6469
f 6471 6454 6455
f 6475 6451 6452
f 6477 6456 6448
f 6467 5340 607
f 607 2299 6467
f 6478 2324 6411
f 6478 6411 6479
f 706 6480 6481
f 6401 706 6481
f 6482 6483 6484
f 6485 5643 5614
f 6485 6482 6484
f 5644 6485 6484
f 6485 5644 5643
f 6483 6456 6486
f 6483 6486 6484
f 6486 5632 6484
f 6484 5632 5644
f 6487 6486 6488
f 6486 6487 5632
f 6489 6490 6488
f 6491 6492 6493
f 6488 6491 6493
f 6488 6486 6489
f 6486 6456 6489
f 6490 6491 6488
f 6488 6493 6487
f 6413 6414 6494
f 6487 6494 6414
f 6494 6487 6493
f 6412 6413 6494
f 6494 6495 6412
f 6495 5667 6412
f 6496 6497 6494
f 6493 6496 6494
f 6496 6493 6492
f 6497 6495 6494
f 6414 5632 6487
f 6498 6464 5780
f 6464 5744 5780
f 6462 6436 6428
f 6436 6462 6498
f 6462 6464 6498
f 6286 2297 6499
f 6499 2297 6500
f 6500 2297 6501
f 6501 2297 6502
f 6502 2297 6437
f 2324 6440 2374
f 6503 6440 6504
f 6440 6503 6505
f 6440 2324 6504
f 2324 6478 6504
f 6485 5614 6506
f 6506 5614 6507
f 6482 6485 6506
f 6460 6461 6482
f 6460 6482 6506
f 6461 6483 6482
f 6506 6457 6460
f 6461 6456 6483
f 6458 6508 5658
f 6508 6458 6506
f 6458 6457 6506
f 6506 6507 6508
f 6507 5618 5600
f 5600 6508 6507
f 6508 5600 5660
f 6507 5614 5618
f 6508 5660 5658
f 990 6465 2299
f 6465 990 6509
f 6465 6509 6472
f 6490 6489 6476
f 6489 6477 6476
f 6491 6490 6474
f 6510 6491 6474
f 6491 6510 6511
f 6476 6474 6490
f 6489 6456 6477
f 6491 6511 6492
f 6474 6472 6510
f 6512 6492 6511
f 6509 6510 6472
f 6510 6509 6513
f 6509 6514 6513
f 6509 990 6514
f 6512 6511 6510
f 6513 6512 6510
f 6515 1415 5872
f 2431 5874 1414
f 5874 2431 5892
f 5219 419 6157
f 6516 5640 6317
f 6377 6319 6308
f 6377 6379 6517
f 6318 6377 6517
f 6377 6318 6319
f 6516 6317 6318
f 6517 6516 6318
f 6382 6518 6519
f 6518 6382 6384
f 6520 6521 6519
f 6522 6520 6519
f 6521 6379 6519
f 6519 6379 6381
f 6519 6518 6522
f 6518 6523 6522
f 6519 6381 6382
f 6524 5640 6516
f 6521 6517 6379
f 6521 6520 6524
f 6516 6521 6524
f 6521 6516 6517
f 6525 6524 6520
f 6520 6522 6525
f 6522 6526 6525
f 6522 6523 6526
f 1415 6527 1405
f 6527 1415 6515
f 6528 1405 6527
f 6528 6529 1411
f 1411 1405 6528
f 5466 6384 5467
f 631 6530 653
f 6530 631 6531
f 6532 602 6533
f 602 653 6533
f 653 6530 6533
f 6531 631 6534
f 6531 6534 6535
f 5326 602 6532
f 5734 2406 6536
f 5812 1126 5732
f 2406 1120 5814
f 2406 5814 6536
f 2404 6537 6538
f 6539 2404 6540
f 2404 6538 6540
f 6539 6153 1731
f 1731 2404 6539
f 5863 6537 2404
f 2404 1407 5863
f 6541 6216 1757
f 1411 6529 6542
f 5865 1411 6543
f 1411 6542 6543
f 5466 6518 6384
f 6518 5466 6544
f 6518 6544 6523
f 6545 6546 6523
f 6523 6547 6545
f 6547 6523 6544
f 6545 5480 6546
f 6547 6544 5466
f 6548 6546 6549
f 6546 5480 6549
f 6546 6548 6550
f 6546 6550 6523
f 6551 6370 6552
f 6551 6552 6548
f 6549 6551 6548
f 6371 6345 6553
f 6553 6345 6554
f 6553 6548 6552
f 6552 6370 6368
f 6553 6552 6368
f 6368 6367 6553
f 6367 6371 6553
f 6550 6555 6523
f 6555 6550 6553
f 6550 6548 6553
f 6553 6554 6555
f 6351 5640 6556
f 6556 5640 6524
f 6555 6526 6523
f 6352 6351 6556
f 6556 6554 6352
f 6554 6345 6352
f 6525 6555 6556
f 6555 6554 6556
f 6555 6525 6526
f 6556 6524 6525
f 5757 5758 6557
f 6558 6557 5758
f 6557 6558 6492
f 6559 5754 5755
f 6559 5755 5757
f 6557 6559 5757
f 5758 5710 6558
f 6497 6496 5711
f 6558 5711 6496
f 5711 6558 5710
f 5713 5667 6495
f 5713 6495 6497
f 5711 5713 6497
f 6496 6492 6558
f 5311 6560 533
f 533 511 5311
f 6514 5786 5754
f 5754 6513 6514
f 6513 5754 6559
f 6514 990 5786
f 6559 6512 6513
f 6512 6559 6557
f 6512 6557 6492
f 5845 1300 6561
f 6014 1301 6562
f 1301 5848 6562
f 1300 1451 6016
f 1300 6016 6561
f 6563 5264 2448
f 6564 533 6560
f 6564 6560 6565
f 6565 6560 6566
f 5420 6480 706
f 6400 6567 1117
f 1117 2452 6400
f 6567 5807 1118
f 1118 1117 6567
f 5807 6567 6568
f 5855 1578 6569
f 1578 6048 6569
f 2461 6570 6571
f 2461 6571 6572
f 2461 5645 6573
f 2461 6573 6570
f 2458 6534 631
f 6534 2458 6574
f 5300 6574 2458
f 2458 2328 5300
f 6574 5300 6575
f 5591 6363 5592
f 6363 5591 6390
f 6363 6390 6361
f 6572 5545 1149
f 1149 2461 6572
f 6576 6396 6577
f 6396 2478 5686
f 6396 5686 6577
f 1421 6578 6579
f 1421 1419 6578
f 1421 6579 6040
f 1380 6578 1419
f 1380 5858 6580
f 1380 6580 6578
f 6581 5474 6582
f 5477 6582 5478
f 6582 5477 6581
f 5477 6583 6581
f 5477 5480 6583
f 6547 5466 6584
f 6584 5466 5471
f 6581 5473 5474
f 5473 6581 6584
f 6545 6547 6584
f 6583 5480 6545
f 6584 6583 6545
f 6581 6583 6584
f 6584 5471 5473
f 6365 6585 5594
f 5594 5592 6365
f 6365 5678 6585
f 6549 5480 5483
f 6375 5482 2304
f 6375 6374 6549
f 5483 6375 6549
f 6375 5483 5482
f 6374 6551 6549
f 6374 6370 6551
f 6564 5330 533
f 5330 6564 6586
f 1743 6587 1746
f 6587 1743 6588
f 6587 6588 6589
f 6161 6588 1743
f 6136 6075 1737
f 1737 1736 6136
f 6075 6136 6590
f 2448 5358 6591
f 2448 619 5358
f 6563 2448 6591
f 6592 6563 6593
f 6563 6591 6593
f 6393 6594 6595
f 6595 5470 6393
f 6393 5591 6594
f 6184 6164 1735
f 1735 1734 6184
f 6052 1577 6071
f 6587 6541 1757
f 1757 1746 6587
f 6596 6597 6598
f 6599 1769 6596
f 1769 6597 6596
f 6600 6598 6597
f 6598 6600 6601
f 1817 6597 1769
f 6597 1817 6226
f 6599 6174 1761
f 1761 1769 6599
f 5390 5391 6602
f 5386 3284 5387
f 5387 3284 5394
f 3284 5395 5394
f 5387 5394 5422
f 5393 5395 3284
f 3284 3283 5393
f 5395 5393 5392
f 6602 5393 3283
f 6602 5391 5380
f 6602 5380 5381
f 5393 6602 5382
f 6602 5381 5382
f 5877 4026 5875
f 5877 5878 4025
f 4025 4026 5877
f 5878 5877 5876
f 5899 5896 5901
f 5896 4023 5902
f 5903 5899 5901
f 5901 5896 5902
f 4022 5902 4023
f 5902 4022 5883
f 4022 5884 5883
f 5881 5878 5879
f 5884 4022 5882
f 4022 4025 5882
f 5882 4025 5880
f 4025 5878 5880
f 5878 5881 5880
f 3032 5247 3033
f 5247 3032 5245
f 5245 3032 5244
f 3032 5258 5257
f 5244 3032 5260
f 3032 5257 5260
f 5259 3032 5256
f 3032 3012 5237
f 5237 3012 5238
f 3032 5237 5236
f 3032 5236 5239
f 3032 5239 5256
f 3012 5243 5242
f 5238 3012 5255
f 3012 5242 5255
f 5259 5258 3032
f 5249 3028 5253
f 5250 3028 5249
f 3028 5254 5253
f 5263 5254 3028
f 3028 3027 5263
f 5254 5263 5252
f 5252 5263 5251
f 3012 5250 5240
f 3012 3028 5250
f 5243 3012 5241
f 3012 5240 5241
f 5263 3027 5301
f 5263 5301 5262
f 5262 5301 5261
f 3062 5247 5246
f 3062 3033 5247
f 5248 5267 5246
f 5267 3062 5246
f 5267 5265 3086
f 3086 3062 5267
f 5265 5267 5266
f 6592 3086 5265
f 6592 5265 6563
f 5265 5264 6563
f 6533 3005 5327
f 6533 5327 5326
f 6533 5326 6532
f 6533 6535 3005
f 6535 6533 6530
f 6535 6530 6531
f 3005 5323 5321
f 3005 3099 5323
f 5327 3005 5325
f 3005 5321 5325
f 3005 6575 3027
f 6575 3005 6535
f 6575 6535 6534
f 6575 6534 6574
f 5333 5332 3102
f 3102 3101 5333
f 5332 5333 5331
f 5318 3099 5319
f 3099 3102 5332
f 5324 3099 5318
f 3099 5332 5319
f 5319 5332 5320
f 6591 5350 3121
f 3121 3086 6591
f 5350 6591 5349
f 5349 6591 5357
f 5357 6591 5358
f 6591 3086 6593
f 6592 6593 3086
f 6603 5641 4901
f 5641 6603 5636
f 5640 6354 5641
f 6354 4901 5641
f 5637 5636 6603
f 3129 5350 5348
f 3129 3121 5350
f 5351 3129 5348
f 5346 3129 5351
f 5346 5351 5344
f 5344 5351 5352
f 5313 6604 5312
f 6604 5313 5315
f 6604 5315 5434
f 3069 5419 3135
f 5419 3069 5421
f 5420 3069 6480
f 3069 3126 6481
f 5421 3069 5420
f 3069 6481 6480
f 5316 5312 6604
f 6604 6605 5316
f 5312 5316 5314
f 6604 5438 6605
f 6604 5436 5435
f 6604 5435 5438
f 5434 5436 6604
f 5436 5434 5433
f 5347 3129 5346
f 3150 5347 5341
f 3150 3129 5347
f 5341 5347 5345
f 5343 3150 5342
f 3150 5341 5342
f 3119 6407 6402
f 3119 3137 6407
f 6403 3119 6402
f 3119 6404 3126
f 6404 3119 6406
f 6406 3119 6403
f 5441 6605 5439
f 5441 5439 5437
f 5441 5440 6605
f 5316 6605 5317
f 6605 5442 5317
f 5442 6605 5440
f 5438 5439 6605
f 3144 6504 3152
f 6504 3144 6503
f 6505 6503 3144
f 3144 3143 6505
f 3138 6409 3137
f 6409 3138 6410
f 6408 6410 3138
f 3138 3152 6408
f 5415 3135 5416
f 5418 3135 5415
f 3135 5419 5416
f 3135 5443 3149
f 5443 3135 5417
f 3135 5418 5417
f 5958 5957 4873
f 4873 4048 5958
f 4263 5958 4048
f 5958 4263 5959
f 5959 4263 5955
f 6007 4263 6011
f 4263 6012 6011
f 4263 6007 6008
f 5955 4263 6009
f 4263 6008 6009
f 4873 5957 5956
f 5963 4873 5960
f 4873 5956 5960
f 6481 3126 6405
f 6481 6405 6401
f 6409 6407 3137
f 3143 6441 6440
f 3143 6440 6505
f 6442 6443 3157
f 5073 6441 3143
f 6441 5073 6445
f 6443 6445 5073
f 5073 3157 6443
f 6404 6405 3126
f 5400 5398 3156
f 3156 3142 5400
f 5398 5399 3157
f 3157 3156 5398
f 3149 5443 5444
f 3149 5444 5447
f 5455 3149 5446
f 3149 5447 5446
f 5452 3149 5454
f 5451 3149 5452
f 5454 3149 5453
f 3149 5455 5453
f 5486 3576 5489
f 3151 5489 3576
f 3151 3149 5451
f 3151 5451 5450
f 3151 5450 5459
f 3151 5459 5460
f 3151 5460 5461
f 5489 3151 5475
f 3151 5461 5475
f 5413 5402 5414
f 3142 3160 5403
f 5400 3142 5396
f 3142 5403 5402
f 5396 3142 5413
f 3142 5402 5413
f 3152 6479 6411
f 3152 6411 6408
f 3152 6504 6478
f 3152 6478 6479
f 5303 6606 5302
f 5199 5200 5303
f 5200 6606 5303
f 3157 5399 5401
f 3157 5401 5406
f 3157 5406 6444
f 3157 6444 6442
f 5403 3160 5405
f 6606 3245 5306
f 5305 6606 5306
f 5309 4952 5308
f 6606 5201 3245
f 5201 6606 5202
f 5310 5308 4952
f 5302 6606 5305
f 5200 5203 6606
f 5202 6606 5203
f 3243 5205 5204
f 3243 3245 5205
f 5432 3243 5204
f 5432 5430 3244
f 3244 3243 5432
f 5430 5432 5425
f 3245 3239 5304
f 5304 3239 5309
f 5306 3245 5304
f 3239 4952 5309
f 3245 5201 5198
f 3245 5198 5205
f 5407 5405 3160
f 3160 3275 5407
f 5405 5407 5404
f 5390 6602 5389
f 3101 5356 5354
f 5334 5333 5354
f 5333 3101 5354
f 5335 5334 5354
f 5354 5356 5353
f 5323 3099 5322
f 3099 5324 5322
f 5407 3275 5409
f 5409 3275 5410
f 5412 5410 3275
f 3275 3338 5412
f 5410 5412 5408
f 3391 5412 3338
f 5412 3391 5411
f 3391 5528 5411
f 5529 5528 3391
f 5519 3391 3390
f 3390 3427 5519
f 5556 6349 5559
f 5529 3391 5530
f 5516 5530 3391
f 3391 5517 5516
f 5530 5516 5518
f 3391 5519 5517
f 3427 5512 5519
f 3427 5510 5509
f 3427 5509 5512
f 3427 5511 5510
f 3427 3449 5511
f 6356 3497 5166
f 6356 5166 5165
f 6356 6357 3499
f 3499 3497 6356
f 5164 5166 3497
f 3497 3500 5164
f 3540 3539 6268
f 6267 3540 6268
f 3542 6280 6281
f 3542 3540 6267
f 3542 6267 6280
f 6270 6269 3539
f 3539 3543 6270
f 6268 3539 6269
f 6271 6270 3543
f 3543 3544 6271
f 6273 6272 3544
f 3544 3545 6273
f 6271 3544 6272
f 6275 6274 3545
f 3545 3546 6275
f 6273 3545 6274
f 6276 6275 3546
f 3546 3547 6276
f 6278 6277 3547
f 3547 3552 6278
f 6276 3547 6277
f 6279 6278 3552
f 3552 3556 6279
f 6266 6279 3556
f 3556 3559 6266
f 3626 6282 6288
f 3626 6281 6282
f 3626 3630 6281
f 6281 3630 3542
f 6288 6284 5027
f 6288 5027 3626
f 6284 6283 3634
f 6284 3634 5027
f 6283 6285 3641
f 3641 3634 6283
f 6266 3559 5424
f 6266 5424 5426
f 3559 3568 5431
f 5424 3559 5431
f 6285 6287 3645
f 6285 4957 3641
f 3645 4957 6285
f 5431 3568 5428
f 5429 5428 3568
f 5429 3568 5427
f 5430 5427 3568
f 3568 3244 5430
f 3645 6286 6499
f 3645 6287 6286
f 6499 6500 3655
f 6499 3655 3645
f 6500 6501 3657
f 3660 3655 6500
f 6500 3657 3660
f 6501 6502 3661
f 6501 3661 3657
f 5778 6607 5779
f 5775 5108 5768
f 5108 5761 5760
f 5779 6607 5773
f 6607 5771 5773
f 5108 5760 5768
f 3669 5762 5761
f 3669 5785 5762
f 3665 3669 5761
f 5108 3665 5761
f 5770 6608 5772
f 6044 6608 5770
f 5736 5733 5730
f 5736 5730 5731
f 6608 6607 5778
f 6608 5778 5772
f 6607 6608 5769
f 5771 6607 5769
f 5776 5108 5775
f 3669 5784 5785
f 3670 6437 6438
f 3670 6502 6437
f 3670 3661 6502
f 6438 6439 3675
f 6438 3675 3670
f 3685 5783 5784
f 3685 5781 5783
f 3674 3685 5784
f 5784 3669 3674
f 3678 6329 6330
f 3678 6439 6329
f 6439 3678 3675
f 5736 5728 5729
f 5736 5729 5735
f 6609 5735 5734
f 6609 5736 5735
f 6609 5734 6536
f 5736 6609 5813
f 5733 5736 5732
f 6045 6608 6044
f 5736 5813 5812
f 5736 5812 5732
f 5651 4892 5648
f 4894 5648 4892
f 5648 4894 5649
f 5649 4894 5686
f 4894 6577 5686
f 6576 6577 4894
f 4894 5075 6576
f 5076 6576 5075
f 6576 5076 6397
f 6576 6397 6396
f 5076 6399 6395
f 6397 5076 6394
f 5076 6395 6394
f 6330 6331 3680
f 3683 3678 6330
f 6330 3680 3683
f 5099 6322 6323
f 5099 6331 6322
f 6331 5099 3680
f 3689 5780 5781
f 3689 6498 5780
f 5781 3685 3689
f 3691 6436 6498
f 3691 6429 6430
f 3691 6430 6436
f 3689 3691 6498
f 3693 6431 6429
f 6429 3691 3693
f 6323 4920 5095
f 6323 6324 4920
f 5095 5099 6323
f 3695 6416 6431
f 3695 6417 6416
f 6431 3693 3695
f 5105 6426 6417
f 5106 5105 6417
f 6417 3695 5106
f 5026 6326 6426
f 5026 6327 6326
f 6426 5105 5026
f 5024 6328 6327
f 5024 6425 6328
f 5026 5024 6327
f 5568 5560 3575
f 5560 5568 5561
f 5561 5568 5567
f 5560 5511 3449
f 3449 3575 5560
f 5511 5560 5536
f 3712 6468 6470
f 3712 6447 6453
f 3712 6453 6468
f 5024 6423 6425
f 5024 6455 6423
f 5024 6471 6455
f 5024 6470 6471
f 6470 5024 3712
f 3741 6452 6447
f 3741 6475 6452
f 3711 3741 6447
f 3712 3711 6447
f 4103 6473 6475
f 4103 6466 6473
f 6466 3708 4104
f 4103 3708 6466
f 4104 5338 5337
f 4104 5337 5340
f 4104 5340 6467
f 4104 6467 6466
f 6475 3741 4103
f 5554 5552 6610
f 5557 6610 5552
f 5558 6350 5556
f 6350 6349 5556
f 6350 5558 4900
f 5558 5554 6610
f 6610 4900 5558
f 6355 6347 4899
f 4899 6350 4900
f 6350 4899 6347
f 6355 4899 6348
f 5487 3576 5486
f 3576 6582 3577
f 6582 3576 5478
f 3576 5479 5478
f 5479 3576 5488
f 5487 5488 3576
f 5472 3578 5474
f 3578 6582 5474
f 3578 3577 6582
f 5817 3654 5816
f 5797 3736 5799
f 3654 3666 5816
f 3735 5799 3736
f 5799 3735 5795
f 3735 3654 5817
f 5795 3735 5800
f 3735 5817 5800
f 3736 5791 3737
f 5791 3736 5790
f 3736 6608 5806
f 5790 3736 5805
f 3736 5806 5805
f 3736 5804 6608
f 5804 3736 5801
f 5818 5819 3667
f 5801 3736 5796
f 3736 5798 5796
f 5816 3666 5819
f 5798 3736 5797
f 3666 3667 5819
f 3737 5788 3738
f 3737 5815 5787
f 3737 5787 5788
f 3737 6536 5814
f 3737 6609 6536
f 3737 5814 5808
f 5815 3737 5811
f 3737 5808 5811
f 3737 5813 6609
f 6608 6045 5803
f 5813 3737 5809
f 5809 3737 5810
f 3737 5792 5810
f 5792 3737 5791
f 5806 6608 5803
f 3739 5788 5789
f 3739 3738 5788
f 6568 3739 5794
f 3739 5789 5793
f 3739 5793 5794
f 6568 5794 5807
f 3765 3753 5826
f 5824 3765 5826
f 5826 3753 5825
f 3753 3757 5825
f 3767 5823 5492
f 5822 3757 5827
f 3767 5492 5494
f 5823 3767 5824
f 3767 3765 5824
f 5825 3757 5822
f 3767 5495 3769
f 5495 3767 5494
f 3770 5830 3757
f 5830 3770 5829
f 3770 6611 5847
f 3770 5847 5838
f 3770 5838 5829
f 3757 5844 6612
f 5849 5847 6611
f 5844 3757 5836
f 3757 5828 5836
f 5844 5836 5842
f 5828 3757 5830
f 3757 5500 5490
f 3757 6612 5500
f 5490 5500 5491
f 5827 3757 5490
f 3770 5837 6611
f 3770 3758 5833
f 5837 3770 5832
f 3770 5833 5832
f 5846 6611 5839
f 3758 5835 5831
f 3758 5831 5833
f 5839 6611 5837
f 5835 3758 5834
f 3758 3759 5834
f 3759 5841 5834
f 3769 5496 3842
f 5496 3769 5495
f 5361 5367 3961
f 3961 3819 5361
f 5367 5368 3964
f 3964 3961 5367
f 5364 5362 3817
f 5369 3964 5368
f 3818 5361 3819
f 5361 3818 5363
f 5362 5363 3818
f 3818 3817 5362
f 5371 3969 5370
f 5366 5365 5049
f 3964 5370 3969
f 5370 3964 5369
f 5049 5364 3817
f 5364 5049 5365
f 5373 5004 5372
f 5377 5366 5049
f 3969 5372 5004
f 5372 3969 5371
f 3992 6243 3997
f 6243 3992 6242
f 6241 6242 3992
f 3992 3994 6241
f 5276 5269 5054
f 5269 5276 5268
f 5378 5050 5270
f 5050 5273 5270
f 5374 5375 5005
f 5269 5274 5058
f 5058 5054 5269
f 5058 5273 5050
f 5273 5058 5274
f 5376 5005 5375
f 3997 6245 6100
f 6101 3997 6100
f 6245 3997 6244
f 6243 6244 3997
f 6101 6102 3998
f 3998 3997 6101
f 5278 5276 5054
f 5277 5279 5052
f 5279 5278 5054
f 5054 5052 5279
f 5280 5281 5053
f 5281 5277 5052
f 5052 5053 5281
f 5282 5283 5056
f 5056 5280 5053
f 5280 5056 5283
f 6031 6613 6036
f 5502 6021 5505
f 6036 6613 6035
f 6022 3842 6023
f 6023 3842 5504
f 5505 6023 5504
f 6023 5505 6021
f 6034 6613 6033
f 6020 6562 6611
f 6020 6015 6014
f 6015 6020 6018
f 6020 6014 6562
f 6034 6035 6613
f 6613 6612 5844
f 6032 5843 6295
f 6611 6562 5848
f 6611 5848 5849
f 6613 5844 5843
f 6033 6613 6032
f 6613 5843 6032
f 6613 5497 6612
f 5497 6613 6031
f 5497 6031 5501
f 5501 6031 5506
f 5193 3850 6024
f 5193 6024 5191
f 6022 6025 3844
f 3844 3842 6022
f 3844 6024 3850
f 6024 3844 6025
f 5171 5284 5029
f 5284 5171 5170
f 5029 5285 5055
f 5285 5029 5284
f 5285 5282 5056
f 5056 5055 5285
f 5169 5172 5028
f 5028 6614 5169
f 5169 6614 5167
f 5172 5171 5029
f 5029 5028 5172
f 5194 3850 5193
f 5181 5178 6614
f 6614 5028 5181
f 5178 5179 6614
f 5167 6614 5179
f 5167 5179 5168
f 6561 6020 6611
f 6020 6561 6016
f 6020 6016 6017
f 6020 6017 6019
f 4882 6294 4879
f 6294 4882 6002
f 4882 6003 6002
f 6294 6296 3996
f 3996 4879 6294
f 6296 6294 6293
f 6006 4882 5997
f 4882 6615 5989
f 5998 5988 6001
f 4882 5989 5997
f 5989 5988 5997
f 5997 5988 5998
f 6003 4882 6004
f 6004 4882 6005
f 6005 4882 6006
f 5989 6615 5983
f 5989 5983 5982
f 5989 5982 5991
f 6611 5846 5845
f 6611 5845 6561
f 6299 4949 6297
f 6299 6297 6298
f 6299 6298 6301
f 6296 6297 4949
f 4949 3996 6296
f 5183 5010 5293
f 5180 5010 5183
f 5010 5298 5293
f 5180 5182 3859
f 3859 5010 5180
f 3859 5181 5028
f 5181 3859 5182
f 5009 5298 5010
f 5298 5009 5299
f 5009 5287 5290
f 5299 5009 5290
f 5153 5151 5192
f 5151 4017 5192
f 4017 5196 5192
f 3860 5196 4017
f 5196 3860 5195
f 3850 5195 3860
f 5195 3850 5194
f 4017 5151 5152
f 5175 4017 5174
f 5174 4017 5197
f 4017 5152 5197
f 5175 5176 3865
f 3865 4017 5175
f 5177 3865 5176
f 5177 5176 5173
f 5185 3868 5184
f 5177 5184 3868
f 3868 3865 5177
f 5286 4891 5289
f 4891 6290 5289
f 5286 5288 3864
f 3864 4891 5286
f 5287 5009 5291
f 3864 5291 5009
f 5291 3864 5288
f 5187 3872 5186
f 5045 5186 3872
f 5186 5045 5190
f 3868 5190 5045
f 5190 3868 5185
f 5294 3870 5189
f 3870 5188 5189
f 5187 5188 3870
f 3870 3872 5187
f 5296 3873 5295
f 5294 5295 3873
f 3873 3870 5294
f 5296 5297 5057
f 5057 3873 5296
f 6292 5057 5292
f 5057 5297 5292
f 5873 4012 5871
f 4012 4019 5871
f 5871 4019 5872
f 6515 5872 6528
f 5872 4019 6528
f 6527 6515 6528
f 6528 4019 6529
f 4019 6542 6529
f 5873 5891 4012
f 5891 5873 5874
f 5891 5874 5892
f 5891 5895 4014
f 4014 4012 5891
f 5895 5891 5888
f 5888 5891 5889
f 5889 5891 5890
f 5889 5890 5893
f 5859 5862 5860
f 6543 5862 5861
f 5862 5859 5861
f 6543 5861 5865
f 5864 6542 4019
f 5864 5862 6543
f 6542 5864 6543
f 5158 3875 5157
f 5057 5157 3875
f 5157 5057 5159
f 5159 5057 5154
f 5057 6292 5154
f 5162 4362 5161
f 4362 5160 5161
f 5158 5160 4362
f 4362 3875 5158
f 6289 3499 5155
f 5155 3499 5156
f 3499 6357 5156
f 5156 6357 5163
f 4362 5164 3500
f 5164 4362 5162
f 5214 5215 5867
f 5215 4020 5867
f 5869 5214 5867
f 5214 5869 5887
f 4023 5867 4020
f 5867 4023 5866
f 5868 5866 5870
f 5866 4023 5886
f 5870 5866 5886
f 4020 5216 4021
f 5216 4020 5218
f 5215 5218 4020
f 4021 5206 4024
f 5209 5206 5213
f 5206 4021 5213
f 4021 5217 5213
f 5217 4021 5216
f 4024 5208 4026
f 5208 4024 5207
f 5206 5207 4024
f 5211 4026 5210
f 5211 5875 4026
f 5875 5211 5212
f 5208 5210 4026
f 6262 6616 6264
f 6264 6616 6259
f 6264 6259 6260
f 6265 6616 6263
f 6265 6259 6616
f 6259 6265 6261
f 6262 6263 6616
f 5853 5852 4027
f 4027 4029 5853
f 5850 4029 5854
f 5854 4030 5856
f 5853 4029 5850
f 4029 4030 5854
f 5856 4030 5857
f 4244 6053 6052
f 6068 4244 6069
f 6069 4244 6070
f 6070 4244 6071
f 4244 6052 6071
f 4243 6053 4244
f 4243 6569 6048
f 4243 6048 6049
f 4243 6049 6050
f 6053 4243 6051
f 4243 6050 6051
f 4027 6569 4243
f 4027 5852 5851
f 6569 4027 5855
f 4027 5851 5855
f 6580 5857 4030
f 5857 6580 5858
f 4112 5864 4019
f 5863 6538 6537
f 5864 4112 5863
f 4112 6538 5863
f 6538 4112 6540
f 4112 6154 6539
f 4112 4117 6154
f 6539 6154 6153
f 6540 4112 6539
f 6154 4117 6155
f 6155 4117 6149
f 6155 6149 6148
f 6150 6149 4117
f 4117 4144 6150
f 6132 6129 6134
f 6130 4262 6129
f 6129 4262 6134
f 6134 4262 6136
f 4262 6590 6136
f 6073 4261 6072
f 4261 6079 6078
f 6072 4261 6082
f 4261 6078 6082
f 6083 6084 6082
f 6072 6082 6084
f 4261 6590 4262
f 6075 6073 6074
f 6590 4261 6075
f 4261 6073 6075
f 6151 6150 4144
f 4144 4191 6151
f 4205 6151 4191
f 6151 4205 6152
f 6145 6152 4205
f 6152 6145 6144
f 6125 4268 6127
f 4268 6128 6127
f 4245 6089 6088
f 6087 4245 6088
f 4245 6128 4268
f 6128 4245 6086
f 4245 6087 6086
f 6126 4268 6125
f 4245 6068 6067
f 4245 4244 6068
f 6089 4245 6067
f 5220 5221 4279
f 6141 4280 6140
f 4279 6140 4280
f 4279 5221 5219
f 4279 6139 6140
f 4279 6156 6139
f 4279 5219 6157
f 4279 6157 6156
f 5227 4289 5230
f 4289 6122 5230
f 6126 6124 4269
f 4269 4268 6126
f 6124 6126 6123
f 4269 6122 4289
f 6122 4269 6124
f 5231 4290 5228
f 5227 5228 4290
f 4290 4289 5227
f 5223 4287 5222
f 5224 5222 4287
f 4287 4285 5224
f 5224 4285 5226
f 4284 5233 5232
f 4284 5232 5234
f 4284 5231 5229
f 4284 4290 5231
f 4284 5229 5233
f 4287 5220 4279
f 5220 4287 5223
f 6183 4387 6162
f 6183 6162 6163
f 6182 6164 6184
f 6183 6163 6164
f 6183 6164 6182
f 6162 4387 6589
f 6161 6162 6588
f 6162 6589 6588
f 6043 4262 6042
f 6042 4262 6046
f 6046 4262 6047
f 6047 4262 6054
f 6054 4262 6055
f 6055 4262 6065
f 6065 4262 6066
f 6135 6131 6133
f 4262 6130 6131
f 6066 4262 6135
f 4262 6131 6135
f 6189 6187 6188
f 6191 4392 6189
f 4392 6187 6189
f 6169 6170 6190
f 6186 6169 6190
f 6170 4392 6190
f 4392 6191 6190
f 4284 5235 4285
f 5235 4284 5234
f 4285 5235 5225
f 4285 5225 5226
f 6141 6142 4281
f 4281 4280 6141
f 4323 4281 6143
f 6143 4281 6142
f 6147 4323 6143
f 6147 6146 4326
f 4326 4323 6147
f 4326 6145 4205
f 6145 4326 6146
f 4315 6058 4320
f 6058 4315 6057
f 4315 4321 6099
f 4315 6099 6057
f 6093 4320 6094
f 6028 4970 6097
f 6028 6097 6026
f 4320 6617 6094
f 4320 6061 6617
f 6061 4320 6056
f 4320 6059 6056
f 2940 6097 4970
f 6097 2940 6092
f 2940 4320 6092
f 4320 6093 6092
f 6058 6059 4320
f 6099 4321 6098
f 4321 6103 6098
f 6094 6617 6095
f 6030 4970 6028
f 6617 6618 6095
f 6617 6062 6618
f 6062 6617 6063
f 6063 6617 6064
f 6064 6617 6061
f 6091 6096 6618
f 6060 6091 6062
f 6091 6618 6062
f 6029 4970 6030
f 6096 6095 6618
f 4296 6198 4333
f 6198 4296 6196
f 4296 4332 6201
f 4296 6201 6196
f 6194 4333 6198
f 6194 6198 6192
f 6192 6198 6197
f 6194 6192 6193
f 6201 4332 6202
f 6202 4332 6203
f 4332 6208 6200
f 4332 4297 6208
f 6200 6205 6199
f 6200 6208 6205
f 6204 4332 6200
f 6205 6208 6206
f 6204 6203 4332
f 6110 6116 6104
f 6116 6619 6104
f 6104 6619 6106
f 6173 4341 6172
f 6172 6194 6171
f 6175 4341 6173
f 4341 4333 6172
f 4333 6194 6172
f 6176 4341 6175
f 6619 6117 6620
f 6117 6619 6116
f 6109 6106 6619
f 6619 6620 6109
f 6620 6118 6621
f 6118 6620 6121
f 6107 6108 6620
f 6620 6621 6107
f 6117 6121 6620
f 6108 6109 6620
f 6621 6115 6111
f 6621 6119 6115
f 6621 6111 6209
f 6119 6621 6120
f 6621 6209 6113
f 6621 6113 6114
f 6120 6621 6118
f 6114 6107 6621
f 6107 6114 6105
f 6176 6177 4352
f 4352 4341 6176
f 6115 6119 6112
f 6177 6596 4367
f 4367 4352 6177
f 6596 6177 6174
f 6596 6174 6599
f 6598 4367 6596
f 6600 6225 4371
f 4371 4367 6600
f 6225 6600 6226
f 6226 6600 6597
f 6600 4367 6601
f 6601 4367 6598
f 6225 6223 4382
f 4382 4371 6225
f 6224 4382 6223
f 6217 6589 4387
f 4387 4386 6217
f 6589 6217 6216
f 6589 6216 6541
f 6589 6541 6587
f 4387 6181 4391
f 6181 4387 6180
f 4387 6183 6180
f 4392 6181 6179
f 4392 4391 6181
f 6185 6178 6195
f 4392 6179 6178
f 6187 4392 6185
f 4392 6178 6185
f 4392 6166 4393
f 6166 4392 6170
f 6166 6170 6168
f 6214 4386 6212
f 4386 6213 6212
f 6217 4386 6214
f 6217 6214 6218
f 6214 6215 6218
f 4416 4382 6231
f 6231 4382 6232
f 6237 4416 6231
f 6219 4382 6220
f 6232 4382 6233
f 4382 6219 6233
f 4382 6227 6220
f 6220 6227 6221
f 6221 6227 6222
f 6224 6227 4382
f 6229 4425 6228
f 6228 4425 6235
f 6230 4425 6229
f 4425 4416 6235
f 6235 4416 6234
f 6234 4416 6236
f 4416 6238 6236
f 6238 4416 6237
f 6211 4386 6210
f 4386 4425 6230
f 6213 4386 6211
f 4386 6230 6210
f 6010 4263 6013
f 4263 4262 6043
f 6012 4263 6010
f 6013 4263 6041
f 4263 6043 6041
f 3282 5457 3283
f 5457 3282 5456
f 5456 3282 5458
f 5458 3282 5462
f 3282 5463 5462
f 5679 5673 3282
f 3282 4876 5679
f 3282 5673 5671
f 5715 3282 5671
f 5715 5671 5681
f 5463 3282 5709
f 5709 3282 5715
f 6158 4168 6167
f 6159 6158 6165
f 6158 6167 6165
f 6160 6159 6165
f 4397 6158 6137
f 4397 4168 6158
f 6138 4397 6137
f 6166 6167 4168
f 4168 4393 6166
f 4266 6079 4261
f 6079 4266 6077
f 6077 4266 6076
f 4266 6080 6076
f 4397 6080 4266
f 6080 4397 6081
f 6081 4397 6085
f 6085 4397 6090
f 4397 6138 6090
f 4872 3286 5359
f 5359 3286 5379
f 5360 4872 5359
f 5379 3286 5383
f 3286 5385 5383
f 5360 5356 3101
f 3101 4872 5360
f 5356 5360 5355
f 3284 5385 3286
f 5385 3284 5384
f 3284 5386 5384
f 3283 5389 6602
f 5389 3283 5388
f 5388 3283 5423
f 5423 3283 5445
f 5445 3283 5448
f 5448 3283 5449
f 3283 5457 5449
f 6291 6290 4891
f 6289 6291 4891
f 4891 3499 6289
f 3574 5646 4906
f 5646 3574 5647
f 5647 3574 5650
f 3574 4892 5650
f 5650 4892 5651
f 5606 4906 5646
f 5606 5646 5607
f 4873 5962 4898
f 5962 4873 5963
f 6570 6573 6603
f 6603 4901 6570
f 6571 6570 4901
f 4901 4900 6571
f 6354 6353 4901
f 4901 6348 4899
f 6348 4901 6338
f 6338 4901 6353
f 5896 5898 4023
f 5919 5923 5918
f 5916 5919 5918
f 5921 5923 5920
f 5898 5886 4023
f 5917 5923 5921
f 5930 5926 5922
f 5920 5923 5922
f 5922 5926 5925
f 5920 5922 5931
f 5922 5925 5931
f 5918 5923 5917
f 5886 5898 5885
f 5885 5898 5897
f 5885 5897 5900
f 5339 5338 4104
f 4104 4920 5339
f 5913 4898 5961
f 5912 4898 5913
f 4898 5962 5961
f 6579 4030 6040
f 5909 4898 5910
f 4898 5909 5911
f 4898 5911 6039
f 4030 4898 6040
f 4898 6039 6040
f 4898 5912 5910
f 3842 5507 5503
f 3842 5503 5504
f 5499 6612 5497
f 5499 5500 6612
f 3842 5496 5493
f 3842 5493 5508
f 3842 5508 5507
f 5576 3575 5590
f 5590 3575 5596
f 3575 5606 5596
f 3575 4906 5606
f 5575 3575 5576
f 5904 5894 5905
f 5907 4014 5895
f 5907 5895 5894
f 5907 5894 5904
f 5907 5904 5908
f 5953 4016 5952
f 5952 5941 5954
f 5996 6615 5995
f 4016 4014 5941
f 5941 4014 5942
f 4016 5941 5952
f 4014 5944 5942
f 5943 4014 5945
f 5944 4014 5943
f 5986 6615 5996
f 5986 5996 5985
f 5932 4014 5933
f 5938 5945 5935
f 4014 5932 5936
f 5945 4014 5935
f 4014 5936 5935
f 5914 5906 5915
f 4014 5907 5906
f 5933 5914 5934
f 4014 5906 5914
f 4014 5914 5933
f 6565 6566 4955
f 4952 6566 6560
f 4952 4955 6566
f 5307 5310 6560
f 5310 4952 6560
f 5311 5307 6560
f 6300 5841 3759
f 3759 3760 6300
f 5841 6300 5840
f 6299 6300 3760
f 3760 4949 6299
f 3585 5679 4876
f 5679 3585 5677
f 3585 3578 6585
f 5678 3585 6585
f 5677 3585 5678
f 5595 6594 5591
f 3578 6594 5595
f 3578 5595 5593
f 5594 3578 5593
f 6585 3578 5594
f 6573 5637 6603
f 5637 6573 5617
f 5617 6573 5645
f 5574 5573 5575
f 5573 3575 5575
f 5373 5374 5005
f 5005 5004 5373
f 5050 5377 5049
f 5377 5050 5378
f 5967 5948 5968
f 5969 5949 5948
f 5969 5948 5967
f 5968 5948 5970
f 5975 5977 6615
f 5977 5975 5971
f 5979 5973 5981
f 5977 5971 5973
f 5977 5973 5979
f 6615 5986 5980
f 6615 5980 5974
f 5929 5928 5940
f 5927 5929 5940
f 5975 6615 5974
f 5924 5929 5927
f 5945 5938 5939
f 5969 5950 5946
f 5949 5969 5946
f 5980 5986 5987
f 4016 5966 4918
f 5966 4016 5951
f 5994 5995 6615
f 5966 5951 5964
f 5951 4016 5953
f 5992 6615 5999
f 4882 4918 5966
f 6615 4882 5999
f 5999 4882 5965
f 5992 5999 6000
f 5994 6615 5993
f 6615 5992 5993
f 4882 5966 5965
f 5977 5983 6615
f 5983 5977 5976
f 5926 5929 5924
f 5929 5926 5930
f 4900 6610 5545
f 6571 4900 6572
f 4900 5545 6572
f 5545 6610 5546
f 5539 5546 5557
f 5546 6610 5557
f 6595 5468 5470
f 3578 5468 6595
f 6594 3578 6595
f 3578 5472 5468
f 6580 4030 6579
f 6580 6579 6578
f 6240 6241 3994
f 5006 5376 5271
f 5006 5005 5376
f 5272 6239 5271
f 6239 5006 5271
f 6239 5272 5275
f 6239 6240 3994
f 3994 5006 6239
f 5568 3575 5573
f 5568 5573 5569
f 5569 5573 5572
f 3027 6575 5300
f 5301 3027 5300
f 6565 4955 6564
f 4955 6586 6564
f 5343 6586 4955
f 4955 3150 5343
f 5330 6586 5329
f 6586 5343 5329
f 5343 5328 5329
f 3734 6568 6400
f 3734 3739 6568
f 6400 6568 6567
f 6398 3734 6400
f 3734 6399 5076
f 6399 3734 6398
f 5818 3667 5820
f 5774 5769 5802
f 5769 6608 5802
f 6608 5804 5802
f 3667 5108 5776
f 3667 5776 5777
f 5820 3667 5821
f 3667 5777 5821
f 4920 6324 5336
f 4920 5336 5339
f 5107 6038 6037
f 6207 5107 6037
f 5107 6208 4297
f 6208 5107 6207
f 6029 6038 5107
f 5107 4970 6029
f 6038 6029 6027
f 6102 6103 4321
f 4321 3998 6102
