v 22.510655762459457 100.04603640162956 34.697904898565632
v 23.570935354280451 101.88024504898559 31.032857168166032
v 24.770162897134835 103.95482381690586 34.609873565066387
v 21.906445190142342 102.42095743918064 35.711662109435153
v 18.774341800002528 102.20584381979839 34.697904898565632
v 24.021862312622773 102.66031677034817 36.443431176441308
v 33.515913844685628 119.08435393270194 47.409580331188288
v 34.576193436506621 120.91856258005795 43.744532600788688
v 32.591181840145808 121.09872047633549 45.193252856172165
v 30.642695572358804 120.74524169559994 47.409580331188288
v 17.270553718669518 108.22776299433018 34.876578121753518
v 16.098307429366596 106.19985988532322 31.032857168166032
v 15.0380278375456 104.3656512379672 34.697904898565632
v 17.728874079276618 104.03659097666836 32.861112909017791
v 18.379685027521862 104.51533713203442 35.73954101451951
v 16.568128860096465 107.01261770656721 36.465255326194693
v 29.012364546657807 122.79336644506463 45.753572377096461
v 27.103565511592763 125.2381774163956 43.744532600788688
v 26.043285919771769 123.40396876903958 47.409580331188288
v 24.834290328792271 121.31249196924442 46.013124251996146
v 27.006238601851031 120.74846353607678 46.359184301480425
v 28.34299074606529 122.07460523231977 47.409580331188288
v 16.24994285695098 95.952206869195095 25.948187281482301
v 16.961601798308358 96.924200024133654 23.876304249421828
v 19.168832369313591 94.264918465446925 25.948187281482301
v 19.900436876604171 95.530542480158289 23.419264288264717
v 36.811437819100206 124.78537715154816 43.404937944735508
v 36.650487885479194 124.50694515840566 46.140456221118406
v 32.508971531935252 124.51162431209099 44.944678417639224
v 30.854919932955283 123.06967573563446 43.744532600788688
v 39.987112851003616 130.27907018274743 49.994440678841599
v 41.072567803955302 132.15683042294975 46.242369769946635
v 38.414209863287539 132.40407655719147 48.173567976672331
v 39.515363884485907 129.4629778610213 47.435708938997529
v 37.753620368762867 131.57015912228499 49.994440678841599
v 36.314151164299098 129.29996892991068 48.441870911374167
v 38.140554535318202 127.10854751757725 47.87352200107189
v 13.601411111126311 103.36616880142439 28.892369655799943
v 17.080441891398493 102.48792242094476 29.459308583448845
v 30.675063816677387 125.82037248518438 45.069113984670317
v 29.581987075150998 127.58920284083325 45.638120755142836
v 26.628776635092894 128.98728647750434 45.4834565582388
v 25.060724758580726 127.10721180129276 44.08892557028696
v 14.552706961232566 137.36164150310162 46.180938383147691
v 10.621675738076593 136.6581614888083 44.691647736014097
v 13.810171184276481 134.64760201321704 44.607859215775733
v 10.409319360757998 139.7567612295951 46.180938383147691
v 15.372280401067604 138.77944554468175 43.347934901109227
v 12.277030426754056 139.91146661313374 44.332246395655467
v 18.129567538221874 135.86928611971067 46.468842170777712
v 16.399016322465769 140.55562601642424 48.313526748895654
v 17.854284096656212 143.07313626205132 49.994440678841599
v 17.275790336479822 142.07238300268256 44.942797826361954
v 19.202144663147628 145.40483964063159 45.335317417183568
v 18.920243159222146 139.78375113031632 48.656612531969756
v 20.758084486792342 141.39457025113359 49.994440678841599
v 22.29785708813959 142.58915994742358 46.872226535359893
v -7.8144900977076617 109.86285285123682 25.948187281482301
v -6.4680953687963374 111.44667005095758 27.130329064036012
v -10.29409019452714 111.29620634802947 25.948187281482301
v -8.5785901787693746 114.26389995235333 27.924368102035753
v -7.2009230832310784 110.84572413633225 23.944936089469937
v -9.6201599112814336 112.46205803731962 23.618625650653286
v -9.0993750450254041 113.36297899483647 25.771496876344521
v 7.2226131517392353 141.59886330638028 46.180938383147691
v 7.967825626228155 142.88802814117409 43.604976995830711
v 6.7021860963962521 140.69856133641719 42.85795597614154
v 10.036468214619489 141.71954856585185 43.564064970950099
v 5.417065437798378 138.47539355776769 44.095431951017986
v 7.8886567240897776 139.17691116430294 45.161531971475526
v 26.802849777625326 107.47122824675952 -0.44017140427802914
v 25.608362922780437 110.88777168265361 0.924111914004623
v 27.87699074313344 109.32941608948747 0.80052020153491199
v 24.680843754731004 108.69787150953081 -0.44017140427802914
v 27.05034146580261 107.89937134986677 3.4438617257726136
v 26.241489750861795 106.50011513347091 1.5002708223738992
v 24.050552333003637 107.46863075324303 1.9465474640785416
v 31.204952762592185 115.08655483029818 4.6444984824056981
v 32.26523211555601 116.9207630644482 0.97945157765901669
v 32.77505132822408 117.80271421740586 4.3833283143004529
v 30.298483302910689 116.8341028288222 2.8119750300323538
v 32.291593137696509 116.96636576692048 6.1900896069577342
v 41.723879165278738 133.28355297827963 14.987826548915258
v 43.270490197782181 135.95908059552056 13.691127010281674
v 42.197530156666787 134.1029356684063 17.368794125939324
v 41.156803611180024 135.96865608814156 15.506730723874918
v 40.579475922434099 131.30381636891718 17.612720329826427
v 41.969379445569579 133.70825108669499 20.966980097097228
v 43.44348782213924 136.25835424090198 18.77326436184574
v 39.336992572491539 135.78576012426856 17.356173915028357
v 44.12235634241155 144.13729280414358 22.896482928517212
v 47.66154871490933 143.55530103142297 23.466368308046
v 47.063994556307222 142.52157463187103 22.933388648583765
v 46.937705748978956 142.34085065636273 25.911928744352778
v 43.38016966435621 141.54862150362112 21.409924213806828
v 45.870379677883676 140.4567053761522 21.561871728623437
v 46.068924823511324 140.80017442508046 24.560695141880686
v 45.336696746906242 139.53347167959117 22.970325284148824
v 36.398592182440183 138.59138135737106 15.698134943060493
v 35.797862272868329 140.27869543185821 13.691127010281674
v 34.737582919904497 138.44448719770818 17.356173915028357
v 34.114814431345749 137.36714179199925 14.259794841855994
v 38.220379849759382 138.8506838190288 18.567014315748366
v 37.037287746198018 137.11512366098839 17.356173915028357
v 36.56756230697637 140.54815705818518 18.938379570560777
v 33.809223878906465 142.03654411862237 18.885284074931249
v 33.337555909765193 136.02253956395327 15.73906609103846
v 32.144062515167995 138.30526685121083 16.536207535158269
v 39.26123352982286 146.27008256928298 22.580422142624215
v 38.623395801490631 144.98853886853075 21.755353801722574
v 38.343611780365151 147.13995284548355 22.751109683039441
v 40.367326067794146 145.08944070203557 22.310361222116359
v 39.175062555880004 147.08187142016897 22.962576734311625
v 39.692615456404965 146.84513119090192 22.960601486645945
v 39.915271450208408 146.34745772550593 22.79830956535158
v 40.64475435338214 147.61141747829299 23.466368308046
v 40.188920789995478 147.87491586776062 23.466368308046
v 40.148502334401499 147.80499480039768 23.606081993081265
v 40.028857376649654 147.5503314618997 23.312917878451408
v 39.832225083353478 147.5087212393895 24.323632008592771
v 40.446325250563262 147.28764056349209 24.123081991856157
v 39.215219421573629 147.86915256727104 24.317991562323286
v 39.544905004625107 148.15390926624218 23.606081993081265
v 39.711919923573987 147.69071541382164 23.422588704892245
v 39.930877083631373 147.47672587219733 23.378838753679013
v 27.839920766219681 154.92007293494873 23.606081993081265
v 26.49555606136726 152.52590216423485 22.018978189994996
v 25.48830150496795 156.27944604336392 23.606081993081265
v 26.68891923026262 154.21666438310857 25.656070167997601
v 23.825527714820304 153.40296507738805 24.399809883535674
v 24.140440699619361 153.94774225157767 28.265206080392211
v -2.6600727862154052 124.50251612934208 -0.44017140427802914
v -3.7197152375362208 122.66940968995462 3.2226739350144165
v -2.4110210912224161 124.93335793382334 2.6156858424246252
v -0.63987957740408419 121.92722076444416 1.6678546695726979
v -1.2048050120249592 127.02002637496916 1.2407425256679154
v -0.42658016058369341 123.21142710691619 -0.44017140427802914
v 13.288620761927113 152.09262712053135 20.382971064721673
v 14.182700157376679 153.63932119179975 22.122141741042832
v 14.856630560050974 154.80517308769288 19.792579697387353
v 15.529566433242028 152.17298660799025 18.669953381924103
v 12.919017844782665 151.45324023433272 17.554530960448407
v 40.081535454014869 146.88943715893436 23.075303349720961
v 39.827471357385235 147.24963393270329 23.159467448856816
v 39.713251832861346 147.14845694399691 23.15159551427676
v 40.408748972095054 147.22848543474532 23.282103218434543
v 44.788330442582513 145.216188794321 23.466368308046
v 45.268578917046355 143.60273335850124 25.467065906022171
v 33.560440183409426 119.16138134712385 2.4754877862834377
v 31.155602746641698 120.51406037820561 2.4567419240195534
v 29.392013843229194 118.58165082734621 0.97945157765901669
v 41.792353960658815 133.40200952764729 11.983798753995147
v 39.591714396787047 135.02748183261377 12.160648330578837
v 40.397271925455357 137.61996835841859 13.691127010281674
v 38.097567099161843 138.94933189513839 13.691127010281674
v 37.353089498318987 136.56466535297281 12.282323966158902
v 34.357320863116755 137.78666075437962 12.027222837276542
v 38.881044172874688 128.36564965702613 20.351621465638772
v 40.001913108464358 130.30467358059363 20.817139508677279
v 38.397608491216076 127.52934014529087 22.437454784571568
v 39.634404940578662 129.6689104623465 23.452373310249946
v 37.701383145079959 126.32491957524287 20.320526356262675
v 38.527082201601516 127.75332050012008 24.944043991360218
v 16.770821663398365 118.68570170039779 2.2700059906110361
v 18.770251329281866 120.03773995953584 3.5250714290039511
v 19.644109108422487 117.17397048084027 2.3446728392128335
v 20.251704014112846 113.88735912904431 0.87563044756635833
v 17.3743744394876 115.64010852465765 0.92041411294743725
v 22.014481885252732 116.23340005528075 2.5596919959174222
v 12.679949284475548 142.97979127384562 39.387975632324128
v 13.060742508377647 141.11366595310412 41.853202098351019
v 14.792901442565221 142.31357720493867 38.556457483227184
v 11.109509164124283 142.51750307702213 41.439970150859338
v 12.121005125639327 144.91223067730422 36.977666274328335
v 10.789816138209023 143.80966173945814 39.781477313275325
v 7.6911154645472397 111.5802622629609 9.9518870515983444
v 6.724366578891054 113.492437733258 7.924988006868972
v 9.2412686418010956 112.17726820672046 7.7156889470634624
v 8.8503901857531897 113.95197127158723 5.3961172791902392
v 10.886253481503813 110.22082646243447 9.2216962832289102
v 11.888282676747945 112.19382937400627 5.399206787066877
v 4.7836865136103981 113.46130971341259 9.6517714049915639
v 5.2934314255761894 115.44585613730662 6.2381931150539387
v 31.005324504750558 150.19054587020835 27.949030587542197
v 30.672390920095182 148.99546135391012 30.027153071171139
v 33.099289859979834 149.08986360615665 27.784654875089672
v 33.894189646689256 146.89660424844391 30.3813142181356
v 35.848564170082931 147.45327609234334 27.855566018048357
v 27.347048282525936 114.23874230504245 3.1041304250559207
v 24.009770220962981 113.99484931944761 2.016614316860494
v 28.951131708641547 111.18760393221541 2.0412118073478531
v 30.076087568958407 113.13369794628879 3.3405973979020409
v 24.662841079974346 116.99678615861784 3.7078927582382626
v 1.0378803380594306 124.83625657677229 36.002717813338556
v 4.5751348078368714 125.50693735554745 37.361676161442922
v 2.1547639388135096 126.9193515752993 37.368331610497954
v 3.8731840829664534 128.4862247961365 38.64961866742739
v -0.36820283100554718 128.4672889335055 37.413130457111514
v 35.165721234571073 127.81316147566189 7.2697545890667215
v 34.092778163315749 125.51639294902718 5.8099175752707453
v 32.353571019918199 128.67509573927526 6.8875772465068046
v 36.535623705394791 124.30824178520798 5.9119893598054887
v 33.671769255061136 131.28980589368248 8.5774822949096894
v 36.713851024387012 130.34924330063689 8.9868273527323126
v 37.941326890905323 126.74000527232397 7.5356517112637427
v 16.063571302918739 122.34785143762849 3.8981603916905314
v 5.2156615896595948 105.06770055967519 21.848920390219284
v 8.7791451860731975 103.73040265543423 20.766674813021126
v 7.94812834583729 102.80878058980946 22.866452176591892
v 8.2544793684439153 105.42936567266619 18.676366984873873
v 2.2493936238703505 105.44073770843855 23.858297120367425
v 1.8502630105557749 106.9002217195408 22.017974438212775
v 4.9621394193329831 107.14423489504668 18.958377493515904
v 4.4373710873932186 102.7805624067382 25.948187281482301
v 32.768008427077319 128.33250200572965 46.931811730856808
v 31.102934250577885 130.04668224334921 47.3079923833821
v 29.115233772504524 129.45122674394722 46.43495931177079
v 38.402659058502266 132.78536783687827 10.69457302042745
v 34.914550795181199 136.14553558302666 11.367109618094604
v 35.709014493204222 133.69298571551761 10.369541564812565
v 34.316513063514606 126.34055323804986 46.382896153516029
v 37.885651758953713 126.64369123472852 45.807987254750913
v 40.881350269083875 142.98954648448355 21.408153391475995
v 39.672334331814099 140.80486727075501 19.965047375114068
v 42.092967551564044 144.19272056316103 22.360808209075195
v 38.913111285382271 142.79371321695663 20.740745248685869
v 22.902065041135668 129.03312269133065 44.428277102911053
v 23.589932988491242 131.55419391390558 45.888968307309788
v 25.925285857324006 132.26009171172171 46.917847358502051
v 20.718647307158925 131.25862100192785 44.910397695110092
v 22.681762950519918 134.74782357156118 47.224522258424784
v 17.64934483315696 142.71860584178029 41.49091149342803
v 18.512963995595801 144.21260586591271 42.970910620217467
v -3.1663979674782503 123.62660940340822 5.8822862012232413
v -4.8309829309759493 120.74699523573146 7.0639712391648146
v -0.30170541529992434 120.2076133549272 3.9505386567680105
v -2.1237415885333526 120.22955101354194 5.4951282991845822
v 37.556121810452829 134.01599130048919 46.502296211608481
v 38.964094879986618 128.50932150200816 44.733581210951755
v 38.88349526848102 135.00124188682884 43.877496580406557
v 40.313976281539269 130.84452078220986 43.841398709678955
v 42.23760115348523 134.17225565668065 42.215221773821291
v 35.520127886522033 132.86124806182258 49.994440678841599
v 30.221671995169174 153.5432817915366 23.606081993081265
v 29.470565195233789 151.0760698016268 22.154050486407762
v 32.149315522422704 137.40150155988843 46.112802257879565
v 31.709584300959534 136.27522231159799 48.180335973315465
v 34.909195281548669 135.12873678512716 47.127336376423131
v 28.745023548561115 137.98891135619633 48.180335973315465
v 35.108112999464431 137.12243087458052 43.96915929973364
v 30.176512450434728 138.72421338993419 45.839746130205512
v 31.961756819046997 139.04854299061782 43.808403757138649
v 28.033835908710394 151.65199884390537 28.332803217963537
v 28.293886389997915 149.7725511575976 30.922516851581598
v 28.444507225064132 148.07100995501651 33.340519160356379
v 31.830262267417702 146.79844154211816 32.315198258433462
v 38.899211559683167 128.39707795031879 8.6420609313304926
v 38.118644580457513 127.04675232471911 10.020151642869696
v 39.965173608583051 130.24111684621749 9.8733054408066288
v 38.212300053138215 127.20876966353077 13.031943858267518
v 36.735965504688721 124.65481538953993 9.807909538481006
v -2.445614998291088 114.94602556227233 13.686946578443385
v -0.38739125865263802 114.94576450006682 11.905410117686719
v -0.67580953197077065 113.6004384687506 14.170010236930986
v 2.2868774606792392 113.44723504468236 11.834488086914616
v 1.360516285429167 112.41071376928765 14.18889566585977
v -0.055650778750916174 111.54904582958909 16.7054791045054
v -2.9999360048751846 113.02688460657646 17.041159079012548
v 37.660115372507462 144.84506035376194 30.193530912316643
v 40.286210116751278 144.24598288393042 28.817203817973279
v 39.859164139482928 145.74460254554199 26.94243554611397
v 41.253033986678929 142.2666977901751 30.94454824508335
v 37.76564677988025 143.24577404147172 32.497422355878989
v 34.872011825137243 144.84800115349273 32.602954546679385
v 21.183337920061845 108.87596616883798 2.3210957367998653
v 21.048614349445451 107.30014327139209 4.7978490590176008
v 22.558837731836682 109.92451477230209 -0.44017140427802914
v 17.664041870184818 110.08849009574645 3.5519599014083454
v 18.843257131248279 110.90483179134128 1.3084050806251746
v -1.4053106838715337 126.67316575444804 4.5578186905912794
v 42.512875018047048 143.35747134241933 28.220173388403992
v -7.2719861576940481 116.52423242749835 22.199096530873113
v -7.7093644629933209 115.7675989169278 25.131400973811065
v -5.9935934581056962 118.73576131326571 22.535839717447793
v -8.4460730344877426 114.49314523240898 22.908861090763203
v -7.0549728346800258 116.8996501161291 19.139607593953684
v -8.9462296280357272 113.62790972660976 21.289064019824274
v -2.6250482764900198 116.44300767808713 11.600257733633313
v -0.1286611313478403 116.50907602434245 9.3400352230373809
v -4.794049673392248 116.18767256350542 13.860508264269285
v -4.4236523572237481 117.8318231086074 11.07738353838598
v -2.28543946322851 117.58887471316729 9.5900692864355523
v 38.021135313274684 126.87806819419001 40.960883306762483
v 39.554571539033518 129.5308043282744 41.256443326806647
v 38.720389978043613 128.08772927105784 37.409442268503042
v 2.241633532241373 112.02243011136942 29.938153857234926
v 4.5882611798280539 109.45799055731753 29.333622630275126
v 5.7489111401267472 112.93449124888619 31.409241191547601
v 3.462921070705324 114.24451272134405 31.403528877207165
v 14.816729071642705 130.55526584139042 42.851001984454143
v 16.438469237971283 132.71099122100765 44.399016785776993
v 12.701726746492659 132.47872662011758 43.201757195775983
v 10.346579846381282 134.6446835398784 43.604399351253839
v 9.3374540765735752 132.52511552491626 42.251706069829638
v 19.273981802079621 128.13661866469732 42.930027023302785
v 22.022583448761122 126.74095944268576 43.026712262981121
v 18.085357513576692 130.49655589672949 43.767217539900471
v 17.301471512771204 125.14817381831006 5.6577270684784153
v 13.180706244544361 124.4986603415805 4.1405554076413935
v 12.809813938825467 122.16795164064611 2.8668324060230859
v 14.463183459629114 126.50308078133584 5.5147011465611655
v 11.888300821774255 126.24741058699328 4.641848122833359
v 10.247981583758589 123.38491273419631 2.7347473588235154
v -2.9865097391164035 110.80451054363357 27.81615905968992
v -4.621714114924572 114.14210669099693 29.013435114338122
v -4.4563111698019178 107.92162954053315 25.948187281482301
v 11.023159489862753 101.68280000080497 21.89059848764721
v 10.738704762187279 103.83213876479344 18.917796327918033
v 33.315517305042746 131.23685559815425 48.543715148880821
v 29.983881498528245 133.24254536675096 48.583656801818094
v 32.555567134123628 134.57493710642092 49.994440678841599
v 4.9380657388899358 123.20577711045826 1.1089656629160096
v 2.3648029305055189 125.13203013312992 1.3285458622086068
v 6.7105913843850846 125.6558751130575 2.8479235646839598
v 4.5062747347035526 127.72908701544131 3.2477849988010696
v 9.0915748980950255 127.96030983269065 4.6900066191743193
v 9.7388695694748577 125.82369980574337 3.8079784723967336
v 7.456576783826538 123.43741739760392 1.9534846728071003
v -1.3392972086627459 115.90793573978611 30.846747819345271
v -3.2124951003047961 118.08621334851773 31.3949813699376
v -6.5472125659722629 117.77803944176729 30.276036019247655
v -1.6081058984448795 113.17222959560213 29.399872192001339
v -6.0722284687526979 114.03420350449849 18.192361728334909
v -4.6873944206557425 114.66652077727063 16.046404394514685
v -7.300130949211816 116.47554393025844 15.599026907560487
v 41.947653914312255 139.14150059451975 19.790837741284424
v 42.735155342841765 145.02502067742904 25.530237961650009
v 40.740663142853329 146.68489758144369 24.770986184933353
v 38.141012397332304 147.82586395146791 25.312830363525077
v 39.593952961279435 147.14482124140659 25.074932650195905
v 8.6094809361235338 143.99804641098788 41.386979634217866
v -3.8617943008389908 122.42362296678418 9.5223300876162167
v -2.2594830644587631 125.19550799427653 8.5147353679464786
v 31.568734882372272 125.80127159046798 5.2222950201220009
v 33.386743419407175 123.64192479521786 4.667569580109209
v 30.690406395078085 123.01316218965013 3.5728627105218713
v 34.848625355231754 121.3898505167457 3.9634121656097889
v 25.335065197090003 104.93206481209424 37.935254894929471
v 17.21494044495633 108.13155596710888 37.212358108461814
v 18.261963095349962 109.94283104412068 36.232692516939579
v 13.637646036707876 97.462266812634567 25.948187281482301
v 13.874990743083959 98.775548257365543 23.775797886634827
v 17.247445155368929 98.185522009450764 21.739746521458507
v 20.516692935805004 96.596621844027197 21.289064019824274
v 13.036899680002904 100.33863922702793 27.213902872344665
v 10.726887574465787 103.05042608599304 27.902768175025045
v 10.621544007094235 100.88511967611439 26.788644246455274
v 42.774401079028138 139.72050176277094 33.440855765296646
v 43.820389448763358 141.50760982297669 29.858723503201578
v 45.226020398591643 139.34200943066892 31.885211410282309
v 46.214226924313898 141.05153677499925 28.469297238017568
v 16.235103252482524 100.06031522019667 27.999836887446403
v 19.385053582926414 133.64934009511566 45.721054374938916
v 7.2887056234625351 136.08476523439219 43.440474791429779
v 16.38630127728446 140.53362988823034 39.842788768310854
v 21.311603834252612 138.81396001702996 48.863079604150755
v 24.276164586651014 137.10027097243164 48.863079604150755
v 23.661884876928394 139.71600424021591 49.994440678841599
v -5.791862211421094 119.08474209151055 26.357830594636603
v -3.9419869467602489 109.43410763495859 23.237662676318735
v -6.0093306842403358 111.7488030071372 21.560759091061001
v -3.6059183225982103 111.54250338813927 19.788956799204051
v 40.36916361776268 130.93999096772166 14.004685700539758
v -0.99595883979230138 121.6856380425958 33.837580953752934
v -5.0549004881965054 120.35963371060448 31.999738147369936
v 0.6462186887622714 119.03024294524511 32.983736321914328
v 7.4321589239123291 141.96136266060881 40.206999230993056
v 6.185879781485367 139.80538795573597 39.852621653650672
v 5.1911472636945355 138.08457110703611 41.618084260528789
v 6.9850322274974292 141.18786512339844 37.357017295848237
v 8.3227606206322164 143.50204055922609 37.928733466849017
v 22.370560524769736 112.36631097925877 0.7273815315622798
v 38.737848686484213 128.11793160093427 17.24441648122567
v 40.873604383875545 131.81263778882479 23.620575251965132
v 27.507129542228853 108.68958239066512 7.5026554067101117
v 28.174193990042479 109.84355667062098 4.8928315244867875
v 29.429291036284212 112.01478572496293 6.1614202612000319
v 43.997162498689818 137.21617224229058 22.404079264391239
v 45.051123900750888 139.03945086856282 26.209752023074433
v 43.518369347546553 136.38789397974898 26.684076580677974
v 42.525445591592103 134.67020616100206 23.683105979541899
v 44.676764799460123 138.39183612043337 20.190354808663127
v 44.572260952679812 138.21105186227635 28.85095329813711
v 36.969096588058349 125.05811566277225 13.469889393573009
v 37.203602222614613 125.46379381226681 16.008260004185999
v 35.725893122978491 122.90746166201372 13.907834928878493
v 36.388720100268266 142.89890633595775 20.063096685957824
v 32.443287067293035 144.30120956007133 19.623499293402155
v 35.788790958982695 145.14388100511658 21.013059573847123
v 22.584527101576644 151.25612185438851 26.305562234182062
v 21.314724572678951 149.05945335590448 27.739337308967944
v 22.529659955567013 151.1612055752835 28.915757072218806
v 25.627238955868741 151.83412321456507 30.143569948844956
v 28.904072541029269 152.84137472899209 25.79805516951453
v 12.570322000305801 113.51383023273853 2.8317549636780335
v 14.641889042840685 112.08618276804421 3.1764676524794631
v 12.697752503675511 114.62035978992373 1.0641778442467746
v 14.989115925394358 110.12082943822674 5.8193686198851573
v 15.263082748618572 113.05978853466436 1.1804905745072318
v 2.1041953548628136 120.3161755783338 1.7050123979943983
v 1.9980507133877303 121.80984902741211 -0.44017140427802914
v 1.2783910797865836 127.85819727444613 2.3785892215868181
v 26.187632705931946 106.40694625773908 6.8742462210858157
v 25.515623832350947 105.24441847117167 4.00935734797946
v 19.02450277594501 145.09753174924788 30.72336924011239
v 18.201453436533054 143.67371464742357 33.568387796244281
v 19.784387421177929 146.41207840093389 34.262146187565243
v 18.893464375312075 144.87084459103914 35.735252137599403
v 20.549901172295172 147.73636300737215 37.398553444547048
v 21.158153899484113 148.7885971733356 34.168342015057746
v 20.291234487895824 147.28888795176599 31.410533410100751
v -4.6422615910795777 121.07346979607269 12.733541829856257
v -3.2439732135775436 123.49240971842539 12.578334985502231
v 33.017050158727791 135.41009386826249 10.450113442227824
v 0.85746623662232579 109.44629680031731 28.248470451554049
v 2.4224443633618797 106.58377278915516 27.268632755219841
v -1.4917504174035869 106.20794049593486 25.948187281482301
v -2.1244472342640819 108.44006853957622 26.882241429953734
v 19.820468863643665 106.59219999726976 37.195738564195317
v 20.63963654007236 109.36835324246022 38.822072379406137
v 18.060440937872229 109.59421197540442 38.188957454316984
v 18.100206223688083 107.63180505860959 37.218355793144347
v 18.707252522732087 110.71315023594607 38.936060236584098
v 20.199564600507848 113.29474450478327 40.659762364706381
v 8.37875518061335 143.59890718470351 35.049679017504872
v 10.55541058175608 99.243978699547398 25.948187281482301
v 15.622925408689849 98.261367663908956 26.922436228931456
v 26.656925797214363 107.21879008913479 10.804441986288765
v 25.532044447051231 105.27282497235353 9.0818006273516954
v 24.545176519980689 103.56561330894476 7.3638835947465253
v 28.530851345482347 131.14629874589065 47.114215666883482
v 33.373811444006478 118.83852683752218 7.9947759118832131
v 26.909020831607709 134.85010185606546 48.498632534212973
v 29.453284219898549 136.36823759420855 49.994440678841599
v 20.358117603618645 100.26148326503971 15.937477335204795
v 17.348757560441161 101.25367758982188 17.056847744337496
v 20.095762946397294 101.61014719149097 14.144715123529545
v 17.936466859774416 102.6260435614771 14.492635668087795
v 22.985840954040871 100.86807314950022 12.754008351428601
v 18.871397642953315 103.39637891276089 12.529476388783884
v 21.144888469384508 103.13112935310707 10.958444461746879
v -1.8900065698571389 125.83467617842423 27.888986481115339
v -2.9291372249539336 124.03705369468123 30.155379798104001
v -1.4680965486831781 126.56455065230176 31.70734479835356
v -3.5625884104207444 122.94122797944169 33.723440275492223
v -0.13680231652392294 128.86759544505108 33.820476576612123
v -0.40703692130657743 128.40010870595813 29.195914750773539
v -1.943911639464698 125.74142422339914 35.593100540520439
v 39.975423767362969 130.25884889540143 26.077464803557472
v -1.513944437775816 107.78141637574933 23.610802043572516
v -1.135456807713112 109.08383524769052 21.33248568427318
v 1.6588447462002875 108.60868286604821 19.624928882804966
v 13.830295169868812 100.07405014380417 21.86972303137474
v 10.859336740388128 100.33306109143663 24.053937987940937
v 13.5611474686308 101.54354953259586 19.901866300469386
v 16.218116358836706 99.96980396162067 19.958573187299784
v -3.2224678796816555 119.1233608190917 8.1031060392736052
v -5.6540322703879013 119.32317813390712 9.9089897952967014
v -0.42996780627412079 118.17955189176394 7.0990173160355425
v 40.904165137210946 131.86550572900765 41.414253688617272
v 40.233638040346847 130.70554131128048 38.375170499837679
v 41.685401580808595 133.21698948058625 39.209180039547775
v 43.572158122896901 136.4843545825789 37.596977884612791
v 42.357995835480565 134.38052993500781 36.775876290070087
v 6.2302119413072035 105.80390586863442 27.979908513585691
v 15.015254952797219 144.47066502351362 35.13327532060238
v 17.378404097121098 142.2498975455992 36.413406352376178
v 15.417975091732369 146.27142794255974 32.087607932374802
v 13.298747387958644 146.3555626549832 33.796341337318978
v 38.424918839743341 137.62902178056294 40.33887916459723
v 40.218417093161719 135.64248135597799 41.761388442663176
v 35.117181744774271 139.36046669372197 40.609394437916833
v 41.284955478324491 136.77072219096118 39.148252383037075
v 39.771668176263432 139.28699298263939 36.689768827502554
v 37.469599296487431 139.32208166641317 38.630255175844979
v 26.62644562932681 138.00231519561757 49.994440678841599
v 1.3758434445901138 104.55030397029431 25.948187281482301
v 0.81218355012753918 114.36037145748371 30.694666676288314
v 5.3731597891851326 117.26260107938454 33.466582744363329
v 1.9268422327851873 116.4234017396364 32.049595234287835
v 14.198964725403323 120.0321624327192 2.1998302317097753
v 3.2267033967254228 121.19284579528198 34.812552919744306
v -4.182016814112405 121.86966068414191 28.631358043841125
v 3.9705190321637325 123.35393824439137 36.109274639574863
v 5.3900232324582298 130.78334221551921 40.23804715653479
v 0.91434782290653871 130.68601078595327 38.894546659859074
v 5.9685815048748267 133.67585340101897 41.853006358524453
v 2.4066599006822997 133.26760505479047 40.618248787981358
v 3.9637518760796553 135.96126396139769 42.394777639254329
v 7.4019318397916347 101.06687336213986 25.948187281482301
v 27.839114298945127 139.59428665587217 46.560260025827219
v 6.2366560918199863 130.39066933447822 5.0803901483970755
v -5.8540046609401344 118.97724005227961 15.42086448079273
v -5.4637369126832596 119.65237563364782 19.249152526574626
v -4.4401093913465886 121.42317879329622 16.304213338202743
v -6.5797302331088439 117.72178617921857 13.108831840241677
v 25.442968533896046 150.31415505132946 32.579565128525346
v 28.961460877854208 140.66759992205613 43.981072671312106
v 25.285792002092776 141.14278308574322 46.451635801508921
v 28.189587395423327 121.83287420582288 2.2587019877218601
v 25.674851126710934 142.89923444833846 43.484161132683312
v 32.339625425351819 152.31898116374981 23.606081993081265
v 32.651615878660344 149.4676015310568 22.269338673735707
v 3.4523565692325775 109.64106528744378 16.525975873280785
v 4.4740197056749587 110.47140422296849 14.397859642972373
v 6.4083478674347667 108.6417124937459 15.463531242348388
v 22.67064416540391 144.47675964505513 43.722418264821229
v 1.7321779301292928 114.93841976947981 10.081372463839813
v 4.1202516642036144 111.85564115324115 12.630961664953588
v -4.5369728232796511 121.25561191203703 24.182516304315069
v -3.1313905712460475 123.68716972106958 25.99459489068121
v 1.6547426090134927 131.96684136084184 35.043020509550821
v 1.1179687586268336 131.03826059247783 30.957445872076082
v 3.1895824367098484 134.62200562693133 37.132260838809998
v 22.187093688721085 99.486296915756711 21.565500119005552
v 22.579857006730961 100.16574965616141 18.153742431598289
v 24.123266547595087 102.83573891946763 20.02410442287114
v 21.33974227521696 98.020438945851538 18.444045463692376
v 18.596027673862736 98.689614322920079 19.817217243587987
v 19.067186222535149 99.756463568601518 17.811483518085282
v 14.022031886707932 103.06830282342457 17.219223130801502
v 9.6071720356772268 145.72398139672933 37.938280321068696
v 32.946338248711527 135.34576070068135 12.80069952963493
v 31.866493069990064 133.47770497283801 14.039907995835387
v 32.07749514549208 140.92198251914422 40.902345703054159
v 10.050358739731477 105.61169546543624 16.848490826545738
v 8.6381203244709539 107.01595800129914 15.967981574992159
v 11.52266916458818 104.71318373112535 16.919527528614751
v 29.367377256847554 142.40170082519535 41.032478024274667
v 18.49930602053302 144.18897853576433 38.623867543587245
v 19.293409942130928 145.56272211352444 40.435122157939759
v 23.495141789575914 145.71243005885233 41.157933746898593
v 20.056494663034705 146.88280466961996 42.382102480097728
v 23.272683596733369 152.44658388335472 31.264765088227371
v 22.49434202079545 151.10010804792896 33.955243192655999
v 22.01010310545545 150.26240899877772 31.214001275223517
v 26.530031736631567 144.45173953543573 40.418588199956574
v 13.975514684215629 108.64083810960125 8.9134916816102674
v 15.043652319162245 106.18442332613341 11.667721403831203
v 12.464714308940234 107.79798551520761 11.48382503678175
v 16.732281509413347 107.28115127375753 8.5632010622650725
v 28.166938132819823 109.83100455119471 12.734963753858985
v 26.989409215056135 107.79396286885459 14.693654818528154
v 15.513497530806379 104.2560542638885 14.149072888807336
v 12.062303453060956 105.87802651433501 14.707745018574357
v 17.482378394001515 105.16165936452775 11.088167211771825
v -3.9354221640487417 122.29625197480486 20.83883554860946
v -2.4587945647161717 124.85071320608131 22.920547248658227
v -1.1006970383260573 127.20012580071523 25.007851816381393
v -8.0701600998801482 115.14344800219637 18.260771614116127
v 23.534173232295782 101.81664917997179 16.90436426927905
v 22.162791614628915 99.444256047675879 15.599026907560487
v 24.603911578963672 103.66722080372313 16.681646215315016
v 16.206787774142573 102.78458452160388 15.752675045361935
v 10.826226169646148 114.12856662620572 3.4210303994388873
v 10.101091935918042 115.91456020083609 1.3739341269010303
v 36.154316751708066 123.64860421592991 18.131200814636607
v 42.206288468579316 138.17642632129085 36.245271645291339
v 33.570424068261552 141.88721673822866 38.164193377440284
v 36.439621414763856 141.14355681861824 36.793939417232949
v 34.730526084615633 150.93690111590848 23.606081993081265
v 30.466769202775833 143.69387859643945 38.145369789917552
v 9.6243049455960321 108.63641574597551 12.687217714863154
v 37.189315362265312 148.14929292180247 22.922311644716324
v 35.119354552788657 148.6738400003066 22.585997221142545
v 36.981221052943674 149.62204654701691 23.599164844981463
v 35.208421470251189 149.26700669961389 25.693345645004324
v 38.732235739883947 148.62367950614768 23.606081993081265
v 6.9182348889509875 110.00303783658912 12.983230154437127
v 24.261305091462795 147.25289601621628 38.187459468142777
v 20.89501630161832 148.33338775388333 39.483601129992834
v 27.317952406186627 146.07441028946795 37.306158875424892
v 10.216572397054561 146.77820088860923 35.831778009225872
v 43.3589701371438 146.04244242876999 23.466368308046
v 42.141623757225162 146.16782814958219 24.332507313729511
v 23.88594576822732 102.42519076870485 14.77183773961548
v 25.431960158571989 105.0996862372414 13.651807567571046
v 33.926742372263064 146.79718683016878 21.301791345818209
v 36.684590857223235 146.62490791392008 22.013404175949859
v 44.340967330843839 137.81093026744188 34.896234229505914
v 19.726293147712411 105.29749094804023 8.9420405315114113
v 34.393909405609399 143.53792511070384 34.978981559734969
v 37.204014892704635 142.33646359242937 34.345537897633214
v 38.341071798362726 140.98998004476118 35.377752470721944
v 30.559447370512249 145.55697595768171 35.274765792625885
v 5.913112395333977 111.63721526723209 11.40591200416948
v 24.854410150978733 148.66058305867392 35.565675477103952
v 21.704312827527069 149.67558213756573 36.772735817210631
v 13.539663823586586 148.02802098476988 31.082919296839371
v 11.039621736466517 148.20201799043357 32.986759453093981
v 43.389026000820259 136.16413914482297 30.956235451245867
v 42.908077529139774 135.33213233030534 34.214012585844493
v 41.912778235160147 133.61033499891528 32.660500796065875
v 41.435426026853982 132.78454946549203 29.079706260063507
v 24.315079045677713 103.16756096467918 12.194818476426203
v 23.80889029345283 102.29189025132456 9.9089897952967014
v 39.887246392626437 141.09304128237355 33.884781452270801
v 2.3987981717097639 116.18220986434986 7.641410970646735
v 16.63986241564735 147.03511466783064 29.885970873169061
v 14.561117940862712 149.07484637114095 28.630751567233851
v 11.862671075878474 149.62583509225794 30.141740896962084
v 41.825451232901472 133.45926546600515 25.84204619352802
v 22.589943372019125 104.85887103739962 7.1197296359669018
v 17.897851517136914 108.23361864566874 6.1275838868237109
v 2.2602709891748383 118.05663773143679 4.9540055449370115
v 6.8772721025451542 115.99372056365982 4.0464291362033613
v 12.685720415290429 151.04965219408226 27.296722340830197
v 9.4419019222067497 114.8591311881743 3.5253538233554735
v 4.3934810339680528 118.40014188949338 2.5926906671326755
v 6.7431850327914784 117.70494989276951 1.5996026188960215
v 0.27376864280057589 129.5778541445068 6.6065876171762987
v 34.059535127347836 120.02478027424199 11.807380354938424
v 35.427818178473522 122.39181310573792 11.284999543558747
v 35.372430829806632 122.29599691285577 7.9718924474304842
v 10.70059472224313 116.77927095069536 -0.44017140427802914
v 7.7360339698448257 118.49295999529365 -0.44017140427802914
v 4.7623436722948895 120.21192644953712 -0.44017140427802914
v -0.11458472106210138 128.90603031264061 4.3905122542204253
v -0.23092142768956236 128.70477604447674 2.365631368867728
v 0.9805212225765807 130.80048608363515 3.7649139354701404
v 16.766638511097256 113.27274379431884 -0.44017140427802914
v 19.684879036475646 111.58583054290446 -0.44017140427802914
v 13.665155474641546 115.06558190609704 -0.44017140427802914
v 14.375746088517174 117.08339506994042 0.77523297994169482
v 10.83122249969774 119.79089995281868 1.1048174584633088
v 7.6438243581084286 120.9159020869015 0.74573767159157001
v 28.801979501520151 128.17631340538026 5.6104995057183373
v 30.799641446520305 131.63212717589744 7.9179083896549329
v 2.9283456764858293 130.23471193200729 4.0452624469072518
v 41.059265310850279 147.37180596548981 23.466368308046
v 39.188644678229863 147.730462825963 23.291099826183629
v 40.475909210588654 146.38590566345113 22.957797826877073
v 40.960975309892589 146.70971974971786 23.204962399698385
v 41.167919120748152 145.80499973421584 22.879001510777538
v 31.910557656122656 133.55393358795993 9.2010774152056687
v 41.929609831705086 146.86869606321898 23.466368308046
v 29.816458733505272 129.93129067196557 9.0922996169200356
v 31.364282586387557 132.60891638261859 10.881438760509322
v 42.327915381523653 145.37997695079781 22.985955711199605
v 22.510655762459457 129.72703073070238 -4.7141783412352929
v 23.570935354280451 132.18171067226024 -1.4321907403055576
v 24.770162897134835 128.05430593729997 -1.1802909153207573
v 20.69771708195363 131.43751068635385 0.052637378340246954
v 21.906445190142342 127.75659570916729 -3.045244716701184
v 18.774341800002528 128.75927801070088 -2.783317715372629
v 24.021862312622773 126.99514600366719 -3.1591446852606637
v 33.515913844685628 109.83226752400159 6.6102476339558578
v 34.576193436506621 112.28694746555942 9.8922352348855771
v 32.591181840145808 110.91107239069675 9.404162469489739
v 32.971795786894937 113.13739127047586 7.2138886132331805
v 30.642695572358804 109.08806753809519 8.0950757526016659
v 32.448033763950683 111.76272850734608 5.5113975357291878
v 17.270553718669518 125.90128164472611 2.5201991779117634
v 16.098307429366596 130.24620523225721 2.4295305114197561
v 15.0380278375456 127.79152529069938 -0.85245708950997567
v 17.728874079276618 129.58105442228796 -0.32361783640087083
v 18.379685027521862 126.79323577851254 -1.1853680607920154
v 16.568128860096465 125.0254840676277 0.72201900500579796
v 16.24994285695098 139.38358609023621 -4.4535306717855043
v 16.961601798308358 140.80031812048276 -2.656215911855849
v 19.168832369313591 140.13961550675648 -5.9619608752682787
v 19.900436876604171 141.83337149626408 -3.6973535582603709
v 21.536503829420365 139.2849030963273 -1.8087798701333
v 21.438040479466189 136.03745291493846 -3.6269425527785302
v 18.96491239009335 136.63843620879311 -3.2774635955271378
v 22.990089555040143 135.95989825758954 -0.6625189044741262
v 24.286465622765039 134.44050690042081 1.0845118436833907
v 22.476301416671564 134.19158500551953 -2.54300872647487
v 25.254924456699534 130.76422241877935 1.1159651530900234
v 21.003773267854044 134.01501836136367 -1.9740191254913171
v 36.811437819100206 110.85792636709897 13.501317966115735
v 36.650487885479194 108.53714018480771 12.026687127120363
v 32.508971531935252 109.6040649462135 12.566666759395437
v 30.854919932955283 111.32309041523723 11.815323218998246
v 35.617050946866321 114.49068043078329 13.010864792856497
v 33.579003456325921 115.18446799741731 9.4148670303349284
v 39.987112851003616 102.50535400562828 15.46007888828955
v 41.072567803955302 105.01831805872206 18.819994258193837
v 38.414209863287539 103.18104883571426 18.175712513344315
v 39.515363884485907 105.15852108178881 15.876995258852771
v 37.753620368762867 101.92685111574531 16.614308092647711
v 36.314151164299098 104.33205563666642 15.28043118492832
v 38.140554535318202 105.8220757829248 13.57596990522163
v 18.16696883154065 126.50658109590353 4.5581859906119782
v 13.601411111126311 133.4294961377467 0.8553161166847616
v 17.080441891398493 133.31617365951715 -0.18386359271934083
v 13.302362317315358 130.78976965048875 2.926243804096508
v 14.359346632537301 128.2781194622855 4.4632997141976567
v -7.8144900977076617 133.15059264237007 7.982540424688306
v -6.4680953687963374 131.38409513289778 8.8687811737056155
v -10.29409019452714 132.50834475787079 9.2639536685811255
v -8.5785901787693746 129.41190049277179 11.031587363044871
v -7.2009230832310784 134.50109383348072 9.75882807993246
v -9.6201599112814336 134.06857770119328 11.350036292980919
v -9.0993750450254041 131.74023909698252 11.190811828012887
v 7.2226131517392353 100.84251169587142 27.288665937214315
v 7.967825626228155 102.56777183238404 29.595395332175379
v 6.7021860963962521 104.21664844022786 27.972739723275158
v 10.036468214619489 103.12791191481617 28.569110089283324
v 26.802849777625326 157.81332115028624 17.668363307742823
v 25.608362922780437 155.06279344355221 20.111442380630908
v 27.87699074313344 155.8715420479939 18.773655865167012
v 24.680843754731004 157.26369466783584 18.764978292088458
v 27.05034146580261 154.14916886227692 16.310789043716998
v 26.241489750861795 156.51370243809146 15.930730459098388
v 24.050552333003637 155.68076631333577 16.596615403177108
v 41.723879165278738 132.45492077094258 33.831616664975215
v 43.270490197782181 132.41533249766277 36.804546279468333
v 42.197530156666787 129.95919993598326 33.497293304037029
v 41.156803611180024 130.78789830968475 35.999582616516562
v 40.579475922434099 130.99534223004247 30.885593093029463
v 41.969379445569579 126.91928143051157 31.532194405210554
v 43.44348782213924 127.73782203690652 34.794924259162457
v 44.12235634241155 120.52133390171512 39.991163594154806
v 47.66154871490933 120.272633431942 39.215514288314992
v 47.063994556307222 121.21230099520362 38.530180459378286
v 46.937705748978956 118.63047373241288 37.034008596744286
v 43.38016966435621 123.01022774350744 38.342987827217819
v 45.870379677883676 123.36364597996375 37.298734779903242
v 46.068924823511324 120.5288084350028 36.262101312784168
v 45.336696746906242 122.51816986143811 35.842276057679832
v 39.26123352982286 119.84824436728914 42.039489027602542
v 38.623395801490631 121.16007863152126 41.263484589933242
v 38.343611780365151 119.30588435541927 42.740669568829105
v 40.367326067794146 120.6186924000031 41.105006310603358
v 39.175062555880004 119.14285827139113 42.593992162025003
v 39.692615456404965 119.25070118682497 42.383232243284553
v 39.915271450208408 119.61878397228297 42.011032553700929
v 40.64475435338214 118.45519466815195 42.841668858992143
v 40.188920789995478 118.33712799193897 43.07723554004032
v 40.148502334401499 118.24355420915504 42.952124323025984
v 40.028857376649654 118.61974987249785 42.855815253028922
v 39.832225083353478 117.73481925516562 42.36574151776783
v 40.446325250563262 118.01317071891881 42.25795730234293
v 39.215219421573629 117.57836202686164 42.690493257507597
v 39.544905004625107 118.08721484272431 43.264052691372939
v 39.711919923573987 118.45880217458127 42.93217743388297
v 39.930877083631373 118.59379755272801 42.760474696471022
v 18.798204657502104 117.90433942723763 46.013557695812011
v 21.017138242450635 117.70706638548373 43.51059310541838
v 22.186724369544304 120.41480463513763 47.130927965158762
v 22.389369555785329 117.00110040775094 45.812098693667757
v 23.638676087549769 117.81483118185037 48.606444785540603
v 25.067193094223786 120.01497100793264 46.49940863266378
v 19.94388193216427 119.83387998824793 48.289989060095003
v 19.877374469430983 122.67617571238256 46.185651495074197
v 21.891968919374495 123.88382420572415 44.631585930449809
v 24.985102281914514 122.32641234850824 44.797144589908626
v 25.48830150496795 114.4463761960088 50.5282554600834
v 26.49555606136726 117.54710567997657 47.883739095684945
v 27.839920766219681 115.05547542036516 49.312980436571905
v 23.825527714820304 115.02566133828739 47.601042547491971
v 26.68891923026262 113.53797164500855 47.765589923521901
v 24.140440699619361 111.32590975637959 46.356089471925785
v -2.6600727862154052 150.18205040140055 32.894277851592243
v -3.7197152375362208 147.72884551983427 29.614262454256508
v -2.4110210912224161 147.25707537309526 31.910199980433546
v -0.63987957740408419 149.45140403134553 29.647421521782643
v -1.2048050120249592 147.55128903682882 34.391750428770294
v -0.42658016058369341 150.76055332842361 31.740048573132185
v 13.288620761927113 119.20382970720841 48.229444280826925
v 14.182700157376679 116.95598411958659 48.832907126146608
v 14.856630560050974 118.51621733940119 50.918990120225423
v 15.990075203925663 117.34531287040393 47.760444331283352
v 17.701039494784165 119.25295534135822 49.449050155031294
v 15.529566433242028 120.6992548341822 49.068843422128161
v 12.919017844782665 122.0189381178273 48.925183923341905
v 40.081535454014869 119.12830576861474 42.371446752318363
v 39.827471357385235 118.89166867385163 42.655749754059414
v 39.713251832861346 118.94404089630102 42.568825069915974
v 40.408748972095054 118.79150878896678 42.581893214703356
v 44.788330442582513 119.52843344603559 40.700342406960829
v 45.268578917046355 118.46276328016226 38.361458822963655
v 16.770821663398365 150.36552192813349 26.479706173652978
v 18.770251329281866 148.63768494169287 27.126062156923251
v 19.644109108422487 150.97613688876442 25.094767262249778
v 20.251704014112846 153.76209971879453 22.814786815864554
v 17.3743744394876 152.93670251149936 24.361672548779953
v 22.014481885252732 151.2053552718649 24.157556028836545
v 25.802868923381951 133.94943328677937 3.7727022443599019
v 26.829711441302834 129.54591762736382 3.5526406747546098
v 24.483074175322891 137.1894956037913 2.8427602276048276
v 26.590110355935412 136.23127186742207 6.439718485884196
v 27.756667428647056 131.75681428041733 6.4544554265204077
v 12.679949284475548 106.29664034307444 31.566958316793297
v 14.792901442565221 107.3385277410617 31.34394650588963
v 12.121005125639327 107.58557375590971 34.374548726122697
v 10.789816138209023 105.57300809273707 32.132542023134818
v 11.109509164124283 104.66930323382188 30.234229607013869
v 7.6911154645472397 146.68170583235369 16.685418797497807
v 6.724366578891054 147.63695143814738 19.303097272662892
v 9.2412686418010956 148.41335686488679 18.221121490448692
v 8.8503901857531897 149.69184857711747 20.847038974415995
v 10.886253481503813 147.94362125810522 15.797266945495458
v 11.888282676747945 150.4768635651009 19.273881656875922
v 4.7836865136103981 146.10716048588003 18.501542845307998
v 5.2934314255761894 148.26966519549316 21.805255095342062
v 33.099289859979834 113.93220818197976 42.228484487038145
v 31.652271352602071 114.75503386869406 45.080261203294754
v 31.005324504750558 113.29207016120735 43.138838338902261
v 35.208421470251189 115.72245850977542 43.323910310737446
v 30.672390920095182 111.96972143508749 41.139284912611998
v 33.894189646689256 112.59354504430897 39.104223397138057
v 35.848564170082931 114.60212554218877 40.733607297749359
v 5.2156615896595948 138.96390479353752 5.5324636140224364
v 8.7791451860731975 140.53063663654436 4.821849438705982
v 7.94812834583729 139.06639721085705 3.0570675505754537
v 8.2544793684439153 141.63810435800528 7.2773284950731423
v 2.2493936238703505 137.00038059667159 4.9656088827726599
v 1.8502630105557749 137.99166665592898 7.0949827583139928
v 4.9621394193329831 140.61760025051836 8.68405438999892
v 4.4373710873932186 136.32398013231364 1.6509963966564243
v 18.33122196478968 115.91575075181473 42.973824305771373
v 21.314724572678951 113.98634796569296 42.221603430499776
v 22.584527101576644 114.28386890135241 44.827854521656135
v 19.847552115356965 114.99932813582981 39.890258245678019
v 29.581987075150998 107.60514806979086 15.007298480317427
v 30.675063816677387 108.90640443793406 13.680926965139548
v 32.768008427077319 106.1155399090915 15.092136660150056
v 31.102934250577885 105.01115672305545 16.456051448097114
v 29.115233772504524 106.05845327514996 16.314899303706362
v 26.628776635092894 107.1169729550673 16.326481532928419
v 34.316513063514606 107.49880829131085 13.557295695469797
v 37.885651758953713 107.87694679032317 14.085901562325597
v 40.881350269083875 122.36617038601715 39.631963411372837
v 39.672334331814099 124.63519946524418 38.325485214471072
v 42.092967551564044 120.97538959725456 40.280737534396621
v 38.913111285382271 123.05057875927055 39.755937103555794
v 28.033835908710394 112.2941401913023 44.27341403111221
v 28.904072541029269 114.02726853591611 46.472465828191609
v 34.730526084615633 116.84022962098632 45.752038119802151
v 32.339625425351819 116.22095601617008 46.987613071401199
v 30.221671995169174 115.67237920664844 48.082133747886658
v -3.1663979674782503 144.92226509040751 29.278293718861754
v -4.8309829309759493 145.15612174222875 26.174446372425614
v -0.30170541529992434 148.18120287304328 27.087287766348933
v -2.1237415885333526 146.79051520006598 26.414810093444455
v 37.556121810452829 103.95290374972983 20.365611699167765
v 38.964094879986618 108.00152250861188 16.235181798021937
v 38.88349526848102 105.85800106962972 22.422525898533063
v 40.313976281539269 107.75278950221036 18.722605602957145
v 42.23760115348523 107.71551605856801 22.426236458196854
v 21.670219841697893 125.94184862803502 -1.6116353472600657
v 29.012364546657807 109.65082246117298 10.66810591758942
v 35.520127886522033 101.34834822586234 17.768537297005896
v 29.470565195233789 118.07598312713357 46.527071468440695
v 32.149315522422704 102.78415222048464 23.56676853996391
v 31.709584300959534 101.44043999255604 21.633471341365365
v 34.909195281548669 102.89552803463604 21.080338442996226
v 28.745023548561115 100.6725811454219 23.165503629685109
v 35.108112999464431 104.82560608413949 24.277790130336189
v 30.176512450434728 102.4355912148155 24.871617749462949
v 31.961756819046997 104.10628098197168 26.071758253077491
v 28.444507225064132 109.4218054873066 38.828196521199246
v 31.830262267417702 110.90864328328472 38.149943850082082
v -2.445614998291088 141.83446534444744 18.020818328900262
v -0.38739125865263802 143.42726997153309 18.818844424396747
v -0.67580953197077065 142.00553012026384 16.601419876428739
v 2.2868774606792392 144.16212554236932 17.510942381767162
v 1.360516285429167 142.52173085809741 15.52934790207342
v -0.055650778750916174 140.65800432991909 13.631404997206609
v -2.9999360048751846 139.69572698781155 14.802178593133281
v 37.660115372507462 113.68066538472887 37.354290744949274
v 40.286210116751278 115.17952802334381 37.43541334382062
v 39.859164139482928 116.18407267242965 39.615208520283801
v 41.253033986678929 114.16455463248768 34.712732163481604
v 37.76564677988025 112.33759212206003 34.89222114733375
v 34.872011825137243 111.52533099963857 36.277320649460918
v 21.183337920061845 154.71533153839329 17.686943370312715
v 21.048614349445451 153.20720699580676 15.168395140224687
v 22.558837731836682 156.71406818538543 19.861593276434082
v 17.664041870184818 153.07164310131481 18.219417958304803
v 18.843257131248279 154.7115924501577 19.954502432056948
v -1.4053106838715337 144.74125310500813 32.595363879096901
v 42.512875018047048 116.11138981482414 36.908600573655377
v -7.2719861576940481 133.5174788298059 15.617660190664889
v -7.7093644629933209 131.23503595432413 13.627344101307598
v -5.9935934581056962 132.225503799498 17.443873898681794
v -8.4460730344877426 133.79302826549957 13.483848241822896
v -7.0549728346800258 136.08443697043106 17.32415862323009
v -8.9462296280357272 135.62881064451574 13.436118917380696
v -2.6250482764900198 143.02920001976631 20.294105562338849
v -0.1286611313478403 145.02022792041564 21.365916517039985
v -4.794049673392248 141.12295251459173 19.053078193182799
v -4.4236523572237481 142.87435625371103 21.769988055026044
v -2.28543946322851 144.31286899875789 22.219219275267356
v 38.021135313274684 112.10522341618666 16.467293175838162
v 39.554571539033518 110.65237267213776 18.70639778215785
v 36.589186884463331 116.19403474332218 15.745723422943495
v 38.720389978043613 114.73818264236182 19.140033171127904
v -2.9865097391164035 131.05870013756439 7.9873903904560706
v -4.621714114924572 128.49285056437219 10.434722399333904
v -4.4563111698019178 134.02040359091131 6.2470932616155892
v 11.023159489862753 140.44332934714237 2.4876989519448856
v 10.738704762187279 142.13794256721789 5.7412348496443819
v 33.315517305042746 103.37313941465625 16.966367688328951
v 29.983881498528245 102.43873504274323 18.741550848806405
v 32.555567134123628 100.5804893787282 19.30056958532564
v 17.013988995610873 122.52014979589796 47.22739305070882
v 18.376567699958432 125.71769350294366 44.395675834660693
v 16.242035564396868 124.83953185068921 45.742057110874072
v 14.152877461545426 124.72657616400848 46.501463318933766
v 4.9380657388899358 149.37816157323621 31.040870047572071
v 2.3648029305055189 148.31875445022763 32.664545729163621
v 6.7105913843850846 146.72571473901831 32.452068332048626
v 4.5062747347035526 145.43928839691196 34.126345496981266
v 10.247981583758589 147.84445221464617 30.472546814003998
v 7.456576783826538 148.51937249494375 30.869549004784041
v -3.2124951003047961 124.59650602522136 12.893632549316907
v -6.5472125659722629 125.73492403228386 13.119495994407831
v -1.6081058984448795 128.58195344358413 9.3945032531534096
v -6.0722284687526979 138.21520263900206 15.186894793078018
v -4.6873944206557425 139.85035664871452 16.713731187897057
v -7.300130949211816 139.43973508360097 18.531449899398666
v 23.084687793014862 139.14106614995839 1.1149437212691815
v 22.187093688721085 141.71816128420645 0.66970052395836888
v 24.123266547595087 141.5953673032212 4.3547492436523854
v 41.947653914312255 125.53625301822444 36.916499696166994
v 38.220379849759382 126.76065440171514 37.204873456942536
v 42.735155342841765 117.76899825103155 39.604673209363014
v 40.740663142853329 117.7040197595379 41.428798312685657
v 38.141012397332304 116.70837594438699 42.206032360287615
v 39.593952961279435 117.22621297621706 41.703778138403578
v 13.508769754702382 115.395750899772 46.746824132067779
v 8.6094809361235338 104.05328417341585 31.5815740603074
v -3.8617943008389908 142.20710448342504 26.571820231118156
v -2.2594830644587631 141.86588225330854 29.501352807215731
v 22.993222075966138 122.49855847082016 0.53627740260946766
v 19.820468863643665 124.56081257332868 0.018856709602598443
v 25.335065197090003 124.64355021665908 -1.7966563635688395
v 26.328326952402705 127.91915072225862 1.7670959712778433
v 26.798841692040494 124.77754124171135 1.1029826160434197
v 22.736942486768044 125.60344251360091 43.072463405073201
v 20.923231571501471 126.43338096290407 43.037669673591822
v 17.21494044495633 123.85620996028803 1.3875890314344694
v 18.261963095349962 123.92044315699185 3.4458252113365511
v 9.5728753229734451 120.41809017449623 41.64787773776662
v 10.080930583537299 117.98230303581924 41.410167330859416
v 10.846609679150715 119.34028299518462 43.572418836309168
v 11.739556077760659 116.98214114088739 44.118408479003008
v 10.52170488438739 121.98530233008414 44.269402511172231
v 12.094186290145405 119.22118679422734 45.926851972281796
v 13.637646036707876 138.70696807080748 -3.1035421205137688
v 13.874990743083959 140.06063017590643 -0.95608251876578976
v 17.247445155368929 142.14522849780769 -0.57126311801907192
v 20.516692935805004 143.26008139340144 -1.7897956264687203
v 10.726887574465787 134.45567254012337 1.0164574965505402
v 10.075986903404262 132.17941944278141 2.9292037592131557
v 13.036899680002904 136.2865959664579 -1.099208540562195
v 7.9380087115985081 134.48783699052549 1.8933766873209628
v 10.621544007094235 136.42191228820431 -0.42010967206358529
v 7.4019318397916347 137.09183897944774 0.11896410833668014
v 42.774401079028138 113.07374729946872 31.31791187255687
v 43.820389448763358 115.47540561940765 34.520639472004376
v 45.226020398591643 114.6340805905227 31.676584182021479
v 46.214226924313898 116.92190236462744 34.735476939740259
v 16.235103252482524 135.7086832233432 -1.7001855702548276
v 18.98359405261397 134.37540214386013 -1.5909195820235027
v 10.882141013392786 129.58415133432797 4.60983284402122
v 8.0900925956234797 130.84324553984229 4.5701247920974772
v 6.2302119413072035 133.15294769167446 3.4434946850752226
v -5.791862211421094 128.6522876277117 16.043328276938716
v -3.9419869467602489 135.7659020154494 8.8137581932435989
v -6.0093306842403358 136.22789430020009 11.634464386569325
v -3.6059183225982103 137.90431705397049 12.243931075461404
v -5.0549004881965054 123.03719580128514 14.655087211841307
v 7.4321589239123291 106.02076696995674 30.289503668893534
v 8.3227606206322164 107.36719184457316 32.687695349383802
v 6.9850322274974292 108.91522514986293 30.87500116290736
v 28.951131708641547 153.92976294570153 19.878948422591201
v 22.370560524769736 154.57617529986558 21.521401272661656
v 40.001913108464358 128.5782916975657 28.556547084746285
v 40.873604383875545 125.39635052067231 28.648516464653238
v 39.634404940578662 126.50727015054686 26.807398239376578
v 16.428004969333522 115.86585602169211 44.735745874611453
v 27.507129542228853 150.16654813472005 15.198596715991162
v 28.174193990042479 151.98265654947289 17.39963909652063
v 29.429291036284212 149.87567199754628 18.77228948437509
v 30.789955711168812 146.33928348505464 19.632797383698517
v 28.660557710547014 147.4262501701939 16.057094185456577
v 30.076087568958407 151.89612318080225 21.036529577920067
v 43.997162498689818 124.06271265240386 34.024337993861181
v 45.051123900750888 119.84349085610073 33.949121447775326
v 43.518369347546553 120.60753896768237 31.366106116084385
v 42.525445591592103 124.06004726498836 31.175154686165683
v 44.676764799460123 125.51499096472386 36.067289100428198
v 44.572260952679812 117.85344946664173 32.025082893782887
v 34.268762169693403 117.27220726043632 11.795966111408035
v 34.514032597996199 119.63603665271947 13.455334792363777
v 36.049862259614571 120.27182164182196 16.745900862279701
v 36.388720100268266 123.60926005222039 40.15361584294282
v 35.788790958982695 121.75408248177462 41.734962400673517
v 22.529659955567013 111.99289290520827 43.573440244934062
v 25.627238955868741 110.5937156499887 43.624875813769904
v 2.1041953548628136 150.14005198839752 28.190503102749183
v 1.9980507133877303 151.38856348679437 30.487042446279865
v 1.2783910797865836 146.15849562112552 34.631233332788767
v 16.55715394875067 114.56018839670008 42.316438605931026
v 12.685720415290429 113.49028868022938 44.199158641058787
v 11.566151042985014 122.55634245791659 46.576666092329098
v 26.187632705931946 151.7511328764314 13.439501205152665
v 25.515623832350947 154.83323199975274 13.683886359799448
v 30.21824907399386 144.36709330830303 17.538048625221627
v -3.2439732135775436 138.99615115608916 26.157996855681635
v -4.6422615910795777 139.9412599132765 23.925928543650418
v -2.8744617162333803 136.41768155739277 25.580684342373623
v -1.7220591728066275 137.74188148812158 28.474334833417551
v 8.8344629076818642 118.15733674223345 39.085916074469239
v 10.588985844101154 115.54651589714227 41.172456923952204
v 22.854930567573039 118.7194266693445 3.4074603074405374
v 25.88165922218111 119.78625017420759 1.6317409600000694
v 27.159698663887099 117.1222995983141 3.2112919933115656
v 20.63963654007236 121.86295454512822 1.7720111748320697
v 27.025380940561849 121.56553304563326 -0.068519811852560508
v -1.4917504174035869 134.78826243804539 4.7150609732958983
v 2.4224443633618797 133.43938805537624 4.4593970111892176
v 0.85746623662232579 131.28079493904539 6.5794445068285192
v -2.1244472342640819 132.95306346151196 6.2920509770744601
v 16.271436246975469 128.39413962014254 43.073979591926168
v 15.193913543371941 126.91537179123387 44.528091441357233
v 12.958467950028027 129.41978443521361 43.377162613886291
v 18.060440937872229 122.32775583662897 2.2576102224392791
v 18.100206223688083 124.07477324692762 0.93812598234064737
v 18.707252522732087 121.15848172928929 2.9231802488679435
v 19.291924773161785 122.41262230123579 4.6831296708977241
v 19.120720529693223 124.78243577818681 5.5395978233690002
v 27.437862813733325 126.22178066666604 3.0633779550016556
v 8.37875518061335 109.89765353745126 34.064322127525273
v 6.7683564476637947 112.33915635766844 32.171806309997919
v 15.622925408689849 137.47793675418916 -2.8256838744876802
v 10.55541058175608 137.90862998273812 -1.5106976381162447
v 28.34299074606529 108.49241481104687 9.2835223191414258
v 26.656925797214363 147.87378517377726 12.404269853175084
v 25.532044447051231 150.28575642798475 11.436453674282173
v 24.545176519980689 152.5865250269978 10.679965440144066
v 28.530851345482347 104.69168331843963 17.525931166692445
v 25.925285857324006 104.36817468915035 18.609645820116825
v 26.909020831607709 101.79444280500823 20.21679811784756
v 29.453284219898549 99.776958744359007 20.903774238241034
v 20.358117603618645 146.40225432489504 3.8844830542810342
v 17.348757560441161 144.95696481478925 4.2699411232716145
v 20.095762946397294 147.40067703829391 5.8934735518919403
v 17.936466859774416 146.63444087214856 6.6457875006976188
v 22.985840954040871 148.97646805202925 5.8532008465582273
v 18.871397642953315 148.04433177148087 8.2141046119141325
v 21.144888469384508 149.56768040203266 8.6809103471639446
v 39.975423767362969 123.89611126689124 26.158566992181196
v 38.527082201601516 126.03204685983904 24.426488928160499
v -1.513944437775816 136.17284401492546 7.1690638159431579
v -1.135456807713112 137.62607170510006 9.3542753918664818
v 1.6588447462002875 139.36552503437593 9.6946018987562255
v 13.830295169868812 141.18283030127475 1.0588356883986449
v 10.859336740388128 139.11409344559542 0.31170151742605157
v 13.5611474686308 142.28364374811252 3.2543079205823631
v 16.218116358836706 142.9381018493371 1.8219757709328661
v -3.2224678796816555 144.9546464422358 24.257313733512223
v -5.6540322703879013 143.25065952268616 23.626780881416632
v -0.42996780627412079 146.27519428977234 23.86345736654058
v 31.27429299379213 113.88455922806929 4.3036166398689488
v 41.685401580808595 110.83093690954107 22.919159674029135
v 40.233638040346847 112.70185231839474 21.047631060208179
v 41.143222298725298 114.55179741419828 23.734920703710817
v 40.904165137210946 109.46517263598906 20.722902385437788
v 42.357995835480565 112.48495056417561 25.049660168415429
v 43.572158122896901 110.80822016063847 26.562558423468424
v 15.015254952797219 109.43230703416816 34.80621342906521
v 18.201453436533054 111.1884036967446 34.794927263660057
v 15.417975091732369 111.34824916475232 37.780772670797859
v 13.298747387958644 109.78294865691183 37.090350467243383
v 38.424918839743341 107.84407439374513 26.357313457807319
v 40.218417093161719 107.46247219684389 23.94396406992044
v 35.117181744774271 106.82641985857678 27.784008676645172
v 41.284955478324491 109.29307216488843 26.123484935807515
v 39.771668176263432 110.36347370826566 29.474604245205821
v 37.469599296487431 108.61296307366138 28.636492676278635
v 24.276164586651014 100.46038692755248 22.065142683901236
v 26.62644562932681 99.044771684459988 22.3646341619651
v 23.661884876928394 98.276912837325852 23.896666450284844
v 1.3758434445901138 135.53100563031697 3.2331394499108193
v 14.561117940862712 113.18252938891715 41.835945524593626
v 16.63986241564735 112.97431747755962 39.450001533748392
v -4.182016814112405 125.37191312909289 17.514328541616312
v 27.839114298945127 101.40159732148571 25.326617079617009
v -5.8540046609401344 138.47806767085996 20.847787768648224
v -5.4637369126832596 134.75308048930793 19.736001857611861
v -4.4401093913465886 136.5923961230223 22.638643525645143
v -6.5797302331088439 141.10755289443401 20.76137702068764
v 32.921951868752224 117.18458348905592 9.145902089831452
v 28.961460877854208 103.22645885480452 27.441821363195899
v 25.285792002092776 100.80486662071704 26.759639370508626
v 25.674851126710934 102.67075956037324 29.659548134077831
v 3.4523565692325775 141.67339536076256 12.006107420235603
v 4.4740197056749587 143.20387120095907 13.701980393109798
v 6.4083478674347667 143.07100093613747 11.588742764628702
v 1.7321779301292928 145.06124452834763 19.629581407271868
v 4.1202516642036144 144.16323205130362 15.731183956748433
v -4.5369728232796511 129.6243018549128 18.958779593882358
v -3.1313905712460475 126.91479274419912 20.320639557606032
v 22.579857006730961 144.4638164273801 2.8058476113074917
v 21.33974227521696 145.16554361294405 0.75786986454026462
v 25.660060381844204 138.97042830600088 6.0128970990908286
v 28.155347959123379 134.8714162805237 8.7869698139280192
v 29.888925211380609 131.70304387575811 10.55353330081504
v 12.277505243497947 127.20785146009177 45.251514108963335
v 37.502459623476469 117.83388655467428 18.334851125989339
v 18.596027673862736 143.63809279213922 0.74082837401882884
v 19.067186222535149 144.9531850514326 2.5933044036010386
v 14.022031886707932 143.99871607069997 5.8194539012145121
v 9.6071720356772268 106.36306392286772 34.669825351336662
v 32.07749514549208 105.86484836240658 29.048734882012436
v 10.050358739731477 143.19052237545108 8.2593538015829306
v 8.6381203244709539 143.3484817161706 9.9092927878424231
v 11.52266916458818 143.52961520273536 7.4242576369290951
v 29.367377256847554 105.08548776916399 30.313289250946255
v 20.056494663034705 101.87106360472279 33.714650026772489
v 19.202144663147628 99.893136439123992 31.070096525871854
v 22.67064416540391 101.75091105973519 30.963093661922741
v 19.02450277594501 113.09386591628721 37.342592754669013
v 23.272683596733369 109.31694346953418 43.670035647764891
v 25.442968533896046 109.09700171810957 41.174524178025585
v 22.49434202079545 107.5149853172944 41.260758489907786
v 22.01010310545545 110.3409972877822 41.740136513494051
v 26.530031736631567 104.71573496582052 32.421084851640259
v 13.975514684215629 148.92710623835458 14.522860979889728
v 15.043652319162245 147.56548871064115 11.092736687764424
v 12.464714308940234 147.00689680432384 12.617655011485637
v 16.732281509413347 149.84950468067947 13.464261469609974
v 14.989115925394358 151.03009686584932 17.2323631988545
v 28.343932493685813 141.14112231711397 12.294284639970193
v 26.989409215056135 144.13912213041468 11.175818741600974
v 28.166938132819823 144.97744077444113 13.874564997454515
v 29.762990303768206 142.12394518580143 15.532827562250054
v 15.513497530806379 146.2112200608039 8.2569530471661938
v 12.062303453060956 144.98500606922681 9.4566645861027627
v 17.482378394001515 148.54188177144121 10.438072061016936
v -3.9354221640487417 132.14725793864574 21.387323465396406
v -2.4587945647161717 129.14162794306407 22.73824319427527
v -8.0701600998801482 137.65702123610149 16.14790300823622
v 23.534173232295782 144.84103181656926 4.841559668636922
v 22.162791614628915 147.07100583248663 3.3055353555492459
v 26.219957507160704 141.42825929088366 8.3281983735090819
v 24.603911578963672 144.21094869437641 6.5957586098413969
v 27.599156454427426 138.68362924288871 9.6214025830143388
v 29.275607916982413 135.88579644204628 11.463140228999039
v 30.907006805914229 133.23260451179115 13.290193250128452
v 37.953549081039711 120.19863014653228 20.392948343628721
v 36.399050027061065 122.84267538172158 18.710116083069618
v 39.394392760701948 116.84759294219212 21.501505305246347
v 16.206787774142573 145.43693185155155 6.2229321898546104
v 12.570322000305801 152.18069937109991 21.604365443275704
v 10.826226169646148 151.3784419388009 21.889898952631757
v 10.101091935918042 152.4082825771508 24.403821078963926
v 12.697752503675511 153.26510071848637 23.385603847265418
v 42.206288468579316 111.25846832604527 28.680928815046819
v 33.570424068261552 107.88025141897872 31.138544867517318
v 36.439621414763856 109.4384682770397 31.087690027497558
v 30.466769202775833 107.08756213148988 32.762128893941977
v 9.6243049455960321 145.55538929974554 12.828000331562684
v 37.189315362265312 118.70057171497795 43.566305147439593
v 35.119354552788657 118.76619998127832 44.185942105450799
v 36.981221052943674 117.43556516967638 44.579661913655514
v 38.732235739883947 117.87672319257999 43.684025718507286
v 6.9182348889509875 144.67840786435892 13.917120556754936
v 27.317952406186627 106.7711604450981 35.266344554256641
v -1.6691935738413051 131.20537226538448 25.30051585239551
v -3.0662444004068519 133.95559328012814 23.97556955245614
v 7.2449671600922656 114.50211957644399 34.178155575111504
v 10.216572397054561 107.77390202160159 36.556162168031847
v 9.061554737736973 111.90046046976055 36.38938656515905
v 43.3589701371438 119.15821099220817 41.439010399446062
v 42.141623757225162 118.32770357757751 41.163010779168189
v 25.431960158571989 146.27776436993099 9.2339686873124176
v 23.88594576822732 146.47483198889955 6.3411226922642072
v 29.862756662721456 138.34567786419734 13.832202466139046
v 37.559690347129902 124.2101982271452 21.641420658229144
v 39.195352689091429 121.42656744795056 23.41134736464975
v 40.548202118302584 118.33026486304875 24.477304656133462
v 41.912778235160147 116.50918655541822 26.205099644554494
v 42.908077529139774 114.34886024197451 27.048293068868148
v 36.684590857223235 120.19616866243176 42.610767492607025
v 44.340967330843839 112.62827241335881 28.958644635531197
v 19.726293147712411 150.39964931444916 11.521127785784252
v 34.393909405609399 109.98818128723869 34.041482022384223
v 37.204014892704635 111.09282101486986 33.251208825894423
v 38.341071798362726 110.77334838267078 31.584948910300927
v 30.559447370512249 108.81906775573452 35.7139736323969
v 5.913112395333977 145.35629323738991 16.084824374857689
v -1.1375042103249129 133.59489647231737 27.526998119309106
v 0.48170583811801393 130.82114125393198 29.270038455756684
v 8.0201944162050367 116.21546547529988 36.536993656952703
v 13.539663823586586 111.45935445638796 39.801335459845923
v 11.039621736466517 109.67936424114419 39.103827659040824
v 9.8271548915416655 113.78817698456295 38.816990750218899
v 41.435426026853982 120.08041763375155 27.071309689186659
v 43.389026000820259 116.88850182903484 29.251828366382369
v 24.315079045677713 148.44604211400838 8.1594935107135012
v 23.80889029345283 150.88193027157183 8.4008663375672139
v 39.887246392626437 112.06188047059871 32.346046235886377
v 21.158153899484113 108.36020271735097 39.09879152019851
v 21.704312827527069 105.63444878714952 38.724792970129059
v 2.3987981717097639 146.68525243706199 21.834807971776065
v -0.089523593136316748 135.08655745843848 30.30251879503394
v 1.3876104688648354 132.57776760675674 31.903436218070304
v 6.7844449313522492 119.20308349329372 35.643157733220868
v 7.4543336225507808 121.08984566147397 37.88507702687027
v 11.862671075878474 111.58482646068677 41.651493150049838
v 41.825451232901472 122.67255249289691 29.125213596332863
v 22.589943372019125 152.2253231845759 11.945532481760988
v 17.897851517136914 151.60016280975498 15.407099917593317
v 2.2602709891748383 148.24790224880959 24.714695698214605
v 6.8772721025451542 149.98361128532085 23.277115676312491
v -0.5784563580339217 139.20896468832186 31.422570892278255
v 1.0190858124000677 136.43119034111137 33.121668379170735
v 2.4303099926937115 134.03015996724892 34.649056163858077
v 7.8821141848615444 123.54885588153711 39.94531703773572
v 9.4419019222067497 150.95783044078701 22.496276659775191
v 4.3934810339680528 150.20499472102122 26.079830165567515
v 6.7431850327914784 151.40430931468251 25.903307392842613
v 0.27376864280057589 141.60814628949055 34.274146307060683
v 1.5560363035119416 138.50699179724191 35.201092480870983
v 2.9856519447967109 135.88940218938959 36.655528591389142
v 6.715337047630392 126.37617152667748 39.104602135126129
v 7.7568845269666422 127.77911200792065 41.823207396437468
v 9.0384080467700336 124.80507701475895 42.812426266335478
v 10.70059472224313 153.64263279684897 25.98972242971298
v 7.7360339698448257 152.87477394971489 27.521754718032671
v 4.7623436722948895 152.10455043455727 29.058504992967613
v -0.11458472106210138 143.89033680400655 34.666502944339371
v -0.23092142768956236 145.790750287398 35.393878000596317
v 1.5557562415707196 140.82141657679279 36.360546688140715
v 0.9805212225765807 143.60076396581712 36.640454183874077
v 2.7747288358297979 138.62506520302063 37.618503515889621
v 9.0239742337126838 127.22587397440887 43.997806274792779
v 8.4420816114553823 130.11212281082348 44.318410271041472
v 7.1176018850212692 130.63437276548817 42.017227461052599
v 10.270095357524399 124.91289666687986 45.249843651683825
v 2.4728333003523453 140.90303573481839 38.176045401307576
v 6.646772375691226 133.35759437191439 42.471034553808352
v 9.7956780938032537 127.6651577971428 45.711262946562442
v 11.30216241026883 124.94180969146817 47.261437417450438
v 15.263082748618572 153.86036833127054 21.938341686102955
v 16.766638511097256 155.21381509986173 22.854898851087619
v 19.684879036475646 155.96967642051919 21.346804032539591
v 13.665155474641546 154.41049164398308 24.45769014139325
v 14.375746088517174 152.4197953385688 25.717017740141941
v 10.83122249969774 150.91198641083733 27.989839963006094
v 7.6438243581084286 150.72891876789552 29.156482296002153
v 2.9283456764858293 143.60364180197928 36.009037208671273
v 6.2366560918199863 142.6083606931596 35.684649193782079
v 4.5041548403985736 140.87046248023074 37.544168590413349
v 41.059265310850279 118.56255826515985 42.627456965985814
v 4.1123657459070664 137.97220200634615 39.838420960443251
v 39.188644678229863 118.55854302675738 43.026628185087844
v 10.570449534417648 129.71605106821153 43.927051171990627
v 9.462068022335707 132.40560721872515 42.273539368469542
v 40.475909210588654 119.45897449200791 41.97394239987436
v 40.960975309892589 119.0929176399583 42.152683188700621
v 41.167919120748152 119.78970675604825 41.489920987564616
v 41.929609831705086 118.78798853838073 42.177678391931288
v 42.327915381523653 119.88453155321625 41.062028681891356
v 18.512963995595801 102.5411167257158 31.063671812558262
v 23.209918432170866 102.08893388892024 31.032857168166036
v 21.480223807697993 102.03256747674183 32.614777466988059
v 22.824963118434695 102.07638916017024 31.384924299740902
v 20.31918825864399 101.99473223843684 33.676621376725741
v 20.10692454659976 101.98781509611915 33.870750600483028
v 19.943251836517657 102.21714869625571 33.668978182829107
v 19.561369280668092 102.75223179788203 33.198201066014882
v 33.836748588108179 119.63937533016862 43.94723154924295
v 33.125745066665225 118.40938956283773 45.096865360747515
v 33.30109240375414 118.71272804493277 44.813343238289391
v 30.531999975084187 118.19010164008394 46.098812062638572
v 32.45400352924463 117.24732424890581 46.183015795619539
v 29.702714774525699 118.59688098044091 46.062480751262108
v 29.727966402246093 118.58449460183425 46.06358703502174
v 30.3976693873927 118.25599321491744 46.092926986665304
v 33.072927390506209 118.31801872151301 45.182267168933059
v 32.473350918956804 117.28079386370135 46.151732668733835
v 26.450759293184831 124.10886886411541 42.990505688670986
v 25.975680635355541 123.28701641209548 43.758668534132497
v 24.840780024281692 121.32371868310108 45.593708833988998
v 25.260802066671705 122.05032708731335 44.914567976108579
v 25.010298018691735 121.616972814962 45.319612275878114
v 25.296731091972333 122.11248175803023 44.856473717705775
v 25.457034659023758 122.38979558275712 44.59727612552917
v 21.504911888133879 98.306170685507439 26.044247478485605
v 21.438040479466189 98.190487881664637 28.569246848628769
v 21.105201091954207 97.614699299610862 25.217915173703673
v 21.249738489611026 97.86473876721314 24.984210171742596
v 21.403759442098647 98.131184113427523 24.735171047012855
v 17.808530634071637 97.165321195473894 27.00619358450307
v 17.808670692883204 96.855128215928247 26.850995020726053
v 17.808487038073949 97.261874723728951 27.054502121126738
v 17.874343938443701 96.822914305092453 26.853872191489444
v 17.934445543660157 96.793433384285166 26.856505266494128
v 18.984741633508644 97.847716780551266 27.687976902280621
v 18.036951394187774 96.896328384348394 26.937654485309348
v 19.362294607125957 98.226703082740656 27.986868416401109
v 23.405678684291185 101.59436270675643 29.973751065913419
v 23.673709059509196 102.0580362847177 30.52785708412042
v 23.681903910263749 102.07221279649227 30.544798507709849
v 22.724133670427172 100.41533807246655 28.564775707975539
v 22.476301416671564 99.98660581501403 29.733764451900022
v 24.967747157133513 104.29663060170741 33.203054986968311
v 24.807918191300956 104.02013780349692 32.872636496975957
v 24.321818880666655 103.17922040216516 31.867711016982696
v 23.930961448579723 102.50306470950868 31.059681497178683
v 22.623156472831251 101.49994436751626 30.568344417080979
v 22.417530075816579 101.2935373378206 30.405559352622316
v 22.962066083951886 101.84014060293312 30.836643739020651
v 21.509469982902999 100.37253631137699 29.67001110710526
v 35.78362061483773 123.00732613698351 40.799300714725518
v 35.218726296643545 122.0300989496767 41.712688044797936
v 35.189713787464889 121.97990936230042 41.759598869431656
v 34.327968583889408 120.48915115436296 43.152969497078772
v 34.42352763952767 120.65446155695577 42.998458417957465
v 34.731205593319082 121.18672263959698 42.500968647421182
v 34.209318224528076 120.28389443072966 43.344817301984335
v 18.031522746487774 109.54418555113629 33.642015985270987
v 17.803119715861246 109.14906447449842 33.002008668071944
v 17.806031974853582 102.69918614161838 29.774947065112265
v 17.805366208421084 104.17368154158477 30.512679971594476
v 17.804896774953516 105.21335169425495 31.032857168166032
v 17.805046164557353 104.88249349398322 30.867319193801723
v 17.805217821829775 104.50231833614413 30.677106512113223
v 13.360896802246341 105.80646331103006 30.044059125859732
v 13.909197538875901 106.35684559691711 30.478123876547404
v 18.768569611274479 103.86308040714546 32.220853614942946
v 18.397299217062194 104.38329404621881 31.763158957073866
v 17.895843400870291 105.08591983874709 31.144974335282587
v 15.177345827796126 107.62980823853255 31.482059188122694
v 14.548596947736971 106.9986723987686 30.984307301912082
v 14.870146496651651 107.32144266686177 31.238863452322065
v 15.168761532213054 107.62119135383749 31.475263391813893
v 17.064469759314644 109.52409637968272 32.976009358400752
v 17.802873447740808 109.69448279692028 33.274897307980972
v 16.857054763367074 109.3158939608813 32.811808341531261
v 24.268611671294291 125.17925161011937 42.894904941585501
v 24.716403188121127 124.95960179880035 42.914522864368415
v 25.250350555089621 124.69769098985974 42.937915308891625
v 25.624419364129952 124.5142034957056 42.954303410799533
v 31.127558449727637 115.06954666740323 4.6135968030165193
v 31.127525899927431 115.13131591126128 4.6444927344390203
v 28.897947394840806 115.24300162772174 4.0553065706060369
v 27.400134797455966 115.97781150571434 3.9896076816381729
v 27.626277483937134 115.86686846774532 3.9995270288755789
v 29.831902974837305 114.78481360941696 4.0962728731049234
v 30.765740844824155 114.32674929993959 4.1371846781230079
v 31.127611181708097 114.95275936959888 4.5551647233698942
v 30.282550373924447 116.31527186401794 3.6028239391066128
v 29.86590450040196 116.89906434908771 3.0891913050285913
v 30.008403914319487 116.6993981763051 3.2648617099848072
v 31.249966905395617 115.16442611125115 4.8980172601614855
v 31.195263078733412 115.06979236305746 4.7447318626491954
v 32.065894905608808 116.57592380030937 7.184326198408022
v 31.539811579518656 115.66583688230401 5.710189987384366
v 31.966914351193932 116.40469444700636 6.9069731400349541
v 29.46666890865605 112.07944679856377 6.2376764145980488
v 29.608529653673916 112.3248558465539 6.0082993382837326
v 29.504942303058684 112.14565706189292 6.1757915055092463
v 31.170113728594384 115.02628576738569 4.6742609583550463
v 30.596257589335547 114.03355526395391 4.4112250662748744
v 25.556288751587754 120.79892367706566 0.97945157765901669
v 27.092309016935673 119.91101436406602 0.97945157765901669
v 26.222594936875868 120.31664237334542 1.1249047146940629
v 26.836169567169609 119.87252887243324 1.2588466722383378
v 27.124734851261 119.66366147109011 1.3218398227406911
v 25.214536666084797 117.04977438255297 3.893939837808857
v 24.508682210222631 117.39594935589636 3.8630604740476859
v 21.458636182136352 118.89205191570069 3.7294367558330799
v 21.983603275229942 118.6345460929826 3.7524357710195799
v 22.508314823479253 118.37716561961734 3.7754235906857683
v 23.035244415742294 118.11869715567879 3.7985085837341104
v 23.334884143434767 117.97171846765518 3.8116359182629598
v 31.11557925939 141.60026402718279 17.887685843466791
v 31.115666104930824 141.40792427527148 17.791452675012806
v 31.115829914339262 141.0451300468109 17.609936177488766
v 25.719635085052769 152.66879922751625 21.866022433853072
v 23.923861997796386 153.54965829912763 21.78734890736224
v 24.422276190717092 153.30517715261217 21.809184629530272
v 23.684196336418715 153.13752976072163 22.173016502763623
v 14.405279882135591 153.49976346453983 22.138457215092366
v 15.482884653192588 153.53487990291649 21.152916277794208
v 15.107468763539696 153.52264604008596 21.496258974209908
v 15.594860529520902 152.20269337564292 18.703709670236055
v 16.188404761967231 152.7984909181321 19.173591638410375
v 16.75727429444229 153.36952008650368 19.623939769083098
v 16.970296422518548 153.58335092414913 19.79257969738735
v 16.184320204251982 153.55773792931507 20.511407007408156
v 28.153420292543721 121.76952829107626 2.2165369527621035
v 28.153394540818386 121.82656150678098 2.245072328314198
v 27.152283982176449 120.01605924553527 1.0493727575363718
v 26.298562619115568 120.43482496410918 1.0119708882527756
v 28.153373696226417 121.87272672850509 2.2681701305872193
v 37.313900963653246 125.65460282732866 21.889745249284761
v 37.694380946077352 126.31280626658338 22.95588685052018
v 37.336510725602615 125.69371611518415 21.953099982573661
v 38.348508337260263 127.4444003542518 24.788814879491628
v 38.002653866382531 126.84609659918172 23.819697300619861
v 19.806474840435037 119.70246683723551 3.6570549164983222
v 21.234833131528568 119.00183134651029 3.7196318560071107
v 20.327143753973836 119.44706934907211 3.6798656267450354
v 32.817495679841244 149.51455382270515 27.39256104427141
v 31.553257127310939 150.42962654871329 27.116580620426689
v 32.536697721826435 149.71779912983794 27.331263483528172
v 31.27092630564271 150.63398136300293 27.054948439006122
v 32.845541295441556 150.59832934926416 25.7451061548044
v 33.427456364213171 149.7829663139228 26.462479321268123
v 33.875583309260414 149.15506343644057 27.014921185722425
v 33.372529882896472 149.11281266380678 27.513723758619054
v 34.475513068706597 148.31445872296197 27.754502499707325
v 26.057454767857973 116.63635121003713 3.9308359881870367
v 9.4803531393456542 129.14161886947696 5.3936757321367805
v 11.126515808831801 128.33414640480146 5.4657947672783038
v 9.6010524702653299 129.08241367182004 5.3989636173801463
v 14.616858416425865 126.62207043554403 5.6187080521188664
v 14.275711875518262 126.78940896369093 5.6037622877492943
v 12.543035920443398 127.63931775451839 5.5278530714797238
v 11.611382311488754 128.09631064458389 5.4870369597980639
v 13.118465999603666 127.35705892744085 5.5530628899683201
v 19.402149564799593 122.39777279910486 4.8889776625153445
v 19.402849895200966 120.84672741009801 4.11294457150405
v 19.402236370237279 122.20552186497014 4.7927889321765713
v 19.403277253514421 119.90024252204289 3.6393906713546857
v 19.402921573106436 120.68797993239666 4.0335185942347973
v 21.842200998287478 149.97195023747318 25.135707349499199
v 21.606842409976281 149.56479653835453 25.51626269527501
v 21.195912197540324 148.85391635644388 26.1807028170713
v 21.237041911375538 148.92506785022135 26.114199476009766
v 22.439334371972066 151.00494870890094 24.170192136617548
v 22.271277779082844 150.71422269823316 24.4419257294971
v 22.430816845581695 150.99021399111538 24.183964271400896
v 20.164559644085053 147.06974943800742 27.848314483223753
v 21.113045732744759 148.71056323762849 26.314691027953149
v 6.2997188635765067 119.97923223834205 35.09419593781552
v 6.2996812664257646 120.0624999176856 35.135857178060519
v 6.2985263469486714 122.620339083481 36.415618459200672
v 6.299057094985236 121.44487348433749 35.827498853710026
v 6.2972515750889224 125.44361936837261 37.828187647571475
v 6.2983608681301728 122.9868306107798 36.598984822799643
v 6.2981295994692879 123.4990291236406 36.855252626413872
v 6.297606694001086 124.6571255217829 37.434681915788111
v 6.2979697212626853 123.85311678664758 37.032412976175287
v 6.2984644729405481 122.75737353866293 36.484180780189853
v 30.176428591015242 151.42619340663134 26.81602205713348
v 30.878409711128615 151.71295259033033 25.778794835608217
v 29.82756147213491 151.67870808026595 26.739865152140045
v 32.42554602352218 151.1868149172081 25.227344449900279
v 32.023417901370578 151.75026553718561 24.731609007061611
v 31.96549881666694 151.74837809939444 24.784579846240689
v 31.363890326078344 151.72877318667125 25.334790657872144
v 31.558195724806179 151.73510511257206 25.157085501095157
v 32.433429413195938 151.17576893321808 25.237062933775729
v 17.480734078575999 125.2172877963153 5.7441755732503168
v 19.401686037127387 123.42436318736513 5.4026106727744665
v 18.250060341567643 124.83991939571162 5.7778800599480435
v 18.949027433413352 124.49706343691633 5.8085020836362142
v 19.401301859352792 124.27521467786444 5.8283164044336369
v 19.402129825729087 122.44148958510819 4.910850441230723
v 28.411985094520869 118.73193257641513 1.6028436467564047
v 28.713631498765348 118.51359688583672 1.6686923762766444
v 27.951927213312636 119.0649286068211 1.5024140491975861
v 28.901426472017789 118.25046384868031 1.9002022337073063
v 20.776647227787542 103.80298190045576 36.076464860644307
v 20.776766609451649 103.53858329761808 35.944178554599723
v 21.032507052393949 103.79529462440853 36.146636629503796
v 21.678355496110058 104.44359494399977 36.657925462393067
v 21.195670768842412 103.95907776973993 36.275805921408882
v 20.776325451660906 104.5156303539992 36.433023595886631
v 20.776629956408726 103.84123340634483 36.095603200863948
v 18.988812564614406 103.55448217248063 32.49236468813497
v 26.384015466241905 152.34290867379096 21.895129200120149
v 26.556321654561561 152.25838938226505 21.902678002119412
v 29.314685673534381 150.90536210606794 22.023523016591472
v 27.781271836007264 151.65752923614994 21.956343552201332
v 27.480441168829802 151.80509210145996 21.94316404214441
v 27.174260323225916 151.95527932573555 21.929750138662648
v 24.686770032706601 121.05729229848951 45.842730235830906
v 26.126568989313224 120.3510449550898 45.905808395403476
v 25.036263501273517 120.88585945185609 45.858041682389931
v 28.130381985378314 119.3681385578827 45.99359623226735
v 27.123935856456399 119.86181852727319 45.949503430817522
v 26.764621686635724 120.0380686049089 45.933761735467193
v 26.148935133126699 120.34007395835594 45.90678826497625
v 35.988925046050447 123.36248827155231 40.467340452004379
v 37.062821612367578 125.22025332097841 38.730938640391273
v 36.434196447041614 124.13277627899724 39.747373472323915
v 36.194288775768811 123.71775298833873 40.135284308510499
v 36.122390507361317 123.59337407294674 40.251537854178089
v 37.788065322455239 126.47487360674539 37.558279623167699
v 37.200051991032275 125.45765216291444 38.509048483000306
v 37.82298595710941 126.5352838330177 37.501815848929049
v 6.3031818686352636 112.30959799433612 31.256854998932326
v 6.3028589827489752 113.02470427006224 31.614643454052036
v 6.304130478813839 110.20867899872262 30.205704159836475
v 6.3033310980004247 111.97909468006449 31.091494584349025
v 6.3021995771037815 114.48511221958242 32.345327999608301
v 6.302753533548211 113.25824617584885 31.731491257677117
v 6.3020243924208446 114.87309965259398 32.5394493896382
v 14.077914482191531 130.17797228856546 42.448446482576138
v 12.470730776074783 130.9663248690365 42.378035131177619
v 9.3704770206282699 132.4870552242032 42.242211792645406
v 11.65628293808709 131.36582621558009 42.342353850501318
v 9.5626566145573086 132.39278766896902 42.250631256374582
v 12.46678787913066 130.96825893106595 42.37786239130898
v 9.4806475764217275 132.43301458054736 42.247038408102135
v 9.4314551846636796 132.4571443354935 42.24488327003732
v 21.583604795201655 126.49629588532814 42.777273732445877
v 19.317522528755461 127.60785008757229 42.677995775511988
v 21.317301562165369 126.62692242176757 42.765606882882558
v 20.494700069610904 127.03042328286172 42.729568387387147
v 18.387477702045668 128.06405384094526 42.637250145214338
v 18.919917726825762 127.80288241052079 42.660576552482375
v 16.760228282891749 128.86224901538458 42.565959707021726
v 17.368584837475343 128.56383915854801 42.592612047371716
v 6.777746375468416 130.46729620691642 5.2752734649789321
v 7.9250762009309437 129.90451024466938 5.3255384366826561
v 6.5069823772458362 130.60011082909375 5.2634111875352518
v 6.4019248150262031 130.65164345722991 5.2588085743415238
v 28.954846564237283 111.19403036945889 41.445687094873087
v 28.517693018337603 110.43778567674117 41.636361710561545
v 28.911736238465384 111.11945255721849 41.356564020901935
v 28.529992664708971 110.45906319439578 40.567375812445235
v 26.835382702710991 107.52750790448022 37.064065496616848
v 27.701475413421004 109.02578699204423 38.854561006460763
v 27.025380940561849 107.85619140790398 39.912659582439268
v 27.637630746656036 108.91534023746063 38.722573301499658
v 28.363801399067 110.17156406783801 40.223804378085404
v 27.896092145573984 109.36246016371406 39.256897131394474
v 15.543025910503504 152.15066197353642 18.662674560345298
v 14.273916481972975 150.8767345434747 17.6579783582633
v 14.882035962807736 151.48716266730267 18.139398887550666
v 14.305126811898843 150.90806335917807 17.682686156690544
v 13.43637104341691 150.0360094774455 16.994931734960936
v 22.049418869358885 99.248129222871441 23.691193224246746
v 22.667498161566346 100.31736265079357 22.691810195776714
v 22.481463991124823 99.995536703411602 22.992612042722207
v 21.632853013374863 98.527499776512997 24.3647457149372
v 23.478575048892466 101.72046825791847 21.380366039343226
v 23.957512839905892 102.54899673719787 20.605963295122042
v 24.144990888390108 102.87332049139613 20.302826816958145
v 23.993697116772907 102.61159297505795 20.54745631607539
v 13.311077555930844 152.13147578466791 20.798011312677836
v 13.734332535425828 152.86367694124482 21.673017107015454
v 13.417943825683597 152.31634686735524 21.0189386727398
v 14.09620546967388 153.48969150416013 22.421126236549647
v 22.334174403295407 99.740736141610512 27.758602987448814
v 22.363267494528206 99.791065130236888 27.818747875606462
v 22.415534368150308 99.881483122158485 27.926800514055799
v 22.372012054258768 99.806192599631601 27.836825726556501
v 17.283701115394535 125.31393601665924 5.7355434815019617
v 15.736281982926897 126.07297299638233 5.6677504396223686
v 16.990094172470521 125.45795551500123 5.7226804456507487
v 20.775276310420121 106.83919888785654 37.595572470526903
v 20.781641614113042 105.51322392955686 36.933816905115755
v 20.783668334435237 105.88122276895317 37.118571809674606
v 20.775199436736841 107.00945363012733 37.680755866731914
v 23.957972363957424 106.72366923924363 38.448194239169943
v 21.760990931107695 104.52605128194675 36.722478405832547
v 22.792798827677299 105.5581581209385 37.532957364575076
v 20.776311964662483 104.5455004648439 36.447968480550848
v 21.715016760453175 104.48039538785235 36.686948517632437
v 25.409947290372706 105.06160553332548 34.117226579947165
v 26.093433607114648 106.2439884841889 35.530215242746294
v 25.419297954385453 105.07778152022837 34.136557445709975
v 26.379991475282281 106.73971331357873 36.122623618801065
v 26.4765842958798 106.90681205638127 36.322312415882891
v 26.64331168856711 107.19523864478042 36.666992199332256
v 28.622821083062533 119.12658830329347 46.01517018315888
v 18.189343986766119 109.81720512624463 34.084246319564279
v 21.471761960804049 98.248823657575699 24.62521660598205
v 23.507934659696719 152.83654304297701 22.455075069075487
v 22.745777236987319 151.53507317537887 23.67469940234685
v 23.659763110408946 153.0958072681336 22.212115192999946
v 22.970251338001429 151.91838805209753 23.315490047916125
v 12.013264921708076 104.45371532913923 28.977200270552736
v 10.730559184440857 103.16613997380183 27.961740489347452
v 11.649301900212471 104.08837057147853 28.689067303312612
v 10.705334786292582 103.14081981465284 27.941771480805208
v 10.63934709908556 103.07458161415606 27.889532030659574
v 10.451789949887807 102.88631242972188 27.741051567717552
v 7.5606451526708138 101.88196948404899 26.402024984067094
v 7.5681446915300175 101.87829082504473 26.402353541819345
v 8.2233481583721648 101.55690171323835 26.43105826385316
v 8.8306440908461177 101.2590121106663 26.457664137930635
v 10.170320796449731 102.60377471688163 27.518225243127159
v 17.806425772049245 101.82703019446325 29.338582094550016
v 17.806310669444667 102.08195181965455 29.466126793219029
v 17.807043982790361 100.45785799007921 28.653545444155643
v 17.806695796346116 101.22899826587658 29.039369338202697
v 12.398935484766318 104.84085003809501 29.282518110959995
v 12.935346654881766 105.37929762034391 29.707170432701357
v 6.3061591651781406 105.71567880202406 27.957725567288051
v 6.3061195387444684 105.80344080280383 28.001635447180146
v 6.306081715280647 105.88720970536723 28.043547463970643
v 22.102920387573747 126.24156222559331 42.800025153159076
v 23.241757860697884 125.68294191525945 42.849918071560857
v 22.823875731361696 125.88792063283918 42.831610490828247
v 24.200960282624401 125.21243583581013 42.891941107593091
v 32.942080070867391 118.09166211989938 9.639481523836567
v 32.400936202464116 117.15552152967614 8.1231442209318647
v 32.81588303138038 117.87335017380198 9.2858652497486354
v 32.136168128796143 116.69749150249102 7.3812385463732806
v 32.395406818429294 117.14595608666521 8.1076503536561848
v 29.380719195472992 111.93075987827002 6.3766499827793073
v 29.427236099993134 112.01123083062758 6.301436000527354
v 29.416494557627633 111.99264872262066 6.3188041849577559
v 29.397205652103462 111.95928028133085 6.3499927477548921
v 28.114316514718826 109.73997287643338 8.4243182387962907
v 28.0657537805196 109.6559627835347 8.5028401582112956
v 31.119168969076039 133.65001276648766 13.909944054682523
v 31.119022446524461 133.9745212092908 14.072305060822428
v 31.11840938939639 135.33227953286544 14.751631014890471
v 31.11786827506549 136.53070371409873 15.351237466317825
v 31.118331303724187 135.50521850791327 14.838157410774118
v 31.118042241619332 136.14541411272239 15.158465879870549
v 31.117558642803875 137.21645673970943 15.694339637219326
v 31.116901130620878 138.67267117455782 16.42292604549603
v 29.593876412150152 150.76841401581933 22.035754472851927
v 12.758051539072969 151.00924884119203 27.294613191402778
v 12.706776783006291 151.0463621935063 27.283420027831319
v 12.690590885168335 151.05807776223961 27.27988668284932
v 13.162301338032314 151.87410345807083 20.490442449870422
v 12.801838634842607 151.25052849507043 19.745248726904794
v 11.941937499078012 149.76296039392281 17.967553217570671
v 12.702520736079062 151.07871555992142 19.539926306355291
v 12.214570747635799 150.23459661697092 18.531174873012969
v 12.408240465876831 150.56963152160267 18.931553211977441
v -3.5491064318229761 122.96455084816259 14.222958035676495
v -3.109408154895807 123.72519774544203 13.512002336062098
v -2.9076086692580856 124.07429657224581 13.18570928006916
v -2.5553173041699333 124.68373569869711 12.616083318182925
v -2.7370357975824726 124.36937556711207 12.909907072780868
v -2.1043801550508658 125.46382504938219 11.886955292995847
v -1.8713063843024 125.86702617583647 11.510094307998877
v 15.210003184732733 129.6226623718623 42.498043734679641
v 14.329397176471108 130.05461549355533 42.459464038497202
v 16.247133816531729 129.1139311006626 42.543480836290271
v 25.135307433509677 107.91367072978714 39.394637052588159
v 26.380230803502386 109.16332028222557 40.380186252362861
v 28.198369226307825 110.98836102055085 41.819523733581498
v 28.007381427744388 110.79664816275671 41.668327381598786
v 27.553568263871764 110.34111215886004 41.309064143971149
v 27.634412264198161 110.42226307245065 41.373064661391538
v 26.419428531070668 109.20266681864139 40.411217310152495
v 20.774170206054986 109.28892557675989 38.821241937066368
v 20.774465832799716 108.63419104234866 38.493659218899538
v 20.774055695482122 109.5425360093262 38.948130607953779
v 23.973573339779229 106.73943805898071 38.460735640365506
v 25.058015752765797 107.835547502449 39.33250337656942
v 24.455837990597228 107.22689117929599 38.848421291406147
v 9.3315905511081514 132.50612973850727 42.24050816109439
v 9.3137161962392643 132.51489743179059 42.239725078565058
v 6.2946554365978304 131.19337495223658 40.704957489337673
v 6.2949651379152929 130.50746898631678 40.361778797954138
v 6.295936832617703 128.35542391623247 39.28504809776328
v 6.2957886637342604 128.68357854583343 39.449233397138649
v 6.2952954119822548 129.77599985736629 39.99580353176141
v 6.2950782183839724 130.25702585377911 40.236474819332201
v 29.717351452883328 112.51310985678896 43.022032863024762
v 29.487459221161387 112.11541256766155 42.546770799788277
v 20.773961738649259 109.75062537986193 39.052243768386091
v 20.772464342311345 113.06695961424471 40.711502178858886
v 20.772644373243466 112.66823902949513 40.512010681043222
v 20.77331939252198 111.17325103899249 39.764024735875353
v 20.771914429901166 114.28486919876418 41.320857743915617
v 19.219317829154875 111.59898697212108 36.970332348476411
v 18.667845735003606 110.6449792823847 35.425054361053363
v 19.2676176476987 111.68254223954509 37.105673097689056
v 18.667558357683799 110.64448213996199 35.424249102090869
v 18.456006348101262 110.27851213701642 34.831459970836399
v 19.874787885593324 112.73290377564784 38.807022654969899
v 19.299215611783819 111.73720448091127 37.194213640113546
v 19.637170323891066 112.32184221245264 38.141195333120081
v 20.087989200507653 113.10172696007972 39.404433298810012
v 20.334861192017495 113.52879803181436 40.096192425404759
v 6.6368740142044018 140.58557605700861 37.068245516869872
v 6.4813457654246465 140.31652319489507 37.319721814875301
v 5.8739820452077876 139.2658269480695 38.301778650860349
v 5.8723769778145725 139.2630502950858 38.304373911909472
v 5.1997422085335101 138.09943975325811 39.391968628725699
v 4.8434570325717479 137.48309161667703 39.968052252042
v 5.1868762436300955 138.07718254462708 39.412771828463136
v 4.8035688876410223 137.4140879492262 40.032548079007107
v 6.9388078414248771 141.10790020725085 36.580043523291572
v 8.0525077433351591 143.03452220997656 34.779283014388632
v 7.0346131873446378 141.27363667459824 36.425134213181934
v 7.5201811207983926 142.11363483101849 35.640011077718484
v 17.808043932437453 98.243235739879907 27.545505561876634
v 17.80769862611864 99.007997304618868 27.928138001376698
v 21.111574083262504 99.98262346076082 29.371693401973335
v 20.958904507895404 99.829374296091672 29.250831844178116
v 28.1544339772203 119.52448660725815 1.0932773436683156
v 6.3065665098008994 104.81351891060217 27.506348751310508
v 6.3068513103282307 104.18276156544199 27.190762517850164
v 6.3072337476222566 103.33576477604791 26.766985405195197
v 6.3076126465541931 102.49660451665385 26.347129136276852
v 3.4079542867704182 134.99977347119619 37.026820809620169
v 3.4235731766515269 135.02679304518691 37.070586445229353
v 3.7085743640084101 135.51982492695581 37.86918725546586
v 3.8398998408495824 135.74700870668559 38.237173905566124
v 4.0306071511515711 136.07691885526174 38.771554179338388
v 4.2373795262390788 136.43462042883297 39.337227059094857
v 4.1917748661978163 136.35572759485535 39.211034184279953
v 4.4318039123406807 136.77096085544815 39.875219715855906
v 4.604805219956325 137.07024087260621 40.353932468785153
v 17.802615826743835 110.26504471837642 33.560366021314017
v 17.794407764326646 110.25680549516537 33.553868071687596
v 17.802624309899404 110.24625678728053 33.550965873294238
v 41.389648319080365 132.7053572711857 37.195254722408485
v 40.861279329012127 131.79131631627735 38.049583621793161
v 40.545216546285673 131.24455007305596 37.396178984734668
v 40.633208420772085 131.39676978786051 37.578086826958064
v 41.925903040423236 133.63303998304787 36.328175248619708
v 41.670839697261783 133.19179845273908 36.740591551113809
v 6.3048262095660919 108.66782060792411 29.434767920125456
v 6.3057658248792139 106.58682284456061 28.393584252557467
v 6.3054977727829309 107.18048687390785 28.690611621957373
v 6.305333408127229 107.54451082723855 28.87274338657728
v 6.30424830307817 109.94772962176386 30.075143601754778
v 16.586123077548017 148.23843960502711 28.130272571969726
v 16.327707663212468 148.42548412851937 28.073861070015763
v 15.560417287815074 148.98085913590978 27.906363312104215
v 17.159677063801642 147.8232935800435 28.255478113208206
v 18.705745699071457 146.70422848126091 28.592981408295049
v 14.35030410102212 149.85675520030426 27.642198333490949
v 14.208142125551907 149.95965393422426 27.611164694968892
v 28.254421474637208 111.04462606362608 41.863897748736285
v 29.339305354906699 112.13362855816067 42.722750964781504
v 31.119829988516244 132.18603069063417 13.177471269835671
v 31.119582139381599 132.73495053863527 13.45211182476778
v 31.119397060416528 133.14485117239823 13.657197026065623
v 6.301860841507672 115.23532138286275 32.720679449676567
v 6.3019634378784568 115.00809773596129 32.606992854619087
v 6.3001863381208585 118.94390057907194 34.576189415595238
v 6.3004054707631347 118.45858011644988 34.333369481756435
v 6.3008507284064432 117.47245297814612 33.839981411560757
v 6.3010237504315585 117.0892552564336 33.648256453312143
v 6.3011757431665814 116.75263181361656 33.479833960529099
v 6.2962368530144932 127.69095861222483 38.952596792731541
v 6.2968249522660633 126.38847534055296 38.300926553762409
v 6.2965338634057915 127.03315966902707 38.62348086177829
v 6.2961235068730232 127.94199013926657 39.078195162226201
v 9.1906689918819922 132.57525430369361 42.234334332061316
v 6.7908377346565034 133.75241479700142 42.129196779144024
v 6.293744573627599 133.99624795355979 42.107418931903666
v 6.2937125018869411 133.56479531111083 41.891484998451084
v 6.2937676682979298 133.15954538459428 41.688689705617001
v 6.2936944344499297 133.32173886075509 41.769839816077351
v 6.294249588967701 132.09221940353083 41.154675494252302
v 31.1117758257299 150.02385699036125 22.102254244216219
v 31.111851400786634 149.85647836016923 22.018509850481657
v 31.112520143683287 148.3753908844989 21.277478736918624
v 31.112206689028366 149.06960949364262 21.624816485323471
v 3.2913818408367135 134.79811139071813 36.700173574788359
v 2.6102012587495422 133.61971719760777 34.791439896107235
v 2.753784541948503 133.86810611473007 35.193774101668005
v 2.559117325359241 133.53134560855878 34.648297788616723
v 1.2957185602922263 131.34575516824395 31.108132616704975
v 2.1390864220241386 132.80472187553866 33.47133069301038
v 1.6528302785326117 131.96353316446448 32.108794088246867
v 1.867128909668921 132.33425462829243 32.709279517957484
v 31.115434890320874 141.92000307969363 18.047660585015699
v 31.115535153522444 141.69794678144564 17.936559364684399
v 24.241234315950582 103.03981480897458 20.147209165115768
v 38.342253894741397 127.43358061138302 36.662202597618482
v 38.080445210904827 126.98067011914091 37.085525557360228
v 37.999599496759878 126.84081275592251 37.216246381791095
v 27.302520552185786 108.33562332009656 15.197362845469998
v 27.935132684468016 109.42999753271491 14.174481418154853
v 28.209192888223992 109.90410228725612 13.731348765328761
v 28.209535441222748 109.90469487969808 13.730794885498733
v 28.554145717608428 110.50084626636091 13.173588607925183
v 27.446592700800075 108.58485793978555 10.317060444122742
v 28.276410902435053 110.02038469415625 12.032564737879202
v 28.228993861409858 109.93835656935657 11.934538281824528
v 27.57031978113605 108.79889703137515 10.572844587146008
v 28.523923263352305 110.44856355964041 12.544253342774516
v 28.708005186483824 110.76701225735597 12.924810588822947
v 19.897932130554814 146.6085027114716 28.279429091502603
v 20.040300056317392 146.85478914625185 28.049231945926909
v 0.13678389451769679 129.34088022574562 27.860685924703098
v 0.71609971426614449 130.34305558998869 29.483984716278343
v 1.0675638854400811 130.95106372951716 30.468821216335222
v 0.1226114536967273 129.31636290624945 27.820973378844542
v 0.87767160708264746 130.62256352851722 29.936724740666836
v -0.79057854895478552 127.73660883716869 25.262126930586859
v -0.50502093693221983 128.23060329422555 26.062286896393815
v -0.35881197943475646 128.48353444203931 26.471978494538273
v 1.1817313469988198 131.14856535725107 30.788729453030687
v 24.497331211123548 103.48284431110858 19.733121694613967
v 25.679842735132286 105.5285055495842 17.821098491500564
v 25.223750940265646 104.73949902660121 18.558561151972889
v 24.707735101925394 103.84682814982726 19.392916028055499
v 39.214284967342138 128.94213264470133 35.252200571594962
v 39.204813112688377 128.92574700656732 35.267515776146318
v 39.607239342900812 129.62191590114239 35.457074833148233
v 39.366679171220149 129.20576383096221 35.005851600987562
v 39.379192127077047 129.22741035892872 34.985110149121894
v 39.40860432642026 129.27829138199968 35.046431606726628
v 39.356754580933135 129.18859499222728 35.021839005222134
v 36.860261622285286 124.86983887531393 20.618604069378165
v 37.008129676462794 125.12564014295343 21.032944616410294
v 36.278335549436015 123.8631479579599 18.987991096902217
v 36.085985729964342 123.53039638477684 18.449008354045894
v -2.1049302711937066 125.46287338739226 21.579186659178887
v -2.297235533645769 125.13019889469939 21.040328769388232
v -2.5657183199139926 124.66574267764287 20.288014111906218
v -3.6068871960315274 122.8645942157991 17.370558518925431
v -3.2034991199195746 123.56242703570098 18.500890807749748
v -3.2071476776184196 123.55611528912655 18.49066719723951
v -3.5066522568368041 123.03799356598599 17.651426484414561
v -2.9769329276532202 123.95437051198699 19.135751126733403
v -0.99586414176298721 127.38147929170631 24.686896903417804
v -1.7176108191470567 126.13290862499692 22.664493113841083
v -1.5726486912323443 126.38368284588297 23.07069097526028
v -1.3526257367483381 126.76430698393536 23.687216510999647
v 8.2279938631971792 143.33810077644603 34.495536491679871
v 8.4508436396524811 143.72361511642654 34.135206858741746
v 8.6939909828787236 144.14424281026083 33.742057741304052
v 9.2575762086411029 145.11920536031806 32.83078710527969
v 8.7052410979146497 144.16370471299084 33.723867236983658
v 8.8164002748318069 144.35600222122099 33.544132053698448
v 26.030625619106708 106.13533511047895 17.253911618648438
v 26.67289747297999 107.24641995773554 16.215411221502809
v 26.639228381268865 107.18817481217059 16.269851354450676
v 26.60191448907743 107.12362441975334 16.330184827926374
v 26.611429452472724 107.14008463295893 16.31479992011009
v 26.585663938542332 107.09551211754014 16.356460622331433
v 40.940633239719389 131.92859296513825 32.052198820225577
v 41.461142771732341 132.8290376139027 33.510716722752242
v 41.587992239870673 133.04847821538806 33.866161164836242
v 41.961562481795795 133.69472829265035 34.912941006872742
v 41.746448430948199 133.32259621043721 34.310170692498438
v 42.268774904353442 134.22618403920737 35.773779840017802
v 28.152629424445866 123.52109057382427 3.0928944739627595
v 28.152841239841116 123.05197586526533 2.8581827499203518
v 28.153194648403755 122.26926998753169 2.466572249057239
v -4.082234067320698 122.04227777347769 16.038590746876945
v -3.8810978211373062 122.39022924296954 14.759760617904995
v -4.2980309756707182 121.66896439611799 15.433906999931507
v 10.370665472822004 147.04477100299286 31.031013947014394
v 9.8082194766244406 146.07177923944818 31.940442543179213
v 9.6605755062665892 145.81636562095605 32.179170615923056
v 9.5253730990588323 145.58247502610087 32.397781711417217
v 40.693560044187819 131.50117382468724 31.359875900559423
v 38.612523154374614 127.90112730091458 25.528609856548844
v 38.467322876894002 127.64994109813571 25.121744677080706
v 38.440204868015087 127.60302886218544 25.045757401155505
v 39.980962549047916 130.26843059568191 29.363109001905681
v 40.562186823417385 131.27390745133914 30.991755467365323
v 40.464538905634782 131.10498346508609 30.71813658534489
v 39.521889367826368 129.47426648532718 28.076741678732738
v 38.658192600158344 127.98013220964116 25.65658004763532
v 38.924369874367208 128.44060005401892 26.402434438001642
v 39.401716073020708 129.26637519116844 27.740004518124294
v 39.658821318434704 129.71114906784842 28.460438208972644
v 11.502505113733925 149.00277347026233 29.200922982411562
v 11.085807325483024 148.2819157904203 29.874688796651402
v 10.682535399264587 147.58428390161313 30.526746103864742
v 10.895329277239579 147.9524022489783 30.182676025977152
v 10.532927720040959 147.32547320577436 30.768649331217485
v 19.585269065040563 146.06761773839563 28.784979374846294
v 19.706880219898213 146.27799642867274 28.588344208825273
v 19.046397661172271 146.45766004767239 28.667344963097239
v 27.225899284080974 108.20307394952172 9.8608153253251167
v 27.771844894756867 109.1475212140097 8.9780664860482506
v 35.895841609294486 123.20146051440179 17.91620619193241
v 36.024733777641046 123.42443484266525 18.277374476981731
v -0.8205319295446889 127.68479160884576 9.8110790358900228
v -1.6326670251723001 126.27985537625914 11.124234227510152
v -1.4045745734568884 126.67443917336355 10.755427622855308
v 12.683883492918643 151.04647444839625 27.290731980635787
v 12.680868593054372 151.0412588850254 27.295606824033506
v 12.32704263341963 150.429165018627 27.867714098212172
v 11.833215072443764 149.57487829120919 28.6661923673472
v 34.206360961504764 120.27877857501414 13.182118496661667
v 33.892023910792233 119.73499772602968 12.301315768383763
v 34.178843990999177 120.23117616368816 13.1050132917858
v 33.900367878555436 119.7494321996747 12.324696370682558
v 33.702289758236454 119.40677107147445 11.769662376459983
v 35.594811410127186 122.68069957673285 17.072690544891866
v 35.07111546667214 121.77474266170745 15.605244010232107
v 34.54136054786867 120.85830414818302 14.120819642366396
v 35.059401394636375 121.75447814620657 15.572420050775374
v 33.315328359195846 118.73735524022729 10.685359220848534
v -0.67752041466554802 127.93219140724449 9.5798412600125076
v -0.32440563313264231 128.54305498586388 9.0088839019273976
v 0.68912139676661488 130.29638501023743 7.3700946311213817
v -0.29522278667749963 128.59353924467203 8.9616976560242971
v 1.2055618307157507 131.1897904073619 6.5350532191026209
v 1.0471108876843416 130.91568149106104 6.7912552716663122
v 1.2729199735678425 131.30631522689271 6.4261406804617911
v 1.4897482823108583 131.68141285392994 6.0755472621388629
v 2.1111283876018687 132.75635645485531 5.0708270922738112
v 11.435706468057125 148.88721654124359 16.921008919508743
v 11.30216241026883 148.65619477350626 15.68697443869763
v 10.979151616510816 148.0974089629799 15.977161451931069
v 10.891155454345707 147.9451818307947 15.795244745680352
v 10.889231694474217 147.94185386238058 15.79126770792293
v 10.252084375511576 146.8396340978052 14.474076834931454
v 10.843689351604391 147.8630688326987 15.697116863090919
v 31.116512771617476 139.53278297368306 16.853264978722127
v 31.116423091592182 139.73140035405328 16.952639027160469
v 31.112736562934394 147.89607986092992 21.037665500109227
v 31.113079491615967 147.13658412967118 20.657667710156726
v 31.114087271688049 144.90461957282642 19.540950967789222
v 31.114530792684441 143.9223386450779 19.0494872685288
v 31.113460362764393 146.29305593581529 20.235626036668176
v 31.113769269169882 145.60891048827008 19.893328183798921
v 31.115255056676098 142.31828672549645 18.246933469576174
v 31.114642886168383 143.67408142099865 18.92527696344451
v 5.8642612745691345 130.91537711625799 5.2352533227936027
v 3.9200137951235758 131.86906555377865 5.1500750746817516
v 5.1437610107289915 131.268795484094 5.2036879223562407
v 2.5979536273926471 132.51755989876355 5.0921550978391492
v 3.2961987569829794 132.17505807546925 5.1227454920764588
v 11.933212544967613 148.52714444196772 15.804949531245137
v 11.568166267766028 148.16071231616797 15.515958999740489
v 11.498322634533555 148.09060353107049 15.460666972535613
v 10.360304389316584 146.94826495419048 14.559749696872956
v 11.178890210000741 147.76995842473431 15.207786853189591
v 13.030601019764518 149.62869900302402 16.673702065936801
v 28.15149248885119 126.03910022793477 4.3527278927171009
v 28.15172586294257 125.52223874707731 4.0941270706796971
v 28.151761403230807 125.44352647055256 4.0547450308728852
v 28.152467626236707 123.87943053133236 3.2721823702608264
v 28.151035943279069 127.05022712334979 4.8586240680417969
v 28.151058690197097 126.99984875586293 4.833418306483801
v 30.587984642967619 131.26597588680085 11.687189324645754
v 30.294354247315781 130.75801608545621 10.864408640634119
v 29.898372137083737 130.07299506233298 9.7548285823781384
v 29.68487931159596 129.70366758524213 9.156601097800241
v 28.699466415335998 127.99897302214872 6.3953791370465325
v 29.35926453843118 129.14037707465147 8.2441971036767008
v 29.448714994621565 129.29512003256556 8.4948459078173695
v 30.612686157207637 131.30870775806511 11.756405349565156
v 28.548715095096973 127.73818390830012 5.9729594004706419
v 28.360821851868959 127.41314189658253 5.4464644140060354
v 28.286373085130297 127.28435079960167 5.2378517903535187
v 28.321124730907297 127.34446868707749 5.3352292529947913
v 17.854284096656212 96.772670552479042 26.897931277072296
v 32.26523211555601 152.31009570436359 25.480120304277193
v 33.560440183409426 149.9686823889441 26.812891219533121
v 30.010005096113371 116.1700765836358 3.002662623014384
v 20.89501630161832 103.8123461330966 36.310208445676132
f 1 2 3
f 4 5 1
f 1 3 6
f 1 6 4
f 7 8 9
f 7 9 10
f 11 12 13
f 13 12 14
f 14 5 13
f 13 5 15
f 16 11 13
f 13 15 16
f 17 18 19
f 19 20 21
f 19 22 17
f 21 22 19
f 23 24 25
f 25 24 26
f 27 28 8
f 8 28 29
f 8 30 9
f 29 30 8
f 31 32 33
f 34 32 31
f 31 33 35
f 31 35 36
f 31 36 37
f 37 34 31
f 38 39 12
f 40 41 18
f 18 41 42
f 18 30 40
f 17 30 18
f 18 42 43
f 44 45 46
f 47 45 44
f 48 49 44
f 44 49 47
f 44 46 50
f 51 48 44
f 50 51 44
f 52 53 51
f 54 53 52
f 52 55 56
f 51 55 52
f 56 57 52
f 52 57 54
f 58 59 60
f 60 59 61
f 60 62 58
f 63 62 60
f 60 64 63
f 61 64 60
f 65 66 67
f 68 66 65
f 65 67 69
f 65 70 47
f 69 70 65
f 47 68 65
f 71 72 73
f 74 72 71
f 71 75 76
f 73 75 71
f 76 77 71
f 71 77 74
f 78 79 80
f 81 79 78
f 78 80 82
f 83 84 85
f 85 84 86
f 87 83 85
f 88 87 85
f 89 88 85
f 85 90 89
f 86 90 85
f 91 92 93
f 93 92 94
f 93 95 91
f 96 95 93
f 97 98 93
f 93 98 96
f 94 97 93
f 99 100 101
f 101 100 102
f 101 103 104
f 105 103 101
f 101 106 105
f 102 107 101
f 101 107 108
f 104 99 101
f 109 110 111
f 112 110 109
f 109 111 113
f 109 113 114
f 109 114 115
f 109 115 112
f 116 117 118
f 118 117 119
f 120 121 118
f 118 121 116
f 122 120 118
f 123 122 118
f 124 123 118
f 118 125 124
f 119 125 118
f 126 127 128
f 129 126 128
f 128 130 131
f 131 129 128
f 132 133 134
f 135 133 132
f 132 134 136
f 137 135 132
f 132 136 137
f 138 139 140
f 140 141 142
f 142 138 140
f 143 114 144
f 144 114 145
f 146 143 144
f 144 125 119
f 145 125 144
f 144 119 146
f 91 147 92
f 92 147 148
f 92 148 94
f 117 116 146
f 146 119 117
f 149 80 79
f 79 150 149
f 151 150 79
f 81 151 79
f 152 153 84
f 84 153 154
f 84 83 152
f 84 154 86
f 155 156 100
f 100 156 157
f 99 155 100
f 100 157 102
f 158 159 160
f 160 159 161
f 162 158 160
f 160 161 163
f 164 165 166
f 166 167 168
f 169 167 166
f 166 168 164
f 170 171 172
f 173 171 170
f 170 172 174
f 170 174 175
f 170 175 173
f 176 177 178
f 178 177 179
f 180 176 178
f 181 180 178
f 179 181 178
f 177 176 182
f 177 182 183
f 177 183 179
f 184 185 186
f 186 185 187
f 187 188 186
f 189 72 190
f 191 72 189
f 189 192 191
f 189 190 193
f 194 195 196
f 196 195 197
f 198 194 196
f 196 197 198
f 199 200 201
f 202 200 199
f 199 201 203
f 203 204 199
f 199 204 205
f 205 202 199
f 164 206 165
f 207 208 209
f 210 208 207
f 211 212 207
f 207 212 213
f 214 211 207
f 207 209 214
f 213 210 207
f 41 40 215
f 215 216 41
f 41 216 217
f 217 42 41
f 156 153 218
f 154 153 156
f 156 219 157
f 220 219 156
f 156 155 154
f 156 218 220
f 28 221 29
f 37 221 28
f 28 27 222
f 28 222 37
f 223 95 224
f 225 95 223
f 223 224 226
f 223 110 112
f 226 110 223
f 223 112 225
f 227 42 228
f 228 42 229
f 230 227 228
f 228 229 231
f 228 231 230
f 53 232 48
f 233 232 53
f 53 48 51
f 53 54 233
f 234 134 133
f 235 234 133
f 133 135 236
f 236 237 133
f 133 237 235
f 238 33 32
f 32 34 239
f 240 238 32
f 32 239 241
f 242 240 32
f 241 242 32
f 29 40 30
f 10 9 30
f 30 17 10
f 29 221 40
f 40 221 215
f 243 35 33
f 33 238 243
f 127 126 244
f 244 245 127
f 246 247 248
f 249 247 246
f 246 248 250
f 251 249 246
f 246 250 252
f 246 252 251
f 184 253 185
f 185 253 254
f 185 254 255
f 185 255 256
f 185 256 187
f 205 257 258
f 258 257 259
f 258 260 261
f 259 260 258
f 258 261 205
f 262 263 264
f 264 263 265
f 264 266 267
f 265 266 264
f 264 267 268
f 264 268 262
f 269 270 271
f 272 270 269
f 269 271 188
f 269 273 272
f 274 273 269
f 187 274 269
f 269 188 187
f 275 77 276
f 277 77 275
f 275 276 278
f 275 278 279
f 275 279 277
f 153 152 218
f 134 234 280
f 134 280 136
f 281 271 270
f 270 272 281
f 282 283 284
f 285 283 282
f 282 284 286
f 282 286 287
f 287 285 282
f 288 263 262
f 289 263 288
f 288 262 290
f 288 290 291
f 288 291 292
f 292 289 288
f 239 27 293
f 294 239 293
f 295 294 293
f 296 297 298
f 298 299 296
f 300 301 302
f 302 301 46
f 303 304 302
f 302 46 303
f 305 306 227
f 305 227 230
f 305 230 307
f 308 206 309
f 309 206 310
f 309 311 308
f 312 311 309
f 309 313 312
f 310 313 309
f 314 315 59
f 59 315 61
f 316 314 59
f 59 58 316
f 208 317 209
f 318 317 208
f 208 210 318
f 319 36 243
f 215 36 319
f 320 216 319
f 319 216 215
f 321 320 319
f 319 243 321
f 322 323 324
f 324 323 325
f 324 326 327
f 325 326 324
f 324 327 313
f 324 313 328
f 328 322 324
f 329 330 315
f 315 330 331
f 315 314 332
f 332 329 315
f 315 331 61
f 268 333 334
f 334 333 335
f 262 268 334
f 290 262 334
f 335 290 334
f 224 336 103
f 103 336 90
f 105 224 103
f 103 90 104
f 281 337 271
f 271 337 338
f 271 339 188
f 340 339 271
f 338 340 271
f 341 67 66
f 66 68 341
f 234 342 343
f 235 342 234
f 234 343 280
f 344 200 345
f 345 200 202
f 345 346 344
f 347 346 345
f 202 347 345
f 348 6 3
f 349 350 11
f 11 16 349
f 351 352 24
f 24 352 353
f 24 23 351
f 24 354 26
f 353 354 24
f 355 38 356
f 357 355 356
f 243 36 35
f 37 36 221
f 221 36 215
f 272 358 359
f 359 358 360
f 281 272 359
f 361 281 359
f 360 361 359
f 27 239 222
f 39 38 362
f 38 355 362
f 126 129 244
f 43 227 306
f 363 301 230
f 50 301 363
f 230 231 363
f 363 231 50
f 301 300 307
f 307 230 301
f 50 46 301
f 37 239 34
f 45 70 364
f 47 70 45
f 45 364 303
f 303 46 45
f 48 171 49
f 49 171 68
f 49 68 47
f 365 172 171
f 171 48 365
f 173 68 171
f 366 231 367
f 50 231 366
f 366 367 368
f 56 55 366
f 366 55 50
f 368 56 366
f 283 369 284
f 331 369 283
f 283 285 63
f 63 64 283
f 283 64 61
f 61 331 283
f 370 62 371
f 371 62 287
f 372 370 371
f 333 372 371
f 287 333 371
f 87 373 83
f 83 373 152
f 374 375 330
f 330 375 331
f 330 329 376
f 330 376 374
f 67 377 378
f 341 377 67
f 67 378 379
f 379 69 67
f 380 378 377
f 381 380 377
f 341 381 377
f 382 190 72
f 191 73 72
f 72 277 382
f 74 277 72
f 373 87 383
f 259 152 373
f 373 383 260
f 373 260 259
f 159 87 88
f 383 87 159
f 159 158 383
f 384 161 159
f 159 88 384
f 385 386 387
f 387 386 191
f 191 192 387
f 388 389 390
f 98 389 388
f 391 88 388
f 388 88 89
f 388 390 391
f 392 98 388
f 89 392 388
f 224 95 336
f 336 95 392
f 89 90 336
f 336 392 89
f 389 393 390
f 361 393 389
f 389 98 97
f 97 361 389
f 394 395 396
f 260 395 394
f 394 396 261
f 261 260 394
f 226 224 397
f 397 224 105
f 397 106 398
f 105 106 397
f 397 110 226
f 399 110 397
f 397 398 399
f 131 130 400
f 400 401 402
f 400 402 131
f 403 254 253
f 253 129 131
f 404 129 253
f 131 403 253
f 158 162 383
f 181 405 406
f 406 405 407
f 406 408 181
f 278 408 406
f 409 278 406
f 407 409 406
f 385 75 386
f 386 75 191
f 135 410 236
f 411 410 135
f 137 411 135
f 323 322 411
f 323 412 325
f 136 412 323
f 137 136 323
f 323 411 137
f 385 413 75
f 75 413 414
f 414 76 75
f 75 73 191
f 69 364 70
f 415 416 417
f 417 416 418
f 417 419 420
f 418 419 417
f 417 420 421
f 417 421 415
f 77 76 414
f 414 276 77
f 77 277 74
f 250 248 238
f 238 248 243
f 238 240 250
f 342 422 423
f 343 342 423
f 424 157 219
f 219 220 424
f 425 426 297
f 427 426 425
f 425 297 296
f 425 296 332
f 332 314 425
f 425 314 428
f 428 427 425
f 429 430 431
f 429 432 16
f 431 432 429
f 16 15 429
f 433 431 430
f 434 433 430
f 349 16 432
f 431 349 432
f 350 349 431
f 350 431 433
f 380 381 435
f 37 222 239
f 239 294 241
f 357 436 355
f 355 436 351
f 351 437 355
f 355 437 362
f 10 17 22
f 22 21 10
f 385 438 413
f 413 438 439
f 440 414 413
f 439 440 413
f 216 320 441
f 216 441 217
f 155 99 104
f 104 154 155
f 347 442 80
f 80 442 82
f 80 149 347
f 42 227 43
f 441 229 42
f 217 441 42
f 320 229 441
f 443 229 320
f 444 443 320
f 320 321 444
f 445 446 447
f 447 446 448
f 449 445 447
f 447 450 451
f 448 450 447
f 451 449 447
f 452 453 454
f 454 453 455
f 454 456 457
f 458 456 454
f 454 457 452
f 454 455 458
f 459 163 161
f 384 459 161
f 62 370 316
f 316 58 62
f 63 287 62
f 460 461 212
f 212 461 462
f 212 211 460
f 462 213 212
f 461 460 370
f 461 370 372
f 267 462 461
f 461 372 267
f 317 463 464
f 465 463 317
f 317 464 209
f 318 465 317
f 352 464 463
f 353 352 463
f 465 466 463
f 463 466 353
f 292 291 467
f 467 291 468
f 237 469 467
f 467 469 292
f 235 237 467
f 467 468 235
f 443 231 229
f 470 471 472
f 473 242 472
f 472 242 470
f 474 473 472
f 297 426 475
f 475 426 214
f 174 172 476
f 476 172 477
f 477 416 476
f 476 416 478
f 479 174 476
f 478 479 476
f 96 392 95
f 95 225 91
f 250 240 480
f 480 240 481
f 482 250 480
f 480 483 484
f 481 483 480
f 485 482 480
f 484 485 480
f 443 367 231
f 367 443 486
f 367 486 368
f 487 214 426
f 427 487 426
f 488 296 299
f 299 489 490
f 299 490 488
f 206 491 310
f 164 491 206
f 55 51 50
f 488 332 296
f 492 376 489
f 489 376 490
f 453 493 375
f 375 493 331
f 455 453 375
f 375 374 455
f 314 316 428
f 490 376 329
f 329 332 488
f 488 490 329
f 376 492 374
f 492 194 374
f 494 194 492
f 195 194 494
f 303 364 304
f 458 374 194
f 198 458 194
f 197 495 496
f 496 198 197
f 495 497 498
f 498 496 495
f 499 497 364
f 69 499 364
f 436 464 351
f 500 464 436
f 436 357 500
f 321 248 247
f 247 249 444
f 444 321 247
f 443 444 486
f 321 243 248
f 464 352 351
f 500 209 464
f 249 501 486
f 251 501 249
f 486 444 249
f 427 460 211
f 211 214 487
f 211 487 427
f 316 370 460
f 460 427 316
f 312 327 326
f 325 502 326
f 503 286 504
f 335 286 503
f 503 504 505
f 503 505 422
f 503 422 506
f 506 335 503
f 507 255 254
f 403 507 254
f 209 500 214
f 508 509 501
f 501 509 486
f 251 508 501
f 150 510 346
f 151 510 150
f 347 149 150
f 150 346 347
f 259 218 152
f 511 57 509
f 509 57 368
f 509 508 511
f 368 486 509
f 245 512 513
f 244 512 245
f 267 266 514
f 514 266 515
f 514 213 462
f 516 213 514
f 514 462 267
f 515 516 514
f 57 56 368
f 511 517 57
f 57 517 54
f 518 265 263
f 289 518 263
f 519 515 266
f 265 519 266
f 369 493 520
f 331 493 369
f 520 284 369
f 493 453 521
f 521 520 493
f 452 521 453
f 456 522 523
f 198 522 456
f 523 457 456
f 456 458 198
f 496 524 522
f 522 198 496
f 524 496 498
f 525 526 527
f 528 526 525
f 525 354 528
f 23 437 351
f 344 201 200
f 294 295 471
f 294 471 470
f 470 241 294
f 529 466 530
f 353 466 529
f 529 530 528
f 528 354 529
f 529 354 353
f 466 465 531
f 531 446 466
f 466 446 530
f 88 391 384
f 532 435 381
f 381 341 532
f 172 365 477
f 107 102 533
f 107 533 534
f 240 242 481
f 465 318 531
f 482 252 250
f 535 508 252
f 252 508 251
f 252 482 535
f 536 318 210
f 210 213 537
f 210 537 536
f 538 531 318
f 318 536 538
f 539 511 508
f 508 535 539
f 516 537 213
f 365 48 232
f 232 540 365
f 541 540 232
f 232 233 541
f 517 511 542
f 517 542 543
f 543 54 517
f 416 477 418
f 416 415 478
f 544 507 403
f 545 507 544
f 402 546 544
f 544 546 545
f 131 402 544
f 544 403 131
f 511 539 547
f 547 542 511
f 548 549 550
f 551 549 548
f 548 550 180
f 408 551 548
f 548 180 181
f 181 408 548
f 552 553 438
f 554 555 549
f 549 555 550
f 556 554 549
f 551 556 549
f 372 333 268
f 268 267 372
f 401 421 546
f 401 546 402
f 284 520 557
f 504 286 284
f 557 504 284
f 520 521 558
f 558 557 520
f 521 452 559
f 559 558 521
f 559 452 457
f 333 287 560
f 333 560 335
f 560 287 286
f 335 560 286
f 205 204 257
f 257 204 259
f 561 527 526
f 526 528 562
f 526 562 561
f 561 563 527
f 446 445 530
f 446 531 564
f 564 448 446
f 405 181 565
f 405 566 407
f 565 566 405
f 395 162 567
f 383 162 395
f 395 567 396
f 260 383 395
f 528 530 445
f 562 528 445
f 449 562 445
f 473 568 483
f 483 568 484
f 483 242 473
f 481 242 483
f 531 555 554
f 538 555 531
f 531 554 564
f 569 535 482
f 570 569 482
f 485 570 482
f 571 513 512
f 572 539 535
f 535 569 572
f 555 537 573
f 536 537 555
f 555 573 550
f 538 536 555
f 574 575 576
f 576 575 571
f 577 339 576
f 576 339 578
f 571 577 576
f 578 574 576
f 572 547 539
f 285 287 63
f 537 516 573
f 579 573 516
f 516 515 579
f 540 419 418
f 541 419 540
f 477 365 540
f 418 477 540
f 542 547 580
f 542 580 581
f 581 543 542
f 547 572 582
f 582 580 547
f 504 557 505
f 174 479 583
f 583 532 174
f 174 532 175
f 435 532 583
f 337 281 148
f 337 584 585
f 147 584 337
f 337 585 338
f 148 147 337
f 586 587 563
f 561 586 563
f 575 588 513
f 589 588 575
f 575 513 571
f 575 574 589
f 404 244 129
f 590 358 568
f 568 358 484
f 568 473 590
f 556 450 554
f 554 450 448
f 554 448 564
f 450 556 591
f 450 591 451
f 569 570 592
f 592 572 569
f 593 592 570
f 594 593 570
f 570 485 484
f 570 484 594
f 595 582 572
f 572 592 595
f 573 579 176
f 180 550 573
f 573 176 180
f 519 579 515
f 579 519 596
f 596 176 579
f 580 582 597
f 580 597 598
f 598 581 580
f 598 420 419
f 419 581 598
f 541 581 419
f 582 595 255
f 255 597 582
f 519 265 182
f 519 182 596
f 506 291 290
f 290 335 506
f 479 599 600
f 478 599 479
f 600 583 479
f 601 602 603
f 603 604 601
f 439 587 605
f 605 587 586
f 605 449 606
f 586 449 605
f 605 606 439
f 438 553 587
f 439 438 587
f 602 601 590
f 590 473 602
f 602 473 474
f 173 341 68
f 339 577 188
f 339 340 122
f 339 122 578
f 272 607 358
f 358 607 484
f 358 590 360
f 551 591 556
f 589 111 110
f 399 589 110
f 272 273 607
f 607 273 593
f 607 593 594
f 594 484 607
f 274 595 592
f 592 273 274
f 593 273 592
f 256 255 595
f 595 274 256
f 596 182 176
f 597 255 507
f 597 507 545
f 545 598 597
f 546 421 420
f 545 546 420
f 420 598 545
f 518 182 265
f 182 518 608
f 608 183 182
f 518 289 608
f 291 506 468
f 422 342 468
f 468 506 422
f 599 609 610
f 478 609 599
f 599 610 611
f 611 600 599
f 478 415 609
f 612 604 459
f 384 612 459
f 390 601 604
f 604 612 390
f 390 393 601
f 601 393 360
f 360 590 601
f 276 613 591
f 591 613 451
f 591 551 614
f 591 614 276
f 613 276 414
f 613 414 440
f 440 606 613
f 613 606 451
f 408 614 551
f 187 256 274
f 183 608 615
f 616 179 183
f 615 616 183
f 469 608 289
f 292 469 289
f 608 469 615
f 235 468 342
f 236 615 469
f 469 237 236
f 533 102 157
f 424 533 157
f 617 611 610
f 391 390 612
f 384 391 612
f 393 361 360
f 278 276 614
f 614 408 278
f 281 361 148
f 181 179 565
f 179 616 618
f 618 565 179
f 616 615 619
f 620 566 616
f 616 566 618
f 616 619 620
f 410 619 615
f 236 410 615
f 621 280 343
f 396 622 623
f 623 622 624
f 261 396 623
f 623 624 261
f 622 442 624
f 409 279 278
f 625 407 566
f 566 565 618
f 566 620 626
f 626 625 566
f 619 410 627
f 627 620 619
f 411 627 410
f 280 621 628
f 280 628 629
f 629 136 280
f 630 628 621
f 630 629 628
f 347 624 442
f 382 167 190
f 190 167 169
f 190 169 193
f 202 261 624
f 624 347 202
f 261 202 205
f 279 409 631
f 632 277 279
f 631 632 279
f 631 168 167
f 167 632 631
f 382 632 167
f 409 407 633
f 633 631 409
f 633 634 168
f 168 634 164
f 168 631 633
f 625 633 407
f 635 491 634
f 634 491 164
f 625 635 634
f 634 633 625
f 398 588 399
f 588 589 399
f 491 635 310
f 635 636 313
f 626 636 635
f 635 313 310
f 635 625 626
f 312 313 327
f 201 344 637
f 638 203 201
f 201 637 638
f 458 455 374
f 627 626 620
f 328 313 636
f 627 322 636
f 636 322 328
f 636 626 627
f 98 392 96
f 499 498 497
f 322 627 411
f 325 639 502
f 121 120 340
f 121 340 338
f 640 116 121
f 338 640 121
f 122 340 120
f 412 639 325
f 630 639 412
f 412 136 629
f 412 629 630
f 641 113 111
f 111 574 578
f 589 574 111
f 578 641 111
f 145 114 113
f 641 145 113
f 122 123 578
f 123 124 641
f 123 641 578
f 114 143 115
f 143 642 115
f 146 642 143
f 640 146 116
f 112 115 642
f 146 643 642
f 642 643 644
f 644 112 642
f 145 124 125
f 220 218 204
f 204 218 259
f 203 220 204
f 124 145 641
f 220 203 645
f 645 424 220
f 643 146 640
f 643 640 646
f 646 644 643
f 647 648 638
f 638 637 647
f 534 533 648
f 648 533 424
f 645 638 648
f 648 424 645
f 203 638 645
f 646 585 584
f 91 649 584
f 584 649 646
f 584 147 91
f 54 543 233
f 175 532 341
f 173 175 341
f 86 154 90
f 90 154 104
f 94 148 361
f 361 97 94
f 646 338 585
f 428 316 427
f 640 338 646
f 499 69 379
f 242 241 470
f 543 581 541
f 541 233 543
f 644 225 112
f 562 449 586
f 562 586 561
f 451 606 449
f 606 440 439
f 277 632 382
f 225 649 91
f 644 649 225
f 649 644 646
f 650 651 652
f 653 651 650
f 654 655 650
f 650 655 653
f 650 652 656
f 650 656 654
f 657 658 659
f 660 658 657
f 657 659 661
f 657 662 660
f 663 664 665
f 665 664 666
f 666 655 665
f 665 655 667
f 668 663 665
f 665 667 668
f 669 670 671
f 671 670 672
f 671 673 674
f 672 673 671
f 671 675 669
f 674 675 671
f 651 676 677
f 678 676 651
f 679 652 651
f 677 679 651
f 653 680 651
f 651 680 678
f 681 682 658
f 658 682 683
f 658 684 659
f 683 684 658
f 685 681 658
f 686 685 658
f 660 686 658
f 687 688 689
f 690 688 687
f 687 689 691
f 687 691 692
f 687 692 693
f 693 690 687
f 664 663 694
f 695 696 664
f 664 696 653
f 697 695 664
f 653 666 664
f 664 698 697
f 694 698 664
f 699 700 701
f 701 700 702
f 701 703 699
f 704 703 701
f 701 705 704
f 702 705 701
f 706 707 708
f 709 707 706
f 710 711 712
f 713 711 710
f 710 714 715
f 712 714 710
f 715 716 710
f 710 716 713
f 717 718 719
f 719 718 720
f 721 717 719
f 722 721 719
f 723 722 719
f 724 725 726
f 726 725 727
f 726 728 724
f 729 728 726
f 730 731 726
f 726 731 729
f 727 730 726
f 732 733 734
f 735 733 732
f 732 734 736
f 732 736 737
f 732 737 738
f 732 738 735
f 739 740 741
f 741 740 742
f 743 744 741
f 741 744 739
f 745 743 741
f 746 745 741
f 747 746 741
f 741 748 747
f 742 748 741
f 749 750 751
f 751 750 752
f 753 754 751
f 751 755 749
f 756 755 751
f 752 753 751
f 757 756 751
f 751 758 757
f 759 760 753
f 761 760 759
f 759 753 762
f 763 761 759
f 759 762 764
f 764 763 759
f 765 766 767
f 768 766 765
f 765 767 769
f 770 768 765
f 765 769 770
f 771 772 773
f 773 772 774
f 775 776 773
f 773 776 777
f 777 771 773
f 773 774 775
f 778 737 779
f 779 737 780
f 781 778 779
f 779 748 742
f 780 748 779
f 779 742 781
f 724 782 725
f 725 782 783
f 725 783 727
f 740 739 781
f 781 742 740
f 784 785 786
f 786 787 788
f 789 787 786
f 786 788 784
f 790 679 677
f 791 679 790
f 790 677 792
f 790 792 793
f 793 794 790
f 790 794 791
f 795 796 797
f 795 797 798
f 795 798 799
f 800 801 802
f 802 801 803
f 804 800 802
f 805 804 802
f 803 805 802
f 801 800 806
f 801 806 807
f 801 807 803
f 808 809 810
f 811 809 808
f 810 812 808
f 808 812 813
f 814 811 808
f 813 814 808
f 815 816 817
f 818 816 815
f 819 820 815
f 815 820 821
f 822 819 815
f 815 817 822
f 821 818 815
f 750 749 823
f 824 825 750
f 750 825 752
f 826 824 750
f 750 823 826
f 827 828 829
f 829 830 827
f 827 830 831
f 831 832 827
f 682 833 683
f 693 833 682
f 682 681 834
f 682 834 693
f 835 728 836
f 837 728 835
f 835 836 838
f 835 733 735
f 838 733 835
f 835 735 837
f 809 839 810
f 840 839 809
f 841 842 809
f 809 842 843
f 809 811 841
f 809 843 840
f 844 767 766
f 845 844 766
f 766 768 846
f 846 847 766
f 766 847 845
f 848 689 688
f 688 690 849
f 850 848 688
f 688 849 851
f 852 850 688
f 851 852 688
f 654 853 655
f 655 853 667
f 655 666 653
f 683 828 684
f 661 659 684
f 684 854 661
f 683 833 828
f 828 833 829
f 855 691 689
f 689 848 855
f 760 754 753
f 760 761 843
f 843 856 760
f 857 858 859
f 860 858 857
f 857 859 861
f 862 860 857
f 857 861 863
f 857 863 862
f 812 864 865
f 812 865 813
f 866 867 868
f 868 867 869
f 868 870 871
f 869 870 868
f 868 871 872
f 868 872 866
f 873 874 875
f 876 874 873
f 873 875 814
f 873 877 876
f 878 877 873
f 813 878 873
f 873 814 813
f 879 716 880
f 881 716 879
f 879 880 882
f 879 882 883
f 879 883 881
f 767 844 884
f 767 884 769
f 885 875 874
f 874 876 885
f 886 887 888
f 889 887 886
f 886 888 890
f 886 890 891
f 891 889 886
f 892 867 866
f 893 867 892
f 892 866 894
f 892 894 895
f 892 895 896
f 896 893 892
f 849 681 897
f 897 681 685
f 898 849 897
f 897 685 899
f 897 899 900
f 900 898 897
f 901 902 700
f 700 902 702
f 903 901 700
f 700 699 903
f 816 904 817
f 905 904 816
f 816 818 905
f 906 692 855
f 829 692 906
f 907 830 906
f 906 830 829
f 908 907 906
f 906 855 908
f 909 776 775
f 777 776 909
f 909 755 756
f 775 755 909
f 909 756 910
f 910 911 909
f 909 911 912
f 909 912 777
f 913 914 915
f 915 914 916
f 915 917 918
f 918 913 915
f 902 919 920
f 902 901 921
f 902 920 702
f 872 922 923
f 923 922 924
f 866 872 923
f 894 866 923
f 924 894 923
f 925 676 673
f 792 676 925
f 925 673 926
f 925 926 927
f 927 792 925
f 836 928 929
f 885 930 875
f 875 930 931
f 875 932 814
f 933 932 875
f 931 933 875
f 772 771 934
f 934 774 772
f 674 673 676
f 792 677 676
f 678 674 676
f 935 708 707
f 707 709 935
f 844 936 937
f 845 936 844
f 844 937 884
f 775 749 755
f 853 938 939
f 940 938 853
f 853 939 667
f 654 656 853
f 853 656 940
f 652 679 941
f 941 942 652
f 652 942 940
f 940 656 652
f 943 944 757
f 945 946 663
f 663 946 694
f 663 668 945
f 947 948 949
f 949 948 950
f 951 947 949
f 949 950 952
f 952 951 949
f 953 954 670
f 670 954 955
f 670 669 953
f 670 956 672
f 955 956 670
f 956 926 673
f 672 956 673
f 752 762 753
f 957 695 958
f 959 695 957
f 957 958 960
f 961 959 957
f 957 960 962
f 962 961 957
f 791 941 679
f 855 692 691
f 693 692 833
f 833 692 829
f 876 963 964
f 964 963 965
f 885 876 964
f 966 885 964
f 965 966 964
f 681 849 834
f 696 695 967
f 968 653 696
f 967 968 696
f 697 958 695
f 695 959 967
f 697 969 958
f 958 969 970
f 971 960 958
f 970 971 958
f 697 698 969
f 761 763 843
f 693 849 690
f 887 972 888
f 920 972 887
f 887 889 704
f 704 705 887
f 887 705 702
f 702 920 887
f 973 703 974
f 974 703 891
f 975 973 974
f 922 975 974
f 891 922 974
f 919 976 920
f 935 977 708
f 978 979 977
f 935 978 977
f 980 712 711
f 711 881 981
f 713 881 711
f 982 721 722
f 983 984 982
f 982 722 983
f 749 985 823
f 774 985 749
f 775 774 749
f 986 987 988
f 988 987 980
f 988 989 990
f 980 991 988
f 988 990 986
f 992 993 994
f 731 993 992
f 995 722 992
f 992 722 723
f 992 994 995
f 996 731 992
f 723 996 992
f 836 728 928
f 928 728 996
f 928 996 723
f 993 997 994
f 966 997 993
f 993 731 730
f 730 966 993
f 899 998 999
f 1000 899 999
f 838 836 1001
f 1001 733 838
f 1002 733 1001
f 825 762 752
f 764 762 825
f 825 824 1003
f 825 1003 764
f 839 763 764
f 840 763 839
f 764 1004 839
f 986 714 987
f 987 714 980
f 768 1005 846
f 1006 1005 768
f 770 1006 768
f 914 913 1006
f 914 1007 916
f 769 1007 914
f 770 769 914
f 914 1006 770
f 985 1008 823
f 1009 1008 985
f 985 774 934
f 985 934 1009
f 756 757 910
f 1010 952 771
f 771 952 934
f 777 1010 771
f 986 1011 714
f 714 1011 1012
f 1012 715 714
f 714 712 980
f 716 715 1012
f 1012 880 716
f 716 881 713
f 1013 990 989
f 861 859 848
f 848 859 855
f 848 850 861
f 1014 1015 1016
f 936 1015 1014
f 1014 1016 1017
f 937 936 1014
f 1014 1017 937
f 948 1018 1019
f 947 1018 948
f 948 1019 950
f 1020 938 1021
f 1022 1020 1021
f 1023 939 938
f 1020 1023 938
f 938 940 1024
f 1025 1026 1027
f 921 901 1027
f 1027 901 1028
f 1028 1025 1027
f 1029 1030 910
f 1031 1030 1029
f 939 1023 1032
f 939 1033 668
f 1032 1033 939
f 668 667 939
f 1034 1032 1023
f 945 668 1033
f 1032 945 1033
f 946 1035 1036
f 1034 1035 946
f 946 1036 694
f 946 945 1032
f 946 1032 1034
f 942 941 1037
f 1024 940 942
f 979 978 1038
f 1038 1039 979
f 1040 669 675
f 967 1040 675
f 674 680 675
f 675 680 968
f 675 968 967
f 693 834 849
f 849 898 851
f 961 1041 959
f 959 1041 953
f 953 1040 959
f 959 1040 967
f 661 854 1042
f 986 1043 1011
f 1011 1043 1044
f 1045 1012 1011
f 1044 1045 1011
f 830 907 1046
f 830 1046 831
f 1046 1047 832
f 831 1046 832
f 907 1047 1046
f 1048 1047 907
f 1049 1048 907
f 907 908 1049
f 1050 1051 1052
f 1052 1051 1053
f 1054 1050 1052
f 1052 1055 1056
f 1053 1055 1052
f 1056 1054 1052
f 960 971 822
f 822 962 960
f 1057 1058 984
f 983 1057 984
f 703 973 903
f 903 699 703
f 704 891 703
f 1059 1060 820
f 820 1060 1061
f 820 819 1059
f 1061 821 820
f 1060 1059 973
f 1060 973 975
f 871 1061 1060
f 1060 975 871
f 904 1062 1063
f 1064 1062 904
f 904 1063 817
f 905 1064 904
f 954 1063 1062
f 955 954 1062
f 1064 1065 1062
f 1062 1065 955
f 896 895 1066
f 1066 895 1067
f 847 1068 1066
f 1066 1068 896
f 845 847 1066
f 1066 1067 845
f 1069 660 662
f 1070 1071 1072
f 1073 1071 1070
f 1070 1072 1074
f 1075 852 1070
f 1070 852 1073
f 1074 1075 1070
f 971 1026 822
f 797 796 1076
f 1076 1077 1078
f 1079 797 1076
f 1078 1079 1076
f 685 998 899
f 686 998 685
f 729 996 728
f 728 837 724
f 861 850 1080
f 1080 850 1081
f 1082 861 1080
f 1080 1083 1084
f 1081 1083 1080
f 1085 1082 1080
f 1084 1085 1080
f 1086 1048 1087
f 1086 1087 1088
f 1089 822 1026
f 1025 1089 1026
f 826 823 1008
f 1090 1091 1008
f 1008 1091 826
f 1009 1090 1008
f 976 1092 920
f 901 903 1028
f 910 757 944
f 1041 1063 953
f 962 1063 1041
f 1041 961 962
f 908 859 858
f 858 860 1049
f 1049 908 858
f 1048 1049 1087
f 908 855 859
f 1063 954 953
f 962 817 1063
f 860 1093 1087
f 862 1093 860
f 1087 1049 860
f 1025 1059 819
f 819 822 1089
f 819 1089 1025
f 903 973 1059
f 1059 1025 903
f 1094 890 1095
f 924 890 1094
f 1094 1095 1096
f 1094 1096 1015
f 1094 1015 1097
f 1097 924 1094
f 998 686 1098
f 817 962 822
f 1099 1100 1093
f 1093 1100 1087
f 862 1099 1093
f 1100 1099 1101
f 1088 1087 1100
f 843 842 856
f 871 870 1102
f 1102 870 1103
f 1102 821 1061
f 1104 821 1102
f 1102 1061 871
f 1103 1104 1102
f 1105 869 867
f 893 1105 867
f 1106 1103 870
f 869 1106 870
f 972 1092 1107
f 920 1092 972
f 1107 888 972
f 1108 1107 1092
f 926 1109 927
f 1110 1109 926
f 926 956 1110
f 792 927 1111
f 792 1111 793
f 669 1040 953
f 794 793 1112
f 794 1112 1113
f 1030 911 910
f 912 911 1030
f 1031 1114 1030
f 1030 1114 912
f 899 1000 1115
f 899 1115 900
f 898 900 1071
f 898 1071 1073
f 1073 851 898
f 1116 1065 1117
f 955 1065 1116
f 1116 1117 1110
f 1110 956 1116
f 1116 956 955
f 1065 1064 1118
f 1118 1051 1065
f 1065 1051 1117
f 722 995 983
f 1119 1038 978
f 978 935 1119
f 850 852 1081
f 1064 905 1118
f 1082 863 861
f 1120 1099 863
f 863 1099 862
f 863 1082 1120
f 1121 905 818
f 818 821 1122
f 818 1122 1121
f 1123 1118 905
f 905 1121 1123
f 1124 1101 1099
f 1099 1120 1124
f 1104 1122 821
f 1125 1126 1127
f 1077 1128 1078
f 1129 1130 1004
f 1131 1130 1129
f 1003 1132 1129
f 1129 1132 1131
f 764 1003 1129
f 1129 1004 764
f 1101 1124 1133
f 1134 1135 1136
f 1137 1135 1134
f 1138 1137 1134
f 1139 1140 1141
f 1141 1140 1043
f 1142 1139 1141
f 1141 1043 990
f 1013 1142 1141
f 1141 990 1013
f 1143 1144 1135
f 1135 1144 1136
f 1145 1143 1135
f 1137 1145 1135
f 975 922 872
f 872 871 975
f 824 1132 1003
f 888 1107 1146
f 1095 890 888
f 1146 1095 888
f 1107 1108 1147
f 1147 1146 1107
f 922 891 1148
f 922 1148 924
f 1148 891 890
f 924 1148 890
f 1149 927 1109
f 1109 1110 1150
f 1109 1150 1149
f 1151 1111 927
f 927 1152 1151
f 1149 1152 927
f 1153 793 1111
f 1111 1151 1153
f 1153 1112 793
f 1154 1113 1112
f 1112 1153 1154
f 1113 1154 1155
f 1156 1115 1000
f 1000 1157 1156
f 1158 900 1115
f 1115 1156 1158
f 1158 1071 900
f 1071 1158 1072
f 1051 1050 1117
f 1051 1118 1159
f 1159 1053 1051
f 1160 805 1161
f 1160 1162 1163
f 1161 1162 1160
f 1110 1117 1050
f 1150 1110 1050
f 1054 1150 1050
f 1075 1164 1083
f 1083 1164 1084
f 1083 852 1075
f 1081 852 1083
f 1118 1144 1143
f 1123 1144 1118
f 1118 1143 1159
f 1165 1120 1082
f 1166 1165 1082
f 1085 1166 1082
f 1167 1124 1120
f 1120 1165 1167
f 1144 1122 1168
f 1121 1122 1144
f 1144 1168 1136
f 1123 1121 1144
f 1169 1170 1171
f 1171 1170 841
f 811 932 1171
f 1171 932 1172
f 841 811 1171
f 1172 1169 1171
f 1167 1133 1124
f 889 891 704
f 1122 1104 1168
f 1173 1168 1104
f 1104 1103 1173
f 1133 1167 1174
f 1095 1146 1096
f 1146 1147 1175
f 1176 1096 1146
f 1175 1176 1146
f 1039 1038 1177
f 797 1079 1178
f 1178 1119 797
f 797 1119 798
f 1179 1177 1038
f 1178 1179 1038
f 1038 1119 1178
f 930 885 783
f 930 1180 1181
f 782 1180 930
f 930 1181 931
f 783 782 930
f 1182 1151 1152
f 1183 1182 1152
f 1149 1183 1152
f 1139 1153 1151
f 1151 1182 1140
f 1151 1140 1139
f 1184 1154 1153
f 1153 1139 1184
f 1185 1156 1157
f 1186 1158 1156
f 1156 1185 1186
f 1187 1072 1158
f 1158 1186 1187
f 1187 1188 1072
f 1072 1188 1189
f 1072 1189 1074
f 1170 1169 1190
f 840 843 763
f 1191 963 1164
f 1164 963 1084
f 1164 1075 1191
f 1145 1055 1143
f 1143 1055 1053
f 1143 1053 1159
f 1055 1145 1192
f 1055 1192 1056
f 1165 1166 1193
f 1193 1167 1165
f 1194 1193 1166
f 1195 1194 1166
f 1166 1085 1084
f 1166 1084 1195
f 1196 1174 1167
f 1167 1193 1196
f 1168 1173 800
f 1106 1173 1103
f 1173 1106 1197
f 1197 800 1173
f 1174 1196 864
f 1106 869 806
f 1106 806 1197
f 1097 895 894
f 894 924 1097
f 1096 1176 1016
f 1016 1015 1096
f 1176 1175 1198
f 1198 1016 1176
f 1199 1198 1175
f 1177 1179 1200
f 1079 1201 1202
f 1078 1201 1079
f 1202 1178 1079
f 1203 1200 1179
f 1202 1203 1179
f 1179 1178 1202
f 1188 1187 1204
f 1205 1189 1188
f 1188 1204 1205
f 1044 1182 1206
f 1206 1182 1183
f 1206 1054 1207
f 1183 1054 1206
f 1206 1207 1044
f 1043 1140 1182
f 1044 1043 1182
f 1142 1184 1139
f 1058 1186 1185
f 1204 1187 1186
f 1186 1058 1057
f 1186 1057 1204
f 1189 1205 1191
f 1191 1075 1189
f 1189 1075 1074
f 799 935 709
f 932 811 814
f 932 933 745
f 932 745 1172
f 876 1208 963
f 963 1208 1084
f 963 1191 965
f 1137 1192 1145
f 1190 734 733
f 1002 1190 733
f 876 877 1208
f 1208 877 1194
f 1208 1194 1195
f 1195 1084 1208
f 878 1196 1193
f 1193 877 878
f 1194 877 1193
f 865 864 1196
f 1196 878 865
f 1197 806 800
f 1131 1132 1209
f 1209 1210 1131
f 1105 806 869
f 806 1105 1211
f 1211 807 806
f 1105 893 1211
f 895 1097 1067
f 1015 936 1067
f 1067 1097 1015
f 1016 1198 1017
f 1198 1199 1212
f 1212 1017 1198
f 1213 1212 1199
f 1214 1200 1018
f 1018 1215 1214
f 1200 1203 1018
f 1201 1091 1090
f 1078 1091 1201
f 1201 1090 1216
f 1216 1202 1201
f 1019 1018 1203
f 1216 1019 1203
f 1203 1202 1216
f 1091 1128 826
f 1078 1128 1091
f 986 990 1043
f 1217 1204 1057
f 983 1217 1057
f 994 1205 1204
f 1204 1217 994
f 994 997 1205
f 1205 997 965
f 965 1191 1205
f 880 1218 1192
f 1192 1218 1056
f 1192 1137 1219
f 1192 1219 880
f 1218 880 1012
f 1218 1012 1045
f 1045 1207 1218
f 1218 1207 1056
f 1138 1219 1137
f 813 865 878
f 807 1211 1220
f 1221 803 807
f 1220 1221 807
f 1068 1211 893
f 896 1068 893
f 1211 1068 1220
f 845 1067 936
f 846 1220 1068
f 1068 847 846
f 1017 1212 1222
f 1222 937 1017
f 1212 1213 1223
f 1223 1222 1212
f 1224 1223 1213
f 1215 1018 947
f 947 1225 1215
f 1009 1216 1090
f 1009 950 1019
f 1019 1216 1009
f 995 994 1217
f 983 995 1217
f 997 966 965
f 882 880 1219
f 1219 1138 882
f 885 966 783
f 805 803 1161
f 803 1221 1226
f 1226 1161 803
f 1221 1220 1227
f 1228 1162 1221
f 1221 1162 1226
f 1221 1227 1228
f 1005 1227 1220
f 846 1005 1220
f 937 1222 1229
f 1229 884 937
f 1222 1223 1230
f 1230 1229 1222
f 1223 1224 1231
f 1231 1230 1223
f 1232 1225 1233
f 1225 947 1234
f 1234 1233 1225
f 951 1234 947
f 934 952 950
f 1009 934 950
f 680 653 968
f 680 674 678
f 1235 1163 1162
f 1162 1161 1226
f 1162 1228 1236
f 1236 1235 1162
f 1227 1005 1237
f 1237 1228 1227
f 1006 1237 1005
f 884 1229 1238
f 884 1238 1239
f 1239 769 884
f 1229 1230 1240
f 1241 1238 1229
f 1229 1240 1241
f 1230 1231 1242
f 1242 1240 1230
f 1233 1234 1243
f 1244 1245 1233
f 1233 1243 1244
f 1234 951 1246
f 1246 1243 1234
f 951 952 1010
f 1010 1246 951
f 1241 1239 1238
f 1240 1242 1247
f 1247 1241 1240
f 1244 1248 1245
f 1243 1246 1249
f 1249 1244 1243
f 1246 1010 1250
f 1250 1249 1246
f 777 1250 1010
f 883 1251 1252
f 1253 881 883
f 1252 1253 883
f 1252 788 787
f 787 1253 1252
f 981 1253 787
f 1251 1163 1254
f 1254 1252 1251
f 1254 1255 788
f 788 1255 784
f 788 1252 1254
f 1235 1254 1163
f 1235 1256 1255
f 1255 1254 1235
f 1256 1257 917
f 1236 1257 1256
f 1256 1235 1236
f 1237 1236 1228
f 918 917 1257
f 1237 913 1257
f 1257 913 918
f 1257 1236 1237
f 731 996 729
f 913 1237 1006
f 916 1258 1259
f 1259 1258 1260
f 744 743 933
f 744 933 931
f 1261 739 744
f 931 1261 744
f 745 933 743
f 1007 1258 916
f 1241 1258 1007
f 1007 769 1239
f 1007 1239 1241
f 1247 1260 1258
f 1258 1241 1247
f 1260 1247 1262
f 1263 736 734
f 734 1169 1172
f 1190 1169 734
f 1172 1263 734
f 1262 1247 1242
f 780 737 736
f 1263 780 736
f 745 746 1172
f 1244 1264 1265
f 1265 1248 1244
f 1264 1114 1031
f 1249 1114 1264
f 1264 1244 1249
f 1250 912 1114
f 1114 1249 1250
f 912 1250 777
f 746 747 1263
f 746 1263 1172
f 737 778 738
f 778 1266 738
f 781 1266 778
f 1261 781 739
f 735 738 1266
f 781 1267 1266
f 1266 1267 1268
f 1268 735 1266
f 780 747 748
f 747 780 1263
f 1267 781 1261
f 1267 1261 1269
f 1269 1268 1267
f 1269 1181 1180
f 724 1270 1180
f 1180 1270 1269
f 1180 782 724
f 1126 1125 1271
f 798 1119 935
f 799 798 935
f 727 783 966
f 966 730 727
f 1269 931 1181
f 1028 903 1025
f 1261 931 1269
f 852 851 1073
f 1268 837 735
f 1150 1054 1183
f 1150 1183 1149
f 1056 1207 1054
f 1207 1045 1044
f 881 1253 981
f 837 1270 724
f 1268 1270 837
f 1270 1268 1269
f 1 1272 2
f 1272 1 1273
f 1272 1273 1274
f 1273 1 1275
f 1275 1 1276
f 1 5 1276
f 1276 5 1277
f 5 1278 1277
f 7 1279 8
f 1279 7 1280
f 1279 1280 1281
f 1282 1283 7
f 1284 1282 7
f 7 10 1284
f 1282 1284 1285
f 1282 1285 1286
f 7 1283 1287
f 1287 1283 1288
f 1280 7 1287
f 1289 1290 19
f 19 18 1289
f 19 1291 20
f 1291 19 1292
f 1291 1292 1293
f 1294 1290 1295
f 1292 19 1294
f 19 1290 1294
f 1296 1297 1298
f 1297 25 1298
f 25 1299 1298
f 1300 1299 25
f 25 26 1300
f 1301 23 1302
f 1303 23 1301
f 23 25 1302
f 1302 25 1304
f 1304 25 1305
f 25 1306 1305
f 1305 1306 1307
f 1308 1306 25
f 25 1297 1308
f 2 1309 1310
f 1311 2 1310
f 1312 1309 2
f 2 1313 1312
f 2 1314 3
f 1315 1314 1316
f 1314 2 1316
f 2 1317 1316
f 1317 2 1311
f 1318 1319 1320
f 1319 2 1320
f 2 1272 1320
f 1319 1321 1313
f 1313 2 1319
f 8 1322 27
f 1322 8 1323
f 8 1324 1323
f 1324 8 1325
f 1324 1325 1326
f 1324 1326 1327
f 1325 8 1279
f 1325 1279 1328
f 1329 1330 12
f 12 11 1329
f 12 1331 1332
f 12 39 1331
f 1333 12 1334
f 12 1332 1334
f 1334 1332 1335
f 12 1336 38
f 1336 12 1337
f 12 1338 14
f 1339 1338 1340
f 1338 12 1340
f 12 1333 1340
f 1341 1337 12
f 1342 1337 1343
f 1337 1341 1343
f 1343 1341 1344
f 1345 1341 12
f 12 1346 1345
f 1341 1345 1347
f 1346 12 1330
f 1348 1349 18
f 18 43 1348
f 1349 1289 18
f 1289 1349 1350
f 1289 1350 1351
f 1352 1353 78
f 1354 1355 1356
f 1357 189 1354
f 189 1355 1354
f 1358 192 1357
f 1352 78 1359
f 192 189 1357
f 81 1353 1360
f 81 78 1353
f 1361 81 1362
f 81 1360 1362
f 1363 1364 78
f 1365 1363 78
f 78 82 1365
f 1366 1363 1367
f 1363 1365 1367
f 1368 387 1369
f 1368 1369 1370
f 1371 78 1364
f 192 1369 387
f 1369 192 1372
f 1371 1359 78
f 1372 192 1358
f 1373 1374 1375
f 1374 1376 1375
f 1377 1376 1374
f 1378 193 1379
f 169 1380 1381
f 1382 1383 1381
f 1383 169 1381
f 193 1383 1384
f 193 169 1383
f 1379 193 1384
f 101 1385 106
f 1385 101 1386
f 1387 1386 101
f 101 108 1387
f 1388 1389 128
f 128 127 1388
f 1389 1388 1390
f 1389 1391 130
f 130 128 1389
f 1392 1393 140
f 140 139 1392
f 1393 1392 1394
f 140 1395 141
f 1395 140 1396
f 1396 140 1397
f 140 1398 1397
f 140 1393 1399
f 1398 140 1399
f 1400 1401 510
f 1402 1374 1403
f 1374 1373 1403
f 1404 510 1401
f 160 1405 162
f 1405 160 1406
f 1405 1406 1407
f 1408 1406 160
f 160 163 1408
f 1406 1408 1409
f 1410 1411 166
f 166 165 1410
f 1411 1410 1412
f 1411 1380 169
f 169 166 1411
f 184 1413 1414
f 184 186 1413
f 1414 1413 1415
f 1416 184 1414
f 577 1417 1418
f 1419 577 1418
f 1413 186 1420
f 186 188 1421
f 188 577 1419
f 1421 188 1419
f 1420 186 1421
f 189 1378 1422
f 189 193 1378
f 1355 189 1422
f 1423 1424 326
f 1424 1423 1425
f 1426 311 1427
f 1424 1428 312
f 312 326 1424
f 1428 1424 1429
f 312 1427 311
f 1427 312 1430
f 312 1428 1430
f 1431 1432 165
f 165 206 1431
f 1432 1431 1433
f 165 1432 1434
f 1434 1432 1435
f 1410 165 1434
f 401 1436 1437
f 401 400 1436
f 1438 401 1439
f 401 1437 1439
f 1436 400 1440
f 1441 1436 1442
f 1436 1440 1442
f 1443 401 1444
f 401 1438 1444
f 492 1445 1446
f 1447 492 1448
f 492 1446 1448
f 1449 195 1450
f 1449 1450 1451
f 1449 1451 1452
f 1451 1453 1452
f 1447 1454 494
f 494 492 1447
f 494 1450 195
f 1450 494 1454
f 184 1455 253
f 1455 184 1416
f 1456 404 1457
f 404 253 1457
f 253 1455 1457
f 1458 571 1459
f 571 512 1459
f 512 1460 1459
f 244 1460 512
f 1460 244 1461
f 1460 1461 1462
f 571 1417 577
f 1417 571 1463
f 571 1458 1463
f 404 1461 244
f 1461 404 1456
f 1464 1465 308
f 1465 1464 1466
f 1465 1466 1467
f 1465 1467 1468
f 308 1431 206
f 1431 308 1469
f 308 1465 1469
f 151 1377 1374
f 1470 151 1471
f 1377 151 1472
f 151 1470 1472
f 151 1473 1471
f 81 1473 151
f 1473 81 1361
f 1474 5 1475
f 1476 1477 1478
f 4 1477 1476
f 5 4 1475
f 4 1476 1475
f 1474 1479 15
f 15 5 1474
f 1479 1474 1480
f 1338 1278 5
f 5 14 1338
f 1278 1338 1481
f 1482 1388 127
f 1482 127 1483
f 127 1484 1485
f 127 245 1484
f 1483 127 1486
f 127 1485 1486
f 1487 1483 1486
f 1291 1488 20
f 20 1489 21
f 1489 20 1488
f 1489 1488 1490
f 1491 21 1492
f 21 1493 1492
f 1493 21 1489
f 1493 1489 1494
f 1322 1495 293
f 293 27 1322
f 1495 1496 293
f 1496 1495 1497
f 1497 1495 1498
f 1498 1495 1499
f 1500 295 1501
f 295 293 1496
f 1502 295 1500
f 295 1496 1501
f 1503 1504 298
f 298 1505 1506
f 298 297 1505
f 1503 298 1506
f 1504 1507 298
f 1507 1504 1508
f 298 1509 299
f 1509 298 1507
f 302 1510 300
f 1510 302 1511
f 302 1512 1513
f 302 304 1512
f 1513 1512 1514
f 1515 1511 1513
f 1511 302 1513
f 1516 1514 1517
f 1514 1512 1517
f 305 1518 306
f 1518 305 1519
f 1518 1519 1520
f 1520 1519 1521
f 1519 305 1522
f 1519 1522 1523
f 305 1524 1525
f 305 307 1524
f 1522 305 1525
f 502 1423 326
f 1423 502 1526
f 1423 1526 1527
f 1526 502 1528
f 502 1529 1528
f 1530 1531 1532
f 1531 1533 1532
f 1534 1535 1536
f 1535 1534 1537
f 1531 1535 1538
f 1531 1536 1535
f 1538 1535 1539
f 1533 1531 1538
f 1540 141 1395
f 1540 1541 142
f 142 141 1540
f 1541 1540 1542
f 1541 1542 1543
f 1544 142 1541
f 1545 1546 1547
f 1548 525 1545
f 525 1546 1545
f 527 1546 525
f 1546 527 1549
f 527 1550 1549
f 1551 1550 527
f 1550 1551 1552
f 139 1553 1554
f 139 138 1553
f 1554 1553 1555
f 1556 139 1554
f 1392 139 1556
f 1297 1296 1557
f 1558 1297 1557
f 1313 1558 1559
f 1313 1297 1558
f 1559 1558 1560
f 1312 1313 1559
f 1464 308 1561
f 308 1426 1562
f 308 311 1426
f 1563 1561 1562
f 1561 308 1562
f 1564 1565 1566
f 1567 429 1564
f 429 1565 1564
f 1568 1569 348
f 1569 1568 1570
f 15 1565 429
f 1565 15 1571
f 15 1479 1571
f 1572 1477 4
f 4 6 1572
f 348 1572 6
f 1572 348 1569
f 1314 1573 3
f 1574 1573 1575
f 1576 3 1574
f 3 1573 1574
f 348 1576 1577
f 348 3 1576
f 1578 348 1577
f 1491 1284 10
f 10 21 1491
f 1284 1491 1579
f 1580 1329 11
f 11 350 1580
f 1548 1581 354
f 354 525 1548
f 1581 1300 26
f 26 354 1581
f 1582 1583 1584
f 1583 1582 1585
f 1583 130 1584
f 130 1391 1584
f 356 1586 1587
f 356 38 1586
f 1587 1586 1588
f 1589 356 1587
f 1589 1590 356
f 1590 1591 356
f 1592 500 1593
f 1593 500 1594
f 500 357 1595
f 1595 357 1596
f 1594 500 1595
f 357 356 1591
f 357 1591 1596
f 1331 39 1597
f 1331 1597 1598
f 1599 1597 39
f 39 362 1599
f 1597 1599 1600
f 1601 1586 1602
f 1586 38 1602
f 38 1336 1602
f 1603 1604 475
f 1605 475 1604
f 1606 306 1518
f 1607 306 1608
f 306 1606 1608
f 306 1348 43
f 1348 306 1607
f 1348 1607 1609
f 1610 1611 442
f 1611 1610 1612
f 82 1611 1613
f 82 442 1611
f 1613 1611 1614
f 1365 82 1613
f 1368 1615 387
f 1616 1617 1618
f 1615 1368 1616
f 1615 1616 1618
f 385 1615 1619
f 385 387 1615
f 1620 385 1619
f 534 1621 1622
f 1623 534 1622
f 534 1624 107
f 534 1623 1625
f 1624 534 1626
f 534 1625 1626
f 1624 1627 108
f 108 107 1624
f 1628 108 1627
f 1583 1440 400
f 400 130 1583
f 1484 245 1629
f 1630 1631 617
f 1632 617 1631
f 1633 138 1634
f 1633 1553 138
f 138 1635 1636
f 138 142 1635
f 1636 1635 1637
f 1636 1637 1638
f 1634 138 1636
f 1639 1640 423
f 423 422 1639
f 423 1640 1641
f 1642 423 1641
f 1642 1641 1643
f 343 1642 1644
f 343 423 1642
f 1645 343 1644
f 1646 300 1510
f 1646 1510 1647
f 307 1646 1648
f 307 300 1646
f 1524 307 1648
f 1649 1536 1650
f 1531 1651 1652
f 1653 1531 1654
f 1531 1652 1654
f 1531 1650 1536
f 1650 1531 1653
f 1650 1653 1655
f 1567 1656 430
f 430 429 1567
f 1656 1567 1657
f 1658 430 1656
f 1536 1568 348
f 1659 1568 1660
f 1661 1659 1660
f 1568 1536 1660
f 1536 1649 1660
f 1512 304 1662
f 1662 304 1663
f 1664 495 1665
f 1665 495 1666
f 1665 1666 1667
f 1665 1667 1668
f 1665 1668 1669
f 1670 1531 1530
f 1670 1530 1671
f 434 1658 1672
f 434 430 1658
f 1673 434 1674
f 1674 434 1675
f 434 1672 1675
f 1676 434 1673
f 1677 1678 350
f 1679 1677 350
f 350 433 1679
f 350 1678 1680
f 1681 1580 1680
f 1580 350 1680
f 1682 1679 433
f 1679 1682 1683
f 1683 1682 1684
f 434 1682 433
f 1682 434 1685
f 434 1686 1685
f 1686 434 1676
f 1578 1534 1536
f 1536 348 1578
f 378 1687 1688
f 378 380 1687
f 1689 1690 1688
f 1690 378 1688
f 1691 378 1690
f 379 1691 1692
f 379 378 1691
f 1692 1691 1693
f 1694 379 1692
f 1687 380 1695
f 1696 1695 380
f 380 435 1696
f 1695 1696 1697
f 1696 1698 1697
f 1303 1699 437
f 437 23 1303
f 1699 1700 362
f 362 437 1699
f 1701 1308 1297
f 1308 1701 1702
f 1599 362 1700
f 151 1400 510
f 1400 151 1703
f 151 1374 1402
f 151 1402 1703
f 214 1603 475
f 1704 1603 1705
f 1603 214 1705
f 214 1706 1705
f 214 1592 1707
f 214 500 1592
f 1706 214 1707
f 1708 524 1709
f 524 1710 1709
f 498 1710 524
f 1710 498 1711
f 1711 498 1712
f 498 1713 1712
f 1712 1713 1714
f 499 1713 498
f 1713 499 1715
f 499 379 1716
f 1716 379 1694
f 1715 499 1716
f 1717 1718 1719
f 1345 1346 1718
f 1346 1719 1718
f 1720 472 1721
f 1721 1722 1723
f 472 471 1721
f 471 1722 1721
f 1720 1724 474
f 474 472 1720
f 1724 1720 1725
f 475 1726 297
f 475 1605 1727
f 1726 475 1728
f 475 1727 1728
f 1726 1728 1729
f 1505 297 1726
f 1505 1726 1730
f 610 1731 1732
f 610 609 1731
f 1733 610 1732
f 1731 609 1734
f 609 1735 1734
f 1733 1630 617
f 617 610 1733
f 1630 1733 1736
f 1630 1736 1737
f 1651 1531 1670
f 1651 1670 1738
f 1670 1739 1738
f 534 1740 1741
f 1621 534 1742
f 534 1741 1742
f 299 1743 489
f 1743 299 1744
f 299 1509 1744
f 1745 1445 492
f 492 489 1745
f 1746 1745 1747
f 1745 489 1747
f 489 1748 1747
f 1748 489 1743
f 1748 1743 1749
f 1750 195 1751
f 195 1449 1751
f 1750 1751 1752
f 195 1753 197
f 1753 195 1750
f 364 1754 304
f 1755 364 1756
f 1754 364 1755
f 364 497 1756
f 497 1757 1756
f 497 1758 1759
f 1757 497 1759
f 1663 304 1754
f 197 1666 495
f 1666 197 1753
f 497 1664 1760
f 497 495 1664
f 1758 497 1760
f 1629 245 1761
f 1762 1763 1764
f 245 513 1761
f 1761 513 1762
f 513 1763 1762
f 522 1765 1766
f 522 524 1765
f 1766 1765 1767
f 1768 522 1766
f 522 1769 523
f 1769 522 1770
f 1771 1769 1772
f 1769 1770 1772
f 1770 522 1768
f 1765 524 1708
f 106 1773 398
f 1773 106 1774
f 106 1385 1774
f 1551 527 1775
f 1776 295 1502
f 1776 1502 1777
f 1502 1778 1777
f 552 1779 553
f 1780 1779 1781
f 1779 552 1781
f 552 1782 1781
f 1782 552 1783
f 1784 1785 552
f 552 438 1784
f 1785 1784 1786
f 1786 1784 1787
f 1783 552 1788
f 1783 1788 1789
f 1785 1788 552
f 401 1790 421
f 1790 401 1443
f 1790 1443 1791
f 1792 457 1793
f 457 523 1794
f 1795 457 1792
f 457 1794 1793
f 1793 1794 1796
f 457 1797 559
f 1797 457 1795
f 1797 1795 1798
f 1798 1795 1799
f 1769 1800 523
f 1794 523 1800
f 1775 527 1801
f 527 1802 1803
f 527 563 1802
f 1801 527 1804
f 527 1803 1804
f 1805 295 1776
f 1805 1776 1806
f 295 1807 471
f 1807 295 1805
f 1808 1809 1810
f 1807 1805 1808
f 1808 1805 1811
f 1807 1808 1810
f 1807 1722 471
f 1812 162 1813
f 162 1405 1813
f 567 1812 1814
f 567 162 1812
f 1815 567 1814
f 557 1816 1817
f 557 558 1816
f 1818 557 1817
f 557 1819 505
f 1819 557 1820
f 1819 1820 1821
f 1819 1821 1822
f 1820 557 1818
f 1820 1818 1823
f 1824 1825 558
f 558 559 1824
f 1825 1824 1826
f 1826 1824 1827
f 1816 558 1825
f 1797 1824 559
f 1696 435 1828
f 1828 435 1829
f 435 1830 1829
f 435 1831 1832
f 435 583 1831
f 1832 1831 1833
f 1830 435 1832
f 1834 1802 563
f 563 587 1834
f 553 1834 587
f 1834 553 1835
f 1834 1835 1836
f 1834 1836 1837
f 1836 1838 1837
f 1834 1837 1839
f 1835 553 1779
f 1840 603 1841
f 603 1842 1841
f 602 1842 603
f 1842 602 1843
f 1842 1843 1844
f 602 474 1845
f 1845 474 1724
f 1843 602 1845
f 510 1846 346
f 1846 510 1847
f 1847 510 1848
f 510 1404 1848
f 1819 1849 505
f 1850 422 1851
f 1851 505 1849
f 1639 422 1850
f 422 505 1851
f 600 1852 1853
f 1854 1855 1853
f 1855 600 1853
f 600 1831 583
f 1831 600 1855
f 1840 1856 604
f 604 603 1840
f 1857 1858 163
f 1408 163 1859
f 163 1858 1859
f 1856 1860 604
f 1860 1856 1861
f 1860 1861 1862
f 459 1857 163
f 1857 459 1863
f 1864 1857 1865
f 1857 1863 1865
f 1863 1866 1865
f 604 1863 459
f 1863 604 1867
f 604 1860 1867
f 1868 1869 611
f 611 1852 600
f 1852 611 1869
f 1852 1869 1870
f 1870 1869 1871
f 1852 1870 1872
f 421 1873 415
f 1873 421 1790
f 1873 1790 1874
f 1873 1735 609
f 609 415 1873
f 1735 1873 1875
f 1784 438 1876
f 1876 1620 1877
f 438 385 1876
f 385 1620 1876
f 1878 567 1879
f 567 1815 1879
f 1880 343 1645
f 1880 1645 1881
f 1880 1881 1882
f 1883 1884 617
f 617 1868 611
f 617 1884 1885
f 1868 617 1886
f 617 1885 1886
f 1887 1888 622
f 1888 1887 1889
f 1888 1889 1890
f 1891 622 1888
f 396 1878 1892
f 396 567 1878
f 1893 396 1892
f 396 1887 622
f 1894 1893 1895
f 1887 396 1894
f 396 1893 1894
f 442 1891 1896
f 442 622 1891
f 1610 442 1896
f 621 1880 1897
f 621 343 1880
f 1898 621 1897
f 1899 621 1898
f 1899 1898 1900
f 1632 1883 617
f 1313 1701 1297
f 1701 1313 1321
f 1901 621 1902
f 1903 621 1901
f 621 1899 1902
f 1903 1904 630
f 630 621 1903
f 1905 630 1904
f 1906 1907 1908
f 1909 1907 1910
f 1908 1907 1909
f 1907 1911 1910
f 1910 1911 1912
f 1906 1635 142
f 142 1907 1906
f 1387 108 1628
f 1387 1628 1913
f 1387 1913 1914
f 398 1915 588
f 1915 398 1916
f 1917 398 1918
f 1917 1916 398
f 1916 1917 1919
f 1919 1917 1920
f 398 1773 1921
f 1922 1918 1921
f 1918 398 1921
f 588 1763 513
f 1763 588 1915
f 1529 502 1923
f 502 1924 1925
f 502 639 1924
f 1923 502 1925
f 1924 639 1926
f 1924 1926 1927
f 1905 1926 639
f 639 630 1905
f 1907 1928 1929
f 1930 1907 1929
f 1931 1911 1932
f 1911 1907 1932
f 1907 1930 1932
f 142 1928 1907
f 1928 142 1933
f 142 1544 1933
f 346 1934 344
f 1934 346 1935
f 346 1846 1936
f 1936 1846 1937
f 1935 346 1936
f 1934 1938 637
f 637 344 1934
f 1938 1934 1939
f 647 1940 648
f 1940 647 1941
f 647 1942 1941
f 1943 1942 647
f 1944 1943 647
f 647 637 1944
f 1943 1944 1945
f 1943 1945 1946
f 1940 1740 534
f 534 648 1940
f 1740 1940 1947
f 1944 637 1948
f 637 1938 1949
f 1949 1938 1950
f 1948 637 1949
f 1949 1950 1951
f 1617 1616 662
f 662 657 1617
f 1618 1617 657
f 657 661 1618
f 1786 1787 854
f 854 1876 1042
f 1876 854 1784
f 854 1787 1784
f 1877 1042 1876
f 1780 1781 828
f 828 827 1780
f 832 1780 827
f 1780 832 1779
f 1779 832 1835
f 832 1836 1835
f 828 1789 684
f 1789 828 1781
f 1789 1781 1782
f 1789 1782 1783
f 1789 1786 854
f 854 684 1789
f 1786 1789 1785
f 1785 1789 1788
f 1836 832 1838
f 1301 1302 1952
f 1952 1600 1599
f 1952 1126 1600
f 1303 1301 1699
f 1699 1599 1700
f 1301 1952 1699
f 1952 1599 1699
f 1304 1305 1952
f 1304 1952 1302
f 1307 1952 1305
f 1126 1307 1306
f 1126 1952 1307
f 1702 1126 1308
f 1126 1306 1308
f 706 1705 1706
f 706 708 1705
f 1707 706 1706
f 706 1593 1594
f 1595 706 1594
f 1593 706 1707
f 1593 1707 1592
f 706 1596 709
f 1596 706 1595
f 1459 1953 1458
f 1953 1463 1458
f 1462 1953 1459
f 1462 1459 1460
f 991 1485 1484
f 1761 991 1629
f 991 1484 1629
f 1915 1764 1763
f 989 1764 1915
f 1919 989 1916
f 989 1915 1916
f 1762 1764 989
f 989 988 1762
f 991 1762 988
f 1762 991 1761
f 1809 1808 723
f 723 719 1809
f 1810 1809 719
f 719 720 1810
f 789 1437 1436
f 1441 789 1436
f 1442 789 1441
f 1778 929 1777
f 1500 929 1502
f 929 1778 1502
f 751 1293 758
f 1293 751 1291
f 751 754 1490
f 1291 751 1488
f 751 1490 1488
f 1418 1463 1953
f 1953 1954 1418
f 1463 1418 1417
f 1414 1415 1954
f 1954 1953 1414
f 1414 1953 1457
f 1414 1457 1416
f 1416 1457 1455
f 1456 1462 1461
f 1457 1953 1456
f 1953 1462 1456
f 1725 718 1845
f 1725 1845 1724
f 718 1725 1720
f 1721 718 1720
f 718 1844 1843
f 718 717 1844
f 1845 718 1843
f 1721 1723 720
f 720 718 1721
f 1866 982 1865
f 984 1865 982
f 1865 984 1864
f 1058 1864 984
f 1864 1058 1857
f 1857 1058 1858
f 1058 1859 1858
f 1058 1409 1408
f 1859 1058 1408
f 1444 1439 786
f 786 785 1444
f 1439 1444 1438
f 1439 1437 789
f 789 786 1439
f 1602 1342 796
f 796 795 1602
f 1342 1602 1336
f 1342 1336 1337
f 1601 1602 795
f 795 799 1601
f 711 1390 1388
f 711 1388 1482
f 1487 711 1483
f 711 1482 1483
f 1487 1486 980
f 980 711 1487
f 980 1485 991
f 1485 980 1486
f 785 1874 1790
f 785 1875 1874
f 1791 785 1790
f 1875 785 1735
f 785 1734 1735
f 785 1791 1443
f 1444 785 1443
f 1732 1734 785
f 785 784 1732
f 1734 1732 1731
f 1873 1874 1875
f 1837 832 1839
f 1047 1839 832
f 1839 1047 1803
f 1839 1803 1802
f 1839 1802 1834
f 1803 1047 1804
f 1271 1332 1331
f 1598 1271 1331
f 1271 1600 1126
f 1600 1271 1598
f 1600 1598 1597
f 760 1494 754
f 1494 760 1493
f 760 1492 1493
f 760 1579 1491
f 760 856 1579
f 1492 760 1491
f 810 1671 812
f 1671 810 1670
f 810 839 1670
f 839 1739 1670
f 1671 1532 812
f 1739 839 1738
f 1532 1671 1530
f 1532 1538 864
f 864 812 1532
f 1538 1532 1533
f 1688 1260 1689
f 1262 1689 1260
f 1689 1262 1690
f 1690 1262 1691
f 1262 1693 1691
f 1692 1693 1262
f 1894 999 1887
f 999 1889 1887
f 1894 1895 1000
f 1000 999 1894
f 1895 1892 1157
f 1157 1000 1895
f 1892 1895 1893
f 1879 1157 1892
f 1879 1892 1878
f 1870 917 1872
f 1871 917 1870
f 1259 1698 1696
f 1829 1259 1828
f 1259 1696 1828
f 1698 1259 1697
f 1466 1036 1467
f 1467 1036 1468
f 1292 758 1293
f 754 1494 1489
f 1294 758 1292
f 1490 754 1489
f 1037 1847 942
f 1847 1037 1846
f 1037 1937 1846
f 1847 1848 1024
f 1024 942 1847
f 1937 1037 1936
f 1703 1024 1848
f 1703 1848 1400
f 1401 1400 1404
f 1400 1848 1404
f 1833 1854 915
f 1854 1833 1831
f 1854 1831 1855
f 1832 1833 915
f 915 916 1832
f 1854 1853 917
f 917 915 1854
f 902 1644 919
f 1644 902 1645
f 902 1881 1645
f 1882 1881 902
f 902 921 1882
f 929 1811 1805
f 929 928 1811
f 1806 929 1805
f 929 1501 836
f 1501 929 1500
f 929 1806 1776
f 1777 929 1776
f 943 1520 944
f 1520 943 1518
f 1518 943 1606
f 943 1608 1606
f 1609 1608 943
f 1608 1609 1607
f 1350 1609 943
f 943 757 1350
f 1609 1350 1349
f 1609 1349 1348
f 1069 1616 1368
f 1069 662 1616
f 1370 1069 1368
f 1619 1618 661
f 1618 1619 1615
f 1372 1069 1369
f 1069 1370 1369
f 969 1429 1424
f 1425 969 1424
f 1430 1429 969
f 969 698 1430
f 1429 1430 1428
f 970 1425 1423
f 970 969 1425
f 1527 970 1423
f 698 1562 1426
f 1427 1430 1426
f 1430 698 1426
f 1588 709 1587
f 1589 1587 1591
f 1590 1589 1591
f 1587 709 1591
f 709 1596 1591
f 1343 796 1342
f 799 1588 1586
f 799 709 1588
f 1601 799 1586
f 1549 1086 1547
f 1549 1547 1546
f 1088 1547 1086
f 1547 1088 1545
f 1088 1298 1299
f 1088 1299 1300
f 1545 1088 1548
f 1088 1300 1548
f 1548 1300 1581
f 1861 1841 717
f 717 721 1861
f 1840 1841 1856
f 1841 1861 1856
f 1841 1844 717
f 1844 1841 1842
f 919 1850 976
f 1639 1641 1640
f 1850 919 1639
f 919 1641 1639
f 1644 1643 919
f 1643 1644 1642
f 1643 1641 919
f 1728 1727 708
f 708 977 1728
f 1727 1704 708
f 1704 1727 1603
f 1603 1727 1604
f 1604 1727 1605
f 1705 708 1704
f 1729 1728 977
f 977 979 1729
f 1390 711 1389
f 1389 1584 1391
f 711 981 1389
f 981 1584 1389
f 1920 989 1919
f 1861 721 1862
f 982 1862 721
f 1862 982 1860
f 982 1867 1860
f 1866 1867 982
f 1867 1866 1863
f 1808 1811 928
f 928 723 1808
f 999 1896 1891
f 999 998 1896
f 1888 1890 1891
f 1890 999 1891
f 1890 1889 999
f 1501 1497 1001
f 1001 836 1501
f 1497 1501 1496
f 1498 1499 1001
f 1498 1001 1497
f 1002 1499 1322
f 1002 1001 1499
f 1322 1499 1495
f 1323 1002 1322
f 1295 758 1294
f 1579 856 1285
f 1579 1285 1284
f 1652 1738 839
f 839 1004 1652
f 1738 1652 1651
f 805 1555 1553
f 805 1160 1555
f 1636 805 1634
f 1634 805 1633
f 805 1553 1633
f 1163 1555 1160
f 1555 1163 1554
f 1638 805 1636
f 1542 1138 1543
f 1395 882 1540
f 882 1138 1542
f 1396 882 1395
f 882 1542 1540
f 1397 882 1396
f 1399 1394 1251
f 1394 1399 1393
f 1554 1163 1556
f 1251 1394 1392
f 1163 1251 1556
f 1251 1392 1556
f 1680 1683 1128
f 1128 1077 1680
f 1678 1677 1679
f 1683 1680 1678
f 1683 1678 1679
f 1680 1077 1681
f 1564 1209 1567
f 1209 1657 1567
f 1657 1209 1672
f 1657 1672 1656
f 1656 1672 1658
f 1684 1128 1683
f 989 1922 1013
f 1922 989 1918
f 1918 989 1917
f 989 1920 1917
f 938 1375 1021
f 1375 938 1373
f 938 1024 1403
f 938 1403 1373
f 1021 1470 1022
f 1470 1021 1472
f 1021 1375 1376
f 1403 1024 1703
f 1403 1703 1402
f 1472 1021 1377
f 1021 1376 1377
f 1903 1027 1904
f 1901 1027 1903
f 1027 1026 1904
f 1904 1026 1905
f 1905 1026 1926
f 1026 1927 1926
f 1901 1902 1027
f 1902 1900 921
f 921 1027 1902
f 1900 1902 1899
f 1360 1955 1362
f 1361 1471 1473
f 1362 1955 1361
f 1955 1471 1361
f 1648 1029 1525
f 1648 1525 1524
f 1031 1648 1646
f 1031 1029 1648
f 1647 1031 1646
f 1523 1525 1029
f 1029 910 1523
f 1525 1523 1522
f 1023 1381 1380
f 1023 1020 1381
f 1412 1023 1411
f 1023 1380 1411
f 1023 1434 1034
f 1434 1023 1410
f 1023 1412 1410
f 1422 1384 1020
f 1020 1022 1422
f 1379 1384 1378
f 1384 1422 1378
f 1384 1382 1020
f 1382 1384 1383
f 1381 1020 1382
f 1022 1356 1355
f 1422 1022 1355
f 1435 1433 1035
f 1035 1034 1435
f 1433 1435 1432
f 1433 1469 1035
f 1469 1433 1431
f 1035 1468 1036
f 1468 1035 1469
f 1468 1469 1465
f 1435 1034 1434
f 1729 979 1726
f 979 1730 1726
f 979 1506 1505
f 979 1039 1506
f 1730 979 1505
f 1877 1619 661
f 661 1042 1877
f 1619 1877 1620
f 1295 1351 758
f 1295 1290 1289
f 1351 1295 1289
f 1351 1350 757
f 757 758 1351
f 1418 1954 1419
f 1954 1421 1419
f 1837 1838 832
f 694 1466 1464
f 694 1036 1466
f 1563 694 1561
f 694 1464 1561
f 694 1562 698
f 1562 694 1563
f 1047 1552 1551
f 1047 1048 1552
f 1801 1551 1775
f 1804 1047 1801
f 1047 1551 1801
f 971 1927 1026
f 1927 971 1924
f 971 1925 1924
f 971 1528 1923
f 971 970 1528
f 1923 1528 1529
f 1925 971 1923
f 1076 1344 1341
f 1076 796 1344
f 1347 1076 1341
f 1076 1717 1077
f 1718 1717 1345
f 1717 1076 1345
f 1076 1347 1345
f 1528 970 1527
f 1528 1527 1526
f 1549 1552 1048
f 1048 1086 1549
f 1552 1549 1550
f 1371 1069 1359
f 1069 1955 1360
f 1352 1360 1353
f 1069 1360 1359
f 1360 1352 1359
f 1366 1069 1363
f 1363 1069 1364
f 1364 1069 1371
f 1354 1356 1022
f 1022 1955 1354
f 1357 1955 1358
f 1354 1955 1357
f 1955 1069 1358
f 1069 1372 1358
f 1470 1471 1955
f 1955 1022 1470
f 1736 1732 784
f 1732 1736 1733
f 1897 921 1898
f 921 1900 1898
f 976 1821 1092
f 1821 976 1822
f 1822 976 1819
f 1819 976 1849
f 976 1851 1849
f 1850 1851 976
f 1882 921 1897
f 1882 1897 1880
f 1520 1521 944
f 1521 1523 910
f 910 944 1521
f 1523 1521 1519
f 1612 1098 1614
f 1612 1614 1611
f 660 1613 686
f 1613 660 1365
f 660 1367 1365
f 1613 1614 1098
f 1098 686 1613
f 1069 1367 660
f 1367 1069 1366
f 916 1829 1830
f 916 1259 1829
f 1832 916 1830
f 1949 794 1945
f 1949 1945 1944
f 1949 1944 1948
f 1949 1951 791
f 791 794 1949
f 1037 1950 1938
f 1037 941 1950
f 1939 1037 1938
f 791 1950 941
f 1950 791 1951
f 1936 1037 1939
f 1936 1939 1934
f 1936 1934 1935
f 1612 1896 998
f 998 1098 1612
f 1896 1612 1610
f 1539 864 1538
f 1130 1655 1653
f 1654 1130 1653
f 1654 1652 1004
f 1004 1130 1654
f 1954 1415 1413
f 1421 1954 1420
f 1954 1413 1420
f 1559 1560 1100
f 1100 1101 1559
f 1088 1560 1558
f 1088 1100 1560
f 1557 1088 1558
f 1282 856 1283
f 1286 856 1282
f 856 842 1283
f 842 1288 1283
f 1286 1285 856
f 1298 1088 1557
f 1298 1557 1296
f 1101 1310 1309
f 1320 1127 1318
f 1312 1559 1309
f 1559 1101 1309
f 1126 1318 1127
f 1318 1126 1702
f 1318 1702 1319
f 1321 1319 1701
f 1319 1702 1701
f 1108 1821 1820
f 1108 1092 1821
f 1823 1108 1820
f 1817 1108 1823
f 1817 1823 1818
f 1946 1945 794
f 794 1113 1946
f 1943 1946 1942
f 1946 1113 1942
f 1113 1941 1942
f 1343 1344 796
f 1334 1340 1333
f 1340 1334 1339
f 1334 1335 1339
f 1332 1271 1481
f 1332 1481 1338
f 1332 1339 1335
f 1339 1332 1338
f 1310 1101 1316
f 1310 1316 1311
f 1311 1316 1317
f 1320 1274 1127
f 1274 1320 1272
f 1125 1274 1273
f 1125 1127 1274
f 1275 1125 1273
f 1717 1681 1077
f 1580 1717 1329
f 1329 1717 1346
f 1346 1717 1719
f 1330 1329 1346
f 1681 1717 1580
f 1315 1316 1101
f 1101 1133 1315
f 1929 1134 1930
f 1910 804 1909
f 1134 1136 1932
f 1134 1932 1930
f 805 1909 804
f 1909 805 1908
f 1134 1929 1928
f 1908 805 1906
f 1906 805 1635
f 1933 1134 1928
f 805 1637 1635
f 1134 1543 1138
f 1543 1134 1541
f 1638 1637 805
f 1541 1134 1544
f 1544 1134 1933
f 1674 1675 1132
f 1132 824 1674
f 1673 824 1676
f 1674 824 1673
f 824 826 1676
f 1676 826 1686
f 826 1685 1686
f 1108 1817 1825
f 1825 1817 1816
f 1826 1108 1825
f 1108 1827 1147
f 1827 1108 1826
f 1503 1039 1504
f 1506 1039 1503
f 1039 1508 1504
f 1941 1113 1947
f 1941 1947 1940
f 1741 1947 1113
f 1113 1155 1741
f 1947 1741 1740
f 1287 1288 842
f 842 841 1287
f 1315 1133 1314
f 1314 1133 1573
f 1133 1575 1573
f 1478 1956 1476
f 1276 1125 1275
f 1475 1476 1956
f 1574 1575 1133
f 1133 1174 1574
f 1827 1798 1147
f 1798 1827 1797
f 1797 1827 1824
f 1147 1799 1175
f 1799 1147 1798
f 1177 1508 1039
f 1508 1177 1744
f 1508 1744 1507
f 1507 1744 1509
f 1749 1744 1177
f 1744 1749 1743
f 1154 1622 1155
f 1622 1154 1623
f 1154 1625 1623
f 1626 1625 1154
f 1154 1184 1626
f 1741 1155 1742
f 1155 1622 1621
f 1742 1155 1621
f 1814 1157 1815
f 1157 1879 1815
f 1185 1814 1812
f 1185 1157 1814
f 1813 1185 1812
f 1328 1281 1170
f 1281 1328 1279
f 1170 1326 1325
f 1170 1190 1326
f 1328 1170 1325
f 1281 1287 841
f 841 1170 1281
f 1287 1281 1280
f 1168 1932 1136
f 1910 1912 804
f 1932 1168 1931
f 1168 800 1911
f 800 804 1912
f 1911 800 1912
f 1931 1168 1911
f 1574 1174 1576
f 1174 1577 1576
f 1659 1210 1570
f 1659 1570 1568
f 1210 1478 1477
f 1210 1956 1478
f 1570 1210 1572
f 1210 1477 1572
f 1569 1570 1572
f 1564 1566 1210
f 1210 1209 1564
f 1210 1571 1956
f 1571 1210 1565
f 1210 1566 1565
f 1480 1956 1571
f 1480 1571 1479
f 1174 1537 1534
f 1174 864 1537
f 1577 1174 1534
f 1577 1534 1578
f 1199 1799 1795
f 1199 1175 1799
f 1792 1199 1795
f 1793 1199 1792
f 1200 1749 1177
f 1749 1200 1748
f 1200 1747 1748
f 1214 1446 1445
f 1746 1214 1745
f 1214 1445 1745
f 1746 1747 1200
f 1200 1214 1746
f 1624 1626 1627
f 1627 1626 1628
f 1626 1184 1628
f 1184 1913 1628
f 1914 1913 1184
f 1184 1142 1914
f 1407 1185 1813
f 1407 1813 1405
f 1407 1409 1058
f 1058 1185 1407
f 1409 1407 1406
f 1537 864 1539
f 1655 1130 1650
f 1537 1539 1535
f 1650 1130 1649
f 1130 1660 1649
f 1131 1660 1130
f 1660 1131 1661
f 1659 1661 1131
f 1131 1210 1659
f 1675 1672 1209
f 1209 1132 1675
f 1793 1796 1199
f 1199 1771 1213
f 1771 1199 1796
f 1771 1796 1769
f 1769 1796 1794
f 1769 1794 1800
f 1215 1446 1214
f 1446 1215 1448
f 1451 1448 1215
f 1447 1448 1454
f 1454 1451 1450
f 1448 1451 1454
f 1684 1685 826
f 826 1128 1684
f 1685 1684 1682
f 1031 1647 1510
f 1515 1031 1511
f 1031 1510 1511
f 1914 1142 1774
f 1914 1774 1385
f 1914 1385 1387
f 1385 1386 1387
f 1142 1921 1773
f 1142 1013 1921
f 1774 1142 1773
f 1771 1772 1213
f 1213 1766 1224
f 1766 1213 1768
f 1768 1213 1770
f 1213 1772 1770
f 1225 1451 1215
f 1451 1225 1453
f 1452 1453 1225
f 1225 1232 1452
f 1452 1232 1449
f 1232 1751 1449
f 1922 1921 1013
f 1766 1767 1224
f 1224 1709 1231
f 1709 1224 1767
f 1709 1767 1708
f 1708 1767 1765
f 1752 1232 1667
f 1752 1667 1666
f 1750 1752 1753
f 1752 1666 1753
f 1751 1232 1752
f 1668 1667 1232
f 1232 1233 1668
f 883 1399 1251
f 883 882 1397
f 1399 883 1398
f 883 1397 1398
f 1231 1709 1710
f 1711 1231 1710
f 1711 1712 1242
f 1242 1231 1711
f 1245 1668 1233
f 1668 1245 1669
f 1245 1760 1665
f 1665 1760 1664
f 1669 1245 1665
f 1712 1714 1262
f 1262 1242 1712
f 1262 1714 1713
f 1716 1262 1715
f 1262 1713 1715
f 1248 1760 1245
f 1760 1248 1759
f 1760 1759 1758
f 1756 1759 1248
f 1759 1756 1757
f 1582 1584 981
f 981 787 1582
f 789 1582 787
f 1582 789 1585
f 789 1442 1440
f 1585 789 1583
f 789 1440 1583
f 1737 1255 1630
f 1630 1255 1631
f 1884 1256 1885
f 1631 1255 1632
f 1883 1256 1884
f 1255 1256 1632
f 1632 1256 1883
f 1737 1736 784
f 784 1255 1737
f 1327 1002 1323
f 1327 1323 1324
f 1002 1326 1190
f 1326 1002 1327
f 1885 1256 1886
f 1868 1256 1869
f 1256 917 1871
f 1886 1256 1868
f 1256 1871 1869
f 1872 917 1853
f 1872 1853 1852
f 1688 1697 1259
f 1259 1260 1688
f 1697 1688 1687
f 1697 1687 1695
f 1514 1516 1265
f 1517 1265 1516
f 1264 1514 1265
f 1514 1264 1513
f 1031 1513 1264
f 1513 1031 1515
f 1248 1517 1512
f 1248 1265 1517
f 1755 1248 1662
f 1248 1512 1662
f 1754 1755 1663
f 1755 1662 1663
f 1692 1262 1716
f 1692 1716 1694
f 1756 1248 1755
f 1723 1810 720
f 1810 1723 1722
f 1810 1722 1807
f 1276 1277 1125
f 1475 1956 1474
f 1956 1480 1474
f 1125 1481 1271
f 1481 1125 1277
f 1481 1277 1278
