v 15.700035794908374 -8.1173487356346232 38.597028429012937
v 16.494867503253115 -6.7423461383151686 39.515102555448287
v 13.535636196177514 -6.8661995131141094 38.597028429012937
v 17.406800951937573 -8.1620102180480618 37.338076800750329
v 12.672569557483429 -8.3592437102756829 37.351557719129183
v 14.836969156214289 -9.6103929327961968 37.351557719129183
v 16.605382251146935 -9.5484078460721857 36.181568808708981
v 14.45733268479346 -5.2717298254032272 39.661638320315362
v 17.570855832752596 -4.8809624866384169 40.514914556934428
v 18.262662154169238 -6.681430915966331 38.32664333293495
v 14.6865537227962 -4.8751936539029757 36.653373351869206
v 13.583340486437999 -6.7836744674688489 35.367131372741071
v 15.428203217110024 -3.5921925226246745 40.534465419308965
v 15.877193136182107 -2.8154717420961277 37.565671722094216
v 11.87142741531653 -9.7451629114555303 35.903439677673774
v 14.041391136887441 -10.986686595290871 35.938008030895553
v 15.844643100604653 -10.864432731461564 34.821125515781276
v 18.598380015439837 -3.1034183786588776 41.203686865945095
v 19.164185230233056 -5.1218598040982979 39.137126299787028
v 16.438283789421199 -1.8448246259385521 41.2065502330139
v 16.732068657089641 -1.3365975989387038 38.0624983063001
v 11.160313570112102 -10.975339531085078 34.377961261183302
v 13.321462300727294 -12.232112525349544 34.370884852351523
v 15.198125716131859 -11.982862046157074 33.413800642678865
v 19.641610125841641 -1.298704127397301 41.671001509206718
v 21.066834410880897 -1.8304113909156996 40.192480395472984
v 20.102116444069786 -3.4993051908478523 39.761205729032696
v 12.384442455644368 -8.8576832028468608 32.95337225909315
v 17.477210527110781 -0.047554904876786264 41.671001509206718
v 17.639851894650921 0.23380314922626377 38.652331012287874
v 10.520173092218801 -12.082737248754942 32.666267113675147
v 12.684572690949663 -13.333886471275456 32.666267113675147
v 20.698721341379613 0.53002345324647515 41.923047441033845
v 18.534321742648753 1.7811726757669897 41.923047441033845
v 18.458376492494452 -6.3428589633070018 35.963299828748511
v 16.418654327387966 -9.8714339375895221 32.434171157897161
v 17.768622048048744 -7.5360853314404324 33.367144529400463
v 19.926884591672113 -3.8024438926010515 36.012508684851859
v 21.309574672303629 -1.4104879197882831 36.943885995245402
v 9.9728569845176267 -13.029555376093013 30.841648326600122
v 14.60975354191125 -13.000704262629066 31.839038526518891
v 12.197389853216601 -14.176678297796144 31.042118023304127
v 21.763168973442401 2.3714425152072756 41.960103989591211
v 22.048437752144569 -0.13230708832590832 40.426523077778029
v 11.603570780299174 -10.208535931166981 31.176988202324885
v 19.623033135506741 3.6645663265166792 41.956025703119359
v 18.902320048201844 2.4177836974868101 39.243696520008157
v 9.5207303263416101 -13.811702493253252 28.915748850350916
v 14.095686912114484 -13.890003146587571 30.104987200693294
v 11.672764743593932 -15.084242604525208 28.845291221428937
v 22.82403370477169 4.2066634124965159 41.781792378346779
v 23.108919802080809 1.7022517972395168 40.448820692564539
v 11.185660230872468 -10.931491602004018 28.969001516087154
v 20.752701959640387 5.6188134344099465 41.74694067432138
v 20.490638974750031 5.1654630193441715 39.378642666886385
v 15.732552108283105 -11.058342214387469 29.911427074394187
v 22.760691650345802 1.0998417422952642 37.805391212684782
v 9.1919345439825531 -14.38049592459847 27.042248549140535
v 13.659186984648638 -14.645117125677814 28.237278093137654
v 13.346691359267695 -15.185712439174541 26.443982606864481
v 11.332832403610043 -15.672301492316834 26.908334071974124
v 23.870427560692374 6.0168507195761336 41.389942695023677
v 24.021941623820648 3.2817149252468747 40.295357911266727
v 24.993593223542945 4.9626034193534627 39.931496930773662
v 10.750072233626051 -11.685028006360985 27.224893265583034
v 21.836079081448347 7.4929791738023095 41.313356166708971
v 14.964972003811909 -12.386201465871764 28.031536178364533
v 14.845727679981902 -4.5998339742901084 34.334847986443933
v 16.517659046765822 -3.7056739818322053 35.266020224421951
v 15.711487519474247 -5.1002936632983147 34.334847986443933
v 16.301852444614273 -4.0790041287824579 32.277716998878105
v 14.964867329352652 -6.3918937464986545 33.222960625912094
v 15.651899207273477 -3.2052142928239991 35.266020224421951
v 16.506721697319875 -1.7264318893028192 36.003886810789552
v 17.37248153681222 -2.2268915783110255 36.003886810789552
v 17.607792264595496 -1.8198206745181427 33.04652395261089
v 14.099107489860307 -5.8914340574904482 33.222960625912094
v 14.287896389127724 -7.5630055571454147 31.945398574074972
v 15.50132318706207 -5.4638630829588042 31.243727180720001
v 17.398632804059226 -0.18348880403179324 36.538469392369734
v 18.26439264355157 -0.68394849303999905 36.538469392369734
v 18.891341487822892 0.4006286321664847 33.534615125705791
v 13.415419665607207 -7.0741656020854986 31.946072524008763
v 14.362794379968719 -13.427926133042336 25.754937432176092
v 24.206979670144165 3.6018176484102558 38.269613505189042
v 13.689729087045919 -8.597792651519006 30.519434702599206
v 15.091312973208534 -6.1731517324392957 29.363012737118304
v 19.186918056584272 0.91195517524067271 36.863192620178651
v 12.78065388087655 -8.1722654810042901 30.387687778292047
v 18.315572093022944 1.4027512649949001 36.862536559448422
v 8.9195804850198268 -14.851649169408148 24.84000176642914
v 13.130135776711793 -15.560338269211563 24.644088914239735
v 11.083980083750689 -16.102798391928662 24.84000176642914
v 24.891611622872961 7.7834268678323237 40.788571923273857
v 10.229657245056252 -12.585309101660576 23.878390270900436
v 22.727212024142101 9.0345760903528376 40.788571923273857
v 22.495035419314551 8.6329269974404159 38.21997854145809
v 13.221719448610475 -9.407416200332138 29.095948417241736
v 14.188172331394599 -7.7355211185638719 28.01405896734682
v 19.24514120833005 3.0108400396576762 36.971709536104939
v 20.110901047822395 2.51038035064947 36.971709536104939
v 19.92958194369012 2.1967111342505441 35.008563874601656
v 12.312694394673919 -8.9818022700044242 28.964354034698093
v 25.941833598539638 6.6029921517291452 39.373080396087985
v 25.238002906212948 5.3854148710771739 37.130342518252093
v 12.760987094638383 -10.204450562109214 27.30118858707408
v 20.268976238003216 4.7820021740407848 36.831419753574629
v 21.040526392390866 4.1185663979545089 36.864509637640893
v 11.861808651995727 -9.7618026911853146 27.117420190913336
v 8.7795412827212491 -15.093907077422521 22.738158645324468
v 12.987812157129586 -15.806548057435766 22.606242258642027
v 10.941124795295083 -16.349927929672369 22.731975187031729
v 25.877107579647081 9.488265119736214 39.983852789843624
v 23.677610677103548 10.67869849084482 40.0125119352371
v 12.442971428805585 -10.754595154879679 25.552425223111065
v 14.408124419732923 -7.3550195739276329 25.716864822359113
v 21.091878592777846 6.2055650028461073 36.542386375667782
v 21.957638432270191 5.7051053138379029 36.542386375667782
v 22.073901217251958 5.9062317027868829 34.117038976317787
v 20.631773746912906 3.4114532527531818 33.134769662865622
v 11.577211589313242 -10.254135465871473 25.552425223111065
v 14.656197306462282 -12.920359837241264 22.426738602275975
v 8.7555513027107406 -15.154146823923636 20.427183584856852
v 12.954948127797628 -15.863400502067002 20.632015733151732
v 10.90573266885459 -16.411153803362893 20.605885227300977
v 10.071681520625914 -12.85859592341747 21.020338052946336
v 24.687684747186644 12.386812870543169 38.959561187288514
v 23.732549320963759 10.773738456170706 37.302430213523934
v 12.228709646512799 -11.125252872816487 23.741717334695032
v 13.317921067324828 -9.2409942090982415 23.87412772918794
v 21.91412280203313 7.62798928648645 36.051460818028829
v 22.905975012961719 7.3456604752562189 35.961376992754239
v 11.34660857499737 -10.653062358577284 23.572248564848284
v 14.069783775297211 -13.934813739859759 19.957385576525166
v 12.132498182870609 -11.291691895078719 22.08933852421216
v 13.108704366450784 -9.6029242932710357 21.505680002195291
v 23.70504565441459 8.727996126821429 35.273642481800692
v 11.255338300802009 -10.810953472833445 21.893549082096783
v 22.839285814922246 9.2284558158296353 35.273642481800692
v 8.8156450515167855 -15.031450112827759 18.467411150068237
v 13.02220923707636 -15.747043543750074 18.661276501196593
v 10.978168516128733 -16.285844914581389 18.483550245627868
v 10.135208329519383 -12.748699040453598 19.087322747840563
v 12.121552667392363 -11.310626862133482 20.181831974052557
v 24.511713318173459 10.123474089259467 34.344182561434714
v 23.207332971618445 7.8669884136431012 32.170496751051488
v 11.267370514014139 -10.790138595615431 19.836569941489973
v 8.9932878162907901 -14.724140703307672 16.386746587190679
v 11.157687415021652 -15.975289925828186 16.386746587190679
v 13.188906350352667 -15.458669336588777 16.714244971336861
v 14.293095292682594 -13.548500620752197 17.134995518048097
v 12.249864840126246 -11.088655885227929 18.019456455365273
v 13.465169920430268 -8.9862641154864313 17.907992853148645
v 11.364425971932798 -10.622239522992746 18.184977043453102
v 9.2780480985044349 -14.231525570385273 14.336991709896147
v 13.453326703224725 -15.001240841768947 14.810899924012677
v 11.442447697235297 -15.482674792905787 14.336991709896147
v 29.267611004975585 15.353596066026515 34.926030949914981
v 26.356401896469215 15.312817695745448 36.442093680166991
v 28.520801495200075 14.061668473224934 36.442093680166991
v 29.311795699618902 12.432788060981345 35.337064619243165
v 30.005265150611912 13.632441127493779 33.929294763270583
v 10.178856894111792 -12.673190113150211 17.285861815321894
v 27.103211406244725 16.604745288547029 34.926030949914981
v 28.5412498233737 11.09979823424508 32.348217500746536
v 12.434072810323801 -10.769989135009746 16.470080618749147
v 11.579650235289769 -10.249916780939225 16.374722727414724
v 20.43560207682075 -2.9223986502718318 27.672485846425413
v 21.022494147382535 -1.907116908367998 24.991653083275224
v 21.397517127455938 -1.2583536969338649 25.51695075063304
v 19.989672178977674 -0.55696774801812055 25.448717119907965
v 21.812492791633588 -0.54047516984678623 25.904144756155642
v 21.282905569016712 -1.4566235808379155 27.596226980023811
v 18.800237608978907 0.24302537009075253 25.51695075063304
v 18.425214628905501 -0.40573784134338053 24.991653083275224
v 17.56409237818362 -1.895418384936649 26.893791916856845
v 18.558375223832236 -0.17537943721508453 28.134547326159641
v 19.215213273156554 0.96090389717783142 25.904144756155642
v 20.698819613530002 -2.4670509422784357 24.344210206878707
v 20.089656804132911 -3.5208594860464539 26.187534031181428
v 19.705980495625326 1.8098964555888686 26.149988745203125
v 22.254812938782479 0.22470737734049617 26.141467661284146
v 21.959524645211122 -0.28612047005904628 28.552905008002867
v 18.060039529785115 -1.037464915760927 24.247466506320755
v 20.436327927018386 -2.9211429808055338 23.594296964000975
v 19.427668676372516 -4.6660520916116948 25.044387620183361
v 21.463418763884253 1.7454280994865499 26.220935732754143
v 22.711036902166082 1.0139425425029691 26.221710331294055
v 17.839048408541352 -1.4197639137809159 23.594296964000975
v 16.758655697678549 -3.2887668334745022 24.883534870233891
v 19.736349216198469 1.8624321926850929 27.954972897084104
v 20.113757383689048 2.5153216095275868 26.221710331294055
v 20.242994206369065 -3.2555966333854678 22.764699404794253
v 23.162312323837547 1.7946170807607777 28.39510317882587
v 17.645714687892031 -1.7542175663608504 22.764699404794253
v 20.460566388803173 3.1152766412647752 29.002847262744677
v 20.570023170869995 3.3046291268991714 26.142435757975857
v 9.665129020809804 -13.561902972349907 12.35531674780756
v 11.862032574143619 -14.806626910107212 12.367851163616594
v 29.933833005157254 16.50611297120745 33.266779210922522
v 10.781861372345485 -11.630035046408748 13.490977377141544
v 27.826109274837648 17.855307434566562 33.091950570846429
v 26.768407008213767 16.025557377378707 31.626056184435775
v 20.124692596745657 -3.4602500446566551 21.880618135003992
v 18.83667374986695 -5.6884314838984888 23.126275611025829
v 17.527413078268626 -1.9588709776320377 21.880618135003992
v 16.391792605900619 -3.9234140157136248 22.254821112570195
v 21.202908475817079 4.399475908892569 27.870242500750603
v 21.012470208207208 4.0700311851309756 25.906049866720856
v 21.86866293010851 2.5539395933868629 26.142435757975857
v 13.812758145689372 -14.379449886830333 12.970772987148496
v 14.908255560010783 -12.484316899262915 14.503784704013977
v 30.579075056851337 14.625091651074341 32.500197485624192
v 29.621301969078257 12.968212000320069 30.879088453028761
v 12.764353563373513 -10.198626809475792 14.626638006475524
v 11.89859372388117 -9.6981671204675859 14.626638006475524
v 20.085018868436574 -3.5288827865284431 20.968924751496612
v 18.89817474353621 -5.5820391178854809 20.840544517868103
v 17.489647948187933 -2.0242019796591193 21.012783910964686
v 22.064244873734467 5.8895269119767484 27.454950276695044
v 21.426589030347866 4.7864274361412704 25.538493807859844
v 17.522925888964945 -1.9666334975245494 20.013675079954677
v 20.125177090114921 -3.4594119054202266 20.057314938750782
v 16.562238132918402 -3.6285553180919563 19.852613932372577
v 10.150556345587271 -12.722148058987351 10.46205812412591
v 12.314955944318132 -13.973297281507865 10.46205812412591
v 30.512627745499714 17.50738690496015 31.481365062470552
v 31.161350654696029 15.632387221931129 30.730675528958244
v 28.361009222606732 18.780646484036797 31.405674325642913
v 14.263512243694343 -13.599677201616318 11.212747299681554
v 14.629913547863016 -12.965828879255925 12.856988881497788
v 13.188688989533329 -9.4645565566426733 12.94619820738718
v 14.134315980560775 -7.8286887935587117 14.378861220914077
v 26.599500458150462 13.735198068033373 30.338844525503987
v 25.669738139736051 14.124937998596119 30.533063538907093
v 26.121131170043327 14.905815991469552 29.163286766509394
v 27.085091242525046 14.575235754929285 28.830092871918421
v 25.457047590006976 11.758835468856571 29.023375103663788
v 12.321004340330166 -8.9674266521963233 12.952039136928109
v 17.646668118933025 -1.7525681981436989 19.173487216231379
v 19.274644825474649 -4.9307725226505781 18.654615845070573
v 18.963207610228331 -5.4695368615285762 16.623161131013052
v 17.81692054860358 -7.4525323440440943 18.385303601281361
v 17.541731156944849 -7.9285905137332691 15.169853128358884
v 16.105829731985487 -10.412598345939037 16.880307734072083
v 16.258850684880905 -10.147882928239273 14.196262089929423
v 17.344300927033828 -8.2701308373853912 12.60261791388281
v 24.724249858846502 4.496658462527785 24.348481501093978
v 24.987140579295136 4.9514408015223346 23.599124960591311
v 25.88047922351112 6.4968534255869645 26.253559827233101
v 17.864085156773548 -1.3764521114380055 18.264173312579352
v 16.837504200918897 -3.1523645037586774 17.89462896038463
v 18.985973918129936 -2.1582913778763806 18.490317148734857
v 14.80096377947326 -12.669924085490234 9.5548618980296531
v 15.238032089601177 -11.913826844624687 11.19758496114688
v 25.187490061282944 5.2980312246428962 22.721008334247532
v 26.528559748571659 7.6179868628603256 23.713404168657085
v 30.998054456924514 18.347140757266011 29.588105730333005
v 31.6121048560025 16.412160085849429 28.972649960810191
v 30.460555804099538 14.4200617325958 29.242239155640846
v 10.713828944732565 -11.747726330849982 8.7245227551451343
v 12.901418734713259 -12.958758163907941 8.6575441240937359
v 13.676784550049295 -8.6201857843099994 11.46504827231051
v 18.103333417765334 -0.96256955389264753 17.594941208226931
v 17.115916384222245 -2.6707311326332204 16.197424851172407
v 19.295534299607215 -1.7313708967266868 17.693299346456037
v 26.600190497363606 15.734554719957464 27.316787070064564
v 27.473040083371391 15.246359790609347 27.277929120030375
v 26.413388448277772 13.413237463944968 26.606334937688828
v 11.989186114410931 -9.5414486969723669 10.535854826945023
v 12.871138759856185 -8.015733044881129 11.310233550803622
v 27.466440019718632 17.233105080568244 29.364757475927714
v 28.833654858193654 19.598289979786525 29.588105730333005
v 22.583635639201777 6.7880361738034534 22.76993549308953
v 25.299685291767943 5.4921210322136087 21.886107293294579
v 22.702405773290913 6.9935000992382257 21.886107293294579
v 25.339844339858303 5.5615933429561082 20.974498435099854
v 26.45592984176912 7.4923422648302154 20.739908561616335
v 22.742564821381269 7.0629724099807252 20.974498435099854
v 23.87068969081071 9.014548585516696 22.604488490801327
v 14.225925083902666 -7.6702115288613442 10.146961472926799
v 15.264947116605189 -5.8727769541721617 12.359159451683434
v 26.902689623823857 16.257856797872687 25.658829918031223
v 27.796824612460103 15.806484108492919 25.468351227400678
v 13.427970999177905 -7.0524526833904559 9.985668488330262
v 27.847315961567187 17.891993501601277 27.471703546394011
v 15.419598006032214 -11.599730660418253 8.0141283636664422
v 15.704474428099358 -11.106914613769669 9.7062375154357721
v 31.349363418108876 18.954880394498225 27.78955984611575
v 31.988341096333063 17.063022151653993 27.011559794443791
v 30.025589935000134 13.667601565898993 27.077027835390179
v 11.395570929747652 -10.568360950410369 7.0173919490553924
v 13.598621219323972 -11.752647213460664 6.9389293279197997
v 29.220734237487939 20.267909908521926 27.606431189074229
v 25.300170611549216 5.4929606010843202 20.062805051592473
v 22.694937981276894 6.9805813476236267 20.003370550260275
v 24.094253262915924 9.4012977414491576 18.748748339631167
v 21.568854737851595 -0.96195175821005874 13.909536088374043
v 22.257560518947848 0.22946049655311085 15.800987428620608
v 21.82819470675777 -0.51331196806209078 16.030384422212911
v 25.181869001925811 5.2883071898131337 19.178723781802212
v 22.584589483448777 6.7896862568377507 19.178723781802212
v 14.971380728005579 -6.3806260278468621 8.7095421816527985
v 27.137290909069915 16.66370041629046 23.708556952204621
v 28.003932630848585 16.16476632121805 23.693549807339885
v 26.756988009555101 14.007640385008656 24.395769737105688
v 14.105620888513235 -5.8801663388386558 8.7095421816527985
v 12.840216371851604 -8.0692265874452094 8.0413456754134653
v 28.21385817785017 18.526085591945684 24.926743901602102
v 31.669897107636999 19.509380990036114 25.556676459836467
v 32.235955450514346 17.491377458265855 25.229178792695453
v 30.96223380555368 15.287929166387565 25.077259235304719
v 22.657700110515837 0.92167366812136864 13.400565327896507
v 22.713826306128794 1.0187680139246957 15.72171285530241
v 22.391255762799457 6.4552326042578159 18.349126222595491
v 24.988535281276491 4.9538535372331989 18.349126222595491
v 25.896777160281943 6.5250477026339873 16.822104692816055
v 12.142383428727712 -9.2764281864964886 5.5013293668601548
v 29.505497508906139 20.760530212556628 25.556676459836467
v 23.17004979179805 1.8080023526751603 15.80195717661816
v 20.11654678765176 2.5201470809493132 15.72171285530241
v 24.726043117050523 4.4997606722940926 17.5992146310236
v 20.572770273321016 3.3093814196997777 15.80195717661816
v 22.128763598573492 6.0011397393187096 17.5992146310236
v 23.062993881894663 7.617292004728764 16.216554810176994
v 23.612370177804113 2.5731853130684454 16.039279256093749
v 23.661777309451363 2.658656153785846 13.946992481726332
v 24.365027881897127 3.9153330159325632 16.923805547536553
v 24.937018045496139 4.8647323657185151 14.428198351667323
v 21.015090659327083 4.0745643800930624 16.039279256093749
v 20.36580655852714 2.9513488419795184 13.326840447437277
v 21.81276671717184 5.4544875007247438 16.967128012178286
v 24.032543914762055 3.3000561381463087 16.433753099311676
v 21.430066562361901 4.7924433203861465 16.426472435963426
v 21.581314565832525 5.0540916610702205 13.769018539777264
v 22.342093560198602 6.3701854734546188 14.986105451287695
v 28.108711515149004 16.346026374817747 21.910509236236582
v 26.575212151098267 13.693181015957272 21.810126947506841
v 27.242951675656656 16.846486063825953 21.910509236236582
v 28.534568306513446 19.080891414699039 22.868017944948431
v 32.402655075280855 17.779756010127446 23.282149062198336
v 31.288091533808508 15.851639972087675 22.117769161025834
v 31.849413779118841 19.819932125525817 23.459871330163608
v 29.691358186069706 21.082056028847564 23.27399712555922
v 27.243444506475925 16.847338626260761 20.04987325968818
v 28.109204345968266 16.346878937252555 20.04987325968818
v 28.288954046932297 18.655996130178892 20.516986228001553
v 31.921850401154245 19.945242354589457 21.337537243382158
v 32.469914667291235 17.896110343677524 21.311406976169181
v 15.126522400372544 -9.109486314955042 4.1440164984679022
v 12.859540151424977 -8.0357978165186559 4.3138714009083792
v 13.846377772583921 -6.3286385801918996 2.9593770376959725
v 29.757450802423385 21.196391577109971 21.337537243382158
v 27.151195303431074 16.687754034383477 18.351246616120481
v 28.001593872764829 16.160720435270235 18.201706200278803
v 26.797418069789064 14.077581527577376 19.086123595099728
v 28.318590387272426 18.707264901309806 17.979652363155523
v 17.695346780082094 -7.6628463586058473 4.2459724142328028
v 15.982053243053024 -7.5919457253900298 2.976072424469475
v 16.95047535480608 -5.9541768030113662 1.9595706258113204
v 18.666767533024181 -5.9823572130897062 3.2368689862352795
v 18.373173756351864 -6.4902536661916628 6.7847950302458866
v 31.886458139158076 19.884016246397213 19.211448228623215
v 32.437050573450946 17.839257787451427 19.337182579260286
v 31.285161606876798 15.846571405875782 18.898866905489118
v 14.747310938329889 -4.7700879714199527 2.000815061809071
v 29.719617385991803 21.130942444529161 19.175425282681438
v 18.209333396667358 -0.7791970930611396 5.4388497033732026
v 16.51471043447313 -1.7126119394697867 5.9337271207372293
v 17.380470273965475 -2.213071628477993 5.9337271207372293
v 18.876832565650783 0.37552922374894582 7.83334859744566
v 26.922861884248739 16.292753380616947 16.401896891667462
v 27.787332090472042 15.790062717333431 16.390998311862763
v 26.826116013886192 14.127226939627505 16.796568442865876
v 17.406905247515095 -0.16917806237594357 5.4010371593060462
v 16.727621201878108 -1.3442913816641719 3.2506612232754364
v 19.483028131280051 -4.5702841529589069 2.570342184334752
v 19.653315599352439 -4.2756988861253706 4.9945310141524946
v 31.743604313050575 19.636889238412223 17.103422787544886
v 32.278901934826166 17.565671836377003 17.16781193016595
v 19.189778017807118 0.91690270572839649 5.078912723302647
v 27.469317315559604 15.239919665792122 14.642233773869462
v 18.324018178314773 1.4173623947366023 5.078912723302647
v 17.899511674653155 0.68299618993421873 2.76570818020231
v 26.603557476067259 15.740379354800329 14.642233773869462
v 27.952577388641778 18.074088320045963 14.917009305251051
v 15.771573175197437 -2.9981867988282516 1.1548526307001694
v 17.981900520140531 -4.2110990564039348 1.1597980723439463
v 29.579204714319715 20.888038460932737 17.103422787544886
v 18.957156032362953 -2.4827612635161525 0.55348368444487406
v 20.43126992024359 -2.9298929745206652 2.0119283844042037
v 31.494751189445289 19.206390948376818 15.035092307494427
v 32.061935084972291 17.190334543023951 15.394251348441475
v 30.810390853729782 15.025251607162721 15.652093464714055
v 20.119401874312299 2.5250861787892669 4.9717160630011996
v 19.783085822830476 1.9432832141456429 6.5941211964397475
v 26.186088848476082 15.018188177459574 12.979071564408047
v 27.05184868796843 14.517728488451368 12.979071564408047
v 25.665212725334623 12.118946419063812 15.722593131904187
v 19.253642034819954 3.0255458677974727 4.9717160630011996
v 27.370491369214548 17.067120706433048 12.812586711693417
v 16.792756433632093 -1.2316120409956377 0.55348368444487406
v 29.330351590714425 20.457540170897332 15.035092307494427
v 20.917591758962068 3.9058981834250055 5.0654552104149104
v 20.7604895340131 3.6341224539446642 7.8341868583791161
v 25.689817901149716 14.159674564598053 11.469619619960136
v 26.590336623281743 13.719345282325904 11.575341833339701
v 26.079353172304533 12.835380079498108 13.498978899709737
v 20.140435681157683 4.55963610878708 5.0758608059229537
v 19.622407611096882 3.6634842135621857 2.6966015111372563
v 26.826712789835341 16.126422252706039 10.350572214010199
v 21.402920454696698 -1.2490063232543718 1.6480672750129486
v 21.339213676484931 -1.3592145404006843 3.7505479706803655
v 31.142453948682306 18.59694165742393 13.027671794837687
v 31.746187807410955 16.644114101406796 13.595107182499586
v 21.96591105007489 5.7194163571048877 5.4049554455325737
v 25.942407304498737 12.598473421210308 9.9980262638273398
v 25.095662142920247 11.133664224226024 12.179016605723369
v 21.15617493483769 6.3167931237203234 5.4385341570215893
v 20.826910298997479 5.7471886090381172 3.0910431077053282
v 25.076647465006396 13.098933110218514 9.9980262638273398
v 17.766228116347506 0.45242506786373182 0.18893638873151275
v 20.003550168983086 -0.67257347084635688 0.16162826684182008
v 28.978054349951442 19.848090879944444 13.027671794837687
v 22.83603565528237 7.2246703367723999 5.926478487176368
v 22.078348479576654 5.9139251518317799 7.7822497005906435
v 24.399676883067226 11.927821919380758 8.7204629735108341
v 25.265436722559571 11.427362230372552 8.7204629735108341
v 21.992062675607659 7.7628197511931294 5.9395367886333723
v 21.998928139889038 7.7746965184629708 3.4914230822428216
v 25.402071501191095 13.661893659333987 7.4645969121898474
v 22.304601898571796 0.31083875371791403 1.4965075156349066
v 31.326357692716371 15.917837718522989 11.806769469195583
v 29.910627104161783 13.468724005607484 12.166162758259279
v 23.712645005146399 8.7411424657060977 6.6774033750009849
v 23.034776456736054 7.5684778564311923 8.4273480535244722
v 23.681066505350341 10.684676829108557 7.6472419921759105
v 24.518816532437974 10.13576214717221 7.6085756129790028
v 24.050752442954821 9.3260444019005799 10.481243464423942
v 22.846885165654054 9.2416021547143039 6.6774033750009849
v 23.002694211753248 9.511140776315619 4.1310711665667164
v 24.689930824114356 12.42994069324441 6.2313718941354175
v 23.783428953120669 10.861756618546364 5.0370395317148198
v 21.064413710820549 1.1626453687062162 -0.016681138306154253
v 22.12886175129529 3.0040651371907945 0.020377809694931415
v 23.280108972205003 1.9983969448002832 1.5258355359487226
v 22.538321837555181 0.71515770548287394 4.8619639394851042
v 30.690326101014463 17.814792482527018 11.101774524684938
v 30.81813467703693 15.038647873376972 10.112483216209625
v 30.143010401725245 16.867975061712727 9.2771581370536254
v 18.900014112089686 2.4137945912267309 -0.016681138306154253
v 28.5259265022836 19.065941705047532 11.101774524684938
v 24.378682173275759 3.8988508257401597 1.7601756460644076
v 23.717119376914351 2.7543940133902458 4.4699679885014199
v 30.226737551877306 14.015572705886239 8.5296223375043674
v 19.961721321348357 4.2504729157032877 0.040104902233807138
v 27.978610802994382 18.119124284233241 9.2771581370536254
v 23.185973354976174 4.8327933892943289 0.27242239983605288
v 24.224900201959812 6.6300632994270838 0.73687139263755697
v 25.322746226796447 5.5320148175620076 2.1822193152828504
v 24.903624568103584 4.8069640134167244 4.7153731917736792
v 29.506121180090521 15.766201787246574 7.5725390566912516
v 29.615643781797317 12.958423736810035 7.1994098869270271
v 28.78619245322443 14.520776046258888 6.0054135947559022
v 28.810370911196188 11.565358667811555 8.9119061214231898
v 21.021573756245314 6.0839426118148427 0.27242239983605288
v 27.341721581359657 17.017351009767086 7.5725390566912516
v 26.260678515490461 7.154571290239474 2.8062950290903608
v 28.819481494576582 11.58111933221336 5.7618525201684037
v 26.205850034988583 10.056966299115544 2.2817857952507374
v 27.302894394593714 8.9575309931417628 3.7876919781959231
v 25.91068220582477 6.5491024472252057 5.3615667603590325
v 25.23497998411851 8.377429829205342 1.4089570320504627
v 28.018061280659559 10.194719086587689 4.6053459473281144
v 27.127546523604529 11.651435986826424 3.3463956865531586
v 27.108653690157798 8.6215083228072462 6.6558625665136795
v 28.04122239574351 13.233778514930421 4.6831297142712351
v 27.516153408934549 9.3264539934975215 9.3661650857434839
v 22.060500603228952 7.8812125219475977 0.73687139263755697
v 26.62179285449357 15.771925268779402 6.0054135947559022
v 23.07058038538765 9.6285790517258558 1.4089570320504627
v 25.802428501620721 14.354482932844698 4.5575404516037032
v 24.041450436257723 11.308115521636058 2.2817857952507374
v 24.963146924873669 12.902585209346938 3.3463956865531586
v 16.998307488858028 -8.8686749960450371 24.515250084158847
v 17.613586247595318 -7.8042862928048198 27.352974880972717
v 16.204115638208755 -10.2425706848404 27.681854434882844
v 17.075288721701025 -8.7355029119514018 30.253635802822686
v 15.582074181504378 -11.318658376900521 24.931366477758871
v 21.107265389687555 -1.7604686592812326 33.383917336858659
v 20.692526239338203 -2.4779380341857897 30.10255322191167
v 22.002718635155222 -0.21139792472247798 30.63885337115558
v 23.443746784751077 2.2814787782353112 30.20455221786262
v 22.479390779122927 0.61321114553009815 32.490560152629392
v 18.482788156044496 -6.3006285132207811 25.273096483680256
v 19.117027736635432 -5.2034389302190274 27.822275062711761
v 18.371932046142678 -6.4924017369654212 30.655932496447647
v 19.603614245313739 -4.361678710754946 30.204262080737568
v 27.249546592847079 8.8652430720726976 12.538168477616074
v 28.38081942823807 10.822265005909399 11.22556946514085
v 28.903009848943821 11.725617473139259 14.175128511255554
v 26.227744077717137 7.0975970439881753 14.475857013503175
v 26.013916651795228 6.7276907318292736 11.517924792932302
v 27.415819171584559 9.1528828645303477 15.425248047963116
v 18.43199296055311 -0.39401180736272678 30.993953616961853
v 16.84192830251822 -3.1447111211293639 30.104292170476391
v 15.854212119803204 -4.8533902067636152 27.353462293374413
v 16.432425512006731 -9.8476107629222689 20.446702377167533
v 17.209155503343109 -8.5039228547893835 21.8022372915771
v 29.992929333892 13.611101037696331 18.602571210660123
v 30.299231535349421 14.14098216617535 20.648974934575619
v 29.187391690392872 12.217577930324916 20.775585586463741
v 29.022084942835193 11.931608957446882 19.009192671276811
v 29.629079649037809 12.981666836146605 16.632317927185568
v 19.848966906199045 -3.9372359734626747 32.283840276023831
v 23.610337013997352 2.5696680835898982 32.602995047864013
v 22.47466336922075 0.60503306100497967 34.841057898342498
v 23.929851561841645 3.1224056361495194 35.822737675467678
v 29.700067120728356 13.104470137684377 23.319120839317648
v 15.482006542750803 -5.4972795103869441 16.845937590643743
v 16.522262527525736 -3.6977102859515081 14.674950368464049
v 24.475205343001345 4.0658290774641372 11.727891503739404
v 23.152410699665079 1.7774879717784799 10.708626009859021
v 24.504703527938791 4.1168588495270368 9.7500737317813293
v 19.73856545328632 -4.128222672796765 7.9608078982613097
v 21.004317741271652 -1.938560804415435 6.1141033237720244
v 20.872087217215245 -2.1673102517683946 9.0493867497484608
v 28.554586160449968 11.122869153442283 29.229657610742727
v 28.263967026898754 10.620118622394861 25.469982817648582
v 26.908560833723122 8.2753618437296694 30.853307688418333
v 27.363836612486249 9.0629567166111364 27.787475484374134
v 25.439613523258725 11.728675767363775 24.095558916918002
v 25.339375203667124 11.555270569329563 21.848408826644292
v 25.37668873995549 11.619820346059695 19.724178136853173
v 26.828157039241709 8.1362689702501765 18.007099968613957
v 27.663801694331021 9.5818750767010314 17.389460244663628
v 27.773135802691161 9.7710153455057025 19.524972871364465
v 27.998460342306672 10.160810850589854 22.594276143181752
v 14.131438726310721 -7.8336662397595056 19.693099516386098
v 15.346698068912008 -5.7313535930064319 19.839702491200761
v 14.167423392992383 -7.7714153133917048 22.707341630055563
v 15.604123558084737 -11.280514516069394 13.076133497824337
v 16.343637059973794 -10.001208500500592 11.149683606030894
v 24.565985820042297 4.2228728773109676 32.906220330837179
v 28.507995427224717 11.042270482650512 17.211467468189753
v 24.518889967387924 10.135889184437902 25.862134909328127
v 25.398069596953725 11.656807715331496 26.241905986036492
v 19.337651087982287 1.1727126506888115 29.563445095613176
v 19.642628864731005 1.7003026181644372 31.436934312399785
v 27.0009770223865 8.4352353089077763 25.37031660687752
v 26.362046643728284 7.3299309772638939 28.720299977779234
v 26.416541029319728 7.4242024072293749 8.9084281071373255
v 25.236089126200355 5.3821041671125709 7.9040507615323659
v 21.497749120840759 4.9095293559891591 30.883682495129797
v 19.496069442588123 1.4467651913199913 10.315860075902952
v 20.952464267265626 3.9662251545171503 10.902975193164483
v 15.293900985124406 -11.817177609764906 19.522392231354225
v 15.914879173036315 -10.742929297457687 22.454114288117047
v 19.006005419878822 -5.3954996800583483 34.365846687003867
v 15.430393982864107 -5.5865655858585725 23.580859832107414
v 22.172289246642933 6.0764360297373816 10.30127610162557
v 23.089524828866338 7.6631886651317203 13.411497067505163
v 24.092593485893289 9.3984264446788686 12.795256836614268
v 25.078011415854863 5.1086409169410114 34.915565304961063
v 21.33553096691605 -1.3655853672929967 11.701790812192836
v 22.205591970668245 0.13955858635857976 8.3704156564111276
v 23.726357325565687 2.7703750106958847 7.0946362947608925
v 18.830848259307864 -5.69850917023801 32.824248167788738
v 25.623850921531471 12.047393426069119 17.876024828726507
v 24.243365218714988 9.6592508708506966 15.586388757515513
v 24.886860409460944 10.772452004309377 17.116945632687411
v 15.700035794908374 -9.2325718364617853 4.0545509313326775
v 16.494867503253115 -10.669429428400914 4.8724338720718556
v 13.535636196177514 -9.7931787929137517 5.1730741619324494
v 14.45733268479346 -11.459376282555235 6.1215011391954395
v 17.570855832752596 -12.397294925767843 6.0885152673962537
v 18.262662154169238 -9.6342453526038341 5.4594090990678144
v 15.428203217110024 -12.992237149635491 7.2319110897705485
v 18.598380015439837 -13.809525688295324 7.369013070144744
v 19.164185230233056 -11.057617088579974 6.4905044359571402
v 16.438283789421199 -14.376028182920477 8.4929086866683967
v 16.732068657089641 -11.792979372053834 10.356028669258428
v 14.041391136887441 -5.5697418814265074 2.6808093432029061
v 11.87142741531653 -6.0951318955061815 3.8062165413644884
v 11.160313570112102 -4.1801495943340665 3.3899693781801474
v 13.321462300727294 -3.6106964882546193 2.2695892664988939
v 15.198125716131859 -2.8667489615561847 2.9212625460659609
v 19.641610125841641 -15.035948260865522 8.7730302274486238
v 21.066834410880897 -13.475911321837748 8.960172009804996
v 20.102116444069786 -12.342565929073535 7.6614293200987955
v 12.384442455644368 -3.8554377081759426 5.9214678159421013
v 17.477210527110781 -15.596555217317489 9.8915534580483957
v 17.639851894650921 -13.023942985291624 11.495673225150535
v 10.520173092218801 -2.1537050375076494 3.1669244996855319
v 12.684572690949663 -1.5930980810556834 2.0484012690857618
v 20.698721341379613 -16.080681062967269 10.294971451074053
v 18.534321742648753 -16.641288019419235 11.413494681673825
v 18.458376492494452 -7.6731293040670856 6.8210431652101828
v 19.926884591672113 -8.8554148244433364 9.0701165724820694
v 21.309574672303629 -10.759835394848409 10.791191632207417
v 9.9728569845176267 -0.098257707386662396 3.1380357907906955
v 14.60975354191125 -1.0028486411610786 2.7169243563992254
v 12.197389853216601 0.23651856827912354 2.0226865441218891
v 21.763168973442401 -16.938900791644066 11.924589887044112
v 22.048437752144569 -14.446020434384495 10.37340323977703
v 11.603570780299174 -1.6620748213155383 5.5097608117585644
v 19.623033135506741 -17.514669479381165 13.08246563254421
v 18.902320048201844 -14.531205837976879 13.183169267165688
v 9.5207303263416101 1.9739494859411841 3.3017436202289048
v 14.095686912114484 0.94585882539405075 2.6988767693128786
v 11.672764743593932 2.6071300204496817 2.195667211028848
v 22.82403370477169 -17.601804869954517 13.645167974638827
v 23.108919802080809 -15.287971861467083 12.003501789762829
v 11.185660230872468 0.63579527118848622 5.8527814329667542
v 20.752701959640387 -18.203394729670652 14.923241511783813
v 20.490638974750031 -15.88300985275974 15.579119605535988
v 15.732552108283105 -0.14989162103104059 5.3171013808770766
v 22.760691650345802 -12.654830674279781 12.649400216555414
v 9.1919345439825531 3.9037138340912763 3.6327102451107898
v 13.659186984648638 2.9539311873258218 2.8606785650679001
v 13.346691359267695 4.7993578658849394 3.1809165517662699
v 11.332832403610043 4.6022569219492233 2.5378439215859494
v 23.870427560692374 -18.062589732985018 15.439046892245736
v 24.021941623820648 -15.858492402308928 13.48429917983886
v 24.993593223542945 -16.286363685597951 15.150044390752548
v 10.750072233626051 2.5326620096825745 5.9606112922941659
v 21.836079081448347 -18.655535846551206 16.793017208058536
v 14.964972003811909 2.1257032644756739 4.9723291520312962
v 14.287896389127724 -3.534423491203579 7.5305517256465588
v 14.099107489860307 -5.4255467895575098 8.4524892209118185
v 14.964867329352652 -5.2013040069767236 8.0050799286719094
v 15.50132318706207 -3.8477019657794078 9.7215785325465642
v 17.37248153681222 -9.5536703206622651 10.4825183190744
v 16.506721697319875 -9.7779131032430513 10.929927611314309
v 17.398632804059226 -10.947180235293594 12.069781231223857
v 18.26439264355157 -10.722937452712808 11.622371938983949
v 18.891341487822892 -8.5234721548351917 13.937928113925178
v 13.415419665607207 -3.7540622865679389 7.9672710353208469
v 14.362794379968719 4.6277442865554281 5.0611146078701932
v 24.206979670144165 -14.190913246668591 14.678152567741041
v 13.689729087045919 -1.795955752389538 7.2443923041013516
v 15.091312973208534 -1.8485359979620122 9.9301753680322324
v 19.186918056584272 -11.728321262607912 12.903604582929283
v 12.78065388087655 -1.8688419396730458 7.6838444956010967
v 18.315572093022944 -11.947647525222202 13.342668613181555
v 8.9195804850198268 6.0836264484131899 4.198269495744686
v 13.130135776711793 6.5763167722872318 3.6524871851170353
v 11.083980083750689 6.6442334048651563 3.0797462651449123
v 24.891611622872961 -18.316522432370476 17.287818451115427
v 10.229657245056252 5.9278167275617104 6.6552426950082051
v 22.727212024142101 -18.877129388822443 18.406341681715197
v 22.495035419314551 -16.400847113856404 19.198187657668946
v 13.221719448610475 -0.16059281137877646 7.1584182000803693
v 14.188172331394599 0.057480672135439947 9.1378529431377959
v 19.24514120833005 -12.765789954428344 14.731377082069518
v 20.110901047822395 -12.541547171847558 14.283967789829607
v 19.92958194369012 -10.645954600241442 14.883182332432835
v 12.312694394673919 -0.23365424527307166 7.5978796046238806
v 25.941833598539638 -16.522156077862689 16.866758160507288
v 25.238002906212948 -13.971591642688356 16.783159804880377
v 12.760987094638383 1.8010465574160719 7.2500566670632605
v 20.268976238003216 -13.433982379213099 16.377650271067989
v 21.040526392390866 -13.166296557906827 15.769714196722745
v 11.861808651995727 1.7669960582622533 7.7281241566171186
v 8.7795412827212491 8.0712165629724382 4.9234721820585783
v 12.987812157129586 8.508464993457153 4.3454817759891995
v 10.941124795295083 8.6395343592568921 3.8033643752518955
v 25.877107579647081 -18.360999252394226 19.172511572380529
v 26.856939493170344 -16.563459914849744 18.616833223089756
v 23.677610677103548 -18.920022218111107 20.223913627478758
v 12.442971428805585 3.6109404473024673 7.5418039608736969
v 14.408124419732923 1.9406718703492909 10.507332142032849
v 21.091878592777846 -13.813448448185049 17.779818921266468
v 21.957638432270191 -13.589205665604263 17.332409629026561
v 22.073901217251958 -11.51107261090845 18.598950129305209
v 20.631773746912906 -9.5150827203772774 16.80875548184374
v 11.577211589313242 3.3866976647216802 7.989213253113606
v 14.656197306462282 7.3757158707005388 7.0061552677826633
v 26.424685899397609 -13.695200812881334 19.217979879827439
v 8.7555513027107406 10.164212397744043 5.9051050017984892
v 12.954948127797628 10.298891000888899 5.1792546985059023
v 10.90573266885459 10.56768538839601 4.7012734649190193
v 26.745030297493724 -18.20820415184944 20.928567704947952
v 10.071681520625914 8.6053584892739092 7.6915429805362301
v 24.687684747186644 -18.744048749383033 22.222761633216457
v 23.732549320963759 -16.539803101755044 21.523195156442402
v 12.228709646512799 5.3957892023237424 8.0217676290165798
v 13.317921067324828 4.4331281582460971 9.6469589834676093
v 21.91412280203313 -14.011913430020256 19.271432274926866
v 22.905975012961719 -13.804874699395016 19.059395444994262
v 11.34660857499737 5.3357176059341747 8.5198388578564543
v 14.069783775297211 10.037859265516323 7.205688803212837
v 27.729516015006773 -16.40984471445687 20.3823057404758
v 12.132498182870609 6.9475872804697314 8.6133590472494816
v 13.108704366450784 6.7126838456910889 10.384633633406972
v 23.70504565441459 -13.809430475260681 20.603354594729442
v 11.255338300802009 6.9072161852214204 9.1308656761299023
v 22.839285814922246 -14.033673257841469 21.050763886969353
v 8.8156450515167855 11.861265256833521 6.8929177737989686
v 13.02220923707636 12.008588816008661 6.1663136851377089
v 10.978168516128733 12.408898174125063 5.7642615032848799
v 27.70105989487503 -17.821920733143767 22.97214014591523
v 28.550611875666668 -16.062892212864242 22.145061741730984
v 10.135208329519383 10.284225828976338 8.655923585037808
v 25.53666029614417 -18.382527689595733 24.090663376515
v 24.542286631978914 -15.742694136209005 23.489591456494711
v 27.762597122171844 -13.163035321754343 22.073629277745443
v 12.121552667392363 8.6613760312681407 9.4511346075972309
v 23.645953478681115 -13.82801604694202 22.714782997082576
v 24.511713318173459 -13.603773264361234 22.267373704842669
v 23.207332971618445 -10.649433705745656 21.224054300766266
v 11.267370514014139 8.7368220767154909 10.07115218875003
v 8.9932878162907901 13.583675195723785 8.0999422552433504
v 11.157687415021652 14.144282152175753 6.9814190246435768
v 28.520801495200075 -17.243899803681398 24.848087723430286
v 26.356401896469215 -17.804506760133364 25.966610954030056
v 13.188906350352667 13.620015633827208 7.2965327225101255
v 14.293095292682594 12.38796984493754 8.8156899624289622
v 29.311795699618902 -15.526149173477885 23.887008436736174
v 12.249864840126246 10.495073192128302 10.618479338454353
v 13.465169920430268 9.6526949978345886 12.547954465496511
v 25.258924030890068 -13.190358623746882 23.92046917895923
v 24.664667284306809 -10.997058095150637 23.869840342312976
v 11.364425971932798 10.138109472572049 10.961288601692974
v 24.393164191397723 -13.414601406327668 24.367878471199141
v 9.2780480985044349 15.195421373255577 9.4587796205628845
v 13.453326703224725 15.116638116021228 8.5583109688109715
v 11.442447697235297 15.756028329707544 8.3402563899631144
v 29.267611004975585 -16.467423449310608 26.682374390831079
v 30.005265150611912 -14.805140506733631 25.590278805719748
v 10.178856894111792 11.860892334147914 9.5306154284681597
v 27.103211406244725 -17.028030405762575 27.800897621430853
v 25.606314092833724 -15.209632617892124 25.815710873167816
v 28.5412498233737 -12.256852249600643 24.034543515462506
v 12.434072810323801 11.737423857616049 11.597600783805584
v 25.070813286575213 -12.799016906949408 25.98769675726766
v 25.936573126067557 -12.574774124368622 25.540287465027752
v 11.579650235289769 11.58964279397982 12.105271088372186
v 19.705980495625326 -2.5530965384644957 18.506665092259105
v 22.254812938782479 -1.8351973153314538 17.093329418013933
v 21.812492791633588 -1.2801733190334441 16.515596906074336
v 21.959524645211122 -3.7621257769759793 15.556149574751299
v 21.282905569016712 -2.3823872502856118 14.938385882448815
v 21.463418763884253 -2.5876363391829469 18.417241123730363
v 22.711036902166082 -2.2605694490293655 17.762948399146222
v 18.060039529785115 0.42357950160942237 16.813603545549469
v 17.839048408541352 1.1788089876941841 16.764497555594421
v 16.758655697678549 0.86368549771767045 14.515941690432069
v 17.56409237818362 -1.5578002728070861 14.86084741042843
v 20.113757383689048 -2.9332977967717251 19.105176275865947
v 23.167302689347025 -2.543366118521162 18.504107530965037
v 23.162312323837547 -4.5533750667932704 17.487028839243752
v 20.242994206369065 2.7430546430376199 15.494990007624901
v 17.645714687892031 2.0703262952952599 16.837217884344629
v 20.570023170869995 -3.2160944662635225 19.846335407684766
v 9.665129020809804 16.666991958760018 10.945356255333712
v 11.862032574143619 17.213514188720019 9.8269608668573092
v 29.933833005157254 -15.500470347932348 28.456187585565043
v 10.781861372345485 14.786096097692512 12.163580170760829
v 27.826109274837648 -15.94871256906127 29.740699035318272
v 26.768407008213767 -13.818345153682642 28.761737187551873
v 20.124692596745657 3.6251201426233095 15.708164032260978
v 18.83667374986695 3.5098958299436829 13.158031009942651
v 19.427668676372516 1.3370088619867988 13.212579391497007
v 23.609749726684239 -2.6749943884415814 19.294292698433818
v 21.86866293010851 -2.8797302923923422 19.175221469324903
v 17.527413078268626 2.952391794880949 17.050391908980703
v 16.391792605900619 3.4981154845419726 15.12642650611167
v 21.202908475817079 -5.2513198863658594 20.050940162733227
v 21.012470208207208 -3.3477227361839419 20.636520575153543
v 20.460566388803173 -5.6884489550902479 18.395379990723896
v 13.812758145689372 16.483097336523567 9.9387023387205247
v 14.908255560010783 14.263430885600251 10.946042803140852
v 30.579075056851337 -13.972312818210375 27.118045846917486
v 29.621301969078257 -11.780642695133029 26.363177153530206
v 12.764353563373513 13.129443019205794 12.934394793948043
v 25.669738139736051 -11.989595977303763 27.552330971230301
v 26.599500458150462 -11.64133264727641 27.290929189291862
v 25.457047590006976 -9.5797514364871237 26.113494760314161
v 11.89859372388117 12.905200236625008 13.381804086187952
v 20.085018868436574 4.4709235065409629 16.055312341163031
v 18.89817474353621 5.5056601889467576 14.277321226600911
v 24.0249298631668 -2.6514534254663666 20.109486271052269
v 24.264092317392922 -5.0062232845108703 19.392060631680462
v 17.489647948187933 3.7575057940540848 17.380839830104758
v 21.426589030347866 -3.3401271046475896 21.441668605796735
v 22.064244873734467 -5.5477025648097591 21.569122276668047
v 17.522925888964945 4.6249108375857819 17.879980167878852
v 20.125177090114921 5.2547715687274259 16.525887382387026
v 24.400230385068518 -2.4734590973473813 20.924923208442458
v 25.191086147232461 -5.6375434897638268 20.869421610254967
v 16.562238132918402 5.5135622860254685 16.466394855941651
v 21.802950866591484 -3.1461874450897409 22.267151085162183
v 10.150556345587271 17.983286830971799 12.544413583902783
v 12.314955944318132 18.543893787423766 11.425890353303013
v 30.512627745499714 -14.352960488303507 30.151320115475219
v 31.161350654696029 -12.841708661727784 28.811440828466349
v 28.361009222606732 -14.855807245982108 31.323524953225032
v 14.263512243694343 17.705370868820491 11.423541444699985
v 14.629913547863016 15.951413670646046 11.253458458764642
v 13.188688989533329 14.302833080292576 14.343611888294159
v 14.134315980560775 12.289047942021442 15.164133713417417
v 26.121131170043327 -11.114910938925165 28.864194123236231
v 27.085091242525046 -10.668912426821326 28.717951887938487
v 12.321004340330166 14.074860514799436 14.785427197824301
v 17.646668118933025 5.2801189717707393 18.447819845644329
v 20.255130099800517 6.047289643755569 17.230363741357188
v 19.274644825474649 7.1680577509055095 15.839008354876238
v 18.963207610228331 9.2255775730910656 16.26759609318275
v 17.81692054860358 8.5387560405008891 13.705235199090989
v 17.541731156944849 11.626667140846882 14.720399304595702
v 16.105829731985487 11.210544801968693 11.733295009839384
v 18.444184937542754 12.399518852018646 16.854048906945266
v 17.344300927033828 14.074802065139089 15.56537376077009
v 16.258850684880905 13.491460658329965 13.172599747693351
v 22.126970340369468 -2.8191505886486303 23.058057104421842
v 24.724249858846502 -2.1464222409062699 21.715829227702116
v 22.987477185496882 -5.2607193863928572 23.499460737462808
v 18.985973918129936 6.0726645850746461 18.391215159192278
v 20.43772262899974 6.5439376078972202 17.776812575757724
v 24.987140579295136 -1.680275961034599 22.458170016300777
v 25.88047922351112 -4.7457904984336601 22.650381516625202
v 17.864085156773548 5.9245148727466779 19.191505941291613
v 16.837504200918897 7.0506257782169186 17.769429261918049
v 22.389861060818102 -2.3530043087769594 23.800397893020502
v 14.80096377947326 18.770917045679386 12.997592335534858
v 15.238032089601177 16.963540883172982 12.93747988303652
v 19.816045051668215 9.5824771117690695 18.096759157659694
v 20.700612936242369 7.0100846347423449 18.519152939166826
v 19.295534299607215 6.5939040373538109 19.130003293749244
v 25.187490061282944 -1.0505406510344524 23.161481590355468
v 26.528559748571659 -2.9772501280430252 24.790847800467741
v 30.998054456924514 -13.036664507303009 31.750376812903539
v 31.6121048560025 -11.619435316174222 30.296280040743198
v 30.460555804099538 -10.967840444068269 28.394554953973167
v 10.713828944732565 19.100024986367234 14.194087113729029
v 12.901418734713259 19.702535071745533 13.141440052879727
v 13.676784550049295 15.248635915230421 15.762140749040686
v 18.103333417765334 6.3373562869999844 19.861380815886552
v 17.115916384222245 8.3521133830531369 18.960480271306903
v 22.583635639201777 -1.7619132734193843 24.471618074664065
v 23.87068969081071 -2.6116456730438489 26.536245178793944
v 23.387700231783842 -4.0746521290876725 24.868372990836836
v 26.600190497363606 -9.8354823298639129 30.432451577668441
v 27.473040083371391 -9.5819961848100554 30.013418161831702
v 26.413388448277772 -8.1602194767875424 28.675536551675144
v 11.989186114410931 16.492125359908993 15.354881845970031
v 12.871138759856185 15.116200434998751 16.371887873489936
v 27.466440019718632 -12.337821918888794 30.854509094811267
v 28.833654858193654 -13.597271463754975 32.868900043503317
v 21.02463199681435 7.3371222381568995 19.31005853323693
v 25.299685291767943 -0.3911084279179029 23.709094359292358
v 18.427352478337315 6.664393890414539 20.652286409956655
v 22.702405773290913 -1.0638367756602634 25.051322236012084
v 20.649938029787769 10.14805874666988 19.993855765170906
v 21.374809270079954 7.503199566712345 20.070907867569971
v 19.725992237575831 7.0007580642857192 19.981172471596793
v 25.339844339858303 0.39273814032165433 24.17967025089547
v 26.45592984176912 -0.26265694673123141 26.010866878220341
v 18.802653826651039 6.8423867245866248 21.467724197725953
v 18.224809679176133 9.0714129694714369 21.466760407347945
v 22.742564821381269 -0.27999020742070568 25.521898127615195
v 14.225925083902666 16.001342716346901 17.202014482490192
v 15.264947116605189 13.218262094477993 17.817687447367479
v 26.902689623823857 -8.5877520219328076 31.64316874587869
v 27.796824612460103 -8.2152165148697556 31.324991543239143
v 13.427970999177905 15.868736666652458 17.826559960115333
v 27.847315961567187 -10.94066853930765 32.291780664633535
v 15.419598006032214 19.668802246967925 14.644703733190063
v 15.704474428099358 17.935244442729861 14.327090168144167
v 31.349363418108876 -11.701082584399936 33.099574979042416
v 31.988341096333063 -10.157861369849149 31.756861318435796
v 30.025589935000134 -8.6949911998890173 28.692032141402432
v 11.395570929747652 20.097751720590061 16.013356102498182
v 13.598621219323972 20.698544470519682 14.989765164966444
v 29.220734237487939 -12.125700058428091 34.355474103366134
v 21.82819470675777 7.5347643626535721 20.964052215465045
v 21.568854737851595 9.6318193502193541 21.513265922119015
v 25.300170611549216 1.2385415042393078 24.526818559797523
v 19.191068443914148 6.8644100665544894 22.230364487279502
v 22.694937981276894 0.62511214280241334 25.883377575841386
v 24.094253262915924 0.66208106497942221 28.609653066237144
v 22.257560518947848 7.4070277653837788 21.73087506109346
v 25.181869001925811 2.1206070038249969 24.739992584433601
v 19.660281000470814 6.7342994176414201 23.073102937813189
v 19.090619245742445 9.4842646732543656 23.349068577602281
v 22.584589483448777 1.4478786560826369 26.082220461153327
v 14.971380728005579 16.708561528193631 18.998969277559763
v 27.137290909069915 -7.0260623150608588 32.879857446924646
v 28.003932630848585 -6.7890867734323841 32.440536336240662
v 26.756988009555101 -6.450317829073466 30.197426723055099
v 14.105620888513235 16.484318745612843 19.44637856979967
v 12.840216371851604 18.062544334338117 17.788767235960339
v 28.21385817785017 -8.9496030437451424 33.998986148761659
v 14.306783027458572 21.43483258201157 16.729124095916013
v 16.113066101248116 20.389811395062271 16.34797171992966
v 16.838669529297071 18.430937060934468 16.770258157133437
v 31.669897107636999 -9.9533493738455814 34.595792794702717
v 32.235955450514346 -8.7563534122428131 32.938447434155705
v 30.96223380555368 -7.6332307907042747 31.036643158240974
v 22.713826306128794 7.1242310958919823 22.472034192912279
v 22.657700110515837 9.2428346557473375 23.425277137883672
v 24.988535281276491 3.012124311426073 24.812712913183809
v 25.896777160281943 3.6732658129629234 26.901573313676145
v 20.11654678765176 6.4515027481496219 23.814262069632008
v 20.36580655852714 8.3993005581840148 25.272834145291796
v 12.142383428727712 20.874225625559603 17.847647326515784
v 29.505497508906139 -10.513956330297546 35.714316025302487
v 24.726043117050523 3.8860098043384479 24.742771005576227
v 20.572770273321016 6.0261295084832156 24.483879572048135
v 21.015090659327083 5.4711060651694501 25.061612823345808
v 21.430066562361901 4.8032940414769705 25.529903152592169
v 21.581314565832525 7.0618112401751922 26.95455087316104
v 15.718590407707172 17.121978036241604 20.652063688702423
v 16.108477198418935 14.420275570689881 20.052413753202138
v 28.108711515149004 -5.2762722994777818 33.401515655802129
v 26.575212151098267 -3.9978608552927057 31.074859411039093
v 14.852830568214827 16.897735253660816 21.099472980942334
v 13.815412531862609 19.081752933549112 20.186651817013573
v 27.242951675656656 -5.500515082058568 33.84892494804204
v 28.534568306513446 -7.3577027584795101 35.417441487266117
v 16.874252436690554 20.926550879078896 18.089921492835508
v 32.402655075280855 -7.1449301497940123 34.068669549428776
v 31.288091533808508 -5.24004047750112 32.866668157252981
v 12.859540151424977 21.379915349130759 19.488835322842895
v 15.126522400372544 22.012856553299432 18.605068887848244
v 31.849413779118841 -8.2179623539694013 35.812947530478588
v 29.691358186069706 -8.6173158565681085 37.024567416100965
v 16.525256831848033 17.327637488061406 22.316081523246979
v 17.177802895109775 14.915194968598408 22.369668590002416
v 27.243444506475925 -3.8374947375822717 34.683389026326338
v 28.109204345968266 -3.6132519550014845 34.235979734086428
v 15.659496992355686 17.103394705480621 22.763490815486886
v 14.779135049931529 19.500404401756512 22.261333409060462
v 28.288954046932297 -5.0655038808987349 36.091021803572254
v 15.982053243053024 22.377024759136884 20.485070036470901
v 17.695346780082094 21.273507108292943 19.852676426393142
v 18.373173756351864 18.478400312166944 19.763390950906317
v 31.921850401154245 -6.3767509688155677 36.875936366074868
v 32.469914667291235 -5.4352286070528262 35.055727468363038
v 13.846377772583921 21.82589577837917 21.621943171705052
v 29.757450802423385 -6.9373579252675341 37.994459596674638
v 17.380470273965475 17.322759761284086 23.968518498019609
v 27.151195303431074 -2.2474225403687815 35.301830716262728
v 28.001593872764829 -1.8775840569566404 34.897669551933731
v 26.797418069789064 -1.7348506738875358 32.63906621837485
v 16.51471043447313 17.098516978703302 24.415927790259516
v 15.650393095274175 19.544921477249197 23.969574323205979
v 28.318590387272426 -2.820108054960802 37.273768274058753
v 16.95047535480608 22.551932932247055 22.404697625552672
v 18.666767533024181 21.42265935785338 21.807180737732715
v 31.886458139158076 -4.4486006794040609 37.773844822681298
v 32.437050573450946 -3.644804452563037 35.889499337353143
v 31.285161606876798 -2.3600815098038326 34.304442049574988
v 14.747310938329889 21.984501579483652 23.444788546819357
v 29.719617385991803 -4.975111016562229 38.904733615219143
v 18.209333396667358 17.122697173139024 25.472139062643038
v 18.876832565650783 14.464620754430408 25.431548758958673
v 26.922861884248739 -0.32772101921056151 35.822153629811474
v 27.787332090472042 -0.092735301935359171 35.377633220076618
v 26.826116013886192 0.28975919403747197 33.709338307499337
v 17.406905247515095 16.883168028390585 26.034436844163665
v 16.727621201878108 19.332134215023906 25.947416179061797
v 19.483028131280051 21.385819412661412 23.368222416624462
v 19.653315599352439 19.086606801098128 22.545365607163145
v 31.743604313050575 -2.4533018761839238 38.49746468433338
v 32.278901934826166 -1.5828076837396687 36.616952161348806
v 19.189778017807118 16.684502062268976 27.149724888133289
v 27.469317315559604 1.7171589469460737 35.669382417792775
v 18.324018178314773 16.460259279688191 27.5971341803732
v 17.899511674653155 18.857306544394405 27.977099167892256
v 26.603557476067259 1.4929161643652866 36.116791710032686
v 27.952577388641778 0.20159434102040064 38.080000072807024
v 15.771573175197437 21.946847004599746 25.407915728962642
v 17.981900520140531 22.485899777569511 24.321360295529079
v 29.579204714319715 -3.0139088326358903 39.615987914933157
v 18.957156032362953 22.253520252692358 26.138161996242591
v 20.43126992024359 21.150023479518616 25.08493714777935
v 31.494751189445289 -0.41132640224188455 39.039364966902383
v 32.061935084972291 0.17092829731631265 37.076087576643758
v 30.810390853729782 0.91053484592382139 35.024978406136661
v 20.119401874312299 16.059750934754042 28.635467542725504
v 19.783085822830476 14.870016716694101 27.388380698494853
v 26.186088848476082 3.3033724430179787 36.216374312411048
v 27.05184868796843 3.5276152255987649 35.768965020171137
v 25.665212725334623 2.1497470538773396 32.39516222375746
v 19.253642034819954 15.835508152173253 29.082876834965411
v 27.370491369214548 2.534136738423058 38.122710627242569
v 16.792756433632093 21.692913296240391 27.256685226842365
v 29.330351590714425 -0.971933358693851 40.157888197502146
v 20.917591758962068 15.357243021605717 29.827906829174928
v 20.7604895340131 13.003781699804843 28.344344632177297
v 25.689817901149716 5.0374947442307656 36.125211597979174
v 26.590336623281743 5.140279371996213 35.684187354288085
v 26.079353172304533 3.8166357376464406 34.031994395772514
v 20.140435681157683 15.055017737720984 30.407683880510504
v 19.622407611096882 17.583609629394441 30.672610392023699
v 26.826712789835341 5.1566716429366366 38.384893087095776
v 21.402920454696698 20.722153137192258 26.750680768955839
v 21.339213676484931 18.891923804364904 25.710088862376196
v 31.142453948682306 1.6563789861611826 39.393991502354751
v 31.746187807410955 2.0241041474838415 37.393917356618879
v 21.96591105007489 14.241141298122209 31.297064927797841
v 21.15617493483769 13.943453274074093 31.816072029382692
v 20.826910298997479 16.297327194652162 32.358696296982984
v 17.766228116347506 21.264244765270412 28.925552808582566
v 20.003550168983086 21.792740298508857 27.932043917345052
v 28.978054349951442 1.0957720297092162 40.512514732954521
v 22.83603565528237 13.100436845039395 32.409076248328041
v 22.078348479576654 12.028693906681315 30.405752307857682
v 21.992062675607659 12.84763221296725 32.884328948984425
v 21.998928139889038 15.030916032536677 33.991881900415819
v 22.304601898571796 20.158721632172075 28.213086992947005
v 31.326357692716371 3.9482973817566327 37.545935639529169
v 29.910627104161783 4.7243842180708455 35.195401500761008
v 23.712645005146399 11.74962135013914 33.428327642109039
v 23.034776456736054 10.7106167180381 31.595865353762804
v 22.846885165654054 11.525378567558354 33.875736934348943
v 23.002694211753248 13.681017921449858 35.257647843271329
v 23.783428953120669 12.265909901250126 36.059153378561135
v 21.064413710820549 21.129835169973045 29.652619176836435
v 22.12886175129529 20.271612979626902 31.282237169308971
v 23.280108972205003 19.376352178754836 29.708617273290514
v 22.538321837555181 16.96885016297005 27.066574557095649
v 30.690326101014463 3.7285851292636667 39.557696503689627
v 30.81813467703693 5.8569254122889891 37.519107819430502
v 30.143010401725245 5.7840299977153169 39.528807351297267
v 18.900014112089686 20.569228213521079 30.771142407436209
v 28.5259265022836 3.1679781728117011 40.67621973428939
v 24.378682173275759 18.315309659444178 31.302615081633853
v 23.717119376914351 16.405565248668438 29.065288055923212
v 30.226737551877306 7.7304107466648677 37.313720230832061
v 19.961721321348357 19.695494584224992 32.387682375095309
v 27.978610802994382 5.2234230412633504 40.647330581897037
v 23.185973354976174 19.226881076124563 32.804179594391286
v 24.224900201959812 18.006355998354046 34.202825557927518
v 25.322746226796447 17.206226331721588 32.573551608404024
v 24.903624568103584 15.266471353442705 30.790319190906366
v 29.506121180090521 7.8016293035136552 39.307620555341018
v 29.615643781797317 9.3932968007221298 36.964665682499401
v 28.78619245322443 9.7606766533120446 38.896401670793239
v 28.810370911196188 8.4865265836234229 34.951945778237992
v 21.021573756245314 18.666274119672597 33.922702824991056
v 27.341721581359657 7.2410223470616906 40.426143785940781
v 26.260678515490461 15.921279979657152 33.744479819657045
v 28.819481494576582 11.295602055417008 36.37749166774428
v 25.23497998411851 16.622564839364237 35.463821562836344
v 26.205850034988583 15.089702857675103 36.574230023142825
v 28.04122239574351 11.519463668609797 38.338310691601507
v 27.516153408934549 9.0836146986988258 32.746831012479468
v 22.060500603228952 17.445749041902079 35.321348788527288
v 26.62179285449357 9.2000696968600781 40.014924901393009
v 23.07058038538765 16.061957882912271 36.582344793436114
v 25.802428501620721 11.129581969271838 39.396489937169719
v 24.041450436257723 14.529095901223137 37.692753253742595
v 24.963146924873669 12.862898411581657 38.641180231005585
v 16.998307488858028 3.6931404957952578 9.6925411057584956
v 17.613586247595318 0.67929949999920525 9.3725914439415678
v 16.204115638208755 1.4778131807678092 7.0454110815609869
v 17.075288721701025 -1.4966280884305965 7.240377264917246
v 15.582074181504378 4.4189067411636263 7.3158133601858868
v 21.107265389687555 -7.4204181562079388 12.073438048846121
v 20.692526239338203 -4.1654104881113128 12.902315506266662
v 22.002718635155222 -5.6604378551728818 14.688292854841373
v 23.443746784751077 -6.3891663519895605 17.111515198298243
v 22.479390779122927 -7.6853431077779817 14.595789658836056
v 18.482788156044496 1.8649544691545623 11.648795116670499
v 27.249546592847079 6.4545106947961663 30.913218957339193
v 28.38081942823807 6.7510799378560904 33.250931022829668
v 28.903009848943821 3.709415584905809 32.736905526809373
v 27.415819171584559 3.7445873894074344 29.876743788977038
v 26.227744077717137 5.5142591564562435 28.464722196597883
v 16.432425512006731 7.7690438605680558 10.640384679756639
v 17.209155503343109 5.9551290697456931 11.23425775565901
v 29.992929333892 -1.0935388555677279 32.438701282270181
v 30.299231535349421 -3.1604427104841375 31.995473726600309
v 29.187391690392872 -2.4118055196127428 30.219225864362855
v 29.022084942835193 -0.70452099504975862 30.755044617729368
v 29.629079649037809 0.94989386511033191 32.758807719545459
v 19.848966906199045 -5.4616009321810353 10.620330839202175
v 23.610337013997352 -8.6624962640274692 16.294476523852801
v 22.47466336922075 -9.7830158663399516 13.535282453930822
v 23.929851561841645 -11.788602544703416 15.34594032953223
v 29.700067120728356 -5.0831105478828729 29.872413500217274
v 24.636888993810373 -7.3198033655806611 18.953868471248096
v 24.565985820042297 -9.674336105449493 17.636568844644309
v 25.78407227379331 -8.2805839661649774 20.692180818602353
v 25.737102413441281 -10.263195011103186 19.607601564956688
v 15.482006542750803 9.0388469104474538 16.142974003808749
v 16.908154233503353 11.85874010822234 20.315980969624828
v 16.522262527525736 10.173362753927991 18.72454498158455
v 16.343637059973794 16.149370717101949 14.668817634828992
v 17.534560309209759 16.425637068361784 17.111780432883908
v 18.558730025455084 15.269029877619079 18.513906417357205
v 19.73856545328632 16.368684963190205 21.348098439936358
v 21.004317741271652 17.038502979973735 24.133108441296326
v 19.611824923529799 13.285409093548022 19.557502591644592
v 20.872087217215245 14.516865982491774 22.613384139521028
v 28.554586160449968 -9.4792075828908295 25.452513247280397
v 28.263967026898754 -5.8928016131842664 26.687667029911974
v 26.908560833723122 -9.6548524379704315 22.179336451186604
v 27.363836612486249 -7.2669091591325667 24.257162161922885
v 25.439613523258725 -5.1607864401903125 28.294556506219458
v 25.339375203667124 -3.0741434627371391 29.146421504659806
v 25.37668873995549 -1.2040113652257682 30.155940516359976
v 26.828157039241709 1.8919382502521642 27.811034632924528
v 27.663801694331021 1.7963681471550839 29.380149733547633
v 27.773135802691161 -0.19752178039128054 28.592373637876175
v 27.998460342306672 -3.1161257464881635 27.565575702907637
v 14.131438726310721 7.5403668986094186 12.778513923096391
v 15.346698068912008 6.4673134983864564 14.592285490078396
v 14.167423392992383 4.8177515080196125 11.483563679814537
v 15.604123558084737 15.000354213776667 12.661930955878823
v 28.507995427224717 1.3011284449455172 30.765492221003569
v 24.518889967387924 -6.026413839468189 26.079054522169809
v 23.821661652009553 -6.9896986726542298 24.247081069585597
v 25.398069596953725 -7.047411380952818 27.268585214754957
v 19.642628864731005 -7.2305021291358322 16.039747748678586
v 19.337651087982287 -5.3192098754767052 16.407545166150832
v 19.736349216198469 -4.19028622579469 17.744866089953774
v 26.362046643728284 -7.3243280340873582 22.289868889038679
v 27.0009770223865 -4.8247117861867856 24.779046436764073
v 21.497749120840759 -8.1738666797610602 19.156683287425789
v 19.496069442588123 11.765271201622312 25.276882244661572
v 18.111241821771266 12.221363182294212 22.825764615043202
v 20.952464267265626 10.111488709238635 27.266200252159539
v 23.332265890417712 -8.30295540153611 22.641867338918839
v 15.293900985124406 9.4778849863302064 9.2937574794005009
v 15.914879173036315 6.375592923063925 8.9405045830223173
v 19.006005419878822 -6.6694982249079082 8.3837558094839206
v 15.430393982864107 3.0578556316762961 13.045411587149722
v 22.172289246642933 9.7038758719108813 29.422327221867519
v 25.078011415854863 -11.867573096907476 17.528108048190909
v 21.33553096691605 11.786393832018305 22.141651231672423
v 22.205591970668245 14.090216812381323 24.979946217209474
v 23.152410699665079 11.265951614913302 25.396559254648114
v 23.726357325565687 14.051959876562252 27.903530395070156
v 24.504703527938791 11.074683784741405 27.917450999766757
v 15.854212119803204 -0.64335492515560633 12.010464302856976
v 25.236089126200355 12.15809911633292 29.875730280061418
v 25.623850921531471 0.25664730994249485 31.366298159267217
v 24.886860409460944 1.5065291918107935 30.566628142225518
v 24.243365218714988 3.3736379890132877 30.257232196746735
v 26.487775182179654 7.5474324497301035 38.927287470063625
v 26.431252984285319 8.0988508352760107 39.094286558952021
v 26.443210900204971 7.9821919837707176 39.058955996129264
v 26.353766882711319 8.8547810490621242 39.323221320681931
v 26.136944229557301 6.9405197334767603 37.944225309450871
v 26.135175223435507 6.9374594780961525 37.939268383708637
v 25.671891233929383 6.1360109674497316 36.641101969665243
v 25.717988913807282 6.2157566908488668 36.770272113979125
v 25.834873710254261 10.897427485667949 39.342916600207765
v 26.204439959784864 10.054526968818104 39.635582089747935
v 26.321782606343699 9.1117541676155458 39.390125754044753
v 25.782688080257948 11.016739449796701 39.301734228411775
v 25.392897857770926 11.907916523761163 38.994130662716827
v 25.747119856289896 11.098059051811639 39.273665508657331
v 27.233514478839684 12.603735383767663 37.979411098650061
v 27.533232402456832 12.353243842830832 38.020770231831612
v 27.70105989487503 12.643573525899471 37.79940507732357
v 25.149022364307193 12.426122064754603 38.781945182301669
v 28.014751627408344 12.07952435251949 37.355583869349289
v 27.59458814049319 12.450220704359069 37.939592842068592
v 26.591080469033166 13.28520638171322 37.79940507732357
v 25.53666029614417 13.894722748419985 37.79940507732357
v 25.138393937102045 13.176924201666511 38.349697216756688
v 26.904157033571732 13.036793867833415 37.83854930373716
v 26.60486284417977 13.277239364920542 37.79940507732357
v 24.947723325667031 12.848680991010362 38.604208967756328
v 24.958818242813543 12.825390982732143 38.614005182321669
v 25.132272195551657 13.176467891577452 38.352016193480694
v 25.505679371152326 13.841127941011184 37.73426745535189
v 24.63232893677181 12.305991509918529 37.721907232698953
v 24.170598379684471 11.531532322684491 36.440273913769616
v 23.52283354220938 10.410945002589619 34.486044013789503
v 23.653075373035396 10.395431992907781 34.456202727847931
v 24.141985656313864 10.337198244887295 34.344182561434714
v 23.665915110701359 10.658465988780172 35.026102726412311
v 23.491210486671349 10.356239354785854 34.536563522746732
v 27.166145939529518 13.374959870469578 37.496531461459789
v 27.149343004401015 13.411933453878724 37.476974427806446
v 26.827216317664508 13.966922016498271 37.212406580994774
v 27.36710284116355 12.924285423738754 37.736512920896331
v 26.942234392346862 13.10270991667452 37.784704583618577
v 26.817872605047047 13.966399288929022 37.216656489689264
v 28.545341983888036 11.636731526105988 36.569970781330071
v 26.821389149187517 13.976961581645618 37.207620633476473
v 25.603518946773047 14.01038348175865 37.576068964283145
v 26.216401929702261 15.070627662423691 36.585087937577015
v 26.237525920278937 15.107170670967182 36.394037383488367
v 26.220733723289023 15.078121358724829 36.551740576152788
v 26.218676875444583 15.074563157537453 36.567732588095538
v 28.729888794143328 11.480632182938109 36.29686282986394
v 28.553964757171549 11.629535660888093 36.557203399066282
v 28.736851434579663 11.438175176966915 36.289056325276292
v 28.006050851639525 10.173941894480125 34.241282619244352
v 28.679377685592826 11.338749659206478 36.128009338300963
v 24.554774297160442 10.197966535054723 34.280197136008837
v 24.515569309053159 10.276964494502778 34.243927478119105
v 24.413421273871819 10.482792546761598 34.149427403791897
v 24.320141812829242 10.438794521050703 34.212469500599809
v 24.506213169300452 10.295817094247276 34.23527184514019
v 24.519835932134413 10.137525636494027 34.182296468026038
v 23.696986592256451 8.7140545197075383 31.87659326859951
v 23.76341082619788 8.8289637429249055 32.062720377531676
v 24.466328930270251 10.044962310489824 34.032364689010201
v 23.714229869383136 10.742047101585367 35.161485339332216
v 24.164689679021123 11.521310688754204 36.423717164722511
v 26.429135985987568 15.438642522499872 34.594539728295217
v 26.262447406002181 15.150283077327879 36.15998832684275
v 27.858731137844813 9.9190892168913809 33.828478574842443
v 22.748773316965654 1.0792238691261722 26.215153762149836
v 23.083247315337101 1.6578402122692075 27.152382159616135
v 22.874613187464551 1.2969179381545275 26.5677692142905
v 23.164560586993993 1.7985064168895661 27.380229788008162
v 22.54398130085794 1.7820974073401845 26.1711529214774
v 22.651509591262229 1.4130459600668788 26.194256044654672
v 26.138821647765287 14.936419265798117 33.015065623677302
v 26.491954864005034 15.547314735155542 34.00457894895812
v 23.28438914920363 2.0058013480573678 27.716000974639257
v 22.500542056830486 2.5592790958688263 26.056646059938181
v 22.421773141141973 2.2342096272066545 26.142435757975861
v 22.474988089905846 2.3328312027568656 26.112485280728031
v 22.492709524569065 2.3656737751560559 26.10251128962198
v 22.494410884293664 2.407728156055267 26.092548578721008
v 22.419347199820301 2.2098582802658457 26.144374508303194
v 25.444372368324149 13.735071165422591 31.06915177548203
v 25.855354167800993 13.056076431505701 31.524108504787009
v 25.688492835627262 13.331752789885904 31.339393059894153
v 26.033994568414379 12.756912905246045 31.719845215011144
v 25.782561625011613 12.321951709560421 31.015305861390274
v 25.266601664513864 11.429377497498992 29.569536296973933
v 25.645435335261155 12.084732934078611 30.631064774133641
v 25.475395475489567 11.790576012079763 30.154596689753163
v 25.353455763970512 11.579628942033629 29.812909859174518
v 25.704887003508397 14.185743045088854 31.799138905241215
v 25.716470649800197 14.205781933284227 31.831597399186158
v 26.068216737820691 14.814277769003153 32.817223857432936
v 22.52625978570601 3.1949725064757715 25.906049866720856
v 22.620563140900551 3.6519765034278282 25.699830992695585
v 22.651282050524081 3.3486203649981117 25.81497063646442
v 22.626800397630827 3.5558992835611418 25.737111122947422
v 23.480495132991777 2.345050819646942 28.265508852125169
v 22.531610085531639 4.1487025300268598 25.530517174194774
v 23.072000647037875 4.3159291866330358 25.237891462991524
v 21.437420575135608 4.8051652419682949 25.526123817134273
v 21.432946227851929 4.7974249378614306 25.532533841375013
v 22.041034272724271 5.8493742150733619 27.236455182313442
v 21.446227051602555 4.8203998229345038 25.510147366834438
v 21.439992455820413 4.809614413515523 25.552278051625247
v 22.404828824785064 5.0895862052110745 24.995235479694749
v 23.543357798106435 4.4314500455927757 24.995235479694749
v 20.234940045717771 -3.2273963188297681 19.192267920505181
v 20.126997253236716 -3.1143687398227535 19.04004283924484
v 20.138000235597413 -3.1258900320693357 19.055559668534364
v 20.165195607343303 -3.3448746807142333 18.998428386908582
v 20.165500605981162 -3.3443609373794549 18.999276064445148
v 18.642971331497304 -6.0235229574381925 14.710300667766724
v 18.605861827207626 -6.0877197732519548 14.606316258199676
v 18.49809282601262 -6.2741525174390844 14.304337124460355
v 18.307945992259125 -6.6030930812568123 13.771527360024891
v 18.12344109381257 -6.9222734963292112 13.254526842383132
v 22.45378282173246 5.8091208515937351 24.348481501093978
v 22.434389251659834 5.4684618763283881 24.652791532904974
v 22.416555446073694 5.2398861832693342 24.859387966612413
v 24.565040829703907 4.2212381109118748 24.666268181710887
v 23.821528975743572 4.3777970028076192 24.90257148881598
v 22.102448171811616 5.9556159136242126 27.408542849827352
v 22.091500270671201 5.9366768195427522 27.377865775102823
v 20.078124480854271 -3.0519760618808958 18.976742911527122
v 20.055875162699 -3.0235718098932058 18.947925634291934
v 19.983140542931068 -3.7051250787142376 18.465584033533315
v 19.650925380217124 -2.5065988589154142 18.423435397482368
v 19.694362574265845 -2.5620522888492037 18.479695173826308
v 19.706432441154515 -2.5774610999494425 18.495328043916764
v 22.426713456928393 5.8883551893998298 24.269949649455505
v 22.42979276252311 5.8375318586430609 24.330519929163522
v 24.577357171867234 4.2425445111048568 24.652227399009114
v 24.782185855588864 4.5968836361874255 25.207702016244092
v 24.839677437079605 4.6963400029174354 25.368798971614989
v 22.392609697998246 6.4512309959224403 23.599124960591311
v 22.41404589937968 6.0974307252230515 24.020777399302858
v 19.537082121422451 -1.8695335514292433 17.691488684689578
v 19.515194331748539 -1.8458969042013154 17.67792273247769
v 19.535837605014279 -1.9811776656949496 17.830262033384511
v 19.208667317994511 -5.0449089407091572 16.295435373182894
v 19.584386141627551 -4.3949419691685989 17.348235748357222
v 19.217623181142788 -5.0294159313578284 16.320530565357043
v 19.77272791177969 -4.069124037618983 17.87598755051561
v 19.735302679865278 -4.1338670398763595 17.771118441697784
v 19.711767111855366 -4.1745819066881138 17.705169510549812
v 19.577864788576214 -2.3964145376437522 18.337284108356158
v 22.39208884766564 6.4519002959545348 23.598425705375394
v 22.390539165264752 6.4539929412434853 23.59622325351642
v 22.500743938775855 6.644639399133716 23.289083042117184
v 22.679893464277015 6.9545553980633974 22.757561833579604
v 22.419746650441027 6.5045198232952659 23.529395018738704
v 22.828745195286007 7.2120583569968035 22.738427382582717
v 22.991654506507761 7.4938799347040135 23.194914982312799
v 23.435438993512516 8.2615956861960989 24.438441909969413
v 23.005211362775434 7.517332336494011 23.232902600890895
v 23.438011834231659 8.2660465185347842 24.445651257768883
v 19.512378538859366 -1.752947207360338 17.599855596061271
v 18.393509417204196 -0.46058561349459864 17.015738798670665
v 18.354522433161634 -0.52803033639300934 16.906493509786717
v 18.502668593358884 -0.5173610655355988 17.012826421676539
v 18.456303217087484 -0.50423725124540364 17.023683852841803
v 18.486371088894909 -0.50894075087773261 17.013310500585181
v 18.415080864107267 -0.498463640013249 17.038496078235053
v 22.755509789087046 7.0853662878680765 22.53321471216934
v 19.463880757007715 -1.505071653593044 17.401895577311716
v 19.474521831823886 -1.588856316622647 17.471802140904007
v 17.787782003015678 -1.5084511667087555 15.318432172548857
v 17.744312510395446 -1.5836503121749752 15.196626462372578
v 18.200735893663779 -0.79407016472683933 16.475568796155027
v 18.564541414884332 -0.55513646410538131 17.014635732791234
v 19.408690137512551 -1.0705171056094909 17.039320685386723
v 19.641269459203581 0.036406043900026275 16.314670867814442
v 21.575145216358795 -0.89821430433714966 16.247756142672777
v 20.619125557873822 -0.75239371413804179 16.41089734259814
v 20.291277722076853 -0.56964617274049223 16.412245504768894
v 19.644314526387795 -0.20901870939469974 16.414905919787895
v 21.588017112912961 -0.92880220566508154 16.257333178871928
v 21.424929497487142 -1.2109322370249749 15.800345953567811
v 20.901084928950926 -2.1171462629211026 14.332482957098385
v 21.350411705323058 -1.3398427431062103 15.591539914016973
v 20.814398875028751 -2.2671070005753582 14.089580274690366
v 19.628708760167118 0.68141546432531397 16.056984988853127
v 19.628805675327264 0.27056970726296115 16.222950920106275
v 19.592616092668436 0.82882430260012174 16.028062640946953
v 19.589194741675804 0.74466003495737831 16.047864985223153
v 19.700902188474004 1.7073581473836699 15.80098742862061
v 19.634592112987573 1.3697587189866132 15.89169173702467
v 19.669660435446442 1.6529607281811947 15.818469807525483
v 14.392679866106631 -6.0461031727043206 8.7095421816527985
v 14.495545659193969 -6.1055656015093547 8.7095421816527967
v 14.400364629240734 -6.0601449859404317 8.7173747950690874
v 14.142079493571879 -10.812502864939638 5.83568486468854
v 15.294345032878422 -11.479054371007916 7.7313000846193161
v 14.497598624071973 -11.018160158147884 6.4205565385894303
v 14.870952619009199 -11.234134392499964 7.0347687067767133
v 15.440487447499086 -11.563593405233354 7.9717219243515265
v 15.457074995294679 -11.53489812161212 8.0182018328468185
v 15.94372335479178 -10.693030904609325 9.3818374646801566
v 15.841390650266545 -10.870059240338348 9.095091358443014
v 15.917512117268872 -10.738374490294923 9.3083910495363256
v 19.702266090069244 1.7210488498924656 15.799897433310084
v 19.712186922463438 1.8206331347284592 15.791968957513943
v 20.163535130852114 2.6014335888552123 15.270251770239934
v 19.967925600746433 2.2630429469973588 14.722135003846367
v 20.133774251424583 2.5499493739179542 15.556192452623183
v 19.442067778408049 1.3533461345214033 13.248630676080978
v 13.823067113647106 -10.247961394561592 5.5013293668601548
v 20.243650622643372 2.7400277190867803 15.49474310394403
v 14.270212616658345 -5.7993321942968192 8.596244098116447
v 14.900786917068604 -6.1678369127031516 8.598816798137209
v 15.078591375114076 -6.1951591967091382 8.5502347092573121
v 15.27520531240113 -5.855031001519361 8.2779499924044
v 15.600522330648538 -5.2922555858606914 9.1895196485363257
v 15.876047284224247 -4.8156169178061878 9.9615671379048809
v 16.0458491674603 -4.521871678369858 10.437368389084213
v 15.942923777697159 -4.6999253176102549 10.148961521656572
v 14.21576615888474 -5.6896228171682992 8.5458740657291585
v 14.031152295934808 -6.0089917331190401 8.0285682190412597
v 13.546414621437542 -6.8475536003102322 6.6702865108288334
v 13.714553392786698 -6.5566854267233365 7.1414275621236927
v 13.532601250460724 -6.8714497543909703 6.6315801132994388
v 12.80988225654233 -8.2943221995323295 4.5199343050530576
v 13.572981991760697 -9.7657432753458231 5.2590909422235264
v 13.537248422247695 -9.6968412368980808 5.2244785529691002
v 13.095513638340625 -8.4420834018922601 4.5074868620252868
v 15.165682600920441 -9.1088991604615845 4.1709483947386206
v 14.955972575324809 -9.4045254407863226 4.4264104884216238
v 12.835917726899327 -8.0766629389549482 4.3779177382472954
v 12.764398195989557 -8.200386665282867 4.4790010752387435
v 12.869015565148574 -8.0194060214457696 4.3311383495281754
v 13.261605497342586 -7.3402532262302786 5.8722238803733005
v 13.298042318867815 -7.2772201039865863 5.9743233679661509
v 13.511895590332976 -6.907269080867211 6.5735608569312349
v 15.205471795998593 -9.0329742943381923 4.1103885669834836
v 15.41229524696301 -8.638318338247382 3.7955997771744205
v 15.937253488138762 -8.4987537301573397 4.0029179621572579
v 16.443963001984205 -8.3640407155900096 4.2030293181986513
v 17.391992691365022 -8.1289949449400467 4.5834960322118379
v 17.425956743613664 -8.1216905454019592 4.5984380601258668
v 17.321843851989442 -8.1440813411739601 4.5526349939466311
v 17.428862752318476 -8.1238448649213471 4.6029815845038931
v 17.46288764506971 -8.0649842087405652 4.6983226150846571
v 17.904041446431371 -7.3018193572113397 5.9344781078867834
v 18.121173075573395 -6.926197007352858 6.54290187120134
v 18.231753241027736 -6.7349011479710263 6.8527581582817971
v 18.247830980399101 -6.7070877968395148 6.8978095344105057
v 14.832398386431301 -7.4513153521151381 3.2801990577803104
v 14.840817606674944 -7.4580794413749869 3.2813003654824313
v 14.836475406475035 -7.448964461837142 3.2774664393590025
v 14.837110708382578 -7.450049963811586 3.2778833636068607
v 14.837040653004781 -7.4499310883353091 3.2778378672046617
v 14.835659941322785 -7.4495332652413895 3.2780702320149779
v 13.844664510934056 -6.3316024015816632 3.1306947187745378
v 13.540513630433457 -6.857761897075684 3.5088303826315785
v 12.909500261098136 -7.9493703629561692 4.2739186207127116
v 16.799583459997265 -2.5435169850510539 6.1821698683282005
v 16.960538933816778 -2.9395231242326942 6.2951475545026803
v 17.28976439873362 -2.3699863724754016 7.2176690551020801
v 17.266154843921878 -2.4108292312175421 7.1515128058006745
v 16.483681716005361 -1.7662894262091258 5.9604324694826625
v 16.704590518508262 -2.3098014914683271 6.1154925290761648
v 16.288801208668694 -2.1034189102767447 5.4143584951890817
v 14.144368875209189 -5.8131350644336699 2.758087187408838
v 14.757610796592321 -4.7522699456489921 2.8911909325236378
v 14.390753389885505 -5.3869072931174706 2.7989404702688527
v 13.899834287408778 -6.2361625931922173 3.0621048793574097
v 17.74075063643761 -1.5898121020129026 8.4813759826978909
v 17.522517647651707 -1.9673397261011694 7.8698661034547488
v 15.743535204927305 -3.0466905028705593 3.8864705715608263
v 16.040596466553144 -2.5327955462272853 4.718864872877214
v 15.826628951659922 -2.9029442023910672 4.1193072628099712
v 16.235951253779454 -2.1948455915200609 5.2662678251573967
v 15.450526708752736 -3.5535744621375174 3.0654325098555621
v 15.662822088810433 -3.1863184808856433 3.66030463686619
v 15.213781673202041 -3.9631266168478523 3.0059002813471407
v 24.384597822152756 3.9090844795882633 30.798891771673642
v 24.228087125817822 3.6383320527418581 30.360333707888287
v 24.173906938460686 3.5446041634828123 30.20851559820445
v 24.605164703970889 4.2906495734295511 31.416941444255293
v 24.515693880147619 4.1358713809521603 31.166235568043202
v 25.080699287377133 5.1132907444272258 32.74943520375728
v 24.173887400480975 3.5445703641608088 30.208460850901211
v 23.811357147901646 2.9174186870572942 29.192616123620958
v 24.099797756235439 3.4164005236743957 30.00085452310535
v 16.762917894467012 -3.281393534708362 12.446664110599004
v 16.591031514583442 -3.5787448058044009 11.965021898800957
v 16.697081928709768 -3.3952850956046441 12.262185385846889
v 16.427372944260657 -3.8618625487239049 11.506434802817168
v 16.861572610373376 -3.1107278589622811 12.723104138049907
v 17.077313530111333 -8.7320001367173319 10.323176528616166
v 17.431853962243174 -8.1186702834691893 11.316633008527409
v 16.965892193749884 -8.9247511622304447 10.010963199538137
v 16.507142912878802 -9.7183549479045173 10.874516359550393
v 16.488768067443662 -9.7501421299374016 10.909105309336043
v 16.416983460193283 -9.8743244195725008 10.707957917480176
v 18.300718120267163 -6.6155967882147797 7.0460044003386857
v 18.402785202793709 -6.4390279597427975 7.3320062081209993
v 17.665391819097735 -7.7146663208993393 11.971028603979466
v 17.525081576838865 -7.9573931088608365 11.577865774759031
v 19.077618187847232 -5.2716146602182885 9.2229533078017489
v 18.883190675048276 -5.6079604957985829 8.6781486678860418
v 18.611165060611402 -6.0785455548258085 7.9159066642331251
v 19.637721377908658 -4.3026757854655209 10.792416458279765
v 19.412233610383012 -4.692753663280949 10.160577989414335
v 19.098247817937231 -5.2359268603259581 9.2807595206724418
v 19.779756077998037 -4.0569658075142137 11.190411384634372
v 19.697777237932623 -4.1987833983724387 10.960698769379519
v 16.30185961758604 -10.073480518827791 10.385369808860967
v 24.000461843386855 9.2390452242121235 26.021690421656327
v 23.591861800304454 8.5321960703539297 24.876753698779908
v 24.209708837336052 9.6010277132607857 26.608020676828666
v 23.579089616185612 8.5101010958423853 24.840964807230414
v 24.888006962187994 10.774435459374272 28.508677432375279
v 24.775892552826303 10.580485466626376 28.194522045916074
v 24.246354765236976 9.6644225747338979 26.710706100650778
v 24.487931285391369 10.082332855836585 27.387626805854122
v 25.917730333163604 6.5612952086555696 28.389607145345241
v 25.483363266144831 5.8098709271750906 27.172468736630915
v 25.603909848310405 6.0184079820452743 27.510251884418722
v 25.294492637485948 5.4831381078413628 26.643235021937695
v 27.246363643386715 8.8597367947951415 32.112565803488401
v 27.487418719412666 9.2767450144634047 32.788025371959918
v 27.317841220817908 8.9833879445745968 32.312852868183384
v 27.431752444057864 9.1804462981535675 32.632043100400026
v 18.882532427275322 -5.6090992178550678 15.38157395951588
v 26.121279442470037 6.9134207605680142 28.959971378289588
v 26.196402619169305 7.0433785390460457 29.170473763686502
v 18.561706916130611 -0.16961584535578086 10.781774644934361
v 18.838805815523017 0.30974563755787388 11.558232482260211
v 19.18648649817462 0.91120860973764561 12.532467282627778
v 18.325282259314974 -0.57861376753084082 10.119289957611208
v 18.507617830945161 -0.26318613430600263 10.630211812320768
v 19.434696081546456 1.3405936207188924 13.227974470606606
v 19.426107106018613 1.3257353009826425 13.203907332924661
v 19.429785857686294 1.3320992809860168 13.214215549847243
v 19.431927852454635 1.3358047803250466 13.220217625745182
v 18.002577751159841 -1.1368697256431088 9.2150408066876626
v 22.188137972227292 6.1038532032269437 27.64865393383932
v 22.937566178017644 7.4003109547831434 29.748624035398333
v 23.274840706189671 7.9837720162599304 30.693699787426823
v 23.572458755335695 8.4986301759037559 31.527654261066953
v 26.772727646983377 8.0403800449306679 30.785392067853273
v 26.506233573959182 7.579364161025369 30.038649976656821
v 22.827477386032484 7.2098651367236348 29.440144624162713
v 22.456846418818383 6.5686997966698231 28.401600913306925
v 17.861608902063423 -7.3752246555962158 12.52084779207436
v 23.510295729915413 2.3966037430412412 28.34901299843926
v 26.038242352690922 6.7697724726078974 35.432563210653548
v 25.972275111592428 6.6556538146629123 35.497744922117093
v 25.418071004901087 5.6969199366038046 33.694783289722061
v 25.446941748310199 5.7468642792329359 36.010771818609363
v 25.870601137962275 6.4797650367574686 35.598208174818808
v 25.384840257768204 5.6394330961332066 33.601667531745036
v 25.263017398154098 5.4286881716118716 33.260308131472335
v 25.172515618654653 5.2721264987856546 33.00671341803838
v 17.657339684193765 -1.7341071455750501 14.952920216383346
v 17.507819973172221 -1.9927656626505987 14.533951567601504
v 17.334317916916845 -2.2929119395124342 14.047782074806593
v 26.834984230704283 8.1480795282524348 30.959841018972266
v 25.096749006760142 11.13554442174091 29.0935927706998
v 20.248335288690484 -3.2463569390107381 12.503415519071133
v 20.728788603803981 -2.4152067103068955 13.849692039140475
v 20.53857043578904 -2.7442706773478891 13.316682389225532
v 19.995673329382303 -3.6834442452231055 11.795432344366697
v 19.908412645989344 -3.8343990511895809 11.550919494768836
v 12.672569557483429 -8.010738421202598 4.3963601958224068
v 14.836969156214289 -7.4501314647506316 3.2778369652226367
v 19.989672178977674 -0.86563264257600991 16.704917704073651
v 27.127546523604529 13.423505368033624 37.522657000405815
f 1 2 3
f 4 2 1
f 1 3 5
f 5 6 1
f 1 6 7
f 7 4 1
f 8 3 2
f 9 8 2
f 10 9 2
f 2 4 10
f 3 8 11
f 12 5 3
f 11 12 3
f 8 9 13
f 8 13 14
f 8 14 11
f 6 5 15
f 15 16 6
f 6 16 17
f 17 7 6
f 18 13 9
f 19 18 9
f 9 10 19
f 12 15 5
f 13 18 20
f 13 20 21
f 21 14 13
f 16 15 22
f 22 23 16
f 16 23 24
f 24 17 16
f 25 20 18
f 26 25 18
f 18 19 27
f 18 27 26
f 28 22 15
f 15 12 28
f 20 25 29
f 20 29 30
f 30 21 20
f 23 22 31
f 31 32 23
f 23 32 24
f 33 29 25
f 26 33 25
f 28 31 22
f 29 33 34
f 29 34 30
f 35 10 4
f 4 7 35
f 35 19 10
f 7 17 36
f 7 36 37
f 37 35 7
f 38 27 19
f 35 38 19
f 17 24 36
f 39 26 27
f 38 39 27
f 32 31 40
f 41 24 32
f 40 42 32
f 32 42 41
f 43 34 33
f 33 26 44
f 44 43 33
f 45 40 31
f 31 28 45
f 34 43 46
f 34 46 47
f 47 30 34
f 24 41 36
f 39 44 26
f 42 40 48
f 49 41 42
f 48 50 42
f 42 50 49
f 51 46 43
f 43 44 52
f 52 51 43
f 53 48 40
f 45 53 40
f 46 51 54
f 46 54 55
f 46 55 47
f 41 49 56
f 41 56 36
f 57 52 44
f 44 39 57
f 50 48 58
f 59 49 50
f 60 59 50
f 58 61 50
f 50 61 60
f 62 54 51
f 51 52 63
f 51 63 64
f 64 62 51
f 65 58 48
f 48 53 65
f 54 62 66
f 54 66 55
f 49 59 67
f 67 56 49
f 57 63 52
f 68 69 70
f 70 69 71
f 72 68 70
f 71 72 70
f 69 68 73
f 69 73 74
f 74 75 69
f 69 75 76
f 76 71 69
f 11 73 68
f 68 72 77
f 68 77 12
f 68 12 11
f 14 74 73
f 11 14 73
f 78 77 72
f 79 78 72
f 71 79 72
f 75 74 80
f 80 81 75
f 75 81 82
f 82 76 75
f 77 78 83
f 77 83 28
f 28 12 77
f 21 80 74
f 74 14 21
f 59 60 84
f 59 84 67
f 85 64 63
f 57 85 63
f 86 83 78
f 87 86 78
f 79 87 78
f 81 80 88
f 81 88 82
f 83 86 89
f 83 89 28
f 90 88 80
f 30 90 80
f 80 21 30
f 61 58 91
f 92 60 61
f 91 93 61
f 61 93 92
f 94 66 62
f 62 64 94
f 95 91 58
f 58 65 95
f 66 94 96
f 66 96 97
f 97 55 66
f 98 89 86
f 99 98 86
f 86 87 99
f 88 90 100
f 100 101 88
f 88 101 102
f 102 82 88
f 89 98 103
f 89 103 45
f 45 28 89
f 47 100 90
f 90 30 47
f 60 92 84
f 104 94 64
f 105 104 64
f 64 85 105
f 106 103 98
f 99 106 98
f 101 100 107
f 107 108 101
f 101 108 102
f 103 106 109
f 103 109 53
f 103 53 45
f 55 107 100
f 47 55 100
f 93 91 110
f 111 92 93
f 110 112 93
f 93 112 111
f 113 96 94
f 95 110 91
f 96 113 114
f 96 114 97
f 115 109 106
f 116 115 106
f 106 99 116
f 108 107 117
f 117 118 108
f 108 118 119
f 108 119 120
f 108 120 102
f 109 115 121
f 109 121 65
f 65 53 109
f 55 117 107
f 92 111 122
f 122 84 92
f 112 110 123
f 124 111 112
f 123 125 112
f 112 125 124
f 126 123 110
f 110 95 126
f 114 127 128
f 128 97 114
f 129 121 115
f 130 129 115
f 116 130 115
f 118 117 131
f 131 132 118
f 118 132 119
f 121 129 133
f 121 133 95
f 95 65 121
f 97 131 117
f 117 55 97
f 111 124 134
f 134 122 111
f 135 133 129
f 136 135 129
f 129 130 136
f 132 131 137
f 132 137 119
f 133 135 138
f 133 138 95
f 139 137 131
f 97 139 131
f 125 123 140
f 141 124 125
f 140 142 125
f 125 142 141
f 143 140 123
f 123 126 143
f 124 141 134
f 144 138 135
f 136 144 135
f 137 145 146
f 137 146 119
f 138 144 147
f 138 147 126
f 126 95 138
f 139 97 128
f 142 140 148
f 149 141 142
f 148 149 142
f 143 148 140
f 141 149 150
f 141 150 151
f 141 151 134
f 152 147 144
f 153 152 144
f 136 153 144
f 147 152 154
f 147 154 143
f 143 126 147
f 149 148 155
f 156 150 149
f 155 157 149
f 149 157 156
f 158 159 160
f 160 161 162
f 162 158 160
f 163 155 148
f 148 143 163
f 159 158 164
f 150 156 151
f 165 162 161
f 166 154 152
f 153 166 152
f 154 166 167
f 154 167 163
f 163 143 154
f 168 169 170
f 170 169 171
f 170 172 173
f 171 172 170
f 173 168 170
f 174 175 176
f 171 175 174
f 177 178 174
f 174 178 171
f 176 177 174
f 179 175 169
f 169 175 171
f 180 179 169
f 168 180 169
f 172 178 181
f 171 178 172
f 181 182 172
f 172 182 183
f 172 183 173
f 175 179 184
f 175 184 176
f 177 181 178
f 185 184 179
f 186 185 179
f 179 180 186
f 182 181 187
f 182 188 183
f 187 188 182
f 184 185 189
f 184 189 190
f 190 176 184
f 191 192 181
f 181 192 187
f 181 177 191
f 193 189 185
f 186 193 185
f 188 194 183
f 189 193 195
f 189 195 190
f 196 197 192
f 192 197 187
f 191 196 192
f 157 155 198
f 199 156 157
f 198 199 157
f 200 164 158
f 158 162 200
f 201 198 155
f 155 163 201
f 164 200 202
f 164 202 203
f 204 195 193
f 205 204 193
f 186 205 193
f 195 204 206
f 195 206 207
f 207 190 195
f 208 209 197
f 197 209 210
f 197 196 208
f 197 210 187
f 156 199 211
f 156 211 212
f 156 212 151
f 213 200 162
f 214 213 162
f 162 165 214
f 215 167 166
f 153 215 166
f 167 215 216
f 167 216 201
f 201 163 167
f 217 206 204
f 218 217 204
f 204 205 218
f 206 217 219
f 206 219 207
f 220 221 209
f 208 220 209
f 222 219 217
f 217 223 222
f 218 223 217
f 219 222 224
f 219 224 207
f 199 198 225
f 226 211 199
f 225 226 199
f 227 202 200
f 200 213 228
f 200 228 227
f 201 225 198
f 202 227 229
f 202 229 203
f 226 230 211
f 211 230 231
f 231 212 211
f 214 228 213
f 232 216 215
f 233 232 215
f 153 233 215
f 234 235 236
f 236 237 234
f 234 237 238
f 216 232 239
f 216 239 201
f 203 236 235
f 240 222 223
f 223 218 241
f 242 243 244
f 244 243 245
f 244 245 246
f 246 247 244
f 222 240 224
f 248 249 250
f 240 251 252
f 253 251 240
f 252 224 240
f 230 226 254
f 230 254 255
f 230 255 231
f 249 256 257
f 257 250 249
f 258 227 228
f 228 259 258
f 260 259 228
f 228 214 260
f 226 225 261
f 262 254 226
f 261 262 226
f 258 229 227
f 263 239 232
f 233 263 232
f 251 264 265
f 266 264 251
f 251 265 252
f 251 253 266
f 237 236 267
f 267 268 237
f 237 268 269
f 269 238 237
f 270 261 225
f 201 270 225
f 239 263 271
f 239 271 270
f 239 270 201
f 272 267 236
f 236 203 272
f 229 258 273
f 229 273 272
f 272 203 229
f 256 274 275
f 256 275 257
f 276 275 274
f 275 276 277
f 275 277 278
f 278 257 275
f 279 277 276
f 280 279 276
f 281 271 263
f 282 281 263
f 233 282 263
f 268 267 283
f 283 284 268
f 268 284 269
f 271 281 285
f 271 285 270
f 286 283 267
f 267 272 286
f 254 262 287
f 254 287 288
f 288 255 254
f 289 258 259
f 259 290 289
f 291 290 259
f 260 291 259
f 262 261 292
f 293 287 262
f 292 293 262
f 289 273 258
f 270 292 261
f 273 289 294
f 273 294 286
f 286 272 273
f 277 279 295
f 277 295 278
f 296 295 279
f 297 296 279
f 279 280 297
f 298 299 300
f 295 296 301
f 295 301 278
f 302 301 296
f 297 302 296
f 303 285 281
f 282 303 281
f 284 283 304
f 304 305 284
f 284 305 306
f 284 306 269
f 285 307 308
f 308 270 285
f 309 304 283
f 283 286 309
f 310 289 290
f 290 311 310
f 312 311 290
f 290 291 312
f 313 314 299
f 299 298 313
f 301 302 315
f 315 316 301
f 301 316 317
f 317 278 301
f 297 315 302
f 293 292 318
f 310 294 289
f 308 318 292
f 292 270 308
f 294 310 319
f 294 319 309
f 309 286 294
f 320 321 314
f 313 320 314
f 316 315 322
f 316 322 317
f 321 320 323
f 324 322 315
f 325 324 315
f 315 297 325
f 326 323 320
f 327 326 320
f 320 313 327
f 322 324 328
f 322 328 329
f 322 329 317
f 323 326 330
f 323 330 331
f 332 328 324
f 325 332 324
f 333 330 326
f 329 333 326
f 327 329 326
f 328 332 333
f 328 333 329
f 330 333 334
f 330 334 335
f 335 331 330
f 334 333 332
f 336 334 332
f 332 325 336
f 336 335 334
f 305 304 337
f 305 337 338
f 338 306 305
f 339 337 304
f 340 339 304
f 309 340 304
f 341 310 311
f 342 341 311
f 312 342 311
f 343 319 310
f 310 341 343
f 319 343 344
f 319 344 340
f 319 340 309
f 337 339 345
f 345 346 337
f 337 346 338
f 347 345 339
f 340 347 339
f 348 343 341
f 341 349 348
f 342 349 341
f 350 351 352
f 348 344 343
f 344 348 353
f 344 353 340
f 346 345 354
f 354 355 346
f 346 355 356
f 356 338 346
f 357 354 345
f 347 357 345
f 358 359 360
f 360 361 358
f 358 361 362
f 363 348 349
f 349 364 363
f 365 364 349
f 342 365 349
f 359 352 366
f 366 360 359
f 363 353 348
f 353 363 367
f 353 367 347
f 353 347 340
f 368 369 370
f 371 368 370
f 355 354 372
f 372 373 355
f 355 373 374
f 374 356 355
f 369 368 375
f 369 375 376
f 357 372 354
f 361 360 377
f 361 377 378
f 378 362 361
f 379 363 364
f 364 380 379
f 365 380 364
f 381 375 368
f 371 381 368
f 373 372 382
f 373 382 374
f 375 381 383
f 375 383 384
f 384 376 375
f 385 382 372
f 386 385 372
f 357 386 372
f 360 366 387
f 388 377 360
f 387 388 360
f 379 367 363
f 367 379 389
f 367 389 357
f 367 357 347
f 377 388 390
f 390 391 377
f 377 391 378
f 392 379 380
f 380 393 392
f 394 393 380
f 365 394 380
f 395 383 381
f 396 395 381
f 371 396 381
f 382 385 397
f 397 398 382
f 382 398 399
f 382 399 374
f 383 395 400
f 383 400 384
f 401 397 385
f 386 401 385
f 388 387 402
f 402 390 388
f 392 389 379
f 376 402 387
f 389 392 403
f 389 403 357
f 404 400 395
f 405 404 395
f 395 396 405
f 398 397 406
f 406 407 398
f 398 407 408
f 398 408 399
f 400 404 409
f 400 409 410
f 410 384 400
f 411 406 397
f 397 401 411
f 391 390 412
f 391 412 413
f 413 378 391
f 414 392 393
f 393 415 414
f 394 415 393
f 416 409 404
f 405 416 404
f 407 406 417
f 407 417 418
f 418 408 407
f 409 416 419
f 409 419 420
f 409 420 410
f 421 417 406
f 411 421 406
f 390 402 422
f 423 412 390
f 422 423 390
f 414 403 392
f 384 422 402
f 402 376 384
f 403 414 424
f 403 424 386
f 403 386 357
f 425 419 416
f 426 425 416
f 416 405 426
f 417 421 427
f 427 428 417
f 417 428 418
f 419 425 429
f 419 429 430
f 419 430 420
f 431 427 421
f 421 411 431
f 423 432 412
f 412 432 413
f 415 433 414
f 434 433 415
f 394 434 415
f 435 429 425
f 436 435 425
f 426 436 425
f 428 427 437
f 437 438 428
f 428 438 439
f 428 439 418
f 429 435 440
f 429 440 441
f 429 441 430
f 442 437 427
f 431 442 427
f 435 438 440
f 436 438 435
f 437 440 438
f 438 436 439
f 440 437 443
f 440 443 441
f 442 443 437
f 432 423 444
f 445 446 432
f 432 446 447
f 432 444 445
f 432 447 413
f 448 414 433
f 433 449 450
f 434 449 433
f 450 448 433
f 423 422 451
f 451 444 423
f 448 424 414
f 384 451 422
f 424 448 452
f 424 452 401
f 424 401 386
f 445 453 446
f 446 453 454
f 446 454 447
f 449 455 450
f 434 455 449
f 444 451 456
f 456 445 444
f 450 452 448
f 410 456 451
f 451 384 410
f 452 450 457
f 452 457 411
f 411 401 452
f 453 445 458
f 459 460 453
f 453 460 461
f 453 458 459
f 453 461 454
f 462 450 455
f 455 463 464
f 465 463 455
f 464 462 455
f 434 465 455
f 445 456 466
f 466 458 445
f 462 457 450
f 420 466 456
f 410 420 456
f 457 462 467
f 457 467 411
f 459 468 460
f 460 468 461
f 463 469 464
f 465 469 463
f 470 471 468
f 468 471 472
f 468 459 473
f 468 473 470
f 472 461 468
f 469 474 475
f 476 474 469
f 477 464 469
f 475 477 469
f 478 476 469
f 469 465 478
f 470 474 471
f 471 474 476
f 471 476 472
f 474 470 475
f 458 466 479
f 479 459 458
f 464 467 462
f 420 479 466
f 467 464 480
f 467 480 431
f 431 411 467
f 459 479 481
f 481 473 459
f 477 480 464
f 430 481 479
f 420 430 479
f 480 477 482
f 480 482 431
f 473 481 483
f 483 470 473
f 475 482 477
f 441 483 481
f 430 441 481
f 482 475 484
f 482 484 442
f 482 442 431
f 484 475 470
f 470 483 484
f 443 484 483
f 441 443 483
f 484 443 442
f 485 486 487
f 487 486 488
f 488 56 487
f 487 56 67
f 489 485 487
f 67 489 487
f 490 491 492
f 492 491 183
f 183 194 492
f 492 194 493
f 494 490 492
f 492 493 494
f 495 496 486
f 486 496 497
f 485 495 486
f 497 488 486
f 496 491 498
f 168 491 496
f 496 495 186
f 498 497 496
f 496 180 168
f 186 180 496
f 499 500 501
f 478 500 499
f 499 502 503
f 504 502 499
f 499 501 504
f 503 478 499
f 500 465 434
f 478 465 500
f 500 434 501
f 505 177 506
f 506 177 176
f 76 505 506
f 506 87 79
f 507 87 506
f 506 176 507
f 506 79 71
f 506 71 76
f 243 242 241
f 508 245 243
f 241 218 243
f 243 218 509
f 509 508 243
f 510 511 512
f 365 511 510
f 512 513 510
f 510 513 514
f 510 394 365
f 514 394 510
f 491 490 515
f 491 515 498
f 173 183 491
f 491 168 173
f 494 516 517
f 517 516 518
f 517 39 490
f 57 39 517
f 517 490 494
f 518 57 517
f 511 519 512
f 342 519 511
f 511 365 342
f 282 233 520
f 520 521 282
f 488 36 56
f 503 329 522
f 522 329 327
f 522 523 524
f 327 523 522
f 522 524 503
f 525 362 378
f 525 378 526
f 526 527 525
f 528 291 214
f 529 291 528
f 214 165 528
f 528 165 530
f 528 530 531
f 528 531 529
f 532 338 533
f 533 338 534
f 533 280 532
f 534 280 533
f 535 536 537
f 504 536 535
f 537 278 535
f 535 278 317
f 317 504 535
f 519 291 529
f 312 291 519
f 538 512 519
f 519 529 538
f 519 342 312
f 520 153 539
f 539 153 136
f 539 540 520
f 541 540 539
f 136 541 539
f 212 245 151
f 246 245 212
f 231 542 212
f 212 542 246
f 543 542 255
f 246 542 543
f 543 247 246
f 543 255 288
f 502 329 503
f 317 329 502
f 502 504 317
f 494 493 516
f 516 544 518
f 537 545 513
f 513 545 514
f 513 512 537
f 546 238 547
f 532 280 546
f 546 547 532
f 260 214 291
f 505 548 177
f 177 548 191
f 548 505 549
f 549 196 548
f 548 196 191
f 250 257 550
f 531 551 250
f 250 550 531
f 82 549 505
f 505 76 82
f 306 338 532
f 306 532 269
f 495 485 205
f 495 205 186
f 478 552 476
f 476 552 553
f 553 472 476
f 338 356 534
f 39 38 490
f 552 478 503
f 552 503 553
f 196 549 554
f 196 554 208
f 555 405 371
f 556 405 555
f 555 331 556
f 233 153 520
f 554 119 146
f 538 550 257
f 257 278 538
f 84 489 67
f 122 489 84
f 531 530 551
f 208 554 220
f 36 488 37
f 245 557 151
f 508 557 245
f 485 489 558
f 509 205 485
f 485 558 509
f 515 490 38
f 559 515 38
f 35 559 38
f 130 116 541
f 130 541 136
f 231 255 542
f 529 531 550
f 538 529 550
f 252 520 540
f 207 224 540
f 540 224 252
f 541 560 540
f 540 560 207
f 371 405 396
f 488 497 37
f 489 122 558
f 561 439 436
f 436 426 561
f 562 563 439
f 439 563 418
f 439 561 562
f 518 544 564
f 105 518 564
f 521 520 265
f 418 399 408
f 565 566 523
f 523 566 567
f 313 565 523
f 567 524 523
f 327 313 523
f 515 497 498
f 568 497 515
f 515 559 568
f 509 218 205
f 561 426 405
f 556 561 405
f 85 57 518
f 85 518 105
f 134 151 557
f 558 122 557
f 557 122 134
f 508 558 557
f 507 99 87
f 567 454 461
f 553 567 461
f 461 472 553
f 356 374 569
f 356 569 534
f 566 565 527
f 447 567 566
f 566 527 526
f 566 526 447
f 549 82 120
f 120 554 549
f 537 536 545
f 545 536 504
f 504 501 545
f 545 501 514
f 507 116 99
f 568 37 497
f 563 562 570
f 570 418 563
f 269 547 238
f 252 265 520
f 119 554 120
f 559 35 37
f 559 37 568
f 534 297 280
f 269 532 547
f 313 298 565
f 569 571 297
f 297 571 570
f 570 325 297
f 534 569 297
f 524 567 553
f 553 503 524
f 331 335 556
f 562 561 335
f 335 561 556
f 335 336 562
f 434 394 501
f 413 526 378
f 176 190 507
f 454 567 447
f 514 501 394
f 569 399 571
f 571 399 570
f 562 336 325
f 570 562 325
f 207 560 190
f 190 560 507
f 102 120 82
f 116 560 541
f 507 560 116
f 538 537 512
f 278 537 538
f 558 508 509
f 413 447 526
f 399 418 570
f 569 374 399
f 572 573 574
f 575 574 573
f 576 575 573
f 577 576 573
f 575 576 578
f 579 578 576
f 580 579 576
f 576 577 580
f 578 579 581
f 578 581 582
f 583 584 585
f 585 586 583
f 583 586 587
f 588 581 579
f 589 588 579
f 579 580 590
f 579 590 589
f 591 585 584
f 581 588 592
f 581 592 593
f 593 582 581
f 586 585 594
f 594 595 586
f 586 595 587
f 596 592 588
f 589 596 588
f 591 594 585
f 592 596 597
f 592 597 593
f 598 580 577
f 599 590 580
f 598 599 580
f 600 589 590
f 599 600 590
f 595 594 601
f 602 587 595
f 601 603 595
f 595 603 602
f 604 597 596
f 596 589 605
f 605 604 596
f 606 601 594
f 594 591 606
f 597 604 607
f 597 607 608
f 608 593 597
f 600 605 589
f 603 601 609
f 610 602 603
f 609 611 603
f 603 611 610
f 612 607 604
f 604 605 613
f 613 612 604
f 614 609 601
f 606 614 601
f 607 612 615
f 607 615 616
f 607 616 608
f 602 610 617
f 618 613 605
f 605 600 618
f 611 609 619
f 620 610 611
f 621 620 611
f 619 622 611
f 611 622 621
f 623 615 612
f 612 613 624
f 612 624 625
f 625 623 612
f 626 619 609
f 609 614 626
f 615 623 627
f 615 627 616
f 610 620 628
f 628 617 610
f 618 624 613
f 629 630 631
f 632 629 631
f 633 634 635
f 635 636 633
f 633 636 637
f 630 629 638
f 630 638 591
f 582 635 634
f 620 621 639
f 620 639 628
f 640 625 624
f 618 640 624
f 641 638 629
f 642 641 629
f 632 642 629
f 636 635 643
f 636 643 637
f 638 641 644
f 638 644 591
f 645 643 635
f 593 645 635
f 635 582 593
f 622 619 646
f 647 621 622
f 646 648 622
f 622 648 647
f 649 627 623
f 623 625 649
f 650 646 619
f 619 626 650
f 627 649 651
f 627 651 652
f 652 616 627
f 653 644 641
f 654 653 641
f 641 642 654
f 643 645 655
f 655 656 643
f 643 656 657
f 657 637 643
f 644 653 658
f 644 658 606
f 606 591 644
f 608 655 645
f 645 593 608
f 621 647 639
f 659 649 625
f 660 659 625
f 625 640 660
f 661 658 653
f 654 661 653
f 656 655 662
f 662 663 656
f 656 663 657
f 658 661 664
f 658 664 614
f 658 614 606
f 616 662 655
f 608 616 655
f 648 646 665
f 666 647 648
f 665 667 648
f 648 667 666
f 668 651 649
f 649 659 669
f 669 668 649
f 650 665 646
f 651 668 670
f 651 670 652
f 671 664 661
f 672 671 661
f 661 654 672
f 663 662 673
f 673 674 663
f 663 674 675
f 663 675 676
f 663 676 657
f 664 671 677
f 664 677 626
f 626 614 664
f 616 673 662
f 647 666 678
f 678 639 647
f 679 669 659
f 660 679 659
f 667 665 680
f 681 666 667
f 680 682 667
f 667 682 681
f 683 670 668
f 668 669 683
f 684 680 665
f 665 650 684
f 670 683 685
f 670 685 686
f 686 652 670
f 687 677 671
f 688 687 671
f 672 688 671
f 674 673 689
f 689 690 674
f 674 690 675
f 677 687 691
f 677 691 650
f 650 626 677
f 652 689 673
f 673 616 652
f 666 681 692
f 692 678 666
f 693 683 669
f 679 693 669
f 694 691 687
f 695 694 687
f 687 688 695
f 690 689 696
f 690 696 675
f 691 694 697
f 691 697 650
f 698 696 689
f 652 698 689
f 682 680 699
f 700 681 682
f 699 701 682
f 682 701 700
f 702 685 683
f 683 693 703
f 703 702 683
f 704 699 680
f 680 684 704
f 685 702 705
f 685 705 706
f 706 686 685
f 681 700 692
f 707 703 693
f 679 707 693
f 708 697 694
f 695 708 694
f 696 698 709
f 709 710 696
f 696 710 711
f 696 711 675
f 697 708 712
f 697 712 684
f 684 650 697
f 686 709 698
f 698 652 686
f 701 699 713
f 714 700 701
f 713 714 701
f 715 705 702
f 702 703 715
f 704 713 699
f 705 715 716
f 705 716 706
f 700 714 717
f 700 717 718
f 700 718 692
f 719 715 703
f 707 719 703
f 720 712 708
f 721 720 708
f 695 721 708
f 710 709 722
f 710 722 723
f 723 711 710
f 712 720 724
f 712 724 704
f 704 684 712
f 725 722 709
f 706 725 709
f 709 686 706
f 714 713 726
f 727 717 714
f 726 728 714
f 714 728 727
f 729 716 715
f 715 719 730
f 730 729 715
f 731 726 713
f 713 704 731
f 716 729 732
f 716 732 733
f 733 706 716
f 717 727 718
f 734 730 719
f 707 734 719
f 735 724 720
f 721 735 720
f 722 725 736
f 736 737 722
f 722 737 723
f 724 735 738
f 724 738 731
f 731 704 724
f 733 736 725
f 725 706 733
f 739 740 741
f 741 740 742
f 741 742 743
f 740 739 744
f 740 745 742
f 744 745 740
f 746 747 748
f 748 749 746
f 739 750 744
f 745 751 752
f 744 751 745
f 745 752 742
f 747 753 754
f 747 754 748
f 750 755 744
f 728 726 756
f 757 727 728
f 756 757 728
f 758 732 729
f 729 730 758
f 759 756 726
f 726 731 759
f 732 758 760
f 732 760 761
f 732 761 733
f 762 754 753
f 763 762 753
f 764 763 753
f 751 765 752
f 766 765 751
f 744 766 751
f 754 762 767
f 754 767 768
f 768 748 754
f 769 770 755
f 755 770 766
f 755 771 769
f 755 766 744
f 727 757 772
f 727 772 773
f 727 773 718
f 774 758 730
f 775 774 730
f 730 734 775
f 776 738 735
f 721 776 735
f 737 736 777
f 777 778 737
f 737 778 779
f 737 779 723
f 738 776 780
f 738 780 759
f 759 731 738
f 761 777 736
f 733 761 736
f 781 767 762
f 782 781 762
f 762 763 782
f 765 770 783
f 766 770 765
f 765 783 784
f 784 752 765
f 767 781 785
f 767 785 768
f 786 783 770
f 787 786 770
f 769 787 770
f 788 785 781
f 781 789 788
f 782 789 781
f 783 786 790
f 790 791 783
f 783 791 784
f 785 788 792
f 785 792 768
f 787 793 786
f 786 793 790
f 757 756 794
f 795 772 757
f 794 795 757
f 796 760 758
f 758 774 797
f 758 797 796
f 759 794 756
f 760 796 798
f 760 798 761
f 795 799 772
f 772 799 800
f 800 773 772
f 775 797 774
f 801 780 776
f 802 801 776
f 721 802 776
f 778 777 803
f 803 804 778
f 778 804 779
f 780 801 805
f 780 805 759
f 761 803 777
f 806 788 789
f 789 807 806
f 808 807 789
f 789 782 808
f 809 810 811
f 811 810 812
f 813 809 811
f 814 813 811
f 811 812 815
f 815 814 811
f 788 806 792
f 816 817 793
f 793 817 790
f 818 816 793
f 787 818 793
f 819 806 807
f 808 820 807
f 807 820 819
f 817 816 821
f 817 821 822
f 817 822 790
f 806 823 824
f 819 823 806
f 824 792 806
f 825 821 816
f 818 825 816
f 799 795 826
f 799 826 827
f 799 827 800
f 828 829 820
f 820 829 830
f 809 828 820
f 808 809 820
f 830 819 820
f 821 825 831
f 821 831 832
f 832 822 821
f 833 796 797
f 797 834 833
f 835 834 797
f 797 775 835
f 795 794 836
f 837 826 795
f 836 837 795
f 833 798 796
f 838 805 801
f 802 838 801
f 823 839 840
f 830 839 823
f 823 840 824
f 823 819 830
f 841 831 825
f 842 841 825
f 825 818 843
f 825 843 842
f 804 803 844
f 844 845 804
f 804 845 846
f 846 779 804
f 847 836 794
f 759 847 794
f 805 838 848
f 805 848 847
f 805 847 759
f 849 844 803
f 803 761 849
f 798 833 850
f 798 850 849
f 849 761 798
f 828 851 829
f 829 851 830
f 831 841 852
f 831 852 832
f 839 853 840
f 830 853 839
f 854 852 841
f 842 854 841
f 855 856 851
f 851 856 857
f 851 828 855
f 851 857 830
f 852 854 858
f 852 858 859
f 859 832 852
f 853 860 861
f 857 860 853
f 861 840 853
f 830 857 853
f 862 858 854
f 842 862 854
f 863 848 838
f 864 863 838
f 802 864 838
f 845 844 865
f 865 866 845
f 845 866 846
f 848 863 867
f 848 867 847
f 868 865 844
f 844 849 868
f 826 837 869
f 826 869 870
f 870 827 826
f 871 833 834
f 834 872 871
f 873 872 834
f 835 873 834
f 837 836 874
f 875 869 837
f 874 875 837
f 871 850 833
f 847 874 836
f 850 871 876
f 850 876 868
f 868 849 850
f 877 860 856
f 856 860 857
f 878 877 856
f 856 855 878
f 858 862 879
f 858 879 859
f 860 877 880
f 860 880 861
f 881 879 862
f 882 881 862
f 862 842 882
f 883 880 877
f 878 883 877
f 879 881 884
f 879 884 859
f 880 883 885
f 880 885 886
f 886 861 880
f 887 884 881
f 888 867 863
f 864 888 863
f 866 865 889
f 889 890 866
f 866 890 891
f 866 891 846
f 867 888 892
f 867 892 893
f 893 847 867
f 894 889 865
f 865 868 894
f 869 875 895
f 895 896 869
f 869 896 897
f 897 870 869
f 898 871 872
f 872 899 898
f 900 899 872
f 872 873 900
f 901 885 883
f 902 901 883
f 883 878 902
f 884 903 904
f 904 859 884
f 885 901 905
f 885 905 906
f 906 886 885
f 875 874 907
f 907 895 875
f 898 876 871
f 893 907 874
f 874 847 893
f 876 898 908
f 876 908 894
f 894 868 876
f 903 909 904
f 905 910 906
f 910 911 906
f 911 912 913
f 913 906 911
f 914 892 888
f 915 914 888
f 888 864 915
f 890 889 916
f 890 916 917
f 917 891 890
f 892 914 918
f 892 918 919
f 892 919 893
f 920 916 889
f 921 920 889
f 894 921 889
f 896 895 922
f 896 922 897
f 923 898 899
f 924 923 899
f 900 924 899
f 895 907 925
f 926 922 895
f 925 926 895
f 927 908 898
f 898 923 927
f 919 925 907
f 893 919 907
f 908 927 928
f 908 928 921
f 908 921 894
f 929 918 914
f 930 929 914
f 914 915 930
f 916 920 931
f 931 932 916
f 916 932 917
f 918 929 933
f 918 933 934
f 918 934 919
f 935 931 920
f 921 935 920
f 922 926 936
f 936 937 922
f 922 937 938
f 922 938 897
f 939 927 923
f 923 940 939
f 924 940 923
f 926 925 941
f 941 936 926
f 939 928 927
f 919 941 925
f 928 939 942
f 928 942 921
f 943 933 929
f 930 943 929
f 932 931 944
f 944 945 932
f 932 945 946
f 946 917 932
f 933 943 947
f 933 947 948
f 933 948 934
f 949 944 931
f 935 949 931
f 937 936 950
f 950 951 937
f 937 951 938
f 952 939 940
f 940 953 952
f 954 953 940
f 924 954 940
f 936 941 955
f 955 950 936
f 952 942 939
f 934 955 941
f 919 934 941
f 942 952 956
f 942 956 935
f 942 935 921
f 957 947 943
f 958 957 943
f 930 958 943
f 945 944 959
f 959 960 945
f 945 960 961
f 961 946 945
f 947 957 962
f 947 962 963
f 947 963 948
f 949 959 944
f 951 950 964
f 951 964 965
f 965 938 951
f 966 952 953
f 953 967 966
f 954 967 953
f 968 962 957
f 958 968 957
f 960 959 969
f 960 969 961
f 962 968 970
f 962 970 971
f 971 963 962
f 972 969 959
f 973 972 959
f 949 973 959
f 950 955 974
f 975 964 950
f 974 975 950
f 966 956 952
f 948 974 955
f 934 948 955
f 956 966 976
f 956 976 949
f 956 949 935
f 964 975 977
f 977 978 964
f 964 978 965
f 979 966 967
f 967 980 979
f 981 980 967
f 954 981 967
f 982 970 968
f 983 982 968
f 958 983 968
f 969 972 984
f 984 985 969
f 969 985 986
f 969 986 961
f 970 982 987
f 970 987 971
f 988 984 972
f 973 988 972
f 975 974 989
f 989 977 975
f 979 976 966
f 963 989 974
f 948 963 974
f 976 979 990
f 976 990 949
f 991 987 982
f 992 991 982
f 982 983 992
f 985 984 993
f 993 994 985
f 985 994 995
f 985 995 986
f 987 991 996
f 987 996 997
f 997 971 987
f 998 993 984
f 984 988 998
f 978 977 999
f 978 999 1000
f 1000 965 978
f 1001 979 980
f 980 1002 1001
f 981 1002 980
f 1003 996 991
f 992 1003 991
f 996 1003 1004
f 996 1004 1005
f 996 1005 997
f 977 989 1006
f 1007 999 977
f 1006 1007 977
f 1001 990 979
f 971 1006 989
f 989 963 971
f 990 1001 1008
f 990 1008 973
f 990 973 949
f 1009 1004 1003
f 1010 1009 1003
f 1003 992 1010
f 1004 1009 1011
f 1004 1011 1012
f 1004 1012 1005
f 1007 1013 999
f 999 1013 1000
f 1002 1014 1001
f 1015 1014 1002
f 981 1015 1002
f 1016 1011 1009
f 1017 1016 1009
f 1010 1017 1009
f 1011 1016 1018
f 1011 1018 1019
f 1011 1019 1012
f 1018 1020 1019
f 1013 1007 1021
f 1022 1023 1013
f 1013 1023 1024
f 1013 1021 1022
f 1013 1024 1000
f 1025 1001 1014
f 1014 1026 1027
f 1015 1026 1014
f 1027 1025 1014
f 1007 1006 1028
f 1028 1021 1007
f 1025 1008 1001
f 971 1028 1006
f 1008 1025 1029
f 1008 1029 988
f 1008 988 973
f 1022 1030 1023
f 1023 1030 1031
f 1023 1031 1024
f 1026 1032 1027
f 1015 1032 1026
f 1021 1028 1033
f 1033 1022 1021
f 1027 1029 1025
f 997 1033 1028
f 1028 971 997
f 1029 1027 1034
f 1029 1034 998
f 998 988 1029
f 1030 1022 1035
f 1036 1037 1030
f 1030 1037 1038
f 1030 1035 1036
f 1030 1038 1031
f 1039 1027 1032
f 1032 1040 1041
f 1042 1040 1032
f 1041 1039 1032
f 1015 1042 1032
f 1022 1033 1043
f 1043 1035 1022
f 1039 1034 1027
f 1005 1043 1033
f 997 1005 1033
f 1034 1039 1044
f 1034 1044 998
f 1036 1045 1037
f 1037 1045 1038
f 1040 1046 1041
f 1042 1046 1040
f 1045 1036 1047
f 1045 1047 1048
f 1049 1041 1046
f 1046 1042 1050
f 1035 1043 1051
f 1051 1036 1035
f 1041 1044 1039
f 1005 1051 1043
f 1044 1041 1052
f 1036 1051 1053
f 1053 1047 1036
f 1049 1052 1041
f 1012 1053 1051
f 1005 1012 1051
f 1052 1049 1054
f 1047 1053 1055
f 1055 1048 1047
f 1019 1055 1053
f 1012 1019 1053
f 1020 1056 1055
f 1019 1020 1055
f 1057 1058 1059
f 1059 1058 1060
f 1060 617 1059
f 1059 617 628
f 1061 1057 1059
f 628 1061 1059
f 1062 1063 1064
f 1064 1063 742
f 742 752 1064
f 1064 752 1065
f 1066 1062 1064
f 1064 1065 1066
f 1057 1067 1058
f 1068 1069 1070
f 1050 1069 1068
f 1071 1072 1068
f 1068 1070 1071
f 1069 1042 1015
f 1050 1042 1069
f 1069 1015 1070
f 810 809 808
f 1073 812 810
f 808 782 810
f 810 782 1074
f 1074 1073 810
f 1075 1076 1077
f 954 1076 1075
f 1077 1078 1075
f 1075 1078 1079
f 1075 981 954
f 1079 981 1075
f 1063 1062 1080
f 743 742 1063
f 1066 1081 1082
f 1082 1081 1083
f 1082 600 1062
f 618 600 1082
f 1082 1062 1066
f 1083 618 1082
f 1076 1084 1077
f 924 1084 1076
f 1076 954 924
f 1085 1081 1065
f 1086 1081 1085
f 784 791 1085
f 1085 791 1087
f 1085 1088 1086
f 1087 1088 1085
f 1085 1065 784
f 864 802 1089
f 1090 915 864
f 1089 1091 864
f 864 1091 1090
f 814 1092 1093
f 1093 1092 897
f 1093 938 1094
f 897 938 1093
f 1094 814 1093
f 1095 938 965
f 1094 938 1095
f 1095 965 1096
f 1095 1097 1094
f 1098 1097 1095
f 1096 1098 1095
f 1099 873 775
f 1100 873 1099
f 775 734 1099
f 1099 734 1101
f 1099 1101 1102
f 1099 1102 1100
f 1103 917 1104
f 1104 917 1105
f 1104 842 1103
f 1105 842 1104
f 1106 1107 1108
f 1071 1107 1106
f 1108 859 1106
f 1106 859 904
f 904 1071 1106
f 1084 873 1100
f 900 873 1084
f 1109 1077 1084
f 1084 1100 1109
f 1084 924 900
f 1089 721 1110
f 1110 721 695
f 1110 1111 1089
f 1112 1111 1110
f 695 1112 1110
f 773 812 718
f 815 812 773
f 800 1113 773
f 773 1113 815
f 1092 1113 827
f 815 1113 1092
f 1092 814 815
f 1092 827 870
f 1092 870 897
f 1072 1071 904
f 1066 1065 1081
f 1081 1086 1083
f 1108 1114 1078
f 1078 1114 1079
f 1078 1077 1108
f 843 818 1115
f 1115 818 1116
f 842 843 1115
f 1115 779 1117
f 1116 779 1115
f 1103 842 1115
f 1115 1117 1103
f 835 775 873
f 1118 771 1119
f 1119 771 1120
f 1121 791 822
f 822 791 790
f 822 832 1122
f 1102 1121 822
f 822 1122 1102
f 734 707 1101
f 828 809 813
f 828 813 1097
f 1097 855 828
f 891 917 1103
f 891 1103 846
f 1067 1057 763
f 1067 763 764
f 791 1121 1087
f 917 946 1105
f 600 599 1062
f 771 1118 1123
f 771 1123 769
f 1124 1125 886
f 958 1125 1124
f 1124 992 958
f 1126 992 1124
f 1124 886 906
f 1124 906 1126
f 802 721 1089
f 1125 861 886
f 1090 861 1125
f 930 1090 1125
f 1125 958 930
f 818 787 1127
f 818 1127 1116
f 1123 675 711
f 1127 1123 711
f 711 723 1127
f 1109 1122 832
f 832 859 1109
f 639 1061 628
f 678 1061 639
f 1102 1101 1121
f 1121 1101 1087
f 769 1123 787
f 787 1123 1127
f 813 814 1094
f 1094 1097 813
f 812 1128 718
f 1073 1128 812
f 1057 1061 1129
f 1074 763 1057
f 1057 1129 1074
f 1080 1062 599
f 1130 1080 599
f 598 1130 599
f 688 672 1112
f 688 1112 695
f 915 1090 930
f 800 827 1113
f 1100 1102 1122
f 1109 1100 1122
f 824 1089 1111
f 768 792 1111
f 1111 792 824
f 1112 1131 1111
f 1111 1131 768
f 958 992 983
f 1061 678 1129
f 1017 1010 1132
f 784 1065 752
f 1088 679 1133
f 1133 679 660
f 1086 1088 1133
f 1083 1086 1133
f 660 1083 1133
f 1091 1089 840
f 1091 840 861
f 1091 861 1090
f 1134 1135 1136
f 1136 1135 1137
f 902 1134 1136
f 1137 1138 1136
f 1074 782 763
f 1132 1010 992
f 1126 1132 992
f 640 618 1083
f 640 1083 660
f 707 679 1088
f 1088 1101 707
f 692 718 1128
f 1129 678 1128
f 1128 678 692
f 1073 1129 1128
f 1139 654 642
f 1101 1088 1087
f 1137 1031 1038
f 1140 1137 1038
f 946 961 1141
f 946 1141 1105
f 1135 1134 1098
f 1024 1137 1135
f 1135 1098 1096
f 1135 1096 1024
f 1118 637 676
f 676 1123 1118
f 1108 1107 1114
f 1114 1107 1071
f 1071 1070 1114
f 1114 1070 1079
f 1139 672 654
f 846 1117 779
f 1127 723 779
f 1116 1127 779
f 824 840 1089
f 675 1123 676
f 1097 1134 855
f 855 1134 878
f 1105 882 842
f 846 1103 1117
f 1134 1097 1098
f 902 878 1134
f 1141 1142 882
f 882 1142 1143
f 1105 1141 882
f 1138 1137 1140
f 906 913 1126
f 913 1132 1126
f 1015 981 1070
f 1000 1096 965
f 749 748 1139
f 1031 1137 1024
f 1079 1070 981
f 1141 986 1142
f 1142 986 1143
f 768 1131 748
f 748 1131 1139
f 657 676 637
f 672 1131 1112
f 1139 1131 672
f 1109 1108 1077
f 859 1108 1109
f 1129 1073 1074
f 1000 1024 1096
f 1141 961 986
f 1144 1145 94
f 94 104 1144
f 1145 1144 1146
f 94 1147 113
f 1147 94 1145
f 1144 104 1148
f 104 1149 1148
f 1150 1149 104
f 104 105 1150
f 1149 1150 1151
f 113 1152 114
f 1152 113 1153
f 113 1147 1154
f 1153 113 1154
f 127 1152 1155
f 127 114 1152
f 1156 127 1157
f 127 1155 1157
f 1158 1159 1160
f 1161 127 1156
f 1162 1160 1163
f 1160 1159 1163
f 1164 1165 1166
f 1158 1160 1167
f 1160 1168 1167
f 1161 1169 127
f 1169 1161 1170
f 1165 1171 1166
f 1171 1165 1172
f 1169 1173 127
f 127 1174 128
f 1174 127 1173
f 1175 1176 137
f 137 139 1175
f 137 1177 145
f 1177 137 1176
f 139 1178 1179
f 139 128 1178
f 1175 139 1179
f 1180 1160 1181
f 1160 160 1182
f 1181 1160 1182
f 1160 1180 1183
f 1168 1160 1184
f 1160 1183 1184
f 1185 1165 1164
f 1162 1186 160
f 160 1160 1162
f 159 1182 160
f 1182 159 1187
f 159 1165 1185
f 159 1185 1187
f 1188 1165 1189
f 1172 1165 1188
f 159 1190 1191
f 159 1191 1192
f 1165 159 1189
f 159 1192 1189
f 1193 161 1194
f 161 160 1186
f 1195 161 1193
f 161 1186 1194
f 1196 161 1195
f 1196 1195 1197
f 1177 1198 145
f 1198 1177 1199
f 1200 1177 1201
f 1199 1177 1202
f 1177 1200 1202
f 1198 1203 145
f 145 1204 146
f 1205 1204 1206
f 1204 145 1206
f 145 1203 1206
f 1178 128 1207
f 1207 128 1208
f 128 1174 1208
f 1209 1210 159
f 159 164 1209
f 1190 159 1210
f 161 1211 165
f 1211 161 1196
f 194 1212 1213
f 194 188 1212
f 1213 1212 1214
f 1215 194 1213
f 1216 1212 188
f 188 187 1216
f 1212 1216 1217
f 164 1218 1219
f 164 203 1218
f 1209 164 1219
f 1220 194 1215
f 1221 1222 210
f 1222 1221 1223
f 1224 1223 1225
f 1223 1221 1225
f 187 1222 1226
f 187 210 1222
f 1216 187 1226
f 1227 235 1228
f 1227 1228 1229
f 1230 1228 235
f 235 234 1230
f 238 1230 234
f 1230 238 1231
f 1231 238 1232
f 1231 1232 1233
f 1234 1233 1235
f 1233 1232 1235
f 203 1227 1236
f 203 235 1227
f 1237 203 1236
f 1218 203 1238
f 203 1237 1238
f 1239 209 1240
f 1241 1239 1242
f 1239 1240 1242
f 1239 1221 210
f 210 209 1239
f 1243 194 1220
f 1244 1240 209
f 209 221 1244
f 1244 221 1245
f 1246 221 1247
f 221 220 1248
f 1249 221 1246
f 221 1248 1247
f 1247 1248 1250
f 1249 1245 221
f 1249 1251 1252
f 1245 1249 1252
f 1253 1254 240
f 240 223 1253
f 1254 1253 1255
f 1256 1253 223
f 223 241 1256
f 1253 1256 1257
f 244 1258 242
f 1259 1258 1260
f 1258 244 1260
f 244 1261 1260
f 1262 1261 244
f 244 247 1262
f 1263 248 1264
f 248 1265 1264
f 1265 248 1266
f 1265 1266 1267
f 1252 1265 1267
f 1265 1252 1251
f 1268 1248 220
f 1248 1268 1269
f 253 1254 1270
f 253 240 1254
f 1271 253 1270
f 1272 1256 241
f 1273 253 1271
f 1273 1271 1274
f 1274 1271 1275
f 1263 1276 249
f 249 248 1263
f 1276 1263 1277
f 1278 248 1279
f 248 250 1280
f 1266 248 1278
f 248 1280 1279
f 1281 249 1282
f 249 1276 1282
f 1283 1284 1285
f 1284 266 1285
f 1286 1287 242
f 1287 1286 1288
f 1289 241 1290
f 241 242 1287
f 1272 241 1289
f 1290 241 1291
f 241 1287 1291
f 1285 266 1292
f 266 253 1292
f 253 1273 1292
f 1281 1293 256
f 256 249 1281
f 1293 1294 274
f 274 256 1293
f 1295 1296 1294
f 1297 1295 1294
f 1296 274 1294
f 1298 1299 280
f 1300 1299 1301
f 1302 280 1300
f 280 1299 1300
f 1303 266 1284
f 1304 1305 265
f 265 264 1304
f 264 1306 1307
f 264 266 1306
f 1307 1306 1308
f 1304 264 1309
f 264 1307 1309
f 276 1298 280
f 276 274 1296
f 1298 276 1310
f 276 1296 1310
f 1311 266 1312
f 266 1303 1312
f 1313 1314 1315
f 1314 265 1315
f 265 1305 1315
f 1311 1306 266
f 1306 1311 1316
f 1316 1311 1317
f 300 1318 1319
f 1319 1318 1320
f 1320 1318 1321
f 1321 1318 1322
f 1323 300 1319
f 1323 1324 298
f 298 300 1323
f 1325 1324 1326
f 1327 298 1325
f 298 1324 1325
f 1318 300 1328
f 1318 1328 1329
f 1330 1328 300
f 300 299 1330
f 1328 1330 1331
f 1330 299 1332
f 1330 1332 1333
f 1333 1332 1334
f 285 1335 307
f 285 303 1336
f 1335 285 1337
f 285 1336 1337
f 1338 1339 287
f 287 293 1338
f 1339 1338 1340
f 1339 1340 1341
f 1342 287 1339
f 1342 1343 287
f 287 1344 288
f 1344 287 1343
f 1344 1343 1345
f 1344 1345 1346
f 1347 1332 299
f 299 314 1347
f 321 1347 314
f 1347 321 1348
f 1349 331 1350
f 1348 321 1351
f 1352 1350 331
f 1353 1338 293
f 293 318 1353
f 323 1351 321
f 1351 323 1354
f 323 331 1349
f 323 1349 1354
f 1355 307 1335
f 1336 303 1356
f 303 1357 1356
f 1358 1357 1359
f 1357 303 1360
f 1359 1357 1360
f 303 1361 1362
f 303 282 1361
f 1360 303 1362
f 1355 1363 307
f 1363 1364 307
f 1365 308 1366
f 308 307 1364
f 1367 308 1365
f 308 1364 1366
f 318 351 1368
f 1353 318 1369
f 1369 318 1370
f 318 1368 1370
f 1368 351 1371
f 1372 1373 350
f 1373 1371 351
f 351 350 1373
f 1374 351 1375
f 1376 351 1374
f 351 318 1375
f 1375 318 1377
f 318 1367 1378
f 318 308 1367
f 1378 1367 1379
f 1377 318 1378
f 1380 350 1381
f 1372 350 1380
f 350 359 1381
f 1381 359 1382
f 359 1383 1382
f 1384 359 1385
f 1383 359 1386
f 359 1384 1386
f 359 358 1385
f 358 1387 1385
f 362 1387 358
f 1388 1387 1389
f 1387 362 1389
f 362 1390 1389
f 1390 362 1391
f 362 1392 1391
f 350 352 1393
f 359 350 1394
f 350 1393 1394
f 1395 1396 1397
f 1396 359 1394
f 352 359 1395
f 359 1396 1395
f 1398 352 1395
f 1393 352 1398
f 351 1399 352
f 1400 1399 1401
f 1399 351 1401
f 351 1376 1401
f 1402 1403 370
f 1404 370 1403
f 1404 1403 1405
f 369 1402 370
f 1402 369 1406
f 1402 1406 1407
f 1406 369 1408
f 366 352 1409
f 1410 366 1411
f 366 1409 1411
f 1409 352 1412
f 1412 352 1399
f 370 1413 371
f 1413 370 1414
f 370 1404 1414
f 369 1415 1416
f 369 376 1415
f 1416 1415 1417
f 1408 369 1418
f 369 1416 1418
f 387 366 1419
f 1420 387 1419
f 1419 366 1421
f 1421 366 1410
f 387 1415 376
f 1415 387 1420
f 493 1422 516
f 1422 493 1423
f 493 1424 1423
f 1422 1425 544
f 544 516 1422
f 1425 1422 1426
f 1427 544 1425
f 1428 1429 1430
f 1424 493 1428
f 493 1429 1428
f 1361 282 1431
f 1361 1431 1432
f 1432 1431 1433
f 1361 1432 1434
f 1435 1431 282
f 282 521 1435
f 1436 1437 247
f 247 543 1436
f 1438 1436 1439
f 1439 1436 1440
f 1440 543 1441
f 1436 543 1440
f 1442 362 1443
f 1392 362 1442
f 1444 247 1445
f 247 1437 1445
f 525 1443 362
f 1443 525 1446
f 1443 1446 1447
f 1443 1447 1448
f 525 1449 1450
f 1446 525 1451
f 525 1450 1451
f 1452 1449 525
f 525 527 1452
f 1449 1452 1453
f 543 1344 1454
f 543 288 1344
f 1441 543 1454
f 1455 546 1456
f 1455 1457 546
f 1302 1456 546
f 546 280 1302
f 1456 1302 1458
f 546 1459 238
f 1460 1461 1462
f 546 1457 1461
f 1459 546 1460
f 546 1461 1460
f 1463 1464 250
f 250 551 1463
f 1464 1463 1465
f 250 1464 1466
f 1280 250 1466
f 1211 1467 530
f 530 165 1211
f 1467 1211 1468
f 1469 1468 1470
f 1467 1468 1469
f 1286 242 1471
f 242 1258 1471
f 1463 551 1472
f 551 1473 1472
f 555 1474 1475
f 1476 555 1475
f 1477 1474 555
f 555 371 1477
f 1474 1477 1478
f 331 1476 1479
f 331 555 1476
f 1479 1476 1480
f 1352 331 1479
f 1479 1480 1481
f 1479 1481 1482
f 1477 371 1413
f 1477 1413 1483
f 1268 220 1484
f 146 1485 554
f 1485 146 1486
f 1204 1486 146
f 1486 1204 1487
f 551 1488 1489
f 551 530 1488
f 1473 551 1489
f 220 1485 1490
f 220 554 1485
f 1484 220 1491
f 220 1490 1491
f 1262 247 1492
f 247 1444 1492
f 194 1429 493
f 1429 194 1243
f 1429 1243 1493
f 1494 1495 1496
f 1495 564 1496
f 1150 105 1497
f 564 1495 1498
f 105 564 1497
f 564 1498 1497
f 1499 564 1500
f 564 544 1427
f 1496 564 1499
f 564 1427 1500
f 1500 1427 1501
f 521 1314 1502
f 521 265 1314
f 1503 521 1502
f 521 1503 1504
f 1435 521 1504
f 1505 530 1467
f 1505 1488 530
f 1232 238 1506
f 1506 238 1459
f 1507 1508 1509
f 1510 1511 1507
f 1511 565 1507
f 565 1508 1507
f 298 1508 565
f 1508 298 1327
f 1511 1452 527
f 527 565 1511
f 572 1384 573
f 1384 572 1386
f 1380 572 1372
f 1375 1512 1374
f 574 1368 1371
f 1372 572 1373
f 1373 574 1371
f 572 574 1373
f 1381 572 1380
f 1393 1513 1394
f 1512 1401 1376
f 1374 1512 1376
f 1381 1382 572
f 1394 1513 1396
f 1386 572 1382
f 1386 1382 1383
f 1384 1385 577
f 577 573 1384
f 1369 574 1353
f 574 575 1338
f 575 1340 1338
f 574 1338 1353
f 1378 1512 1375
f 1378 1375 1377
f 1368 574 1370
f 1370 574 1369
f 1341 575 1339
f 575 578 1339
f 1339 578 1342
f 578 1345 1342
f 1342 1345 1343
f 1341 1340 575
f 584 1401 1512
f 1393 1398 1513
f 1401 584 1400
f 1400 584 1399
f 1395 1513 1398
f 584 583 1409
f 1399 584 1412
f 584 1409 1412
f 1395 1397 1513
f 1409 583 1411
f 1396 1513 1397
f 1512 1379 584
f 1379 1512 1378
f 1346 1345 578
f 578 582 1346
f 1419 1411 583
f 583 587 1419
f 1411 1419 1410
f 1410 1419 1421
f 591 1379 1367
f 591 584 1379
f 1365 591 1367
f 1388 598 1387
f 598 577 1387
f 577 1385 1387
f 1389 598 1388
f 1391 598 1389
f 1391 1389 1390
f 1419 587 1417
f 1419 1417 1415
f 1419 1415 1420
f 1416 1417 587
f 587 602 1416
f 1418 1416 602
f 602 617 1418
f 1356 1358 631
f 1358 1356 1357
f 1359 631 1358
f 1440 634 1439
f 1438 1439 634
f 634 633 1438
f 1436 1445 1437
f 1438 633 1436
f 633 1445 1436
f 630 1356 631
f 1356 630 1337
f 1356 1337 1336
f 1337 630 1335
f 1335 630 1355
f 1355 630 1363
f 630 1366 1363
f 1363 1366 1364
f 1454 634 1441
f 634 1440 1441
f 631 1362 632
f 1362 631 1359
f 1362 1359 1360
f 633 1492 1444
f 633 637 1492
f 1445 633 1444
f 1365 1366 630
f 630 591 1365
f 1454 1346 582
f 582 634 1454
f 1346 1454 1344
f 1321 1514 1320
f 741 743 1323
f 1319 741 1323
f 1323 743 1324
f 743 1326 1324
f 1319 1320 1514
f 1514 741 1319
f 1325 1326 743
f 1315 749 1313
f 1316 1317 1514
f 1312 1514 1317
f 1312 1317 1311
f 1502 1313 749
f 1313 1502 1314
f 1318 1307 1322
f 1307 1308 1322
f 1329 1307 1318
f 1514 1308 1306
f 1514 1322 1308
f 1316 1514 1306
f 1322 1514 1321
f 1283 1292 739
f 739 741 1283
f 1292 1283 1285
f 741 1312 1303
f 741 1514 1312
f 1284 1283 1303
f 1283 741 1303
f 1329 1331 746
f 746 1307 1329
f 1331 1329 1328
f 1307 746 1309
f 746 749 1304
f 1304 749 1305
f 1309 746 1304
f 1305 749 1315
f 1274 739 1292
f 1274 1292 1273
f 1333 746 1330
f 746 1331 1330
f 1479 1482 764
f 1481 764 1482
f 1333 1334 747
f 747 746 1333
f 739 1270 750
f 1270 739 1271
f 1289 1290 1120
f 1271 739 1275
f 1291 1120 1290
f 1274 1275 739
f 1347 1334 1332
f 747 1334 1347
f 753 747 1348
f 747 1347 1348
f 1354 753 1351
f 753 1348 1351
f 764 1354 1350
f 764 753 1354
f 1479 764 1350
f 1350 1354 1349
f 1479 1350 1352
f 755 1257 771
f 755 750 1255
f 1257 755 1253
f 755 1255 1253
f 1255 750 1270
f 1255 1270 1254
f 1272 1257 1256
f 1289 1120 1272
f 1120 771 1272
f 771 1257 1272
f 881 1217 887
f 881 882 1214
f 1217 881 1212
f 881 1214 1212
f 1226 1223 884
f 884 887 1226
f 1223 1226 1222
f 884 1224 903
f 1224 884 1223
f 1216 887 1217
f 1213 1214 882
f 1226 887 1216
f 901 1295 905
f 1295 901 1296
f 901 1310 1296
f 901 1301 1298
f 901 902 1301
f 1298 1301 1299
f 1310 901 1298
f 1224 1225 909
f 909 903 1224
f 1295 1297 910
f 910 905 1295
f 1239 1241 1221
f 1241 909 1225
f 1241 1225 1221
f 1215 1213 1243
f 1220 1215 1243
f 1213 882 1243
f 882 1493 1243
f 1282 910 1281
f 1281 910 1293
f 1293 910 1294
f 910 1297 1294
f 1301 902 1300
f 1266 1241 1267
f 909 1241 1266
f 1241 1242 1267
f 1278 909 1266
f 1278 1279 909
f 1279 1466 904
f 904 909 1279
f 1466 1279 1280
f 911 1282 1276
f 911 910 1282
f 911 1276 1277
f 1267 1242 1240
f 1245 1267 1244
f 1267 1240 1244
f 1267 1245 1252
f 1264 911 1277
f 1264 1277 1263
f 1249 1264 1251
f 1246 912 1249
f 1251 1264 1265
f 912 911 1249
f 911 1264 1249
f 1246 1247 912
f 1250 912 1247
f 912 1269 913
f 1269 912 1248
f 912 1250 1248
f 1498 1494 994
f 994 993 1498
f 1494 1498 1495
f 994 1494 1496
f 1499 994 1496
f 994 1500 995
f 1500 994 1499
f 1498 993 1497
f 993 1151 1150
f 993 998 1151
f 1497 993 1150
f 1151 998 1148
f 1151 1148 1149
f 1198 1199 1203
f 1199 1206 1203
f 1200 1201 1018
f 1018 1016 1200
f 1202 1200 1016
f 1016 1017 1202
f 1176 1201 1177
f 1018 1201 1176
f 1179 1018 1175
f 1018 1176 1175
f 1202 1017 1205
f 1202 1206 1199
f 1206 1202 1205
f 1020 1179 1178
f 1020 1018 1179
f 1207 1020 1178
f 1208 1020 1207
f 1045 1191 1190
f 1045 1048 1191
f 1209 1219 1210
f 1219 1045 1210
f 1045 1190 1210
f 1045 1219 1218
f 1238 1045 1218
f 1045 1236 1038
f 1236 1045 1238
f 1236 1238 1237
f 1181 1515 1180
f 1193 1194 1046
f 1193 1046 1195
f 1046 1197 1195
f 1046 1163 1049
f 1163 1046 1162
f 1183 1180 1515
f 1162 1046 1186
f 1046 1194 1186
f 1468 1197 1046
f 1046 1050 1468
f 1196 1197 1211
f 1197 1468 1211
f 1192 1191 1048
f 1182 1515 1181
f 1187 1515 1182
f 1192 1048 1189
f 1145 1044 1147
f 1044 1052 1154
f 1146 1044 1145
f 1044 1154 1147
f 1044 1148 998
f 1148 1044 1144
f 1044 1146 1144
f 1052 1155 1152
f 1052 1054 1155
f 1154 1052 1153
f 1052 1152 1153
f 1049 1167 1054
f 1167 1049 1158
f 1184 1183 1515
f 1158 1049 1159
f 1049 1163 1159
f 1515 1056 1168
f 1056 1054 1167
f 1168 1056 1167
f 1184 1515 1168
f 1156 1054 1161
f 1054 1056 1170
f 1157 1054 1156
f 1054 1170 1161
f 1157 1155 1054
f 1189 1048 1188
f 1056 1515 1164
f 1166 1056 1164
f 1515 1187 1185
f 1515 1185 1164
f 1055 1188 1048
f 1172 1055 1171
f 1188 1055 1172
f 1055 1056 1171
f 1056 1166 1171
f 1169 1174 1173
f 1056 1020 1169
f 1169 1020 1174
f 1020 1208 1174
f 1170 1056 1169
f 1475 1478 1058
f 1058 1067 1475
f 1478 1475 1474
f 1058 1478 1477
f 1483 1058 1477
f 1058 1414 1060
f 1414 1058 1413
f 1058 1483 1413
f 1507 1063 1510
f 1509 1063 1507
f 764 1475 1067
f 1475 764 1476
f 764 1480 1476
f 1481 1480 764
f 1068 1472 1473
f 1068 1072 1472
f 1489 1068 1473
f 1068 1469 1050
f 1469 1068 1489
f 1469 1489 1467
f 1467 1489 1488
f 1467 1488 1505
f 1502 749 1504
f 1502 1504 1503
f 632 1432 642
f 1432 632 1434
f 1432 1433 1139
f 1139 642 1432
f 1139 1504 749
f 1139 1433 1431
f 1504 1139 1435
f 1139 1431 1435
f 1434 632 1362
f 1434 1362 1361
f 1453 1510 1063
f 1063 1080 1453
f 1510 1453 1452
f 1510 1452 1511
f 1327 743 1508
f 743 1063 1509
f 1325 743 1327
f 743 1509 1508
f 1408 617 1406
f 1418 617 1408
f 617 1060 1406
f 1060 1407 1406
f 1138 1461 1136
f 1461 1138 1462
f 1458 1136 1456
f 1456 1136 1455
f 1136 1461 1455
f 1455 1461 1457
f 1462 1138 1460
f 1465 1472 1072
f 1472 1465 1463
f 1466 1465 1072
f 1072 904 1466
f 1465 1466 1464
f 1471 1119 1286
f 1119 1288 1286
f 1120 1288 1119
f 1288 1120 1287
f 1120 1291 1287
f 1118 1471 1258
f 1118 1119 1471
f 1259 1118 1258
f 1259 1260 637
f 637 1118 1259
f 1492 637 1260
f 1492 1260 1261
f 1492 1261 1262
f 1470 1468 1050
f 1234 1140 1233
f 1229 1233 1140
f 1233 1229 1228
f 1233 1228 1231
f 1228 1230 1231
f 1470 1050 1469
f 1235 1140 1234
f 1402 1407 1405
f 1407 1060 1405
f 1403 1402 1405
f 1060 1414 1404
f 1405 1060 1404
f 1487 1205 1017
f 1017 1132 1487
f 1205 1487 1204
f 1487 1132 1485
f 1132 1490 1485
f 1487 1485 1486
f 995 1501 986
f 1501 995 1500
f 1136 1300 902
f 1300 1136 1302
f 1136 1458 1302
f 1450 1453 1080
f 1453 1450 1449
f 1450 1080 1451
f 1080 1447 1446
f 1080 1130 1447
f 1451 1080 1446
f 1229 1140 1227
f 1140 1038 1227
f 1038 1236 1227
f 1428 1143 1423
f 1428 1423 1424
f 1143 1426 1422
f 1423 1143 1422
f 1130 1391 1392
f 1130 598 1391
f 1442 1448 1392
f 1448 1130 1392
f 1448 1442 1443
f 1448 1447 1130
f 882 1430 1429
f 882 1143 1430
f 1493 882 1429
f 1138 1235 1232
f 1138 1140 1235
f 1459 1460 1506
f 1460 1138 1506
f 1138 1232 1506
f 913 1490 1132
f 1490 913 1491
f 1269 1491 913
f 1491 1269 1268
f 1491 1268 1484
f 1428 1430 1143
f 1143 1501 1425
f 1143 986 1501
f 1425 1501 1427
f 1426 1143 1425
