v -15.75 -6.75 -0.75
v -15.75 -5.25 -0.75
v -14.4375 -6.75 -0.75
v -15.75 -5.5245434253073444 0.61469161576571496
v -14.308570617804181 -6.75 0.72559557591492418
v -15.75 -6.75 0.5625
v -15.75 -5.6398921455908244 3.574611772575166
v -15.75 -5.1665148562084138 2.01126154141848
v -15.75 -6.75 1.875
v -15.75 -6.75 3.5625
v -14.4375 -6.75 1.875
v -15.75 -6.75 5.25
v -15.75 -5.25 5.25
v -14.4375 -6.75 5.25
v -15.75 -3.75 -0.75
v -14.25 -3.75 -0.75
v -15.75 -4.5 0.5625
v -15.75 -3.75 3.5625
v -15.75 -3.75 1.875
v -15.75 -3.75 5.25
v -14.197272917030279 -4.7640947615855938 5.25
v -14.70094917344365 -3.75 0.6208205580013163
v -15.75 -3.75 0.5625
v -14.25 -3.75 3.5625
v -14.20273860260103 -3.75 1.940865569108662
v -14.25 -3.75 5.25
v -13.5 -5.25 -0.75
v -13.125 -6.75 -0.75
v -12.209463981676571 -6.024404424085076 -0.75
v -11.4375 -6.75 -0.75
v -12.209463981676571 -6.75 -0.012202212042537909
v -12.9314727967656 -6.75 0.67117238296755266
v -11.396298246099359 -6.75 0.78972086152718834
v -11.4375 -6.75 1.875
v -12.997302856428551 -6.75 1.8147224830501449
v -12.077995695386671 -6.75 3.774404424085076
v -13.27965910885006 -6.75 3.6962663436255871
v -11.414707603090861 -6.75 5.25
v -13.125 -6.75 5.25
v -11.5350158533145 -5.3844802050798926 5.25
v -13.013650919192351 -5.2402164673481257 5.25
v -12.75 -3.75 -0.75
v -11.353463204998389 -5.1862611420757476 -0.75
v -13.671039011371001 -3.75 0.55581079484494478
v -11.151150936420819 -3.169949144071635 -0.75
v -12.75 -3.75 0.5625
v -12.75 -3.75 1.875
v -12.75 -3.75 3.5625
v -12.75 -2.3117029458755449 2.106934615329755
v -12.75 -3.75 5.25
v -12.021963981676571 -3.024404424085076 5.25
v -12.75 -2.25 5.25
v -11.657945972514851 -4.1616066361276136 5.25
v -12.75 -0.75 3.5625
v -12.75 -2.25 3.5625
v -12.75 -0.75 5.25
v -11.37801558928475 -2.2012661702879841 5.25
v -11.25 -0.75 5.25
v -12 -0.75 4.40625
v -9.75 -5.25 -0.75
v -9.75 -5.25 0.5625
v -9.75 -6.75 -0.75
v -9.75 -6.75 0.5625
v -9.75 -6.75 1.875
v -9.75 -5.3617361572564333 2.163365273363413
v -9.75 -6.75 3.5625
v -10.77695446905917 -6.75 2.9685159325185739
v -10.88757106489853 -6.75 4.3019682987413486
v -9.75 -6.75 5.25
v -9.75 -3.75 -0.75
v -8.2732820173978929 -3.75 -0.75
v -8.6681103897424752 -3.75 0.47590904685272373
v -9.75 -3.75 0.5625
v -9.75 1.875 5.25
v -8.4255587929331472 3.388663030565453 5.25
v -9.75 3.5625 5.25
v -8.25 2.0625 5.25
v -9.75 2.4229189244645202 3.747136625577471
v -8.25 5.25 -0.75
v -8.4749076513675146 3.5371822836189222 -0.75
v -9.75 5.25 -0.75
v -8.1965811743757691 5.25 0.5945980992413975
v -9.75 5.25 0.50612787758337352
v -8.5338391590243337 5.25 2.1291662520895969
v -9.75 5.25 1.879169041847196
v -9.75 5.25 3.5625
v -9.75 4.1516911276319108 2.9205138411592562
v -9.75 3.569528242465033 1.7097967736435851
v -9.75 5.25 5.25
v -8.25 5.25 3.5625
v -8.25 5.25 5.25
v -9.75 4.2076802096086627 4.1799163996653137
v -6.75 -3.75 -0.75
v -7.8041306789740599 -3.75 0.70075170435570522
v -5.25 -6.75 -0.75
v -5.25 -6.75 0.5625
v -6.75 -6.75 -0.75
v -6.75 -6.75 0.5625
v -6.75 -5.25 0.5625
v -6.7465741702134094 -4.9015109734487341 -0.75
v -5.962960573200851 -5.8833412184259357 -0.75
v -6.75 -6.75 1.875
v -5.25 -6.75 3.5625
v -6.75 -6.7473612533356446 3.6289945391678651
v -5.25 -6.75 1.875
v -6.75 -5.25 3.5625
v -6.75 -5.25 1.875
v -6.75 -6.75 5.25
v -5.25 -6.75 5.25
v -6.75 -6 4.40625
v -6.75 -3.75 0.5625
v -5.1745867764463851 -3.7429551957428391 -0.75
v -6.75 2.25 3.5625
v -5.25 2.25 5.25
v -6.75 2.25 5.25
v -6.9574610547165952 3.9541136175201181 5.25
v -6.75 5.25 -0.75
v -5.25 6.75 -0.75
v -5.3808541446420044 5.2529963133680821 -0.75
v -6.75 6.75 -0.75
v -6.75 5.25 0.5625
v -6.75 6.75 0.5625
v -6.8634429757637454 3.9354272433884989 -0.75
v -6.75 5.25 3.5625
v -6.75 6.5355317710818452 3.5618399180546829
v -6.75 5.25 1.875
v -6.75 6.75 1.875
v -6.7478451068113454 5.2387583639184774 5.25
v -6.75 6.75 5.25
v -5.25 3.75 5.25
v -5.25 5.25 5.25
v -5.25 8.25 -0.75
v -6.75 8.25 -0.75
v -5.25 8.25 0.5625
v -6.75 8.25 0.5625
v -6.75 8.25 3.5625
v -5.5444069510404619 8.25 3.2157191975912651
v -6.75 8.25 1.875
v -5.1782830727076092 8.25 1.815803423297643
v -5.25 8.25 5.25
v -6.75 8.25 5.25
v -6.75 7.5 4.40625
v -6 7.5 5.25
v -3.75 2.25 5.25
v -4.7861492664757987 2.25 3.6557558057946609
v -5.1228176798680334 -5.2141985489743519 -0.75
v -3.75 -6.75 -0.75
v -3.75 -5.25 -0.75
v -3.75 -6.75 0.5625
v -3.75 -5.2089766350633298 0.62234994006391031
v -3.75 -6.75 3.5625
v -3.75 -6.75 1.875
v -3.75 -5.1586274738032092 1.924762124759736
v -3.75 -6 2.71875
v -3.75 -5.25 3.5625
v -3.75 -6.75 5.25
v -4.5245700684809247 -5.9649848028783321 5.25
v -2.2783084636322721 -3.74697343450767 -0.75
v -2.227477037634856 -3.75 0.66461331349600594
v -3.75 -3.75 -0.75
v -3.75 -3.75 0.5625
v -10.885981990838291 -3.387202212042538 5.25
v 5.25 5.25 3.5625
v 5.25 5.25 5.25
v 5.25 3.5625 3.5625
v 5.25 3.5625 5.25
v 5.25 4.4045070788011866 2.741676457633393
v 5.25 1.875 3.5625
v 5.25 3.5625 1.875
v -2.0811011820702219 2.071073488309366 5.25
v -2.25 3.75 5.25
v -3.6550304826072191 3.6662714497676778 5.25
v -3.75 2.25 3.5625
v -3.75 5.25 -0.75
v -2.25 5.25 0.5625
v -2.277621840669402 5.25 -0.75
v -3.75 5.25 0.5625
v -3.75 6.75 -0.75
v -3.75 6.6815429481018844 0.6774036411059704
v -3.002403427120909 4.4218775223367386 -0.75
v -4.5484494760506307 4.4044943877663414 -0.75
v -3.75 5.25 1.875
v -3.75 6.75 3.5625
v -3.75 5.25 3.5625
v -3.75 6.75 1.875
v -2.334521431928545 5.25 2.1129475792701169
v -3.75 5.25 5.25
v -3.75 6.75 5.25
v -5.0365593109772524 6.906662835902015 5.25
v -2.25 5.25 5.25
v -3 4.5 5.25
v -3.75 8.25 -0.75
v -3.75 8.25 0.5625
v -3.75 8.25 1.875
v -3.75 8.25 3.5625
v -3.75 7.4968174677932238 2.7737807492512752
v -3.75 8.25 5.25
v -0.75 -6.75 -0.75
v -0.75 -5.2462408492735211 0.54140364875043179
v -0.75 -5.25 -0.75
v -0.75 -6.75 0.5625
v 0.75 -6.75 -0.75
v 0.68544861661162715 -6.75 0.55030161519113929
v 0.0046421444137436652 -5.9798007009348382 -0.75
v -0.75 -5.1898538857085352 1.8220569704324121
v -0.75 -6.75 1.875
v 0.75 -6.75 1.875
v -0.75 -6.75 3.5625
v -0.75 -6 2.71875
v 0.091121540800069845 -6.75 2.7027898512150972
v -0.75 -6.75 5.25
v -0.75 -5.25 3.5625
v 0.01051709282154034 -6.75 4.4556696342608397
v 0.75 -6.75 5.25
v -0.75 -3.75 -0.75
v -0.75 -3.75 0.5625
v 0.61720943810803863 -3.910222259762048 -0.75
v 0.57102639579555692 2.25 3.4545714840828179
v 0.75 2.25 5.25
v -0.75 2.25 5.25
v 0 3.75 5.25
v -0.75 3.75 5.25
v -0.75 2.25 3.5625
v -0.75 5.25 -0.75
v 0.75369036332197115 6.3746084506192284 -0.75
v 0.71977882852061015 5.0369527129630729 -0.75
v -0.75 6.75 -0.75
v -0.75 6.5629804593863401 0.6152931271974289
v -0.75 5.25 0.5625
v -0.90150600634583067 3.7174811958566552 -0.75
v -1.5 4.5 -0.75
v -0.75 5.25 1.875
v -2.071551657844044 5.25 3.5564811861085568
v -0.75 5.25 3.5625
v -0.75 6.6347563766076112 2.2020505471918481
v 0.53689830364237945 5.9973741059012244 5.25
v -0.75 6.75 5.25
v -0.75 5.25 5.25
v 0.9375 4.3125 5.25
v -1.5 4.5 5.25
v 0.75 8.25 5.25
v -0.75 8.25 5.25
v -0.75 6.9427865328311427 3.5401120696778792
v -0.75 8.25 -0.75
v -0.75 8.25 0.5625
v 0.68087889073132934 8.25 0.48784954292201882
v 0.75 8.25 -0.75
v -0.75 8.25 1.875
v 0.75 8.25 1.875
v -0.75 8.25 3.5625
v 0.76033801000709711 8.25 3.664169895188206
v 2.25 2.25 5.25
v 1.6015590451319051 3.080017438183789 5.25
v 2.625 3.375 5.25
v 3.75 2.0625 5.25
v 3.75 5.25 5.25
v 2.25 5.25 5.25
v 2.25 6.75 5.25
v 2.25 8.25 5.25
v 0.86576659737785722 -5.3680721005647101 -0.75
v 2.25 -6.75 -0.75
v 2.25 -5.25 -0.75
v 2.25 -6.75 0.5625
v 2.25 -5.2118143130103904 0.51709701611395764
v 2.25 -6.75 3.3725971331891968
v 0.75 -6.75 3.5625
v 2.25 -6.75 1.875
v 2.25 -5.25 3.5625
v 2.25 -5.2681625145020456 1.8267890066080059
v 2.25 -6.75 5.25
v -9.75 -5.25 3.5625
v 3.75 -3.75 -0.75
v 3.75 -3.75 0.5625
v 2.25 -3.75 -0.75
v 2.25 -3.75 0.5625
v 0.73490277236051327 -2.9142415362657892 -0.75
v 1.4754433320844731 -4.537973642802978 -0.75
v 2.25 0.75 -0.75
v 2.25 2.25 -0.75
v 3.5741422789760859 1.1408960588347841 -0.75
v 3.857736415684299 0.23071342559459951 -0.75
v 3.5953621652348531 3.7430246845520849 -0.75
v 3.75 2.0625 -0.75
v 2.25 2.25 3.5625
v 3.75 5.25 -0.75
v 2.25 5.25 -0.75
v 2.25 6.75 -0.75
v 3.7680215696323049 5.25 0.52813010251616532
v 2.25 5.25 0.5625
v 2.25 6.75 0.5625
v 3.75 5.25 1.875
v 2.25 5.25 1.875
v 2.25 6.75 1.875
v 2.25 5.25 3.5625
v 3.3851455003419408 5.25 3.511457941603616
v 2.25 6.9109495440654074 3.547775737494995
v 2.25 8.25 -0.75
v 2.25 8.25 0.5625
v 2.25 8.25 1.875
v 2.25 8.25 3.5625
v -11.25 -0.75 3.5625
v 5.25 -5.25 -0.75
v 6.75 -5.25 -0.75
v 5.25 -6.75 -0.75
v 6.5625 -6.75 -0.75
v 5.25 -5.1022308085816146 0.56323037055618519
v 5.25 -6.75 0.5625
v 6.5625 -6.75 0.5625
v 5.25 -6.75 1.875
v 5.25 -5.25 1.875
v 5.25 -5.9064037299701209 3.4282432236574358
v 6.5318913340371783 -6.75 1.8932116620590049
v 5.25 -6.75 3.5625
v 6.198771501704571 -6.75 3.643363185630434
v 5.25 -6.75 5.25
v 6.5625 -6.75 5.25
v 11.25 -5.25 1.875
v 11.25 -3.75 3.5625
v 11.25 -5.25 3.5625
v 11.25 -4.5112917264373023 4.4024785002764677
v 11.25 -5.25 5.25
v 11.25 -6.75 3.5625
v 5.25 -3.75 -0.75
v 5.25 -3.75 0.5625
v 6.7580571603242046 -3.696191543585007 -0.75
v 5.9827021049041411 -4.4363565001874763 -0.75
v 6 -3 -0.75
v 4.4730957628286347 -3.0249315154372498 -0.75
v 5.25 1.875 5.25
v 5.25 5.25 -0.75
v 5.25 5.25 0.5625
v 4.5 4.5 -0.75
v 5.25 5.25 1.875
v 5.25 4.3966103540441086 1.223304296826502
v 9.5625 -6.75 -0.75
v 9.5625 -6.75 0.5625
v 7.875 -6.75 -0.75
v 8.0436413023881723 -6.75 0.71014780926531218
v 8.0625 -5.25 -0.75
v 7.8910703115417302 -6.75 2.0547932458650711
v 9.4529377464909725 -6.75 1.7199581892618769
v 9.0245028857706551 -6.75 3.774404424085076
v 7.5000074919112336 -6.75 3.8312236067197349
v 8.0625 -5.25 5.25
v 6.75 -5.25 5.25
v 7.875 -6.75 5.25
v 9.5625 -6.75 5.25
v 9.7525509773733976 -3.75 3.6186094836382292
v 9.7205280465595898 -3.75 2.0704957484948521
v 10.48773385088521 -3.75 4.4071182472966166
v 8.25 -3.75 3.5625
v 9.75 -3.75 5.25
v 8.25 -3.75 -0.75
v 9.7282355753294443 -3.75 0.55550090982521017
v 9.75 -3.75 -0.75
v 8.25 -3.75 0.60875210054539763
v 7.5 -3 -0.75
v 8.25 -3.75 1.8439555839290329
v 8.25 -2.25 1.875
v 8.25 -2.25 5.25
v 8.25 -3.75 5.25
v 6.6984176599699161 -2.682492756351087 5.25
v 9.6866517318461991 -5.2769665124659006 5.25
v 6.7267953284102662 -4.0001092559303846 5.25
v 6.9726417854925078 -0.75 3.8375966249063889
v 8.25 -0.75 5.25
v 8.25 -0.75 3.5625
v 6.75 -0.75 5.25
v 6.086723955343146 -0.75 4.5239955502801621
v 6.7274519620621183 -1.618303643727389 5.25
v 8.25 -1.928151116376551 3.1993796579257539
v 11.25 -6.75 -0.75
v 11.25 -6.75 0.5625
v 11.25 -5.25 -0.75
v 11.25 -5.3136328739071983 0.60533804362297716
v 11.25 -6.75 1.875
v 10.07519788349637 -6.75 3.2432258497932942
v 11.25 -6.75 5.25
v 11.25 -3.75 -0.75
v 11.25 -3.75 0.5625
v 11.25 -3.75 1.875
v 11.25 -3.75 5.25
v 5.25 3.5625 0.5625
v -9.75 3.5625 0.5625
v -14.4375 -6.75 3.5625
v -10.5 -1.5 5.25
v 9.75 -5.25 -0.75
v -2.044573869800399 3.6218489139558101 -0.75
v -8.1591229623448509 2.2599296983616441 -0.75
v -15.75 4.4120957323943655 -1.9362754526267221
v -15.75 3.7399853082006098 -0.59528045722588496
v -14.4375 4.4120957323943655 -1.9362754526267221
v -15.75 2.6429712222243573 -1.4522036706414241
v -14.308570617804181 3.0929182107026794 -2.5974508982711271
v -15.75 3.2387251114186331 -2.5243720737962576
v -15.75 0.048497195725958897 -2.8815871698406799
v -15.75 1.2340192125721956 -1.7578934611577788
v -15.75 2.0653544904429015 -3.1124686949657931
v -15.75 0.55673512061695973 -3.868592922183768
v -14.4375 2.0653544904429015 -3.1124686949657931
v -15.75 -0.95188424920898151 -4.6247171494017429
v -15.75 -1.6239946734027368 -3.2837221540009063
v -14.4375 -0.95188424920898151 -4.6247171494017429
v -15.75 3.067874884006855 0.7457145381749517
v -14.25 3.067874884006855 0.7457145381749517
v -15.75 2.2305594751280005 -0.51287958069500261
v -15.75 -0.78748572777055081 -1.1866029313820947
v -15.75 0.72113364205539066 -0.43047870416411982
v -15.75 -2.2961050975964925 -1.9427271586000696
v -14.197272917030279 -1.8417159906751865 -2.8493244920323937
v -14.70094917344365 1.842365878758623 0.131486013687095
v -15.75 1.8945042630311228 0.15761791700541572
v -14.25 -0.78748572777055081 -1.1866029313820947
v -14.20273860260103 0.66225004302609469 -0.45999132789304387
v -14.25 -2.2961050975964925 -1.9427271586000696
v -13.5 3.7399853082006098 -0.59528045722588496
v -13.125 4.4120957323943655 -1.9362754526267221
v -12.209463981676571 4.0869754988468374 -1.2875954286354543
v -11.4375 4.4120957323943655 -1.9362754526267221
v -12.209463981676571 3.7525069715485229 -2.2668631754489246
v -12.9314727967656 3.1415723636201189 -2.5730653014059026
v -11.396298246099359 3.0355904193128831 -2.6261837468807299
v -11.4375 2.0653544904429015 -3.1124686949657931
v -12.997302856428551 2.1192423894861978 -3.0854599299747845
v -12.077995695386671 0.36729327248270427 -3.9635417037573371
v -13.27965910885006 0.43714845571363914 -3.9285300914884624
v -11.414707603090861 -0.95188424920898151 -4.6247171494017429
v -13.125 -0.95188424920898151 -4.6247171494017429
v -11.5350158533145 -1.563737641614797 -3.4039470086626489
v -13.013650919192351 -1.62837841625658 -3.2749757084519038
v -12.75 3.067874884006855 0.7457145381749517
v -11.353463204998389 3.7114256076425471 -0.53829813089989331
v -13.671039011371001 1.9004843901218818 0.16061517334827125
v -12.75 1.1766388312341056 1.341252988884825
v -12.75 2.3957644598130994 2.0867095335757884
v -11.151150936420819 2.8079693994522126 1.2642780680935575
v -12.75 1.8945042630311228 0.15761791700541572
v -12.75 -0.13067809233236649 0.75143028169332227
v -12.75 0.72113364205539066 -0.43047870416411982
v -12.75 -0.78748572777055081 -1.1866029313820947
v -11.657945972514851 -2.1116750237240289 -2.3107021180140048
v -12.021963981676571 -2.6212253311440197 -1.2940471346088023
v -12.75 -2.2961050975964925 -1.9427271586000696
v -12.75 1.7236540356193444 3.427704528976625
v -11.11930343267216 2.1544154699673097 2.5682491376021517
v -12.75 0.55028341464361241 2.839607907807089
v -11.27553118743773 0.64357431660253472 2.886365567532946
v -11.25 1.7236540356193444 3.427704528976625
v -11.25 -0.62308720633211989 2.2515112866375535
v -12.75 -0.63734254004097846 2.2443664737046602
v -9.75 4.4120957323943655 -1.9362754526267221
v -9.75 2.5666146872248783 -1.1833770783954209
v -9.75 3.2387251114186331 -2.5243720737962576
v -9.75 2.0653544904429015 -3.1124686949657931
v -9.75 1.1855124979982596 -2.0005743221577763
v -9.75 0.55673512061695973 -3.868592922183768
v -10.77695446905917 1.0877548951772433 -3.6024443331442528
v -9.75 -0.95188424920898151 -4.6247171494017429
v -9.75 -1.6239946734027368 -3.2837221540009063
v -10.88757106489853 -0.10434707129618637 -4.1999291568136892
v -9.75 -0.78748572777055081 -1.1866029313820947
v -8.4172089140493771 -0.76855128553917973 -1.1771129362339807
v -9.75 -2.2961050975964925 -1.9427271586000696
v -8.25 -2.2961050975964925 -1.9427271586000696
v -10.885981990838291 -2.4586652143702556 -1.6183871466044364
v -9.75 -0.20866343393770193 7.2830651407540312
v -8.4749076513675146 -0.19731923320669942 7.2604311867793614
v -9.75 0.54746079328027264 5.7744457709280894
v -8.1591229623448509 0.37498395137986007 6.1185716369841678
v -9.75 -0.80427533823423847 5.4394332218290637
v -9.75 -0.9647876611556766 8.791684510579973
v -8.25 -0.9647876611556766 8.791684510579973
v -8.1965811743757691 -2.166853875761138 8.1892055780124711
v -9.75 -2.0877617927708627 8.2288467501505309
v -8.5338391590243337 -3.5387526844750985 7.501606076569117
v -9.75 -3.3152560126089456 7.6136232305846336
v -9.75 -4.8201482729330829 6.8593670410229262
v -9.75 -3.7540915607829985 6.1651396332196109
v -9.75 -2.4108627127268236 6.1871783307593997
v -9.75 -6.3287676427590238 6.1032428138049513
v -8.25 -4.8201482729330829 6.8593670410229262
v -8.25 -6.3287676427590238 6.1032428138049513
v -8.4255587929331472 -5.4947516560295755 4.4392137732940924
v -9.75 -4.9050804766424969 5.6508886271527476
v -5.25 4.4120957323943655 -1.9362754526267221
v -5.25 3.2387251114186331 -2.5243720737962576
v -6.75 4.4120957323943655 -1.9362754526267221
v -6.75 3.2387251114186331 -2.5243720737962576
v -6.75 2.5666146872248783 -1.1833770783954209
v -5.962960573200851 4.0237687981843733 -1.1614853934193836
v -6.75 2.0653544904429015 -3.1124686949657931
v -5.25 0.55673512061695973 -3.868592922183768
v -6.75 0.49610687169328527 -3.8960283400875353
v -5.25 2.0653544904429015 -3.1124686949657931
v -6.75 -0.1153753035767956 -2.5275979267829314
v -6.75 1.3932440662491457 -1.7714736995649565
v -6.75 -0.95188424920898151 -4.6247171494017429
v -5.25 -0.95188424920898151 -4.6247171494017429
v -6.75 -0.53362977639288867 -3.5761575380923372
v -6.75 -1.6239946734027368 -3.2837221540009063
v -6.75 -0.78748572777055081 -1.1866029313820947
v -6.75 -2.2961050975964925 -1.9427271586000696
v -5.2467537067847463 -2.2591204456687688 -2.0165189513716415
v -5.5852065909121462 -2.8345701266003918 -0.86838151077176517
v -7.509342519745541 -1.3389048998953044 -1.4629757552602012
v -5.25 0.37943318723183372 6.1096945197782988
v -5.3399200063861576 -0.74619256618273799 5.5455277591225336
v -6.75 0.37943318723183372 6.1096945197782988
v -6.75 -0.82743047224033894 5.5048110944904884
v -6.8634429757637445 -0.37576229243586956 7.6164608521091015
v -5.9895686576610636 0.034793083217343868 6.7973205973714999
v -6.75 -0.9647876611556766 8.791684510579973
v -5.25 -1.6368980853494319 10.132679505980809
v -5.3808541446420044 -0.9661302301215694 8.7943632047341396
v -6.75 -1.6368980853494319 10.132679505980809
v -6.75 -2.1381582821314087 8.2035878894104357
v -6.75 -2.8102687063251643 9.5445828848112733
v -6.75 -4.8201482729330829 6.8593670410229262
v -6.75 -5.3955710311938452 8.0089239206267919
v -6.75 -3.3115289031071411 7.6154912682409011
v -6.75 -3.9836393273008959 8.9564862636417377
v -6.7478451068113454 -6.3237305622287678 6.0931928286546579
v -6.75 -7.0008780669527795 7.4442378092057879
v -6.9574610547165943 -5.7481151452687147 4.9447247114625403
v -5.25 -6.3287676427590238 6.1032428138049513
v -5.25 -2.3090085095431867 11.473674501381645
v -6.75 -2.3090085095431867 11.473674501381645
v -5.25 -3.4823791305189191 10.885577880212109
v -6.75 -3.4823791305189191 10.885577880212109
v -6.75 -6.1643691213205924 9.5413570318245995
v -5.5444069510404619 -5.8543482409664591 9.6967403599640569
v -6.75 -4.6557497514946506 10.297481259042573
v -5.1782830727076092 -4.6028282094261694 10.324005683228066
v -5.25 -7.6729884911465343 8.7852328046066237
v -6.75 -7.6729884911465343 8.7852328046066237
v -6.75 -6.5826235941366855 8.4927974205151937
v -6 -7.3369332790496564 8.1147353069062049
v -3.75 4.4120957323943655 -1.9362754526267221
v -3.75 3.2387251114186331 -2.5243720737962576
v -3.75 2.4947275530180884 -1.1735195060819197
v -3.75 0.55673512061695973 -3.868592922183768
v -3.75 2.0653544904429015 -3.1124686949657931
v -3.75 1.3078152745124141 -1.7120840611876371
v -3.75 0.9749895934330528 -2.8200333108743632
v -3.75 -0.1153753035767956 -2.5275979267829314
v -3.75 -0.95188424920898151 -4.6247171494017429
v -3.75 -1.6239946734027368 -3.2837221540009063
v -4.5245700684809247 -1.3036288472996409 -3.9229161822992378
v -3.75 -0.78748572777055081 -1.1866029313820947
v -2.4312658436440562 -0.82095488200180122 -1.2033777646401771
v -3.75 -2.2961050975964925 -1.9427271586000696
v -2.25 -2.2961050975964925 -1.9427271586000696
v -4.5051039853992858 -1.9393447188555608 -2.654535613323544
v 5.25 -4.8201482729330829 6.8593670410229262
v 5.25 -6.3287676427590238 6.1032428138049513
v 5.25 -4.064024045715108 5.3507476711969844
v 5.25 -3.7074916940393772 6.4712885632054586
v 5.25 -2.5554046758891662 6.1068718984149593
v -3.75 0.37943318723183372 6.1096945197782988
v -3.75 -0.79393743374389836 5.5215978986087624
v -2.355949169853425 0.32046556414031069 6.2273467456774458
v -2.25 0.71548839932871133 5.4391970220778809
v -3.7731886505222678 -0.19569198901142204 7.2571845084901803
v -3.75 -0.9647876611556766 8.791684510579973
v -2.25 -2.1381582821314087 8.2035878894104357
v -2.277621840669402 -0.9647876611556766 8.791684510579973
v -3.75 -2.1381582821314087 8.2035878894104357
v -3.75 -1.6368980853494319 10.132679505980809
v -3.75 -2.8823183793159268 9.4318972188376673
v -3.002403427120909 -0.59372782799125134 8.0513457784963887
v -4.5484494760506307 -0.58593890402463333 8.0358053141875345
v -3.75 -3.3115289031071411 7.6154912682409011
v -3.75 -5.4922586971268377 8.2003620364237619
v -3.75 -4.8201482729330829 6.8593670410229262
v -3.75 -3.9836393273008959 8.9564862636417377
v -2.334521431928545 -3.524253245086455 7.5088732359481574
v -3.75 -6.3287676427590238 6.1032428138049513
v -3.75 -7.0008780669527795 7.4442378092057879
v -5.0365593109772524 -7.0710745503484462 7.584293861812391
v -2.25 -6.3287676427590238 6.1032428138049513
v -3 -5.9927124306621469 5.4327453161045325
v -3.6550304826072191 -5.6191406642894188 4.6873947738483057
v -3.75 -2.3090085095431867 11.473674501381645
v -3.75 -3.4823791305189191 10.885577880212109
v -3.75 -4.6557497514946506 10.297481259042573
v -3.75 -6.1643691213205924 9.5413570318245995
v -3.75 -5.1217755218224861 9.2214186477431923
v -3.75 -7.6729884911465343 8.7852328046066237
v -0.75 3.2387251114186331 -2.5243720737962576
v -0.75 2.5837903785965493 -1.1705636917964517
v -0.75 4.4120957323943655 -1.9362754526267221
v 0.75 4.4120957323943655 -1.9362754526267221
v 0.68544861661162715 3.2496304267390705 -2.5189062994040166
v 0.0046421444137436652 4.0669897473220855 -1.2477198489549788
v -0.75 1.4136250711167804 -1.6939808993526668
v -0.75 2.0653544904429015 -3.1124686949657931
v 0.75 2.0653544904429015 -3.1124686949657931
v -0.75 0.55673512061695973 -3.868592922183768
v -0.75 0.9749895934330528 -2.8200333108743632
v 0.091121540800069845 1.3253131252942023 -3.4833794869947701
v -0.75 -0.95188424920898151 -4.6247171494017429
v -0.75 -0.1153753035767956 -2.5275979267829314
v -0.75 -1.6239946734027368 -3.2837221540009063
v 0.75 -0.95188424920898151 -4.6247171494017429
v 0.75 -1.6239946734027368 -3.2837221540009063
v 0.010517092821540341 -0.24175555244156144 -4.2687986700237905
v -0.75 -0.78748572777055081 -1.1866029313820947
v -0.75 -2.2961050975964925 -1.9427271586000696
v 0.69963622446489548 -2.4608616684566709 -1.6140047805058244
v 0.12578638352459981 -0.21368433229498407 7.2930828392261358
v 0.75 0.37943318723183372 6.1096945197782988
v -0.75 0.37943318723183372 6.1096945197782988
v 0 -0.79393743374389836 5.5215978986087624
v -2.044573869800399 -0.23525611642722055 7.3361228718188416
v -0.90150600634583067 -0.27810641879721654 7.4216178127707044
v -0.75 -0.79393743374389836 5.5215978986087624
v -0.75 -0.9647876611556766 8.791684510579973
v 0.75369036332197092 -1.4686950363540578 9.7970807132905549
v 0.71977882852061015 -0.86932679284653147 8.601220946779808
v -0.75 -1.6368980853494319 10.132679505980809
v -0.75 -2.7736670640511267 9.3537328320644342
v -0.75 -2.1381582821314087 8.2035878894104357
v -1.5 -0.62873244905879921 8.1211870128795525
v -0.75 -3.3115289031071411 7.6154912682409011
v -2.071551657844044 -4.8147674733952996 6.8620639127280736
v -0.75 -4.8201482729330829 6.8593670410229262
v -0.75 -4.2243837982498897 8.7069161274904268
v 0.53689830364237956 -6.6636462609914915 6.7713927709420956
v -0.75 -7.0008780669527795 7.4442378092057879
v -0.75 -6.3287676427590238 6.1032428138049513
v 0.9375 -5.9086986276379267 5.2651209416794282
v -1.5 -5.9927124306621469 5.4327453161045325
v 0.75 -7.6729884911465343 8.7852328046066237
v -0.75 -7.6729884911465343 8.7852328046066237
v -0.75 -5.558626521020595 8.3827439944590036
v -0.75 -2.3090085095431867 11.473674501381645
v -0.75 -3.4823791305189191 10.885577880212109
v 0.68087889073132946 -3.4156418709549472 10.919026780460735
v 0.75 -2.3090085095431867 11.473674501381645
v -0.75 -4.6557497514946506 10.297481259042573
v 0.75 -4.6557497514946506 10.297481259042573
v -0.75 -6.1643691213205924 9.5413570318245995
v 0.76033801000709689 -6.2552616684074671 9.4958014342361459
v 1.309299202417078 0.72243557771375944 2.9258910511027612
v 2.2499999999999996 1.7236540356193444 3.427704528976625
v 0.75 1.7236540356193444 3.427704528976625
v 0.15272917182845669 0.36724167801011887 2.7478668799316455
v 0.92236015855654996 -0.60622587758966884 2.2599622315347574
v 2.2499999999999996 -0.62308720633211989 2.2515112866375535
v 1.5 -0.29267723696192138 7.4506895151791355
v 2.2499999999999996 0.37943318723183372 6.1096945197782988
v 1.1511393745912062 -0.66700685750016886 5.5852158567181664
v 3.7499999999999996 -6.3287676427590238 6.1032428138049513
v 2.2499999999999996 -6.3287676427590238 6.1032428138049513
v 2.6249999999999996 -5.4886296125168297 4.4269990695539052
v 3.7499999999999996 -4.9005329913472941 3.2536284485781728
v 2.2499999999999996 -7.0008780669527795 7.4442378092057879
v 2.2499999999999996 -7.6729884911465343 8.7852328046066237
v 2.2499999999999996 4.4120957323943655 -1.9362754526267221
v 2.2499999999999996 3.2387251114186331 -2.5243720737962576
v 2.2499999999999996 2.5900948044826988 -1.128895322456541
v 2.2499999999999996 0.72650764995399886 -3.783502457938555
v 0.75 0.55673512061695973 -3.868592922183768
v 2.2499999999999996 2.0653544904429015 -3.1124686949657931
v 2.2499999999999996 -0.1153753035767956 -2.5275979267829314
v 2.2499999999999996 1.4444826770413874 -1.766108852786052
v 2.2499999999999996 -0.95188424920898151 -4.6247171494017429
v 2.2499999999999996 -1.6239946734027368 -3.2837221540009063
v -9.75 -0.1153753035767956 -2.5275979267829314
v 2.2499999999999996 0.72113364205539066 -0.43047870416411982
v 2.2499999999999996 -0.78748572777055081 -1.1866029313820947
v 2.2499999999999996 0.30287916923929759 -1.4790383154735256
v 3.7499999999999996 -2.2961050975964925 -1.9427271586000696
v 2.2499999999999996 -2.2961050975964925 -1.9427271586000696
v 2.2499999999999996 0.21422820254673458 3.5101054055075078
v 2.2499999999999996 1.0515436114255892 4.7686995243774621
v 2.2499999999999996 0.55028341464361241 2.839607907807089
v 2.2499999999999996 -0.44183107762684409 4.5145438044839787
v 3.5953621652348526 -0.28955178214553212 7.4444536064411375
v 3.7499999999999996 0.46344699025605318 5.9420701453531937
v 2.2499999999999996 -0.79393743374389836 5.5215978986087624
v 2.2499999999999996 -0.9647876611556766 8.791684510579973
v 3.7499999999999996 -0.9647876611556766 8.791684510579973
v 2.2499999999999996 -1.6368980853494319 10.132679505980809
v 3.7680215696323045 -2.1074317084525673 8.2189881336620072
v 2.2499999999999996 -2.1381582821314087 8.2035878894104357
v 2.2499999999999996 -2.8102687063251643 9.5445828848112733
v 3.7499999999999996 -3.3115289031071411 7.6154912682409011
v 2.2499999999999996 -3.3115289031071411 7.6154912682409011
v 2.2499999999999996 -3.9836393273008959 8.9564862636417377
v 2.2499999999999996 -4.8201482729330829 6.8593670410229262
v 3.3851455003419413 -4.7745168430234104 6.8822376407032699
v 2.2499999999999996 -5.5512124997971126 8.3508479453717204
v 2.2499999999999996 -2.3090085095431867 11.473674501381645
v 2.2499999999999996 -3.4823791305189191 10.885577880212109
v 2.2499999999999996 -4.6557497514946506 10.297481259042573
v 2.2499999999999996 -6.1643691213205924 9.5413570318245995
v 3.7792853089020926 -0.9769275759048065 -1.2815517129556642
v 5.25 -2.2961050975964925 -1.9427271586000696
v 4.5626338256636494 -2.6270071919958258 -1.2825111634539486
v 5.25 4.4120957323943655 -1.9362754526267221
v 6.75 3.7399853082006098 -0.59528045722588496
v 6.5625 4.4120957323943655 -1.9362754526267221
v 5.25 3.2387251114186331 -2.5243720737962576
v 5.25 2.4997502624331371 -1.0515991740606565
v 6.5625 3.2387251114186331 -2.5243720737962576
v 5.25 2.0653544904429015 -3.1124686949657931
v 5.25 1.3932440662491457 -1.7714736995649565
v 5.25 0.29876699946761076 -3.0542637520855225
v 6.5318913340371783 2.0490733253235298 -3.1206288602402941
v 5.25 0.55673512061695973 -3.868592922183768
v 6.1987715017045719 0.48444370245523927 -3.904825582180921
v 5.25 -0.95188424920898151 -4.6247171494017429
v 5.25 -1.6239946734027368 -3.2837221540009063
v 6.5625 -0.95188424920898151 -4.6247171494017429
v 11.25 1.3932440662491457 -1.7714736995649565
v 11.25 -0.78748572777055081 -1.1866029313820947
v 11.25 -0.1153753035767956 -2.5275979267829314
v 11.25 -1.1973089677199322 -2.2435673989333855
v 11.25 -1.6239946734027368 -3.2837221540009063
v 11.25 0.55673512061695973 -3.868592922183768
v 5.25 0.023434927898084212 -1.7877310062898428
v 5.25 -0.78748572777055081 -1.1866029313820947
v 6.7267953284102671 -2.1840377388643888 -2.1663239989374512
v 6.6984176599699161 -2.7744269285023435 -0.98837924440851355
v 5.25 0.48931368524668262 5.8904609048454262
v 5.25 -0.20866343393770193 7.2830651407540312
v 5.25 -0.79851808421157433 5.4548071613896365
v 5.25 -0.9647876611556766 8.791684510579973
v 5.25 -2.1381582821314087 8.2035878894104357
v 4.5 -0.62873244905879921 8.1211870128795525
v 5.25 -3.3115289031071411 7.6154912682409011
v 5.25 -2.3465337341565657 7.1445714223418637
v 9.5625 4.4120957323943655 -1.9362754526267221
v 9.5625 3.2387251114186331 -2.5243720737962576
v 7.875 4.4120957323943655 -1.9362754526267221
v 8.0436413023881723 3.1067284625475127 -2.5905291616073161
v 8.0625 3.7399853082006098 -0.59528045722588496
v 7.8910703115417302 1.904619928501613 -3.1930293047961564
v 9.4529377464909725 2.2039613519613726 -3.0429985501771482
v 9.0245028857706551 0.36729327248270427 -3.9635417037573371
v 7.5000074919112336 0.31649711277880832 -3.9890008803859525
v 8.0625 -1.6239946734027368 -3.2837221540009063
v 6.75 -1.6239946734027368 -3.2837221540009063
v 7.875 -0.95188424920898151 -4.6247171494017429
v 9.5625 -0.95188424920898151 -4.6247171494017429
v 9.7525509773733976 -0.83764741893947781 -1.2117441106150166
v 9.7205280465595898 0.54636109515289899 -0.51807519113008738
v 10.48773385088521 -1.5425716228698769 -1.5650540836969715
v 8.25 -0.78748572777055081 -1.1866029313820947
v 9.75 -2.2961050975964925 -1.9427271586000696
v 8.25 3.067874884006855 0.7457145381749517
v 6.7580571603242046 3.0437647343626599 0.79381911868345156
v 9.7282355753294443 1.9007614262956245 0.16075402464964816
v 9.75 3.067874884006855 0.7457145381749517
v 8.25 1.8531550394590195 0.13689357106046951
v 8.25 2.3957644598130994 2.0867095335757884
v 8.25 1.2594788290912857 1.5704928592718417
v 7.5 2.7318196719099772 1.41621203587537
v 8.25 0.74888724644626259 -0.41656852039458325
v 8.25 0.049023217861635437 0.91051629123671662
v 9.6866517318461991 -1.6119116906477484 -3.3078301261743643
v 8.25 -2.2961050975964925 -1.9427271586000696
v 8.25 1.7236540356193444 3.427704528976625
v 8.25 0.55028341464361241 2.839607907807089
v 6.7586677770878705 1.7236540356193444 3.427704528976625
v 6.7089048429709699 0.5470873583348792 2.8380060354893124
v 7.5 2.0597092477162224 2.7572070312762067
v 8.25 -0.62308720633211989 2.2515112866375535
v 11.25 4.4120957323943655 -1.9362754526267221
v 11.25 3.2387251114186331 -2.5243720737962576
v 11.25 3.7399853082006098 -0.59528045722588496
v 11.25 2.5568298310670512 -1.2594592524778174
v 11.25 2.0653544904429015 -3.1124686949657931
v 10.07519788349637 0.84216514567565826 -3.7255345991640816
v 11.25 -0.95188424920898151 -4.6247171494017429
v 11.25 3.067874884006855 0.7457145381749517
v 11.25 1.8945042630311228 0.15761791700541572
v 11.25 0.72113364205539066 -0.43047870416411982
v 11.25 -2.2961050975964925 -1.9427271586000696
v -7.5789140562391726 -0.097217734728361149 -0.84063869199111707
v 5.25 -1.3820340549134342 6.6949685195844957
v -9.75 -1.3820340549134342 6.6949685195844957
v -14.4375 0.55673512061695973 -3.868592922183768
v -5.25 -1.6239946734027368 -3.2837221540009063
v -2.25 -5.656657218565269 4.7622478184041146
v 9.75 3.7399853082006098 -0.59528045722588496
v 6.75 2.3957644598130994 2.0867095335757884
v 6.0749979604383508 2.1053804615287506 2.6660838066513985
v 6 2.7318196719099772 1.41621203587537
v 5.982702104904142 3.3754131229996185 0.13211411696679232
v -5.2376555746890654 -0.27426839506617096 7.4139601862404572
v 4.5146426544510483 -0.12789696692470798 -0.85601520855989222
v 3.014642654451047 -0.12789696692470798 -0.85601520855989222
v -12.75 -2.3464039663145142 0.39223352839086884
v -12.749999999999998 -2.2911542892452541 -0.26238718892888518
v -12.75 -2.9682155217902473 -0.60173216319923295
v -12.75 -3.1857458737296898 -0.16771551534185278
v -12.750000000000002 -2.5819249074897188 0.45540014085521346
v -12.75 -2.3701776348997838 0.67391365410638993
v -12.75 -2.4153889713869079 -0.75
v -12.75 -2.8939032692999485 -0.74999999999999989
v -12.75 -2.25 -0.75
v -11.630911900630423 -2.8939032692999489 -0.74999999999999989
v -12.594082058011715 -2.8939032692999489 -0.75
v -12.75 -3.5594436578879272 0.57788645765196833
v -12.75 -3.1591399220825931 0.61020895298655575
v -12.750000000000002 -2.3409363577551137 1.3905205105171143
v -12.75 -2.8819278748974209 1.119374056340338
v -12.75 -3.6403259459840029 0.73926283220160394
v -12.749999999999998 -1.3854589258380656 0.0064734398916923138
v -12.75 -0.75 0.47318976472486873
v -12.75 -1.0063123322111907 -0.74999999999999989
v -12.75 -0.75 -0.75
v -12.749999999999998 -0.95977962023104157 0.37894283229783865
v -12.75 -0.75 0.5625
v -12.749999999999998 -1.6967723180861889 0.62760604843109336
v -12.75 -1.4595961519643059 0.15439206401874195
v -11.545885110576293 -2.8939032692999485 -0.74999999999999989
v -11.145123611544909 -2.893903269299948 -0.75
v -11.288987497384154 -2.8939032692999485 -0.74999999999999989
v -12.75 -1.2143529286584469 1.9551672608903208
v -12.749999999999998 -1.5596994401975826 1.2827221277880252
v -12.75 -2.1317065761580611 1.4953870594195786
v -12.75 -0.75000000000000011 1.8909456229416399
v -12.75 -1.8978196309327928 1.0287357298959963
v -12.75 -0.75000000000000011 0.98168623983081038
v -12.75 -0.75000000000000022 2.18790224120466
v -11.528135325515256 -0.74999999999999989 2.1879022412046609
v -9.75 -5.6663562143706496 4.781599258833019
v -9.75 -5.9011199695808685 5.25
v -9.75 -5.25 5.25
v -8.2883532427276201 -2.8939032692999485 -0.74999999999999989
v -8.9045380199674433 -2.8939032692999489 -0.75000000000000011
v -9.75 -2.8939032692999489 -0.75000000000000011
v -9.5841516888848091 -2.8939032692999489 -0.75000000000000011
v -10.73071254759904 -2.893903269299948 -0.75000000000000011
v -9.9156703554061973 -2.8939032692999485 -0.74999999999999989
v -9.75 -4.0694604272639223 1.5954721261440683
v -9.75 -4.2548303054721037 1.9653221835560255
v -9.75 -4.2284225671535385 1.9126334531773361
v -9.7499999999999982 -3.75 0.95808454998287018
v -9.7499999999999982 -4.6595877676699038 2.7728944389774379
v -9.0409672551118891 -3.7500000000000004 0.9580845499828704
v -8.5240149775860949 -3.7499999999999996 0.95808454998287051
v -9.3514174467060407 -3.7499999999999996 0.9580845499828704
v -9.75 -4.5656972262299593 5.25
v -9.75 -3.75 5.25
v -9.7500000000000018 -5.1584433578358224 5.2500000000000009
v -9.75 -3.0432153350233864 5.2500000000000009
v -9.75 -2.25 5.25
v -9.7499999999999982 -3.7370779028896832 5.2499999999999991
v -8.3526137648981802 0.083624620894331023 -0.74999999999999989
v -8.1401326209607827 0.2103823551646278 -0.75
v -8.1511490490040046 0.083624620894331203 -0.75
v -8.321556870282059 0.083624620894330953 -0.74999999999999989
v -9.75 0.083624620894331175 -0.75
v -9.75 0.5625 -0.75
v -9.1796335252659471 0.083624620894331064 -0.75
v -9.75 -0.75 3.5625
v -10.028135325515255 -0.75 2.1879022412046609
v -9.8761876881004014 -0.74999999999999989 2.1879022412046614
v -9.7500000000000018 -0.75000000000000011 2.3946519819329137
v -9.75 -0.74999999999999989 2.1879022412046614
v -11.25 -0.74999999999999989 2.1879022412046614
v -9.75 -0.32943242219920599 3.1206361193924357
v -9.7500000000000018 0.13578584361780405 2.6318605715046419
v -9.75 -0.62308720633211989 2.2515112866375535
v -9.75 -0.74999999999999989 3.6396455195515167
v -9.7499999999999982 -0.75 4.2716575078319012
v -9.75 -0.75 5.25
v -9.75 -0.025131672644481351 4.0212696263344796
v -9.7499999999999982 -0.6289987748264102 5.1204024033211191
v -9.7499999999999982 0.4445150805868669 3.861864206054415
v -9.7499999999999982 0.26289246239503788 4.1651479364590651
v -9.75 0.52680404121596514 3.8824871096628568
v -9.7499999999999982 0.095129854725727367 3.7743027910108511
v -9.75 -0.12742013947279887 3.7185282734652674
v -9.7500000000000018 0.084323796228413087 4.3564027765993032
v -9.7499999999999982 0.37617526778098981 5.25
v -9.75 0.53776645189718197 4.3024572806962951
v -9.75 0.5625 5.25
v -9.75 -0.70020011354981115 5.25
v -9.7500000000000018 -1.0324716369868123 5.25
v -9.75 -2.032686302237364 5.2499999999999991
v -9.75 3.431288812681025 -0.75
v -9.75 3.5625 -0.75
v -9.75 2.6792245175363574 -0.75
v -9.7500000000000018 2.3494048892799344 -0.75
v -9.75 1.875 -0.75
v -8.108489897682059 1.1249781551189471 -0.75
v -9.75 1.50433429060926 -0.75
v -9.7499999999999982 0.81563676155282283 -0.75
v -9.75 2.5428686074453051 1.793207277582469
v -9.75 2.8648296634389694 1.1508304459489107
v -9.75 2.1160817544617139 2.6447325825803891
v -9.75 2.3957644598130994 2.0867095335757884
v -9.75 1.8161740652666079 3.2431085276868856
v -9.75 1.1355574144498086 4.601075149952357
v -9.7500000000000018 0.8103144734013813 5.25
v -9.75 1.1691548571294041 4.5340415184688858
v -9.75 1.5316671172932153 3.8107569075595085
v -9.5021855265986179 0.81031447340138141 5.25
v -9.75 3.8175311736823008 -0.75
v -9.75 3.7482363895718809 -0.61174301817900756
v -6.8216878001695447 -2.8939032692999485 -0.75
v -7.4170758444424028 -2.8939032692999485 -0.74999999999999989
v -7.4707913770017997 -2.8939032692999489 -0.75
v -8.0276413851858663 -2.8939032692999485 -0.75
v -6.3705398348710389 -1.3358296730029944 5.25
v -6.75 -0.75 5.25
v -6.75 -1.3358296730029944 5.25
v -6.0988800304191315 -5.9011199695808703 5.2500000000000009
v -6.7500000000000009 -5.9011199695808685 5.25
v -6.7499999999999991 -5.7370027641788637 4.9225532841314541
v -6.7500000000000009 -5.6663562143706514 4.7815992588330181
v -6.0095356401662832 -2.8939032692999485 -0.75000000000000011
v -5.2506363749318057 -2.893903269299948 -0.75
v -5.8744560340387455 -2.8939032692999476 -0.74999999999999989
v -5.670978051563563 -2.893903269299948 -0.75
v -5.5605231073877741 -2.893903269299948 -0.75
v -6.7499999999999991 -4.8036830793843714 3.0603934643074169
v -6.7500000000000009 -5.055340272626859 3.5624999999999996
v -6.75 -4.9845467943715134 3.4212528230032779
v -6.75 -4.2095605756728505 1.8749999999999998
v -6.75 -4.3124363701777577 2.0802578276024408
v -6.7499999999999991 -4.0694604272639214 1.5954721261440685
v -6.75 -3.7500000000000004 0.95808454998287051
v -7.9018415477767299 -3.7500000000000004 0.9580845499828704
v -7.5731212337915546 -3.7499999999999996 0.95808454998287007
v -7.1850545399789869 -3.75 0.95808454998287018
v -6.7500000000000009 -5.1255255698398035 3.7025337339302222
v -6.75 -5.25 3.9508851682952333
v -6.75 0.083624620894331064 -0.74999999999999989
v -7.3957375201060094 0.08362462089433137 -0.75000000000000011
v -6.75 0.75 -0.75
v -6.75 0.59368145936406591 -0.74999999999999989
v -7.9566535509626544 0.083624620894331328 -0.74999999999999989
v -7.7272131443056606 0.08362462089433137 -0.75000000000000011
v -5.5037698429455935 -0.74999999999999989 2.1879022412046609
v -6.7500000000000009 -0.75000000000000011 2.4616960393166263
v -6.75 -0.75 3.5625
v -6.75 -0.75000000000000011 2.1879022412046609
v -6.75 0.13452197717400866 2.6312271181251905
v -6.75 -0.26034779131617514 3.0469675030526187
v -6.75 -0.62308720633211989 2.2515112866375535
v -6.7499999999999991 -0.70877555890717969 5.25
v -6.75 -0.43091523311070901 4.6532957275617832
v -6.75 -0.75 4.7114900391377121
v -6.7500000000000009 -0.6893046225865761 3.630782299590102
v -6.75 -0.75 3.6223031558505832
v -6.75 -0.098905644002185628 5.25
v -6.75 0.26795571507955435 4.7077001794644984
v -6.75 0.75 5.25
v -6.75 -0.18882531119010956 4.1938215249111268
v -6.7499999999999991 -0.75000000000000011 4.282675559284292
v -5.3592018098208909 -1.3358296730029953 5.25
v -5.25 -0.75 5.25
v -6.0208019504975994 -1.3358296730029946 5.25
v -5.2913065478459282 -0.75 3.67269317686049
v -6.75 0.88127860487756715 -0.75
v -6.75 1.5043342906092605 -0.75000000000000011
v -6.75 2.25 -0.75
v -6.7500000000000009 0.81031447340138152 5.25
v -6.75 0.88828936473057174 5.0944244646781067
v -6.8189308267444364 0.81031447340138152 5.25
v -6.7500000000000009 0.79142579842535921 4.7484503394842337
v -6.7500000000000009 0.81038663615817474 4.5188880355705763
v -6.75 0.053180252073982914 3.734507430645519
v -6.7499999999999991 0.88783447495833512 3.581212994064999
v -6.75 0.14746846577059775 3.5383183137700023
v -6.75 0.89303663657392374 3.5182294791679309
v -6.75 -0.034054420364610455 3.5432093262606927
v -6.75 1.665649234361656 3.5434357323560213
v -6.75 1.0515436114255892 4.7686995243774621
v -6.75 1.1798227193900588 3.5275857887013022
v -8.2925414635421699 0.81031447340138119 5.2499999999999991
v -8.1157791966093633 0.81031447340138119 5.2500000000000009
v -7.9111911523643377 0.81031447340138119 5.25
v -6.75 2.6792245175363574 -0.75000000000000011
v -6.7475446269492325 3.8139064368571884 -0.75
v -6.7483497082909896 3.0566311047832797 -0.75
v -6.75 2.3494048892799344 -0.75000000000000011
v -6.75 2.25 2.3775388438801968
v -6.75 1.7236540356193444 3.427704528976625
v -6.7500000000000009 1.189055486013251 3.1597622479230587
v -6.75 0.8399567644477135 2.9847929969999578
v -5.6783121387960387 2.25 2.3775388438801954
v -4.0182761882907441 -0.75 2.1879022412046609
v -5.2599190626909014 -0.75000000000000011 2.1879022412046609
v -5.2563054825823698 -0.75 2.1879022412046605
v -5.3487921829854903 -0.74999999999999989 2.1879022412046605
v -3.7499999999999996 -0.75000000000000011 3.8657608519502231
v -3.75 -0.75 3.5625
v -3.75 -0.75 4.3951899977648896
v -3.75 -0.75 5.25
v -3.764394283618866 -1.3358296730029939 5.2500000000000009
v -4.7042713524553044 -1.3358296730029946 5.2499999999999991
v -4.6538435277359733 -1.3358296730029948 5.25
v -5.3052696953367793 -1.335829673002995 5.25
v -3.7500000000000004 -5.25 3.9508851682952328
v -3.75 -5.6213745183003985 4.6918517602918257
v -3.75 -5.9011199695808685 5.25
v -4.4553828800237785 -5.9011199695808694 5.2500000000000009
v -4.5649709782319361 -2.8939032692999485 -0.75
v -3.8819974292629755 -2.8939032692999485 -0.75
v -3.6842625236798128 -2.8939032692999489 -0.75
v -3.6611878944402214 -2.8939032692999485 -0.75
v -3.7859348354036273 -2.8939032692999489 -0.75
v -4.5482177739550398 -2.8939032692999485 -0.75000000000000011
v -3.0262738046294251 -2.893903269299948 -0.74999999999999989
v -2.59662906262573 -3.7499999999999996 0.95808454998287118
v -2.2246810240680293 -3.75 0.95808454998287151
v -3.7500000000000004 -3.7500000000000004 0.9580845499828704
v -3.2604641288034211 -3.75 0.95808454998287063
v -3.75 -4.0712983828539988 1.5991392158950102
v -3.7499999999999996 -4.2178441434985947 1.8915273779404798
v -3.75 -4.5747436651242115 2.6036134506048318
v -3.75 -4.3124363701777577 2.0802578276024408
v -2.5621460829443166 0.083624620894331189 -0.74999999999999989
v -2.281116409914095 0.28084858191856721 -0.75
v -2.2967487755635947 0.083624620894331272 -0.75
v -2.2529843645253997 0.083624620894331328 -0.75
v -3.7500000000000004 0.083624620894331175 -0.75
v -3.75 0.75 -0.75
v -3.2048270685665554 0.083624620894331148 -0.74999999999999989
v -3.75 -0.74999999999999989 2.1879022412046605
v -3.8717146793924249 -0.75000000000000022 2.1879022412046609
v -3.7499999999999996 -0.75 2.5047277448782075
v -3.75 -0.38819916235014984 3.1554740576439189
v -3.7499999999999996 0.095280658011272709 2.6115592597373176
v -3.75 -0.62308720633211989 2.2515112866375535
v -3.75 -0.26384705819385484 4.1094220595319131
v -3.7500000000000004 -0.18223298475385413 4.2012378921519149
v -3.7500000000000004 0.15604792110197241 5.2500000000000009
v -3.75 0.75 5.25
v -3.7500000000000004 -0.089298187639837934 4.3057895389051835
v -3.75 -0.15021996491978354 4.2372525394652438
v -3.75 -0.65781181100098596 5.25
v -3.75 -1.3358296730029937 5.25
v -3.7499999999999996 0.81031447340138141 5.25
v -3.7500000000000004 0.88828936473057185 5.0944244646781076
v -3.6738053338785566 0.81031447340138152 5.25
v -3.7499999999999996 0.83965549440318654 4.662500610360655
v -3.75 1.0515436114255892 4.7686995243774621
v -3.7499999999999996 1.0775127441000691 3.1038567152103167
v -3.7500000000000004 0.98191239845378853 3.7303118487230722
v -3.75 1.7236540356193444 3.427704528976625
v -3.75 1.8025382452525827 3.2703147213996671
v -3.7500000000000009 0.41914929214013003 3.1012467630806033
v -3.75 -0.32591118469546521 3.3951883143875832
v -3.75 -0.12182700955014292 4.1806029032079266
v -3.75 0.78462341573601935 2.9570597686119116
v -2.2554014484332727 0.81031447340138152 5.2499999999999991
v -2.183917768982401 0.81031447340138163 5.25
v -2.6732611368277208 0.81031447340138141 5.25
v -2.355949169853425 2.381602533532178 -0.75
v -2.25 1.5 -0.75
v -3.75 2.25 -0.75
v -3.75 1.4838118466099233 -0.75
v -3.7499999999999996 0.86740119190485487 -0.75
v -3.7499999999999996 2.3037583360873839 -0.74999999999999989
v -3.75 3.4067914312064453 -0.75
v -3.75 3.5147026443008182 -0.75
v -3.75 2.6212046104978191 -0.74999999999999989
v -3.9676997366981137 2.25 2.3775388438801959
v -3.7499999999999996 2.25 2.3775388438801959
v -5.1189152585825983 2.25 2.3775388438801959
v -5.1395848352712097 2.25 2.3775388438801959
v -3.7693521695132626 3.8175311736823012 -0.74999999999999989
v -3.7499999999999996 3.8175311736823008 -0.75
v -3.75 3.5602754657408706 -0.75
v -4.0259707436617029 3.8175311736823008 -0.75
v -0.50540093408569964 -2.8939032692999489 -0.75
v -1.6202554527881798 -2.8939032692999485 -0.75
v -0.2188600140485677 -2.893903269299948 -0.75000000000000011
v -0.067509820924454664 -2.8939032692999489 -0.75
v 0.7430831194043177 -2.8939032692999489 -0.75
v 0.68755321883260412 -2.8939032692999485 -0.75
v -0.066292758548447128 -2.8939032692999489 -0.75000000000000022
v -0.75 -5.25 3.9508851682952337
v -0.75 -5.656657218565269 4.7622478184041146
v -0.75 -5.9011199695808685 5.25
v 0.74999999999999989 -5.9011199695808676 5.2499999999999991
v 0.098880030419131501 -5.9011199695808685 5.25
v -0.27279306593352987 -5.9011199695808685 5.2499999999999991
v -1.6797040992730266 -2.8939032692999489 -0.75000000000000011
v -1.990357909466866 -2.8939032692999489 -0.74999999999999989
v -2.261909160389683 -2.8939032692999485 -0.75
v -0.75 -4.0676566710464916 1.5918732709955281
v -0.74999999999999989 -4.201244550206189 1.8584078625609826
v -0.75 -3.7499999999999996 0.95808454998287051
v -1.8692468803220499 -3.75 0.95808454998287107
v -2.1699741299423208 -3.75 0.95808454998287151
v -1.2395358711965785 -3.75 0.95808454998287074
v -0.75 -4.5628728676137138 2.5799288305186483
v -0.75 -4.3124363701777577 2.0802578276024408
v -0.75 -5.0553402726268599 3.5625000000000004
v -0.75 -5.1255255698398026 3.7025337339302222
v -0.75 0.083624620894331064 -0.75
v -1.6482278093447733 0.083624620894331245 -0.75000000000000011
v -0.75 0.75 -0.75
v -1.98818023242967 0.083624620894331272 -0.75
v -0.75 0.20025408847265613 3.5469396656590297
v -0.75 -0.50132209082500345 2.3125403014483261
v -0.75000000000000011 0.43852097082532643 3.065455058137593
v -0.74999999999999989 0.48788491526918842 2.8083336062418827
v -0.75000000000000011 0.3167113817680336 3.69992336787424
v -0.75 0.30926049522387922 3.738732721294566
v -0.74999999999999989 0.29012648421945042 3.7050670813888438
v 0.83470346851096333 -0.75 2.1879022412046614
v -0.51522743620457156 -0.75 2.1879022412046605
v 0.48313682617750497 -0.75 3.5185109383529132
v -0.75 -0.75 2.6295099877489156
v -0.75 -0.75 3.6204161735981431
v -0.75000000000000011 -0.75000000000000011 2.2581442122665574
v -0.75 -0.75 2.1879022412046609
v -0.64348563689323834 -0.75 2.1879022412046609
v -0.74999999999999989 0.11602460866630773 3.7171487926088109
v -0.75 0.091181346524237691 3.7143738670608277
v -0.75 -0.62308720633211989 2.2515112866375535
v -0.74999999999999989 0.18681552732814702 3.725055947781776
v -0.75 -0.61369130013249196 5.25
v -0.75 -0.75 5.25
v -0.75 -0.26175827377034877 4.7197014105331609
v -0.75 -0.38953595775218647 4.7357190326125798
v -0.75 0.40513800446879816 4.0674905043283918
v -0.74999999999999989 0.21977153554457507 3.8664083376122855
v -0.75000000000000011 -0.017136250045141254 5.25
v -0.75 0.60477444818277182 4.7520309681456796
v -0.75 0.75 5.25
v -0.75000000000000011 -0.12846463720248566 4.3632435688959887
v -0.75 -0.32287677700775536 4.6406151000685103
v 0.75 -0.75 5.25
v 0.40032281069991321 -1.3358296730029935 5.25
v 0.34636897513793047 -1.3358296730029937 5.2500000000000009
v -0.52821337502337273 -1.3358296730029935 5.2500000000000009
v -0.34636897513793047 -1.3358296730029937 5.2500000000000009
v -0.75 -1.3358296730029935 5.25
v -0.75 -0.75 4.7809051451012525
v -0.75 -0.75 3.6732888413207023
v -0.75000000000000011 -0.75000000000000011 4.0879248666540144
v -0.75 0.10420169561997017 3.7410402818148105
v -0.74999999999999989 0.89625463480991241 -0.74999999999999989
v -0.75 2.25 -0.75
v -0.75 1.5253095192895498 -0.75000000000000011
v -0.75 0.55028341464361241 2.839607907807089
v -0.75000000000000011 0.34927891091422103 3.6936221195997128
v -0.75 0.93557809268207959 3.0327186728615287
v -0.75 0.81031447340138141 5.25
v -0.75000000000000011 0.88828936473057185 5.0944244646781067
v -0.81077229431291187 0.81031447340138152 5.25
v -0.75 1.627775020106748 3.6190023802494782
v -0.75 1.0515436114255892 4.7686995243774621
v -1.8267388631722794 0.81031447340138163 5.25
v -0.75000000000000011 3.6962770299271415 -0.75
v -0.75 3.4290324764191937 -0.75
v -0.75 2.690031927215434 -0.75000000000000033
v -0.75 2.3655305325445206 -0.75
v 0.69305975446613166 2.25 2.3775388438801963
v -0.033124238866024239 2.25 2.3775388438801972
v -0.32971697744100592 2.2499999999999996 2.3775388438801972
v -0.75 2.2500000000000004 2.3775388438801968
v -0.4889585870446585 2.25 2.3775388438801968
v -0.75000000000000011 1.8025382452525829 3.2703147213996675
v 0.22476528219488084 3.8175311736823012 -0.75
v -0.0016012498404273665 3.8175311736823012 -0.75
v -0.74999999999999989 3.8175311736823003 -0.75
v -0.57104408620647429 3.8175311736823012 -0.75000000000000011
v 1.1804894098768199 -0.75 2.1879022412046605
v 2.2499999999999996 -0.74999999999999989 2.3667310045125101
v 2.25 -0.75000000000000011 2.1879022412046614
v 2.2499999999999996 -0.74999999999999989 3.5624999999999996
v 2.25 -0.74999999999999989 3.3530040540111652
v 1.0474880957763766 -0.75 2.1879022412046605
v 2.2499999999999996 -0.75 3.5625
v 0.8798686518682467 -0.75000000000000011 2.1879022412046609
v 2.2499999999999991 -0.75000000000000044 5.25
v 2.2499999999999996 -0.74999999999999989 5.25
v 1.8790026560321813 -1.3358296730029935 5.25
v 0.96376905635659493 -1.3358296730029935 5.25
v 1.7163492343549993 -1.3358296730029937 5.25
v 2.2499999999999996 -0.75000000000000011 4.5991794134768149
v 2.2499999999999996 -0.75 4.185723850624389
v 2.2499999999999996 -0.75 3.5625000000000009
v 0.94480935928641274 -1.3358296730029937 5.2500000000000009
v 2.25 2.2500000000000009 -0.75
v 2.2499999999999996 2.25 -0.75
v 2.2499999999999996 2.25 -0.74999999999999944
v 1.7158364863732694 2.25 2.3775388438801963
v 1.0687017485035046 2.25 2.3775388438801963
v 1.1813071473463075 2.2500000000000004 2.3775388438801963
v 2.25 -5.25 3.9508851682952333
v 2.25 -5.4401996435457303 4.3303715754995364
v 2.2500000000000004 -5.5819782825437407 4.6132483744706887
v 2.25 -5.9011199695808685 5.25
v 1.4011199695808685 -5.9011199695808685 5.25
v 0.90931021977843307 -5.9011199695808685 5.25
v 0.93596237562427831 -5.9011199695808685 5.2500000000000009
v 0.94661315702941529 -5.9011199695808685 5.2499999999999991
v 0.96794496263929219 -5.9011199695808676 5.25
v -6.75 0.49627669906464034 2.8125395916376883
v -9.75 -5.25 3.9508851682952346
v -9.75 -5.5726434155410489 4.5946234439790103
v -9.75 -5.0553402726268599 3.5625000000000004
v -9.75 -4.8165191883230749 3.0860040741530685
v 1.6782214667005759 -2.8939032692999489 -0.75
v 2.2822063636250522 -2.8939032692999489 -0.75
v 1.4020231611183538 -2.8939032692999485 -0.75
v 1.2118856343603213 -2.8939032692999485 -0.75
v 2.9205230200627157 -2.8939032692999485 -0.74999999999999989
v 2.9170758444424041 -2.8939032692999485 -0.75000000000000011
v 3.297903371448148 -3.7500000000000004 0.95808454998287085
v 3.7543310545837882 -3.75 0.95808454998287063
v 3.6759949571374846 -3.75 0.95808454998287063
v 2.2500000000000004 -3.7500000000000004 0.95808454998287051
v 2.5970765613381044 -3.75 0.95808454998287051
v 2.25 -4.0635700706831628 1.5837196842660843
v 2.25 -4.2023606810570655 1.8606347672947299
v 2.2500000000000004 -4.5837245918971901 2.6215321994042928
v 2.2499999999999996 -4.3124363701777577 2.0802578276024413
v 2.25 -4.3124363701777577 2.0802578276024408
v 2.25 -5.1255255698398026 3.7025337339302218
v 2.2500000000000004 -5.055340272626859 3.5624999999999996
v 2.25 0.083624620894331064 -0.75000000000000011
v 2.8241448953915245 0.083624620894331453 -0.75
v 3.2252590030299415 0.083624620894331508 -0.75
v 3.6166058045552414 0.083624620894331397 -0.74999999999999989
v 2.25 0.60163966691517445 -0.49036941710155513
v 3.848048167715032 0.083624620894331356 -0.75
v 3.7701870750834847 0.083624620894331231 -0.74999999999999989
v 2.2499999999999996 -1.3358296730029935 5.25
v 2.25 1.669557117497614 0.044873781550600893
v 2.25 0.8702477663757715 -0.35574229001345076
v 2.25 0.72113364205539121 -0.4304787041641196
v 2.2500000000000004 0.72113364205539021 -0.4304787041641201
v 2.2500000000000004 0.72113364205539066 -0.43047870416411987
v 2.2499999999999996 1.7236540356193444 3.4277045289766246
v 2.25 1.7236540356193444 3.427704528976625
v 2.2499999999999996 1.7236540356193444 3.4277045289766255
v 2.25 1.8104427025179195 3.2545437450055843
v 2.2500000000000004 1.7236540356193497 3.4277045289766148
v 2.2499999999999996 1.0515436114255892 4.7686995243774613
v 2.2499999999999996 0.88828936473057163 5.0944244646781067
v 2.25 1.0515436114255892 4.7686995243774621
v 2.2499999999999996 2.2499999999999996 2.3775388438801963
v 2.25 0.81031447340138163 5.25
v 2.318930826744436 0.81031447340138152 5.2500000000000009
v 3.6931485513079063 0.81031447340138141 5.25
v 3.3980760685557039 0.8103144734013813 5.2499999999999991
v 3.6022827090299923 0.8103144734013813 5.25
v 2.2499999999999996 3.7475033019719768 -0.75000000000000011
v 2.2499999999999996 3.4065790547997983 -0.75000000000000011
v 2.2499999999999996 2.6866635045073721 -0.75
v 2.2499999999999996 2.3852341047115568 -0.75
v 2.25 1.8945042630311231 0.15761791700541572
v 2.2499999999999996 2.2499999999999996 0.33579336985399588
v 2.2499999999999996 2.25 0.33579336985399583
v 2.2499999999999991 2.25 -0.49988092021042152
v 2.25 3.8175311736823017 -0.75
v 1.5337655868411506 3.8175311736823017 -0.75
v 1.4590589064298474 3.8175311736823012 -0.75000000000000011
v -11.376187688100401 -0.74999999999999989 2.1879022412046614
v -6.7499999999999991 -5.6553395619031326 4.7596188292886703
v 5.0021855265986188 0.81031447340138141 5.2499999999999991
v 3.8602303281457768 0.81031447340138141 5.25
v -0.75 -4.9845467943715134 3.4212528230032779
v 5.25 -5.5223191133809717 4.4942163755651325
v 5.25 -5.5726434155410489 4.5946234439790103
v 5.2500000000000009 -5.9011199695808694 5.2500000000000009
v 5.25 -5.25 5.25
v 5.25 -4.059217301230591 1.5750350368600652
v 5.25 -4.2095605756728505 1.875
v 5.25 -4.2284225671535385 1.9126334531773361
v 5.2500000000000009 -4.7375557736289 2.9284562366058804
v 5.25 -4.8165191883230749 3.0860040741530685
v 5.25 -4.8529182215260915 3.1586274402037087
v 4.5777036860334315 -2.8939032692999489 -0.75
v 5.1578130249712073 -2.8939032692999485 -0.75
v 5.0905014093689855 -2.8939032692999485 -0.74999999999999989
v 5.2385295398152749 -2.893903269299948 -0.74999999999999989
v 5.7966085462842205 -2.8939032692999485 -0.74999999999999989
v 5.8704809140331706 -2.8939032692999489 -0.75
v 5.25 -3.75 0.95808454998287029
v 4.2020966285518533 -3.75 0.95808454998287085
v 4.8626267493146846 -3.75 0.95808454998287063
v 5.25 -3.75 5.25
v 5.2499999999999991 -2.2542285953978856 5.2499999999999991
v 5.2500000000000009 -2.8401132593403555 5.2500000000000009
v 5.2500000000000009 -4.2650358408163518 5.2500000000000009
v 5.2500000000000009 -4.0135290324921113 5.2500000000000009
v 4.066550102843264 0.083624620894331481 -0.75000000000000011
v 5.25 0.5625 -0.75
v 5.2499999999999991 0.55688297406873966 -0.75
v 5.25 0.083624620894331092 -0.75
v 4.6978444750918333 0.083624620894331481 -0.75000000000000011
v 4.3045253629147409 0.083624620894331494 -0.75000000000000011
v 5.2502893724630564 -0.75000000000000011 3.5621744559790627
v 6 -0.75 2.71875
v 5.5908986349455247 -0.75 2.1879022412046605
v 5.2526272851176889 -0.75 2.5901858898759138
v 5.4591617424750378 -0.75 2.1879022412046609
v 5.2530475581039253 -0.75 2.1879022412046605
v 6.7725350654027094 -0.75000000000000011 2.1879022412046614
v 6.5007576017577549 -0.74999999999999989 2.1879022412046609
v 5.25 0.16657497156937434 4.7409535348749099
v 5.25 0.5625 5.25
v 5.25 0.30949619647693288 5.25
v 5.25 -0.69046238110602043 5.25
v 5.25 -0.18404888181900733 4.2901514376612768
v 5.2499999999999991 -0.32532627647487811 4.1085090731037273
v 5.2500000000000009 -0.74999999999999989 4.2496133087280219
v 5.25 -0.75 5.25
v 5.25 -0.75 3.6824812282947201
v 5.25 -0.6039760465145545 3.7502450830527154
v 5.2502877939839747 -0.75 3.562830709588535
v 5.25 -1.0378061473913864 5.25
v 5.25 -2.1259380954033524 5.25
v 5.2499999999999991 -2.2449481729581318 5.2499999999999991
v 5.2500000000000009 2.3487916836371401 -0.74999999999999989
v 5.25 2.004771327613335 -0.75
v 5.25 3.5625 -0.75
v 5.25 3.3194708911181783 -0.75
v 5.25 2.5950847137666364 -0.75
v 5.2499999999999991 0.88127860487756704 -0.74999999999999989
v 5.2500000000000009 1.6361025005652337 -0.75
v 5.25 2.5018738673093992 1.8750000000000002
v 5.2499999999999991 2.4565370054825584 1.9654561254051404
v 5.2499999999999991 1.875 3.1257389984582868
v 5.2500000000000009 2.3496795644709167 2.1786581357590857
v 5.2500000000000009 2.3972362061157195 2.0837731047461365
v 5.2499999999999991 2.8398382814339276 1.2006932616270229
v 5.25 1.7371269536149516 3.4008233574381417
v 5.25 1.2593981083886163 4.3539881463574934
v 5.25 1.1355574144498086 4.601075149952357
v 5.2500000000000009 0.81031447340138152 5.2500000000000009
v 5.25 1.0863871111578405 4.5764308570827765
v 5.25 3.7459988478071815 -0.60727867392774748
v 5.25 3.8175311736823012 -0.74999999999999989
v 8.25 -3.1401943513262078 -0.25859993161799261
v 8.25 -2.9682155217902473 -0.60173216319923295
v 8.25 -2.8939032692999485 -0.74999999999999989
v 8.25 -2.2240270630150358 -0.070122013848644374
v 8.2500000000000018 -2.4153889713869074 -0.75000000000000011
v 8.25 -2.25 -0.75
v 8.25 -2.6850450192859783 0.10817334012032541
v 8.25 -2.2023563730095659 0.4971386347241008
v 8.25 -3.5683476141079504 0.59565163477244309
v 8.2500000000000018 -2.5207339456889404 0.52009949193101424
v 7.6060967307000507 -2.8939032692999489 -0.75000000000000011
v 7.6550135941669923 -2.893903269299948 -0.75000000000000011
v 8.25 -2.2350822029718578 1.4435749075268358
v 8.2500000000000018 -2.9044203424372066 1.1081007690043101
v 8.2500000000000018 -2.4454937712017024 0.70872582647802118
v 8.25 -2.2284844216055113 1.2527660078800769
v 8.25 -3.6403259459840029 0.73926283220160394
v 6.9773788533116496 -0.75000000000000011 2.1879022412046614
v 6.9014447766203499 -0.75000000000000011 2.1879022412046609
v 5.2502884786278701 -0.75 3.5625460684847852
v 6.8872919881172576 -0.75000000000000011 2.1879022412046609
v 8.25 -1.8515852104899495 0.19593138500563329
v 8.25 -0.95583212740862189 -0.57325192140906078
v 8.2500000000000018 -0.90732009728244745 -0.75
v 8.25 -0.75 -0.75
v 8.2499999999999982 -1.2612468613210204 0.53949201554800474
v 8.25 -1.3779980975190582 0.53423778157529211
v 8.25 -0.75 0.5625
v 8.25 -0.78714075095506053 1.839764291485658
v 8.25 -0.75 1.875
v 8.25 -0.77310168583220285 1.875
v 8.25 -1.3743026806324221 1.875
v 8.25 -2.1317065761580611 1.4953870594195786
v 8.25 -1.6645345539394796 1.0073742212995151
v 8.25 -1.2791797707967318 0.60482853692493821
v 8.25 -0.74999999999999989 0.72661999285704226
v 7.4038464294103825 -0.75 2.1879022412046605
v 8.25 -0.75 2.1879022412046609
v 8.25 -0.94251734399124065 2.0914120125472966
v 8.25 -0.75000000000000011 1.9329813727659155
v 8.25 -0.76595546823504712 1.8929358125366518
v -3.7500000000000004 -5.0553402726268599 3.5625
v -3.75 -4.9845467943715134 3.4212528230032779
v 2.25 -4.9845467943715134 3.4212528230032788
v 2.25 -4.9845467943715125 3.4212528230032775
v 2.25 -4.8036830793843714 3.0603934643074178
v 5.25 3.067874884006855 0.7457145381749517
v 5.2500000000000009 3.1546264059260127 0.57262786588215564
v 5.25 3.7399853082006098 -0.59528045722588496
v 5.25 3.5625000000000004 -0.24116169714312119
v 5.25 1.3179674568958057 3.5625
v 5.25 1.6560941703553902 3.5625
v 5.25 0.56250000000000011 4.3138571787934801
v 5.2499999999999991 0.5625 3.8135154317047228
v 5.25 1.7236540356193444 3.427704528976625
v 5.25 -0.037813206525923571 4.0129785287828215
v -9.75 3.067874884006855 0.7457145381749517
v -9.75 3.1528566591687945 0.57615886534166139
v -9.7499999999999982 3.5624999999999996 -0.24116169714312116
v -9.75 3.7399853082006098 -0.59528045722588496
v -5.7989161557489357 -5.9011199695808694 5.25
v -5.2499999999999991 -5.9011199695808685 5.2499999999999991
v -4.7044138681329395 -5.9011199695808685 5.25
v -4.5893678955940977 -5.9011199695808685 5.2499999999999991
v -3.75 3.5347351236175668 -0.75
v 7.3939032692999493 -2.8939032692999485 -0.74999999999999989
v 6.7535873753356119 -2.8939032692999485 -0.75
v 6.1060967307000515 -2.8939032692999485 -0.75
v 6.7056925280195419 -2.893903269299948 -0.75
v 4.3498784619890305 -2.8939032692999493 -0.75000000000000011
v 3.7726265103190131 -2.8939032692999489 -0.75000000000000011
v 3.082924155557595 -2.8939032692999489 -0.74999999999999989
v 3.9668354395210805 -2.8939032692999485 -0.75000000000000011
v 4.1447188547070057 -2.8939032692999485 -0.75
v -4.9361167413107783 3.8175311736823012 -0.74999999999999989
v -5.1300350934717844 3.8175311736823017 -0.75000000000000011
v -5.2477286210911354 3.8175311736823012 -0.75
v -6.0172439453377091 3.8175311736823003 -0.74999999999999989
v -5.3850602210633571 3.8175311736823008 -0.75
v -5.1401142654851482 3.8175311736823017 -0.75000000000000011
v -6.7475407733865147 3.8175311736823003 -0.74999999999999989
v -6.3303139889823274 3.8175311736823008 -0.75
v -5.3125747723016978 2.25 2.3775388438801963
v -5.5062342860207991 2.25 2.3775388438801963
v -0.75 1.7236540356193444 3.427704528976625
v -3.75 0.55028341464361241 2.839607907807089
v -9.75 0.52923319179949158 2.8828362538322159
v -9.75 0.52936371520496217 2.8291228962209614
v -9.75 0.52692212248967163 3.8338939729841939
v -9.7499999999999982 1.0976531757144961 3.1139511555939454
v -9.75 0.55028341464361241 2.839607907807089
v -9.7499999999999982 0.57502497656686402 3.8175671153660211
v -9.75 1.7236540356193444 3.427704528976625
v 0.86115974186140332 3.8175311736823012 -0.75
v 0.9208512541905256 3.8175311736823012 -0.75
v 0.78835360699627177 3.8175311736823008 -0.75
v -8.4660907232874223 0.81031447340138119 5.2499999999999991
v -8.1437690606314526 -3.75 0.9580845499828704
v -8.3156256546991614 -4.0350086738796822 1.5267339735905368
v -8.25 -4.9005329913472941 3.2536284485781728
v -5.25 1.7236540356193444 3.427704528976625
v -5.25 0.55028341464361241 2.839607907807089
v -5.254097507604369 -0.65662323310469051 2.2347029366756295
v -2.25 -3.9763811580808799 1.4097603299020225
v -2.0811011820702219 -4.9043745452569123 3.2612931185221647
v 2.2499999999999996 1.8945042630311228 0.15761791700541572
v 3.6677002525818767 -4.0883104871489468 1.6330817733968215
v 5.2535735865358912 -0.51150842119914575 2.307434884312376
f 1 2 3
f 4 2 1
f 3 5 1
f 1 5 6
f 6 4 1
f 7 8 9
f 9 8 4
f 10 7 9
f 11 10 9
f 6 5 9
f 9 5 11
f 9 4 6
f 12 13 7
f 14 13 12
f 12 7 10
f 12 10 14
f 2 15 16
f 17 15 2
f 2 16 3
f 4 17 2
f 18 19 8
f 8 19 17
f 8 7 18
f 8 17 4
f 13 20 18
f 21 20 13
f 18 7 13
f 14 21 13
f 22 16 15
f 15 17 23
f 23 22 15
f 18 24 19
f 19 24 25
f 23 17 19
f 25 22 19
f 19 22 23
f 20 24 18
f 26 24 20
f 20 21 26
f 3 27 28
f 28 27 29
f 28 30 31
f 29 30 28
f 28 5 3
f 32 5 28
f 31 32 28
f 33 34 35
f 35 34 36
f 36 37 35
f 35 37 11
f 35 5 32
f 11 5 35
f 32 33 35
f 36 38 39
f 39 38 40
f 39 37 36
f 14 37 39
f 39 40 41
f 41 21 39
f 39 21 14
f 27 16 42
f 3 16 27
f 27 42 43
f 27 43 29
f 44 42 16
f 16 22 44
f 45 43 42
f 42 44 46
f 47 48 49
f 25 48 47
f 47 44 25
f 46 44 47
f 50 51 52
f 53 51 50
f 48 24 50
f 50 24 26
f 52 48 50
f 41 40 50
f 50 40 53
f 50 21 41
f 26 21 50
f 54 55 56
f 56 55 52
f 56 57 58
f 52 57 56
f 59 54 56
f 56 58 59
f 60 61 62
f 62 61 63
f 62 30 43
f 63 30 62
f 62 43 60
f 64 61 65
f 63 61 64
f 64 66 67
f 65 66 64
f 64 34 33
f 67 34 64
f 64 33 63
f 68 66 69
f 40 38 69
f 69 38 68
f 70 71 72
f 70 61 60
f 73 61 70
f 70 43 45
f 60 43 70
f 70 72 73
f 74 75 76
f 77 75 74
f 74 76 78
f 79 80 81
f 81 82 79
f 83 82 81
f 84 82 85
f 85 82 83
f 85 86 84
f 87 86 85
f 85 88 87
f 83 88 85
f 89 90 86
f 91 90 89
f 76 75 89
f 89 75 91
f 89 86 92
f 92 76 89
f 71 93 94
f 71 94 72
f 95 96 97
f 97 96 98
f 97 99 100
f 98 99 97
f 101 95 97
f 97 100 101
f 102 103 104
f 105 103 102
f 104 106 102
f 102 106 107
f 102 96 105
f 98 96 102
f 107 99 102
f 102 99 98
f 108 104 109
f 110 104 108
f 100 99 93
f 93 99 111
f 111 94 93
f 93 112 100
f 113 114 115
f 115 114 116
f 115 75 77
f 116 75 115
f 117 118 119
f 120 118 117
f 79 82 117
f 117 82 121
f 117 122 120
f 121 122 117
f 123 79 117
f 117 119 123
f 124 125 126
f 126 125 127
f 126 82 84
f 121 82 126
f 127 122 126
f 126 122 121
f 84 124 126
f 128 125 124
f 129 125 128
f 128 130 131
f 116 130 128
f 128 124 91
f 128 91 116
f 128 131 129
f 132 118 133
f 133 118 120
f 133 134 132
f 135 134 133
f 120 122 133
f 133 122 135
f 136 137 138
f 138 137 139
f 139 134 138
f 138 134 135
f 138 122 127
f 135 122 138
f 127 136 138
f 140 136 141
f 141 136 142
f 143 140 141
f 142 129 141
f 141 129 143
f 114 144 130
f 145 144 114
f 114 130 116
f 113 145 114
f 95 146 147
f 147 146 148
f 147 96 95
f 149 96 147
f 148 150 147
f 147 150 149
f 151 103 152
f 152 103 105
f 105 96 152
f 152 96 149
f 152 150 153
f 149 150 152
f 154 151 152
f 152 153 154
f 151 155 156
f 109 151 156
f 157 109 156
f 158 159 160
f 160 159 161
f 160 150 148
f 161 150 160
f 148 112 160
f 51 57 52
f 162 57 51
f 51 53 162
f 163 164 165
f 165 164 166
f 167 163 165
f 165 166 168
f 168 169 165
f 165 169 167
f 170 171 144
f 144 171 172
f 172 130 144
f 144 145 173
f 174 175 176
f 177 175 174
f 178 179 174
f 174 179 177
f 174 176 180
f 119 178 174
f 181 119 174
f 182 183 184
f 185 183 182
f 186 175 182
f 182 175 177
f 182 179 185
f 177 179 182
f 182 184 186
f 184 183 187
f 187 183 188
f 188 189 187
f 187 189 131
f 187 130 172
f 131 130 187
f 190 184 187
f 191 190 187
f 187 172 191
f 192 179 178
f 193 179 192
f 132 134 192
f 192 134 193
f 192 178 132
f 185 179 194
f 194 179 193
f 194 134 139
f 193 134 194
f 139 195 194
f 194 195 196
f 196 185 194
f 197 183 195
f 188 183 197
f 197 189 188
f 140 189 197
f 197 195 140
f 198 199 200
f 201 199 198
f 202 203 198
f 198 203 201
f 204 202 198
f 198 200 204
f 205 199 206
f 206 199 201
f 206 203 207
f 201 203 206
f 206 208 209
f 210 208 206
f 206 207 210
f 209 205 206
f 211 212 208
f 211 208 213
f 213 214 211
f 200 199 215
f 215 199 216
f 215 159 158
f 216 159 215
f 215 217 200
f 218 219 220
f 220 219 221
f 222 171 220
f 220 171 170
f 220 223 218
f 220 221 222
f 224 225 226
f 227 225 224
f 224 228 227
f 229 228 224
f 176 175 224
f 224 175 229
f 224 230 231
f 231 176 224
f 232 233 234
f 186 233 232
f 235 228 232
f 232 228 229
f 232 175 186
f 229 175 232
f 232 234 235
f 236 237 238
f 238 237 234
f 239 236 238
f 234 233 238
f 238 233 190
f 221 239 238
f 222 221 238
f 240 222 238
f 238 190 240
f 241 242 237
f 237 242 243
f 237 236 241
f 243 234 237
f 227 228 244
f 244 228 245
f 244 246 247
f 245 246 244
f 247 227 244
f 248 228 235
f 245 228 248
f 249 246 248
f 248 246 245
f 243 250 248
f 248 250 251
f 235 243 248
f 248 251 249
f 242 241 251
f 242 250 243
f 251 250 242
f 218 252 219
f 219 252 253
f 219 239 221
f 253 239 219
f 254 252 255
f 253 252 254
f 256 257 254
f 254 257 239
f 255 256 254
f 254 239 253
f 258 241 236
f 236 257 258
f 239 257 236
f 241 258 259
f 241 259 251
f 202 260 261
f 261 260 262
f 261 203 202
f 263 203 261
f 262 264 261
f 261 264 263
f 265 266 267
f 267 266 207
f 267 268 265
f 269 268 267
f 207 203 267
f 267 203 263
f 267 264 269
f 263 264 267
f 270 266 265
f 214 266 270
f 265 268 270
f 271 66 65
f 272 273 274
f 274 273 275
f 274 264 262
f 275 264 274
f 274 217 276
f 277 217 274
f 274 262 277
f 278 279 280
f 280 281 278
f 279 282 283
f 283 280 279
f 218 284 252
f 285 282 286
f 226 225 286
f 286 225 287
f 286 288 285
f 289 288 286
f 287 290 286
f 286 290 289
f 291 288 292
f 292 288 289
f 292 290 293
f 289 290 292
f 294 295 292
f 292 295 291
f 293 294 292
f 294 258 257
f 257 256 295
f 257 295 294
f 296 259 258
f 258 294 296
f 297 290 287
f 298 290 297
f 247 246 297
f 297 246 298
f 297 287 247
f 293 290 299
f 299 290 298
f 299 246 249
f 298 246 299
f 251 300 299
f 299 300 296
f 249 251 299
f 299 296 293
f 259 300 251
f 296 300 259
f 301 54 59
f 59 58 301
f 109 104 103
f 103 151 109
f 106 104 110
f 209 208 212
f 212 205 209
f 213 208 266
f 266 208 210
f 266 214 213
f 210 207 266
f 256 164 163
f 166 164 256
f 163 295 256
f 255 166 256
f 302 303 304
f 304 303 305
f 304 306 302
f 307 306 304
f 305 308 304
f 304 308 307
f 309 310 306
f 311 310 309
f 309 306 307
f 309 308 312
f 307 308 309
f 309 313 311
f 314 313 309
f 312 314 309
f 311 313 315
f 315 313 314
f 315 314 316
f 317 318 319
f 319 318 320
f 321 322 319
f 319 322 317
f 320 321 319
f 233 184 190
f 186 184 233
f 302 306 323
f 323 306 324
f 323 273 272
f 324 273 323
f 323 325 326
f 327 325 323
f 326 302 323
f 323 272 328
f 168 166 329
f 329 166 255
f 285 288 330
f 330 288 331
f 332 285 330
f 333 288 291
f 331 288 333
f 291 163 333
f 333 163 167
f 167 169 333
f 333 169 334
f 334 331 333
f 335 336 337
f 337 336 338
f 337 303 339
f 305 303 337
f 338 308 337
f 337 308 305
f 339 335 337
f 340 308 338
f 312 308 340
f 340 341 342
f 338 341 340
f 340 342 343
f 340 343 312
f 344 345 346
f 346 345 316
f 342 347 346
f 346 347 344
f 343 342 346
f 316 343 346
f 84 86 90
f 91 124 90
f 90 124 84
f 196 195 183
f 183 185 196
f 348 318 349
f 350 318 348
f 348 351 352
f 349 351 348
f 348 352 350
f 339 303 353
f 353 303 325
f 353 354 355
f 356 354 353
f 355 339 353
f 353 325 357
f 349 354 358
f 358 354 356
f 358 351 349
f 359 351 358
f 351 360 361
f 361 360 362
f 344 363 361
f 361 363 352
f 352 351 361
f 361 362 364
f 364 344 361
f 116 91 75
f 365 366 367
f 368 366 365
f 369 368 365
f 367 366 360
f 360 366 370
f 371 367 360
f 360 351 371
f 360 370 362
f 368 370 366
f 155 151 154
f 154 153 155
f 24 48 25
f 372 336 335
f 373 336 372
f 374 375 372
f 372 375 373
f 372 335 374
f 376 375 317
f 373 375 376
f 317 322 376
f 376 322 377
f 377 341 376
f 376 341 373
f 378 363 347
f 321 363 378
f 347 322 378
f 378 322 321
f 140 195 137
f 137 195 139
f 137 136 140
f 379 375 374
f 380 375 379
f 355 354 379
f 379 354 380
f 379 374 355
f 317 375 381
f 381 375 380
f 381 354 349
f 380 354 381
f 381 318 317
f 349 318 381
f 382 318 350
f 320 318 382
f 352 321 382
f 382 321 320
f 350 352 382
f 125 136 127
f 142 136 125
f 125 129 142
f 55 54 49
f 55 48 52
f 49 48 55
f 373 341 336
f 336 341 338
f 334 169 383
f 383 331 334
f 384 88 83
f 14 10 385
f 385 10 11
f 385 37 14
f 11 37 385
f 100 112 146
f 146 112 148
f 146 95 101
f 101 100 146
f 386 58 57
f 200 217 260
f 260 217 277
f 260 202 204
f 204 200 260
f 277 262 260
f 344 347 363
f 363 321 352
f 171 222 240
f 240 190 171
f 171 190 191
f 191 172 171
f 387 335 339
f 374 335 387
f 387 339 355
f 355 374 387
f 231 230 388
f 388 176 231
f 180 176 388
f 123 389 80
f 80 79 123
f 345 344 364
f 326 325 303
f 303 302 326
f 282 285 332
f 189 140 143
f 129 131 189
f 143 129 189
f 132 178 118
f 118 178 119
f 225 227 247
f 247 287 225
f 295 163 291
f 68 67 66
f 234 243 235
f 38 36 68
f 67 36 34
f 322 347 377
f 29 43 30
f 63 33 30
f 30 33 31
f 351 359 371
f 347 342 377
f 377 342 341
f 86 87 92
f 76 92 78
f 78 87 88
f 33 32 31
f 36 67 68
f 293 296 294
f 314 343 316
f 312 343 314
f 25 44 22
f 78 92 87
f 390 391 392
f 393 391 390
f 392 394 390
f 390 394 395
f 395 393 390
f 396 397 398
f 398 397 393
f 399 396 398
f 400 399 398
f 395 394 398
f 398 394 400
f 398 393 395
f 401 402 396
f 403 402 401
f 401 396 399
f 401 399 403
f 391 404 405
f 406 404 391
f 391 405 392
f 393 406 391
f 407 408 397
f 397 408 406
f 397 396 407
f 397 406 393
f 402 409 407
f 410 409 402
f 407 396 402
f 403 410 402
f 411 405 404
f 404 406 412
f 412 411 404
f 407 413 408
f 408 413 414
f 412 406 408
f 414 411 408
f 408 411 412
f 409 413 407
f 415 413 409
f 409 410 415
f 392 416 417
f 417 416 418
f 417 419 420
f 418 419 417
f 417 394 392
f 421 394 417
f 420 421 417
f 422 423 424
f 424 423 425
f 425 426 424
f 424 426 400
f 424 394 421
f 400 394 424
f 421 422 424
f 425 427 428
f 428 427 429
f 428 426 425
f 403 426 428
f 428 429 430
f 430 410 428
f 428 410 403
f 416 405 431
f 392 405 416
f 416 431 432
f 416 432 418
f 433 431 405
f 405 411 433
f 434 435 431
f 431 435 436
f 437 434 431
f 436 432 431
f 431 433 437
f 438 434 439
f 439 434 437
f 439 440 438
f 414 440 439
f 439 433 414
f 437 433 439
f 441 442 443
f 440 413 443
f 443 413 415
f 430 429 443
f 443 429 441
f 443 410 430
f 415 410 443
f 435 444 445
f 446 444 435
f 435 434 446
f 435 445 436
f 444 447 448
f 446 447 444
f 448 445 444
f 449 447 450
f 450 447 446
f 450 434 438
f 446 434 450
f 451 452 453
f 451 419 432
f 453 419 451
f 454 452 455
f 453 452 454
f 454 456 457
f 455 456 454
f 454 423 422
f 457 423 454
f 454 422 453
f 458 456 459
f 460 456 458
f 429 427 458
f 458 427 460
f 459 429 458
f 461 462 463
f 463 462 464
f 463 429 459
f 441 429 463
f 459 461 463
f 465 441 463
f 466 467 468
f 468 467 469
f 470 466 468
f 471 467 466
f 472 467 471
f 471 473 472
f 474 473 471
f 471 466 474
f 475 473 476
f 476 473 474
f 476 477 475
f 478 477 476
f 476 479 478
f 474 479 476
f 480 481 477
f 482 481 480
f 480 483 482
f 480 477 484
f 485 486 487
f 487 486 488
f 488 489 487
f 490 485 487
f 491 492 493
f 494 492 491
f 493 495 491
f 491 495 496
f 491 486 494
f 488 486 491
f 496 489 491
f 491 489 488
f 497 493 498
f 499 493 497
f 497 498 500
f 497 500 499
f 501 495 502
f 502 495 500
f 503 504 502
f 505 501 502
f 500 503 502
f 502 464 505
f 506 507 508
f 508 507 509
f 508 469 510
f 511 506 508
f 508 510 511
f 512 513 514
f 515 513 512
f 472 473 512
f 512 473 516
f 512 517 515
f 516 517 512
f 510 472 512
f 512 514 510
f 518 519 520
f 520 519 521
f 520 473 475
f 516 473 520
f 521 517 520
f 520 517 516
f 475 518 520
f 522 519 518
f 523 519 522
f 522 518 482
f 522 482 524
f 522 525 523
f 526 513 527
f 527 513 515
f 527 528 526
f 529 528 527
f 515 517 527
f 527 517 529
f 530 531 532
f 532 531 533
f 533 528 532
f 532 528 529
f 532 517 521
f 529 517 532
f 521 530 532
f 534 530 535
f 535 530 536
f 537 534 535
f 536 523 535
f 535 523 537
f 538 486 485
f 539 486 538
f 538 540 539
f 541 492 542
f 542 492 494
f 494 486 542
f 542 486 539
f 542 540 543
f 539 540 542
f 544 541 542
f 542 543 544
f 541 545 546
f 546 545 547
f 498 541 546
f 548 498 546
f 546 547 548
f 549 550 551
f 551 550 552
f 547 549 551
f 551 503 553
f 553 547 551
f 442 441 465
f 554 555 556
f 557 554 556
f 556 558 557
f 559 507 506
f 560 507 559
f 561 562 559
f 563 561 559
f 506 563 559
f 564 565 566
f 567 565 564
f 568 569 564
f 564 569 567
f 564 566 570
f 514 568 564
f 570 563 564
f 564 563 571
f 571 514 564
f 572 573 574
f 575 573 572
f 576 565 572
f 572 565 567
f 572 569 575
f 567 569 572
f 572 574 576
f 574 573 577
f 577 573 578
f 578 579 577
f 577 579 525
f 580 574 577
f 581 580 577
f 577 582 581
f 583 569 568
f 584 569 583
f 526 528 583
f 583 528 584
f 583 568 526
f 575 569 585
f 585 569 584
f 585 528 533
f 584 528 585
f 533 586 585
f 585 586 587
f 587 575 585
f 588 573 586
f 578 573 588
f 588 579 578
f 534 579 588
f 588 586 534
f 589 590 591
f 592 593 591
f 591 593 589
f 594 592 591
f 595 590 596
f 596 590 589
f 596 593 597
f 589 593 596
f 596 598 599
f 600 598 596
f 596 597 600
f 599 595 596
f 601 602 598
f 603 602 601
f 604 605 601
f 601 605 603
f 601 598 606
f 606 604 601
f 607 602 608
f 608 602 603
f 608 605 609
f 603 605 608
f 552 607 608
f 610 611 612
f 612 611 613
f 612 614 615
f 561 614 612
f 615 610 612
f 612 562 561
f 612 613 616
f 617 618 619
f 620 618 617
f 617 621 620
f 622 621 617
f 566 565 617
f 617 565 622
f 619 610 617
f 617 610 615
f 617 615 623
f 623 566 617
f 624 625 626
f 576 625 624
f 627 621 624
f 624 621 622
f 624 565 576
f 622 565 624
f 624 626 627
f 628 629 630
f 630 629 626
f 631 628 630
f 626 625 630
f 630 625 580
f 630 580 632
f 633 634 629
f 629 634 635
f 629 628 633
f 635 626 629
f 620 621 636
f 636 621 637
f 636 638 639
f 637 638 636
f 639 620 636
f 640 621 627
f 637 621 640
f 641 638 640
f 640 638 637
f 635 642 640
f 640 642 643
f 627 635 640
f 640 643 641
f 634 633 643
f 634 642 635
f 643 642 634
f 644 645 646
f 646 647 644
f 648 649 644
f 644 647 648
f 650 651 611
f 611 651 652
f 611 610 650
f 652 613 611
f 653 654 655
f 656 653 655
f 657 633 628
f 628 654 657
f 631 654 628
f 633 657 658
f 633 658 643
f 659 593 592
f 660 593 659
f 659 661 660
f 662 663 664
f 664 663 597
f 664 665 662
f 666 665 664
f 597 593 664
f 664 593 660
f 664 661 666
f 660 661 664
f 667 663 662
f 604 663 667
f 662 665 667
f 667 665 668
f 667 605 604
f 668 605 667
f 669 456 455
f 459 456 669
f 455 461 669
f 669 461 459
f 666 661 670
f 670 671 672
f 672 666 670
f 671 673 674
f 674 665 671
f 668 665 674
f 609 605 674
f 674 605 668
f 675 676 645
f 677 675 645
f 645 644 677
f 649 675 677
f 677 644 649
f 678 651 676
f 675 678 676
f 650 679 651
f 651 679 680
f 651 678 681
f 651 681 652
f 682 679 650
f 683 679 682
f 619 618 682
f 682 618 684
f 682 685 683
f 686 685 682
f 684 687 682
f 682 687 686
f 682 650 619
f 688 685 689
f 689 685 686
f 689 687 690
f 686 687 689
f 691 692 689
f 689 692 688
f 690 691 689
f 691 657 654
f 654 653 692
f 654 692 691
f 693 658 657
f 657 691 693
f 694 687 684
f 695 687 694
f 639 638 694
f 694 638 695
f 694 684 639
f 690 687 696
f 696 687 695
f 696 638 641
f 695 638 696
f 643 697 696
f 696 697 693
f 641 643 696
f 696 693 690
f 658 697 643
f 693 697 658
f 698 699 673
f 673 699 700
f 673 671 698
f 498 493 492
f 492 541 498
f 495 493 499
f 499 500 495
f 602 607 595
f 599 598 602
f 602 595 599
f 606 598 663
f 663 598 600
f 663 604 606
f 600 597 663
f 653 555 554
f 554 692 653
f 701 702 703
f 704 705 701
f 703 706 701
f 701 706 704
f 707 708 705
f 709 708 707
f 707 705 704
f 707 706 710
f 704 706 707
f 707 711 709
f 712 711 707
f 710 712 707
f 709 711 713
f 713 711 712
f 714 709 713
f 713 712 715
f 715 714 713
f 716 717 718
f 718 717 719
f 720 721 718
f 718 721 716
f 719 720 718
f 708 709 722
f 625 574 580
f 576 574 625
f 698 723 699
f 699 723 714
f 724 725 699
f 714 724 699
f 726 679 727
f 680 679 726
f 726 727 728
f 683 685 729
f 729 685 730
f 730 727 729
f 729 727 731
f 731 683 729
f 732 685 688
f 730 685 732
f 688 554 732
f 732 554 557
f 557 558 732
f 732 558 733
f 733 730 732
f 734 735 736
f 736 735 737
f 736 702 738
f 703 702 736
f 737 706 736
f 736 706 703
f 738 734 736
f 739 706 737
f 710 706 739
f 739 740 741
f 737 740 739
f 739 741 742
f 739 742 710
f 743 744 745
f 745 744 715
f 741 746 745
f 745 746 743
f 742 741 745
f 715 742 745
f 475 477 481
f 482 518 481
f 481 518 475
f 587 586 573
f 573 575 587
f 747 717 748
f 749 717 747
f 747 750 751
f 748 750 747
f 747 751 749
f 738 702 752
f 752 702 753
f 752 754 755
f 756 754 752
f 757 758 752
f 752 758 756
f 755 738 752
f 759 757 752
f 752 753 759
f 748 754 760
f 760 754 756
f 760 758 761
f 756 758 760
f 760 750 748
f 761 750 760
f 743 762 763
f 763 762 751
f 751 750 763
f 763 725 724
f 724 743 763
f 524 482 483
f 764 758 757
f 765 758 764
f 766 767 764
f 764 767 765
f 764 757 768
f 768 766 764
f 761 758 769
f 769 758 765
f 765 767 769
f 550 607 552
f 545 549 547
f 543 549 545
f 545 541 544
f 544 543 545
f 413 440 414
f 770 735 734
f 771 735 770
f 772 773 770
f 770 773 771
f 770 734 772
f 774 773 716
f 771 773 774
f 716 721 774
f 774 721 775
f 775 740 774
f 774 740 771
f 776 762 746
f 720 762 776
f 746 721 776
f 776 721 720
f 534 586 531
f 531 586 533
f 531 530 534
f 777 773 772
f 778 773 777
f 755 754 777
f 777 754 778
f 777 772 755
f 716 773 779
f 779 773 778
f 779 754 748
f 778 754 779
f 779 717 716
f 748 717 779
f 780 717 749
f 719 717 780
f 751 720 780
f 780 720 719
f 749 751 780
f 519 530 521
f 536 530 519
f 519 523 536
f 672 671 665
f 665 666 672
f 781 501 462
f 462 501 505
f 505 464 462
f 771 740 735
f 735 740 737
f 782 558 728
f 733 558 782
f 782 727 730
f 728 727 782
f 782 730 733
f 783 479 474
f 470 479 783
f 474 466 783
f 783 466 470
f 403 399 784
f 784 399 400
f 784 426 403
f 400 426 784
f 785 503 500
f 553 503 785
f 500 498 785
f 785 498 548
f 785 547 553
f 548 547 785
f 743 746 762
f 762 720 751
f 632 580 786
f 786 580 581
f 581 582 786
f 787 734 738
f 772 734 787
f 787 738 755
f 755 772 787
f 623 615 614
f 614 566 623
f 570 566 614
f 614 561 563
f 614 563 570
f 510 469 467
f 467 472 510
f 768 757 788
f 788 757 759
f 788 766 768
f 789 766 788
f 788 753 790
f 759 753 788
f 744 743 724
f 744 724 714
f 744 714 715
f 791 753 702
f 731 727 679
f 679 683 731
f 579 534 537
f 523 525 579
f 537 523 579
f 526 568 513
f 513 568 514
f 792 563 506
f 571 563 792
f 510 514 792
f 792 514 571
f 792 506 511
f 511 510 792
f 618 620 639
f 639 684 618
f 692 554 688
f 460 457 456
f 626 635 627
f 427 425 460
f 457 425 423
f 721 746 775
f 418 432 419
f 453 422 419
f 419 422 420
f 746 741 775
f 775 741 740
f 477 478 484
f 723 698 793
f 723 722 714
f 422 421 420
f 425 457 460
f 690 693 691
f 794 698 671
f 619 650 610
f 714 722 709
f 712 742 715
f 710 742 712
f 414 433 411
f 795 796 797
f 798 795 797
f 795 798 799
f 795 799 800
f 801 802 797
f 797 796 801
f 796 803 801
f 802 42 797
f 797 42 798
f 804 45 805
f 45 42 802
f 45 802 805
f 806 807 798
f 807 799 798
f 798 42 806
f 42 46 806
f 807 800 799
f 808 809 47
f 47 49 808
f 808 800 809
f 806 46 810
f 46 47 810
f 47 809 810
f 807 806 810
f 809 800 807
f 810 809 807
f 811 812 813
f 812 814 813
f 812 811 815
f 812 815 816
f 813 803 811
f 817 816 818
f 816 815 818
f 818 795 817
f 795 800 817
f 796 811 803
f 811 796 818
f 818 815 811
f 818 796 795
f 45 804 819
f 820 45 821
f 45 819 821
f 822 823 824
f 823 822 825
f 823 826 824
f 826 800 808
f 826 808 824
f 808 49 824
f 824 49 822
f 823 825 827
f 817 827 816
f 827 817 823
f 817 826 823
f 817 800 826
f 828 54 829
f 828 822 49
f 49 54 828
f 828 825 822
f 830 831 69
f 69 66 830
f 40 831 832
f 40 69 831
f 70 833 71
f 833 70 834
f 834 70 835
f 834 835 836
f 837 835 70
f 70 45 837
f 835 837 838
f 839 840 65
f 65 61 839
f 840 839 841
f 73 839 61
f 839 73 842
f 843 65 840
f 844 72 845
f 73 844 846
f 73 72 844
f 842 73 846
f 40 847 848
f 40 832 849
f 40 849 847
f 53 40 848
f 162 850 851
f 162 852 850
f 162 848 852
f 162 53 848
f 853 854 855
f 853 855 856
f 853 857 858
f 858 854 853
f 857 853 859
f 860 861 301
f 862 863 864
f 860 862 861
f 862 860 863
f 865 301 861
f 866 867 868
f 868 863 866
f 863 860 866
f 864 863 868
f 301 869 860
f 301 870 869
f 301 871 870
f 871 301 58
f 870 871 872
f 872 871 873
f 874 875 876
f 875 874 872
f 869 870 872
f 872 877 878
f 878 860 869
f 872 878 869
f 874 877 872
f 872 879 875
f 872 873 879
f 880 881 879
f 881 875 879
f 881 880 882
f 881 876 875
f 873 883 880
f 879 873 880
f 873 871 883
f 871 58 386
f 386 884 871
f 386 885 884
f 386 851 885
f 80 886 887
f 80 888 886
f 80 889 888
f 80 890 889
f 890 80 389
f 389 891 890
f 891 892 890
f 891 893 892
f 891 858 893
f 894 88 895
f 894 896 78
f 78 88 894
f 896 894 897
f 898 78 896
f 881 882 899
f 882 900 899
f 901 900 74
f 900 901 899
f 901 876 881
f 899 901 881
f 902 901 74
f 74 78 902
f 902 876 901
f 74 903 77
f 903 74 900
f 80 904 81
f 80 887 904
f 904 905 83
f 83 81 904
f 71 906 93
f 906 71 907
f 71 908 907
f 71 833 909
f 908 71 909
f 910 911 912
f 913 914 108
f 108 109 913
f 110 914 915
f 110 108 914
f 916 110 915
f 917 918 112
f 112 93 917
f 918 917 919
f 918 919 920
f 918 920 921
f 917 93 906
f 922 106 923
f 922 923 924
f 925 107 926
f 926 107 922
f 107 106 922
f 107 927 99
f 927 107 925
f 927 928 111
f 111 99 927
f 929 94 930
f 111 930 94
f 930 111 931
f 111 928 931
f 923 106 932
f 932 106 933
f 854 934 935
f 854 936 937
f 854 937 934
f 938 854 939
f 854 935 939
f 855 854 938
f 940 941 942
f 940 943 941
f 944 945 946
f 941 943 946
f 946 945 941
f 945 942 941
f 947 911 948
f 948 911 949
f 950 951 942
f 952 947 948
f 953 954 952
f 948 953 952
f 950 955 948
f 956 950 948
f 950 956 951
f 955 953 948
f 948 949 956
f 911 957 958
f 957 911 959
f 911 910 959
f 911 958 960
f 960 949 911
f 960 942 951
f 960 951 956
f 960 956 949
f 891 961 936
f 891 962 961
f 891 963 962
f 936 854 891
f 964 965 113
f 113 115 964
f 964 954 965
f 77 964 115
f 964 77 966
f 967 954 953
f 968 967 969
f 953 969 967
f 969 953 955
f 970 968 969
f 969 971 970
f 971 972 970
f 973 950 942
f 950 973 969
f 969 955 950
f 969 973 971
f 974 113 975
f 113 965 975
f 968 970 974
f 975 968 974
f 970 976 974
f 970 972 976
f 967 965 954
f 965 967 975
f 975 967 968
f 977 966 77
f 966 977 978
f 966 978 979
f 963 891 389
f 963 389 123
f 980 981 982
f 123 981 980
f 123 980 983
f 123 983 963
f 974 984 113
f 984 974 985
f 976 986 985
f 976 972 986
f 985 974 976
f 986 972 987
f 988 113 984
f 989 990 960
f 990 989 991
f 960 940 942
f 940 960 990
f 940 990 992
f 958 993 994
f 958 995 993
f 958 996 995
f 958 997 996
f 997 958 998
f 997 998 999
f 957 998 958
f 998 957 1000
f 958 994 960
f 156 1001 1002
f 156 155 1001
f 1003 156 1002
f 1003 1004 157
f 157 156 1003
f 918 1005 160
f 160 112 918
f 160 1005 1006
f 1007 1008 1009
f 1008 160 1009
f 160 1006 1009
f 1006 1005 1010
f 160 1011 158
f 1011 160 1008
f 1012 159 1013
f 1012 1014 161
f 161 159 1012
f 1014 1012 1015
f 1016 1017 153
f 153 150 1016
f 161 1016 150
f 1016 161 1014
f 1018 153 1019
f 1019 153 1017
f 1020 1021 1022
f 1021 1023 1022
f 1020 1024 1025
f 1025 1021 1020
f 1024 1020 1026
f 960 1027 1028
f 960 994 1029
f 960 1029 1027
f 989 960 1028
f 1030 1031 1032
f 1032 1029 1030
f 1029 994 1030
f 1027 1029 1032
f 1033 994 993
f 1033 993 995
f 1034 1033 995
f 1035 1036 1037
f 1035 1037 1038
f 1039 1035 1038
f 1038 1034 1039
f 995 1039 1034
f 1039 995 996
f 996 997 1040
f 173 1041 144
f 1041 173 1042
f 1041 1042 1036
f 1041 1043 170
f 170 144 1041
f 1044 1042 1045
f 1042 1044 1036
f 1046 1047 1048
f 173 1049 1048
f 173 1048 1045
f 1042 173 1045
f 1047 1044 1048
f 1045 1048 1044
f 1050 1051 1052
f 1053 1050 1052
f 1047 1053 1052
f 1053 1047 1046
f 1051 994 1033
f 1052 1051 1033
f 1038 1037 1052
f 1034 1038 1052
f 1037 1036 1052
f 1052 1036 1044
f 1033 1034 1052
f 1052 1044 1047
f 1054 1055 1056
f 1055 170 1056
f 170 1043 1056
f 1057 1058 1059
f 1058 1060 1059
f 1058 1061 1060
f 1058 1025 1061
f 1057 1059 1062
f 1057 1063 1064
f 1057 1065 1063
f 1057 1062 1065
f 1066 1067 173
f 173 145 1066
f 1066 145 1068
f 145 1069 1068
f 1049 173 1067
f 1070 174 1071
f 180 1072 1071
f 180 1071 174
f 1070 1073 181
f 181 174 1070
f 1074 215 1075
f 217 1074 1076
f 217 215 1074
f 1077 217 1076
f 1078 276 1079
f 1077 1079 276
f 276 217 1077
f 1079 1077 1080
f 211 1081 212
f 1081 211 1082
f 211 1083 1082
f 1084 1085 211
f 211 214 1084
f 211 1085 1086
f 1083 211 1086
f 1087 215 1088
f 215 158 1089
f 1075 215 1087
f 215 1089 1088
f 205 1090 199
f 1090 205 1091
f 1090 1092 216
f 216 199 1090
f 1013 159 1093
f 1013 1093 1094
f 216 1093 159
f 1093 216 1095
f 216 1092 1095
f 1096 1091 205
f 1091 1096 1097
f 1098 212 1099
f 1099 212 1081
f 1021 1100 1101
f 1021 1102 1100
f 1103 1021 1101
f 1023 1021 1103
f 1104 1105 1106
f 1107 1106 1105
f 1108 1109 1110
f 1108 1110 1104
f 1106 1108 1104
f 1111 1112 1113
f 1113 1114 1115
f 1113 1116 1114
f 1113 1117 1116
f 1117 1113 1118
f 1113 1112 1118
f 1119 1120 1121
f 1119 1121 1104
f 1121 1105 1104
f 1122 1110 1109
f 1120 1115 1114
f 1121 1120 1114
f 1114 1116 1121
f 1116 1117 1121
f 1122 1104 1110
f 1104 1122 1119
f 1123 1124 1125
f 1124 1126 1125
f 1127 1128 1109
f 1129 1123 1125
f 1130 1131 1129
f 1125 1130 1129
f 1127 1132 1128
f 1132 1127 1125
f 1125 1127 1130
f 1125 1133 1132
f 1125 1126 1133
f 1124 1134 1113
f 1124 1135 1134
f 1135 1124 1136
f 1124 1137 1138
f 1124 1138 1136
f 1137 1124 1139
f 1113 1140 1124
f 1113 1115 1141
f 1113 1142 1140
f 1113 1141 1142
f 1122 1109 1143
f 1143 1109 1128
f 1119 1122 1143
f 1120 1119 1143
f 1143 1141 1120
f 1141 1115 1120
f 1140 1126 1124
f 1133 1140 1142
f 1140 1133 1126
f 1132 1142 1143
f 1142 1141 1143
f 1142 1132 1133
f 1143 1128 1132
f 1058 1144 1102
f 1058 1145 1146
f 1058 1146 1144
f 1021 1058 1102
f 1106 1107 1147
f 1148 1109 1108
f 1148 1108 1106
f 1147 1148 1106
f 1149 1148 1147
f 1150 1151 223
f 223 220 1150
f 1150 1131 1151
f 170 1150 220
f 1150 170 1152
f 1127 1153 1154
f 1153 1127 1109
f 1151 1131 1130
f 1154 1151 1130
f 1153 223 1154
f 223 1151 1154
f 1154 1130 1127
f 170 1055 1155
f 1152 170 1155
f 1145 388 230
f 1057 388 1145
f 230 1156 1157
f 230 1157 1158
f 230 1158 1159
f 230 1159 1145
f 1145 1058 1057
f 1160 218 1161
f 218 1162 1161
f 1163 1162 218
f 218 223 1163
f 1162 1163 1164
f 1163 223 1165
f 1166 1167 224
f 224 226 1166
f 1156 230 1168
f 1168 1167 1169
f 230 224 1168
f 224 1167 1168
f 1170 1171 1172
f 1170 1173 1174
f 1170 1174 1171
f 1175 1176 1170
f 1176 1111 1113
f 1176 1173 1170
f 1111 1176 1177
f 1177 1176 1175
f 1178 1179 1134
f 1134 1180 1178
f 1180 1134 1181
f 1180 1181 1182
f 1134 1179 1183
f 1134 1184 1185
f 1134 1183 1184
f 1181 1134 1135
f 1181 1135 1186
f 1185 1176 1113
f 1113 1134 1185
f 1187 279 1188
f 1188 279 1189
f 1190 218 1160
f 1190 1160 1191
f 1190 1191 1192
f 270 1193 1194
f 270 268 1193
f 1195 1196 1194
f 1196 270 1194
f 1197 1084 214
f 214 270 1197
f 1084 1197 1198
f 1199 1198 1200
f 1198 1197 1200
f 1200 1197 1201
f 1197 270 1196
f 971 987 972
f 987 971 1202
f 971 973 944
f 1202 971 944
f 973 945 944
f 973 942 945
f 271 830 66
f 830 271 1203
f 830 1203 1204
f 1205 271 1206
f 271 843 1206
f 271 65 843
f 1205 1203 271
f 1207 1208 274
f 274 1078 1209
f 274 276 1078
f 1209 1078 1210
f 1207 274 1209
f 1208 1211 272
f 272 274 1208
f 1211 1208 1212
f 1213 273 1214
f 1213 1214 1215
f 1213 1216 275
f 275 273 1213
f 1216 1213 1217
f 1218 1219 269
f 269 264 1218
f 275 1218 264
f 1218 275 1216
f 1220 269 1219
f 1220 1219 1221
f 1219 1222 1221
f 1223 268 1224
f 1193 268 1223
f 281 1225 278
f 1225 281 1226
f 1226 281 1227
f 281 1228 1227
f 1229 278 1225
f 1228 281 1230
f 1228 1230 1231
f 1178 1180 1232
f 278 1233 279
f 1233 278 1234
f 1234 278 1229
f 1235 1234 1236
f 1234 1229 1236
f 1237 1235 1236
f 1238 1239 1240
f 1241 1242 1238
f 1243 1241 1238
f 1243 1238 1240
f 284 1241 1243
f 1244 284 1245
f 284 1243 1245
f 1246 1241 284
f 284 1247 252
f 1247 284 1244
f 1247 1248 255
f 255 252 1247
f 1249 255 1248
f 1249 1248 1250
f 1249 1250 1251
f 279 1252 282
f 279 1253 1252
f 279 1254 1253
f 279 1187 1255
f 279 1255 1254
f 279 1233 1256
f 1257 279 1256
f 1257 1189 279
f 1257 1258 1259
f 1257 1259 1189
f 218 1246 284
f 1246 218 1190
f 286 1252 1260
f 286 282 1252
f 1261 286 1260
f 1261 1262 226
f 226 286 1261
f 301 829 54
f 829 301 1263
f 301 865 1263
f 106 916 1264
f 106 110 916
f 933 106 1264
f 1265 255 1266
f 255 1249 1266
f 1096 205 1267
f 205 1098 1267
f 205 212 1098
f 315 1268 311
f 1268 315 1269
f 1269 315 1270
f 316 1270 315
f 316 1271 1270
f 1272 306 1273
f 306 310 1273
f 1273 310 1274
f 1274 310 1275
f 1275 310 1276
f 310 1277 1276
f 310 311 1277
f 1278 1279 323
f 323 328 1278
f 1279 1278 1280
f 327 1279 1281
f 327 323 1279
f 1282 1283 1281
f 1283 327 1281
f 1284 324 1272
f 324 306 1272
f 1214 273 1285
f 324 1285 273
f 1285 324 1284
f 1285 1284 1286
f 364 362 1287
f 362 1288 1289
f 362 1289 1287
f 364 1290 1271
f 364 1291 1290
f 364 1287 1291
f 1230 281 1292
f 1293 1292 281
f 1292 1293 1294
f 1294 1295 1296
f 1292 1294 1297
f 1294 1296 1297
f 1298 1299 1300
f 1298 1300 1301
f 1301 1300 1302
f 1303 1301 1302
f 1299 1304 1305
f 1300 1299 1305
f 1306 1307 1308
f 1306 1308 1309
f 1310 1306 1309
f 1311 1310 1312
f 1309 1312 1310
f 1312 1309 1313
f 1312 1314 1311
f 1314 1315 1311
f 1316 1312 1313
f 1313 369 1316
f 1316 1314 1312
f 1313 370 368
f 370 1313 1317
f 370 1317 1318
f 370 1318 1319
f 1313 368 369
f 282 1320 1321
f 282 1322 1323
f 282 1323 1324
f 282 1324 1320
f 283 282 1321
f 1321 280 283
f 280 1325 1293
f 280 1326 1325
f 280 1321 1326
f 168 1327 169
f 1327 168 1328
f 168 1329 1330
f 1328 168 1331
f 168 1330 1331
f 1332 169 1327
f 1329 168 1333
f 329 1334 168
f 1334 329 1335
f 1335 329 1336
f 1337 1336 1307
f 1336 1337 1335
f 1337 1334 1335
f 1265 1336 329
f 329 255 1265
f 1338 1339 330
f 330 331 1338
f 332 1339 1322
f 332 330 1339
f 1340 353 1341
f 353 1342 1341
f 1343 1344 1345
f 1344 1343 1341
f 1346 1340 1341
f 1343 1347 1346
f 1341 1343 1346
f 1341 1342 1344
f 1348 356 1340
f 356 353 1340
f 1340 1346 1348
f 1346 1349 1348
f 1346 1347 1349
f 1350 1342 353
f 353 357 1350
f 1342 1350 1351
f 1352 359 1353
f 359 358 1353
f 1353 1354 1352
f 1354 1355 1352
f 1354 1347 1355
f 1353 358 1356
f 358 356 1356
f 356 1348 1356
f 1348 1349 1353
f 1356 1348 1353
f 1349 1354 1353
f 1349 1347 1354
f 1357 1358 365
f 365 367 1357
f 1298 1359 365
f 365 1299 1298
f 1359 1316 369
f 369 365 1359
f 1299 1358 1360
f 1299 365 1358
f 1304 1299 1360
f 1361 1343 1345
f 1345 1362 1361
f 1362 1345 1363
f 1361 1347 1343
f 1362 1363 1364
f 1365 1366 1362
f 1366 1361 1362
f 1362 1364 1365
f 1364 1367 1365
f 1366 1347 1361
f 1368 1369 1370
f 1352 1371 359
f 1371 1352 1372
f 1368 1370 1372
f 1373 1368 1372
f 1370 1371 1372
f 1355 1347 1373
f 1355 1373 1372
f 1372 1352 1355
f 1368 1373 1374
f 1375 1368 1374
f 1368 1375 1369
f 1373 1347 1366
f 1374 1373 1366
f 1366 1365 1374
f 1365 1367 1374
f 1374 1367 1375
f 1357 367 1376
f 367 1377 1376
f 371 1377 367
f 1377 371 1378
f 1378 1379 1377
f 1379 1378 1380
f 1379 1380 1369
f 1378 371 1371
f 371 359 1371
f 1371 1370 1378
f 1370 1380 1378
f 1370 1369 1380
f 1381 1001 155
f 1018 1381 155
f 155 153 1018
f 1381 1018 1382
f 1224 268 1383
f 1383 268 1384
f 268 1385 1384
f 1220 1385 268
f 268 269 1220
f 383 1332 1386
f 1387 383 1386
f 383 169 1332
f 1388 331 1389
f 331 383 1389
f 1338 331 1388
f 1389 383 1387
f 1390 1391 1337
f 1392 1390 1337
f 1390 1392 1393
f 1391 1334 1337
f 1391 168 1334
f 1337 1307 1392
f 1333 168 1391
f 1333 1391 1394
f 1391 1390 1394
f 1392 1306 1395
f 1306 1392 1307
f 1395 1311 1315
f 1306 1310 1395
f 1310 1311 1395
f 1395 1393 1392
f 384 895 88
f 895 384 1396
f 384 1397 1396
f 905 1398 384
f 384 83 905
f 1398 905 1399
f 1398 1397 384
f 913 109 1400
f 109 1401 1400
f 157 1401 109
f 1401 157 1402
f 157 1403 1402
f 1004 1403 157
f 162 851 57
f 57 851 386
f 1064 1404 388
f 388 1057 1064
f 1404 1072 180
f 180 388 1404
f 1350 357 1405
f 327 1406 325
f 1406 327 1407
f 1406 1407 1408
f 1406 1405 357
f 357 325 1406
f 1283 1407 327
f 345 364 1271
f 345 1271 316
f 332 1322 282
f 1278 328 1409
f 1211 1410 272
f 1410 1211 1411
f 328 1410 1412
f 328 272 1410
f 1409 328 1412
f 1409 1412 1413
f 181 1073 1414
f 1415 181 1414
f 1416 1417 123
f 123 119 1416
f 1417 1416 1418
f 181 1416 119
f 1416 181 1419
f 181 1415 1419
f 1420 1417 1421
f 981 123 1420
f 123 1417 1420
f 988 1069 145
f 145 113 988
f 1069 988 1422
f 1422 988 1423
f 1153 1165 223
f 1165 1153 1424
f 1153 1109 1148
f 1424 1153 1148
f 1148 1149 1424
f 1050 1053 1425
f 1425 1030 1050
f 1030 1051 1050
f 1031 1030 1425
f 1030 994 1051
f 1426 1427 877
f 878 877 1427
f 867 878 1427
f 878 867 866
f 874 876 1428
f 874 1428 1426
f 877 874 1426
f 878 866 860
f 1426 1428 1429
f 1430 1426 1429
f 1428 1431 1429
f 1428 876 1431
f 1427 1426 1430
f 1431 902 1432
f 902 1431 876
f 902 78 1432
f 78 898 1432
f 1429 1431 1432
f 1089 158 1011
f 1433 226 1434
f 1166 226 1433
f 226 1262 1434
f 1166 1433 1435
f 1058 1021 1025
f 837 45 820
f 370 1288 362
f 1288 370 1319
f 977 77 1436
f 77 903 1436
f 858 891 854
f 281 280 1293
f 1277 311 1268
f 94 845 72
f 845 94 929
f 845 929 1437
f 805 802 443
f 443 442 805
f 443 801 440
f 801 443 802
f 829 449 828
f 1263 449 829
f 449 450 828
f 828 450 825
f 450 827 825
f 450 438 827
f 451 886 452
f 886 451 887
f 887 451 904
f 432 904 451
f 432 905 904
f 432 1399 905
f 888 452 886
f 889 452 888
f 1396 432 436
f 432 1398 1399
f 432 1396 1397
f 432 1397 1398
f 436 895 1396
f 436 897 894
f 436 894 895
f 461 859 462
f 859 461 857
f 462 859 853
f 462 853 856
f 892 893 455
f 455 452 892
f 452 889 890
f 452 890 892
f 455 857 461
f 857 455 858
f 858 455 893
f 836 835 463
f 463 464 836
f 835 838 465
f 465 463 835
f 448 447 1432
f 447 1429 1432
f 447 1430 1429
f 1432 445 448
f 445 896 897
f 445 898 896
f 445 1432 898
f 862 864 868
f 868 865 861
f 868 449 865
f 868 861 862
f 868 447 449
f 447 1427 1430
f 447 868 867
f 447 867 1427
f 1438 846 844
f 1438 844 845
f 1438 845 1437
f 841 846 1438
f 846 841 839
f 846 839 842
f 883 470 880
f 470 468 880
f 880 468 882
f 468 900 882
f 468 978 977
f 468 469 978
f 468 977 1436
f 468 1436 903
f 468 903 900
f 470 883 871
f 470 871 884
f 470 885 479
f 885 470 884
f 479 885 851
f 479 851 850
f 483 1205 1206
f 483 1204 1203
f 483 1203 1205
f 1439 483 1206
f 1439 840 841
f 1439 843 840
f 1439 1206 843
f 483 830 1204
f 483 831 830
f 483 480 831
f 831 480 832
f 480 849 832
f 480 484 849
f 504 907 502
f 504 906 907
f 504 919 917
f 504 917 906
f 464 907 908
f 464 502 907
f 464 908 909
f 920 919 504
f 1438 1437 929
f 1438 929 930
f 1438 930 931
f 464 909 833
f 464 833 834
f 464 834 836
f 487 982 981
f 487 489 982
f 487 981 1420
f 1420 1421 490
f 490 487 1420
f 982 489 980
f 980 489 983
f 501 937 495
f 937 501 934
f 961 496 936
f 496 937 936
f 496 495 937
f 496 962 489
f 962 496 961
f 489 962 963
f 489 963 983
f 781 934 501
f 934 781 935
f 939 935 781
f 1422 1423 985
f 985 1440 1422
f 985 1423 988
f 985 988 984
f 985 1441 1440
f 1441 987 1202
f 1441 985 986
f 1441 986 987
f 946 1442 1441
f 946 992 1442
f 946 943 940
f 946 940 992
f 1441 944 946
f 1441 1202 944
f 1438 925 926
f 1438 927 925
f 1438 928 927
f 928 1438 931
f 921 920 504
f 508 964 966
f 508 966 979
f 508 952 954
f 508 954 964
f 1439 922 924
f 1439 926 922
f 1439 1438 926
f 979 978 469
f 469 508 979
f 947 952 508
f 508 509 947
f 507 1000 957
f 507 957 959
f 509 959 910
f 509 507 959
f 509 910 912
f 947 509 911
f 911 509 912
f 524 924 923
f 524 923 932
f 524 932 933
f 524 933 1264
f 924 483 1439
f 524 483 924
f 1400 1401 525
f 525 522 1400
f 913 522 914
f 1400 522 913
f 522 524 914
f 524 915 914
f 1442 1032 1441
f 1442 1028 1032
f 1442 991 989
f 1442 989 1028
f 1442 992 990
f 1442 990 991
f 504 918 921
f 504 1010 1005
f 504 1005 918
f 524 1264 916
f 524 916 915
f 538 1419 1415
f 538 485 1419
f 538 1415 1414
f 538 1414 1073
f 538 1070 1071
f 538 1073 1070
f 538 1063 540
f 538 1064 1063
f 538 1071 1072
f 538 1072 1404
f 538 1404 1064
f 1065 540 1063
f 1062 540 1065
f 549 1026 550
f 1026 549 1024
f 550 1026 1020
f 550 1020 1022
f 1061 543 1060
f 543 540 1060
f 540 1062 1059
f 540 1059 1060
f 543 1024 549
f 543 1025 1024
f 543 1061 1025
f 551 1006 503
f 1006 551 1009
f 1007 1009 551
f 551 552 1007
f 1440 1068 1069
f 1440 1048 1068
f 1440 1069 1422
f 1068 1048 1049
f 1049 1067 1066
f 1049 1066 1068
f 1440 1441 1048
f 1441 1046 1048
f 1441 1053 1046
f 1441 1425 1053
f 1441 1031 1425
f 1441 1032 1031
f 1027 1032 1028
f 1014 1015 1443
f 1443 1016 1014
f 1443 1017 1016
f 1443 1019 1017
f 1443 1015 1012
f 1443 1012 1013
f 1443 1013 1094
f 442 819 804
f 442 804 805
f 821 819 442
f 442 465 821
f 556 1270 1271
f 556 1271 1290
f 556 555 1270
f 1290 1291 556
f 556 1289 558
f 556 1287 1289
f 556 1291 1287
f 1444 1018 1019
f 1444 1382 1018
f 1019 1443 1444
f 1035 559 1036
f 559 1041 1036
f 1039 560 1035
f 560 559 1035
f 559 1056 1043
f 559 562 1056
f 559 1043 1041
f 560 1039 996
f 560 996 1040
f 507 999 998
f 507 998 1000
f 560 999 507
f 560 1040 997
f 560 997 999
f 1444 786 1382
f 1382 786 582
f 582 1002 1001
f 582 1001 1381
f 582 1381 1382
f 582 577 1003
f 1002 582 1003
f 577 1004 1003
f 577 1402 1403
f 577 1403 1004
f 1401 1402 577
f 577 525 1401
f 646 1164 1424
f 646 1161 1162
f 646 1162 1164
f 1165 1164 1163
f 1424 1164 1165
f 646 1191 1160
f 646 1160 1161
f 591 1157 1156
f 591 590 1157
f 591 1156 1168
f 1168 1169 594
f 594 591 1168
f 1157 590 1158
f 1158 590 1159
f 595 1146 590
f 1146 595 1144
f 590 1146 1145
f 590 1145 1159
f 1144 595 1102
f 595 1100 1102
f 595 607 1100
f 1100 607 1101
f 608 1076 1074
f 608 1074 1075
f 608 1075 1087
f 1087 1088 552
f 552 608 1087
f 608 1080 1077
f 608 609 1080
f 608 1077 1076
f 647 646 1424
f 647 1149 1147
f 647 1424 1149
f 1121 1177 648
f 1121 1111 1177
f 1121 1118 1112
f 1121 1112 1111
f 1121 648 647
f 1117 1118 1121
f 647 1105 1121
f 647 1147 1107
f 647 1107 1105
f 1443 1091 1097
f 1443 1092 1090
f 1443 1090 1091
f 1092 1443 1095
f 1443 1094 1093
f 1443 1093 1095
f 1155 562 1152
f 562 612 1150
f 562 1150 1152
f 612 1129 1131
f 612 1131 1150
f 562 1155 1055
f 562 1055 1054
f 1444 1096 1267
f 1444 1097 1096
f 1444 1443 1097
f 1123 1129 612
f 612 616 1123
f 1136 1138 613
f 616 1138 1137
f 616 613 1138
f 616 1137 1139
f 1123 616 1124
f 1124 616 1139
f 786 1081 1082
f 786 1099 1081
f 786 1267 1098
f 786 1098 1099
f 1267 786 1444
f 630 1198 631
f 630 1084 1198
f 630 1086 1085
f 630 1085 1084
f 1086 630 1083
f 632 1083 630
f 632 1082 1083
f 1192 1191 646
f 646 645 1192
f 648 1172 649
f 648 1175 1170
f 648 1170 1172
f 1175 648 1177
f 652 1182 1181
f 652 1181 1186
f 652 1136 613
f 652 1186 1135
f 652 1135 1136
f 1199 631 1198
f 1200 631 1199
f 1383 1384 656
f 656 655 1383
f 655 1194 1193
f 655 1193 1223
f 655 1223 1224
f 655 1224 1383
f 655 654 1196
f 1196 654 1197
f 1195 655 1196
f 654 631 1201
f 654 1201 1197
f 1195 1194 655
f 1201 631 1200
f 1433 1434 659
f 659 592 1433
f 659 1434 1262
f 659 1261 1260
f 659 1262 1261
f 659 1253 661
f 659 1260 1252
f 659 1252 1253
f 1257 1256 1258
f 1256 1445 1258
f 1254 661 1253
f 1255 661 1254
f 1259 1258 1445
f 1235 1237 670
f 670 1256 1233
f 670 1445 1256
f 670 1233 1234
f 670 1234 1235
f 670 1259 1445
f 1259 670 1189
f 661 1255 1187
f 670 661 1188
f 661 1187 1188
f 1189 670 1188
f 671 1226 794
f 1226 671 1225
f 671 670 1236
f 671 1236 1229
f 671 1229 1225
f 1227 794 1226
f 1237 1236 670
f 674 1411 1211
f 674 673 1411
f 674 1211 1212
f 674 1207 1209
f 674 1212 1208
f 674 1208 1207
f 1209 1210 609
f 609 674 1209
f 1243 1240 645
f 645 676 1243
f 1240 1239 645
f 1192 645 1242
f 1192 1242 1190
f 1190 1242 1241
f 1190 1241 1246
f 1239 1238 645
f 1242 645 1238
f 1171 649 1172
f 1171 1174 675
f 675 649 1171
f 1222 1217 1446
f 1217 1222 1219
f 1217 1219 1218
f 1217 1218 1216
f 1446 1217 1213
f 1446 1213 1215
f 1245 676 1244
f 676 651 1244
f 1244 651 1247
f 651 1250 1248
f 651 1248 1247
f 1243 676 1245
f 1183 678 1184
f 675 1184 678
f 675 1174 1173
f 675 1173 1176
f 675 1176 1185
f 675 1185 1184
f 656 1384 1385
f 656 1220 1221
f 656 1385 1220
f 656 1222 1446
f 1222 656 1221
f 1251 1250 651
f 651 680 1251
f 1232 681 1178
f 1178 681 1179
f 1179 678 1183
f 681 678 1179
f 652 1232 1180
f 652 681 1232
f 652 1180 1182
f 1263 865 449
f 673 1412 1410
f 673 1410 1411
f 1413 1412 673
f 673 700 1413
f 1446 1215 1214
f 1446 1214 1285
f 1446 1285 1286
f 1286 1273 1274
f 1274 1446 1286
f 1286 1272 1273
f 1286 1284 1272
f 1274 656 1446
f 653 1270 555
f 653 1269 1270
f 656 1269 653
f 702 1338 1388
f 702 1339 1338
f 702 701 1339
f 1339 701 1322
f 1322 701 1323
f 701 705 1323
f 1325 1326 705
f 705 708 1325
f 1325 708 1293
f 708 1294 1293
f 708 722 1294
f 1323 705 1324
f 1324 705 1320
f 1386 753 791
f 790 753 1386
f 790 1386 1332
f 790 1327 1328
f 790 1332 1327
f 791 1387 1386
f 791 1389 1387
f 791 1388 1389
f 705 1326 1321
f 705 1321 1320
f 1294 722 1295
f 722 723 1295
f 793 1295 723
f 1295 793 1296
f 1297 1296 793
f 1282 1281 699
f 699 725 1282
f 700 1281 1279
f 700 699 1281
f 700 1279 1280
f 1394 1447 767
f 1447 1393 1395
f 1447 1394 1390
f 1447 1390 1393
f 1394 767 766
f 1394 766 789
f 789 1330 1329
f 789 1329 1333
f 789 1333 1394
f 1447 1360 767
f 1447 1305 1304
f 1447 1304 1360
f 1447 1314 1316
f 1447 1315 1314
f 1447 1298 1301
f 1447 1316 1359
f 1447 1359 1298
f 1447 1395 1315
f 1303 1447 1301
f 1303 1302 1447
f 1447 1302 1300
f 1447 1300 1305
f 1308 726 1309
f 726 728 1309
f 726 1308 1307
f 726 1307 1336
f 680 1266 1249
f 680 726 1266
f 680 1249 1251
f 726 1336 1265
f 726 1265 1266
f 1309 728 1313
f 1313 728 1317
f 558 1289 1288
f 558 1288 1319
f 558 1319 1318
f 1318 1317 728
f 728 558 1318
f 656 1268 1269
f 656 1277 1268
f 656 1276 1277
f 656 1275 1276
f 656 1274 1275
f 1344 1342 763
f 763 750 1344
f 1342 1351 725
f 725 763 1342
f 750 1363 1345
f 750 1345 1344
f 725 1351 1350
f 725 1350 1405
f 725 1405 1406
f 725 1406 1408
f 769 1360 1358
f 769 767 1360
f 769 1358 1357
f 769 1357 1376
f 1377 769 1376
f 1377 1379 769
f 769 1375 761
f 769 1369 1375
f 769 1379 1369
f 550 1101 607
f 550 1022 1023
f 550 1023 1103
f 550 1103 1101
f 827 438 816
f 438 812 816
f 440 801 803
f 440 803 813
f 812 438 814
f 438 440 814
f 440 813 814
f 781 856 855
f 781 462 856
f 781 855 938
f 781 938 939
f 609 1079 1080
f 609 1210 1078
f 609 1078 1079
f 490 1419 485
f 490 1418 1416
f 490 1416 1419
f 490 1421 1417
f 490 1417 1418
f 465 838 837
f 465 820 821
f 465 837 820
f 594 1433 592
f 1433 594 1435
f 594 1169 1167
f 594 1166 1435
f 594 1167 1166
f 786 1082 632
f 552 1008 1007
f 552 1011 1008
f 552 1088 1089
f 552 1089 1011
f 1328 1331 788
f 788 790 1328
f 1331 1330 789
f 789 788 1331
f 702 1388 791
f 700 1280 1278
f 700 1278 1409
f 700 1409 1413
f 1006 1010 504
f 504 503 1006
f 1363 750 1364
f 750 761 1364
f 761 1367 1364
f 761 1375 1367
f 849 484 847
f 479 852 478
f 852 479 850
f 1054 1056 562
f 897 436 445
f 725 1283 1282
f 725 1408 1407
f 725 1407 1283
f 1438 1439 841
f 698 1227 1228
f 698 794 1227
f 698 1228 1231
f 793 1231 1230
f 793 698 1231
f 793 1230 1292
f 793 1292 1297
f 478 847 484
f 847 478 848
f 478 852 848
